   This run of MOLCAS is using the pymolcas driver

                             OPE
                             OPE          NMOL  CASOP  ENMOLC A   SO
                 OPE        NMOLC        AS  OP EN  MO LC     AS  OP
                OPENM       OL CA        SO  PE NM  OL CA     SOP EN
                OP EN      MO   LC       AS  OP ENMOL  CASO   PENMOL
                OP  EN     MO   LC       AS  OP EN     MO     LC ASO
               OP   E  NMOL  C  AS       OP  EN MO     LC     AS  OP
               OP  E   NMO   LC AS        OPEN  MO     LCASOP EN   M
               O  PEN   MO  LCA  SO
            OPE   NMO   L   CAS    OP
        OPENMOL  CASOP     ENMOL   CASOPE
     OPENMOLCA   SOPENMOLCASOPEN   MOLCASOPE
    OPENMOLCAS   OP           EN   MOL    CAS
    OPENMOLCAS       OP  ENM        O     LCA
    OPENMOLCAS    OPEN  MOLCASO     P  E  NMO
    OPENMOLCAS     OP               E  N  MOL
    OPENMOLCA   SO           PENM   O  L  CAS    OPEN    MO    LCAS
    OPENMOLCA   SOP           ENM   O  L  CAS   OP  EN  MOLC  AS   O
    OPENMOLCA   SOPE           NM      O  LCA   S      OP  EN MO
    OPENMOLC                AS         O  PEN   M      OL  CA  SOPE
    OPENMO        LCASOPE  NMOL        C  ASO   P      ENMOLC     AS
    OPE     NMO      LCA  SO     P     E   NM   OL  CA SO  PE N   MO
          OPENMOLCA            SOPE   NMO        LCAS  O    P  ENMO
     OPENMOLCASOPENMOLCASOPENMOLCASOPENMOLCA
        OPENMOLCASOPENMOLCASOPENMOLCASOPE
            OPENMOLCASOPENMOLCASOPENM
               OPENMOLCASOPENMOLCA        version: v24.02
                   OPENMOLCASO
                       OPE                tag:

 OpenMolcas is free software; you can redistribute it and/or modify it
 under the terms of the GNU Lesser General Public License version 2.1.
 OpenMolcas is distributed in the hope that it will be useful, but it
 is provided "as is" and without any express or implied warranties.
 For more details see the full text of the license in the file
 LICENSE or in <http://www.gnu.org/licenses/>.

                 Copyright (C) The OpenMolcas Authors
           For the author list and the recommended citation,
                   consult the file CONTRIBUTORS.md

           *************************************************
           * pymolcas version py2.28                       *
           *   build c4a6d18ded8cb6cad61d2372a9abd97c      *
           *   (after the EMIL interpreter by V. Veryazov) *
           *************************************************

configuration info
------------------
Host name: login02 (Linux)
C Compiler ID: GNU
C flags: -std=gnu99
Fortran Compiler ID: GNU
Fortran flags: -fno-aggressive-loop-optimizations -cpp -fdefault-integer-8 -fmax-stack-var-size=1048576
Definitions: _MOLCAS_;_I8_;_LINUX_;_MOLCAS_MPP_;_SCALAPACK_;_GA_
Parallel: ON (GA=ON)


   -------------------------------------------------------------------------------------------------------------------------------
  |
  |                 Project: caspt2_T
  |          Submitted from: <scratch-path-omitted>
  |            Scratch area: <scratch-path-omitted>
  |         Save outputs to: <scratch-path-omitted>
  |                  Molcas: /opt/bwhpc/common/chem/openmolcas/24.02_gnu-system_openmpi-4.1_mkl-2023.1.0
  |
  | Scratch area is empty
  |
  |             MOLCAS_BIN = /opt/bwhpc/common/chem/openmolcas/24.02_gnu-system_openmpi-4.1_mkl-2023.1.0/bin
  |         MOLCAS_DOC_DIR = /opt/bwhpc/common/chem/openmolcas/24.02_gnu-system_openmpi-4.1_mkl-2023.1.0/doc
  |          MOLCAS_DRIVER = <OpenMolcas-executable-path-omitted>
  |         MOLCAS_EXA_DIR = /opt/bwhpc/common/chem/openmolcas/24.02_gnu-system_openmpi-4.1_mkl-2023.1.0/bwhpc-examples
  |            MOLCAS_HOME = /opt/bwhpc/common/chem/openmolcas/24.02_gnu-system_openmpi-4.1_mkl-2023.1.0
  | MOLCAS_JUSTUS2_EXA_DIR = /opt/bwhpc/common/chem/openmolcas/24.02_gnu-system_openmpi-4.1_mkl-2023.1.0/bwhpc-examples
  |          MOLCAS_NPROCS = 1
  |           MOLCAS_PRINT = 2
  |            MOLCAS_SBIN = /opt/bwhpc/common/chem/openmolcas/24.02_gnu-system_openmpi-4.1_mkl-2023.1.0/sbin
  |          MOLCAS_SOURCE = /opt/bwhpc/common/chem/openmolcas/24.02_gnu-system_openmpi-4.1_mkl-2023.1.0
  |       MOLCAS_STRUCTURE = 0
  |         MOLCAS_VERSION = 24.02
  |
   -------------------------------------------------------------------------------------------------------------------------------

++ ---------   Input file   ---------

&GATEWAY
 coord = opt_optimized.xyz
 basis = Def2-TZVP
 group = nosym
 amfi
 RICD

&SEWARD

&RASSCF
 fileorb = rasscf_T.RasOrb
 cionly
 charge = 0
 spin = 3
 nactel = 12 0 0
 inactive = 100
 ras2 = 12
 ciroot = 5 5 1
 thrs = 1.0d-7 1.0d-5 1.0d-5
 outorbital = canonical

&CASPT2
 multistate = 5 1 2 3 4 5
 imag = 0.2
 ipeashift = 0.25

-- ----------------------------------

--- Start Module: gateway at Sat Jun 27 23:43:53 2026 ---

()()()()()()()()()()()()()()()()()()()()()()()()()()()()()()()()()()()()()()()()()()()()()()()()()()

                                              &GATEWAY

                       only a single process is used, running in SERIAL mode
                       available to each process: 12 GB of memory, 1 thread?
                                            pid: 2555044
()()()()()()()()()()()()()()()()()()()()()()()()()()()()()()()()()()()()()()()()()()()()()()()()()()


++    Symmetry information:
      ---------------------

                    Character Table for C1 

                             E  
                    a        1  x, y, xy, Rz, z, xz, Ry, yz, Rx, I
--


++    Basis set information:
      ----------------------


      Basis set label: C.DEF2-TZVP.........

      Electronic valence basis set:
      ------------------
      Associated Effective Charge   6.000000 au
      Associated Actual Charge      6.000000 au
      Nuclear Model: Point charge

      Shell  nPrim  nBasis  Cartesian Spherical Contaminant
         s      11       5        X                  
         p       6       3        X                  
         d       2       2                 X         
         f       1       1                 X         


      Basis set label: H.DEF2-TZVP.........

      Electronic valence basis set:
      ------------------
      Associated Effective Charge   1.000000 au
      Associated Actual Charge      1.000000 au
      Nuclear Model: Point charge

      Shell  nPrim  nBasis  Cartesian Spherical Contaminant
         s       5       3        X                  
         p       1       1        X                  


      Basis set label: NI.DEF2-TZVP.........

      Electronic valence basis set:
      ------------------
      Associated Effective Charge  28.000000 au
      Associated Actual Charge     28.000000 au
      Nuclear Model: Point charge

      Shell  nPrim  nBasis  Cartesian Spherical Contaminant
         s      17       6        X                  
         p      11       4        X                  
         d       7       4                 X         
         f       1       1                 X         
--


++    Molecular structure info:
      -------------------------

                    ************************************************ 
                    **** Cartesian Coordinates / Bohr, Angstrom **** 
                    ************************************************ 

     Center  Label                x              y              z                     x              y              z
        1      C1               2.700873      -0.014140       0.053364              1.429240      -0.007483       0.028239
        2      C2               1.338269       2.346166       0.052986              0.708181       1.241537       0.028039
        3      C3              -1.358013       2.352197      -0.050975             -0.718630       1.244729      -0.026975
        4      C4              -2.700873       0.014140       0.053364             -1.429240       0.007483       0.028239
        5      C5              -1.338269      -2.346166       0.052987             -0.708182      -1.241537       0.028039
        6      C6               1.358013      -2.352197      -0.050975              0.718630      -1.244729      -0.026975
        7      C7               5.430022      -0.032061       0.005879              2.873444      -0.016966       0.003111
        8      C8               2.687271       4.718649       0.004773              1.422042       2.497001       0.002526
        9      C9              -2.703012       4.681857      -0.225865             -1.430373       2.477532      -0.119522
       10      C10             -5.430022       0.032061       0.005880             -2.873444       0.016966       0.003112
       11      C11             -2.687271      -4.718649       0.004773             -1.422043      -2.497001       0.002526
       12      C12              2.703013      -4.681856      -0.225865              1.430373      -2.477532      -0.119522
       13      C13              6.688107       2.329532       0.479888              3.539194       1.232735       0.253946
       14      C14              5.361458       4.627420       0.479616              2.837161       2.448725       0.253802
       15      C15              1.300790       6.993476      -0.166046              0.688348       3.700788      -0.087868
       16      C16             -1.309145       6.977593      -0.300660             -0.692770       3.692383      -0.159102
       17      C17             -5.388209       4.622601      -0.299453             -2.851317       2.446175      -0.158464
       18      C18             -6.706853       2.370347      -0.163978             -3.549114       1.254334      -0.086773
       19      C19             -6.688107      -2.329532       0.479889             -3.539194      -1.232735       0.253946
       20      C20             -5.361458      -4.627420       0.479617             -2.837162      -2.448725       0.253802
       21      C21             -1.300790      -6.993477      -0.166047             -0.688348      -3.700788      -0.087868
       22      C22              1.309146      -6.977593      -0.300660              0.692770      -3.692383      -0.159102
       23      C23              5.388209      -4.622601      -0.299453              2.851317      -2.446175      -0.158464
       24      C24              6.706853      -2.370347      -0.163978              3.549114      -1.254333      -0.086773
       25      H25              8.733391       2.331530       0.746766              4.621511       1.233793       0.395171
       26      H26              6.385836       6.397697       0.746357              3.379239       3.385516       0.394955
       27      H27              2.329212       8.782631      -0.158987              1.232566       4.647568      -0.084132
       28      H28             -2.345120       8.756381      -0.445095             -1.240984       4.633677      -0.235534
       29      H29             -6.410729       6.409185      -0.443523             -3.392412       3.391595      -0.234702
       30      H30             -8.770518       2.374354      -0.156216             -4.641158       1.256454      -0.082666
       31      H31             -8.733391      -2.331530       0.746766             -4.621512      -1.233793       0.395172
       32      H32             -6.385836      -6.397698       0.746357             -3.379239      -3.385516       0.394955
       33      H33             -2.329212      -8.782632      -0.158988             -1.232566      -4.647569      -0.084133
       34      H34              2.345121      -8.756381      -0.445095              1.240985      -4.633677      -0.235534
       35      H35              6.410729      -6.409185      -0.443522              3.392412      -3.391594      -0.234702
       36      H36              8.770518      -2.374354      -0.156216              4.641158      -1.256454      -0.082666
       37      NI37             3.989534       2.304908       3.526133              2.111171       1.219705       1.865949
       38      NI38            -3.989534      -2.304908       3.526134             -2.111171      -1.219705       1.865950

                    ************************************************* 
                    **** InterNuclear Distances / Bohr, Angstrom **** 
                    ************************************************* 

     Atom centers         Bohr        Angstrom
   25 H25      13 C13     2.062615        1.091489
   26 H26      14 C14   
   31 H31      19 C19   
   32 H32      20 C20   
   28 H28      16 C16     2.063537        1.091977
   29 H29      17 C17   
   34 H34      22 C22   
   35 H35      23 C23   
   27 H27      15 C15     2.063681        1.092053
   30 H30      18 C18   
   33 H33      21 C21   
   36 H36      24 C24   
   18 C18      17 C17     2.613394        1.382948
   24 C24      23 C23   
   16 C16      15 C15     2.613452        1.382979
   22 C22      21 C21   
   14 C14      13 C13     2.653354        1.404094
   20 C20      19 C19   
   15 C15       8 C8      2.669523        1.412650
   21 C21      11 C11   
   18 C18      10 C10     2.669593        1.412688
   24 C24       7 C7    
   16 C16       9 C9      2.686795        1.421790
   22 C22      12 C12   
   17 C17       9 C9      2.686858        1.421824
   23 C23      12 C12   
    9 C9        3 C3      2.695723        1.426515
   12 C12       6 C6    
    4 C4        3 C3      2.698271        1.427864
    6 C6        1 C1    
    3 C3        2 C2      2.698292        1.427875
    6 C6        5 C5    
   13 C13       7 C7      2.717459        1.438017
   19 C19      10 C10   
   14 C14       8 C8      2.717550        1.438065
   20 C20      11 C11   
    2 C2        1 C1      2.725387        1.442212
    5 C5        4 C4    
    7 C7        1 C1      2.729616        1.444451
    8 C8        2 C2    
   10 C10       4 C4    
   11 C11       5 C5    
   29 H29      18 C18     4.059316        2.148097
   35 H35      24 C24   
   28 H28      15 C15     4.059355        2.148118
   34 H34      21 C21   
   30 H30      17 C17     4.063883        2.150514
   36 H36      23 C23   
   27 H27      16 C16     4.063973        2.150562
   33 H33      22 C22   
   37 NI37     14 C14     4.069091        2.153270
   38 NI38     20 C20   
   37 NI37     13 C13     4.069706        2.153596
   38 NI38     19 C19   
   27 H27       8 C8      4.083011        2.160636
   33 H33      11 C11   
   30 H30      10 C10     4.083077        2.160671
   36 H36       7 C7    
   25 H25      14 C14     4.088073        2.163315
   26 H26      13 C13   
   31 H31      20 C20   
   32 H32      19 C19   
   28 H28       9 C9      4.096083        2.167554
   34 H34      12 C12   
   29 H29       9 C9      4.096120        2.167573
   35 H35      12 C12   
   25 H25       7 C7      4.128888        2.184914
   31 H31      10 C10   
   26 H26       8 C8      4.128987        2.184966
   32 H32      11 C11   
   37 NI37      2 C2      4.369629        2.312308
   38 NI38      5 C5    
   37 NI37      1 C1      4.370212        2.312617
   38 NI38      4 C4    
   37 NI37      8 C8      4.463408        2.361934
   38 NI38     11 C11   
   37 NI37      7 C7      4.464147        2.362325
   38 NI38     10 C10   
   16 C16       8 C8      4.600811        2.434644
   22 C22      11 C11   
   17 C17      10 C10     4.600873        2.434677
   23 C23       7 C7    
   15 C15       9 C9      4.623591        2.446699
   18 C18       9 C9    
   21 C21      12 C12   
   24 C24      12 C12   
   16 C16       3 C3      4.632381        2.451350
   17 C17       3 C3    
   22 C22       6 C6    
   23 C23       6 C6    
   14 C14       2 C2      4.644587        2.457809
   20 C20       5 C5    
   13 C13       1 C1      4.644649        2.457842
   19 C19       4 C4    
   15 C15       2 C2      4.652615        2.462058
   18 C18       4 C4    
   21 C21       5 C5    
   24 C24       1 C1    
    4 C4        2 C2      4.664012        2.468089
    5 C5        1 C1    
    9 C9        2 C2      4.676020        2.474443
   12 C12       5 C5    
    9 C9        4 C4      4.676061        2.474465
   12 C12       1 C1    
   30 H30      29 H29     4.683055        2.478166
   36 H36      35 H35   
   28 H28      27 H27     4.683154        2.478218
   34 H34      33 H33   
   14 C14       7 C7      4.684004        2.478668
   20 C20      10 C10   
   13 C13       8 C8      4.684048        2.478691
   19 C19      11 C11   
    7 C7        6 C6      4.686952        2.480228
    8 C8        3 C3    
   10 C10       3 C3    
   11 C11       6 C6    
   29 H29      28 H28     4.694518        2.484232
   35 H35      34 H34   
   26 H26      25 H25     4.695182        2.484583
   32 H32      31 H31   
    3 C3        1 C1      4.699467        2.486851
    6 C6        4 C4    
    5 C5        3 C3      4.699554        2.486897
    6 C6        2 C2    
   17 C17      16 C16     4.710068        2.492461
   23 C23      22 C22   
    7 C7        2 C2      4.732930        2.504559
   10 C10       5 C5    
    8 C8        1 C1      4.733058        2.504626
   11 C11       4 C4    
   19 C19      18 C18     4.743814        2.510318
   24 C24      13 C13   
   15 C15      14 C14     4.743852        2.510338
   21 C21      20 C20   
   31 H31      30 H30     4.791878        2.535753
   36 H36      25 H25   
   27 H27      26 H26     4.792051        2.535844
   33 H33      32 H32   
   28 H28      17 C17     5.135139        2.717399
   29 H29      16 C16   
   34 H34      23 C23   
   35 H35      22 C22   
   30 H30      19 C19     5.183397        2.742936
   36 H36      13 C13   
   27 H27      14 C14     5.183446        2.742961
   33 H33      20 C20   
   25 H25      24 C24     5.200380        2.751922
   31 H31      18 C18   
   26 H26      15 C15     5.200493        2.751982
   32 H32      21 C21   
   16 C16       2 C2      5.346399        2.829193
   22 C22       5 C5    
   17 C17       4 C4      5.346416        2.829202
   23 C23       1 C1    
   18 C18       3 C3      5.350065        2.831132
   24 C24       6 C6    
   15 C15       3 C3      5.350136        2.831170
   21 C21       6 C6    
   13 C13       2 C2      5.366870        2.840025
   19 C19       5 C5    
   14 C14       1 C1      5.366981        2.840084
   20 C20       4 C4    
    9 C9        8 C8      5.395341        2.855091
   12 C12      11 C11   
   10 C10       9 C9      5.395450        2.855149
   12 C12       7 C7    
    4 C4        1 C1      5.401820        2.858520
    5 C5        2 C2      5.402021        2.858626
    6 C6        3 C3      5.432137        2.874563
    8 C8        7 C7      5.485611        2.902860
   11 C11      10 C10   
   37 NI37     26 H26     5.497303        2.909047
   38 NI38     32 H32   
   37 NI37     25 H25     5.498160        2.909501
   38 NI38     31 H31   
--


            Nuclear Potential Energy           3152.76180619 au

--- Stop Module: gateway at Sat Jun 27 23:43:56 2026 /rc=_RC_ALL_IS_WELL_ ---
*** files: caspt2_T.RICDLib xmldump
    saved to directory <scratch-path-omitted>
--- Module gateway spent 2 seconds ---

--- Start Module: seward at Sat Jun 27 23:43:56 2026 ---

()()()()()()()()()()()()()()()()()()()()()()()()()()()()()()()()()()()()()()()()()()()()()()()()()()

                                              &SEWARD

                       only a single process is used, running in SERIAL mode
                       available to each process: 12 GB of memory, 1 thread?
                                            pid: 2555048
()()()()()()()()()()()()()()()()()()()()()()()()()()()()()()()()()()()()()()()()()()()()()()()()()()

               SEWARD will generate:
                  Multipole Moment integrals up to order  2
                  Kinetic Energy integrals
                  Nuclear Attraction integrals (point charge)
                  One-Electron Hamiltonian integrals
                  Velocity integrals
                  Orbital angular momentum around ( 0.0000 -0.0000  0.9761 )
                  Velocity quadrupole around ( 0.0000 -0.0000  0.9761 )
                  Atomic mean-field integrals
                  RI decomposed two-electron repulsion integrals stored Cholesky style
                   - acCD auxiliary basis
                   - CD Threshold:   0.10E-03

                   Integrals are discarded if absolute value <: 1.00E-14
                   Integral cutoff threshold is set to       <: 1.00E-16

            Nuclear Potential Energy           3152.76180619 au


      Basis set specifications :
      Symmetry species         a  
      Basis functions          906


      Input file to MOLDEN was generated!

Note: The following floating-point exceptions are signalling: IEEE_UNDERFLOW_FLAG IEEE_DENORMAL
--- Stop Module: seward at Sat Jun 27 23:53:48 2026 /rc=_RC_ALL_IS_WELL_ ---
*** files: caspt2_T.GssOrb caspt2_T.guessorb.h5 caspt2_T.guessorb.molden xmldump
    saved to directory <scratch-path-omitted>
--- Module seward spent 9 minutes 52 seconds ---

*** symbolic link created: INPORB -> caspt2_T.GssOrb
--- Start Module: rasscf at Sat Jun 27 23:53:49 2026 ---

()()()()()()()()()()()()()()()()()()()()()()()()()()()()()()()()()()()()()()()()()()()()()()()()()()

                                              &RASSCF

                       only a single process is used, running in SERIAL mode
                       available to each process: 12 GB of memory, 1 thread?
                                            pid: 2556195
()()()()()()()()()()()()()()()()()()()()()()()()()()()()()()()()()()()()()()()()()()()()()()()()()()

 ###############################################################################
 ###############################################################################
 ###                                                                         ###
 ###                                                                         ###
 ###    WARNING: CHARGE and NACTEL are only compatible if INACTIVE           ###
 ###    is not given and the symmetry group is C1. Hence the                 ###
 ###    CHARGE command will be ignored.                                      ###
 ###                                                                         ###
 ###                                                                         ###
 ###############################################################################
 ###############################################################################

      Header of the ONEINT file:
      --------------------------
      
      Integrals generated by Gateway/Seward, Sat Jun 27 23:43:56 2026


      OrdInt status: non-squared


      Cartesian coordinates in Angstrom:
      -----------------------------------------------------
      No.  Label        X            Y            Z        
      -----------------------------------------------------
       1   C1         1.42924031  -0.00748264   0.02823884
       2   C2         0.70818144   1.24153737   0.02803895
       3   C3        -0.71862965   1.24472889  -0.02697471
       4   C4        -1.42924039   0.00748259   0.02823911
       5   C5        -0.70818155  -1.24153741   0.02803927
       6   C6         0.71862970  -1.24472887  -0.02697464
       7   C7         2.87344400  -0.01696604   0.00311114
       8   C8         1.42204247   2.49700128   0.00252559
       9   C9        -1.43037261   2.47753183  -0.11952247
      10   C10       -2.87344406   0.01696604   0.00311162
      11   C11       -1.42204255  -2.49700134   0.00252593
      12   C12        1.43037277  -2.47753176  -0.11952240
      13   C13        3.53919385   1.23273526   0.25394576
      14   C14        2.83716140   2.44872530   0.25380206
      15   C15        0.68834830   3.70078833  -0.08786789
      16   C16       -0.69276978   3.69238306  -0.15910225
      17   C17       -2.85131717   2.44617531  -0.15846379
      18   C18       -3.54911399   1.25433361  -0.08677346
      19   C19       -3.53919402  -1.23273526   0.25394612
      20   C20       -2.83716156  -2.44872541   0.25380223
      21   C21       -0.68834819  -3.70078845  -0.08786807
      22   C22        0.69276997  -3.69238305  -0.15910229
      23   C23        2.85131735  -2.44617519  -0.15846363
      24   C24        3.54911402  -1.25433341  -0.08677335
      25   H25        4.62151125   1.23379255   0.39517136
      26   H26        3.37923869   3.38551561   0.39495519
      27   H27        1.23256597   4.64756844  -0.08413234
      28   H28       -1.24098431   4.63367705  -0.23553410
      29   H29       -3.39241163   3.39159450  -0.23470201
      30   H30       -4.64115822   1.25645421  -0.08266621
      31   H31       -4.62151158  -1.23379256   0.39517159
      32   H32       -3.37923899  -3.38551587   0.39495488
      33   H33       -1.23256583  -4.64756868  -0.08413285
      34   H34        1.24098454  -4.63367703  -0.23553430
      35   H35        3.39241183  -3.39159438  -0.23470162
      36   H36        4.64115818  -1.25645388  -0.08266582
      37   NI37       2.11117059   1.21970454   1.86594902
      38   NI38      -2.11117054  -1.21970457   1.86594954
      -----------------------------------------------------
      Nuclear repulsion energy = 3152.76180619

++    Wave function specifications:
      -----------------------------

      Number of closed shell electrons         200
      Number of electrons in active shells      12
      Max number of holes in RAS1 space          0
      Max nr of electrons in RAS3 space          0
      Number of inactive orbitals              100
      Number of active orbitals                 12
      Number of secondary orbitals             794
      Spin quantum number                      1.0
      State symmetry                             1
--

++    Orbital specifications:
      -----------------------

      Symmetry species                           1
                                                 a
      Frozen orbitals                            0
      Inactive orbitals                        100
      Active orbitals                           12
      RAS1 orbitals                              0
      RAS2 orbitals                             12
      RAS3 orbitals                              0
      Secondary orbitals                       794
      Deleted orbitals                           0
      Number of basis functions                906
--

++    CI expansion specifications:
      ----------------------------

      Number of CSFs                        382239
      Number of determinants                627264
      Number of root(s) required                 5
      Root chosen for geometry opt.              5
      CI roots used                              1     2     3     4     5
      weights                                0.200 0.200 0.200 0.200 0.200
      highest root included in the CI            5
      max. size of the explicit Hamiltonian    200
--

++    Optimization specifications:
      ----------------------------

      RASSCF algorithm: LK RI/DF
      Maximum number of macro iterations       200
      Maximum number of SX iterations          100
      Threshold for RASSCF energy            1.000E-07
      Threshold for max MO rotation          1.000E-05
      Threshold for max BLB element          1.000E-05
      Level shift parameter                  5.000E-01
      Make Quasi-Newton update
--

      The MO-coefficients are taken from the file:
      <scratch-path-omitted>                                                                                                                                                                                  
      Title: B1 Ni2/coronene CAS(26,15) triplet natural orbitals (regenerated from rasscf_T

      Total molecular charge    0.00

      ************************************************************************************************************************
      *                                                                                                                      *
      *                                            Wave function control section                                             *
      *                                                                                                                      *
      ************************************************************************************************************************


                                         CASCI only, no orbital optimization will be done.
                                         -------------------------------------------------

      Iter CI   SX   CI       RASSCF       Energy    max ROT     max BLB   max BLB  Level Ln srch  Step   QN   Walltime
          iter iter root      energy       change     param      element    value   shift minimum  type update hh:mm:ss
 Nr of preliminary CI iterations:  57
        1   1    0    0 -3929.68096058    0.00E+00   0.00E+00   98 106 1  7.17E-02*  0.00   0.00    SX    NO    0:25:12

      ************************************************************************************************************************
                                                      Wave function printout:
                       occupation of active orbitals, and spin coupling of open shells (u,d: Spin up or down)
      ************************************************************************************************************************

      Note: transformation to natural orbitals
      has been made, which may change the order of the CSFs.

      printout of CI-coefficients larger than  0.05 for root  1
      energy=   -3929.694890
      conf/sym  111111111111     Coeff  Weight
            37  222220uu0000   0.41991 0.17633
            40  222220u00u00   0.21228 0.04506
            52  2222uduu0000  -0.09735 0.00948
           127  222202uu0000  -0.40536 0.16431
           130  222202u00u00  -0.20462 0.04187
           172  2u22d2uu0000  -0.07945 0.00631
           352  2222uu200000   0.56889 0.32363
           355  2222uu020000  -0.31797 0.10110
           362  2222uu0d0u00  -0.15598 0.02433
           365  2222uu0u0d00  -0.22952 0.05268
           367  2222uu000200  -0.11453 0.01312
           460  2u222u200000   0.08024 0.00644
          1366  22220u2000u0  -0.05336 0.00285

      printout of CI-coefficients larger than  0.05 for root  2
      energy=   -3929.683192
      conf/sym  111111111111     Coeff  Weight
             1  22222uu00000   0.16179 0.02618
             8  2222u20u0000  -0.11564 0.01337
            10  2222u2000u00  -0.06497 0.00422
            37  222220uu0000   0.45369 0.20583
            40  222220u00u00   0.19622 0.03850
            52  2222uduu0000  -0.10493 0.01101
           127  222202uu0000  -0.43649 0.19052
           130  222202u00u00  -0.19086 0.03643
           172  2u22d2uu0000  -0.08968 0.00804
           352  2222uu200000  -0.51048 0.26059
           355  2222uu020000   0.27849 0.07756
           362  2222uu0d0u00   0.15797 0.02495
           365  2222uu0u0d00   0.18376 0.03377
           367  2222uu000200   0.09917 0.00984
           460  2u222u200000  -0.07619 0.00580
           892  2222u02u0000   0.09097 0.00828
           901  2222u0200u00   0.05260 0.00277
          1343  22220uu20000  -0.06778 0.00459
          1360  22220uuu0d00  -0.05523 0.00305

      printout of CI-coefficients larger than  0.05 for root  3
      energy=   -3929.682912
      conf/sym  111111111111     Coeff  Weight
             2  22222u0u0000  -0.13079 0.01711
             4  22222u000u00  -0.06914 0.00478
             7  2222u2u00000   0.14458 0.02090
           353  2222uudu0000   0.69411 0.48179
           354  2222uuud0000  -0.50846 0.25853
           361  2222uud00u00   0.32630 0.10647
           364  2222uuu00d00  -0.21098 0.04451
           461  2u222udu0000   0.09992 0.00998
           462  2u222uud0000  -0.07100 0.00504
           469  2u222ud00u00   0.05081 0.00258
           893  2222u0u20000   0.06847 0.00469
          1342  22220u2u0000  -0.09604 0.00922
          1367  22220udu00u0  -0.05618 0.00316

      printout of CI-coefficients larger than  0.05 for root  4
      energy=   -3929.674854
      conf/sym  111111111111     Coeff  Weight
            67  222u2duu0000   0.22515 0.05069
            70  222u2du00u00   0.11412 0.01302
            82  22u22duu0000   0.31790 0.10106
            85  22u22du00u00   0.16333 0.02668
           112  u2222duu0000   0.18627 0.03470
           115  u2222du00u00   0.09726 0.00946
           142  222ud2uu0000   0.18689 0.03493
           145  222ud2u00u00   0.09455 0.00894
           157  22u2d2uu0000   0.26482 0.07013
           160  22u2d2u00u00   0.13596 0.01849
           187  u222d2uu0000   0.15416 0.02376
           190  u222d2u00u00   0.08047 0.00648
           388  222u2u200000  -0.23688 0.05611
           391  222u2u020000   0.13231 0.01751
           398  222u2u0d0u00   0.06496 0.00422
           401  222u2u0u0d00   0.09528 0.00908
           424  22u22u200000  -0.33370 0.11136
           427  22u22u020000   0.18570 0.03448
           434  22u22u0d0u00   0.09221 0.00850
           437  22u22u0u0d00   0.13460 0.01812
           439  22u22u000200   0.06789 0.00461
           496  u2222u200000  -0.19853 0.03942
           499  u2222u020000   0.10977 0.01205
           506  u2222u0d0u00   0.05532 0.00306
           509  u2222u0u0d00   0.08014 0.00642
           532  222uu2200000  -0.19392 0.03761
           535  222uu2020000   0.10899 0.01188
           542  222uu20d0u00   0.05346 0.00286
           545  222uu20u0d00   0.07842 0.00615
           568  22u2u2200000  -0.27792 0.07724
           571  22u2u2020000   0.15562 0.02422
           578  22u2u20d0u00   0.07738 0.00599
           581  22u2u20u0d00   0.11266 0.01269
           583  22u2u2000200   0.05685 0.00323
           640  u222u2200000  -0.16339 0.02670
           643  u222u2020000   0.09092 0.00827
           653  u222u20u0d00   0.06632 0.00440

      printout of CI-coefficients larger than  0.05 for root  5
      energy=   -3929.668954
      conf/sym  111111111111     Coeff  Weight
            67  222u2duu0000  -0.20928 0.04380
            70  222u2du00u00  -0.10530 0.01109
            82  22u22duu0000   0.23696 0.05615
            85  22u22du00u00   0.12118 0.01469
           112  u2222duu0000  -0.17101 0.02924
           115  u2222du00u00  -0.08901 0.00792
           142  222ud2uu0000   0.23810 0.05669
           145  222ud2u00u00   0.11961 0.01431
           157  22u2d2uu0000  -0.28112 0.07903
           160  22u2d2u00u00  -0.14358 0.02061
           187  u222d2uu0000   0.19392 0.03761
           190  u222d2u00u00   0.10098 0.01020
           388  222u2u200000  -0.22606 0.05110
           391  222u2u020000   0.12642 0.01598
           398  222u2u0d0u00   0.06194 0.00384
           401  222u2u0u0d00   0.09060 0.00821
           424  22u22u200000   0.26070 0.06796
           427  22u22u020000  -0.14515 0.02107
           434  22u22u0d0u00  -0.07189 0.00517
           437  22u22u0u0d00  -0.10491 0.01101
           439  22u22u000200  -0.05270 0.00278
           496  u2222u200000  -0.18757 0.03518
           499  u2222u020000   0.10359 0.01073
           506  u2222u0d0u00   0.05219 0.00272
           509  u2222u0u0d00   0.07545 0.00569
           532  222uu2200000   0.25799 0.06656
           535  222uu2020000  -0.14533 0.02112
           542  222uu20d0u00  -0.07106 0.00505
           545  222uu20u0d00  -0.10408 0.01083
           547  222uu2000200  -0.05147 0.00265
           568  22u2u2200000  -0.30323 0.09195
           571  22u2u2020000   0.16997 0.02889
           578  22u2u20d0u00   0.08440 0.00712
           581  22u2u20u0d00   0.12261 0.01503
           583  22u2u2000200   0.06166 0.00380
           640  u222u2200000   0.21509 0.04626
           643  u222u2020000  -0.11967 0.01432
           650  u222u20d0u00  -0.06025 0.00363
           653  u222u20u0d00  -0.08712 0.00759

      Natural orbitals and occupation numbers for root  1
      sym 1:   1.999313   1.988576   1.999136   1.983388   1.010737   0.989340   1.139098   0.859329   0.013353   0.012362
               0.001134   0.004234

      Natural orbitals and occupation numbers for root  2
      sym 1:   1.999137   1.988508   1.998794   1.983760   0.996554   1.003770   1.145519   0.849729   0.013430   0.014769
               0.001614   0.004416

      Natural orbitals and occupation numbers for root  3
      sym 1:   1.999121   1.988529   1.998817   1.984160   1.042688   1.052241   0.956616   0.946977   0.013193   0.011545
               0.001607   0.004506

      Natural orbitals and occupation numbers for root  4
      sym 1:   1.999279   1.987899   1.000590   1.984202   1.998684   0.999919   1.147843   0.850413   0.013020   0.012185
               0.001446   0.004521

      Natural orbitals and occupation numbers for root  5
      sym 1:   1.999217   1.987814   1.000960   1.984267   1.000058   1.998203   1.152137   0.845712   0.013427   0.012133
               0.001554   0.004517

      ************************************************************************************************************************
      *                                                                                                                      *
      *                                                    Final results                                                     *
      *                                                                                                                      *
      ************************************************************************************************************************


++    Wave function specifications:
      -----------------------------

      Number of closed shell electrons         200
      Number of electrons in active shells      12
      Max number of holes in RAS1 space          0
      Max nr of electrons in RAS3 space          0
      Number of inactive orbitals              100
      Number of active orbitals                 12
      Number of secondary orbitals             794
      Spin quantum number                      1.0
      State symmetry                             1
--

++    Orbital specifications:
      -----------------------

      Symmetry species                           1
                                                 a
      Frozen orbitals                            0
      Inactive orbitals                        100
      Active orbitals                           12
      RAS1 orbitals                              0
      RAS2 orbitals                             12
      RAS3 orbitals                              0
      Secondary orbitals                       794
      Deleted orbitals                           0
      Number of basis functions                906
--

++    CI expansion specifications:
      ----------------------------

      Number of CSFs                        382239
      Number of determinants                627264
      Number of root(s) required                 5
      CI roots used                              1     2     3     4     5
      weights                                0.200 0.200 0.200 0.200 0.200
      highest root included in the CI            5
      Root passed to geometry opt.               5
--

++    Final optimization conditions:
      ------------------------------

      Average CI energy                           -3929.68096034
      RASSCF energy for state  5                  -3929.66895350
      Super-CI energy                                 0.00000000
      RASSCF energy change                            0.00000000
      Max change in MO coefficients               0.000E+00
      Max non-diagonal density matrix element     0.000E+00
      Maximum BLB matrix element                  7.172E-02
      (orbital pair  98, 106 in symmetry   1)
      Norm of electronic gradient            2.584E-01
--


      Final state energy(ies):
      ------------------------

::    RASSCF root number  1 Total energy:  -3929.69488965
::    RASSCF root number  2 Total energy:  -3929.68319178
::    RASSCF root number  3 Total energy:  -3929.68291233
::    RASSCF root number  4 Total energy:  -3929.67485444
::    RASSCF root number  5 Total energy:  -3929.66895350

++    Molecular orbitals:
      -------------------

      All orbitals are eigenfunctions of the PT2 Fock matrix


      MOLECULAR ORBITALS FOR SYMMETRY SPECIES 1: a  

      INDEX  OCCUPATION  COEFFICIENTS ...
          1 -305.3784                                                                                                                     
               862 NI38   1s     (-0.9977)
          2 -305.3759                                                                                                                     
               817 NI37   1s     ( 0.9977)
          3  -37.6573                                                                                                                     
               862 NI38   1s     ( 0.3187) 863 NI38   2s     (-1.0382)
          4  -37.6550                                                                                                                     
               817 NI37   1s     ( 0.3187) 818 NI37   2s     (-1.0382)
          5  -32.6889                                                                                                                     
               868 NI38   2px    ( 0.3735) 872 NI38   2py    ( 0.2257) 876 NI38   2pz    (-0.8899)
          6  -32.6884                                                                                                                     
               868 NI38   2px    ( 0.7648) 872 NI38   2py    ( 0.4546) 876 NI38   2pz    ( 0.4363)
          7  -32.6867                                                                                                                     
               823 NI37   2px    ( 0.5362) 827 NI37   2py    ( 0.3312) 831 NI37   2pz    ( 0.7649)
          8  -32.6859                                                                                                                     
               823 NI37   2px    ( 0.6551) 827 NI37   2py    ( 0.3945) 831 NI37   2pz    (-0.6303)
          9  -32.6787                                                                                                                     
               868 NI38   2px    (-0.5076) 872 NI38   2py    ( 0.8513)
         10  -32.6763                                                                                                                     
               823 NI37   2px    (-0.5152) 827 NI37   2py    ( 0.8467)
         11  -11.2933                                                                                                                     
                 1 C1     1s     ( 0.3278)   2 C1     2s     ( 0.4294)  32 C2     1s     ( 0.3296)  33 C2     2s     ( 0.4317)
      
         12  -11.2932                                                                                                                     
                94 C4     1s     ( 0.3341)  95 C4     2s     ( 0.4376) 125 C5     1s     ( 0.3236) 126 C5     2s     ( 0.4238)
      
         13  -11.2924                                                                                                                     
                 1 C1     1s     ( 0.3238)   2 C1     2s     ( 0.4242)  32 C2     1s     (-0.3221)  33 C2     2s     (-0.4219)
      
         14  -11.2923                                                                                                                     
                94 C4     1s     (-0.3181)  95 C4     2s     (-0.4167) 125 C5     1s     ( 0.3284) 126 C5     2s     ( 0.4301)
      
         15  -11.2877                                                                                                                     
               187 C7     1s     ( 0.1024) 188 C7     2s     ( 0.1341) 218 C8     1s     ( 0.1045) 219 C8     2s     ( 0.1369)
               373 C13    1s     ( 0.3117) 374 C13    2s     ( 0.4083) 404 C14    1s     ( 0.3159) 405 C14    2s     ( 0.4139)
      
         16  -11.2871                                                                                                                     
               281 C10    2s     ( 0.1247) 312 C11    2s     ( 0.1226) 559 C19    1s     ( 0.3166) 560 C19    2s     ( 0.4147)
               590 C20    1s     ( 0.3168) 591 C20    2s     ( 0.4150)
         17  -11.2868                                                                                                                     
               187 C7     1s     (-0.2210) 188 C7     2s     (-0.2894) 218 C8     1s     ( 0.2208) 219 C8     2s     ( 0.2892)
               373 C13    1s     (-0.2475) 374 C13    2s     (-0.3242) 404 C14    1s     ( 0.2427) 405 C14    2s     ( 0.3180)
      
         18  -11.2861                                                                                                                     
               280 C10    1s     (-0.2035) 281 C10    2s     (-0.2666) 311 C11    1s     ( 0.1966) 312 C11    2s     ( 0.2576)
               559 C19    1s     (-0.2612) 560 C19    2s     (-0.3421) 590 C20    1s     ( 0.2641) 591 C20    2s     ( 0.3460)
      
         19  -11.2861                                                                                                                     
               187 C7     1s     ( 0.3090) 188 C7     2s     ( 0.4048) 218 C8     1s     ( 0.3171) 219 C8     2s     ( 0.4153)
               374 C13    2s     (-0.1300) 404 C14    1s     (-0.1084) 405 C14    2s     (-0.1420)
         20  -11.2858                                                                                                                     
               187 C7     1s     ( 0.2499) 188 C7     2s     ( 0.3273) 218 C8     1s     (-0.2388) 219 C8     2s     (-0.3128)
               373 C13    1s     (-0.2244) 374 C13    2s     (-0.2939) 404 C14    1s     ( 0.2194) 405 C14    2s     ( 0.2874)
      
         21  -11.2853                                                                                                                     
               280 C10    1s     ( 0.3258) 281 C10    2s     ( 0.4268) 311 C11    1s     ( 0.3055) 312 C11    2s     ( 0.4002)
               559 C19    1s     (-0.1071) 560 C19    2s     (-0.1403) 591 C20    2s     (-0.1076)
         22  -11.2851                                                                                                                     
               280 C10    1s     ( 0.2466) 281 C10    2s     ( 0.3230) 311 C11    1s     (-0.2769) 312 C11    2s     (-0.3627)
               559 C19    1s     (-0.1968) 560 C19    2s     (-0.2578) 590 C20    1s     ( 0.2043) 591 C20    2s     ( 0.2677)
      
         23  -11.2800                                                                                                                     
                64 C3     2s     (-0.1226) 156 C6     1s     ( 0.4556) 157 C6     2s     ( 0.5967)
         24  -11.2800                                                                                                                     
                63 C3     1s     ( 0.4556)  64 C3     2s     ( 0.5968) 157 C6     2s     ( 0.1228)
         25  -11.2738                                                                                                                     
               342 C12    1s     ( 0.4643) 343 C12    2s     ( 0.6082)
         26  -11.2738                                                                                                                     
               249 C9     1s     ( 0.4643) 250 C9     2s     ( 0.6082)
         27  -11.2656                                                                                                                     
               683 C23    1s     ( 0.2686) 684 C23    2s     ( 0.3519) 714 C24    1s     ( 0.3805) 715 C24    2s     ( 0.4985)
      
         28  -11.2656                                                                                                                     
               435 C15    1s     (-0.3810) 436 C15    2s     (-0.4992) 466 C16    1s     (-0.2678) 467 C16    2s     (-0.3509)
      
         29  -11.2653                                                                                                                     
               497 C17    1s     (-0.2999) 498 C17    2s     (-0.3929) 528 C18    1s     (-0.3568) 529 C18    2s     (-0.4674)
      
         30  -11.2653                                                                                                                     
               621 C21    1s     (-0.3577) 622 C21    2s     (-0.4687) 652 C22    1s     (-0.2988) 653 C22    2s     (-0.3915)
      
         31  -11.2642                                                                                                                     
               683 C23    1s     ( 0.3792) 684 C23    2s     ( 0.4968) 714 C24    1s     (-0.2685) 715 C24    2s     (-0.3517)
      
         32  -11.2642                                                                                                                     
               435 C15    1s     (-0.2676) 436 C15    2s     (-0.3506) 466 C16    1s     ( 0.3795) 467 C16    2s     ( 0.4972)
      
         33  -11.2639                                                                                                                     
               497 C17    1s     (-0.3555) 498 C17    2s     (-0.4658) 528 C18    1s     ( 0.2990) 529 C18    2s     ( 0.3917)
      
         34  -11.2639                                                                                                                     
               621 C21    1s     (-0.2981) 622 C21    2s     (-0.3905) 652 C22    1s     ( 0.3567) 653 C22    2s     ( 0.4673)
      
         35   -4.6416                                                                                                                     
               862 NI38   1s     (-0.1174) 863 NI38   2s     ( 0.4615) 864 NI38   3s     (-0.6243) 865 NI38   4s     (-0.4766)
      
         36   -4.6399                                                                                                                     
               817 NI37   1s     (-0.1174) 818 NI37   2s     ( 0.4615) 819 NI37   3s     (-0.6244) 820 NI37   4s     (-0.4766)
      
         37   -3.0519                                                                                                                     
               869 NI38   3px    ( 0.1244) 876 NI38   2pz    (-0.3733) 877 NI38   3pz    ( 0.8516) 878 NI38   *pz    ( 0.2677)
      
         38   -3.0503                                                                                                                     
               831 NI37   2pz    (-0.3755) 832 NI37   3pz    ( 0.8565) 833 NI37   *pz    ( 0.2693)
         39   -3.0485                                                                                                                     
               824 NI37   3px    ( 0.1091) 868 NI38   2px    (-0.3172) 869 NI38   3px    ( 0.7235) 870 NI38   *px    ( 0.2271)
               872 NI38   2py    (-0.1891) 873 NI38   3py    ( 0.4314) 874 NI38   *py    ( 0.1354) 877 NI38   3pz    (-0.1398)
      
         40   -3.0471                                                                                                                     
               823 NI37   2px    (-0.3178) 824 NI37   3px    ( 0.7249) 825 NI37   *px    ( 0.2275) 827 NI37   2py    (-0.1924)
               828 NI37   3py    ( 0.4390) 829 NI37   *py    ( 0.1378) 832 NI37   3pz    ( 0.1084) 869 NI38   3px    (-0.1028)
      
         41   -3.0405                                                                                                                     
               824 NI37   3px    ( 0.1126) 828 NI37   3py    (-0.1827) 868 NI38   2px    (-0.1872) 869 NI38   3px    ( 0.4265)
               870 NI38   *px    ( 0.1349) 872 NI38   2py    ( 0.3148) 873 NI38   3py    (-0.7174) 874 NI38   *py    (-0.2270)
      
         42   -3.0385                                                                                                                     
               823 NI37   2px    ( 0.1892) 824 NI37   3px    (-0.4312) 825 NI37   *px    (-0.1364) 827 NI37   2py    (-0.3134)
               828 NI37   3py    ( 0.7141) 829 NI37   *py    ( 0.2259) 869 NI38   3px    ( 0.1105) 873 NI38   3py    (-0.1827)
      
         43   -1.2471                                                                                                                     
                 3 C1     *s     ( 0.1101)   4 C1     *s     ( 0.1044)  34 C2     *s     ( 0.1101)  35 C2     *s     ( 0.1044)
                65 C3     *s     ( 0.1040)  96 C4     *s     ( 0.1096)  97 C4     *s     ( 0.1040) 127 C5     *s     ( 0.1096)
               128 C5     *s     ( 0.1040) 158 C6     *s     ( 0.1040)
         44   -1.2057                                                                                                                     
                 5 C1     *s     (-0.1010)  36 C2     *s     (-0.1010)  70 C3     *px    ( 0.1142)  98 C4     *s     ( 0.1009)
               129 C5     *s     ( 0.1009) 163 C6     *px    ( 0.1142) 189 C7     *s     (-0.1020) 220 C8     *s     (-0.1020)
               282 C10    *s     ( 0.1021) 313 C11    *s     ( 0.1021)
         45   -1.1942                                                                                                                     
                11 C1     *py    (-0.1185)  65 C3     *s     ( 0.1028)  67 C3     *s     ( 0.1272) 104 C4     *py    (-0.1235)
               132 C5     *px    ( 0.1022) 158 C6     *s     (-0.1028) 160 C6     *s     (-0.1273) 251 C9     *s     ( 0.1160)
               252 C9     *s     ( 0.1070) 344 C12    *s     (-0.1160) 345 C12    *s     (-0.1070)
         46   -1.1415                                                                                                                     
                67 C3     *s     ( 0.1246) 160 C6     *s     ( 0.1246) 251 C9     *s     ( 0.1081) 252 C9     *s     ( 0.1138)
               344 C12    *s     ( 0.1080) 345 C12    *s     ( 0.1138) 375 C13    *s     (-0.1061) 406 C14    *s     (-0.1061)
               561 C19    *s     (-0.1060) 592 C20    *s     (-0.1061)
         47   -1.1362                                                                                                                     
                 5 C1     *s     ( 0.1320)  11 C1     *py    ( 0.1293)  36 C2     *s     (-0.1319)  42 C2     *py    ( 0.1068)
                98 C4     *s     ( 0.1305) 104 C4     *py    (-0.1299) 129 C5     *s     (-0.1307) 135 C5     *py    (-0.1056)
               189 C7     *s     ( 0.1019) 190 C7     *s     ( 0.1073) 220 C8     *s     (-0.1018) 221 C8     *s     (-0.1072)
               282 C10    *s     ( 0.1025) 283 C10    *s     ( 0.1078) 313 C11    *s     (-0.1024) 314 C11    *s     (-0.1077)
               437 C15    *s     (-0.1043) 530 C18    *s     ( 0.1041) 623 C21    *s     (-0.1041) 716 C24    *s     ( 0.1043)
      
         48   -1.1170                                                                                                                     
      
         49   -1.0777                                                                                                                     
               375 C13    *s     (-0.1023) 376 C13    *s     (-0.1050) 406 C14    *s     (-0.1023) 407 C14    *s     (-0.1050)
               561 C19    *s     ( 0.1023) 562 C19    *s     ( 0.1050) 592 C20    *s     ( 0.1023) 593 C20    *s     ( 0.1049)
      
         50   -1.0652                                                                                                                     
                 5 C1     *s     (-0.1451)  36 C2     *s     ( 0.1451)  67 C3     *s     (-0.1213)  98 C4     *s     ( 0.1446)
               129 C5     *s     (-0.1446) 160 C6     *s     ( 0.1213) 189 C7     *s     ( 0.1102) 190 C7     *s     ( 0.1130)
               220 C8     *s     (-0.1102) 221 C8     *s     (-0.1130) 251 C9     *s     ( 0.1128) 252 C9     *s     ( 0.1119)
               282 C10    *s     (-0.1105) 283 C10    *s     (-0.1132) 313 C11    *s     ( 0.1105) 314 C11    *s     ( 0.1132)
               344 C12    *s     (-0.1128) 345 C12    *s     (-0.1119)
         51   -1.0459                                                                                                                     
                 3 C1     *s     (-0.1253)   4 C1     *s     (-0.1339)  34 C2     *s     (-0.1252)  35 C2     *s     (-0.1339)
                96 C4     *s     ( 0.1254)  97 C4     *s     ( 0.1340) 127 C5     *s     ( 0.1254) 128 C5     *s     ( 0.1340)
      
         52   -1.0386                                                                                                                     
                64 C3     2s     ( 0.1009)  65 C3     *s     (-0.1470)  66 C3     *s     (-0.1505) 157 C6     2s     (-0.1008)
               158 C6     *s     ( 0.1470) 159 C6     *s     ( 0.1505)
         53   -0.9978                                                                                                                     
               251 C9     *s     ( 0.1045) 252 C9     *s     ( 0.1069) 344 C12    *s     ( 0.1045) 345 C12    *s     ( 0.1069)
               376 C13    *s     ( 0.1002) 562 C19    *s     ( 0.1004) 593 C20    *s     ( 0.1000)
         54   -0.9949                                                                                                                     
                11 C1     *py    (-0.1148)  39 C2     *px    ( 0.1132) 104 C4     *py    ( 0.1158) 132 C5     *px    (-0.1143)
               468 C16    *s     (-0.1119) 469 C16    *s     (-0.1092) 499 C17    *s     ( 0.1112) 500 C17    *s     ( 0.1086)
               654 C22    *s     (-0.1111) 655 C22    *s     (-0.1086) 685 C23    *s     ( 0.1120) 686 C23    *s     ( 0.1092)
      
         55   -0.8956                                                                                                                     
               252 C9     *s     ( 0.1184) 345 C12    *s     (-0.1184) 376 C13    *s     (-0.1130) 407 C14    *s     ( 0.1133)
               562 C19    *s     ( 0.1081) 593 C20    *s     (-0.1086)
         56   -0.8945                                                                                                                     
               190 C7     *s     ( 0.1104) 221 C8     *s     ( 0.1108) 283 C10    *s     (-0.1096) 314 C11    *s     (-0.1099)
               468 C16    *s     (-0.1015) 469 C16    *s     (-0.1151) 500 C17    *s     ( 0.1129) 655 C22    *s     ( 0.1129)
               685 C23    *s     (-0.1016) 686 C23    *s     (-0.1151)
         57   -0.8916                                                                                                                     
                 5 C1     *s     (-0.1436)  11 C1     *py    (-0.1430)  34 C2     *s     ( 0.1101)  35 C2     *s     ( 0.1496)
                36 C2     *s     ( 0.1870)  39 C2     *px    ( 0.1282)  98 C4     *s     (-0.1459) 104 C4     *py    ( 0.1420)
               127 C5     *s     ( 0.1119) 128 C5     *s     ( 0.1512) 129 C5     *s     ( 0.1889) 132 C5     *px    (-0.1280)
      
         58   -0.8916                                                                                                                     
                 4 C1     *s     ( 0.1353)   5 C1     *s     ( 0.1441)  11 C1     *py    ( 0.1004)  66 C3     *s     (-0.1186)
                97 C4     *s     ( 0.1372)  98 C4     *s     ( 0.1450) 104 C4     *py    (-0.1009) 159 C6     *s     (-0.1209)
      
         59   -0.8739                                                                                                                     
      
         60   -0.8072                                                                                                                     
                11 C1     *py    (-0.1137)  70 C3     *px    ( 0.1099) 104 C4     *py    ( 0.1152) 163 C6     *px    (-0.1101)
               376 C13    *s     (-0.1223) 377 C13    *s     (-0.1313) 407 C14    *s     ( 0.1223) 408 C14    *s     ( 0.1313)
               438 C15    *s     (-0.1018) 439 C15    *s     (-0.1168) 469 C16    *s     ( 0.1091) 470 C16    *s     ( 0.1246)
               500 C17    *s     (-0.1106) 501 C17    *s     (-0.1249) 531 C18    *s     ( 0.1032) 532 C18    *s     ( 0.1168)
               562 C19    *s     (-0.1200) 563 C19    *s     (-0.1305) 593 C20    *s     ( 0.1200) 594 C20    *s     ( 0.1304)
               624 C21    *s     (-0.1031) 625 C21    *s     (-0.1166) 655 C22    *s     ( 0.1105) 656 C22    *s     ( 0.1247)
               686 C23    *s     (-0.1091) 687 C23    *s     (-0.1245) 717 C24    *s     ( 0.1018) 718 C24    *s     ( 0.1167)
      
         61   -0.7903                                                                                                                     
                 4 C1     *s     (-0.1091)   5 C1     *s     (-0.1299)  35 C2     *s     ( 0.1091)  36 C2     *s     ( 0.1297)
                66 C3     *s     (-0.1079)  97 C4     *s     ( 0.1089)  98 C4     *s     ( 0.1310) 128 C5     *s     (-0.1089)
               129 C5     *s     (-0.1309) 159 C6     *s     ( 0.1079)
         62   -0.7706                                                                                                                     
      
         63   -0.7688                                                                                                                     
                 5 C1     *s     (-0.1037)  36 C2     *s     ( 0.1035)  98 C4     *s     ( 0.1032) 129 C5     *s     (-0.1029)
               252 C9     *s     (-0.1112) 253 C9     *s     (-0.1129) 345 C12    *s     ( 0.1112) 346 C12    *s     ( 0.1129)
      
         64   -0.7531                                                                                                                     
                 9 C1     2py    ( 0.1115) 102 C4     2py    ( 0.1115)
         65   -0.7306                                                                                                                     
      
         66   -0.6819                                                                                                                     
                66 C3     *s     ( 0.1010) 159 C6     *s     ( 0.1009) 378 C13    2px    (-0.1042) 409 C14    2px    (-0.1086)
               564 C19    2px    ( 0.1042) 595 C20    2px    ( 0.1085)
         67   -0.6763                                                                                                                     
                 4 C1     *s     ( 0.1060)   5 C1     *s     ( 0.1353)  35 C2     *s     (-0.1059)  36 C2     *s     (-0.1351)
                97 C4     *s     ( 0.1058)  98 C4     *s     ( 0.1329) 128 C5     *s     (-0.1056) 129 C5     *s     (-0.1331)
               443 C15    2py    (-0.1144) 474 C16    2py    (-0.1058) 629 C21    2py    ( 0.1147) 660 C22    2py    ( 0.1059)
      
         68   -0.6649                                                                                                                     
               381 C13    2py    (-0.1269) 382 C13    *py    (-0.1002) 412 C14    2py    ( 0.1405) 413 C14    *py    ( 0.1117)
               567 C19    2py    (-0.1254) 598 C20    2py    ( 0.1352) 599 C20    *py    ( 0.1079)
         69   -0.6645                                                                                                                     
                 5 C1     *s     ( 0.1642)  36 C2     *s     (-0.1657)  68 C3     2px    (-0.1031)  98 C4     *s     ( 0.1817)
               129 C5     *s     (-0.1799) 161 C6     2px    ( 0.1116) 190 C7     *s     (-0.1047) 191 C7     *s     (-0.1389)
               221 C8     *s     ( 0.1069) 222 C8     *s     ( 0.1381) 283 C10    *s     (-0.1035) 284 C10    *s     (-0.1386)
               314 C11    *s     ( 0.1006) 315 C11    *s     ( 0.1386) 377 C13    *s     ( 0.1107) 408 C14    *s     (-0.1095)
      
         70   -0.6625                                                                                                                     
               440 C15    2px    ( 0.1345) 441 C15    *px    ( 0.1033) 471 C16    2px    (-0.1178) 505 C17    2py    ( 0.1067)
               536 C18    2py    (-0.1150) 563 C19    *s     (-0.1078) 594 C20    *s     ( 0.1076) 626 C21    2px    ( 0.1337)
               627 C21    *px    ( 0.1030) 657 C22    2px    (-0.1213) 722 C24    2py    (-0.1149)
         71   -0.6618                                                                                                                     
                 9 C1     2py    ( 0.1192) 102 C4     2py    (-0.1191) 252 C9     *s     ( 0.1260) 253 C9     *s     ( 0.1029)
               345 C12    *s     ( 0.1257) 346 C12    *s     ( 0.1037)
         72   -0.6186                                                                                                                     
                 5 C1     *s     (-0.1962)  36 C2     *s     ( 0.2037)  42 C2     *py    (-0.1142)  98 C4     *s     ( 0.1938)
               129 C5     *s     (-0.2015) 135 C5     *py    (-0.1077) 253 C9     *s     (-0.1287) 346 C12    *s     ( 0.1283)
               443 C15    2py    (-0.1132) 533 C18    2px    ( 0.1145) 629 C21    2py    (-0.1125) 719 C24    2px    ( 0.1137)
      
         73   -0.6183                                                                                                                     
                 9 C1     2py    (-0.1024)  37 C2     2px    (-0.1229)  38 C2     *px    (-0.1002)  68 C3     2px    ( 0.1222)
               102 C4     2py    (-0.1018) 130 C5     2px    (-0.1207) 161 C6     2px    ( 0.1201) 378 C13    2px    (-0.1015)
      
         74   -0.6175                                                                                                                     
      
         75   -0.6148                                                                                                                     
      
         76   -0.6110                                                                                                                     
                 9 C1     2py    ( 0.1040)  40 C2     2py    (-0.1205) 102 C4     2py    ( 0.1036) 133 C5     2py    (-0.1221)
               474 C16    2py    (-0.1193) 660 C22    2py    (-0.1214)
         77   -0.5945                                                                                                                     
                73 C3     *py    ( 0.1050) 166 C6     *py    (-0.1046) 253 C9     *s     (-0.1057) 346 C12    *s     (-0.1059)
               381 C13    2py    ( 0.1378) 382 C13    *py    ( 0.1120) 412 C14    2py    (-0.1257) 413 C14    *py    (-0.1009)
               567 C19    2py    (-0.1376) 568 C19    *py    (-0.1118) 598 C20    2py    ( 0.1257) 599 C20    *py    ( 0.1009)
      
         78   -0.5906                                                                                                                     
                 8 C1     *px    ( 0.1268)  42 C2     *py    (-0.1556) 101 C4     *px    (-0.1264) 135 C5     *py    ( 0.1561)
               440 C15    2px    (-0.1357) 441 C15    *px    (-0.1050) 471 C16    2px    ( 0.1457) 472 C16    *px    ( 0.1137)
               505 C17    2py    ( 0.1286) 536 C18    2py    (-0.1208) 626 C21    2px    ( 0.1364) 627 C21    *px    ( 0.1056)
               657 C22    2px    (-0.1461) 658 C22    *px    (-0.1139) 691 C23    2py    (-0.1280) 722 C24    2py    ( 0.1211)
      
         79   -0.5714                                                                                                                     
               198 C7     2pz    (-0.1036) 199 C7     *pz    (-0.1007) 229 C8     2pz    (-0.1020) 291 C10    2pz    ( 0.1024)
               322 C11    2pz    ( 0.1037) 323 C11    *pz    ( 0.1008)
         80   -0.5609                                                                                                                     
                 4 C1     *s     ( 0.1061)   5 C1     *s     ( 0.2075)  35 C2     *s     (-0.1061)  36 C2     *s     (-0.2074)
                97 C4     *s     (-0.1083)  98 C4     *s     (-0.1916) 128 C5     *s     ( 0.1083) 129 C5     *s     ( 0.1915)
      
         81   -0.5601                                                                                                                     
                11 C1     *py    (-0.1199) 104 C4     *py    ( 0.1346) 132 C5     *px    (-0.1003) 195 C7     2py    ( 0.1038)
               288 C10    2py    (-0.1084) 316 C11    2px    ( 0.1055) 443 C15    2py    (-0.1037) 474 C16    2py    ( 0.1059)
      
         82   -0.5503                                                                                                                     
      
         83   -0.5475                                                                                                                     
               195 C7     2py    ( 0.1022) 288 C10    2py    ( 0.1021) 536 C18    2py    (-0.1170) 722 C24    2py    (-0.1170)
      
         84   -0.5394                                                                                                                     
                71 C3     2py    (-0.1036) 164 C6     2py    (-0.1037)
         85   -0.5382                                                                                                                     
               254 C9     2px    (-0.1187) 347 C12    2px    (-0.1188) 470 C16    *s     (-0.1156) 501 C17    *s     ( 0.1162)
               502 C17    2px    ( 0.1141) 533 C18    2px    (-0.1099) 656 C22    *s     ( 0.1155) 687 C23    *s     (-0.1163)
               688 C23    2px    ( 0.1142) 719 C24    2px    (-0.1096)
         86   -0.4936                                                                                                                     
                 9 C1     2py    (-0.1092)  40 C2     2py    ( 0.1056)  71 C3     2py    (-0.1111) 102 C4     2py    ( 0.1094)
               133 C5     2py    (-0.1059) 164 C6     2py    ( 0.1111) 257 C9     2py    ( 0.1175) 350 C12    2py    (-0.1176)
      
         87   -0.4907                                                                                                                     
                 6 C1     2px    ( 0.1083)  37 C2     2px    (-0.1126)  68 C3     2px    ( 0.1127)  99 C4     2px    (-0.1086)
               130 C5     2px    ( 0.1128) 161 C6     2px    (-0.1128) 191 C7     *s     ( 0.1164) 192 C7     2px    (-0.1095)
               222 C8     *s     (-0.1157) 284 C10    *s     ( 0.1159) 285 C10    2px    ( 0.1099) 315 C11    *s     (-0.1153)
               470 C16    *s     (-0.1070) 501 C17    *s     ( 0.1066) 656 C22    *s     (-0.1065) 687 C23    *s     ( 0.1072)
      
         88   -0.4748                                                                                                                     
               260 C9     2pz    ( 0.1494) 261 C9     *pz    ( 0.1489) 353 C12    2pz    ( 0.1491) 354 C12    *pz    ( 0.1486)
               477 C16    2pz    ( 0.1073) 478 C16    *pz    ( 0.1064) 508 C17    2pz    ( 0.1073) 509 C17    *pz    ( 0.1063)
               663 C22    2pz    ( 0.1069) 664 C22    *pz    ( 0.1060) 694 C23    2pz    ( 0.1070) 695 C23    *pz    ( 0.1060)
      
         89   -0.4587                                                                                                                     
                 5 C1     *s     (-0.1145)  11 C1     *py    ( 0.2508)  36 C2     *s     ( 0.1186)  39 C2     *px    (-0.2507)
                70 C3     *px    (-0.2620)  73 C3     *py    (-0.1561)  98 C4     *s     (-0.1182) 104 C4     *py    (-0.2627)
               129 C5     *s     ( 0.1161) 132 C5     *px    ( 0.2593) 163 C6     *px    ( 0.2617) 166 C6     *py    ( 0.1468)
               446 C15    2pz    (-0.1110) 447 C15    *pz    (-0.1110) 539 C18    2pz    ( 0.1113) 540 C18    *pz    ( 0.1111)
               632 C21    2pz    (-0.1112) 633 C21    *pz    (-0.1110) 725 C24    2pz    ( 0.1090) 726 C24    *pz    ( 0.1089)
               851 NI37   3d2+   ( 0.1393) 896 NI38   3d2+   ( 0.1359)
         90   -0.4529                                                                                                                     
               843 NI37   3d0    (-0.1412) 880 NI38   3d2-   ( 0.2066) 881 NI38   *d2-   ( 0.1380) 888 NI38   3d0    (-0.5050)
               889 NI38   *d0    (-0.3366) 890 NI38   *d0    (-0.2174) 896 NI38   3d2+   ( 0.1242)
         91   -0.4514                                                                                                                     
               835 NI37   3d2-   ( 0.2186) 836 NI37   *d2-   ( 0.1460) 843 NI37   3d0    (-0.5045) 844 NI37   *d0    (-0.3362)
               845 NI37   *d0    (-0.2170) 851 NI37   3d2+   ( 0.1202) 888 NI38   3d0    ( 0.1433)
         92   -0.4218                                                                                                                     
               835 NI37   3d2-   ( 0.2181) 836 NI37   *d2-   ( 0.1465) 843 NI37   3d0    ( 0.1528) 844 NI37   *d0    ( 0.1021)
               851 NI37   3d2+   ( 0.1335) 880 NI38   3d2-   (-0.2577) 881 NI38   *d2-   (-0.1731) 882 NI38   *d2-   (-0.1132)
               888 NI38   3d0    (-0.1711) 889 NI38   *d0    (-0.1144) 896 NI38   3d2+   (-0.1519) 897 NI38   *d2+   (-0.1020)
      
         93   -0.4150                                                                                                                     
                74 C3     2pz    ( 0.1357)  75 C3     *pz    ( 0.1385) 167 C6     2pz    ( 0.1347) 168 C6     *pz    ( 0.1375)
               446 C15    2pz    (-0.1145) 447 C15    *pz    (-0.1140) 539 C18    2pz    (-0.1092) 540 C18    *pz    (-0.1088)
               632 C21    2pz    (-0.1089) 633 C21    *pz    (-0.1084) 725 C24    2pz    (-0.1121) 726 C24    *pz    (-0.1116)
      
         94   -0.4129                                                                                                                     
                67 C3     *s     ( 0.1588) 835 NI37   3d2-   ( 0.2305) 836 NI37   *d2-   ( 0.1544) 837 NI37   *d2-   ( 0.1001)
               843 NI37   3d0    ( 0.1832) 844 NI37   *d0    ( 0.1226) 851 NI37   3d2+   ( 0.2662) 852 NI37   *d2+   ( 0.1790)
               853 NI37   *d2+   ( 0.1170) 880 NI38   3d2-   ( 0.3359) 881 NI38   *d2-   ( 0.2255) 882 NI38   *d2-   ( 0.1469)
               888 NI38   3d0    ( 0.1746) 889 NI38   *d0    ( 0.1170)
         95   -0.4127                                                                                                                     
                67 C3     *s     ( 0.1697) 132 C5     *px    ( 0.1168) 160 C6     *s     (-0.2306) 835 NI37   3d2-   (-0.2710)
               836 NI37   *d2-   (-0.1825) 837 NI37   *d2-   (-0.1197) 851 NI37   3d2+   ( 0.2450) 852 NI37   *d2+   ( 0.1655)
               853 NI37   *d2+   ( 0.1093) 896 NI38   3d2+   (-0.3345) 897 NI38   *d2+   (-0.2255) 898 NI38   *d2+   (-0.1481)
      
         96   -0.4075                                                                                                                     
                 5 C1     *s     (-0.1616)  11 C1     *py    ( 0.1139)  12 C1     2pz    ( 0.1053)  13 C1     *pz    ( 0.1083)
                36 C2     *s     (-0.1653)  39 C2     *px    ( 0.1188)  43 C2     2pz    ( 0.1074)  44 C2     *pz    ( 0.1107)
                70 C3     *px    ( 0.1501)  98 C4     *s     ( 0.1588) 104 C4     *py    ( 0.1123) 105 C4     2pz    (-0.1052)
               106 C4     *pz    (-0.1084) 129 C5     *s     ( 0.1725) 132 C5     *px    ( 0.1136) 136 C5     2pz    (-0.1058)
               137 C5     *pz    (-0.1088) 163 C6     *px    ( 0.1515) 384 C13    2pz    (-0.1086) 385 C13    *pz    (-0.1099)
               415 C14    2pz    (-0.1079) 416 C14    *pz    (-0.1094) 439 C15    *s     (-0.1060) 570 C19    2pz    ( 0.1108)
               571 C19    *pz    ( 0.1126) 601 C20    2pz    ( 0.1080) 602 C20    *pz    ( 0.1095) 718 C24    *s     (-0.1085)
               835 NI37   3d2-   ( 0.1970) 836 NI37   *d2-   ( 0.1319) 851 NI37   3d2+   ( 0.1225) 880 NI38   3d2-   (-0.1691)
               881 NI38   *d2-   (-0.1132)
         97   -0.3942                                                                                                                     
                 5 C1     *s     ( 0.1886)   8 C1     *px    (-0.1150)  11 C1     *py    (-0.1017)  36 C2     *s     (-0.1913)
                39 C2     *px    ( 0.1482)  67 C3     *s     ( 0.1422)  70 C3     *px    ( 0.1518) 135 C5     *py    ( 0.1006)
               160 C6     *s     (-0.1419) 166 C6     *py    (-0.1379) 191 C7     *s     ( 0.1027) 222 C8     *s     (-0.1036)
               477 C16    2pz    (-0.1045) 478 C16    *pz    (-0.1041) 694 C23    2pz    ( 0.1025) 695 C23    *pz    ( 0.1021)
               835 NI37   3d2-   ( 0.1047) 839 NI37   3d1-   (-0.1178) 851 NI37   3d2+   (-0.1776) 852 NI37   *d2+   (-0.1200)
               880 NI38   3d2-   ( 0.1748) 881 NI38   *d2-   ( 0.1180) 896 NI38   3d2+   (-0.3047) 897 NI38   *d2+   (-0.2056)
               898 NI38   *d2+   (-0.1358)
         98   -0.3857                                                                                                                     
                 5 C1     *s     (-0.1391)   8 C1     *px    ( 0.1790)  36 C2     *s     ( 0.1305)  42 C2     *py    (-0.1642)
                67 C3     *s     (-0.2809)  73 C3     *py    ( 0.1958)  98 C4     *s     ( 0.2155) 101 C4     *px    ( 0.2024)
               104 C4     *py    ( 0.1174) 129 C5     *s     (-0.2108) 132 C5     *px    (-0.1997) 135 C5     *py    (-0.1181)
               160 C6     *s     ( 0.2846) 163 C6     *px    (-0.1584) 166 C6     *py    ( 0.1149) 191 C7     *s     (-0.1443)
               199 C7     *pz    ( 0.1001) 222 C8     *s     ( 0.1442) 253 C9     *s     (-0.1107) 260 C9     2pz    ( 0.1111)
               261 C9     *pz    ( 0.1120) 284 C10    *s     ( 0.1802) 291 C10    2pz    (-0.1099) 292 C10    *pz    (-0.1128)
               315 C11    *s     (-0.1809) 322 C11    2pz    ( 0.1126) 323 C11    *pz    ( 0.1156) 346 C12    *s     ( 0.1117)
               353 C12    2pz    (-0.1146) 354 C12    *pz    (-0.1155) 508 C17    2pz    ( 0.1120) 509 C17    *pz    ( 0.1110)
               663 C22    2pz    (-0.1114) 664 C22    *pz    (-0.1104) 835 NI37   3d2-   ( 0.1219) 851 NI37   3d2+   (-0.2043)
               852 NI37   *d2+   (-0.1378)
         99   -0.3769                                                                                                                     
                13 C1     *pz    ( 0.1005) 137 C5     *pz    (-0.1002) 446 C15    2pz    (-0.1086) 447 C15    *pz    (-0.1084)
               477 C16    2pz    (-0.1095) 478 C16    *pz    (-0.1095) 508 C17    2pz    ( 0.1102) 509 C17    *pz    ( 0.1102)
               539 C18    2pz    ( 0.1091) 540 C18    *pz    ( 0.1089) 632 C21    2pz    ( 0.1119) 633 C21    *pz    ( 0.1117)
               663 C22    2pz    ( 0.1125) 664 C22    *pz    ( 0.1126) 694 C23    2pz    (-0.1129) 695 C23    *pz    (-0.1129)
               725 C24    2pz    (-0.1103) 726 C24    *pz    (-0.1101) 835 NI37   3d2-   (-0.1039)
        100   -0.3542                                                                                                                     
                 5 C1     *s     ( 0.3420)   8 C1     *px    (-0.1781)  36 C2     *s     (-0.3435)  42 C2     *py    ( 0.1720)
                67 C3     *s     ( 0.2912)  73 C3     *py    (-0.1685)  74 C3     2pz    (-0.1742)  75 C3     *pz    (-0.1784)
                98 C4     *s     (-0.3442) 101 C4     *px    (-0.1803) 129 C5     *s     ( 0.3421) 135 C5     *py    ( 0.1727)
               160 C6     *s     (-0.2879) 166 C6     *py    (-0.1664) 167 C6     2pz    ( 0.1722) 168 C6     *pz    ( 0.1763)
               851 NI37   3d2+   ( 0.1190) 896 NI38   3d2+   (-0.1226)
        101   -0.3962                                                                                                                     
                 8 C1     *px    (-0.1748)  11 C1     *py    (-0.5150)  39 C2     *px    ( 0.5470)  42 C2     *py    (-0.1100)
                70 C3     *px    ( 0.5069)  73 C3     *py    ( 0.2735) 101 C4     *px    ( 0.1492) 104 C4     *py    ( 0.5156)
               132 C5     *px    (-0.5387) 135 C5     *py    ( 0.1332) 163 C6     *px    (-0.4973) 166 C6     *py    (-0.2958)
               191 C7     *s     ( 0.1626) 222 C8     *s     (-0.1535) 284 C10    *s     ( 0.1449) 315 C11    *s     (-0.1361)
               835 NI37   3d2-   (-0.1020) 839 NI37   3d1-   (-0.2205) 840 NI37   *d1-   (-0.1477) 847 NI37   3d1+   ( 0.1393)
               851 NI37   3d2+   ( 0.1863) 852 NI37   *d2+   ( 0.1252) 884 NI38   3d1-   ( 0.2075) 885 NI38   *d1-   ( 0.1389)
               892 NI38   3d1+   (-0.1308) 896 NI38   3d2+   ( 0.1764) 897 NI38   *d2+   ( 0.1186)
        102   -0.3862                                                                                                                     
                 5 C1     *s     (-0.1949)  11 C1     *py    ( 0.1555)  36 C2     *s     (-0.1892)  67 C3     *s     ( 0.3631)
                98 C4     *s     (-0.1966) 104 C4     *py    (-0.1522) 129 C5     *s     (-0.1859) 160 C6     *s     ( 0.3656)
               384 C13    2pz    (-0.1278) 385 C13    *pz    (-0.1327) 415 C14    2pz    (-0.1321) 416 C14    *pz    (-0.1370)
               439 C15    *s     (-0.1082) 570 C19    2pz    (-0.1267) 571 C19    *pz    (-0.1316) 601 C20    2pz    (-0.1318)
               602 C20    *pz    (-0.1366) 625 C21    *s     (-0.1097) 718 C24    *s     (-0.1018)
        103   -0.3416                                                                                                                     
                 5 C1     *s     (-0.3529)   8 C1     *px    ( 0.1179)  11 C1     *py    (-0.2021)  36 C2     *s     ( 0.3498)
                39 C2     *px    ( 0.1186)  42 C2     *py    (-0.2039)  73 C3     *py    ( 0.1046)  98 C4     *s     ( 0.3722)
               101 C4     *px    ( 0.1283) 104 C4     *py    (-0.2033) 129 C5     *s     (-0.3746) 132 C5     *px    ( 0.1107)
               135 C5     *py    (-0.2127) 197 C7     *py    ( 0.1426) 225 C8     *px    (-0.1392) 253 C9     *s     (-0.1532)
               290 C10    *py    ( 0.1529) 318 C11    *px    (-0.1482) 346 C12    *s     ( 0.1522) 377 C13    *s     (-0.2108)
               408 C14    *s     ( 0.2108) 439 C15    *s     (-0.1299) 532 C18    *s     (-0.1403) 563 C19    *s     ( 0.2250)
               594 C20    *s     (-0.2242) 625 C21    *s     ( 0.1391) 718 C24    *s     ( 0.1282) 839 NI37   3d1-   ( 0.3415)
               840 NI37   *d1-   ( 0.2279) 841 NI37   *d1-   ( 0.1453) 847 NI37   3d1+   (-0.2028) 848 NI37   *d1+   (-0.1353)
               884 NI38   3d1-   ( 0.3789) 885 NI38   *d1-   ( 0.2529) 886 NI38   *d1-   ( 0.1611) 892 NI38   3d1+   (-0.2237)
               893 NI38   *d1+   (-0.1493)
        104   -0.2868                                                                                                                     
                 5 C1     *s     (-0.1196)  11 C1     *py    (-0.4057)  36 C2     *s     ( 0.1220)  39 C2     *px    ( 0.3341)
                42 C2     *py    (-0.2320)  70 C3     *px    ( 0.2671)  73 C3     *py    ( 0.1510)  98 C4     *s     (-0.1094)
               104 C4     *py    ( 0.3871) 129 C5     *s     ( 0.1081) 132 C5     *px    (-0.3172) 135 C5     *py    ( 0.2280)
               163 C6     *px    (-0.2659) 166 C6     *py    (-0.1572) 197 C7     *py    ( 0.1283) 198 C7     2pz    (-0.1125)
               199 C7     *pz    (-0.1150) 225 C8     *px    (-0.1331) 229 C8     2pz    ( 0.1132) 230 C8     *pz    ( 0.1158)
               290 C10    *py    (-0.1174) 292 C10    *pz    (-0.1015) 318 C11    *px    ( 0.1241) 323 C11    *pz    ( 0.1010)
               377 C13    *s     (-0.1946) 408 C14    *s     ( 0.1933) 563 C19    *s     (-0.1759) 594 C20    *s     ( 0.1754)
               839 NI37   3d1-   ( 0.2722) 840 NI37   *d1-   ( 0.1809) 841 NI37   *d1-   ( 0.1128) 847 NI37   3d1+   (-0.1645)
               848 NI37   *d1+   (-0.1093) 884 NI38   3d1-   (-0.2477) 885 NI38   *d1-   (-0.1646) 886 NI38   *d1-   (-0.1028)
               892 NI38   3d1+   ( 0.1466)
        105   -0.1034                                                                                                                     
                67 C3     *s     (-0.1086)  98 C4     *s     ( 0.1072) 129 C5     *s     ( 0.1053) 160 C6     *s     (-0.1084)
               839 NI37   3d1-   (-0.1925) 840 NI37   *d1-   (-0.1275) 847 NI37   3d1+   (-0.3206) 848 NI37   *d1+   (-0.2124)
               849 NI37   *d1+   (-0.1248) 884 NI38   3d1-   ( 0.2254) 885 NI38   *d1-   ( 0.1493) 892 NI38   3d1+   ( 0.3813)
               893 NI38   *d1+   ( 0.2526) 894 NI38   *d1+   ( 0.1484)
        106   -0.0949                                                                                                                     
                 5 C1     *s     (-0.1227)  36 C2     *s     (-0.1127)  98 C4     *s     ( 0.1056) 822 NI37   *s     ( 0.1211)
               839 NI37   3d1-   ( 0.2311) 840 NI37   *d1-   ( 0.1530) 847 NI37   3d1+   ( 0.3859) 848 NI37   *d1+   ( 0.2555)
               849 NI37   *d1+   ( 0.1500) 867 NI38   *s     (-0.1049) 884 NI38   3d1-   ( 0.1941) 885 NI38   *d1-   ( 0.1285)
               892 NI38   3d1+   ( 0.3293) 893 NI38   *d1+   ( 0.2180) 894 NI38   *d1+   ( 0.1280)
        107   -0.0293                                                                                                                     
                 5 C1     *s     ( 0.1007)  67 C3     *s     (-0.4356) 160 C6     *s     (-0.4355) 377 C13    *s     (-0.1227)
               408 C14    *s     (-0.1238) 563 C19    *s     (-0.1235) 594 C20    *s     (-0.1243) 820 NI37   4s     (-0.1214)
               821 NI37   *s     ( 0.1238) 822 NI37   *s     ( 0.8636) 865 NI38   4s     (-0.1223) 866 NI38   *s     ( 0.1246)
               867 NI38   *s     ( 0.8702)
        108   -0.0086                                                                                                                     
                 5 C1     *s     (-0.2172)  36 C2     *s     (-0.2168)  70 C3     *px    ( 0.1195)  98 C4     *s     ( 0.2167)
               129 C5     *s     ( 0.2165) 163 C6     *px    ( 0.1193) 191 C7     *s     ( 0.1001) 194 C7     *px    (-0.1270)
               199 C7     *pz    ( 0.1025) 200 C7     *pz    ( 0.1585) 228 C8     *py    (-0.1124) 230 C8     *pz    ( 0.1023)
               231 C8     *pz    ( 0.1580) 284 C10    *s     (-0.1000) 287 C10    *px    (-0.1269) 292 C10    *pz    (-0.1024)
               293 C10    *pz    (-0.1583) 321 C11    *py    (-0.1124) 323 C11    *pz    (-0.1021) 324 C11    *pz    (-0.1577)
               479 C16    *pz    (-0.1424) 510 C17    *pz    ( 0.1419) 665 C22    *pz    ( 0.1420) 696 C23    *pz    (-0.1423)
               820 NI37   4s     ( 0.1066) 821 NI37   *s     (-0.1092) 822 NI37   *s     (-0.6573) 865 NI38   4s     (-0.1060)
               866 NI38   *s     ( 0.1085) 867 NI38   *s     ( 0.6531)
        109    0.0241                                                                                                                     
                 5 C1     *s     (-0.1716)   8 C1     *px    ( 0.2940)  36 C2     *s     ( 0.1673)  42 C2     *py    (-0.2870)
                67 C3     *s     (-0.1617)  70 C3     *px    (-0.1004)  73 C3     *py    ( 0.1784)  76 C3     *pz    (-0.1555)
                98 C4     *s     ( 0.1730) 101 C4     *px    ( 0.2938) 129 C5     *s     (-0.1690) 135 C5     *py    (-0.2861)
               160 C6     *s     ( 0.1622) 163 C6     *px    (-0.1022) 166 C6     *py    ( 0.1773) 169 C6     *pz    ( 0.1554)
               191 C7     *s     (-0.2205) 194 C7     *px    ( 0.1926) 197 C7     *py    (-0.1336) 200 C7     *pz    (-0.1421)
               222 C8     *s     ( 0.2230) 228 C8     *py    (-0.2342) 231 C8     *pz    ( 0.1433) 253 C9     *s     (-0.1238)
               260 C9     2pz    ( 0.1276) 261 C9     *pz    ( 0.1304) 262 C9     *pz    ( 0.1998) 284 C10    *s     ( 0.2209)
               287 C10    *px    ( 0.1923) 290 C10    *py    (-0.1341) 293 C10    *pz    ( 0.1424) 315 C11    *s     (-0.2230)
               321 C11    *py    (-0.2342) 324 C11    *pz    (-0.1435) 346 C12    *s     ( 0.1236) 353 C12    2pz    (-0.1276)
               354 C12    *pz    (-0.1303) 355 C12    *pz    (-0.1998) 384 C13    2pz    (-0.1097) 385 C13    *pz    (-0.1176)
               386 C13    *pz    (-0.2222) 415 C14    2pz    ( 0.1095) 416 C14    *pz    ( 0.1174) 417 C14    *pz    ( 0.2217)
               439 C15    *s     ( 0.1820) 446 C15    2pz    (-0.1069) 447 C15    *pz    (-0.1028) 448 C15    *pz    (-0.2040)
               532 C18    *s     ( 0.1834) 539 C18    2pz    (-0.1074) 540 C18    *pz    (-0.1032) 541 C18    *pz    (-0.2050)
               570 C19    2pz    ( 0.1093) 571 C19    *pz    ( 0.1172) 572 C19    *pz    ( 0.2212) 601 C20    2pz    (-0.1091)
               602 C20    *pz    (-0.1169) 603 C20    *pz    (-0.2207) 625 C21    *s     (-0.1821) 632 C21    2pz    ( 0.1070)
               633 C21    *pz    ( 0.1028) 634 C21    *pz    ( 0.2043) 718 C24    *s     (-0.1834) 725 C24    2pz    ( 0.1072)
               726 C24    *pz    ( 0.1031) 727 C24    *pz    ( 0.2044)
        110    0.0399                                                                                                                     
                 5 C1     *s     ( 0.6510)   8 C1     *px    ( 0.1740)  11 C1     *py    (-0.1157)  14 C1     *pz    ( 0.1209)
                36 C2     *s     ( 0.6525)  42 C2     *py    ( 0.2074)  45 C2     *pz    ( 0.1206)  70 C3     *px    (-0.2474)
                73 C3     *py    (-0.1413)  98 C4     *s     (-0.6525) 101 C4     *px    ( 0.1743) 104 C4     *py    (-0.1167)
               107 C4     *pz    (-0.1202) 129 C5     *s     (-0.6540) 135 C5     *py    ( 0.2083) 138 C5     *pz    (-0.1200)
               163 C6     *px    (-0.2468) 166 C6     *py    (-0.1426) 191 C7     *s     (-0.2964) 194 C7     *px    ( 0.2054)
               200 C7     *pz    (-0.1122) 222 C8     *s     (-0.2952) 225 C8     *px    ( 0.1623) 228 C8     *py    ( 0.1431)
               231 C8     *pz    (-0.1116) 256 C9     *px    ( 0.1766) 259 C9     *py    ( 0.1034) 284 C10    *s     ( 0.2984)
               287 C10    *px    ( 0.2058) 293 C10    *pz    ( 0.1127) 315 C11    *s     ( 0.2972) 318 C11    *px    ( 0.1628)
               321 C11    *py    ( 0.1432) 324 C11    *pz    ( 0.1121) 349 C12    *px    ( 0.1777) 352 C12    *py    ( 0.1017)
               386 C13    *pz    ( 0.1346) 417 C14    *pz    ( 0.1355) 439 C15    *s     ( 0.1587) 470 C16    *s     (-0.2548)
               479 C16    *pz    ( 0.1671) 501 C17    *s     ( 0.2556) 510 C17    *pz    (-0.1659) 532 C18    *s     (-0.1596)
               572 C19    *pz    (-0.1346) 603 C20    *pz    (-0.1355) 625 C21    *s     (-0.1597) 656 C22    *s     ( 0.2551)
               665 C22    *pz    (-0.1660) 687 C23    *s     (-0.2553) 696 C23    *pz    ( 0.1671) 718 C24    *s     ( 0.1586)
               822 NI37   *s     (-0.8010) 867 NI38   *s     ( 0.7973)
        111    0.0759                                                                                                                     
                 5 C1     *s     ( 0.2860)   8 C1     *px    ( 0.1057)  11 C1     *py    (-0.1933)  14 C1     *pz    (-0.1600)
                36 C2     *s     ( 0.2605)  39 C2     *px    (-0.1069)  42 C2     *py    ( 0.1729)  45 C2     *pz    (-0.1779)
                67 C3     *s     (-1.0945)  70 C3     *px    ( 0.1878)  73 C3     *py    (-0.3002)  74 C3     2pz    ( 0.1725)
                75 C3     *pz    ( 0.1776)  76 C3     *pz    ( 0.3103)  98 C4     *s     ( 0.2835) 101 C4     *px    (-0.1048)
               104 C4     *py    ( 0.1927) 107 C4     *pz    (-0.1605) 129 C5     *s     ( 0.2577) 132 C5     *px    ( 0.1069)
               135 C5     *py    (-0.1722) 138 C5     *pz    (-0.1784) 160 C6     *s     (-1.0945) 163 C6     *px    (-0.1888)
               166 C6     *py    ( 0.2997) 167 C6     2pz    ( 0.1725) 168 C6     *pz    ( 0.1777) 169 C6     *pz    ( 0.3103)
               191 C7     *s     (-0.4186) 222 C8     *s     (-0.4169) 253 C9     *s     ( 0.6798) 256 C9     *px    ( 0.1999)
               259 C9     *py    (-0.3610) 262 C9     *pz    ( 0.1402) 284 C10    *s     (-0.4173) 315 C11    *s     (-0.4157)
               346 C12    *s     ( 0.6799) 349 C12    *px    (-0.1992) 352 C12    *py    ( 0.3614) 355 C12    *pz    ( 0.1402)
               380 C13    *px    (-0.1171) 414 C14    *py    (-0.1015) 439 C15    *s     ( 0.2424) 448 C15    *pz    ( 0.2701)
               473 C16    *px    (-0.1186) 479 C16    *pz    (-0.3063) 507 C17    *py    ( 0.1194) 510 C17    *pz    (-0.2990)
               532 C18    *s     ( 0.2475) 541 C18    *pz    ( 0.2598) 566 C19    *px    ( 0.1169) 600 C20    *py    ( 0.1012)
               625 C21    *s     ( 0.2420) 634 C21    *pz    ( 0.2705) 659 C22    *px    ( 0.1184) 665 C22    *pz    (-0.3071)
               693 C23    *py    (-0.1197) 696 C23    *pz    (-0.2982) 718 C24    *s     ( 0.2480) 727 C24    *pz    ( 0.2594)
               821 NI37   *s     (-0.1116) 822 NI37   *s     ( 0.2096) 866 NI38   *s     (-0.1115) 867 NI38   *s     ( 0.2120)
      
        112    0.0762                                                                                                                     
                 5 C1     *s     ( 0.4111)   8 C1     *px    ( 0.1358)  12 C1     2pz    ( 0.1570)  13 C1     *pz    ( 0.1701)
                14 C1     *pz    ( 0.2985)  36 C2     *s     (-0.4269)  42 C2     *py    (-0.1624)  43 C2     2pz    (-0.1518)
                44 C2     *pz    (-0.1644)  45 C2     *pz    (-0.2878)  70 C3     *px    ( 0.2348)  73 C3     *py    ( 0.1478)
                98 C4     *s     ( 0.4101) 101 C4     *px    (-0.1369) 105 C4     2pz    ( 0.1571) 106 C4     *pz    ( 0.1702)
               107 C4     *pz    ( 0.2985) 129 C5     *s     (-0.4255) 135 C5     *py    ( 0.1636) 136 C5     2pz    (-0.1519)
               137 C5     *pz    (-0.1646) 138 C5     *pz    (-0.2878) 163 C6     *px    (-0.2344) 166 C6     *py    (-0.1484)
               194 C7     *px    ( 0.1191) 197 C7     *py    ( 0.1533) 200 C7     *pz    ( 0.1099) 225 C8     *px    (-0.1964)
               231 C8     *pz    (-0.1049) 256 C9     *px    (-0.1828) 287 C10    *px    (-0.1199) 290 C10    *py    (-0.1532)
               293 C10    *pz    ( 0.1094) 318 C11    *px    ( 0.1966) 324 C11    *pz    (-0.1045) 349 C12    *px    ( 0.1828)
               377 C13    *s     (-0.1918) 380 C13    *px    ( 0.1630) 383 C13    *py    ( 0.2161) 386 C13    *pz    (-0.3093)
               408 C14    *s     ( 0.1877) 411 C14    *px    (-0.2642) 417 C14    *pz    ( 0.3066) 448 C15    *pz    ( 0.1605)
               470 C16    *s     ( 0.1136) 479 C16    *pz    (-0.1187) 501 C17    *s     (-0.1104) 510 C17    *pz    ( 0.1378)
               541 C18    *pz    (-0.1766) 563 C19    *s     (-0.1923) 566 C19    *px    (-0.1632) 569 C19    *py    (-0.2163)
               572 C19    *pz    (-0.3099) 594 C20    *s     ( 0.1883) 597 C20    *px    ( 0.2644) 603 C20    *pz    ( 0.3073)
               634 C21    *pz    ( 0.1599) 656 C22    *s     ( 0.1137) 665 C22    *pz    (-0.1186) 687 C23    *s     (-0.1102)
               696 C23    *pz    ( 0.1377) 727 C24    *pz    (-0.1771)
        113    0.0973                                                                                                                     
                 5 C1     *s     ( 0.1309)   8 C1     *px    (-0.2764)  36 C2     *s     ( 0.1331)  39 C2     *px    (-0.2030)
                42 C2     *py    (-0.1984)  67 C3     *s     (-0.2477)  70 C3     *px    (-0.2836)  73 C3     *py    ( 0.4816)
                76 C3     *pz    ( 0.1018)  98 C4     *s     ( 0.1287) 101 C4     *px    ( 0.2764) 129 C5     *s     ( 0.1310)
               132 C5     *px    ( 0.2025) 135 C5     *py    ( 0.1992) 160 C6     *s     (-0.2481) 163 C6     *px    ( 0.2823)
               166 C6     *py    (-0.4826) 169 C6     *pz    ( 0.1018) 197 C7     *py    (-0.1485) 198 C7     2pz    (-0.1301)
               199 C7     *pz    (-0.1316) 200 C7     *pz    (-0.4058) 225 C8     *px    (-0.1623) 229 C8     2pz    (-0.1301)
               230 C8     *pz    (-0.1316) 231 C8     *pz    (-0.4057) 253 C9     *s     (-0.4355) 259 C9     *py    ( 0.1582)
               260 C9     2pz    (-0.1329) 261 C9     *pz    (-0.1294) 262 C9     *pz    (-0.3961) 290 C10    *py    ( 0.1491)
               291 C10    2pz    (-0.1299) 292 C10    *pz    (-0.1314) 293 C10    *pz    (-0.4052) 318 C11    *px    ( 0.1628)
               322 C11    2pz    (-0.1299) 323 C11    *pz    (-0.1314) 324 C11    *pz    (-0.4050) 346 C12    *s     (-0.4357)
               352 C12    *py    (-0.1578) 353 C12    2pz    (-0.1329) 354 C12    *pz    (-0.1294) 355 C12    *pz    (-0.3961)
               377 C13    *s     ( 0.3011) 380 C13    *px    (-0.2378) 386 C13    *pz    ( 0.1914) 408 C14    *s     ( 0.2994)
               411 C14    *px    (-0.1799) 414 C14    *py    (-0.1703) 417 C14    *pz    ( 0.1916) 439 C15    *s     (-0.1369)
               448 C15    *pz    ( 0.1906) 479 C16    *pz    ( 0.1774) 510 C17    *pz    ( 0.1779) 532 C18    *s     (-0.1440)
               541 C18    *pz    ( 0.1900) 563 C19    *s     ( 0.3016) 566 C19    *px    ( 0.2374) 572 C19    *pz    ( 0.1910)
               594 C20    *s     ( 0.2992) 597 C20    *px    ( 0.1797) 600 C20    *py    ( 0.1697) 603 C20    *pz    ( 0.1912)
               625 C21    *s     (-0.1376) 634 C21    *pz    ( 0.1899) 665 C22    *pz    ( 0.1778) 696 C23    *pz    ( 0.1775)
               718 C24    *s     (-0.1433) 727 C24    *pz    ( 0.1906) 747 H25    *s     ( 0.1480) 753 H26    *s     ( 0.1481)
               783 H31    *s     ( 0.1476) 789 H32    *s     ( 0.1476) 822 NI37   *s     (-0.1520) 867 NI38   *s     (-0.1515)
      
        114    0.1310                                                                                                                     
                 5 C1     *s     ( 0.6326)   8 C1     *px    ( 0.6229)  11 C1     *py    ( 1.4219)  36 C2     *s     (-0.6364)
                39 C2     *px    (-1.5436)  42 C2     *py    ( 0.1693)  70 C3     *px    (-1.0347)  73 C3     *py    (-0.5981)
                98 C4     *s     ( 0.6223) 101 C4     *px    (-0.6268) 104 C4     *py    (-1.4184) 129 C5     *s     (-0.6248)
               132 C5     *px    ( 1.5425) 135 C5     *py    (-0.1647) 163 C6     *px    ( 1.0369) 166 C6     *py    ( 0.5947)
               191 C7     *s     (-1.2298) 194 C7     *px    ( 0.4176) 197 C7     *py    (-0.7024) 222 C8     *s     ( 1.2339)
               225 C8     *px    ( 0.3977) 228 C8     *py    (-0.7148) 256 C9     *px    ( 0.2659) 259 C9     *py    ( 0.1524)
               284 C10    *s     (-1.2247) 287 C10    *px    (-0.4185) 290 C10    *py    ( 0.7015) 315 C11    *s     ( 1.2281)
               318 C11    *px    (-0.3968) 321 C11    *py    ( 0.7146) 349 C12    *px    (-0.2646) 352 C12    *py    (-0.1548)
               377 C13    *s     ( 0.6401) 380 C13    *px    (-0.4333) 383 C13    *py    (-0.1372) 384 C13    2pz    (-0.1151)
               385 C13    *pz    (-0.1284) 386 C13    *pz    (-0.4210) 408 C14    *s     (-0.6376) 411 C14    *px    ( 0.3353)
               414 C14    *py    ( 0.3079) 415 C14    2pz    ( 0.1151) 416 C14    *pz    ( 0.1283) 417 C14    *pz    ( 0.4211)
               439 C15    *s     ( 0.5440) 442 C15    *px    ( 0.1588) 446 C15    2pz    (-0.1144) 447 C15    *pz    (-0.1140)
               448 C15    *pz    (-0.2918) 470 C16    *s     (-0.1354) 477 C16    2pz    ( 0.1192) 478 C16    *pz    ( 0.1156)
               479 C16    *pz    ( 0.3092) 501 C17    *s     ( 0.1410) 508 C17    2pz    (-0.1191) 509 C17    *pz    (-0.1154)
               510 C17    *pz    (-0.3082) 532 C18    *s     (-0.5454) 538 C18    *py    ( 0.1280) 539 C18    2pz    ( 0.1143)
               540 C18    *pz    ( 0.1139) 541 C18    *pz    ( 0.2916) 563 C19    *s     ( 0.6348) 566 C19    *px    ( 0.4296)
               569 C19    *py    ( 0.1363) 570 C19    2pz    (-0.1149) 571 C19    *pz    (-0.1282) 572 C19    *pz    (-0.4193)
               594 C20    *s     (-0.6329) 597 C20    *px    (-0.3328) 600 C20    *py    (-0.3048) 601 C20    2pz    ( 0.1148)
               602 C20    *pz    ( 0.1281) 603 C20    *pz    ( 0.4195) 625 C21    *s     ( 0.5442) 628 C21    *px    (-0.1584)
               632 C21    2pz    (-0.1143) 633 C21    *pz    (-0.1139) 634 C21    *pz    (-0.2916) 656 C22    *s     (-0.1383)
               663 C22    2pz    ( 0.1190) 664 C22    *pz    ( 0.1154) 665 C22    *pz    ( 0.3082) 687 C23    *s     ( 0.1383)
               694 C23    2pz    (-0.1193) 695 C23    *pz    (-0.1156) 696 C23    *pz    (-0.3092) 718 C24    *s     (-0.5451)
               724 C24    *py    (-0.1269) 725 C24    2pz    ( 0.1144) 726 C24    *pz    ( 0.1140) 727 C24    *pz    ( 0.2918)
               747 H25    *s     ( 0.2856) 753 H26    *s     (-0.2872) 759 H27    *s     (-0.2099) 777 H30    *s     ( 0.2056)
               783 H31    *s     ( 0.2832) 789 H32    *s     (-0.2845) 795 H33    *s     (-0.2070) 813 H36    *s     ( 0.2083)
      
        115    0.1351                                                                                                                     
                 4 C1     *s     ( 0.3483)   5 C1     *s     ( 0.4199)   7 C1     *px    ( 0.1005)   8 C1     *px    ( 0.1618)
                11 C1     *py    (-0.1509)  14 C1     *pz    (-0.1101)  35 C2     *s     ( 0.3483)  36 C2     *s     ( 0.4251)
                42 C2     *py    ( 0.2142)  45 C2     *pz    (-0.1099)  66 C3     *s     ( 0.2647)  67 C3     *s     (-0.7876)
                70 C3     *px    ( 0.1656)  72 C3     *py    ( 0.1113)  73 C3     *py    (-0.2752)  97 C4     *s     ( 0.3408)
                98 C4     *s     ( 0.4110) 101 C4     *px    (-0.1487) 104 C4     *py    ( 0.1569) 107 C4     *pz    (-0.1063)
               128 C5     *s     ( 0.3408) 129 C5     *s     ( 0.4123) 135 C5     *py    (-0.2074) 138 C5     *pz    (-0.1062)
               159 C6     *s     ( 0.2646) 160 C6     *s     (-0.7879) 163 C6     *px    (-0.1537) 165 C6     *py    (-0.1081)
               166 C6     *py    ( 0.2824) 190 C7     *s     ( 0.1528) 191 C7     *s     (-0.6339) 193 C7     *px    ( 0.1600)
               194 C7     *px    ( 0.7245) 197 C7     *py    ( 0.1369) 221 C8     *s     ( 0.1526) 222 C8     *s     (-0.6372)
               225 C8     *px    ( 0.4802) 227 C8     *py    ( 0.1373) 228 C8     *py    ( 0.5590) 252 C9     *s     ( 0.1062)
               253 C9     *s     ( 1.0553) 258 C9     *py    ( 0.1599) 259 C9     *py    ( 0.1292) 283 C10    *s     ( 0.1503)
               284 C10    *s     (-0.6169) 286 C10    *px    (-0.1537) 287 C10    *px    (-0.6848) 290 C10    *py    (-0.1436)
               314 C11    *s     ( 0.1503) 315 C11    *s     (-0.6176) 318 C11    *px    (-0.4667) 320 C11    *py    (-0.1327)
               321 C11    *py    (-0.5209) 345 C12    *s     ( 0.1061) 346 C12    *s     ( 1.0548) 351 C12    *py    (-0.1565)
               352 C12    *py    (-0.1375) 377 C13    *s     (-1.1147) 380 C13    *px    (-0.7350) 383 C13    *py    ( 0.2227)
               386 C13    *pz    (-0.1006) 408 C14    *s     (-1.1124) 411 C14    *px    (-0.1763) 414 C14    *py    (-0.7491)
               417 C14    *pz    (-0.1006) 438 C15    *s     (-0.1661) 439 C15    *s     (-0.3285) 442 C15    *px    (-0.5660)
               444 C15    *py    ( 0.1035) 445 C15    *py    (-0.6996) 469 C16    *s     (-0.1220) 470 C16    *s     (-1.1701)
               473 C16    *px    ( 0.2243) 475 C16    *py    ( 0.1169) 476 C16    *py    (-0.1102) 500 C17    *s     (-0.1202)
               501 C17    *s     (-1.1505) 503 C17    *px    (-0.1103) 507 C17    *py    (-0.2566) 531 C18    *s     (-0.1587)
               532 C18    *s     (-0.3135) 535 C18    *px    ( 0.8526) 538 C18    *py    ( 0.1263) 563 C19    *s     (-1.0645)
               566 C19    *px    ( 0.7027) 569 C19    *py    (-0.2121) 594 C20    *s     (-1.0647) 597 C20    *px    ( 0.1681)
               600 C20    *py    ( 0.7145) 624 C21    *s     (-0.1588) 625 C21    *s     (-0.3123) 628 C21    *px    ( 0.5359)
               630 C21    *py    (-0.1007) 631 C21    *py    ( 0.6755) 655 C22    *s     (-0.1203) 656 C22    *s     (-1.1520)
               659 C22    *px    (-0.2320) 661 C22    *py    (-0.1134) 662 C22    *py    ( 0.1103) 686 C23    *s     (-0.1218)
               687 C23    *s     (-1.1676) 689 C23    *px    ( 0.1154) 693 C23    *py    ( 0.2498) 717 C24    *s     (-0.1657)
               718 C24    *s     (-0.3299) 721 C24    *px    (-0.8876) 724 C24    *py    (-0.1406) 746 H25    *s     (-0.1721)
               747 H25    *s     ( 1.3210) 752 H26    *s     (-0.1722) 753 H26    *s     ( 1.3222) 758 H27    *s     (-0.1429)
               759 H27    *s     ( 1.1542) 764 H28    *s     (-0.1178) 765 H28    *s     ( 0.7769) 770 H29    *s     (-0.1164)
               771 H29    *s     ( 0.7702) 776 H30    *s     (-0.1375) 777 H30    *s     ( 1.1112) 782 H31    *s     (-0.1653)
               783 H31    *s     ( 1.2646) 788 H32    *s     (-0.1653) 789 H32    *s     ( 1.2647) 794 H33    *s     (-0.1375)
               795 H33    *s     ( 1.1113) 800 H34    *s     (-0.1164) 801 H34    *s     ( 0.7699) 806 H35    *s     (-0.1177)
               807 H35    *s     ( 0.7768) 812 H36    *s     (-0.1428) 813 H36    *s     ( 1.1531) 822 NI37   *s     ( 0.1527)
               867 NI38   *s     ( 0.1461)
        116    0.1404                                                                                                                     
                 4 C1     *s     ( 0.2208)   5 C1     *s     ( 0.3194)   7 C1     *px    ( 0.1763)   8 C1     *px    ( 0.4025)
                11 C1     *py    ( 0.2189)  14 C1     *pz    (-0.1128)  35 C2     *s     ( 0.2210)  36 C2     *s     ( 0.3310)
                38 C2     *px    ( 0.1630)  39 C2     *px    ( 0.3890)  41 C2     *py    ( 0.1095)  42 C2     *py    ( 0.2346)
                45 C2     *pz    (-0.1126)  69 C3     *px    ( 0.1637)  70 C3     *px    ( 0.3785)  73 C3     *py    ( 0.2305)
                97 C4     *s     (-0.2328)  98 C4     *s     (-0.3170) 100 C4     *px    ( 0.1790) 101 C4     *px    ( 0.4097)
               104 C4     *py    ( 0.2210) 107 C4     *pz    ( 0.1159) 128 C5     *s     (-0.2331) 129 C5     *s     (-0.3255)
               131 C5     *px    ( 0.1633) 132 C5     *px    ( 0.3952) 134 C5     *py    ( 0.1124) 135 C5     *py    ( 0.2405)
               138 C5     *pz    ( 0.1157) 162 C6     *px    ( 0.1607) 163 C6     *px    ( 0.3871) 166 C6     *py    ( 0.2174)
               191 C7     *s     (-0.5483) 193 C7     *px    ( 0.1877) 194 C7     *px    ( 1.2080) 197 C7     *py    (-0.2259)
               222 C8     *s     (-0.5508) 224 C8     *px    ( 0.1469) 225 C8     *px    ( 0.4088) 227 C8     *py    ( 0.1321)
               228 C8     *py    ( 1.1584) 255 C9     *px    ( 0.1744) 256 C9     *px    (-0.4568) 259 C9     *py    (-0.2698)
               284 C10    *s     ( 0.5575) 286 C10    *px    ( 0.1927) 287 C10    *px    ( 1.2298) 290 C10    *py    (-0.2271)
               303 C10    *d2+   ( 0.1008) 315 C11    *s     ( 0.5579) 317 C11    *px    ( 0.1480) 318 C11    *px    ( 0.4189)
               320 C11    *py    ( 0.1371) 321 C11    *py    ( 1.1779) 348 C12    *px    ( 0.1704) 349 C12    *px    (-0.4636)
               351 C12    *py    ( 0.1031) 352 C12    *py    (-0.2592) 377 C13    *s     (-1.4487) 379 C13    *px    ( 0.1135)
               380 C13    *px    (-0.9901) 383 C13    *py    ( 0.3139) 386 C13    *pz    (-0.1634) 408 C14    *s     (-1.4488)
               410 C14    *px    ( 0.1268) 411 C14    *px    (-0.2247) 414 C14    *py    (-1.0157) 417 C14    *pz    (-0.1637)
               438 C15    *s     (-0.2098) 439 C15    *s     (-0.4856) 442 C15    *px    (-0.9061) 445 C15    *py    (-0.6874)
               470 C16    *s     (-0.5088) 472 C16    *px    ( 0.1267) 473 C16    *px    (-0.2501) 475 C16    *py    ( 0.1027)
               501 C17    *s     ( 0.5349) 503 C17    *px    ( 0.1564) 504 C17    *px    (-0.1379) 507 C17    *py    (-0.1908)
               531 C18    *s     ( 0.2158) 532 C18    *s     ( 0.5181) 534 C18    *px    ( 0.1174) 535 C18    *px    (-1.0658)
               538 C18    *py    (-0.4480) 563 C19    *s     ( 1.4783) 565 C19    *px    ( 0.1158) 566 C19    *px    (-1.0114)
               569 C19    *py    ( 0.3200) 572 C19    *pz    ( 0.1660) 594 C20    *s     ( 1.4804) 596 C20    *px    ( 0.1289)
               597 C20    *px    (-0.2289) 600 C20    *py    (-1.0359) 603 C20    *pz    ( 0.1662) 624 C21    *s     ( 0.2158)
               625 C21    *s     ( 0.5172) 628 C21    *px    (-0.9213) 631 C21    *py    (-0.7006) 656 C22    *s     ( 0.5370)
               658 C22    *px    ( 0.1269) 659 C22    *px    (-0.2336) 661 C22    *py    ( 0.1074) 687 C23    *s     (-0.5052)
               689 C23    *px    ( 0.1521) 690 C23    *px    (-0.1306) 693 C23    *py    (-0.2140) 717 C24    *s     (-0.2096)
               718 C24    *s     (-0.4874) 720 C24    *px    ( 0.1140) 721 C24    *px    (-1.0459) 724 C24    *py    (-0.4417)
               746 H25    *s     (-0.2036) 747 H25    *s     ( 1.6796) 752 H26    *s     (-0.2038) 753 H26    *s     ( 1.6815)
               758 H27    *s     (-0.1581) 759 H27    *s     ( 1.2436) 765 H28    *s     ( 0.1855) 771 H29    *s     (-0.2259)
               776 H30    *s     ( 0.1629) 777 H30    *s     (-1.2777) 782 H31    *s     ( 0.2081) 783 H31    *s     (-1.7160)
               788 H32    *s     ( 0.2082) 789 H32    *s     (-1.7168) 794 H33    *s     ( 0.1630) 795 H33    *s     (-1.2790)
               801 H34    *s     (-0.2264) 807 H35    *s     ( 0.1850) 812 H36    *s     (-0.1578) 813 H36    *s     ( 1.2414)
               822 NI37   *s     ( 0.2066) 846 NI37   *d0    (-0.1061) 867 NI38   *s     (-0.2119) 879 NI38   *pz    ( 0.1017)
               891 NI38   *d0    ( 0.1080)
        117    0.1436                                                                                                                     
                 5 C1     *s     ( 2.0663)   7 C1     *px    ( 0.1607)  10 C1     *py    (-0.2959)  11 C1     *py    ( 2.3453)
                36 C2     *s     (-2.0650)  38 C2     *px    ( 0.1760)  39 C2     *px    (-2.0058)  41 C2     *py    (-0.2870)
                42 C2     *py    ( 1.2158)  47 C2     *d2-   (-0.1030)  66 C3     *s     (-0.2061)  67 C3     *s     (-3.4864)
                69 C3     *px    ( 0.1838)  72 C3     *py    (-0.3203)  73 C3     *py    ( 0.1328)  78 C3     *d2-   ( 0.1064)
                98 C4     *s     (-2.0017) 100 C4     *px    ( 0.1582) 103 C4     *py    (-0.2952) 104 C4     *py    ( 2.3478)
               129 C5     *s     ( 2.0003) 131 C5     *px    ( 0.1767) 132 C5     *px    (-2.0196) 134 C5     *py    (-0.2845)
               135 C5     *py    ( 1.1971) 140 C5     *d2-   ( 0.1018) 159 C6     *s     ( 0.2062) 160 C6     *s     ( 3.4865)
               162 C6     *px    ( 0.1857) 165 C6     *py    (-0.3193) 166 C6     *py    ( 0.1166) 171 C6     *d2-   (-0.1066)
               191 C7     *s     (-1.1957) 193 C7     *px    ( 0.2021) 194 C7     *px    ( 0.2383) 196 C7     *py    (-0.2415)
               197 C7     *py    (-0.5935) 222 C8     *s     ( 1.1944) 224 C8     *px    ( 0.1082) 225 C8     *px    ( 0.3956)
               227 C8     *py    (-0.2956) 228 C8     *py    (-0.5015) 233 C8     *d2-   ( 0.1156) 253 C9     *s     ( 0.6065)
               255 C9     *px    ( 0.1799) 256 C9     *px    ( 0.4624) 258 C9     *py    (-0.3154) 259 C9     *py    (-0.8225)
               264 C9     *d2-   (-0.1639) 284 C10    *s     ( 1.1595) 286 C10    *px    ( 0.1996) 287 C10    *px    ( 0.2397)
               289 C10    *py    (-0.2393) 290 C10    *py    (-0.5942) 315 C11    *s     (-1.1582) 317 C11    *px    ( 0.1076)
               318 C11    *px    ( 0.3954) 320 C11    *py    (-0.2925) 321 C11    *py    (-0.5036) 326 C11    *d2-   (-0.1145)
               346 C12    *s     (-0.6065) 348 C12    *px    ( 0.1833) 349 C12    *px    ( 0.4811) 351 C12    *py    (-0.3135)
               352 C12    *py    (-0.8118) 357 C12    *d2-   ( 0.1630) 376 C13    *s     (-0.1363) 377 C13    *s     ( 1.7204)
               380 C13    *px    (-1.3492) 382 C13    *py    (-0.1358) 386 C13    *pz    (-0.2059) 407 C14    *s     ( 0.1363)
               408 C14    *s     (-1.7222) 411 C14    *px    ( 0.6339) 413 C14    *py    (-0.1210) 414 C14    *py    ( 1.1908)
               417 C14    *pz    ( 0.2057) 438 C15    *s     ( 0.3114) 439 C15    *s     ( 1.1745) 441 C15    *px    ( 0.1158)
               442 C15    *px    ( 0.1756) 444 C15    *py    (-0.2216) 445 C15    *py    ( 0.4831) 450 C15    *d2-   (-0.1098)
               469 C16    *s     ( 0.3500) 470 C16    *s     ( 0.5877) 473 C16    *px    (-0.8769) 475 C16    *py    (-0.1958)
               476 C16    *py    ( 0.7457) 500 C17    *s     ( 0.3467) 501 C17    *s     ( 0.5558) 503 C17    *px    ( 0.1514)
               504 C17    *px    (-0.2164) 506 C17    *py    (-0.1244) 507 C17    *py    ( 1.1377) 531 C18    *s     ( 0.3068)
               532 C18    *s     ( 1.1913) 534 C18    *px    ( 0.1320) 535 C18    *px    (-0.4827) 537 C18    *py    (-0.2102)
               562 C19    *s     ( 0.1343) 563 C19    *s     (-1.6916) 566 C19    *px    (-1.3200) 568 C19    *py    (-0.1343)
               572 C19    *pz    ( 0.2021) 593 C20    *s     (-0.1342) 594 C20    *s     ( 1.6929) 597 C20    *px    ( 0.6151)
               599 C20    *py    (-0.1197) 600 C20    *py    ( 1.1683) 603 C20    *pz    (-0.2019) 624 C21    *s     (-0.3067)
               625 C21    *s     (-1.1917) 627 C21    *px    ( 0.1162) 628 C21    *px    ( 0.1666) 630 C21    *py    (-0.2194)
               631 C21    *py    ( 0.4601) 636 C21    *d2-   ( 0.1085) 655 C22    *s     (-0.3467) 656 C22    *s     (-0.5549)
               659 C22    *px    (-0.8776) 661 C22    *py    (-0.1933) 662 C22    *py    ( 0.7566) 686 C23    *s     (-0.3501)
               687 C23    *s     (-0.5889) 689 C23    *px    ( 0.1545) 690 C23    *px    (-0.2076) 692 C23    *py    (-0.1243)
               693 C23    *py    ( 1.1321) 717 C24    *s     (-0.3116) 718 C24    *s     (-1.1747) 720 C24    *px    ( 0.1341)
               721 C24    *px    (-0.5073) 723 C24    *py    (-0.2111) 747 H25    *s     ( 0.8466) 753 H26    *s     (-0.8447)
               758 H27    *s     ( 0.1841) 759 H27    *s     (-1.1405) 764 H28    *s     ( 0.2297) 765 H28    *s     (-1.5512)
               770 H29    *s     ( 0.2282) 771 H29    *s     (-1.5473) 776 H30    *s     ( 0.1810) 777 H30    *s     (-1.1175)
               783 H31    *s     (-0.8262) 789 H32    *s     ( 0.8250) 794 H33    *s     (-0.1809) 795 H33    *s     ( 1.1168)
               800 H34    *s     (-0.2282) 801 H34    *s     ( 1.5475) 806 H35    *s     (-0.2298) 807 H35    *s     ( 1.5516)
               812 H36    *s     (-0.1842) 813 H36    *s     ( 1.1417)
--

      Von Neumann Entropy (Root   1) =  2.12587


      Mulliken population analysis for root number:  1
      -----------------------------------------------


++    Molecular charges:
      ------------------

      Mulliken charges per centre and basis function type
      ---------------------------------------------------

                C1      C2      C3      C4      C5      C6      C7      C8      C9      C10     C11     C12   
      1s       0.8547  0.8547  0.8547  0.8547  0.8547  0.8547  0.8547  0.8547  0.8547  0.8547  0.8547  0.8547
      2s       1.1233  1.1233  1.1232  1.1233  1.1233  1.1232  1.1233  1.1233  1.1232  1.1233  1.1233  1.1232
      2px      0.4569  0.4600  0.4574  0.4569  0.4600  0.4574  0.4499  0.4542  0.4648  0.4499  0.4542  0.4648
      2pz      0.3178  0.3177  0.3234  0.3177  0.3177  0.3234  0.3200  0.3200  0.3144  0.3203  0.3203  0.3144
      2py      0.4564  0.4532  0.4612  0.4564  0.4532  0.4612  0.4637  0.4594  0.4598  0.4637  0.4594  0.4598
      3s       0.0000  0.0000  0.0000  0.0000  0.0000  0.0000  0.0000  0.0000  0.0000  0.0000  0.0000  0.0000
      3px      0.0000  0.0000  0.0000  0.0000  0.0000  0.0000  0.0000  0.0000  0.0000  0.0000  0.0000  0.0000
      3pz      0.0000  0.0000  0.0000  0.0000  0.0000  0.0000  0.0000  0.0000  0.0000  0.0000  0.0000  0.0000
      3py      0.0000  0.0000  0.0000  0.0000  0.0000  0.0000  0.0000  0.0000  0.0000  0.0000  0.0000  0.0000
      4s       0.0000  0.0000  0.0000  0.0000  0.0000  0.0000  0.0000  0.0000  0.0000  0.0000  0.0000  0.0000
      3d2+     0.0000  0.0000  0.0000  0.0000  0.0000  0.0000  0.0000  0.0000  0.0000  0.0000  0.0000  0.0000
      3d1+     0.0000  0.0000  0.0000  0.0000  0.0000  0.0000  0.0000  0.0000  0.0000  0.0000  0.0000  0.0000
      3d0      0.0000  0.0000  0.0000  0.0000  0.0000  0.0000  0.0000  0.0000  0.0000  0.0000  0.0000  0.0000
      3d1-     0.0000  0.0000  0.0000  0.0000  0.0000  0.0000  0.0000  0.0000  0.0000  0.0000  0.0000  0.0000
      3d2-     0.0000  0.0000  0.0000  0.0000  0.0000  0.0000  0.0000  0.0000  0.0000  0.0000  0.0000  0.0000
      *s       1.2891  1.2888  1.3399  1.2891  1.2889  1.3400  1.0051  1.0053  1.1068  1.0051  1.0053  1.1068
      *px      0.4299  0.2660  0.4450  0.4299  0.2660  0.4450  0.3641  0.4360  0.3944  0.3641  0.4360  0.3944
      *pz      0.6419  0.6418  0.5888  0.6418  0.6418  0.5888  0.5704  0.5702  0.5851  0.5710  0.5709  0.5851
      *py      0.1474  0.3127  0.3610  0.1474  0.3126  0.3610  0.4646  0.3925  0.3899  0.4646  0.3926  0.3899
      *d2+     0.0506  0.0545  0.0603  0.0506  0.0545  0.0603  0.0424  0.0392  0.0452  0.0424  0.0392  0.0452
      *d1+     0.0248  0.0269  0.0259  0.0248  0.0269  0.0259  0.0211  0.0233  0.0268  0.0211  0.0233  0.0268
      *d0      0.0058  0.0058  0.0034  0.0058  0.0058  0.0034  0.0087  0.0087  0.0059  0.0087  0.0087  0.0059
      *d1-     0.0256  0.0235  0.0257  0.0256  0.0236  0.0257  0.0272  0.0250  0.0233  0.0272  0.0251  0.0233
      *d2-     0.0533  0.0494  0.0632  0.0533  0.0494  0.0632  0.0373  0.0405  0.0507  0.0373  0.0405  0.0507
      *f3+     0.0021  0.0021  0.0021  0.0021  0.0021  0.0021  0.0021  0.0021  0.0022  0.0021  0.0021  0.0022
      *f2+     0.0009  0.0010  0.0011  0.0009  0.0010  0.0011  0.0011  0.0008  0.0008  0.0011  0.0008  0.0008
      *f1+     0.0011  0.0010  0.0011  0.0011  0.0010  0.0011  0.0010  0.0012  0.0011  0.0010  0.0012  0.0011
      *f0      0.0018  0.0018  0.0020  0.0018  0.0018  0.0020  0.0017  0.0017  0.0020  0.0017  0.0017  0.0020
      *f1-     0.0010  0.0011  0.0011  0.0010  0.0011  0.0011  0.0013  0.0010  0.0011  0.0013  0.0010  0.0011
      *f2-     0.0009  0.0009  0.0010  0.0009  0.0009  0.0010  0.0008  0.0011  0.0010  0.0008  0.0011  0.0010
      *f3-     0.0030  0.0030  0.0032  0.0030  0.0030  0.0032  0.0029  0.0029  0.0031  0.0029  0.0029  0.0031
      Total    5.8883  5.8893  6.1449  5.8882  5.8893  6.1448  5.7634  5.7633  5.8564  5.7643  5.7643  5.8563

      N-E      0.1117  0.1107 -0.1449  0.1118  0.1107 -0.1448  0.2366  0.2367  0.1436  0.2357  0.2357  0.1437

                C13     C14     C15     C16     C17     C18     C19     C20     C21     C22     C23     C24   
      1s       0.8548  0.8548  0.8548  0.8548  0.8548  0.8548  0.8548  0.8548  0.8548  0.8548  0.8548  0.8548
      2s       1.1233  1.1233  1.1232  1.1232  1.1232  1.1232  1.1233  1.1233  1.1232  1.1232  1.1232  1.1232
      2px      0.4473  0.4495  0.4718  0.4717  0.4578  0.4520  0.4473  0.4495  0.4718  0.4717  0.4577  0.4520
      2pz      0.3149  0.3150  0.3160  0.3107  0.3107  0.3160  0.3150  0.3151  0.3160  0.3107  0.3107  0.3160
      2py      0.4582  0.4560  0.4482  0.4484  0.4623  0.4680  0.4582  0.4560  0.4482  0.4484  0.4623  0.4680
      3s       0.0000  0.0000  0.0000  0.0000  0.0000  0.0000  0.0000  0.0000  0.0000  0.0000  0.0000  0.0000
      3px      0.0000  0.0000  0.0000  0.0000  0.0000  0.0000  0.0000  0.0000  0.0000  0.0000  0.0000  0.0000
      3pz      0.0000  0.0000  0.0000  0.0000  0.0000  0.0000  0.0000  0.0000  0.0000  0.0000  0.0000  0.0000
      3py      0.0000  0.0000  0.0000  0.0000  0.0000  0.0000  0.0000  0.0000  0.0000  0.0000  0.0000  0.0000
      4s       0.0000  0.0000  0.0000  0.0000  0.0000  0.0000  0.0000  0.0000  0.0000  0.0000  0.0000  0.0000
      3d2+     0.0000  0.0000  0.0000  0.0000  0.0000  0.0000  0.0000  0.0000  0.0000  0.0000  0.0000  0.0000
      3d1+     0.0000  0.0000  0.0000  0.0000  0.0000  0.0000  0.0000  0.0000  0.0000  0.0000  0.0000  0.0000
      3d0      0.0000  0.0000  0.0000  0.0000  0.0000  0.0000  0.0000  0.0000  0.0000  0.0000  0.0000  0.0000
      3d1-     0.0000  0.0000  0.0000  0.0000  0.0000  0.0000  0.0000  0.0000  0.0000  0.0000  0.0000  0.0000
      3d2-     0.0000  0.0000  0.0000  0.0000  0.0000  0.0000  0.0000  0.0000  0.0000  0.0000  0.0000  0.0000
      *s       1.2148  1.2143  1.2427  1.2169  1.2170  1.2426  1.2148  1.2144  1.2427  1.2169  1.2170  1.2426
      *px      0.5339  0.5067  0.5059  0.5129  0.4939  0.5322  0.5339  0.5067  0.5059  0.5129  0.4939  0.5322
      *pz      0.6338  0.6340  0.6538  0.6510  0.6509  0.6537  0.6341  0.6343  0.6538  0.6509  0.6510  0.6538
      *py      0.4923  0.5195  0.5184  0.5129  0.5319  0.4920  0.4923  0.5195  0.5184  0.5129  0.5319  0.4920
      *d2+     0.0280  0.0285  0.0277  0.0280  0.0315  0.0310  0.0280  0.0285  0.0277  0.0280  0.0315  0.0310
      *d1+     0.0120  0.0208  0.0238  0.0235  0.0205  0.0067  0.0120  0.0209  0.0238  0.0235  0.0205  0.0067
      *d0      0.0099  0.0099  0.0053  0.0048  0.0048  0.0053  0.0099  0.0099  0.0053  0.0048  0.0048  0.0053
      *d1-     0.0268  0.0179  0.0109  0.0102  0.0131  0.0280  0.0268  0.0179  0.0110  0.0102  0.0131  0.0280
      *d2-     0.0269  0.0263  0.0330  0.0321  0.0286  0.0297  0.0269  0.0263  0.0330  0.0321  0.0286  0.0297
      *f3+     0.0019  0.0019  0.0019  0.0019  0.0019  0.0019  0.0019  0.0019  0.0019  0.0019  0.0019  0.0019
      *f2+     0.0005  0.0009  0.0009  0.0009  0.0008  0.0003  0.0005  0.0009  0.0009  0.0009  0.0008  0.0003
      *f1+     0.0008  0.0010  0.0009  0.0009  0.0009  0.0009  0.0008  0.0010  0.0009  0.0009  0.0009  0.0009
      *f0      0.0014  0.0014  0.0016  0.0016  0.0016  0.0016  0.0014  0.0014  0.0016  0.0016  0.0016  0.0016
      *f1-     0.0009  0.0008  0.0009  0.0008  0.0009  0.0010  0.0009  0.0008  0.0009  0.0008  0.0009  0.0010
      *f2-     0.0011  0.0006  0.0005  0.0005  0.0005  0.0011  0.0011  0.0006  0.0005  0.0005  0.0005  0.0011
      *f3-     0.0017  0.0017  0.0019  0.0020  0.0020  0.0019  0.0017  0.0017  0.0019  0.0020  0.0020  0.0019
      Total    6.1850  6.1848  6.2442  6.2095  6.2096  6.2440  6.1854  6.1853  6.2442  6.2095  6.2097  6.2439

      N-E     -0.1850 -0.1848 -0.2442 -0.2095 -0.2096 -0.2440 -0.1854 -0.1853 -0.2442 -0.2095 -0.2097 -0.2439

                H25     H26     H27     H28     H29     H30     H31     H32     H33     H34     H35     H36   
      1s       0.2627  0.2627  0.2635  0.2638  0.2638  0.2635  0.2627  0.2627  0.2635  0.2638  0.2638  0.2635
      2s       0.0000  0.0000  0.0000  0.0000  0.0000  0.0000  0.0000  0.0000  0.0000  0.0000  0.0000  0.0000
      2px      0.0000  0.0000  0.0000  0.0000  0.0000  0.0000  0.0000  0.0000  0.0000  0.0000  0.0000  0.0000
      2pz      0.0000  0.0000  0.0000  0.0000  0.0000  0.0000  0.0000  0.0000  0.0000  0.0000  0.0000  0.0000
      2py      0.0000  0.0000  0.0000  0.0000  0.0000  0.0000  0.0000  0.0000  0.0000  0.0000  0.0000  0.0000
      3s       0.0000  0.0000  0.0000  0.0000  0.0000  0.0000  0.0000  0.0000  0.0000  0.0000  0.0000  0.0000
      3px      0.0000  0.0000  0.0000  0.0000  0.0000  0.0000  0.0000  0.0000  0.0000  0.0000  0.0000  0.0000
      3pz      0.0000  0.0000  0.0000  0.0000  0.0000  0.0000  0.0000  0.0000  0.0000  0.0000  0.0000  0.0000
      3py      0.0000  0.0000  0.0000  0.0000  0.0000  0.0000  0.0000  0.0000  0.0000  0.0000  0.0000  0.0000
      4s       0.0000  0.0000  0.0000  0.0000  0.0000  0.0000  0.0000  0.0000  0.0000  0.0000  0.0000  0.0000
      3d2+     0.0000  0.0000  0.0000  0.0000  0.0000  0.0000  0.0000  0.0000  0.0000  0.0000  0.0000  0.0000
      3d1+     0.0000  0.0000  0.0000  0.0000  0.0000  0.0000  0.0000  0.0000  0.0000  0.0000  0.0000  0.0000
      3d0      0.0000  0.0000  0.0000  0.0000  0.0000  0.0000  0.0000  0.0000  0.0000  0.0000  0.0000  0.0000
      3d1-     0.0000  0.0000  0.0000  0.0000  0.0000  0.0000  0.0000  0.0000  0.0000  0.0000  0.0000  0.0000
      3d2-     0.0000  0.0000  0.0000  0.0000  0.0000  0.0000  0.0000  0.0000  0.0000  0.0000  0.0000  0.0000
      *s       0.5670  0.5670  0.5809  0.5777  0.5777  0.5809  0.5670  0.5670  0.5809  0.5777  0.5777  0.5809
      *px      0.0167  0.0066  0.0061  0.0061  0.0064  0.0163  0.0167  0.0066  0.0061  0.0061  0.0064  0.0163
      *pz      0.0044  0.0044  0.0041  0.0041  0.0041  0.0041  0.0044  0.0044  0.0041  0.0041  0.0041  0.0041
      *py      0.0030  0.0131  0.0131  0.0130  0.0128  0.0029  0.0030  0.0131  0.0131  0.0130  0.0128  0.0029
      *d2+     0.0000  0.0000  0.0000  0.0000  0.0000  0.0000  0.0000  0.0000  0.0000  0.0000  0.0000  0.0000
      *d1+     0.0000  0.0000  0.0000  0.0000  0.0000  0.0000  0.0000  0.0000  0.0000  0.0000  0.0000  0.0000
      *d0      0.0000  0.0000  0.0000  0.0000  0.0000  0.0000  0.0000  0.0000  0.0000  0.0000  0.0000  0.0000
      *d1-     0.0000  0.0000  0.0000  0.0000  0.0000  0.0000  0.0000  0.0000  0.0000  0.0000  0.0000  0.0000
      *d2-     0.0000  0.0000  0.0000  0.0000  0.0000  0.0000  0.0000  0.0000  0.0000  0.0000  0.0000  0.0000
      *f3+     0.0000  0.0000  0.0000  0.0000  0.0000  0.0000  0.0000  0.0000  0.0000  0.0000  0.0000  0.0000
      *f2+     0.0000  0.0000  0.0000  0.0000  0.0000  0.0000  0.0000  0.0000  0.0000  0.0000  0.0000  0.0000
      *f1+     0.0000  0.0000  0.0000  0.0000  0.0000  0.0000  0.0000  0.0000  0.0000  0.0000  0.0000  0.0000
      *f0      0.0000  0.0000  0.0000  0.0000  0.0000  0.0000  0.0000  0.0000  0.0000  0.0000  0.0000  0.0000
      *f1-     0.0000  0.0000  0.0000  0.0000  0.0000  0.0000  0.0000  0.0000  0.0000  0.0000  0.0000  0.0000
      *f2-     0.0000  0.0000  0.0000  0.0000  0.0000  0.0000  0.0000  0.0000  0.0000  0.0000  0.0000  0.0000
      *f3-     0.0000  0.0000  0.0000  0.0000  0.0000  0.0000  0.0000  0.0000  0.0000  0.0000  0.0000  0.0000
      Total    0.8538  0.8537  0.8677  0.8648  0.8648  0.8677  0.8538  0.8537  0.8677  0.8648  0.8648  0.8677

      N-E      0.1462  0.1463  0.1323  0.1352  0.1352  0.1323  0.1462  0.1463  0.1323  0.1352  0.1352  0.1323

                NI37    NI38  
      1s       1.9997  1.9997
      2s       2.0006  2.0006
      2px      1.9958  1.9958
      2pz      1.9958  1.9958
      2py      1.9958  1.9958
      3s       1.1578  1.1578
      3px      1.5698  1.5698
      3pz      1.5734  1.5734
      3py      1.5669  1.5669
      4s       0.8153  0.8153
      3d2+     0.9375  0.9376
      3d1+     0.6532  0.6503
      3d0      0.9847  0.9846
      3d1-     0.8692  0.8723
      3d2-     0.9567  0.9567
      *s       1.1771  1.1768
      *px      0.4895  0.4895
      *pz      0.5332  0.5332
      *py      0.4806  0.4806
      *d2+     0.9905  0.9906
      *d1+     0.6475  0.6448
      *d0      0.9953  0.9953
      *d1-     0.8650  0.8678
      *d2-     0.9924  0.9924
      *f3+     0.0000  0.0000
      *f2+     0.0000  0.0000
      *f1+     0.0000  0.0000
      *f0      0.0001  0.0001
      *f1-     0.0000  0.0000
      *f2-     0.0000  0.0000
      *f3-     0.0000  0.0000
      Total   28.2436 28.2435

      N-E     -0.2436 -0.2435

      Total electronic charge=  212.000000

      Total            charge=   -0.000000
--



      Expectation values of various properties for root number:  1
      -----------------------------------------------------------


++    Molecular properties:
      ---------------------

      Charge (e):
                      =   -0.0000
      Dipole Moment (Debye):
      Origin of the operator (Ang)=    0.0000    0.0000    0.0000
                   X=  3.1435E-02               Y=  1.8271E-02               Z= -8.9744E+00           Total=  8.9744E+00
      Quadrupole Moment (Debye*Ang):
      Origin of the operator (Ang)=    0.0000   -0.0000    0.5165
                  XX= -1.3917E+02              XY= -1.9819E+00              XZ= -1.5037E-02              YY= -1.3687E+02
                  YZ= -4.6592E-03              ZZ= -2.0279E+02
      In traceless form (Debye*Ang)
                  XX=  3.0664E+01              XY= -2.9728E+00              XZ= -2.2556E-02              YY=  3.4111E+01
                  YZ= -6.9889E-03              ZZ= -6.4775E+01
--


      Mulliken spin population analysis for root number:  1
      ---------------------------------------------------


++    Molecular charges:
      ------------------

      Mulliken spin population per centre and basis function type
      ---------------------------------------------------

                C1      C2      C3      C4      C5      C6      C7      C8      C9      C10     C11     C12   
      1s       0.0000  0.0000  0.0000  0.0000  0.0000  0.0000  0.0000  0.0000  0.0000  0.0000  0.0000  0.0000
      2s      -0.0000 -0.0000 -0.0000 -0.0000 -0.0000 -0.0000 -0.0000 -0.0000 -0.0000 -0.0000 -0.0000 -0.0000
      2px      0.0000  0.0002  0.0001  0.0000  0.0002  0.0001  0.0002  0.0001  0.0000  0.0002  0.0001  0.0000
      2pz      0.0013  0.0013  0.0008  0.0014  0.0014  0.0008  0.0039  0.0038  0.0002  0.0038  0.0038  0.0002
      2py      0.0002  0.0000  0.0000  0.0003  0.0000  0.0000  0.0000  0.0001  0.0000  0.0000  0.0001  0.0000
      3s       0.0000  0.0000  0.0000  0.0000  0.0000  0.0000  0.0000  0.0000  0.0000  0.0000  0.0000  0.0000
      3px      0.0000  0.0000  0.0000  0.0000  0.0000  0.0000  0.0000  0.0000  0.0000  0.0000  0.0000  0.0000
      3pz      0.0000  0.0000  0.0000  0.0000  0.0000  0.0000  0.0000  0.0000  0.0000  0.0000  0.0000  0.0000
      3py      0.0000  0.0000  0.0000  0.0000  0.0000  0.0000  0.0000  0.0000  0.0000  0.0000  0.0000  0.0000
      4s       0.0000  0.0000  0.0000  0.0000  0.0000  0.0000  0.0000  0.0000  0.0000  0.0000  0.0000  0.0000
      3d2+     0.0000  0.0000  0.0000  0.0000  0.0000  0.0000  0.0000  0.0000  0.0000  0.0000  0.0000  0.0000
      3d1+     0.0000  0.0000  0.0000  0.0000  0.0000  0.0000  0.0000  0.0000  0.0000  0.0000  0.0000  0.0000
      3d0      0.0000  0.0000  0.0000  0.0000  0.0000  0.0000  0.0000  0.0000  0.0000  0.0000  0.0000  0.0000
      3d1-     0.0000  0.0000  0.0000  0.0000  0.0000  0.0000  0.0000  0.0000  0.0000  0.0000  0.0000  0.0000
      3d2-     0.0000  0.0000  0.0000  0.0000  0.0000  0.0000  0.0000  0.0000  0.0000  0.0000  0.0000  0.0000
      *s       0.0014  0.0015 -0.0188  0.0015  0.0015 -0.0188 -0.0009 -0.0008  0.0016 -0.0009 -0.0009  0.0016
      *px     -0.0003 -0.0008  0.0006 -0.0003 -0.0008  0.0007 -0.0007  0.0000 -0.0003 -0.0008  0.0000 -0.0003
      *pz      0.0001  0.0001 -0.0012  0.0003  0.0003 -0.0012 -0.0018 -0.0018 -0.0002 -0.0019 -0.0019 -0.0002
      *py     -0.0010 -0.0006  0.0007 -0.0010 -0.0006  0.0007 -0.0006 -0.0013  0.0013 -0.0006 -0.0013  0.0013
      *d2+    -0.0000  0.0001  0.0000 -0.0000  0.0001  0.0000  0.0000 -0.0000 -0.0000  0.0000 -0.0000 -0.0000
      *d1+     0.0003  0.0001  0.0001  0.0003  0.0001  0.0001  0.0001  0.0003  0.0003  0.0001  0.0002  0.0003
      *d0      0.0007  0.0007  0.0003  0.0007  0.0007  0.0003  0.0001  0.0001  0.0000  0.0001  0.0001  0.0000
      *d1-     0.0001  0.0002  0.0000  0.0001  0.0002  0.0000  0.0002 -0.0000  0.0001  0.0001 -0.0000  0.0001
      *d2-     0.0001  0.0000  0.0000  0.0001  0.0000  0.0000 -0.0000  0.0000  0.0000 -0.0000  0.0001  0.0000
      *f3+     0.0000  0.0000  0.0000  0.0000  0.0000  0.0000 -0.0000 -0.0000  0.0000 -0.0000 -0.0000  0.0000
      *f2+     0.0000  0.0000  0.0000  0.0000  0.0000  0.0000  0.0000  0.0000  0.0000  0.0000  0.0000  0.0000
      *f1+     0.0000  0.0000  0.0000  0.0000  0.0000  0.0000  0.0000  0.0000  0.0000  0.0000  0.0000  0.0000
      *f0      0.0000  0.0000  0.0000  0.0000  0.0000  0.0000  0.0000  0.0000  0.0000  0.0000  0.0000  0.0000
      *f1-     0.0000  0.0000  0.0000  0.0000  0.0000  0.0000  0.0000  0.0000  0.0000  0.0000  0.0000  0.0000
      *f2-     0.0000  0.0000  0.0000  0.0000  0.0000  0.0000  0.0000  0.0000  0.0000  0.0000  0.0000  0.0000
      *f3-     0.0000  0.0000  0.0000  0.0000  0.0000  0.0000  0.0000  0.0000  0.0000  0.0000  0.0000  0.0000
      Total    0.0030  0.0029 -0.0174  0.0032  0.0032 -0.0174  0.0004  0.0005  0.0031  0.0003  0.0004  0.0031

                C13     C14     C15     C16     C17     C18     C19     C20     C21     C22     C23     C24   
      1s       0.0000  0.0000  0.0000  0.0000  0.0000  0.0000  0.0000  0.0000  0.0000  0.0000  0.0000  0.0000
      2s      -0.0000 -0.0000 -0.0000 -0.0000 -0.0000 -0.0000 -0.0000 -0.0000 -0.0000 -0.0000 -0.0000 -0.0000
      2px      0.0004  0.0000  0.0000  0.0000  0.0000  0.0000  0.0004  0.0000  0.0000  0.0000  0.0000  0.0000
      2pz      0.0020  0.0020  0.0003  0.0012  0.0013  0.0003  0.0020  0.0019  0.0003  0.0012  0.0013  0.0003
      2py      0.0001  0.0004  0.0000  0.0000  0.0000  0.0000  0.0001  0.0004  0.0000  0.0000  0.0000  0.0000
      3s       0.0000  0.0000  0.0000  0.0000  0.0000  0.0000  0.0000  0.0000  0.0000  0.0000  0.0000  0.0000
      3px      0.0000  0.0000  0.0000  0.0000  0.0000  0.0000  0.0000  0.0000  0.0000  0.0000  0.0000  0.0000
      3pz      0.0000  0.0000  0.0000  0.0000  0.0000  0.0000  0.0000  0.0000  0.0000  0.0000  0.0000  0.0000
      3py      0.0000  0.0000  0.0000  0.0000  0.0000  0.0000  0.0000  0.0000  0.0000  0.0000  0.0000  0.0000
      4s       0.0000  0.0000  0.0000  0.0000  0.0000  0.0000  0.0000  0.0000  0.0000  0.0000  0.0000  0.0000
      3d2+     0.0000  0.0000  0.0000  0.0000  0.0000  0.0000  0.0000  0.0000  0.0000  0.0000  0.0000  0.0000
      3d1+     0.0000  0.0000  0.0000  0.0000  0.0000  0.0000  0.0000  0.0000  0.0000  0.0000  0.0000  0.0000
      3d0      0.0000  0.0000  0.0000  0.0000  0.0000  0.0000  0.0000  0.0000  0.0000  0.0000  0.0000  0.0000
      3d1-     0.0000  0.0000  0.0000  0.0000  0.0000  0.0000  0.0000  0.0000  0.0000  0.0000  0.0000  0.0000
      3d2-     0.0000  0.0000  0.0000  0.0000  0.0000  0.0000  0.0000  0.0000  0.0000  0.0000  0.0000  0.0000
      *s      -0.0097 -0.0097 -0.0029  0.0010  0.0010 -0.0029 -0.0097 -0.0097 -0.0029  0.0010  0.0010 -0.0029
      *px      0.0001 -0.0000 -0.0002 -0.0002  0.0001 -0.0003  0.0001 -0.0000 -0.0002 -0.0002  0.0001 -0.0003
      *pz      0.0010  0.0010 -0.0001  0.0034  0.0034 -0.0001  0.0009  0.0009 -0.0001  0.0034  0.0034 -0.0001
      *py      0.0001  0.0003 -0.0009  0.0001 -0.0001 -0.0009  0.0001  0.0003 -0.0009  0.0001 -0.0001 -0.0009
      *d2+     0.0001 -0.0000  0.0000 -0.0000 -0.0000  0.0000  0.0001 -0.0000  0.0000 -0.0000 -0.0000  0.0000
      *d1+     0.0001  0.0002  0.0004  0.0000  0.0000  0.0000  0.0001  0.0002  0.0004  0.0000  0.0000  0.0000
      *d0      0.0009  0.0009  0.0001  0.0000  0.0000  0.0001  0.0009  0.0009  0.0001  0.0000  0.0000  0.0001
      *d1-     0.0002 -0.0000  0.0002  0.0000  0.0000  0.0006  0.0002 -0.0000  0.0002  0.0000  0.0000  0.0006
      *d2-     0.0000  0.0001 -0.0000 -0.0000 -0.0000  0.0000  0.0000  0.0001 -0.0000 -0.0000 -0.0000  0.0000
      *f3+     0.0000  0.0000  0.0000  0.0000  0.0000  0.0000  0.0000  0.0000  0.0000  0.0000  0.0000  0.0000
      *f2+     0.0000  0.0000  0.0000  0.0000  0.0000  0.0000  0.0000  0.0000  0.0000  0.0000  0.0000  0.0000
      *f1+     0.0000  0.0000  0.0000  0.0000  0.0000  0.0000  0.0000  0.0000  0.0000  0.0000  0.0000  0.0000
      *f0      0.0000  0.0000  0.0000 -0.0000 -0.0000  0.0000  0.0000  0.0000  0.0000 -0.0000 -0.0000  0.0000
      *f1-     0.0000  0.0000  0.0000  0.0000  0.0000  0.0000  0.0000  0.0000  0.0000  0.0000  0.0000  0.0000
      *f2-     0.0000  0.0000  0.0000  0.0000  0.0000  0.0000  0.0000  0.0000  0.0000  0.0000  0.0000  0.0000
      *f3-     0.0000  0.0000  0.0000  0.0000  0.0000  0.0000  0.0000  0.0000  0.0000  0.0000  0.0000  0.0000
      Total   -0.0047 -0.0046 -0.0031  0.0057  0.0058 -0.0031 -0.0048 -0.0049 -0.0031  0.0057  0.0057 -0.0031

                H25     H26     H27     H28     H29     H30     H31     H32     H33     H34     H35     H36   
      1s       0.0001  0.0001  0.0000  0.0000  0.0000  0.0000  0.0001  0.0001  0.0000  0.0000  0.0000  0.0000
      2s       0.0000  0.0000  0.0000  0.0000  0.0000  0.0000  0.0000  0.0000  0.0000  0.0000  0.0000  0.0000
      2px      0.0000  0.0000  0.0000  0.0000  0.0000  0.0000  0.0000  0.0000  0.0000  0.0000  0.0000  0.0000
      2pz      0.0000  0.0000  0.0000  0.0000  0.0000  0.0000  0.0000  0.0000  0.0000  0.0000  0.0000  0.0000
      2py      0.0000  0.0000  0.0000  0.0000  0.0000  0.0000  0.0000  0.0000  0.0000  0.0000  0.0000  0.0000
      3s       0.0000  0.0000  0.0000  0.0000  0.0000  0.0000  0.0000  0.0000  0.0000  0.0000  0.0000  0.0000
      3px      0.0000  0.0000  0.0000  0.0000  0.0000  0.0000  0.0000  0.0000  0.0000  0.0000  0.0000  0.0000
      3pz      0.0000  0.0000  0.0000  0.0000  0.0000  0.0000  0.0000  0.0000  0.0000  0.0000  0.0000  0.0000
      3py      0.0000  0.0000  0.0000  0.0000  0.0000  0.0000  0.0000  0.0000  0.0000  0.0000  0.0000  0.0000
      4s       0.0000  0.0000  0.0000  0.0000  0.0000  0.0000  0.0000  0.0000  0.0000  0.0000  0.0000  0.0000
      3d2+     0.0000  0.0000  0.0000  0.0000  0.0000  0.0000  0.0000  0.0000  0.0000  0.0000  0.0000  0.0000
      3d1+     0.0000  0.0000  0.0000  0.0000  0.0000  0.0000  0.0000  0.0000  0.0000  0.0000  0.0000  0.0000
      3d0      0.0000  0.0000  0.0000  0.0000  0.0000  0.0000  0.0000  0.0000  0.0000  0.0000  0.0000  0.0000
      3d1-     0.0000  0.0000  0.0000  0.0000  0.0000  0.0000  0.0000  0.0000  0.0000  0.0000  0.0000  0.0000
      3d2-     0.0000  0.0000  0.0000  0.0000  0.0000  0.0000  0.0000  0.0000  0.0000  0.0000  0.0000  0.0000
      *s      -0.0008 -0.0009 -0.0000 -0.0000 -0.0000 -0.0000 -0.0009 -0.0009 -0.0000 -0.0000 -0.0000 -0.0000
      *px      0.0000  0.0000  0.0000  0.0000  0.0000  0.0000  0.0000  0.0000  0.0000  0.0000  0.0000  0.0000
      *pz      0.0000  0.0000  0.0000  0.0000  0.0000  0.0000  0.0000  0.0000  0.0000  0.0000  0.0000  0.0000
      *py      0.0000  0.0000  0.0000  0.0000  0.0000 -0.0000  0.0000  0.0000  0.0000  0.0000  0.0000 -0.0000
      *d2+     0.0000  0.0000  0.0000  0.0000  0.0000  0.0000  0.0000  0.0000  0.0000  0.0000  0.0000  0.0000
      *d1+     0.0000  0.0000  0.0000  0.0000  0.0000  0.0000  0.0000  0.0000  0.0000  0.0000  0.0000  0.0000
      *d0      0.0000  0.0000  0.0000  0.0000  0.0000  0.0000  0.0000  0.0000  0.0000  0.0000  0.0000  0.0000
      *d1-     0.0000  0.0000  0.0000  0.0000  0.0000  0.0000  0.0000  0.0000  0.0000  0.0000  0.0000  0.0000
      *d2-     0.0000  0.0000  0.0000  0.0000  0.0000  0.0000  0.0000  0.0000  0.0000  0.0000  0.0000  0.0000
      *f3+     0.0000  0.0000  0.0000  0.0000  0.0000  0.0000  0.0000  0.0000  0.0000  0.0000  0.0000  0.0000
      *f2+     0.0000  0.0000  0.0000  0.0000  0.0000  0.0000  0.0000  0.0000  0.0000  0.0000  0.0000  0.0000
      *f1+     0.0000  0.0000  0.0000  0.0000  0.0000  0.0000  0.0000  0.0000  0.0000  0.0000  0.0000  0.0000
      *f0      0.0000  0.0000  0.0000  0.0000  0.0000  0.0000  0.0000  0.0000  0.0000  0.0000  0.0000  0.0000
      *f1-     0.0000  0.0000  0.0000  0.0000  0.0000  0.0000  0.0000  0.0000  0.0000  0.0000  0.0000  0.0000
      *f2-     0.0000  0.0000  0.0000  0.0000  0.0000  0.0000  0.0000  0.0000  0.0000  0.0000  0.0000  0.0000
      *f3-     0.0000  0.0000  0.0000  0.0000  0.0000  0.0000  0.0000  0.0000  0.0000  0.0000  0.0000  0.0000
      Total   -0.0007 -0.0007  0.0000  0.0000  0.0000  0.0000 -0.0007 -0.0007  0.0000  0.0000  0.0000  0.0000

                NI37    NI38  
      1s       0.0000  0.0000
      2s       0.0001  0.0001
      2px      0.0000  0.0000
      2pz      0.0000  0.0000
      2py      0.0000  0.0000
      3s       0.0031  0.0031
      3px      0.0001  0.0001
      3pz      0.0012  0.0012
      3py      0.0000  0.0000
      4s      -0.0053 -0.0053
      3d2+     0.0003  0.0003
      3d1+     0.1982  0.1998
      3d0      0.0006  0.0006
      3d1-     0.0721  0.0704
      3d2-     0.0003  0.0003
      *s       0.4758  0.4757
      *px      0.0010  0.0010
      *pz      0.0224  0.0224
      *py      0.0003  0.0003
      *d2+     0.0002  0.0002
      *d1+     0.1771  0.1786
      *d0      0.0009  0.0009
      *d1-     0.0646  0.0630
      *d2-     0.0001  0.0001
      *f3+    -0.0000 -0.0000
      *f2+     0.0000  0.0000
      *f1+     0.0000  0.0000
      *f0      0.0000  0.0000
      *f1-     0.0000  0.0000
      *f2-     0.0000  0.0000
      *f3-     0.0000  0.0000
      Total    1.0131  1.0129

      Total electronic spin=    2.000000
--


      Von Neumann Entropy (Root   2) =  2.13505


      Mulliken population analysis for root number:  2
      -----------------------------------------------


++    Molecular charges:
      ------------------

      Mulliken charges per centre and basis function type
      ---------------------------------------------------

                C1      C2      C3      C4      C5      C6      C7      C8      C9      C10     C11     C12   
      1s       0.8547  0.8547  0.8547  0.8547  0.8547  0.8547  0.8547  0.8547  0.8547  0.8547  0.8547  0.8547
      2s       1.1233  1.1233  1.1232  1.1233  1.1233  1.1232  1.1233  1.1233  1.1232  1.1233  1.1233  1.1232
      2px      0.4569  0.4600  0.4574  0.4569  0.4600  0.4574  0.4499  0.4542  0.4648  0.4499  0.4542  0.4648
      2pz      0.3177  0.3177  0.3238  0.3176  0.3176  0.3238  0.3209  0.3209  0.3143  0.3212  0.3212  0.3143
      2py      0.4564  0.4532  0.4612  0.4564  0.4532  0.4612  0.4638  0.4594  0.4598  0.4638  0.4594  0.4598
      3s       0.0000  0.0000  0.0000  0.0000  0.0000  0.0000  0.0000  0.0000  0.0000  0.0000  0.0000  0.0000
      3px      0.0000  0.0000  0.0000  0.0000  0.0000  0.0000  0.0000  0.0000  0.0000  0.0000  0.0000  0.0000
      3pz      0.0000  0.0000  0.0000  0.0000  0.0000  0.0000  0.0000  0.0000  0.0000  0.0000  0.0000  0.0000
      3py      0.0000  0.0000  0.0000  0.0000  0.0000  0.0000  0.0000  0.0000  0.0000  0.0000  0.0000  0.0000
      4s       0.0000  0.0000  0.0000  0.0000  0.0000  0.0000  0.0000  0.0000  0.0000  0.0000  0.0000  0.0000
      3d2+     0.0000  0.0000  0.0000  0.0000  0.0000  0.0000  0.0000  0.0000  0.0000  0.0000  0.0000  0.0000
      3d1+     0.0000  0.0000  0.0000  0.0000  0.0000  0.0000  0.0000  0.0000  0.0000  0.0000  0.0000  0.0000
      3d0      0.0000  0.0000  0.0000  0.0000  0.0000  0.0000  0.0000  0.0000  0.0000  0.0000  0.0000  0.0000
      3d1-     0.0000  0.0000  0.0000  0.0000  0.0000  0.0000  0.0000  0.0000  0.0000  0.0000  0.0000  0.0000
      3d2-     0.0000  0.0000  0.0000  0.0000  0.0000  0.0000  0.0000  0.0000  0.0000  0.0000  0.0000  0.0000
      *s       1.2893  1.2891  1.3423  1.2894  1.2892  1.3424  1.0049  1.0052  1.1062  1.0049  1.0051  1.1062
      *px      0.4303  0.2661  0.4446  0.4303  0.2661  0.4445  0.3640  0.4361  0.3945  0.3640  0.4361  0.3945
      *pz      0.6422  0.6421  0.5892  0.6422  0.6422  0.5892  0.5712  0.5711  0.5850  0.5718  0.5718  0.5849
      *py      0.1474  0.3129  0.3607  0.1473  0.3129  0.3607  0.4646  0.3922  0.3897  0.4646  0.3922  0.3897
      *d2+     0.0506  0.0545  0.0603  0.0506  0.0545  0.0603  0.0424  0.0392  0.0452  0.0424  0.0392  0.0452
      *d1+     0.0248  0.0269  0.0259  0.0248  0.0269  0.0259  0.0211  0.0233  0.0269  0.0211  0.0233  0.0269
      *d0      0.0058  0.0059  0.0034  0.0059  0.0059  0.0034  0.0087  0.0087  0.0059  0.0087  0.0087  0.0059
      *d1-     0.0257  0.0236  0.0257  0.0257  0.0236  0.0257  0.0272  0.0251  0.0234  0.0272  0.0251  0.0234
      *d2-     0.0534  0.0494  0.0632  0.0534  0.0494  0.0632  0.0373  0.0405  0.0507  0.0373  0.0405  0.0507
      *f3+     0.0021  0.0021  0.0021  0.0021  0.0021  0.0021  0.0021  0.0021  0.0022  0.0021  0.0021  0.0022
      *f2+     0.0009  0.0010  0.0011  0.0009  0.0010  0.0011  0.0011  0.0008  0.0009  0.0011  0.0008  0.0009
      *f1+     0.0011  0.0010  0.0011  0.0011  0.0010  0.0011  0.0010  0.0012  0.0011  0.0010  0.0012  0.0011
      *f0      0.0018  0.0018  0.0020  0.0018  0.0018  0.0020  0.0017  0.0017  0.0020  0.0017  0.0017  0.0020
      *f1-     0.0010  0.0011  0.0011  0.0010  0.0011  0.0011  0.0013  0.0010  0.0011  0.0013  0.0010  0.0011
      *f2-     0.0009  0.0009  0.0010  0.0009  0.0009  0.0010  0.0008  0.0011  0.0010  0.0008  0.0011  0.0010
      *f3-     0.0030  0.0030  0.0032  0.0030  0.0030  0.0032  0.0029  0.0029  0.0031  0.0029  0.0029  0.0031
      Total    5.8892  5.8903  6.1474  5.8892  5.8904  6.1473  5.7649  5.7648  5.8557  5.7658  5.7658  5.8557

      N-E      0.1108  0.1097 -0.1474  0.1108  0.1096 -0.1473  0.2351  0.2352  0.1443  0.2342  0.2342  0.1443

                C13     C14     C15     C16     C17     C18     C19     C20     C21     C22     C23     C24   
      1s       0.8548  0.8548  0.8548  0.8548  0.8548  0.8548  0.8548  0.8548  0.8548  0.8548  0.8548  0.8548
      2s       1.1233  1.1233  1.1232  1.1232  1.1232  1.1232  1.1233  1.1233  1.1232  1.1232  1.1232  1.1232
      2px      0.4473  0.4495  0.4718  0.4717  0.4578  0.4520  0.4473  0.4495  0.4718  0.4717  0.4578  0.4520
      2pz      0.3147  0.3148  0.3162  0.3114  0.3114  0.3162  0.3148  0.3149  0.3162  0.3114  0.3114  0.3162
      2py      0.4582  0.4560  0.4482  0.4484  0.4623  0.4680  0.4582  0.4560  0.4482  0.4484  0.4623  0.4680
      3s       0.0000  0.0000  0.0000  0.0000  0.0000  0.0000  0.0000  0.0000  0.0000  0.0000  0.0000  0.0000
      3px      0.0000  0.0000  0.0000  0.0000  0.0000  0.0000  0.0000  0.0000  0.0000  0.0000  0.0000  0.0000
      3pz      0.0000  0.0000  0.0000  0.0000  0.0000  0.0000  0.0000  0.0000  0.0000  0.0000  0.0000  0.0000
      3py      0.0000  0.0000  0.0000  0.0000  0.0000  0.0000  0.0000  0.0000  0.0000  0.0000  0.0000  0.0000
      4s       0.0000  0.0000  0.0000  0.0000  0.0000  0.0000  0.0000  0.0000  0.0000  0.0000  0.0000  0.0000
      3d2+     0.0000  0.0000  0.0000  0.0000  0.0000  0.0000  0.0000  0.0000  0.0000  0.0000  0.0000  0.0000
      3d1+     0.0000  0.0000  0.0000  0.0000  0.0000  0.0000  0.0000  0.0000  0.0000  0.0000  0.0000  0.0000
      3d0      0.0000  0.0000  0.0000  0.0000  0.0000  0.0000  0.0000  0.0000  0.0000  0.0000  0.0000  0.0000
      3d1-     0.0000  0.0000  0.0000  0.0000  0.0000  0.0000  0.0000  0.0000  0.0000  0.0000  0.0000  0.0000
      3d2-     0.0000  0.0000  0.0000  0.0000  0.0000  0.0000  0.0000  0.0000  0.0000  0.0000  0.0000  0.0000
      *s       1.2152  1.2148  1.2426  1.2169  1.2170  1.2425  1.2152  1.2149  1.2426  1.2169  1.2170  1.2425
      *px      0.5340  0.5067  0.5058  0.5129  0.4939  0.5322  0.5340  0.5067  0.5058  0.5129  0.4939  0.5322
      *pz      0.6346  0.6348  0.6538  0.6526  0.6527  0.6537  0.6349  0.6351  0.6537  0.6527  0.6526  0.6537
      *py      0.4923  0.5196  0.5183  0.5129  0.5319  0.4919  0.4923  0.5196  0.5183  0.5129  0.5319  0.4919
      *d2+     0.0280  0.0285  0.0277  0.0280  0.0315  0.0310  0.0280  0.0285  0.0277  0.0280  0.0315  0.0310
      *d1+     0.0120  0.0209  0.0240  0.0235  0.0205  0.0067  0.0120  0.0210  0.0240  0.0235  0.0205  0.0067
      *d0      0.0099  0.0099  0.0052  0.0048  0.0048  0.0052  0.0099  0.0099  0.0052  0.0048  0.0048  0.0052
      *d1-     0.0268  0.0179  0.0110  0.0102  0.0131  0.0283  0.0269  0.0179  0.0110  0.0102  0.0131  0.0282
      *d2-     0.0269  0.0263  0.0330  0.0321  0.0286  0.0297  0.0269  0.0263  0.0330  0.0321  0.0286  0.0297
      *f3+     0.0019  0.0019  0.0019  0.0019  0.0019  0.0019  0.0019  0.0019  0.0019  0.0019  0.0019  0.0019
      *f2+     0.0005  0.0009  0.0009  0.0009  0.0008  0.0003  0.0005  0.0009  0.0009  0.0009  0.0008  0.0003
      *f1+     0.0008  0.0010  0.0009  0.0009  0.0009  0.0009  0.0008  0.0010  0.0009  0.0009  0.0009  0.0009
      *f0      0.0014  0.0014  0.0016  0.0016  0.0016  0.0016  0.0014  0.0014  0.0016  0.0016  0.0016  0.0016
      *f1-     0.0009  0.0008  0.0009  0.0008  0.0009  0.0010  0.0009  0.0008  0.0009  0.0008  0.0009  0.0010
      *f2-     0.0011  0.0006  0.0005  0.0005  0.0005  0.0011  0.0011  0.0006  0.0005  0.0005  0.0005  0.0011
      *f3-     0.0017  0.0017  0.0019  0.0020  0.0020  0.0019  0.0017  0.0017  0.0019  0.0020  0.0020  0.0019
      Total    6.1863  6.1862  6.2443  6.2119  6.2121  6.2441  6.1868  6.1866  6.2443  6.2119  6.2120  6.2441

      N-E     -0.1863 -0.1862 -0.2443 -0.2119 -0.2121 -0.2441 -0.1868 -0.1866 -0.2443 -0.2119 -0.2120 -0.2441

                H25     H26     H27     H28     H29     H30     H31     H32     H33     H34     H35     H36   
      1s       0.2627  0.2627  0.2635  0.2638  0.2638  0.2635  0.2627  0.2627  0.2635  0.2638  0.2638  0.2635
      2s       0.0000  0.0000  0.0000  0.0000  0.0000  0.0000  0.0000  0.0000  0.0000  0.0000  0.0000  0.0000
      2px      0.0000  0.0000  0.0000  0.0000  0.0000  0.0000  0.0000  0.0000  0.0000  0.0000  0.0000  0.0000
      2pz      0.0000  0.0000  0.0000  0.0000  0.0000  0.0000  0.0000  0.0000  0.0000  0.0000  0.0000  0.0000
      2py      0.0000  0.0000  0.0000  0.0000  0.0000  0.0000  0.0000  0.0000  0.0000  0.0000  0.0000  0.0000
      3s       0.0000  0.0000  0.0000  0.0000  0.0000  0.0000  0.0000  0.0000  0.0000  0.0000  0.0000  0.0000
      3px      0.0000  0.0000  0.0000  0.0000  0.0000  0.0000  0.0000  0.0000  0.0000  0.0000  0.0000  0.0000
      3pz      0.0000  0.0000  0.0000  0.0000  0.0000  0.0000  0.0000  0.0000  0.0000  0.0000  0.0000  0.0000
      3py      0.0000  0.0000  0.0000  0.0000  0.0000  0.0000  0.0000  0.0000  0.0000  0.0000  0.0000  0.0000
      4s       0.0000  0.0000  0.0000  0.0000  0.0000  0.0000  0.0000  0.0000  0.0000  0.0000  0.0000  0.0000
      3d2+     0.0000  0.0000  0.0000  0.0000  0.0000  0.0000  0.0000  0.0000  0.0000  0.0000  0.0000  0.0000
      3d1+     0.0000  0.0000  0.0000  0.0000  0.0000  0.0000  0.0000  0.0000  0.0000  0.0000  0.0000  0.0000
      3d0      0.0000  0.0000  0.0000  0.0000  0.0000  0.0000  0.0000  0.0000  0.0000  0.0000  0.0000  0.0000
      3d1-     0.0000  0.0000  0.0000  0.0000  0.0000  0.0000  0.0000  0.0000  0.0000  0.0000  0.0000  0.0000
      3d2-     0.0000  0.0000  0.0000  0.0000  0.0000  0.0000  0.0000  0.0000  0.0000  0.0000  0.0000  0.0000
      *s       0.5670  0.5670  0.5809  0.5777  0.5777  0.5809  0.5670  0.5670  0.5809  0.5777  0.5777  0.5809
      *px      0.0166  0.0066  0.0061  0.0061  0.0064  0.0163  0.0166  0.0066  0.0061  0.0061  0.0064  0.0163
      *pz      0.0044  0.0044  0.0041  0.0042  0.0042  0.0041  0.0044  0.0044  0.0041  0.0042  0.0042  0.0041
      *py      0.0030  0.0131  0.0131  0.0130  0.0128  0.0029  0.0030  0.0131  0.0131  0.0130  0.0128  0.0029
      *d2+     0.0000  0.0000  0.0000  0.0000  0.0000  0.0000  0.0000  0.0000  0.0000  0.0000  0.0000  0.0000
      *d1+     0.0000  0.0000  0.0000  0.0000  0.0000  0.0000  0.0000  0.0000  0.0000  0.0000  0.0000  0.0000
      *d0      0.0000  0.0000  0.0000  0.0000  0.0000  0.0000  0.0000  0.0000  0.0000  0.0000  0.0000  0.0000
      *d1-     0.0000  0.0000  0.0000  0.0000  0.0000  0.0000  0.0000  0.0000  0.0000  0.0000  0.0000  0.0000
      *d2-     0.0000  0.0000  0.0000  0.0000  0.0000  0.0000  0.0000  0.0000  0.0000  0.0000  0.0000  0.0000
      *f3+     0.0000  0.0000  0.0000  0.0000  0.0000  0.0000  0.0000  0.0000  0.0000  0.0000  0.0000  0.0000
      *f2+     0.0000  0.0000  0.0000  0.0000  0.0000  0.0000  0.0000  0.0000  0.0000  0.0000  0.0000  0.0000
      *f1+     0.0000  0.0000  0.0000  0.0000  0.0000  0.0000  0.0000  0.0000  0.0000  0.0000  0.0000  0.0000
      *f0      0.0000  0.0000  0.0000  0.0000  0.0000  0.0000  0.0000  0.0000  0.0000  0.0000  0.0000  0.0000
      *f1-     0.0000  0.0000  0.0000  0.0000  0.0000  0.0000  0.0000  0.0000  0.0000  0.0000  0.0000  0.0000
      *f2-     0.0000  0.0000  0.0000  0.0000  0.0000  0.0000  0.0000  0.0000  0.0000  0.0000  0.0000  0.0000
      *f3-     0.0000  0.0000  0.0000  0.0000  0.0000  0.0000  0.0000  0.0000  0.0000  0.0000  0.0000  0.0000
      Total    0.8537  0.8537  0.8677  0.8648  0.8648  0.8677  0.8537  0.8537  0.8677  0.8648  0.8648  0.8677

      N-E      0.1463  0.1463  0.1323  0.1352  0.1352  0.1323  0.1463  0.1463  0.1323  0.1352  0.1352  0.1323

                NI37    NI38  
      1s       1.9997  1.9997
      2s       2.0006  2.0006
      2px      1.9958  1.9958
      2pz      1.9958  1.9958
      2py      1.9958  1.9958
      3s       1.1579  1.1579
      3px      1.5698  1.5698
      3pz      1.5733  1.5733
      3py      1.5669  1.5669
      4s       0.8152  0.8152
      3d2+     0.9376  0.9376
      3d1+     0.6530  0.6501
      3d0      0.9847  0.9847
      3d1-     0.8691  0.8722
      3d2-     0.9568  0.9568
      *s       1.1639  1.1629
      *px      0.4894  0.4894
      *pz      0.5322  0.5322
      *py      0.4805  0.4806
      *d2+     0.9906  0.9906
      *d1+     0.6477  0.6450
      *d0      0.9953  0.9953
      *d1-     0.8650  0.8678
      *d2-     0.9925  0.9925
      *f3+     0.0000  0.0000
      *f2+     0.0000  0.0000
      *f1+     0.0000  0.0000
      *f0      0.0001  0.0001
      *f1-     0.0000  0.0000
      *f2-     0.0000  0.0000
      *f3-     0.0000  0.0000
      Total   28.2294 28.2285

      N-E     -0.2294 -0.2285

      Total electronic charge=  212.000000

      Total            charge=   -0.000000
--



      Expectation values of various properties for root number:  2
      -----------------------------------------------------------


++    Molecular properties:
      ---------------------

      Charge (e):
                      =   -0.0000
      Dipole Moment (Debye):
      Origin of the operator (Ang)=    0.0000    0.0000    0.0000
                   X=  2.8842E-02               Y=  1.6678E-02               Z= -8.6126E+00           Total=  8.6127E+00
      Quadrupole Moment (Debye*Ang):
      Origin of the operator (Ang)=    0.0000   -0.0000    0.5165
                  XX= -1.3949E+02              XY= -1.8158E+00              XZ= -2.3792E-02              YY= -1.3739E+02
                  YZ= -1.1379E-02              ZZ= -2.0207E+02
      In traceless form (Debye*Ang)
                  XX=  3.0240E+01              XY= -2.7237E+00              XZ= -3.5689E-02              YY=  3.3391E+01
                  YZ= -1.7069E-02              ZZ= -6.3631E+01
--


      Mulliken spin population analysis for root number:  2
      ---------------------------------------------------


++    Molecular charges:
      ------------------

      Mulliken spin population per centre and basis function type
      ---------------------------------------------------

                C1      C2      C3      C4      C5      C6      C7      C8      C9      C10     C11     C12   
      1s       0.0000  0.0000  0.0000  0.0000  0.0000  0.0000  0.0000  0.0000  0.0000  0.0000  0.0000  0.0000
      2s      -0.0000 -0.0000 -0.0000 -0.0000 -0.0000 -0.0000 -0.0000 -0.0000 -0.0000 -0.0000 -0.0000 -0.0000
      2px      0.0000  0.0002  0.0001  0.0000  0.0002  0.0001  0.0002  0.0001  0.0000  0.0001  0.0001  0.0000
      2pz      0.0011  0.0011  0.0009  0.0012  0.0012  0.0009  0.0050  0.0050  0.0002  0.0048  0.0048  0.0002
      2py      0.0002  0.0000  0.0000  0.0002  0.0000  0.0000  0.0000  0.0001  0.0000  0.0000  0.0000  0.0000
      3s       0.0000  0.0000  0.0000  0.0000  0.0000  0.0000  0.0000  0.0000  0.0000  0.0000  0.0000  0.0000
      3px      0.0000  0.0000  0.0000  0.0000  0.0000  0.0000  0.0000  0.0000  0.0000  0.0000  0.0000  0.0000
      3pz      0.0000  0.0000  0.0000  0.0000  0.0000  0.0000  0.0000  0.0000  0.0000  0.0000  0.0000  0.0000
      3py      0.0000  0.0000  0.0000  0.0000  0.0000  0.0000  0.0000  0.0000  0.0000  0.0000  0.0000  0.0000
      4s       0.0000  0.0000  0.0000  0.0000  0.0000  0.0000  0.0000  0.0000  0.0000  0.0000  0.0000  0.0000
      3d2+     0.0000  0.0000  0.0000  0.0000  0.0000  0.0000  0.0000  0.0000  0.0000  0.0000  0.0000  0.0000
      3d1+     0.0000  0.0000  0.0000  0.0000  0.0000  0.0000  0.0000  0.0000  0.0000  0.0000  0.0000  0.0000
      3d0      0.0000  0.0000  0.0000  0.0000  0.0000  0.0000  0.0000  0.0000  0.0000  0.0000  0.0000  0.0000
      3d1-     0.0000  0.0000  0.0000  0.0000  0.0000  0.0000  0.0000  0.0000  0.0000  0.0000  0.0000  0.0000
      3d2-     0.0000  0.0000  0.0000  0.0000  0.0000  0.0000  0.0000  0.0000  0.0000  0.0000  0.0000  0.0000
      *s       0.0026  0.0026 -0.0226  0.0028  0.0028 -0.0226 -0.0017 -0.0016  0.0020 -0.0017 -0.0016  0.0020
      *px     -0.0003 -0.0011  0.0005 -0.0002 -0.0009  0.0005 -0.0010  0.0001 -0.0003 -0.0010  0.0001 -0.0003
      *pz     -0.0004 -0.0005 -0.0015 -0.0002 -0.0002 -0.0015 -0.0017 -0.0017 -0.0002 -0.0017 -0.0017 -0.0002
      *py     -0.0015 -0.0006  0.0007 -0.0013 -0.0006  0.0007 -0.0006 -0.0017  0.0016 -0.0006 -0.0016  0.0017
      *d2+    -0.0000  0.0001  0.0000 -0.0000  0.0001  0.0000  0.0000 -0.0000 -0.0000  0.0000 -0.0000 -0.0000
      *d1+     0.0003  0.0001  0.0001  0.0003  0.0001  0.0001  0.0001  0.0002  0.0003  0.0001  0.0002  0.0004
      *d0      0.0008  0.0008  0.0003  0.0008  0.0008  0.0003  0.0002  0.0002  0.0000  0.0001  0.0001  0.0000
      *d1-     0.0000  0.0002  0.0000  0.0000  0.0002  0.0000  0.0001 -0.0000  0.0002  0.0001 -0.0000  0.0002
      *d2-     0.0001  0.0000  0.0000  0.0001  0.0000  0.0000 -0.0000  0.0000  0.0000 -0.0000  0.0000  0.0000
      *f3+     0.0000  0.0000  0.0000  0.0000  0.0000  0.0000 -0.0000 -0.0000  0.0000 -0.0000 -0.0000  0.0000
      *f2+     0.0000  0.0000  0.0000  0.0000  0.0000  0.0000  0.0000  0.0000  0.0000  0.0000  0.0000  0.0000
      *f1+     0.0000  0.0000  0.0000  0.0000  0.0000  0.0000  0.0000  0.0000  0.0000  0.0000  0.0000  0.0000
      *f0      0.0000  0.0000  0.0000  0.0000  0.0000  0.0000  0.0000  0.0000  0.0000  0.0000  0.0000  0.0000
      *f1-     0.0000  0.0000  0.0000  0.0000  0.0000  0.0000  0.0000  0.0000 -0.0000  0.0000  0.0000  0.0000
      *f2-     0.0000  0.0000  0.0000  0.0000  0.0000  0.0000  0.0000  0.0000  0.0000  0.0000  0.0000  0.0000
      *f3-     0.0000  0.0000  0.0000  0.0000  0.0000  0.0000  0.0000  0.0000  0.0000  0.0000  0.0000  0.0000
      Total    0.0032  0.0031 -0.0215  0.0037  0.0037 -0.0215  0.0006  0.0007  0.0039  0.0005  0.0005  0.0039

                C13     C14     C15     C16     C17     C18     C19     C20     C21     C22     C23     C24   
      1s       0.0000  0.0000  0.0000  0.0000  0.0000  0.0000  0.0000  0.0000  0.0000  0.0000  0.0000  0.0000
      2s      -0.0001 -0.0001 -0.0000 -0.0000 -0.0000 -0.0000 -0.0000 -0.0000 -0.0000 -0.0000 -0.0000 -0.0000
      2px      0.0004  0.0000  0.0000  0.0000  0.0000  0.0000  0.0003  0.0000  0.0000  0.0000  0.0000  0.0000
      2pz      0.0019  0.0019  0.0004  0.0018  0.0018  0.0004  0.0018  0.0018  0.0004  0.0018  0.0018  0.0004
      2py      0.0001  0.0004  0.0000  0.0000  0.0000  0.0000  0.0001  0.0003  0.0000  0.0000  0.0000  0.0000
      3s       0.0000  0.0000  0.0000  0.0000  0.0000  0.0000  0.0000  0.0000  0.0000  0.0000  0.0000  0.0000
      3px      0.0000  0.0000  0.0000  0.0000  0.0000  0.0000  0.0000  0.0000  0.0000  0.0000  0.0000  0.0000
      3pz      0.0000  0.0000  0.0000  0.0000  0.0000  0.0000  0.0000  0.0000  0.0000  0.0000  0.0000  0.0000
      3py      0.0000  0.0000  0.0000  0.0000  0.0000  0.0000  0.0000  0.0000  0.0000  0.0000  0.0000  0.0000
      4s       0.0000  0.0000  0.0000  0.0000  0.0000  0.0000  0.0000  0.0000  0.0000  0.0000  0.0000  0.0000
      3d2+     0.0000  0.0000  0.0000  0.0000  0.0000  0.0000  0.0000  0.0000  0.0000  0.0000  0.0000  0.0000
      3d1+     0.0000  0.0000  0.0000  0.0000  0.0000  0.0000  0.0000  0.0000  0.0000  0.0000  0.0000  0.0000
      3d0      0.0000  0.0000  0.0000  0.0000  0.0000  0.0000  0.0000  0.0000  0.0000  0.0000  0.0000  0.0000
      3d1-     0.0000  0.0000  0.0000  0.0000  0.0000  0.0000  0.0000  0.0000  0.0000  0.0000  0.0000  0.0000
      3d2-     0.0000  0.0000  0.0000  0.0000  0.0000  0.0000  0.0000  0.0000  0.0000  0.0000  0.0000  0.0000
      *s      -0.0117 -0.0117 -0.0033  0.0012  0.0011 -0.0031 -0.0112 -0.0112 -0.0031  0.0011  0.0012 -0.0033
      *px      0.0001 -0.0001 -0.0003 -0.0002  0.0001 -0.0003  0.0000 -0.0001 -0.0003 -0.0002  0.0001 -0.0003
      *pz      0.0002  0.0002 -0.0002  0.0047  0.0046 -0.0001  0.0001  0.0001 -0.0001  0.0046  0.0047 -0.0001
      *py      0.0001  0.0002 -0.0011  0.0002 -0.0002 -0.0010  0.0001  0.0002 -0.0010  0.0001 -0.0002 -0.0011
      *d2+     0.0001 -0.0000  0.0000  0.0000 -0.0000 -0.0000  0.0001 -0.0000  0.0000  0.0000 -0.0000 -0.0000
      *d1+     0.0001  0.0003  0.0006  0.0000  0.0000  0.0000  0.0001  0.0003  0.0006  0.0000  0.0000  0.0000
      *d0      0.0011  0.0011  0.0001  0.0000  0.0000  0.0001  0.0011  0.0011  0.0001  0.0000  0.0000  0.0001
      *d1-     0.0002  0.0000  0.0003  0.0000  0.0000  0.0008  0.0002 -0.0000  0.0002  0.0000  0.0000  0.0008
      *d2-     0.0000  0.0001 -0.0000 -0.0000 -0.0000  0.0000  0.0000  0.0001 -0.0000 -0.0000 -0.0000  0.0000
      *f3+     0.0000  0.0000  0.0000  0.0000  0.0000  0.0000  0.0000  0.0000  0.0000  0.0000  0.0000  0.0000
      *f2+     0.0000  0.0000  0.0000  0.0000  0.0000  0.0000  0.0000  0.0000  0.0000  0.0000  0.0000  0.0000
      *f1+     0.0000  0.0000  0.0000  0.0000  0.0000  0.0000  0.0000  0.0000  0.0000  0.0000  0.0000  0.0000
      *f0      0.0000  0.0000  0.0000 -0.0000 -0.0000  0.0000  0.0000  0.0000  0.0000 -0.0000 -0.0000  0.0000
      *f1-     0.0000  0.0000  0.0000  0.0000  0.0000  0.0000  0.0000  0.0000  0.0000  0.0000  0.0000  0.0000
      *f2-     0.0000  0.0000  0.0000  0.0000  0.0000  0.0000  0.0000  0.0000  0.0000  0.0000  0.0000  0.0000
      *f3-     0.0000  0.0000  0.0000  0.0000  0.0000  0.0000  0.0000  0.0000  0.0000  0.0000  0.0000  0.0000
      Total   -0.0074 -0.0074 -0.0035  0.0077  0.0075 -0.0033 -0.0073 -0.0074 -0.0033  0.0074  0.0077 -0.0035

                H25     H26     H27     H28     H29     H30     H31     H32     H33     H34     H35     H36   
      1s       0.0001  0.0001  0.0000  0.0000  0.0000  0.0000  0.0001  0.0001  0.0000  0.0000  0.0000  0.0000
      2s       0.0000  0.0000  0.0000  0.0000  0.0000  0.0000  0.0000  0.0000  0.0000  0.0000  0.0000  0.0000
      2px      0.0000  0.0000  0.0000  0.0000  0.0000  0.0000  0.0000  0.0000  0.0000  0.0000  0.0000  0.0000
      2pz      0.0000  0.0000  0.0000  0.0000  0.0000  0.0000  0.0000  0.0000  0.0000  0.0000  0.0000  0.0000
      2py      0.0000  0.0000  0.0000  0.0000  0.0000  0.0000  0.0000  0.0000  0.0000  0.0000  0.0000  0.0000
      3s       0.0000  0.0000  0.0000  0.0000  0.0000  0.0000  0.0000  0.0000  0.0000  0.0000  0.0000  0.0000
      3px      0.0000  0.0000  0.0000  0.0000  0.0000  0.0000  0.0000  0.0000  0.0000  0.0000  0.0000  0.0000
      3pz      0.0000  0.0000  0.0000  0.0000  0.0000  0.0000  0.0000  0.0000  0.0000  0.0000  0.0000  0.0000
      3py      0.0000  0.0000  0.0000  0.0000  0.0000  0.0000  0.0000  0.0000  0.0000  0.0000  0.0000  0.0000
      4s       0.0000  0.0000  0.0000  0.0000  0.0000  0.0000  0.0000  0.0000  0.0000  0.0000  0.0000  0.0000
      3d2+     0.0000  0.0000  0.0000  0.0000  0.0000  0.0000  0.0000  0.0000  0.0000  0.0000  0.0000  0.0000
      3d1+     0.0000  0.0000  0.0000  0.0000  0.0000  0.0000  0.0000  0.0000  0.0000  0.0000  0.0000  0.0000
      3d0      0.0000  0.0000  0.0000  0.0000  0.0000  0.0000  0.0000  0.0000  0.0000  0.0000  0.0000  0.0000
      3d1-     0.0000  0.0000  0.0000  0.0000  0.0000  0.0000  0.0000  0.0000  0.0000  0.0000  0.0000  0.0000
      3d2-     0.0000  0.0000  0.0000  0.0000  0.0000  0.0000  0.0000  0.0000  0.0000  0.0000  0.0000  0.0000
      *s      -0.0010 -0.0010 -0.0000 -0.0000 -0.0000 -0.0000 -0.0010 -0.0010 -0.0000 -0.0000 -0.0000 -0.0000
      *px      0.0000  0.0000  0.0000  0.0000  0.0000  0.0000  0.0000  0.0000  0.0000  0.0000  0.0000  0.0000
      *pz      0.0000  0.0000  0.0000  0.0000  0.0000  0.0000  0.0000  0.0000  0.0000  0.0000  0.0000  0.0000
      *py      0.0000  0.0000  0.0000  0.0000  0.0000 -0.0000  0.0000  0.0000  0.0000  0.0000  0.0000 -0.0000
      *d2+     0.0000  0.0000  0.0000  0.0000  0.0000  0.0000  0.0000  0.0000  0.0000  0.0000  0.0000  0.0000
      *d1+     0.0000  0.0000  0.0000  0.0000  0.0000  0.0000  0.0000  0.0000  0.0000  0.0000  0.0000  0.0000
      *d0      0.0000  0.0000  0.0000  0.0000  0.0000  0.0000  0.0000  0.0000  0.0000  0.0000  0.0000  0.0000
      *d1-     0.0000  0.0000  0.0000  0.0000  0.0000  0.0000  0.0000  0.0000  0.0000  0.0000  0.0000  0.0000
      *d2-     0.0000  0.0000  0.0000  0.0000  0.0000  0.0000  0.0000  0.0000  0.0000  0.0000  0.0000  0.0000
      *f3+     0.0000  0.0000  0.0000  0.0000  0.0000  0.0000  0.0000  0.0000  0.0000  0.0000  0.0000  0.0000
      *f2+     0.0000  0.0000  0.0000  0.0000  0.0000  0.0000  0.0000  0.0000  0.0000  0.0000  0.0000  0.0000
      *f1+     0.0000  0.0000  0.0000  0.0000  0.0000  0.0000  0.0000  0.0000  0.0000  0.0000  0.0000  0.0000
      *f0      0.0000  0.0000  0.0000  0.0000  0.0000  0.0000  0.0000  0.0000  0.0000  0.0000  0.0000  0.0000
      *f1-     0.0000  0.0000  0.0000  0.0000  0.0000  0.0000  0.0000  0.0000  0.0000  0.0000  0.0000  0.0000
      *f2-     0.0000  0.0000  0.0000  0.0000  0.0000  0.0000  0.0000  0.0000  0.0000  0.0000  0.0000  0.0000
      *f3-     0.0000  0.0000  0.0000  0.0000  0.0000  0.0000  0.0000  0.0000  0.0000  0.0000  0.0000  0.0000
      Total   -0.0009 -0.0009  0.0000  0.0000  0.0000  0.0000 -0.0008 -0.0008  0.0000  0.0000  0.0000  0.0000

                NI37    NI38  
      1s       0.0000  0.0000
      2s       0.0001  0.0001
      2px      0.0000  0.0000
      2pz      0.0000  0.0000
      2py      0.0000  0.0000
      3s       0.0037  0.0035
      3px      0.0001  0.0001
      3pz      0.0014  0.0013
      3py      0.0000  0.0000
      4s      -0.0064 -0.0061
      3d2+     0.0003  0.0003
      3d1+     0.1731  0.1638
      3d0      0.0007  0.0006
      3d1-     0.0631  0.0578
      3d2-     0.0003  0.0003
      *s       0.5689  0.5408
      *px      0.0010  0.0010
      *pz      0.0269  0.0256
      *py      0.0003  0.0003
      *d2+     0.0002  0.0001
      *d1+     0.1548  0.1465
      *d0      0.0010  0.0009
      *d1-     0.0566  0.0518
      *d2-     0.0001  0.0001
      *f3+    -0.0000 -0.0000
      *f2+     0.0000  0.0000
      *f1+     0.0000  0.0000
      *f0      0.0000  0.0000
      *f1-     0.0000  0.0000
      *f2-     0.0000  0.0000
      *f3-     0.0000  0.0000
      Total    1.0462  0.9890

      Total electronic spin=    2.000000
--


      Von Neumann Entropy (Root   3) =  2.13689


      Mulliken population analysis for root number:  3
      -----------------------------------------------


++    Molecular charges:
      ------------------

      Mulliken charges per centre and basis function type
      ---------------------------------------------------

                C1      C2      C3      C4      C5      C6      C7      C8      C9      C10     C11     C12   
      1s       0.8547  0.8547  0.8547  0.8547  0.8547  0.8547  0.8547  0.8547  0.8547  0.8547  0.8547  0.8547
      2s       1.1233  1.1233  1.1232  1.1233  1.1233  1.1232  1.1233  1.1233  1.1232  1.1233  1.1233  1.1232
      2px      0.4569  0.4600  0.4574  0.4569  0.4600  0.4574  0.4499  0.4542  0.4648  0.4499  0.4542  0.4648
      2pz      0.3179  0.3178  0.3235  0.3178  0.3178  0.3235  0.3223  0.3223  0.3142  0.3225  0.3225  0.3142
      2py      0.4564  0.4532  0.4612  0.4564  0.4532  0.4612  0.4638  0.4594  0.4598  0.4638  0.4594  0.4598
      3s       0.0000  0.0000  0.0000  0.0000  0.0000  0.0000  0.0000  0.0000  0.0000  0.0000  0.0000  0.0000
      3px      0.0000  0.0000  0.0000  0.0000  0.0000  0.0000  0.0000  0.0000  0.0000  0.0000  0.0000  0.0000
      3pz      0.0000  0.0000  0.0000  0.0000  0.0000  0.0000  0.0000  0.0000  0.0000  0.0000  0.0000  0.0000
      3py      0.0000  0.0000  0.0000  0.0000  0.0000  0.0000  0.0000  0.0000  0.0000  0.0000  0.0000  0.0000
      4s       0.0000  0.0000  0.0000  0.0000  0.0000  0.0000  0.0000  0.0000  0.0000  0.0000  0.0000  0.0000
      3d2+     0.0000  0.0000  0.0000  0.0000  0.0000  0.0000  0.0000  0.0000  0.0000  0.0000  0.0000  0.0000
      3d1+     0.0000  0.0000  0.0000  0.0000  0.0000  0.0000  0.0000  0.0000  0.0000  0.0000  0.0000  0.0000
      3d0      0.0000  0.0000  0.0000  0.0000  0.0000  0.0000  0.0000  0.0000  0.0000  0.0000  0.0000  0.0000
      3d1-     0.0000  0.0000  0.0000  0.0000  0.0000  0.0000  0.0000  0.0000  0.0000  0.0000  0.0000  0.0000
      3d2-     0.0000  0.0000  0.0000  0.0000  0.0000  0.0000  0.0000  0.0000  0.0000  0.0000  0.0000  0.0000
      *s       1.2889  1.2887  1.3472  1.2889  1.2887  1.3472  1.0051  1.0054  1.1058  1.0052  1.0053  1.1059
      *px      0.4305  0.2660  0.4440  0.4305  0.2660  0.4440  0.3640  0.4362  0.3943  0.3640  0.4362  0.3943
      *pz      0.6432  0.6431  0.5895  0.6432  0.6432  0.5895  0.5723  0.5722  0.5850  0.5729  0.5728  0.5850
      *py      0.1473  0.3132  0.3604  0.1473  0.3131  0.3604  0.4643  0.3919  0.3893  0.4643  0.3919  0.3893
      *d2+     0.0506  0.0545  0.0603  0.0506  0.0545  0.0603  0.0424  0.0392  0.0452  0.0424  0.0392  0.0452
      *d1+     0.0249  0.0269  0.0259  0.0249  0.0269  0.0259  0.0212  0.0232  0.0271  0.0211  0.0232  0.0271
      *d0      0.0058  0.0058  0.0033  0.0058  0.0058  0.0033  0.0087  0.0087  0.0059  0.0087  0.0087  0.0059
      *d1-     0.0257  0.0237  0.0257  0.0257  0.0237  0.0257  0.0271  0.0251  0.0234  0.0272  0.0251  0.0234
      *d2-     0.0534  0.0494  0.0632  0.0534  0.0494  0.0632  0.0373  0.0405  0.0507  0.0373  0.0405  0.0507
      *f3+     0.0021  0.0021  0.0021  0.0021  0.0021  0.0021  0.0021  0.0021  0.0022  0.0021  0.0021  0.0022
      *f2+     0.0009  0.0010  0.0011  0.0009  0.0010  0.0011  0.0011  0.0008  0.0009  0.0011  0.0008  0.0009
      *f1+     0.0011  0.0010  0.0011  0.0011  0.0010  0.0011  0.0010  0.0012  0.0011  0.0010  0.0012  0.0011
      *f0      0.0018  0.0018  0.0020  0.0018  0.0018  0.0020  0.0017  0.0017  0.0020  0.0017  0.0017  0.0020
      *f1-     0.0010  0.0011  0.0011  0.0010  0.0011  0.0011  0.0013  0.0010  0.0011  0.0013  0.0010  0.0011
      *f2-     0.0009  0.0009  0.0010  0.0009  0.0009  0.0010  0.0008  0.0011  0.0010  0.0008  0.0011  0.0010
      *f3-     0.0030  0.0030  0.0032  0.0030  0.0030  0.0032  0.0029  0.0029  0.0031  0.0029  0.0029  0.0031
      Total    5.8902  5.8913  6.1512  5.8901  5.8913  6.1512  5.7673  5.7672  5.8549  5.7682  5.7681  5.8549

      N-E      0.1098  0.1087 -0.1512  0.1099  0.1087 -0.1512  0.2327  0.2328  0.1451  0.2318  0.2319  0.1451

                C13     C14     C15     C16     C17     C18     C19     C20     C21     C22     C23     C24   
      1s       0.8548  0.8548  0.8548  0.8548  0.8548  0.8548  0.8548  0.8548  0.8548  0.8548  0.8548  0.8548
      2s       1.1233  1.1233  1.1232  1.1232  1.1232  1.1232  1.1233  1.1233  1.1232  1.1232  1.1232  1.1232
      2px      0.4473  0.4495  0.4718  0.4717  0.4578  0.4520  0.4473  0.4495  0.4718  0.4717  0.4578  0.4520
      2pz      0.3146  0.3146  0.3163  0.3122  0.3121  0.3163  0.3147  0.3147  0.3163  0.3121  0.3121  0.3163
      2py      0.4582  0.4560  0.4482  0.4484  0.4623  0.4680  0.4582  0.4560  0.4482  0.4484  0.4623  0.4680
      3s       0.0000  0.0000  0.0000  0.0000  0.0000  0.0000  0.0000  0.0000  0.0000  0.0000  0.0000  0.0000
      3px      0.0000  0.0000  0.0000  0.0000  0.0000  0.0000  0.0000  0.0000  0.0000  0.0000  0.0000  0.0000
      3pz      0.0000  0.0000  0.0000  0.0000  0.0000  0.0000  0.0000  0.0000  0.0000  0.0000  0.0000  0.0000
      3py      0.0000  0.0000  0.0000  0.0000  0.0000  0.0000  0.0000  0.0000  0.0000  0.0000  0.0000  0.0000
      4s       0.0000  0.0000  0.0000  0.0000  0.0000  0.0000  0.0000  0.0000  0.0000  0.0000  0.0000  0.0000
      3d2+     0.0000  0.0000  0.0000  0.0000  0.0000  0.0000  0.0000  0.0000  0.0000  0.0000  0.0000  0.0000
      3d1+     0.0000  0.0000  0.0000  0.0000  0.0000  0.0000  0.0000  0.0000  0.0000  0.0000  0.0000  0.0000
      3d0      0.0000  0.0000  0.0000  0.0000  0.0000  0.0000  0.0000  0.0000  0.0000  0.0000  0.0000  0.0000
      3d1-     0.0000  0.0000  0.0000  0.0000  0.0000  0.0000  0.0000  0.0000  0.0000  0.0000  0.0000  0.0000
      3d2-     0.0000  0.0000  0.0000  0.0000  0.0000  0.0000  0.0000  0.0000  0.0000  0.0000  0.0000  0.0000
      *s       1.2154  1.2150  1.2422  1.2167  1.2169  1.2421  1.2154  1.2150  1.2422  1.2167  1.2169  1.2421
      *px      0.5342  0.5067  0.5057  0.5130  0.4939  0.5322  0.5342  0.5067  0.5057  0.5129  0.4939  0.5322
      *pz      0.6354  0.6356  0.6537  0.6542  0.6542  0.6536  0.6356  0.6357  0.6536  0.6542  0.6543  0.6536
      *py      0.4923  0.5198  0.5183  0.5129  0.5320  0.4918  0.4923  0.5198  0.5183  0.5129  0.5320  0.4918
      *d2+     0.0280  0.0285  0.0277  0.0280  0.0315  0.0310  0.0280  0.0285  0.0277  0.0280  0.0315  0.0310
      *d1+     0.0120  0.0210  0.0242  0.0235  0.0205  0.0067  0.0120  0.0210  0.0242  0.0235  0.0205  0.0067
      *d0      0.0100  0.0100  0.0052  0.0048  0.0048  0.0052  0.0100  0.0100  0.0052  0.0048  0.0048  0.0052
      *d1-     0.0269  0.0179  0.0110  0.0102  0.0131  0.0285  0.0269  0.0179  0.0111  0.0102  0.0131  0.0285
      *d2-     0.0269  0.0263  0.0330  0.0321  0.0286  0.0297  0.0269  0.0263  0.0330  0.0321  0.0286  0.0297
      *f3+     0.0019  0.0019  0.0019  0.0019  0.0019  0.0019  0.0019  0.0019  0.0019  0.0019  0.0019  0.0019
      *f2+     0.0005  0.0009  0.0009  0.0009  0.0008  0.0003  0.0005  0.0009  0.0009  0.0009  0.0008  0.0003
      *f1+     0.0008  0.0010  0.0009  0.0009  0.0009  0.0009  0.0008  0.0010  0.0009  0.0009  0.0009  0.0009
      *f0      0.0014  0.0014  0.0016  0.0016  0.0016  0.0016  0.0014  0.0014  0.0016  0.0016  0.0016  0.0016
      *f1-     0.0009  0.0008  0.0009  0.0008  0.0009  0.0010  0.0009  0.0008  0.0009  0.0008  0.0009  0.0010
      *f2-     0.0011  0.0006  0.0006  0.0005  0.0005  0.0011  0.0011  0.0006  0.0006  0.0005  0.0005  0.0011
      *f3-     0.0017  0.0017  0.0019  0.0020  0.0020  0.0019  0.0017  0.0017  0.0019  0.0020  0.0020  0.0019
      Total    6.1874  6.1873  6.2441  6.2142  6.2142  6.2439  6.1878  6.1876  6.2440  6.2141  6.2143  6.2438

      N-E     -0.1874 -0.1873 -0.2441 -0.2142 -0.2142 -0.2439 -0.1878 -0.1876 -0.2440 -0.2141 -0.2143 -0.2438

                H25     H26     H27     H28     H29     H30     H31     H32     H33     H34     H35     H36   
      1s       0.2627  0.2627  0.2635  0.2638  0.2638  0.2635  0.2627  0.2627  0.2635  0.2638  0.2638  0.2635
      2s       0.0000  0.0000  0.0000  0.0000  0.0000  0.0000  0.0000  0.0000  0.0000  0.0000  0.0000  0.0000
      2px      0.0000  0.0000  0.0000  0.0000  0.0000  0.0000  0.0000  0.0000  0.0000  0.0000  0.0000  0.0000
      2pz      0.0000  0.0000  0.0000  0.0000  0.0000  0.0000  0.0000  0.0000  0.0000  0.0000  0.0000  0.0000
      2py      0.0000  0.0000  0.0000  0.0000  0.0000  0.0000  0.0000  0.0000  0.0000  0.0000  0.0000  0.0000
      3s       0.0000  0.0000  0.0000  0.0000  0.0000  0.0000  0.0000  0.0000  0.0000  0.0000  0.0000  0.0000
      3px      0.0000  0.0000  0.0000  0.0000  0.0000  0.0000  0.0000  0.0000  0.0000  0.0000  0.0000  0.0000
      3pz      0.0000  0.0000  0.0000  0.0000  0.0000  0.0000  0.0000  0.0000  0.0000  0.0000  0.0000  0.0000
      3py      0.0000  0.0000  0.0000  0.0000  0.0000  0.0000  0.0000  0.0000  0.0000  0.0000  0.0000  0.0000
      4s       0.0000  0.0000  0.0000  0.0000  0.0000  0.0000  0.0000  0.0000  0.0000  0.0000  0.0000  0.0000
      3d2+     0.0000  0.0000  0.0000  0.0000  0.0000  0.0000  0.0000  0.0000  0.0000  0.0000  0.0000  0.0000
      3d1+     0.0000  0.0000  0.0000  0.0000  0.0000  0.0000  0.0000  0.0000  0.0000  0.0000  0.0000  0.0000
      3d0      0.0000  0.0000  0.0000  0.0000  0.0000  0.0000  0.0000  0.0000  0.0000  0.0000  0.0000  0.0000
      3d1-     0.0000  0.0000  0.0000  0.0000  0.0000  0.0000  0.0000  0.0000  0.0000  0.0000  0.0000  0.0000
      3d2-     0.0000  0.0000  0.0000  0.0000  0.0000  0.0000  0.0000  0.0000  0.0000  0.0000  0.0000  0.0000
      *s       0.5671  0.5671  0.5809  0.5777  0.5777  0.5809  0.5671  0.5670  0.5809  0.5777  0.5777  0.5809
      *px      0.0166  0.0066  0.0061  0.0061  0.0064  0.0163  0.0166  0.0066  0.0061  0.0061  0.0064  0.0163
      *pz      0.0044  0.0044  0.0041  0.0042  0.0042  0.0041  0.0044  0.0044  0.0041  0.0042  0.0042  0.0041
      *py      0.0030  0.0131  0.0131  0.0130  0.0128  0.0029  0.0030  0.0131  0.0131  0.0130  0.0128  0.0029
      *d2+     0.0000  0.0000  0.0000  0.0000  0.0000  0.0000  0.0000  0.0000  0.0000  0.0000  0.0000  0.0000
      *d1+     0.0000  0.0000  0.0000  0.0000  0.0000  0.0000  0.0000  0.0000  0.0000  0.0000  0.0000  0.0000
      *d0      0.0000  0.0000  0.0000  0.0000  0.0000  0.0000  0.0000  0.0000  0.0000  0.0000  0.0000  0.0000
      *d1-     0.0000  0.0000  0.0000  0.0000  0.0000  0.0000  0.0000  0.0000  0.0000  0.0000  0.0000  0.0000
      *d2-     0.0000  0.0000  0.0000  0.0000  0.0000  0.0000  0.0000  0.0000  0.0000  0.0000  0.0000  0.0000
      *f3+     0.0000  0.0000  0.0000  0.0000  0.0000  0.0000  0.0000  0.0000  0.0000  0.0000  0.0000  0.0000
      *f2+     0.0000  0.0000  0.0000  0.0000  0.0000  0.0000  0.0000  0.0000  0.0000  0.0000  0.0000  0.0000
      *f1+     0.0000  0.0000  0.0000  0.0000  0.0000  0.0000  0.0000  0.0000  0.0000  0.0000  0.0000  0.0000
      *f0      0.0000  0.0000  0.0000  0.0000  0.0000  0.0000  0.0000  0.0000  0.0000  0.0000  0.0000  0.0000
      *f1-     0.0000  0.0000  0.0000  0.0000  0.0000  0.0000  0.0000  0.0000  0.0000  0.0000  0.0000  0.0000
      *f2-     0.0000  0.0000  0.0000  0.0000  0.0000  0.0000  0.0000  0.0000  0.0000  0.0000  0.0000  0.0000
      *f3-     0.0000  0.0000  0.0000  0.0000  0.0000  0.0000  0.0000  0.0000  0.0000  0.0000  0.0000  0.0000
      Total    0.8538  0.8538  0.8677  0.8649  0.8649  0.8677  0.8538  0.8538  0.8677  0.8649  0.8649  0.8677

      N-E      0.1462  0.1462  0.1323  0.1351  0.1351  0.1323  0.1462  0.1462  0.1323  0.1351  0.1351  0.1323

                NI37    NI38  
      1s       1.9997  1.9997
      2s       2.0006  2.0006
      2px      1.9958  1.9958
      2pz      1.9958  1.9958
      2py      1.9958  1.9958
      3s       1.1579  1.1579
      3px      1.5698  1.5698
      3pz      1.5733  1.5733
      3py      1.5669  1.5669
      4s       0.8152  0.8152
      3d2+     0.9376  0.9376
      3d1+     0.6530  0.6500
      3d0      0.9847  0.9846
      3d1-     0.8691  0.8723
      3d2-     0.9569  0.9569
      *s       1.1467  1.1468
      *px      0.4893  0.4893
      *pz      0.5326  0.5326
      *py      0.4805  0.4805
      *d2+     0.9906  0.9906
      *d1+     0.6477  0.6449
      *d0      0.9956  0.9956
      *d1-     0.8649  0.8679
      *d2-     0.9926  0.9926
      *f3+     0.0000  0.0000
      *f2+     0.0000  0.0000
      *f1+     0.0000  0.0000
      *f0      0.0001  0.0001
      *f1-     0.0000  0.0000
      *f2-     0.0000  0.0000
      *f3-     0.0000  0.0000
      Total   28.2126 28.2131

      N-E     -0.2126 -0.2131

      Total electronic charge=  212.000000

      Total            charge=   -0.000000
--



      Expectation values of various properties for root number:  3
      -----------------------------------------------------------


++    Molecular properties:
      ---------------------

      Charge (e):
                      =   -0.0000
      Dipole Moment (Debye):
      Origin of the operator (Ang)=    0.0000    0.0000    0.0000
                   X=  2.8877E-02               Y=  1.6657E-02               Z= -8.2649E+00           Total=  8.2650E+00
      Quadrupole Moment (Debye*Ang):
      Origin of the operator (Ang)=    0.0000   -0.0000    0.5165
                  XX= -1.4003E+02              XY= -1.8059E+00              XZ= -7.5585E-03              YY= -1.3794E+02
                  YZ= -2.3393E-03              ZZ= -2.0140E+02
      In traceless form (Debye*Ang)
                  XX=  2.9642E+01              XY= -2.7089E+00              XZ= -1.1338E-02              YY=  3.2775E+01
                  YZ= -3.5089E-03              ZZ= -6.2417E+01
--


      Mulliken spin population analysis for root number:  3
      ---------------------------------------------------


++    Molecular charges:
      ------------------

      Mulliken spin population per centre and basis function type
      ---------------------------------------------------

                C1      C2      C3      C4      C5      C6      C7      C8      C9      C10     C11     C12   
      1s       0.0000  0.0000  0.0000  0.0000  0.0000  0.0000  0.0000  0.0000  0.0000  0.0000  0.0000  0.0000
      2s      -0.0000 -0.0000 -0.0000 -0.0000 -0.0000 -0.0000 -0.0000 -0.0000 -0.0000 -0.0000 -0.0000 -0.0000
      2px      0.0000  0.0002  0.0001  0.0000  0.0002  0.0001  0.0001  0.0001  0.0000  0.0002  0.0001  0.0000
      2pz      0.0012  0.0012  0.0009  0.0013  0.0013  0.0009  0.0041  0.0041  0.0002  0.0043  0.0043  0.0002
      2py      0.0002  0.0000  0.0000  0.0002  0.0000  0.0000  0.0000  0.0001  0.0000  0.0000  0.0001  0.0000
      3s       0.0000  0.0000  0.0000  0.0000  0.0000  0.0000  0.0000  0.0000  0.0000  0.0000  0.0000  0.0000
      3px      0.0000  0.0000  0.0000  0.0000  0.0000  0.0000  0.0000  0.0000  0.0000  0.0000  0.0000  0.0000
      3pz      0.0000  0.0000  0.0000  0.0000  0.0000  0.0000  0.0000  0.0000  0.0000  0.0000  0.0000  0.0000
      3py      0.0000  0.0000  0.0000  0.0000  0.0000  0.0000  0.0000  0.0000  0.0000  0.0000  0.0000  0.0000
      4s       0.0000  0.0000  0.0000  0.0000  0.0000  0.0000  0.0000  0.0000  0.0000  0.0000  0.0000  0.0000
      3d2+     0.0000  0.0000  0.0000  0.0000  0.0000  0.0000  0.0000  0.0000  0.0000  0.0000  0.0000  0.0000
      3d1+     0.0000  0.0000  0.0000  0.0000  0.0000  0.0000  0.0000  0.0000  0.0000  0.0000  0.0000  0.0000
      3d0      0.0000  0.0000  0.0000  0.0000  0.0000  0.0000  0.0000  0.0000  0.0000  0.0000  0.0000  0.0000
      3d1-     0.0000  0.0000  0.0000  0.0000  0.0000  0.0000  0.0000  0.0000  0.0000  0.0000  0.0000  0.0000
      3d2-     0.0000  0.0000  0.0000  0.0000  0.0000  0.0000  0.0000  0.0000  0.0000  0.0000  0.0000  0.0000
      *s       0.0019  0.0019 -0.0208  0.0017  0.0017 -0.0208 -0.0011 -0.0010  0.0018 -0.0011 -0.0011  0.0018
      *px     -0.0003 -0.0008  0.0006 -0.0003 -0.0010  0.0007 -0.0008  0.0000 -0.0003 -0.0009  0.0001 -0.0003
      *pz     -0.0001 -0.0001 -0.0014 -0.0000 -0.0001 -0.0014 -0.0019 -0.0019 -0.0002 -0.0020 -0.0020 -0.0002
      *py     -0.0011 -0.0007  0.0007 -0.0012 -0.0006  0.0007 -0.0006 -0.0014  0.0015 -0.0006 -0.0015  0.0015
      *d2+    -0.0000  0.0001  0.0000 -0.0000  0.0001  0.0000  0.0000 -0.0000 -0.0000  0.0000 -0.0000 -0.0000
      *d1+     0.0003  0.0001  0.0001  0.0003  0.0001  0.0001  0.0001  0.0002  0.0003  0.0001  0.0002  0.0003
      *d0      0.0008  0.0008  0.0003  0.0008  0.0008  0.0003  0.0001  0.0001  0.0000  0.0001  0.0001  0.0000
      *d1-     0.0001  0.0002  0.0000  0.0001  0.0002  0.0000  0.0001 -0.0000  0.0002  0.0001 -0.0000  0.0002
      *d2-     0.0001  0.0000  0.0000  0.0001  0.0000  0.0000 -0.0000  0.0000  0.0000 -0.0000  0.0000  0.0000
      *f3+     0.0000  0.0000  0.0000  0.0000  0.0000  0.0000 -0.0000 -0.0000  0.0000 -0.0000 -0.0000  0.0000
      *f2+     0.0000  0.0000  0.0000  0.0000  0.0000  0.0000  0.0000  0.0000  0.0000  0.0000  0.0000  0.0000
      *f1+     0.0000  0.0000  0.0000  0.0000  0.0000  0.0000  0.0000  0.0000  0.0000  0.0000  0.0000  0.0000
      *f0      0.0000  0.0000  0.0000  0.0000  0.0000  0.0000  0.0000  0.0000  0.0000  0.0000  0.0000  0.0000
      *f1-     0.0000  0.0000  0.0000  0.0000  0.0000  0.0000  0.0000  0.0000  0.0000  0.0000  0.0000  0.0000
      *f2-     0.0000  0.0000  0.0000  0.0000  0.0000  0.0000  0.0000  0.0000  0.0000  0.0000  0.0000  0.0000
      *f3-     0.0000  0.0000  0.0000  0.0000  0.0000  0.0000  0.0000  0.0000  0.0000  0.0000  0.0000  0.0000
      Total    0.0030  0.0030 -0.0193  0.0030  0.0029 -0.0193  0.0003  0.0004  0.0034  0.0003  0.0003  0.0034

                C13     C14     C15     C16     C17     C18     C19     C20     C21     C22     C23     C24   
      1s       0.0000  0.0000  0.0000  0.0000  0.0000  0.0000  0.0000  0.0000  0.0000  0.0000  0.0000  0.0000
      2s      -0.0000 -0.0000 -0.0000 -0.0000 -0.0000 -0.0000 -0.0000 -0.0000 -0.0000 -0.0000 -0.0000 -0.0000
      2px      0.0004  0.0000  0.0000  0.0000  0.0000  0.0000  0.0004  0.0000  0.0000  0.0000  0.0000  0.0000
      2pz      0.0019  0.0019  0.0003  0.0014  0.0014  0.0003  0.0019  0.0019  0.0003  0.0014  0.0014  0.0003
      2py      0.0001  0.0004  0.0000  0.0000  0.0000  0.0000  0.0001  0.0004  0.0000  0.0000  0.0000  0.0000
      3s       0.0000  0.0000  0.0000  0.0000  0.0000  0.0000  0.0000  0.0000  0.0000  0.0000  0.0000  0.0000
      3px      0.0000  0.0000  0.0000  0.0000  0.0000  0.0000  0.0000  0.0000  0.0000  0.0000  0.0000  0.0000
      3pz      0.0000  0.0000  0.0000  0.0000  0.0000  0.0000  0.0000  0.0000  0.0000  0.0000  0.0000  0.0000
      3py      0.0000  0.0000  0.0000  0.0000  0.0000  0.0000  0.0000  0.0000  0.0000  0.0000  0.0000  0.0000
      4s       0.0000  0.0000  0.0000  0.0000  0.0000  0.0000  0.0000  0.0000  0.0000  0.0000  0.0000  0.0000
      3d2+     0.0000  0.0000  0.0000  0.0000  0.0000  0.0000  0.0000  0.0000  0.0000  0.0000  0.0000  0.0000
      3d1+     0.0000  0.0000  0.0000  0.0000  0.0000  0.0000  0.0000  0.0000  0.0000  0.0000  0.0000  0.0000
      3d0      0.0000  0.0000  0.0000  0.0000  0.0000  0.0000  0.0000  0.0000  0.0000  0.0000  0.0000  0.0000
      3d1-     0.0000  0.0000  0.0000  0.0000  0.0000  0.0000  0.0000  0.0000  0.0000  0.0000  0.0000  0.0000
      3d2-     0.0000  0.0000  0.0000  0.0000  0.0000  0.0000  0.0000  0.0000  0.0000  0.0000  0.0000  0.0000
      *s      -0.0103 -0.0103 -0.0030  0.0011  0.0011 -0.0032 -0.0109 -0.0109 -0.0032  0.0011  0.0011 -0.0030
      *px      0.0001 -0.0001 -0.0002 -0.0002  0.0001 -0.0003  0.0000 -0.0001 -0.0002 -0.0002  0.0001 -0.0003
      *pz      0.0004  0.0005 -0.0001  0.0037  0.0039 -0.0002  0.0003  0.0003 -0.0002  0.0038  0.0037 -0.0001
      *py      0.0001  0.0002 -0.0010  0.0001 -0.0001 -0.0010  0.0001  0.0002 -0.0010  0.0002 -0.0001 -0.0009
      *d2+     0.0001 -0.0000  0.0000 -0.0000 -0.0000 -0.0000  0.0001 -0.0000  0.0000 -0.0000 -0.0000 -0.0000
      *d1+     0.0001  0.0002  0.0005  0.0000  0.0000  0.0000  0.0001  0.0002  0.0005  0.0000  0.0000  0.0000
      *d0      0.0010  0.0010  0.0001  0.0000  0.0000  0.0001  0.0010  0.0010  0.0001  0.0000  0.0000  0.0001
      *d1-     0.0002 -0.0000  0.0002  0.0000  0.0000  0.0007  0.0002 -0.0000  0.0002  0.0000  0.0000  0.0007
      *d2-     0.0000  0.0001 -0.0000 -0.0000 -0.0000  0.0000  0.0000  0.0001 -0.0000 -0.0000 -0.0000  0.0000
      *f3+     0.0000  0.0000  0.0000  0.0000  0.0000  0.0000  0.0000  0.0000  0.0000  0.0000  0.0000  0.0000
      *f2+     0.0000  0.0000  0.0000  0.0000  0.0000  0.0000  0.0000  0.0000  0.0000  0.0000  0.0000  0.0000
      *f1+     0.0000  0.0000  0.0000  0.0000  0.0000  0.0000  0.0000  0.0000  0.0000  0.0000  0.0000  0.0000
      *f0      0.0000  0.0000  0.0000 -0.0000 -0.0000  0.0000  0.0000  0.0000  0.0000 -0.0000 -0.0000  0.0000
      *f1-     0.0000  0.0000  0.0000  0.0000  0.0000  0.0000  0.0000  0.0000  0.0000  0.0000  0.0000  0.0000
      *f2-     0.0000  0.0000  0.0000  0.0000  0.0000  0.0000  0.0000  0.0000  0.0000  0.0000  0.0000  0.0000
      *f3-     0.0000  0.0000  0.0000  0.0000  0.0000  0.0000  0.0000  0.0000  0.0000  0.0000  0.0000  0.0000
      Total   -0.0061 -0.0060 -0.0032  0.0062  0.0065 -0.0035 -0.0066 -0.0066 -0.0035  0.0064  0.0062 -0.0032

                H25     H26     H27     H28     H29     H30     H31     H32     H33     H34     H35     H36   
      1s       0.0001  0.0001  0.0000  0.0000  0.0000  0.0000  0.0001  0.0001  0.0000  0.0000  0.0000  0.0000
      2s       0.0000  0.0000  0.0000  0.0000  0.0000  0.0000  0.0000  0.0000  0.0000  0.0000  0.0000  0.0000
      2px      0.0000  0.0000  0.0000  0.0000  0.0000  0.0000  0.0000  0.0000  0.0000  0.0000  0.0000  0.0000
      2pz      0.0000  0.0000  0.0000  0.0000  0.0000  0.0000  0.0000  0.0000  0.0000  0.0000  0.0000  0.0000
      2py      0.0000  0.0000  0.0000  0.0000  0.0000  0.0000  0.0000  0.0000  0.0000  0.0000  0.0000  0.0000
      3s       0.0000  0.0000  0.0000  0.0000  0.0000  0.0000  0.0000  0.0000  0.0000  0.0000  0.0000  0.0000
      3px      0.0000  0.0000  0.0000  0.0000  0.0000  0.0000  0.0000  0.0000  0.0000  0.0000  0.0000  0.0000
      3pz      0.0000  0.0000  0.0000  0.0000  0.0000  0.0000  0.0000  0.0000  0.0000  0.0000  0.0000  0.0000
      3py      0.0000  0.0000  0.0000  0.0000  0.0000  0.0000  0.0000  0.0000  0.0000  0.0000  0.0000  0.0000
      4s       0.0000  0.0000  0.0000  0.0000  0.0000  0.0000  0.0000  0.0000  0.0000  0.0000  0.0000  0.0000
      3d2+     0.0000  0.0000  0.0000  0.0000  0.0000  0.0000  0.0000  0.0000  0.0000  0.0000  0.0000  0.0000
      3d1+     0.0000  0.0000  0.0000  0.0000  0.0000  0.0000  0.0000  0.0000  0.0000  0.0000  0.0000  0.0000
      3d0      0.0000  0.0000  0.0000  0.0000  0.0000  0.0000  0.0000  0.0000  0.0000  0.0000  0.0000  0.0000
      3d1-     0.0000  0.0000  0.0000  0.0000  0.0000  0.0000  0.0000  0.0000  0.0000  0.0000  0.0000  0.0000
      3d2-     0.0000  0.0000  0.0000  0.0000  0.0000  0.0000  0.0000  0.0000  0.0000  0.0000  0.0000  0.0000
      *s      -0.0009 -0.0009 -0.0000 -0.0000 -0.0000 -0.0000 -0.0010 -0.0010 -0.0000 -0.0000 -0.0000 -0.0000
      *px      0.0000  0.0000  0.0000  0.0000  0.0000  0.0000  0.0000  0.0000  0.0000  0.0000  0.0000  0.0000
      *pz      0.0000  0.0000  0.0000  0.0000  0.0000  0.0000  0.0000  0.0000  0.0000  0.0000  0.0000  0.0000
      *py      0.0000  0.0000  0.0000  0.0000  0.0000 -0.0000  0.0000  0.0000  0.0000  0.0000  0.0000 -0.0000
      *d2+     0.0000  0.0000  0.0000  0.0000  0.0000  0.0000  0.0000  0.0000  0.0000  0.0000  0.0000  0.0000
      *d1+     0.0000  0.0000  0.0000  0.0000  0.0000  0.0000  0.0000  0.0000  0.0000  0.0000  0.0000  0.0000
      *d0      0.0000  0.0000  0.0000  0.0000  0.0000  0.0000  0.0000  0.0000  0.0000  0.0000  0.0000  0.0000
      *d1-     0.0000  0.0000  0.0000  0.0000  0.0000  0.0000  0.0000  0.0000  0.0000  0.0000  0.0000  0.0000
      *d2-     0.0000  0.0000  0.0000  0.0000  0.0000  0.0000  0.0000  0.0000  0.0000  0.0000  0.0000  0.0000
      *f3+     0.0000  0.0000  0.0000  0.0000  0.0000  0.0000  0.0000  0.0000  0.0000  0.0000  0.0000  0.0000
      *f2+     0.0000  0.0000  0.0000  0.0000  0.0000  0.0000  0.0000  0.0000  0.0000  0.0000  0.0000  0.0000
      *f1+     0.0000  0.0000  0.0000  0.0000  0.0000  0.0000  0.0000  0.0000  0.0000  0.0000  0.0000  0.0000
      *f0      0.0000  0.0000  0.0000  0.0000  0.0000  0.0000  0.0000  0.0000  0.0000  0.0000  0.0000  0.0000
      *f1-     0.0000  0.0000  0.0000  0.0000  0.0000  0.0000  0.0000  0.0000  0.0000  0.0000  0.0000  0.0000
      *f2-     0.0000  0.0000  0.0000  0.0000  0.0000  0.0000  0.0000  0.0000  0.0000  0.0000  0.0000  0.0000
      *f3-     0.0000  0.0000  0.0000  0.0000  0.0000  0.0000  0.0000  0.0000  0.0000  0.0000  0.0000  0.0000
      Total   -0.0008 -0.0008  0.0000  0.0000  0.0000  0.0000 -0.0008 -0.0008  0.0000  0.0000  0.0000  0.0000

                NI37    NI38  
      1s       0.0000  0.0000
      2s       0.0001  0.0001
      2px      0.0000  0.0000
      2pz      0.0000  0.0000
      2py      0.0000  0.0000
      3s       0.0033  0.0035
      3px      0.0001  0.0001
      3pz      0.0013  0.0013
      3py      0.0000  0.0000
      4s      -0.0056 -0.0060
      3d2+     0.0003  0.0003
      3d1+     0.1777  0.1899
      3d0      0.0006  0.0006
      3d1-     0.0647  0.0669
      3d2-     0.0003  0.0003
      *s       0.5037  0.5316
      *px      0.0010  0.0010
      *pz      0.0237  0.0250
      *py      0.0003  0.0003
      *d2+     0.0002  0.0002
      *d1+     0.1588  0.1698
      *d0      0.0009  0.0010
      *d1-     0.0580  0.0599
      *d2-     0.0001  0.0001
      *f3+    -0.0000 -0.0000
      *f2+     0.0000  0.0000
      *f1+     0.0000  0.0000
      *f0      0.0000  0.0000
      *f1-     0.0000  0.0000
      *f2-     0.0000  0.0000
      *f3-     0.0000  0.0000
      Total    0.9893  1.0460

      Total electronic spin=    2.000000
--


      Von Neumann Entropy (Root   4) =  2.12530


      Mulliken population analysis for root number:  4
      -----------------------------------------------


++    Molecular charges:
      ------------------

      Mulliken charges per centre and basis function type
      ---------------------------------------------------

                C1      C2      C3      C4      C5      C6      C7      C8      C9      C10     C11     C12   
      1s       0.8547  0.8547  0.8547  0.8547  0.8547  0.8547  0.8547  0.8547  0.8547  0.8547  0.8547  0.8547
      2s       1.1233  1.1233  1.1232  1.1233  1.1233  1.1232  1.1233  1.1233  1.1232  1.1233  1.1233  1.1232
      2px      0.4569  0.4600  0.4574  0.4565  0.4603  0.4575  0.4499  0.4542  0.4648  0.4500  0.4544  0.4648
      2pz      0.3185  0.3185  0.3233  0.3197  0.3196  0.3233  0.3194  0.3194  0.3142  0.3188  0.3188  0.3142
      2py      0.4564  0.4532  0.4613  0.4567  0.4530  0.4612  0.4637  0.4594  0.4598  0.4636  0.4593  0.4598
      3s       0.0000  0.0000  0.0000  0.0000  0.0000  0.0000  0.0000  0.0000  0.0000  0.0000  0.0000  0.0000
      3px      0.0000  0.0000  0.0000  0.0000  0.0000  0.0000  0.0000  0.0000  0.0000  0.0000  0.0000  0.0000
      3pz      0.0000  0.0000  0.0000  0.0000  0.0000  0.0000  0.0000  0.0000  0.0000  0.0000  0.0000  0.0000
      3py      0.0000  0.0000  0.0000  0.0000  0.0000  0.0000  0.0000  0.0000  0.0000  0.0000  0.0000  0.0000
      4s       0.0000  0.0000  0.0000  0.0000  0.0000  0.0000  0.0000  0.0000  0.0000  0.0000  0.0000  0.0000
      3d2+     0.0000  0.0000  0.0000  0.0000  0.0000  0.0000  0.0000  0.0000  0.0000  0.0000  0.0000  0.0000
      3d1+     0.0000  0.0000  0.0000  0.0000  0.0000  0.0000  0.0000  0.0000  0.0000  0.0000  0.0000  0.0000
      3d0      0.0000  0.0000  0.0000  0.0000  0.0000  0.0000  0.0000  0.0000  0.0000  0.0000  0.0000  0.0000
      3d1-     0.0000  0.0000  0.0000  0.0000  0.0000  0.0000  0.0000  0.0000  0.0000  0.0000  0.0000  0.0000
      3d2-     0.0000  0.0000  0.0000  0.0000  0.0000  0.0000  0.0000  0.0000  0.0000  0.0000  0.0000  0.0000
      *s       1.2887  1.2884  1.3391  1.2898  1.2897  1.3391  1.0051  1.0053  1.1070  1.0051  1.0053  1.1070
      *px      0.4300  0.2663  0.4452  0.4286  0.2668  0.4449  0.3640  0.4359  0.3944  0.3645  0.4357  0.3944
      *pz      0.6423  0.6423  0.5895  0.6447  0.6446  0.5895  0.5693  0.5692  0.5849  0.5693  0.5693  0.5848
      *py      0.1477  0.3128  0.3609  0.1478  0.3110  0.3612  0.4646  0.3925  0.3900  0.4633  0.3919  0.3900
      *d2+     0.0506  0.0545  0.0602  0.0505  0.0543  0.0603  0.0424  0.0392  0.0452  0.0426  0.0390  0.0452
      *d1+     0.0247  0.0269  0.0260  0.0251  0.0268  0.0261  0.0212  0.0233  0.0267  0.0211  0.0236  0.0268
      *d0      0.0058  0.0058  0.0034  0.0059  0.0059  0.0034  0.0087  0.0087  0.0059  0.0085  0.0085  0.0059
      *d1-     0.0257  0.0235  0.0258  0.0253  0.0236  0.0257  0.0272  0.0252  0.0234  0.0274  0.0249  0.0232
      *d2-     0.0533  0.0495  0.0631  0.0535  0.0497  0.0631  0.0373  0.0405  0.0507  0.0373  0.0409  0.0507
      *f3+     0.0021  0.0021  0.0021  0.0021  0.0021  0.0021  0.0021  0.0021  0.0022  0.0021  0.0021  0.0022
      *f2+     0.0009  0.0010  0.0011  0.0009  0.0010  0.0011  0.0011  0.0008  0.0008  0.0011  0.0008  0.0008
      *f1+     0.0011  0.0010  0.0011  0.0010  0.0010  0.0011  0.0010  0.0012  0.0011  0.0010  0.0012  0.0011
      *f0      0.0018  0.0018  0.0020  0.0018  0.0018  0.0020  0.0017  0.0017  0.0020  0.0017  0.0017  0.0020
      *f1-     0.0010  0.0011  0.0011  0.0010  0.0011  0.0011  0.0013  0.0010  0.0011  0.0013  0.0010  0.0011
      *f2-     0.0009  0.0009  0.0010  0.0009  0.0009  0.0010  0.0008  0.0011  0.0010  0.0008  0.0011  0.0010
      *f3-     0.0030  0.0030  0.0032  0.0030  0.0030  0.0032  0.0029  0.0029  0.0031  0.0029  0.0029  0.0031
      Total    5.8894  5.8906  6.1449  5.8930  5.8940  6.1448  5.7618  5.7616  5.8562  5.7605  5.7605  5.8561

      N-E      0.1106  0.1094 -0.1449  0.1070  0.1060 -0.1448  0.2382  0.2384  0.1438  0.2395  0.2395  0.1439

                C13     C14     C15     C16     C17     C18     C19     C20     C21     C22     C23     C24   
      1s       0.8548  0.8548  0.8548  0.8548  0.8548  0.8548  0.8548  0.8548  0.8548  0.8548  0.8548  0.8548
      2s       1.1233  1.1233  1.1232  1.1232  1.1232  1.1232  1.1233  1.1233  1.1232  1.1232  1.1232  1.1232
      2px      0.4473  0.4495  0.4718  0.4717  0.4578  0.4520  0.4479  0.4492  0.4717  0.4717  0.4577  0.4520
      2pz      0.3148  0.3148  0.3164  0.3106  0.3099  0.3158  0.3171  0.3171  0.3158  0.3099  0.3106  0.3163
      2py      0.4582  0.4560  0.4482  0.4484  0.4623  0.4679  0.4580  0.4567  0.4482  0.4484  0.4623  0.4680
      3s       0.0000  0.0000  0.0000  0.0000  0.0000  0.0000  0.0000  0.0000  0.0000  0.0000  0.0000  0.0000
      3px      0.0000  0.0000  0.0000  0.0000  0.0000  0.0000  0.0000  0.0000  0.0000  0.0000  0.0000  0.0000
      3pz      0.0000  0.0000  0.0000  0.0000  0.0000  0.0000  0.0000  0.0000  0.0000  0.0000  0.0000  0.0000
      3py      0.0000  0.0000  0.0000  0.0000  0.0000  0.0000  0.0000  0.0000  0.0000  0.0000  0.0000  0.0000
      4s       0.0000  0.0000  0.0000  0.0000  0.0000  0.0000  0.0000  0.0000  0.0000  0.0000  0.0000  0.0000
      3d2+     0.0000  0.0000  0.0000  0.0000  0.0000  0.0000  0.0000  0.0000  0.0000  0.0000  0.0000  0.0000
      3d1+     0.0000  0.0000  0.0000  0.0000  0.0000  0.0000  0.0000  0.0000  0.0000  0.0000  0.0000  0.0000
      3d0      0.0000  0.0000  0.0000  0.0000  0.0000  0.0000  0.0000  0.0000  0.0000  0.0000  0.0000  0.0000
      3d1-     0.0000  0.0000  0.0000  0.0000  0.0000  0.0000  0.0000  0.0000  0.0000  0.0000  0.0000  0.0000
      3d2-     0.0000  0.0000  0.0000  0.0000  0.0000  0.0000  0.0000  0.0000  0.0000  0.0000  0.0000  0.0000
      *s       1.2147  1.2143  1.2427  1.2170  1.2170  1.2428  1.2152  1.2150  1.2429  1.2169  1.2171  1.2426
      *px      0.5338  0.5065  0.5059  0.5129  0.4939  0.5319  0.5348  0.5067  0.5059  0.5129  0.4939  0.5322
      *pz      0.6330  0.6331  0.6550  0.6508  0.6495  0.6534  0.6403  0.6402  0.6534  0.6495  0.6509  0.6549
      *py      0.4922  0.5195  0.5184  0.5129  0.5319  0.4918  0.4920  0.5204  0.5179  0.5129  0.5319  0.4920
      *d2+     0.0280  0.0285  0.0277  0.0280  0.0315  0.0311  0.0278  0.0285  0.0278  0.0280  0.0315  0.0310
      *d1+     0.0120  0.0208  0.0237  0.0235  0.0205  0.0067  0.0120  0.0210  0.0236  0.0235  0.0205  0.0067
      *d0      0.0099  0.0099  0.0053  0.0048  0.0048  0.0053  0.0099  0.0099  0.0053  0.0048  0.0048  0.0053
      *d1-     0.0267  0.0180  0.0109  0.0101  0.0131  0.0278  0.0268  0.0178  0.0109  0.0102  0.0132  0.0279
      *d2-     0.0269  0.0263  0.0330  0.0321  0.0286  0.0297  0.0269  0.0263  0.0330  0.0321  0.0286  0.0297
      *f3+     0.0019  0.0019  0.0019  0.0019  0.0019  0.0019  0.0019  0.0019  0.0019  0.0019  0.0019  0.0019
      *f2+     0.0005  0.0009  0.0009  0.0009  0.0008  0.0003  0.0005  0.0009  0.0009  0.0009  0.0008  0.0003
      *f1+     0.0008  0.0010  0.0009  0.0009  0.0009  0.0009  0.0009  0.0009  0.0009  0.0009  0.0009  0.0009
      *f0      0.0014  0.0014  0.0016  0.0016  0.0016  0.0016  0.0014  0.0014  0.0016  0.0016  0.0016  0.0016
      *f1-     0.0009  0.0008  0.0009  0.0008  0.0009  0.0010  0.0009  0.0009  0.0009  0.0008  0.0009  0.0010
      *f2-     0.0011  0.0006  0.0005  0.0005  0.0005  0.0011  0.0011  0.0006  0.0005  0.0005  0.0005  0.0011
      *f3-     0.0017  0.0017  0.0019  0.0020  0.0020  0.0020  0.0017  0.0017  0.0020  0.0020  0.0020  0.0019
      Total    6.1839  6.1835  6.2456  6.2094  6.2073  6.2428  6.1952  6.1952  6.2429  6.2071  6.2096  6.2453

      N-E     -0.1839 -0.1835 -0.2456 -0.2094 -0.2073 -0.2428 -0.1952 -0.1952 -0.2429 -0.2071 -0.2096 -0.2453

                H25     H26     H27     H28     H29     H30     H31     H32     H33     H34     H35     H36   
      1s       0.2627  0.2627  0.2635  0.2638  0.2638  0.2635  0.2627  0.2627  0.2635  0.2638  0.2638  0.2635
      2s       0.0000  0.0000  0.0000  0.0000  0.0000  0.0000  0.0000  0.0000  0.0000  0.0000  0.0000  0.0000
      2px      0.0000  0.0000  0.0000  0.0000  0.0000  0.0000  0.0000  0.0000  0.0000  0.0000  0.0000  0.0000
      2pz      0.0000  0.0000  0.0000  0.0000  0.0000  0.0000  0.0000  0.0000  0.0000  0.0000  0.0000  0.0000
      2py      0.0000  0.0000  0.0000  0.0000  0.0000  0.0000  0.0000  0.0000  0.0000  0.0000  0.0000  0.0000
      3s       0.0000  0.0000  0.0000  0.0000  0.0000  0.0000  0.0000  0.0000  0.0000  0.0000  0.0000  0.0000
      3px      0.0000  0.0000  0.0000  0.0000  0.0000  0.0000  0.0000  0.0000  0.0000  0.0000  0.0000  0.0000
      3pz      0.0000  0.0000  0.0000  0.0000  0.0000  0.0000  0.0000  0.0000  0.0000  0.0000  0.0000  0.0000
      3py      0.0000  0.0000  0.0000  0.0000  0.0000  0.0000  0.0000  0.0000  0.0000  0.0000  0.0000  0.0000
      4s       0.0000  0.0000  0.0000  0.0000  0.0000  0.0000  0.0000  0.0000  0.0000  0.0000  0.0000  0.0000
      3d2+     0.0000  0.0000  0.0000  0.0000  0.0000  0.0000  0.0000  0.0000  0.0000  0.0000  0.0000  0.0000
      3d1+     0.0000  0.0000  0.0000  0.0000  0.0000  0.0000  0.0000  0.0000  0.0000  0.0000  0.0000  0.0000
      3d0      0.0000  0.0000  0.0000  0.0000  0.0000  0.0000  0.0000  0.0000  0.0000  0.0000  0.0000  0.0000
      3d1-     0.0000  0.0000  0.0000  0.0000  0.0000  0.0000  0.0000  0.0000  0.0000  0.0000  0.0000  0.0000
      3d2-     0.0000  0.0000  0.0000  0.0000  0.0000  0.0000  0.0000  0.0000  0.0000  0.0000  0.0000  0.0000
      *s       0.5670  0.5670  0.5809  0.5777  0.5777  0.5810  0.5671  0.5671  0.5810  0.5777  0.5777  0.5809
      *px      0.0167  0.0066  0.0061  0.0061  0.0064  0.0163  0.0167  0.0066  0.0061  0.0061  0.0064  0.0163
      *pz      0.0044  0.0044  0.0041  0.0041  0.0041  0.0041  0.0044  0.0044  0.0041  0.0041  0.0041  0.0041
      *py      0.0030  0.0131  0.0131  0.0130  0.0128  0.0029  0.0030  0.0131  0.0131  0.0130  0.0128  0.0029
      *d2+     0.0000  0.0000  0.0000  0.0000  0.0000  0.0000  0.0000  0.0000  0.0000  0.0000  0.0000  0.0000
      *d1+     0.0000  0.0000  0.0000  0.0000  0.0000  0.0000  0.0000  0.0000  0.0000  0.0000  0.0000  0.0000
      *d0      0.0000  0.0000  0.0000  0.0000  0.0000  0.0000  0.0000  0.0000  0.0000  0.0000  0.0000  0.0000
      *d1-     0.0000  0.0000  0.0000  0.0000  0.0000  0.0000  0.0000  0.0000  0.0000  0.0000  0.0000  0.0000
      *d2-     0.0000  0.0000  0.0000  0.0000  0.0000  0.0000  0.0000  0.0000  0.0000  0.0000  0.0000  0.0000
      *f3+     0.0000  0.0000  0.0000  0.0000  0.0000  0.0000  0.0000  0.0000  0.0000  0.0000  0.0000  0.0000
      *f2+     0.0000  0.0000  0.0000  0.0000  0.0000  0.0000  0.0000  0.0000  0.0000  0.0000  0.0000  0.0000
      *f1+     0.0000  0.0000  0.0000  0.0000  0.0000  0.0000  0.0000  0.0000  0.0000  0.0000  0.0000  0.0000
      *f0      0.0000  0.0000  0.0000  0.0000  0.0000  0.0000  0.0000  0.0000  0.0000  0.0000  0.0000  0.0000
      *f1-     0.0000  0.0000  0.0000  0.0000  0.0000  0.0000  0.0000  0.0000  0.0000  0.0000  0.0000  0.0000
      *f2-     0.0000  0.0000  0.0000  0.0000  0.0000  0.0000  0.0000  0.0000  0.0000  0.0000  0.0000  0.0000
      *f3-     0.0000  0.0000  0.0000  0.0000  0.0000  0.0000  0.0000  0.0000  0.0000  0.0000  0.0000  0.0000
      Total    0.8538  0.8537  0.8677  0.8648  0.8648  0.8678  0.8539  0.8539  0.8677  0.8648  0.8648  0.8677

      N-E      0.1462  0.1463  0.1323  0.1352  0.1352  0.1322  0.1461  0.1461  0.1323  0.1352  0.1352  0.1323

                NI37    NI38  
      1s       1.9997  1.9997
      2s       2.0006  2.0006
      2px      1.9958  1.9958
      2pz      1.9958  1.9958
      2py      1.9958  1.9958
      3s       1.1578  1.1579
      3px      1.5698  1.5699
      3pz      1.5734  1.5734
      3py      1.5669  1.5670
      4s       0.8153  0.8152
      3d2+     0.9319  0.9261
      3d1+     0.6531  0.8960
      3d0      0.9847  0.9849
      3d1-     0.8693  0.6554
      3d2-     0.9549  0.9530
      *s       1.1815  1.1806
      *px      0.4896  0.4909
      *pz      0.5333  0.5332
      *py      0.4805  0.4819
      *d2+     0.9843  0.9793
      *d1+     0.6475  0.8560
      *d0      0.9954  0.9956
      *d1-     0.8650  0.6477
      *d2-     0.9904  0.9888
      *f3+     0.0000  0.0000
      *f2+     0.0000  0.0000
      *f1+     0.0000  0.0000
      *f0      0.0001  0.0001
      *f1-     0.0000  0.0000
      *f2-     0.0000  0.0000
      *f3-     0.0000  0.0000
      Total   28.2325 28.2407

      N-E     -0.2325 -0.2407

      Total electronic charge=  212.000000

      Total            charge=   -0.000000
--



      Expectation values of various properties for root number:  4
      -----------------------------------------------------------


++    Molecular properties:
      ---------------------

      Charge (e):
                      =   -0.0000
      Dipole Moment (Debye):
      Origin of the operator (Ang)=    0.0000    0.0000    0.0000
                   X=  3.6048E-01               Y=  2.0579E-01               Z= -8.9520E+00           Total=  8.9616E+00
      Quadrupole Moment (Debye*Ang):
      Origin of the operator (Ang)=    0.0000   -0.0000    0.5165
                  XX= -1.3963E+02              XY= -2.7620E+00              XZ=  2.2008E-01              YY= -1.3644E+02
                  YZ=  1.3913E-01              ZZ= -2.0293E+02
      In traceless form (Debye*Ang)
                  XX=  3.0052E+01              XY= -4.1430E+00              XZ=  3.3011E-01              YY=  3.4839E+01
                  YZ=  2.0869E-01              ZZ= -6.4891E+01
--


      Mulliken spin population analysis for root number:  4
      ---------------------------------------------------


++    Molecular charges:
      ------------------

      Mulliken spin population per centre and basis function type
      ---------------------------------------------------

                C1      C2      C3      C4      C5      C6      C7      C8      C9      C10     C11     C12   
      1s       0.0000  0.0000  0.0000  0.0000  0.0000  0.0000  0.0000  0.0000  0.0000  0.0000  0.0000  0.0000
      2s      -0.0000 -0.0000 -0.0000 -0.0000 -0.0000 -0.0000 -0.0000 -0.0000 -0.0000 -0.0000 -0.0000 -0.0000
      2px      0.0000  0.0002  0.0001  0.0002  0.0001  0.0000  0.0002  0.0002  0.0000  0.0001  0.0000  0.0000
      2pz      0.0007  0.0007  0.0007  0.0003  0.0003  0.0007  0.0039  0.0039  0.0002  0.0040  0.0041  0.0002
      2py      0.0003  0.0000  0.0000  0.0000  0.0002  0.0000  0.0000  0.0001  0.0000  0.0001  0.0002  0.0000
      3s       0.0000  0.0000  0.0000  0.0000  0.0000  0.0000  0.0000  0.0000  0.0000  0.0000  0.0000  0.0000
      3px      0.0000  0.0000  0.0000  0.0000  0.0000  0.0000  0.0000  0.0000  0.0000  0.0000  0.0000  0.0000
      3pz      0.0000  0.0000  0.0000  0.0000  0.0000  0.0000  0.0000  0.0000  0.0000  0.0000  0.0000  0.0000
      3py      0.0000  0.0000  0.0000  0.0000  0.0000  0.0000  0.0000  0.0000  0.0000  0.0000  0.0000  0.0000
      4s       0.0000  0.0000  0.0000  0.0000  0.0000  0.0000  0.0000  0.0000  0.0000  0.0000  0.0000  0.0000
      3d2+     0.0000  0.0000  0.0000  0.0000  0.0000  0.0000  0.0000  0.0000  0.0000  0.0000  0.0000  0.0000
      3d1+     0.0000  0.0000  0.0000  0.0000  0.0000  0.0000  0.0000  0.0000  0.0000  0.0000  0.0000  0.0000
      3d0      0.0000  0.0000  0.0000  0.0000  0.0000  0.0000  0.0000  0.0000  0.0000  0.0000  0.0000  0.0000
      3d1-     0.0000  0.0000  0.0000  0.0000  0.0000  0.0000  0.0000  0.0000  0.0000  0.0000  0.0000  0.0000
      3d2-     0.0000  0.0000  0.0000  0.0000  0.0000  0.0000  0.0000  0.0000  0.0000  0.0000  0.0000  0.0000
      *s       0.0010  0.0010 -0.0173  0.0012  0.0012 -0.0173 -0.0007 -0.0007  0.0015 -0.0009 -0.0009  0.0015
      *px     -0.0004 -0.0009  0.0007  0.0004 -0.0010  0.0008 -0.0006  0.0001 -0.0003 -0.0010  0.0002 -0.0003
      *pz     -0.0008 -0.0009 -0.0013 -0.0013 -0.0012 -0.0013 -0.0009 -0.0009 -0.0001 -0.0010 -0.0010 -0.0001
      *py     -0.0011 -0.0007  0.0008 -0.0010  0.0003  0.0007 -0.0005 -0.0012  0.0012  0.0002 -0.0009  0.0012
      *d2+    -0.0000  0.0001  0.0000  0.0000  0.0002  0.0000  0.0000 -0.0000 -0.0000 -0.0001  0.0001 -0.0000
      *d1+     0.0003  0.0001 -0.0000  0.0001  0.0002 -0.0000  0.0000  0.0003  0.0003  0.0001  0.0001  0.0002
      *d0      0.0007  0.0007  0.0002  0.0006  0.0006  0.0002  0.0001  0.0001  0.0000  0.0002  0.0003  0.0000
      *d1-    -0.0000  0.0001 -0.0000  0.0002  0.0001 -0.0000  0.0002 -0.0001  0.0001  0.0000  0.0001  0.0002
      *d2-     0.0001 -0.0000  0.0000  0.0001 -0.0001  0.0001 -0.0000  0.0000 -0.0000 -0.0000 -0.0002 -0.0000
      *f3+     0.0000  0.0000  0.0000  0.0000  0.0000  0.0000 -0.0000 -0.0000 -0.0000 -0.0000 -0.0000 -0.0000
      *f2+     0.0000  0.0000  0.0000  0.0000  0.0000  0.0000  0.0000  0.0000  0.0000  0.0000  0.0000  0.0000
      *f1+     0.0000  0.0000  0.0000  0.0000  0.0000  0.0000  0.0000  0.0000  0.0000  0.0000  0.0000  0.0000
      *f0      0.0000  0.0000  0.0000  0.0000  0.0000  0.0000  0.0000  0.0000  0.0000  0.0000  0.0000  0.0000
      *f1-     0.0000  0.0000  0.0000  0.0000  0.0000  0.0000  0.0000  0.0000 -0.0000  0.0000  0.0000  0.0000
      *f2-     0.0000  0.0000  0.0000 -0.0000  0.0000  0.0000  0.0000  0.0000  0.0000 -0.0000 -0.0000  0.0000
      *f3-     0.0000  0.0000  0.0000  0.0000 -0.0000  0.0000  0.0000  0.0000  0.0000  0.0000  0.0000  0.0000
      Total    0.0006  0.0006 -0.0160  0.0008  0.0009 -0.0159  0.0018  0.0019  0.0029  0.0018  0.0019  0.0030

                C13     C14     C15     C16     C17     C18     C19     C20     C21     C22     C23     C24   
      1s       0.0000  0.0000  0.0000  0.0000  0.0000  0.0000  0.0000  0.0000  0.0000  0.0000  0.0000  0.0000
      2s      -0.0000 -0.0000 -0.0000 -0.0000 -0.0000 -0.0000 -0.0000 -0.0000 -0.0000 -0.0000 -0.0000 -0.0000
      2px      0.0004  0.0001  0.0000  0.0000  0.0000  0.0000  0.0001  0.0002  0.0000  0.0000  0.0000  0.0000
      2pz      0.0024  0.0024  0.0003  0.0012  0.0015  0.0003  0.0005  0.0005  0.0003  0.0015  0.0012  0.0003
      2py      0.0001  0.0004  0.0000  0.0000  0.0000  0.0001  0.0002  0.0000  0.0000  0.0000  0.0000  0.0000
      3s       0.0000  0.0000  0.0000  0.0000  0.0000  0.0000  0.0000  0.0000  0.0000  0.0000  0.0000  0.0000
      3px      0.0000  0.0000  0.0000  0.0000  0.0000  0.0000  0.0000  0.0000  0.0000  0.0000  0.0000  0.0000
      3pz      0.0000  0.0000  0.0000  0.0000  0.0000  0.0000  0.0000  0.0000  0.0000  0.0000  0.0000  0.0000
      3py      0.0000  0.0000  0.0000  0.0000  0.0000  0.0000  0.0000  0.0000  0.0000  0.0000  0.0000  0.0000
      4s       0.0000  0.0000  0.0000  0.0000  0.0000  0.0000  0.0000  0.0000  0.0000  0.0000  0.0000  0.0000
      3d2+     0.0000  0.0000  0.0000  0.0000  0.0000  0.0000  0.0000  0.0000  0.0000  0.0000  0.0000  0.0000
      3d1+     0.0000  0.0000  0.0000  0.0000  0.0000  0.0000  0.0000  0.0000  0.0000  0.0000  0.0000  0.0000
      3d0      0.0000  0.0000  0.0000  0.0000  0.0000  0.0000  0.0000  0.0000  0.0000  0.0000  0.0000  0.0000
      3d1-     0.0000  0.0000  0.0000  0.0000  0.0000  0.0000  0.0000  0.0000  0.0000  0.0000  0.0000  0.0000
      3d2-     0.0000  0.0000  0.0000  0.0000  0.0000  0.0000  0.0000  0.0000  0.0000  0.0000  0.0000  0.0000
      *s      -0.0090 -0.0089 -0.0027  0.0010  0.0009 -0.0026 -0.0087 -0.0088 -0.0026  0.0009  0.0010 -0.0027
      *px      0.0002  0.0001 -0.0002 -0.0002  0.0001 -0.0001 -0.0004  0.0000 -0.0002 -0.0001  0.0001 -0.0003
      *pz      0.0024  0.0025 -0.0003  0.0031  0.0037 -0.0000 -0.0027 -0.0028  0.0000  0.0036  0.0031 -0.0002
      *py      0.0002  0.0003 -0.0009  0.0001 -0.0001 -0.0006  0.0003 -0.0002 -0.0005  0.0001 -0.0001 -0.0008
      *d2+     0.0001 -0.0000  0.0000  0.0000  0.0000 -0.0000  0.0002  0.0000 -0.0000  0.0000  0.0000  0.0000
      *d1+     0.0001  0.0003  0.0004  0.0000  0.0000  0.0000  0.0001  0.0001  0.0005  0.0000  0.0000  0.0000
      *d0      0.0009  0.0009  0.0001  0.0000  0.0000  0.0001  0.0008  0.0008  0.0001  0.0000  0.0000  0.0001
      *d1-     0.0002 -0.0000  0.0002  0.0000  0.0000  0.0006  0.0001  0.0001  0.0002  0.0000  0.0000  0.0006
      *d2-     0.0000  0.0002 -0.0000 -0.0000  0.0000 -0.0000 -0.0000  0.0002 -0.0000  0.0000  0.0000  0.0000
      *f3+     0.0000  0.0000 -0.0000 -0.0000  0.0000  0.0000  0.0000  0.0000  0.0000  0.0000 -0.0000 -0.0000
      *f2+     0.0000  0.0000  0.0000  0.0000  0.0000  0.0000  0.0000  0.0000  0.0000  0.0000  0.0000  0.0000
      *f1+     0.0000  0.0000  0.0000  0.0000  0.0000  0.0000  0.0000  0.0000  0.0000  0.0000  0.0000  0.0000
      *f0      0.0000  0.0000  0.0000 -0.0000 -0.0000  0.0000  0.0000  0.0000  0.0000 -0.0000 -0.0000  0.0000
      *f1-     0.0000  0.0000  0.0000  0.0000  0.0000  0.0000  0.0000  0.0000  0.0000  0.0000  0.0000  0.0000
      *f2-     0.0000  0.0000  0.0000  0.0000  0.0000  0.0000 -0.0000  0.0000  0.0000  0.0000  0.0000  0.0000
      *f3-     0.0000  0.0000  0.0000  0.0000  0.0000 -0.0000 -0.0000 -0.0000 -0.0000  0.0000  0.0000  0.0000
      Total   -0.0018 -0.0016 -0.0030  0.0053  0.0061 -0.0023 -0.0096 -0.0098 -0.0022  0.0061  0.0053 -0.0030

                H25     H26     H27     H28     H29     H30     H31     H32     H33     H34     H35     H36   
      1s       0.0001  0.0001  0.0000  0.0000  0.0000  0.0000  0.0001  0.0000  0.0000  0.0000  0.0000  0.0000
      2s       0.0000  0.0000  0.0000  0.0000  0.0000  0.0000  0.0000  0.0000  0.0000  0.0000  0.0000  0.0000
      2px      0.0000  0.0000  0.0000  0.0000  0.0000  0.0000  0.0000  0.0000  0.0000  0.0000  0.0000  0.0000
      2pz      0.0000  0.0000  0.0000  0.0000  0.0000  0.0000  0.0000  0.0000  0.0000  0.0000  0.0000  0.0000
      2py      0.0000  0.0000  0.0000  0.0000  0.0000  0.0000  0.0000  0.0000  0.0000  0.0000  0.0000  0.0000
      3s       0.0000  0.0000  0.0000  0.0000  0.0000  0.0000  0.0000  0.0000  0.0000  0.0000  0.0000  0.0000
      3px      0.0000  0.0000  0.0000  0.0000  0.0000  0.0000  0.0000  0.0000  0.0000  0.0000  0.0000  0.0000
      3pz      0.0000  0.0000  0.0000  0.0000  0.0000  0.0000  0.0000  0.0000  0.0000  0.0000  0.0000  0.0000
      3py      0.0000  0.0000  0.0000  0.0000  0.0000  0.0000  0.0000  0.0000  0.0000  0.0000  0.0000  0.0000
      4s       0.0000  0.0000  0.0000  0.0000  0.0000  0.0000  0.0000  0.0000  0.0000  0.0000  0.0000  0.0000
      3d2+     0.0000  0.0000  0.0000  0.0000  0.0000  0.0000  0.0000  0.0000  0.0000  0.0000  0.0000  0.0000
      3d1+     0.0000  0.0000  0.0000  0.0000  0.0000  0.0000  0.0000  0.0000  0.0000  0.0000  0.0000  0.0000
      3d0      0.0000  0.0000  0.0000  0.0000  0.0000  0.0000  0.0000  0.0000  0.0000  0.0000  0.0000  0.0000
      3d1-     0.0000  0.0000  0.0000  0.0000  0.0000  0.0000  0.0000  0.0000  0.0000  0.0000  0.0000  0.0000
      3d2-     0.0000  0.0000  0.0000  0.0000  0.0000  0.0000  0.0000  0.0000  0.0000  0.0000  0.0000  0.0000
      *s      -0.0008 -0.0008 -0.0000 -0.0000 -0.0000 -0.0000 -0.0008 -0.0008 -0.0000 -0.0000 -0.0000 -0.0000
      *px      0.0000  0.0000  0.0000  0.0000  0.0000  0.0000  0.0000  0.0000  0.0000  0.0000  0.0000  0.0000
      *pz      0.0001  0.0001  0.0000  0.0000  0.0000  0.0000  0.0000  0.0000  0.0000  0.0000  0.0000  0.0000
      *py      0.0000  0.0000  0.0000  0.0000  0.0000  0.0000  0.0000  0.0000  0.0000  0.0000  0.0000 -0.0000
      *d2+     0.0000  0.0000  0.0000  0.0000  0.0000  0.0000  0.0000  0.0000  0.0000  0.0000  0.0000  0.0000
      *d1+     0.0000  0.0000  0.0000  0.0000  0.0000  0.0000  0.0000  0.0000  0.0000  0.0000  0.0000  0.0000
      *d0      0.0000  0.0000  0.0000  0.0000  0.0000  0.0000  0.0000  0.0000  0.0000  0.0000  0.0000  0.0000
      *d1-     0.0000  0.0000  0.0000  0.0000  0.0000  0.0000  0.0000  0.0000  0.0000  0.0000  0.0000  0.0000
      *d2-     0.0000  0.0000  0.0000  0.0000  0.0000  0.0000  0.0000  0.0000  0.0000  0.0000  0.0000  0.0000
      *f3+     0.0000  0.0000  0.0000  0.0000  0.0000  0.0000  0.0000  0.0000  0.0000  0.0000  0.0000  0.0000
      *f2+     0.0000  0.0000  0.0000  0.0000  0.0000  0.0000  0.0000  0.0000  0.0000  0.0000  0.0000  0.0000
      *f1+     0.0000  0.0000  0.0000  0.0000  0.0000  0.0000  0.0000  0.0000  0.0000  0.0000  0.0000  0.0000
      *f0      0.0000  0.0000  0.0000  0.0000  0.0000  0.0000  0.0000  0.0000  0.0000  0.0000  0.0000  0.0000
      *f1-     0.0000  0.0000  0.0000  0.0000  0.0000  0.0000  0.0000  0.0000  0.0000  0.0000  0.0000  0.0000
      *f2-     0.0000  0.0000  0.0000  0.0000  0.0000  0.0000  0.0000  0.0000  0.0000  0.0000  0.0000  0.0000
      *f3-     0.0000  0.0000  0.0000  0.0000  0.0000  0.0000  0.0000  0.0000  0.0000  0.0000  0.0000  0.0000
      Total   -0.0006 -0.0006  0.0000  0.0000  0.0000 -0.0000 -0.0007 -0.0007 -0.0000  0.0000  0.0000  0.0000

                NI37    NI38  
      1s       0.0000  0.0000
      2s       0.0000  0.0000
      2px      0.0000  0.0000
      2pz      0.0000  0.0000
      2py      0.0000  0.0000
      3s       0.0029  0.0027
      3px      0.0001  0.0000
      3pz      0.0011  0.0011
      3py      0.0001  0.0000
      4s      -0.0050 -0.0047
      3d2+     0.0040  0.0070
      3d1+     0.2105  0.0727
      3d0      0.0006  0.0004
      3d1-     0.0768  0.2059
      3d2-     0.0015  0.0024
      *s       0.4445  0.4202
      *px      0.0010  0.0002
      *pz      0.0209  0.0199
      *py      0.0003 -0.0005
      *d2+     0.0041  0.0068
      *d1+     0.1880  0.0702
      *d0      0.0008  0.0007
      *d1-     0.0688  0.1996
      *d2-     0.0014  0.0022
      *f3+     0.0000  0.0000
      *f2+     0.0000  0.0000
      *f1+     0.0000  0.0000
      *f0      0.0000  0.0000
      *f1-     0.0000  0.0000
      *f2-     0.0000  0.0000
      *f3-     0.0000  0.0000
      Total    1.0225  1.0067

      Total electronic spin=    2.000000
--


      Von Neumann Entropy (Root   5) =  2.12618


      Mulliken population analysis for root number:  5
      -----------------------------------------------


++    Molecular charges:
      ------------------

      Mulliken charges per centre and basis function type
      ---------------------------------------------------

                C1      C2      C3      C4      C5      C6      C7      C8      C9      C10     C11     C12   
      1s       0.8547  0.8547  0.8547  0.8547  0.8547  0.8547  0.8547  0.8547  0.8547  0.8547  0.8547  0.8547
      2s       1.1233  1.1233  1.1232  1.1233  1.1233  1.1232  1.1233  1.1233  1.1232  1.1233  1.1233  1.1232
      2px      0.4565  0.4603  0.4575  0.4569  0.4600  0.4574  0.4500  0.4544  0.4648  0.4499  0.4542  0.4648
      2pz      0.3200  0.3198  0.3233  0.3185  0.3185  0.3233  0.3181  0.3181  0.3141  0.3199  0.3199  0.3142
      2py      0.4567  0.4530  0.4612  0.4564  0.4532  0.4613  0.4637  0.4592  0.4598  0.4637  0.4594  0.4598
      3s       0.0000  0.0000  0.0000  0.0000  0.0000  0.0000  0.0000  0.0000  0.0000  0.0000  0.0000  0.0000
      3px      0.0000  0.0000  0.0000  0.0000  0.0000  0.0000  0.0000  0.0000  0.0000  0.0000  0.0000  0.0000
      3pz      0.0000  0.0000  0.0000  0.0000  0.0000  0.0000  0.0000  0.0000  0.0000  0.0000  0.0000  0.0000
      3py      0.0000  0.0000  0.0000  0.0000  0.0000  0.0000  0.0000  0.0000  0.0000  0.0000  0.0000  0.0000
      4s       0.0000  0.0000  0.0000  0.0000  0.0000  0.0000  0.0000  0.0000  0.0000  0.0000  0.0000  0.0000
      3d2+     0.0000  0.0000  0.0000  0.0000  0.0000  0.0000  0.0000  0.0000  0.0000  0.0000  0.0000  0.0000
      3d1+     0.0000  0.0000  0.0000  0.0000  0.0000  0.0000  0.0000  0.0000  0.0000  0.0000  0.0000  0.0000
      3d0      0.0000  0.0000  0.0000  0.0000  0.0000  0.0000  0.0000  0.0000  0.0000  0.0000  0.0000  0.0000
      3d1-     0.0000  0.0000  0.0000  0.0000  0.0000  0.0000  0.0000  0.0000  0.0000  0.0000  0.0000  0.0000
      3d2-     0.0000  0.0000  0.0000  0.0000  0.0000  0.0000  0.0000  0.0000  0.0000  0.0000  0.0000  0.0000
      *s       1.2903  1.2901  1.3389  1.2884  1.2881  1.3389  1.0049  1.0051  1.1070  1.0052  1.0053  1.1070
      *px      0.4287  0.2668  0.4448  0.4300  0.2662  0.4451  0.3645  0.4357  0.3944  0.3641  0.4359  0.3944
      *pz      0.6454  0.6451  0.5895  0.6421  0.6422  0.5895  0.5680  0.5679  0.5847  0.5705  0.5704  0.5848
      *py      0.1478  0.3110  0.3612  0.1478  0.3128  0.3609  0.4634  0.3919  0.3900  0.4646  0.3926  0.3900
      *d2+     0.0505  0.0543  0.0603  0.0506  0.0545  0.0602  0.0426  0.0390  0.0452  0.0424  0.0392  0.0452
      *d1+     0.0250  0.0268  0.0262  0.0248  0.0269  0.0260  0.0211  0.0236  0.0268  0.0212  0.0233  0.0267
      *d0      0.0059  0.0059  0.0034  0.0058  0.0058  0.0034  0.0085  0.0085  0.0059  0.0087  0.0087  0.0059
      *d1-     0.0254  0.0236  0.0257  0.0256  0.0236  0.0258  0.0274  0.0249  0.0232  0.0272  0.0252  0.0233
      *d2-     0.0535  0.0497  0.0631  0.0533  0.0495  0.0631  0.0373  0.0409  0.0507  0.0373  0.0405  0.0507
      *f3+     0.0021  0.0021  0.0021  0.0021  0.0021  0.0021  0.0021  0.0021  0.0022  0.0021  0.0021  0.0022
      *f2+     0.0009  0.0010  0.0011  0.0009  0.0010  0.0011  0.0011  0.0008  0.0008  0.0011  0.0008  0.0008
      *f1+     0.0010  0.0010  0.0011  0.0011  0.0010  0.0011  0.0010  0.0012  0.0011  0.0010  0.0012  0.0011
      *f0      0.0018  0.0018  0.0020  0.0018  0.0018  0.0020  0.0017  0.0017  0.0020  0.0017  0.0017  0.0020
      *f1-     0.0010  0.0011  0.0011  0.0010  0.0011  0.0011  0.0013  0.0010  0.0011  0.0013  0.0010  0.0011
      *f2-     0.0009  0.0009  0.0010  0.0009  0.0009  0.0010  0.0008  0.0011  0.0010  0.0008  0.0011  0.0010
      *f3-     0.0030  0.0030  0.0032  0.0030  0.0030  0.0032  0.0029  0.0029  0.0031  0.0029  0.0029  0.0031
      Total    5.8945  5.8951  6.1446  5.8890  5.8901  6.1446  5.7583  5.7582  5.8559  5.7636  5.7634  5.8561

      N-E      0.1055  0.1049 -0.1446  0.1110  0.1099 -0.1446  0.2417  0.2418  0.1441  0.2364  0.2366  0.1439

                C13     C14     C15     C16     C17     C18     C19     C20     C21     C22     C23     C24   
      1s       0.8548  0.8548  0.8548  0.8548  0.8548  0.8548  0.8548  0.8548  0.8548  0.8548  0.8548  0.8548
      2s       1.1233  1.1233  1.1232  1.1232  1.1232  1.1232  1.1233  1.1233  1.1232  1.1232  1.1232  1.1232
      2px      0.4479  0.4492  0.4717  0.4717  0.4578  0.4520  0.4473  0.4495  0.4718  0.4717  0.4578  0.4520
      2pz      0.3167  0.3167  0.3157  0.3098  0.3106  0.3164  0.3150  0.3151  0.3165  0.3105  0.3098  0.3157
      2py      0.4580  0.4567  0.4481  0.4484  0.4623  0.4680  0.4582  0.4560  0.4482  0.4484  0.4623  0.4679
      3s       0.0000  0.0000  0.0000  0.0000  0.0000  0.0000  0.0000  0.0000  0.0000  0.0000  0.0000  0.0000
      3px      0.0000  0.0000  0.0000  0.0000  0.0000  0.0000  0.0000  0.0000  0.0000  0.0000  0.0000  0.0000
      3pz      0.0000  0.0000  0.0000  0.0000  0.0000  0.0000  0.0000  0.0000  0.0000  0.0000  0.0000  0.0000
      3py      0.0000  0.0000  0.0000  0.0000  0.0000  0.0000  0.0000  0.0000  0.0000  0.0000  0.0000  0.0000
      4s       0.0000  0.0000  0.0000  0.0000  0.0000  0.0000  0.0000  0.0000  0.0000  0.0000  0.0000  0.0000
      3d2+     0.0000  0.0000  0.0000  0.0000  0.0000  0.0000  0.0000  0.0000  0.0000  0.0000  0.0000  0.0000
      3d1+     0.0000  0.0000  0.0000  0.0000  0.0000  0.0000  0.0000  0.0000  0.0000  0.0000  0.0000  0.0000
      3d0      0.0000  0.0000  0.0000  0.0000  0.0000  0.0000  0.0000  0.0000  0.0000  0.0000  0.0000  0.0000
      3d1-     0.0000  0.0000  0.0000  0.0000  0.0000  0.0000  0.0000  0.0000  0.0000  0.0000  0.0000  0.0000
      3d2-     0.0000  0.0000  0.0000  0.0000  0.0000  0.0000  0.0000  0.0000  0.0000  0.0000  0.0000  0.0000
      *s       1.2150  1.2149  1.2429  1.2168  1.2171  1.2426  1.2147  1.2143  1.2427  1.2170  1.2169  1.2428
      *px      0.5347  0.5064  0.5059  0.5129  0.4939  0.5322  0.5338  0.5066  0.5059  0.5129  0.4939  0.5319
      *pz      0.6393  0.6393  0.6532  0.6494  0.6508  0.6549  0.6334  0.6335  0.6550  0.6506  0.6495  0.6533
      *py      0.4918  0.5204  0.5179  0.5129  0.5319  0.4920  0.4922  0.5195  0.5184  0.5129  0.5319  0.4918
      *d2+     0.0278  0.0284  0.0278  0.0280  0.0315  0.0310  0.0280  0.0285  0.0277  0.0280  0.0315  0.0311
      *d1+     0.0120  0.0210  0.0236  0.0235  0.0205  0.0067  0.0120  0.0208  0.0237  0.0235  0.0205  0.0067
      *d0      0.0099  0.0099  0.0053  0.0048  0.0048  0.0053  0.0099  0.0099  0.0053  0.0048  0.0048  0.0053
      *d1-     0.0267  0.0178  0.0109  0.0102  0.0132  0.0280  0.0268  0.0180  0.0109  0.0101  0.0131  0.0278
      *d2-     0.0269  0.0263  0.0330  0.0321  0.0286  0.0297  0.0269  0.0263  0.0330  0.0321  0.0286  0.0297
      *f3+     0.0019  0.0019  0.0019  0.0019  0.0019  0.0019  0.0019  0.0019  0.0019  0.0019  0.0019  0.0019
      *f2+     0.0005  0.0009  0.0009  0.0009  0.0008  0.0003  0.0005  0.0009  0.0009  0.0009  0.0008  0.0003
      *f1+     0.0009  0.0009  0.0009  0.0009  0.0009  0.0009  0.0008  0.0010  0.0009  0.0009  0.0009  0.0009
      *f0      0.0014  0.0014  0.0016  0.0016  0.0016  0.0016  0.0014  0.0014  0.0016  0.0016  0.0016  0.0016
      *f1-     0.0009  0.0009  0.0009  0.0008  0.0009  0.0010  0.0009  0.0008  0.0009  0.0008  0.0009  0.0010
      *f2-     0.0011  0.0006  0.0005  0.0005  0.0005  0.0011  0.0011  0.0006  0.0005  0.0005  0.0005  0.0011
      *f3-     0.0017  0.0017  0.0020  0.0020  0.0020  0.0019  0.0017  0.0017  0.0019  0.0020  0.0020  0.0020
      Total    6.1932  6.1935  6.2426  6.2069  6.2096  6.2454  6.1845  6.1843  6.2458  6.2091  6.2072  6.2426

      N-E     -0.1932 -0.1935 -0.2426 -0.2069 -0.2096 -0.2454 -0.1845 -0.1843 -0.2458 -0.2091 -0.2072 -0.2426

                H25     H26     H27     H28     H29     H30     H31     H32     H33     H34     H35     H36   
      1s       0.2627  0.2627  0.2635  0.2638  0.2638  0.2635  0.2627  0.2627  0.2635  0.2638  0.2638  0.2635
      2s       0.0000  0.0000  0.0000  0.0000  0.0000  0.0000  0.0000  0.0000  0.0000  0.0000  0.0000  0.0000
      2px      0.0000  0.0000  0.0000  0.0000  0.0000  0.0000  0.0000  0.0000  0.0000  0.0000  0.0000  0.0000
      2pz      0.0000  0.0000  0.0000  0.0000  0.0000  0.0000  0.0000  0.0000  0.0000  0.0000  0.0000  0.0000
      2py      0.0000  0.0000  0.0000  0.0000  0.0000  0.0000  0.0000  0.0000  0.0000  0.0000  0.0000  0.0000
      3s       0.0000  0.0000  0.0000  0.0000  0.0000  0.0000  0.0000  0.0000  0.0000  0.0000  0.0000  0.0000
      3px      0.0000  0.0000  0.0000  0.0000  0.0000  0.0000  0.0000  0.0000  0.0000  0.0000  0.0000  0.0000
      3pz      0.0000  0.0000  0.0000  0.0000  0.0000  0.0000  0.0000  0.0000  0.0000  0.0000  0.0000  0.0000
      3py      0.0000  0.0000  0.0000  0.0000  0.0000  0.0000  0.0000  0.0000  0.0000  0.0000  0.0000  0.0000
      4s       0.0000  0.0000  0.0000  0.0000  0.0000  0.0000  0.0000  0.0000  0.0000  0.0000  0.0000  0.0000
      3d2+     0.0000  0.0000  0.0000  0.0000  0.0000  0.0000  0.0000  0.0000  0.0000  0.0000  0.0000  0.0000
      3d1+     0.0000  0.0000  0.0000  0.0000  0.0000  0.0000  0.0000  0.0000  0.0000  0.0000  0.0000  0.0000
      3d0      0.0000  0.0000  0.0000  0.0000  0.0000  0.0000  0.0000  0.0000  0.0000  0.0000  0.0000  0.0000
      3d1-     0.0000  0.0000  0.0000  0.0000  0.0000  0.0000  0.0000  0.0000  0.0000  0.0000  0.0000  0.0000
      3d2-     0.0000  0.0000  0.0000  0.0000  0.0000  0.0000  0.0000  0.0000  0.0000  0.0000  0.0000  0.0000
      *s       0.5671  0.5671  0.5810  0.5777  0.5777  0.5809  0.5670  0.5670  0.5809  0.5777  0.5777  0.5810
      *px      0.0167  0.0066  0.0061  0.0061  0.0064  0.0163  0.0167  0.0066  0.0061  0.0061  0.0064  0.0163
      *pz      0.0044  0.0044  0.0041  0.0041  0.0041  0.0041  0.0044  0.0044  0.0041  0.0041  0.0041  0.0041
      *py      0.0030  0.0131  0.0131  0.0130  0.0128  0.0029  0.0030  0.0131  0.0131  0.0130  0.0128  0.0029
      *d2+     0.0000  0.0000  0.0000  0.0000  0.0000  0.0000  0.0000  0.0000  0.0000  0.0000  0.0000  0.0000
      *d1+     0.0000  0.0000  0.0000  0.0000  0.0000  0.0000  0.0000  0.0000  0.0000  0.0000  0.0000  0.0000
      *d0      0.0000  0.0000  0.0000  0.0000  0.0000  0.0000  0.0000  0.0000  0.0000  0.0000  0.0000  0.0000
      *d1-     0.0000  0.0000  0.0000  0.0000  0.0000  0.0000  0.0000  0.0000  0.0000  0.0000  0.0000  0.0000
      *d2-     0.0000  0.0000  0.0000  0.0000  0.0000  0.0000  0.0000  0.0000  0.0000  0.0000  0.0000  0.0000
      *f3+     0.0000  0.0000  0.0000  0.0000  0.0000  0.0000  0.0000  0.0000  0.0000  0.0000  0.0000  0.0000
      *f2+     0.0000  0.0000  0.0000  0.0000  0.0000  0.0000  0.0000  0.0000  0.0000  0.0000  0.0000  0.0000
      *f1+     0.0000  0.0000  0.0000  0.0000  0.0000  0.0000  0.0000  0.0000  0.0000  0.0000  0.0000  0.0000
      *f0      0.0000  0.0000  0.0000  0.0000  0.0000  0.0000  0.0000  0.0000  0.0000  0.0000  0.0000  0.0000
      *f1-     0.0000  0.0000  0.0000  0.0000  0.0000  0.0000  0.0000  0.0000  0.0000  0.0000  0.0000  0.0000
      *f2-     0.0000  0.0000  0.0000  0.0000  0.0000  0.0000  0.0000  0.0000  0.0000  0.0000  0.0000  0.0000
      *f3-     0.0000  0.0000  0.0000  0.0000  0.0000  0.0000  0.0000  0.0000  0.0000  0.0000  0.0000  0.0000
      Total    0.8539  0.8539  0.8677  0.8648  0.8648  0.8677  0.8538  0.8537  0.8677  0.8648  0.8648  0.8678

      N-E      0.1461  0.1461  0.1323  0.1352  0.1352  0.1323  0.1462  0.1463  0.1323  0.1352  0.1352  0.1322

                NI37    NI38  
      1s       1.9997  1.9997
      2s       2.0006  2.0006
      2px      1.9958  1.9958
      2pz      1.9958  1.9958
      2py      1.9958  1.9958
      3s       1.1579  1.1578
      3px      1.5699  1.5698
      3pz      1.5734  1.5735
      3py      1.5669  1.5669
      4s       0.8152  0.8153
      3d2+     0.9191  0.9294
      3d1+     0.8964  0.6502
      3d0      0.9849  0.9847
      3d1-     0.6685  0.8727
      3d2-     0.9505  0.9544
      *s       1.1789  1.1831
      *px      0.4909  0.4897
      *pz      0.5331  0.5333
      *py      0.4818  0.4805
      *d2+     0.9721  0.9816
      *d1+     0.8571  0.6448
      *d0      0.9955  0.9953
      *d1-     0.6616  0.8680
      *d2-     0.9862  0.9897
      *f3+     0.0000  0.0000
      *f2+     0.0000  0.0000
      *f1+     0.0000  0.0000
      *f0      0.0001  0.0001
      *f1-     0.0000  0.0000
      *f2-     0.0000  0.0000
      *f3-     0.0000  0.0000
      Total   28.2480 28.2285

      N-E     -0.2480 -0.2285

      Total electronic charge=  212.000000

      Total            charge=   -0.000000
--



      Expectation values of various properties for root number:  5
      -----------------------------------------------------------


++    Molecular properties:
      ---------------------

      Charge (e):
                      =   -0.0000
      Dipole Moment (Debye):
      Origin of the operator (Ang)=    0.0000    0.0000    0.0000
                   X= -3.2792E-01               Y= -1.8430E-01               Z= -8.9705E+00           Total=  8.9784E+00
      Quadrupole Moment (Debye*Ang):
      Origin of the operator (Ang)=    0.0000   -0.0000    0.5165
                  XX= -1.3949E+02              XY= -2.7371E+00              XZ= -3.6607E-01              YY= -1.3634E+02
                  YZ= -2.2718E-01              ZZ= -2.0294E+02
      In traceless form (Debye*Ang)
                  XX=  3.0153E+01              XY= -4.1057E+00              XZ= -5.4911E-01              YY=  3.4870E+01
                  YZ= -3.4077E-01              ZZ= -6.5022E+01
--


      Mulliken spin population analysis for root number:  5
      ---------------------------------------------------


++    Molecular charges:
      ------------------

      Mulliken spin population per centre and basis function type
      ---------------------------------------------------

                C1      C2      C3      C4      C5      C6      C7      C8      C9      C10     C11     C12   
      1s       0.0000  0.0000  0.0000  0.0000  0.0000  0.0000  0.0000  0.0000  0.0000  0.0000  0.0000  0.0000
      2s      -0.0000 -0.0000 -0.0000 -0.0000 -0.0000 -0.0000 -0.0000 -0.0000 -0.0000 -0.0000 -0.0000 -0.0000
      2px      0.0002  0.0001  0.0000  0.0000  0.0002  0.0001  0.0001  0.0000  0.0000  0.0002  0.0002  0.0000
      2pz      0.0002  0.0003  0.0007  0.0008  0.0007  0.0007  0.0041  0.0041  0.0003  0.0037  0.0037  0.0003
      2py      0.0000  0.0002  0.0000  0.0003  0.0000  0.0000  0.0001  0.0002  0.0000  0.0000  0.0001  0.0000
      3s       0.0000  0.0000  0.0000  0.0000  0.0000  0.0000  0.0000  0.0000  0.0000  0.0000  0.0000  0.0000
      3px      0.0000  0.0000  0.0000  0.0000  0.0000  0.0000  0.0000  0.0000  0.0000  0.0000  0.0000  0.0000
      3pz      0.0000  0.0000  0.0000  0.0000  0.0000  0.0000  0.0000  0.0000  0.0000  0.0000  0.0000  0.0000
      3py      0.0000  0.0000  0.0000  0.0000  0.0000  0.0000  0.0000  0.0000  0.0000  0.0000  0.0000  0.0000
      4s       0.0000  0.0000  0.0000  0.0000  0.0000  0.0000  0.0000  0.0000  0.0000  0.0000  0.0000  0.0000
      3d2+     0.0000  0.0000  0.0000  0.0000  0.0000  0.0000  0.0000  0.0000  0.0000  0.0000  0.0000  0.0000
      3d1+     0.0000  0.0000  0.0000  0.0000  0.0000  0.0000  0.0000  0.0000  0.0000  0.0000  0.0000  0.0000
      3d0      0.0000  0.0000  0.0000  0.0000  0.0000  0.0000  0.0000  0.0000  0.0000  0.0000  0.0000  0.0000
      3d1-     0.0000  0.0000  0.0000  0.0000  0.0000  0.0000  0.0000  0.0000  0.0000  0.0000  0.0000  0.0000
      3d2-     0.0000  0.0000  0.0000  0.0000  0.0000  0.0000  0.0000  0.0000  0.0000  0.0000  0.0000  0.0000
      *s       0.0013  0.0013 -0.0166  0.0009  0.0009 -0.0166 -0.0009 -0.0009  0.0014 -0.0007 -0.0006  0.0014
      *px      0.0004 -0.0009  0.0008 -0.0004 -0.0008  0.0008 -0.0010  0.0002 -0.0003 -0.0005  0.0002 -0.0003
      *pz     -0.0015 -0.0013 -0.0012 -0.0006 -0.0007 -0.0012 -0.0006 -0.0006  0.0001 -0.0011 -0.0011  0.0000
      *py     -0.0009  0.0004  0.0007 -0.0011 -0.0007  0.0008  0.0002 -0.0009  0.0012 -0.0005 -0.0012  0.0012
      *d2+     0.0000  0.0002  0.0000 -0.0000  0.0001  0.0001 -0.0001  0.0000 -0.0000  0.0000 -0.0000 -0.0000
      *d1+     0.0001  0.0002 -0.0001  0.0003  0.0001 -0.0000  0.0001  0.0001  0.0002  0.0000  0.0003  0.0003
      *d0      0.0006  0.0006  0.0002  0.0007  0.0007  0.0002  0.0002  0.0002  0.0000  0.0001  0.0001  0.0000
      *d1-     0.0002  0.0001  0.0000 -0.0000  0.0001 -0.0000  0.0000  0.0001  0.0002  0.0002 -0.0001  0.0001
      *d2-     0.0001 -0.0001  0.0001  0.0001 -0.0000  0.0000 -0.0000 -0.0002 -0.0000 -0.0000  0.0000 -0.0000
      *f3+     0.0000  0.0000  0.0000  0.0000  0.0000  0.0000 -0.0000 -0.0000 -0.0000 -0.0000 -0.0000 -0.0000
      *f2+     0.0000  0.0000  0.0000  0.0000  0.0000  0.0000  0.0000  0.0000  0.0000  0.0000  0.0000  0.0000
      *f1+     0.0000  0.0000  0.0000  0.0000  0.0000  0.0000  0.0000  0.0000  0.0000  0.0000  0.0000  0.0000
      *f0      0.0000  0.0000  0.0000  0.0000  0.0000  0.0000  0.0000  0.0000  0.0000  0.0000  0.0000  0.0000
      *f1-     0.0000  0.0000  0.0000  0.0000  0.0000  0.0000  0.0000  0.0000  0.0000  0.0000  0.0000 -0.0000
      *f2-    -0.0000  0.0000  0.0000  0.0000  0.0000  0.0000 -0.0000 -0.0000  0.0000  0.0000  0.0000  0.0000
      *f3-     0.0000 -0.0000  0.0000  0.0000  0.0000  0.0000  0.0000  0.0000  0.0000  0.0000  0.0000  0.0000
      Total    0.0006  0.0010 -0.0151  0.0008  0.0008 -0.0151  0.0023  0.0024  0.0032  0.0015  0.0016  0.0031

                C13     C14     C15     C16     C17     C18     C19     C20     C21     C22     C23     C24   
      1s       0.0000  0.0000  0.0000  0.0000  0.0000  0.0000  0.0000  0.0000  0.0000  0.0000  0.0000  0.0000
      2s      -0.0000 -0.0000 -0.0000 -0.0000 -0.0000 -0.0000 -0.0000 -0.0000 -0.0000 -0.0000 -0.0000 -0.0000
      2px      0.0001  0.0002  0.0000  0.0000  0.0000  0.0000  0.0004  0.0001  0.0000  0.0000  0.0000  0.0000
      2pz      0.0006  0.0006  0.0004  0.0016  0.0011  0.0003  0.0025  0.0024  0.0003  0.0011  0.0015  0.0003
      2py      0.0002  0.0000  0.0000  0.0000  0.0000  0.0000  0.0001  0.0005  0.0000  0.0000  0.0000  0.0001
      3s       0.0000  0.0000  0.0000  0.0000  0.0000  0.0000  0.0000  0.0000  0.0000  0.0000  0.0000  0.0000
      3px      0.0000  0.0000  0.0000  0.0000  0.0000  0.0000  0.0000  0.0000  0.0000  0.0000  0.0000  0.0000
      3pz      0.0000  0.0000  0.0000  0.0000  0.0000  0.0000  0.0000  0.0000  0.0000  0.0000  0.0000  0.0000
      3py      0.0000  0.0000  0.0000  0.0000  0.0000  0.0000  0.0000  0.0000  0.0000  0.0000  0.0000  0.0000
      4s       0.0000  0.0000  0.0000  0.0000  0.0000  0.0000  0.0000  0.0000  0.0000  0.0000  0.0000  0.0000
      3d2+     0.0000  0.0000  0.0000  0.0000  0.0000  0.0000  0.0000  0.0000  0.0000  0.0000  0.0000  0.0000
      3d1+     0.0000  0.0000  0.0000  0.0000  0.0000  0.0000  0.0000  0.0000  0.0000  0.0000  0.0000  0.0000
      3d0      0.0000  0.0000  0.0000  0.0000  0.0000  0.0000  0.0000  0.0000  0.0000  0.0000  0.0000  0.0000
      3d1-     0.0000  0.0000  0.0000  0.0000  0.0000  0.0000  0.0000  0.0000  0.0000  0.0000  0.0000  0.0000
      3d2-     0.0000  0.0000  0.0000  0.0000  0.0000  0.0000  0.0000  0.0000  0.0000  0.0000  0.0000  0.0000
      *s      -0.0080 -0.0082 -0.0024  0.0009  0.0010 -0.0026 -0.0086 -0.0086 -0.0026  0.0010  0.0009 -0.0024
      *px     -0.0003  0.0002 -0.0002 -0.0001  0.0001 -0.0003  0.0003  0.0001 -0.0002 -0.0002  0.0001 -0.0001
      *pz     -0.0022 -0.0023  0.0002  0.0037  0.0030 -0.0001  0.0027  0.0026 -0.0002  0.0030  0.0037  0.0002
      *py      0.0003 -0.0003 -0.0005  0.0001 -0.0001 -0.0008  0.0001  0.0003 -0.0009  0.0001 -0.0001 -0.0006
      *d2+     0.0002  0.0000 -0.0000  0.0000  0.0000  0.0000  0.0001 -0.0000  0.0000  0.0000  0.0000 -0.0000
      *d1+     0.0001  0.0001  0.0005  0.0000  0.0000  0.0000  0.0001  0.0003  0.0004  0.0000  0.0000 -0.0000
      *d0      0.0008  0.0008  0.0000  0.0000  0.0000  0.0001  0.0008  0.0008  0.0001  0.0000  0.0000  0.0000
      *d1-     0.0001  0.0001  0.0002  0.0000  0.0000  0.0006  0.0002 -0.0000  0.0002  0.0000  0.0000  0.0006
      *d2-    -0.0000  0.0002 -0.0000  0.0000 -0.0000  0.0000  0.0000  0.0002 -0.0000 -0.0000  0.0000 -0.0000
      *f3+     0.0000  0.0000  0.0000  0.0000 -0.0000  0.0000  0.0000  0.0000  0.0000 -0.0000  0.0000  0.0000
      *f2+     0.0000  0.0000  0.0000  0.0000  0.0000  0.0000  0.0000  0.0000  0.0000  0.0000  0.0000  0.0000
      *f1+     0.0000  0.0000  0.0000  0.0000  0.0000  0.0000  0.0000  0.0000  0.0000  0.0000  0.0000  0.0000
      *f0      0.0000  0.0000  0.0000 -0.0000 -0.0000  0.0000  0.0000  0.0000  0.0000 -0.0000 -0.0000  0.0000
      *f1-     0.0000  0.0000  0.0000  0.0000  0.0000  0.0000  0.0000  0.0000  0.0000  0.0000  0.0000  0.0000
      *f2-    -0.0000  0.0000  0.0000  0.0000  0.0000  0.0000  0.0000  0.0000  0.0000  0.0000  0.0000  0.0000
      *f3-    -0.0000 -0.0000 -0.0000  0.0000  0.0000  0.0000  0.0000  0.0000  0.0000  0.0000  0.0000  0.0000
      Total   -0.0081 -0.0086 -0.0017  0.0062  0.0052 -0.0028 -0.0012 -0.0013 -0.0028  0.0052  0.0062 -0.0018

                H25     H26     H27     H28     H29     H30     H31     H32     H33     H34     H35     H36   
      1s       0.0001  0.0000  0.0000  0.0000  0.0000  0.0000  0.0001  0.0001  0.0000  0.0000  0.0000  0.0000
      2s       0.0000  0.0000  0.0000  0.0000  0.0000  0.0000  0.0000  0.0000  0.0000  0.0000  0.0000  0.0000
      2px      0.0000  0.0000  0.0000  0.0000  0.0000  0.0000  0.0000  0.0000  0.0000  0.0000  0.0000  0.0000
      2pz      0.0000  0.0000  0.0000  0.0000  0.0000  0.0000  0.0000  0.0000  0.0000  0.0000  0.0000  0.0000
      2py      0.0000  0.0000  0.0000  0.0000  0.0000  0.0000  0.0000  0.0000  0.0000  0.0000  0.0000  0.0000
      3s       0.0000  0.0000  0.0000  0.0000  0.0000  0.0000  0.0000  0.0000  0.0000  0.0000  0.0000  0.0000
      3px      0.0000  0.0000  0.0000  0.0000  0.0000  0.0000  0.0000  0.0000  0.0000  0.0000  0.0000  0.0000
      3pz      0.0000  0.0000  0.0000  0.0000  0.0000  0.0000  0.0000  0.0000  0.0000  0.0000  0.0000  0.0000
      3py      0.0000  0.0000  0.0000  0.0000  0.0000  0.0000  0.0000  0.0000  0.0000  0.0000  0.0000  0.0000
      4s       0.0000  0.0000  0.0000  0.0000  0.0000  0.0000  0.0000  0.0000  0.0000  0.0000  0.0000  0.0000
      3d2+     0.0000  0.0000  0.0000  0.0000  0.0000  0.0000  0.0000  0.0000  0.0000  0.0000  0.0000  0.0000
      3d1+     0.0000  0.0000  0.0000  0.0000  0.0000  0.0000  0.0000  0.0000  0.0000  0.0000  0.0000  0.0000
      3d0      0.0000  0.0000  0.0000  0.0000  0.0000  0.0000  0.0000  0.0000  0.0000  0.0000  0.0000  0.0000
      3d1-     0.0000  0.0000  0.0000  0.0000  0.0000  0.0000  0.0000  0.0000  0.0000  0.0000  0.0000  0.0000
      3d2-     0.0000  0.0000  0.0000  0.0000  0.0000  0.0000  0.0000  0.0000  0.0000  0.0000  0.0000  0.0000
      *s      -0.0007 -0.0007 -0.0000 -0.0000 -0.0000 -0.0000 -0.0008 -0.0008 -0.0000 -0.0000 -0.0000 -0.0000
      *px      0.0000  0.0000  0.0000  0.0000  0.0000  0.0000  0.0000  0.0000  0.0000  0.0000  0.0000  0.0000
      *pz      0.0000  0.0000  0.0000  0.0000  0.0000  0.0000  0.0001  0.0001  0.0000  0.0000  0.0000  0.0000
      *py      0.0000  0.0000  0.0000  0.0000  0.0000 -0.0000  0.0000  0.0000  0.0000  0.0000  0.0000  0.0000
      *d2+     0.0000  0.0000  0.0000  0.0000  0.0000  0.0000  0.0000  0.0000  0.0000  0.0000  0.0000  0.0000
      *d1+     0.0000  0.0000  0.0000  0.0000  0.0000  0.0000  0.0000  0.0000  0.0000  0.0000  0.0000  0.0000
      *d0      0.0000  0.0000  0.0000  0.0000  0.0000  0.0000  0.0000  0.0000  0.0000  0.0000  0.0000  0.0000
      *d1-     0.0000  0.0000  0.0000  0.0000  0.0000  0.0000  0.0000  0.0000  0.0000  0.0000  0.0000  0.0000
      *d2-     0.0000  0.0000  0.0000  0.0000  0.0000  0.0000  0.0000  0.0000  0.0000  0.0000  0.0000  0.0000
      *f3+     0.0000  0.0000  0.0000  0.0000  0.0000  0.0000  0.0000  0.0000  0.0000  0.0000  0.0000  0.0000
      *f2+     0.0000  0.0000  0.0000  0.0000  0.0000  0.0000  0.0000  0.0000  0.0000  0.0000  0.0000  0.0000
      *f1+     0.0000  0.0000  0.0000  0.0000  0.0000  0.0000  0.0000  0.0000  0.0000  0.0000  0.0000  0.0000
      *f0      0.0000  0.0000  0.0000  0.0000  0.0000  0.0000  0.0000  0.0000  0.0000  0.0000  0.0000  0.0000
      *f1-     0.0000  0.0000  0.0000  0.0000  0.0000  0.0000  0.0000  0.0000  0.0000  0.0000  0.0000  0.0000
      *f2-     0.0000  0.0000  0.0000  0.0000  0.0000  0.0000  0.0000  0.0000  0.0000  0.0000  0.0000  0.0000
      *f3-     0.0000  0.0000  0.0000  0.0000  0.0000  0.0000  0.0000  0.0000  0.0000  0.0000  0.0000  0.0000
      Total   -0.0006 -0.0006 -0.0000  0.0000  0.0000  0.0000 -0.0006 -0.0006  0.0000  0.0000  0.0000 -0.0000

                NI37    NI38  
      1s       0.0000  0.0000
      2s       0.0000  0.0000
      2px      0.0000  0.0000
      2pz      0.0000  0.0000
      2py      0.0000  0.0000
      3s       0.0026  0.0028
      3px      0.0000  0.0001
      3pz      0.0010  0.0011
      3py      0.0000  0.0001
      4s      -0.0044 -0.0048
      3d2+     0.0115  0.0057
      3d1+     0.0749  0.2178
      3d0      0.0004  0.0006
      3d1-     0.2047  0.0768
      3d2-     0.0040  0.0019
      *s       0.3967  0.4302
      *px      0.0002  0.0010
      *pz      0.0188  0.0202
      *py     -0.0005  0.0004
      *d2+     0.0114  0.0059
      *d1+     0.0718  0.1946
      *d0      0.0006  0.0008
      *d1-     0.1979  0.0687
      *d2-     0.0038  0.0019
      *f3+     0.0000  0.0000
      *f2+     0.0000  0.0000
      *f1+     0.0000  0.0000
      *f0      0.0000  0.0000
      *f1-     0.0000  0.0000
      *f2-     0.0000  0.0000
      *f3-     0.0000  0.0000
      Total    0.9953  1.0259

      Total electronic spin=    2.000000
--



      Input file to MOLDEN was generated!


      Input file to MOLDEN was generated!


      Input file to MOLDEN was generated!


      Input file to MOLDEN was generated!


      Input file to MOLDEN was generated!


      Input file to MOLDEN was generated!

      Canonical orbitals are written to the RASORB file
      Natural orbitals for root   1 are written to the RASORB.1 file
      Natural orbitals for root   2 are written to the RASORB.2 file
      Natural orbitals for root   3 are written to the RASORB.3 file
      Natural orbitals for root   4 are written to the RASORB.4 file
      Natural orbitals for root   5 are written to the RASORB.5 file
      Spin density orbitals for root   1 are written to the SPDORB.1 file
      Spin density orbitals for root   2 are written to the SPDORB.2 file
      Spin density orbitals for root   3 are written to the SPDORB.3 file
      Spin density orbitals for root   4 are written to the SPDORB.4 file
      Spin density orbitals for root   5 are written to the SPDORB.5 file

Note: The following floating-point exceptions are signalling: IEEE_UNDERFLOW_FLAG IEEE_DENORMAL
--- Stop Module: rasscf at Sun Jun 28 00:38:14 2026 /rc=_RC_ALL_IS_WELL_ ---
*** files: caspt2_T.rasscf.molden caspt2_T.rasscf.molden.1 caspt2_T.rasscf.molden.2 caspt2_T.rasscf.molden.3 caspt2_T.rasscf.molden.4 caspt2_T.rasscf.molden.5 caspt2_T.RasOrb
           caspt2_T.RasOrb.1 caspt2_T.RasOrb.2 caspt2_T.RasOrb.3 caspt2_T.RasOrb.4 caspt2_T.RasOrb.5 caspt2_T.rasscf.h5 caspt2_T.SpdOrb.1 caspt2_T.SpdOrb.2 caspt2_T.SpdOrb.3
           caspt2_T.SpdOrb.4 caspt2_T.SpdOrb.5 xmldump
    saved to directory <scratch-path-omitted>
--- Module rasscf spent 44 minutes 24 seconds ---

*** symbolic link created: INPORB -> caspt2_T.RasOrb
--- Start Module: caspt2 at Sun Jun 28 00:38:14 2026 ---

()()()()()()()()()()()()()()()()()()()()()()()()()()()()()()()()()()()()()()()()()()()()()()()()()()

                                              &CASPT2

                       only a single process is used, running in SERIAL mode
                       available to each process: 12 GB of memory, 1 thread?
                                            pid: 2561457
()()()()()()()()()()()()()()()()()()()()()()()()()()()()()()()()()()()()()()()()()()()()()()()()()()


++    Wave function specifications:
      -----------------------------

      Number of closed shell electrons         128
      Number of electrons in active shells      12
      Max number of holes in RAS1 space          0
      Max number of electrons in RAS3 space      0
      Number of inactive orbitals               64
      Number of active orbitals                 12
      Number of secondary orbitals             794
      Spin quantum number                      1.0
      State symmetry                             1
      Number of CSFs                        382239
      Number of CASSCF root(s) available         5
      CASPT2 state passed to geometry opt.       5
      A file JOBMIX will be created
      This is a MULTI-STATE CASSCF reference
      Number of CI roots used                    5
      These are:                                 1   2   3   4   5
      Off-diagonal elements of Heff are computed
--

++    Orbital specifications:
      -----------------------

      Symmetry species                           1
                                                 a
      Frozen orbitals                           36
      Inactive orbitals                         64
      Active orbitals                           12
      Secondary orbitals                       794
      Deleted orbitals                           0
      Number of basis functions                906
--

++    CASPT2 specifications:
      ----------------------

      Type of calculation                        MS-CASPT2
      Fock operator                              state-specific
      IPEA shift                                 0.25
      Real shift                                 0.00
      Imaginary shift                            0.20
      The input orbitals will be transformed to quasi-canonical
--

--------------------------------------------------------------------------------
 Estimated memory requirements:
  POLY3 :                 91611449
  RHS:                  1316236000
  SIGMA :               1313208400
  PRPCTL:                        0
 Available workspace:   1348242150

++ CASPT2 computation for group   1

********************************************************************************
 Multi-State initialization phase begins for group   1
--------------------------------------------------------------------------------
********************************************************************************
 Compute H0 matrices for state    1
--------------------------------------------------------------------------------
--------------------------------------------------------------------------------
 H0 matrices have been computed.

********************************************************************************
  CASPT2 EQUATION SOLUTION
--------------------------------------------------------------------------------

  Total nr of CASPT2 parameters:
   Before reduction:  1876168956
   After  reduction:  1876168956

 Variance of |WF0>:      23.3452211637

 The contributions to the second order correlation energy in atomic units.
-----------------------------------------------------------------------------------------------------------------------------
  IT.      VJTU        VJTI        ATVX        AIVX        VJAI        BVAT        BJAT        BJAI        TOTAL       RNORM  
-----------------------------------------------------------------------------------------------------------------------------
   1    -0.029704   -0.029964   -0.013229   -0.135088   -0.387330   -0.094137   -0.745881   -3.515264   -4.950598    0.012427
   2    -0.030756   -0.030085   -0.013372   -0.135857   -0.387717   -0.094441   -0.747100   -3.516003   -4.955330    0.002133
   3    -0.030801   -0.030096   -0.013386   -0.135869   -0.387739   -0.094478   -0.747209   -3.516057   -4.955636    0.000282
   4    -0.030812   -0.030094   -0.013383   -0.135848   -0.387727   -0.094472   -0.747168   -3.516031   -4.955534    0.000039
   5    -0.030813   -0.030094   -0.013383   -0.135847   -0.387727   -0.094471   -0.747167   -3.516030   -4.955531    0.000006
-----------------------------------------------------------------------------------------------------------------------------

  FINAL CASPT2 RESULT:

      Reference energy:       -3929.6948898884
      E2 (Non-variational):      -4.9555327837
      Shift correction:          -0.0320811111
      E2 (Variational):          -4.9876138948
      Total energy:           -3934.6825037832
      Residual norm:              0.0000009668
      Reference weight:           0.38251

      Contributions to the CASPT2 correlation energy
      Active & Virtual Only:         -0.1078541275
      One Inactive Excited:          -0.9138271941
      Two Inactive Excited:          -3.9338514621


++ Denominators, etc.
--------------------------------------------------------------------------------------------------------------
 Report on small energy denominators, large coefficients, and large energy contributions.
CASE  SYMM ACTIVE-MIX  NON-ACTIVE INDICES          DENOMINATOR     RHS VALUE       COEFFICIENT     CONTRIBUTION
VJTU     1  Mu1.0002  In1.092                       0.39161044      0.03637263     -0.06894148     -0.00250758
VJTU     1  Mu1.0003  In1.092                       0.40601902      0.02546155     -0.04935441     -0.00125664
VJTU     1  Mu1.0002  In1.096                       0.37735443     -0.05274655      0.10536247     -0.00555751
VJTU     1  Mu1.0003  In1.096                       0.39176300     -0.03589439      0.06619092     -0.00237588
VJTU     1  Mu1.0002  In1.099                       0.35019168     -0.02201960      0.04369726     -0.00096220
VJTU     1  Mu1.0003  In1.099                       0.36460026     -0.01421953      0.02998762     -0.00042641
VJTU     1  Mu1.0175  In1.100                       0.76014660     -0.02431462      0.03055040     -0.00074282
ATVX     1  Mu1.0001  Se1.113                       0.10835566     -0.00001331     -0.00044608      0.00000001
ATVX     1  Mu1.0002  Se1.113                       0.10964423      0.00000005      0.00009385      0.00000000
ATVX     1  Mu1.0003  Se1.113                       0.12054337      0.00119359     -0.00284129     -0.00000339
ATVX     1  Mu1.0004  Se1.113                       0.12814332      0.00005329     -0.00010855     -0.00000001
ATVX     1  Mu1.0005  Se1.113                       0.14099011      0.00022996     -0.00061323     -0.00000014
ATVX     1  Mu1.0006  Se1.113                       0.15556001     -0.00001491      0.00004516     -0.00000000
ATVX     1  Mu1.0007  Se1.113                       0.16420645      0.00000613      0.00017225      0.00000000
ATVX     1  Mu1.0008  Se1.113                       0.18021270      0.00003113     -0.00009564     -0.00000000
ATVX     1  Mu1.0009  Se1.113                       0.18282222     -0.00016647      0.00042497     -0.00000007
ATVX     1  Mu1.0010  Se1.113                       0.18845117      0.00003264     -0.00008883     -0.00000000
ATVX     1  Mu1.0011  Se1.113                       0.20147636      0.00005007     -0.00013419     -0.00000001
ATVX     1  Mu1.0012  Se1.113                       0.20386554     -0.00001213      0.00003160     -0.00000000
ATVX     1  Mu1.0013  Se1.113                       0.20537847      0.00000282     -0.00000539     -0.00000000
ATVX     1  Mu1.0014  Se1.113                       0.21283605      0.00004260     -0.00011765     -0.00000001
ATVX     1  Mu1.0015  Se1.113                       0.22071836      0.00007959     -0.00027739     -0.00000002
ATVX     1  Mu1.0016  Se1.113                       0.22257754     -0.00001482      0.00004057     -0.00000000
ATVX     1  Mu1.0017  Se1.113                       0.22386715     -0.00043893      0.00119097     -0.00000052
ATVX     1  Mu1.0018  Se1.113                       0.23163023     -0.00003860      0.00010058     -0.00000000
ATVX     1  Mu1.0019  Se1.113                       0.23427008     -0.00160301      0.00411999     -0.00000660
ATVX     1  Mu1.0020  Se1.113                       0.23650169      0.00002752     -0.00007480     -0.00000000
ATVX     1  Mu1.0021  Se1.113                       0.23977944     -0.00001623      0.00003672     -0.00000000
ATVX     1  Mu1.0022  Se1.113                       0.24287815     -0.00016101      0.00023285     -0.00000004
ATVX     1  Mu1.0023  Se1.113                       0.24510931      0.00009731     -0.00022370     -0.00000002
ATVX     1  Mu1.0024  Se1.113                       0.24602438      0.00001266     -0.00000987     -0.00000000
ATVX     1  Mu1.0025  Se1.113                       0.25075947      0.00000412     -0.00000821     -0.00000000
ATVX     1  Mu1.0026  Se1.113                       0.25553149     -0.00000899      0.00001351     -0.00000000
ATVX     1  Mu1.0027  Se1.113                       0.25769741      0.00002918     -0.00007844     -0.00000000
ATVX     1  Mu1.0028  Se1.113                       0.25997460     -0.00000027      0.00000007     -0.00000000
ATVX     1  Mu1.0029  Se1.113                       0.26129198      0.00000138     -0.00000614     -0.00000000
ATVX     1  Mu1.0030  Se1.113                       0.26384117      0.00002055     -0.00003877     -0.00000000
ATVX     1  Mu1.0031  Se1.113                       0.26645561      0.00000508     -0.00001239     -0.00000000
ATVX     1  Mu1.0032  Se1.113                       0.27100814      0.00007881     -0.00018143     -0.00000001
ATVX     1  Mu1.0033  Se1.113                       0.27232906     -0.00011484      0.00025811     -0.00000003
ATVX     1  Mu1.0034  Se1.113                       0.27350230      0.00003203     -0.00005805     -0.00000000
ATVX     1  Mu1.0035  Se1.113                       0.27447575      0.00001604     -0.00004233     -0.00000000
ATVX     1  Mu1.0036  Se1.113                       0.27643156     -0.00001324      0.00003140     -0.00000000
ATVX     1  Mu1.0037  Se1.113                       0.27775497      0.00010979     -0.00030313     -0.00000003
ATVX     1  Mu1.0038  Se1.113                       0.27786140     -0.00000801      0.00002227     -0.00000000
ATVX     1  Mu1.0039  Se1.113                       0.28314123      0.00060742     -0.00144355     -0.00000088
ATVX     1  Mu1.0040  Se1.113                       0.28528900      0.00003751     -0.00009078     -0.00000000
ATVX     1  Mu1.0041  Se1.113                       0.29362039     -0.00088808      0.00204830     -0.00000182
ATVX     1  Mu1.0042  Se1.113                       0.29519538     -0.00001787      0.00003967     -0.00000000
ATVX     1  Mu1.0043  Se1.113                       0.29750415     -0.00000004     -0.00000105      0.00000000
ATVX     1  Mu1.0044  Se1.113                       0.29946541     -0.00029873      0.00066876     -0.00000020
ATVX     1  Mu1.0045  Se1.113                       0.29985531      0.00006552     -0.00013284     -0.00000001
ATVX     1  Mu1.0001  Se1.114                       0.14204847      0.00001720     -0.00003876     -0.00000000
ATVX     1  Mu1.0002  Se1.114                       0.14333704     -0.00000504      0.00000824     -0.00000000
ATVX     1  Mu1.0003  Se1.114                       0.15423619      0.00006711     -0.00017574     -0.00000001
ATVX     1  Mu1.0004  Se1.114                       0.16183614      0.00001848     -0.00004565     -0.00000000
ATVX     1  Mu1.0005  Se1.114                       0.17468293      0.00000672     -0.00001663     -0.00000000
ATVX     1  Mu1.0006  Se1.114                       0.18925282      0.00000253     -0.00000646     -0.00000000
ATVX     1  Mu1.0007  Se1.114                       0.19789927     -0.00000209      0.00000925     -0.00000000
ATVX     1  Mu1.0008  Se1.114                       0.21390552      0.00000629     -0.00001654     -0.00000000
ATVX     1  Mu1.0009  Se1.114                       0.21651504     -0.00000424      0.00000987     -0.00000000
ATVX     1  Mu1.0010  Se1.114                       0.22214398     -0.00000027      0.00000103     -0.00000000
ATVX     1  Mu1.0011  Se1.114                       0.23516917     -0.00001674      0.00004373     -0.00000000
ATVX     1  Mu1.0012  Se1.114                       0.23755835      0.00115184     -0.00291409     -0.00000336
ATVX     1  Mu1.0013  Se1.114                       0.23907129     -0.00010417      0.00026325     -0.00000003
ATVX     1  Mu1.0014  Se1.114                       0.24652887     -0.00000385      0.00001045     -0.00000000
ATVX     1  Mu1.0015  Se1.114                       0.25441118      0.00000547     -0.00001230     -0.00000000
ATVX     1  Mu1.0016  Se1.114                       0.25627035      0.00001372     -0.00003623     -0.00000000
ATVX     1  Mu1.0017  Se1.114                       0.25755997     -0.00001313      0.00002957     -0.00000000
ATVX     1  Mu1.0018  Se1.114                       0.26532304      0.00000625     -0.00001655     -0.00000000
ATVX     1  Mu1.0019  Se1.114                       0.26796290     -0.00001496      0.00004077     -0.00000000
ATVX     1  Mu1.0020  Se1.114                       0.27019451      0.00000537     -0.00001444     -0.00000000
ATVX     1  Mu1.0021  Se1.114                       0.27347225      0.00011493     -0.00023839     -0.00000003
ATVX     1  Mu1.0022  Se1.114                       0.27657096     -0.00001247      0.00002528     -0.00000000
ATVX     1  Mu1.0023  Se1.114                       0.27880212     -0.00000383      0.00001019     -0.00000000
ATVX     1  Mu1.0024  Se1.114                       0.27971719      0.00001856     -0.00004517     -0.00000000
ATVX     1  Mu1.0025  Se1.114                       0.28445228     -0.00006782      0.00016447     -0.00000001
ATVX     1  Mu1.0026  Se1.114                       0.28922430     -0.00075985      0.00181961     -0.00000138
ATVX     1  Mu1.0027  Se1.114                       0.29139023     -0.00004417      0.00010378     -0.00000000
ATVX     1  Mu1.0028  Se1.114                       0.29366741     -0.00017743      0.00042455     -0.00000008
ATVX     1  Mu1.0029  Se1.114                       0.29498480     -0.00011768      0.00028250     -0.00000003
ATVX     1  Mu1.0030  Se1.114                       0.29753398      0.00046231     -0.00111260     -0.00000051
ATVX     1  Mu1.0001  Se1.115                       0.14609820     -0.00004869     -0.00037313      0.00000002
ATVX     1  Mu1.0002  Se1.115                       0.14738677      0.00001293      0.00006781      0.00000000
ATVX     1  Mu1.0003  Se1.115                       0.15828591      0.00104755     -0.00228621     -0.00000239
ATVX     1  Mu1.0004  Se1.115                       0.16588586      0.00005618     -0.00012540     -0.00000001
ATVX     1  Mu1.0005  Se1.115                       0.17873265      0.00039014     -0.00093296     -0.00000036
ATVX     1  Mu1.0006  Se1.115                       0.19330254     -0.00002633      0.00006617     -0.00000000
ATVX     1  Mu1.0007  Se1.115                       0.20194899      0.00017116     -0.00034426     -0.00000006
ATVX     1  Mu1.0008  Se1.115                       0.21795524      0.00007031     -0.00019357     -0.00000001
ATVX     1  Mu1.0009  Se1.115                       0.22056476     -0.00041382      0.00109720     -0.00000045
ATVX     1  Mu1.0010  Se1.115                       0.22619371      0.00004347     -0.00011803     -0.00000001
ATVX     1  Mu1.0011  Se1.115                       0.23921889      0.00021582     -0.00058480     -0.00000013
ATVX     1  Mu1.0012  Se1.115                       0.24160808     -0.00000015     -0.00000165      0.00000000
ATVX     1  Mu1.0013  Se1.115                       0.24312101      0.00000274     -0.00000618     -0.00000000
ATVX     1  Mu1.0014  Se1.115                       0.25057859      0.00001942     -0.00005335     -0.00000000
ATVX     1  Mu1.0015  Se1.115                       0.25846090      0.00020140     -0.00058579     -0.00000012
ATVX     1  Mu1.0016  Se1.115                       0.26032008     -0.00000419      0.00001182     -0.00000000
ATVX     1  Mu1.0017  Se1.115                       0.26160969     -0.00005703      0.00021425     -0.00000001
ATVX     1  Mu1.0018  Se1.115                       0.26937277     -0.00002588      0.00007356     -0.00000000
ATVX     1  Mu1.0019  Se1.115                       0.27201262     -0.00044038      0.00115161     -0.00000051
ATVX     1  Mu1.0020  Se1.115                       0.27424423      0.00000810     -0.00002240     -0.00000000
ATVX     1  Mu1.0021  Se1.115                       0.27752198      0.00000589     -0.00002188     -0.00000000
ATVX     1  Mu1.0022  Se1.115                       0.28062068      0.00035164     -0.00099727     -0.00000035
ATVX     1  Mu1.0023  Se1.115                       0.28285184     -0.00002365      0.00007561     -0.00000000
ATVX     1  Mu1.0024  Se1.115                       0.28376692     -0.00005059      0.00014351     -0.00000001
ATVX     1  Mu1.0025  Se1.115                       0.28850200     -0.00000190      0.00000551     -0.00000000
ATVX     1  Mu1.0026  Se1.115                       0.29327402     -0.00000823      0.00001385     -0.00000000
ATVX     1  Mu1.0027  Se1.115                       0.29543995      0.00000172     -0.00000697     -0.00000000
ATVX     1  Mu1.0028  Se1.115                       0.29771714     -0.00000268      0.00000550     -0.00000000
ATVX     1  Mu1.0029  Se1.115                       0.29903452     -0.00000293      0.00000661     -0.00000000
ATVX     1  Mu1.0001  Se1.116                       0.15132663     -0.00006566      0.00029840     -0.00000002
ATVX     1  Mu1.0002  Se1.116                       0.15261520     -0.00038530      0.00174322     -0.00000067
ATVX     1  Mu1.0003  Se1.116                       0.16351434     -0.00004372      0.00008278     -0.00000000
ATVX     1  Mu1.0004  Se1.116                       0.17111429      0.00057596     -0.00105242     -0.00000061
ATVX     1  Mu1.0005  Se1.116                       0.18396108      0.00000239     -0.00001971     -0.00000000
ATVX     1  Mu1.0006  Se1.116                       0.19853098     -0.00012085      0.00017876     -0.00000002
ATVX     1  Mu1.0007  Se1.116                       0.20717742      0.00002242     -0.00006054     -0.00000000
ATVX     1  Mu1.0008  Se1.116                       0.22318367      0.00019474     -0.00049961     -0.00000010
ATVX     1  Mu1.0009  Se1.116                       0.22579319      0.00006258     -0.00015913     -0.00000001
ATVX     1  Mu1.0010  Se1.116                       0.23142214      0.00028018     -0.00071516     -0.00000020
ATVX     1  Mu1.0011  Se1.116                       0.24444733      0.00002396     -0.00006296     -0.00000000
ATVX     1  Mu1.0012  Se1.116                       0.24683651      0.00000145     -0.00000632     -0.00000000
ATVX     1  Mu1.0013  Se1.116                       0.24834944      0.00001527     -0.00004306     -0.00000000
ATVX     1  Mu1.0014  Se1.116                       0.25580702      0.00069948     -0.00176810     -0.00000124
ATVX     1  Mu1.0015  Se1.116                       0.26368933      0.00006304     -0.00016511     -0.00000001
ATVX     1  Mu1.0016  Se1.116                       0.26554851     -0.00001122      0.00002500     -0.00000000
ATVX     1  Mu1.0017  Se1.116                       0.26683812      0.00005161     -0.00013024     -0.00000001
ATVX     1  Mu1.0018  Se1.116                       0.27460120      0.00086665     -0.00218115     -0.00000189
ATVX     1  Mu1.0019  Se1.116                       0.27724105     -0.00000692      0.00001676     -0.00000000
ATVX     1  Mu1.0020  Se1.116                       0.27947266      0.00011027     -0.00024906     -0.00000003
ATVX     1  Mu1.0021  Se1.116                       0.28275041      0.00000372     -0.00000924     -0.00000000
ATVX     1  Mu1.0022  Se1.116                       0.28584911      0.00000790     -0.00001285     -0.00000000
ATVX     1  Mu1.0023  Se1.116                       0.28808028     -0.00013127      0.00031071     -0.00000004
ATVX     1  Mu1.0024  Se1.116                       0.28899535      0.00014651     -0.00030643     -0.00000004
ATVX     1  Mu1.0025  Se1.116                       0.29373043     -0.00000496      0.00000780     -0.00000000
ATVX     1  Mu1.0026  Se1.116                       0.29850246     -0.00000279      0.00001555     -0.00000000
ATVX     1  Mu1.0001  Se1.117                       0.15470247     -0.00000030      0.00000051     -0.00000000
ATVX     1  Mu1.0002  Se1.117                       0.15599104     -0.00000095      0.00000319     -0.00000000
ATVX     1  Mu1.0003  Se1.117                       0.16689019     -0.00000063      0.00000138     -0.00000000
ATVX     1  Mu1.0004  Se1.117                       0.17449014     -0.00000376      0.00000886     -0.00000000
ATVX     1  Mu1.0005  Se1.117                       0.18733693     -0.00000009      0.00000015     -0.00000000
ATVX     1  Mu1.0006  Se1.117                       0.20190682      0.00000050     -0.00000068     -0.00000000
ATVX     1  Mu1.0007  Se1.117                       0.21055327      0.00000051     -0.00000151     -0.00000000
ATVX     1  Mu1.0008  Se1.117                       0.22655952      0.00000196     -0.00000488     -0.00000000
ATVX     1  Mu1.0009  Se1.117                       0.22916904      0.00000034     -0.00000085     -0.00000000
ATVX     1  Mu1.0010  Se1.117                       0.23479798      0.00000138     -0.00000353     -0.00000000
ATVX     1  Mu1.0011  Se1.117                       0.24782317      0.00000048     -0.00000110     -0.00000000
ATVX     1  Mu1.0012  Se1.117                       0.25021235     -0.00000263      0.00000571     -0.00000000
ATVX     1  Mu1.0013  Se1.117                       0.25172528     -0.00000660      0.00001129     -0.00000000
ATVX     1  Mu1.0014  Se1.117                       0.25918286     -0.00000072      0.00000199     -0.00000000
ATVX     1  Mu1.0015  Se1.117                       0.26706517     -0.00000220      0.00000535     -0.00000000
ATVX     1  Mu1.0016  Se1.117                       0.26892435     -0.00027295      0.00065430     -0.00000018
ATVX     1  Mu1.0017  Se1.117                       0.27021396      0.00000775     -0.00001849     -0.00000000
ATVX     1  Mu1.0018  Se1.117                       0.27797704     -0.00000164      0.00000439     -0.00000000
ATVX     1  Mu1.0019  Se1.117                       0.28061689     -0.00000073      0.00000183     -0.00000000
ATVX     1  Mu1.0020  Se1.117                       0.28284850      0.00000416     -0.00000978     -0.00000000
ATVX     1  Mu1.0021  Se1.117                       0.28612625     -0.00001735      0.00004084     -0.00000000
ATVX     1  Mu1.0022  Se1.117                       0.28922496      0.00000126     -0.00000304     -0.00000000
ATVX     1  Mu1.0023  Se1.117                       0.29145612      0.00000023     -0.00000056     -0.00000000
ATVX     1  Mu1.0024  Se1.117                       0.29237119      0.00000655     -0.00001554     -0.00000000
ATVX     1  Mu1.0025  Se1.117                       0.29710628      0.00009899     -0.00023770     -0.00000002
ATVX     1  Mu1.0001  Se1.118                       0.16381738     -0.00000508     -0.00009529      0.00000000
ATVX     1  Mu1.0002  Se1.118                       0.16510595      0.00001535     -0.00001937     -0.00000000
ATVX     1  Mu1.0003  Se1.118                       0.17600510      0.00075161     -0.00148717     -0.00000112
ATVX     1  Mu1.0004  Se1.118                       0.18360505      0.00002982     -0.00006450     -0.00000000
ATVX     1  Mu1.0005  Se1.118                       0.19645184      0.00034488     -0.00076211     -0.00000026
ATVX     1  Mu1.0006  Se1.118                       0.21102173     -0.00001969      0.00004848     -0.00000000
ATVX     1  Mu1.0007  Se1.118                       0.21966818      0.00008437     -0.00015867     -0.00000001
ATVX     1  Mu1.0008  Se1.118                       0.23567443      0.00005715     -0.00014749     -0.00000001
ATVX     1  Mu1.0009  Se1.118                       0.23828395     -0.00035739      0.00089557     -0.00000032
ATVX     1  Mu1.0010  Se1.118                       0.24391290      0.00002875     -0.00007539     -0.00000000
ATVX     1  Mu1.0011  Se1.118                       0.25693808      0.00016491     -0.00044979     -0.00000007
ATVX     1  Mu1.0012  Se1.118                       0.25932726      0.00000718     -0.00001958     -0.00000000
ATVX     1  Mu1.0013  Se1.118                       0.26084020      0.00000110     -0.00000222     -0.00000000
ATVX     1  Mu1.0014  Se1.118                       0.26829778     -0.00000235      0.00000435     -0.00000000
ATVX     1  Mu1.0015  Se1.118                       0.27618009      0.00012842     -0.00039064     -0.00000005
ATVX     1  Mu1.0016  Se1.118                       0.27803926     -0.00000130      0.00000400     -0.00000000
ATVX     1  Mu1.0017  Se1.118                       0.27932888     -0.00000324      0.00005025     -0.00000000
ATVX     1  Mu1.0018  Se1.118                       0.28709196     -0.00003310      0.00008864     -0.00000000
ATVX     1  Mu1.0019  Se1.118                       0.28973181     -0.00017176      0.00049335     -0.00000008
ATVX     1  Mu1.0020  Se1.118                       0.29196342      0.00000399     -0.00001184     -0.00000000
ATVX     1  Mu1.0021  Se1.118                       0.29524116      0.00001006     -0.00002735     -0.00000000
ATVX     1  Mu1.0022  Se1.118                       0.29833987      0.00033631     -0.00085504     -0.00000029
ATVX     1  Mu1.0001  Se1.119                       0.16420758     -0.00000522      0.00001741     -0.00000000
ATVX     1  Mu1.0002  Se1.119                       0.16549615      0.00000240     -0.00000812     -0.00000000
ATVX     1  Mu1.0003  Se1.119                       0.17639530      0.00000380     -0.00001088     -0.00000000
ATVX     1  Mu1.0004  Se1.119                       0.18399525      0.00000165     -0.00000326     -0.00000000
ATVX     1  Mu1.0005  Se1.119                       0.19684204     -0.00000405      0.00001094     -0.00000000
ATVX     1  Mu1.0006  Se1.119                       0.21141193      0.00000113     -0.00000270     -0.00000000
ATVX     1  Mu1.0007  Se1.119                       0.22005838     -0.00000179      0.00000477     -0.00000000
ATVX     1  Mu1.0008  Se1.119                       0.23606463      0.00000182     -0.00000432     -0.00000000
ATVX     1  Mu1.0009  Se1.119                       0.23867415      0.00000186     -0.00000523     -0.00000000
ATVX     1  Mu1.0010  Se1.119                       0.24430309     -0.00000070      0.00000198     -0.00000000
ATVX     1  Mu1.0011  Se1.119                       0.25732828     -0.00000852      0.00002115     -0.00000000
ATVX     1  Mu1.0012  Se1.119                       0.25971746      0.00047690     -0.00116286     -0.00000055
ATVX     1  Mu1.0013  Se1.119                       0.26123039     -0.00004714      0.00011434     -0.00000001
ATVX     1  Mu1.0014  Se1.119                       0.26868798     -0.00000259      0.00000673     -0.00000000
ATVX     1  Mu1.0015  Se1.119                       0.27657029      0.00000087     -0.00000157     -0.00000000
ATVX     1  Mu1.0016  Se1.119                       0.27842946      0.00000383     -0.00000983     -0.00000000
ATVX     1  Mu1.0017  Se1.119                       0.27971908     -0.00000282      0.00000626     -0.00000000
ATVX     1  Mu1.0018  Se1.119                       0.28748215      0.00000125     -0.00000323     -0.00000000
ATVX     1  Mu1.0019  Se1.119                       0.29012201      0.00000106     -0.00000250     -0.00000000
ATVX     1  Mu1.0020  Se1.119                       0.29235362      0.00000035     -0.00000104     -0.00000000
ATVX     1  Mu1.0021  Se1.119                       0.29563136      0.00010898     -0.00024000     -0.00000003
ATVX     1  Mu1.0022  Se1.119                       0.29873007     -0.00000792      0.00001867     -0.00000000
ATVX     1  Mu1.0001  Se1.120                       0.17037574      0.00000028     -0.00000142     -0.00000000
ATVX     1  Mu1.0002  Se1.120                       0.17166431     -0.00000469      0.00001478     -0.00000000
ATVX     1  Mu1.0003  Se1.120                       0.18256346     -0.00000104      0.00000222     -0.00000000
ATVX     1  Mu1.0004  Se1.120                       0.19016341     -0.00000663      0.00001416     -0.00000000
ATVX     1  Mu1.0005  Se1.120                       0.20301019     -0.00000001     -0.00000018      0.00000000
ATVX     1  Mu1.0006  Se1.120                       0.21758009      0.00000144     -0.00000270     -0.00000000
ATVX     1  Mu1.0007  Se1.120                       0.22622654      0.00000096     -0.00000275     -0.00000000
ATVX     1  Mu1.0008  Se1.120                       0.24223279      0.00000375     -0.00000944     -0.00000000
ATVX     1  Mu1.0009  Se1.120                       0.24484230      0.00000044     -0.00000112     -0.00000000
ATVX     1  Mu1.0010  Se1.120                       0.25047125      0.00000181     -0.00000493     -0.00000000
ATVX     1  Mu1.0011  Se1.120                       0.26349644      0.00000120     -0.00000285     -0.00000000
ATVX     1  Mu1.0012  Se1.120                       0.26588562      0.00000506     -0.00001341     -0.00000000
ATVX     1  Mu1.0013  Se1.120                       0.26739855     -0.00003540      0.00007988     -0.00000000
ATVX     1  Mu1.0014  Se1.120                       0.27485613     -0.00000090      0.00000189     -0.00000000
ATVX     1  Mu1.0015  Se1.120                       0.28273844     -0.00000404      0.00000947     -0.00000000
ATVX     1  Mu1.0016  Se1.120                       0.28459762     -0.00048530      0.00114107     -0.00000055
ATVX     1  Mu1.0017  Se1.120                       0.28588723      0.00001338     -0.00003130     -0.00000000
ATVX     1  Mu1.0018  Se1.120                       0.29365031     -0.00000337      0.00000890     -0.00000000
ATVX     1  Mu1.0019  Se1.120                       0.29629016     -0.00000157      0.00000351     -0.00000000
ATVX     1  Mu1.0020  Se1.120                       0.29852177      0.00000745     -0.00001675     -0.00000000
ATVX     1  Mu1.0001  Se1.121                       0.18006235      0.00000396     -0.00001209     -0.00000000
ATVX     1  Mu1.0002  Se1.121                       0.18135092     -0.00005442      0.00014616     -0.00000001
ATVX     1  Mu1.0003  Se1.121                       0.19225006      0.00000755     -0.00002183     -0.00000000
ATVX     1  Mu1.0004  Se1.121                       0.19985001      0.00002335     -0.00006818     -0.00000000
ATVX     1  Mu1.0005  Se1.121                       0.21269680      0.00000420     -0.00001092     -0.00000000
ATVX     1  Mu1.0006  Se1.121                       0.22726670      0.00000543     -0.00001233     -0.00000000
ATVX     1  Mu1.0007  Se1.121                       0.23591314      0.00000287     -0.00000728     -0.00000000
ATVX     1  Mu1.0008  Se1.121                       0.25191939      0.00000939     -0.00002435     -0.00000000
ATVX     1  Mu1.0009  Se1.121                       0.25452891     -0.00000019     -0.00000064      0.00000000
ATVX     1  Mu1.0010  Se1.121                       0.26015786      0.00000532     -0.00001509     -0.00000000
ATVX     1  Mu1.0011  Se1.121                       0.27318305      0.00000685     -0.00001670     -0.00000000
ATVX     1  Mu1.0012  Se1.121                       0.27557223     -0.00002283      0.00005368     -0.00000000
ATVX     1  Mu1.0013  Se1.121                       0.27708516     -0.00027589      0.00066138     -0.00000018
ATVX     1  Mu1.0014  Se1.121                       0.28454274      0.00002180     -0.00004600     -0.00000000
ATVX     1  Mu1.0015  Se1.121                       0.29242505     -0.00000462      0.00001213     -0.00000000
ATVX     1  Mu1.0016  Se1.121                       0.29428423     -0.00080108      0.00186366     -0.00000149
ATVX     1  Mu1.0017  Se1.121                       0.29557384      0.00002090     -0.00004902     -0.00000000
ATVX     1  Mu1.0001  Se1.122                       0.18861051     -0.00004840      0.00015049     -0.00000001
ATVX     1  Mu1.0002  Se1.122                       0.18989907     -0.00028247      0.00089898     -0.00000025
ATVX     1  Mu1.0003  Se1.122                       0.20079822     -0.00000854      0.00000336     -0.00000000
ATVX     1  Mu1.0004  Se1.122                       0.20839817      0.00037567     -0.00047877     -0.00000018
ATVX     1  Mu1.0005  Se1.122                       0.22124496      0.00000814     -0.00002290     -0.00000000
ATVX     1  Mu1.0006  Se1.122                       0.23581485     -0.00003685      0.00006235     -0.00000000
ATVX     1  Mu1.0007  Se1.122                       0.24446130      0.00001117     -0.00002726     -0.00000000
ATVX     1  Mu1.0008  Se1.122                       0.26046755      0.00009922     -0.00024449     -0.00000002
ATVX     1  Mu1.0009  Se1.122                       0.26307707      0.00002916     -0.00006698     -0.00000000
ATVX     1  Mu1.0010  Se1.122                       0.26870602      0.00023410     -0.00052029     -0.00000012
ATVX     1  Mu1.0011  Se1.122                       0.28173120      0.00000971     -0.00002317     -0.00000000
ATVX     1  Mu1.0012  Se1.122                       0.28412038      0.00000073     -0.00000294     -0.00000000
ATVX     1  Mu1.0013  Se1.122                       0.28563332      0.00000681     -0.00001832     -0.00000000
ATVX     1  Mu1.0014  Se1.122                       0.29309090      0.00024201     -0.00058611     -0.00000014
ATVX     1  Mu1.0001  Se1.123                       0.19009073     -0.00000631      0.00001299     -0.00000000
ATVX     1  Mu1.0002  Se1.123                       0.19137930      0.00002245     -0.00005042     -0.00000000
ATVX     1  Mu1.0003  Se1.123                       0.20227845     -0.00000711      0.00001773     -0.00000000
ATVX     1  Mu1.0004  Se1.123                       0.20987840     -0.00002953      0.00006877     -0.00000000
ATVX     1  Mu1.0005  Se1.123                       0.22272519     -0.00000370      0.00000800     -0.00000000
ATVX     1  Mu1.0006  Se1.123                       0.23729508     -0.00000073      0.00000498     -0.00000000
ATVX     1  Mu1.0007  Se1.123                       0.24594153      0.00000239     -0.00000788     -0.00000000
ATVX     1  Mu1.0008  Se1.123                       0.26194778      0.00001226     -0.00002929     -0.00000000
ATVX     1  Mu1.0009  Se1.123                       0.26455730      0.00000328     -0.00000751     -0.00000000
ATVX     1  Mu1.0010  Se1.123                       0.27018624      0.00000739     -0.00001619     -0.00000000
ATVX     1  Mu1.0011  Se1.123                       0.28321143      0.00000494     -0.00001067     -0.00000000
ATVX     1  Mu1.0012  Se1.123                       0.28560061      0.00000005     -0.00000554     -0.00000000
ATVX     1  Mu1.0013  Se1.123                       0.28711354     -0.00015548      0.00033135     -0.00000005
ATVX     1  Mu1.0014  Se1.123                       0.29457113     -0.00001492      0.00003328     -0.00000000
ATVX     1  Mu1.0001  Se1.124                       0.19764064      0.00086263     -0.00161589     -0.00000139
ATVX     1  Mu1.0002  Se1.124                       0.19892921     -0.00010359      0.00018860     -0.00000002
ATVX     1  Mu1.0003  Se1.124                       0.20982836      0.00178366     -0.00376797     -0.00000672
ATVX     1  Mu1.0004  Se1.124                       0.21742831      0.00007962     -0.00017843     -0.00000001
ATVX     1  Mu1.0005  Se1.124                       0.23027509      0.00094838     -0.00207591     -0.00000197
ATVX     1  Mu1.0006  Se1.124                       0.24484499     -0.00004999      0.00011515     -0.00000001
ATVX     1  Mu1.0007  Se1.124                       0.25349144     -0.00001843      0.00012745     -0.00000000
ATVX     1  Mu1.0008  Se1.124                       0.26949769      0.00015796     -0.00037677     -0.00000006
ATVX     1  Mu1.0009  Se1.124                       0.27210720     -0.00094067      0.00220814     -0.00000208
ATVX     1  Mu1.0010  Se1.124                       0.27773615      0.00006276     -0.00015404     -0.00000001
ATVX     1  Mu1.0011  Se1.124                       0.29076134      0.00022162     -0.00062136     -0.00000014
ATVX     1  Mu1.0012  Se1.124                       0.29315052      0.00001505     -0.00004143     -0.00000000
ATVX     1  Mu1.0013  Se1.124                       0.29466345      0.00000237     -0.00000469     -0.00000000
ATVX     1  Mu1.0001  Se1.125                       0.19967391     -0.00000709      0.00002003     -0.00000000
ATVX     1  Mu1.0002  Se1.125                       0.20096248      0.00000200     -0.00000622     -0.00000000
ATVX     1  Mu1.0003  Se1.125                       0.21186163      0.00000538     -0.00001321     -0.00000000
ATVX     1  Mu1.0004  Se1.125                       0.21946158      0.00000202     -0.00000517     -0.00000000
ATVX     1  Mu1.0005  Se1.125                       0.23230837     -0.00000282      0.00000786     -0.00000000
ATVX     1  Mu1.0006  Se1.125                       0.24687826      0.00000115     -0.00000272     -0.00000000
ATVX     1  Mu1.0007  Se1.125                       0.25552471     -0.00000084      0.00000239     -0.00000000
ATVX     1  Mu1.0008  Se1.125                       0.27153096      0.00000226     -0.00000532     -0.00000000
ATVX     1  Mu1.0009  Se1.125                       0.27414048     -0.00000076      0.00000210     -0.00000000
ATVX     1  Mu1.0010  Se1.125                       0.27976943     -0.00000034      0.00000088     -0.00000000
ATVX     1  Mu1.0011  Se1.125                       0.29279461     -0.00000715      0.00001684     -0.00000000
ATVX     1  Mu1.0012  Se1.125                       0.29518379      0.00048304     -0.00112346     -0.00000054
ATVX     1  Mu1.0013  Se1.125                       0.29669673     -0.00004987      0.00011529     -0.00000001
ATVX     1  Mu1.0001  Se1.126                       0.20506278      0.00147975     -0.00290798     -0.00000430
ATVX     1  Mu1.0002  Se1.126                       0.20635135     -0.00020001      0.00039339     -0.00000008
ATVX     1  Mu1.0003  Se1.126                       0.21725049      0.00208234     -0.00484533     -0.00001009
ATVX     1  Mu1.0004  Se1.126                       0.22485044      0.00010399     -0.00024393     -0.00000003
ATVX     1  Mu1.0005  Se1.126                       0.23769723      0.00116584     -0.00261959     -0.00000305
ATVX     1  Mu1.0006  Se1.126                       0.25226712     -0.00006087      0.00014184     -0.00000001
ATVX     1  Mu1.0007  Se1.126                       0.26091357     -0.00000280      0.00012641     -0.00000000
ATVX     1  Mu1.0008  Se1.126                       0.27691982      0.00019340     -0.00046130     -0.00000009
ATVX     1  Mu1.0009  Se1.126                       0.27952934     -0.00114375      0.00268315     -0.00000307
ATVX     1  Mu1.0010  Se1.126                       0.28515829      0.00007768     -0.00018900     -0.00000001
ATVX     1  Mu1.0011  Se1.126                       0.29818347      0.00021729     -0.00062431     -0.00000014
ATVX     1  Mu1.0001  Se1.127                       0.21667247      0.00011602     -0.00032047     -0.00000004
ATVX     1  Mu1.0002  Se1.127                       0.21796104      0.00062966     -0.00185283     -0.00000117
ATVX     1  Mu1.0003  Se1.127                       0.22886019      0.00001950     -0.00001317     -0.00000000
ATVX     1  Mu1.0004  Se1.127                       0.23646014     -0.00031213     -0.00010446      0.00000003
ATVX     1  Mu1.0005  Se1.127                       0.24930693     -0.00000506      0.00001801     -0.00000000
ATVX     1  Mu1.0006  Se1.127                       0.26387682      0.00008023     -0.00016555     -0.00000001
ATVX     1  Mu1.0007  Se1.127                       0.27252327     -0.00001467      0.00003606     -0.00000000
ATVX     1  Mu1.0008  Se1.127                       0.28852952     -0.00014507      0.00037987     -0.00000006
ATVX     1  Mu1.0009  Se1.127                       0.29113904     -0.00003971      0.00009046     -0.00000000
ATVX     1  Mu1.0010  Se1.127                       0.29676799     -0.00027567      0.00054151     -0.00000015
ATVX     1  Mu1.0001  Se1.128                       0.21822425     -0.00000202      0.00000428     -0.00000000
ATVX     1  Mu1.0002  Se1.128                       0.21951282      0.00000166      0.00000096      0.00000000
ATVX     1  Mu1.0003  Se1.128                       0.23041196      0.00000144     -0.00000560     -0.00000000
ATVX     1  Mu1.0004  Se1.128                       0.23801191      0.00002239     -0.00007091     -0.00000000
ATVX     1  Mu1.0005  Se1.128                       0.25085870     -0.00000005     -0.00000104      0.00000000
ATVX     1  Mu1.0006  Se1.128                       0.26542860      0.00000114     -0.00000351     -0.00000000
ATVX     1  Mu1.0007  Se1.128                       0.27407504      0.00000037     -0.00000100     -0.00000000
ATVX     1  Mu1.0008  Se1.128                       0.29008129     -0.00000123      0.00000162     -0.00000000
ATVX     1  Mu1.0009  Se1.128                       0.29269081      0.00000055     -0.00000062     -0.00000000
ATVX     1  Mu1.0010  Se1.128                       0.29831976      0.00000219     -0.00000587     -0.00000000
ATVX     1  Mu1.0001  Se1.129                       0.22727985      0.00002275     -0.00006777     -0.00000000
ATVX     1  Mu1.0002  Se1.129                       0.22856842     -0.00000687      0.00002209     -0.00000000
ATVX     1  Mu1.0003  Se1.129                       0.23946757      0.00000179     -0.00001954     -0.00000000
ATVX     1  Mu1.0004  Se1.129                       0.24706752      0.00000100     -0.00000506     -0.00000000
ATVX     1  Mu1.0005  Se1.129                       0.25991430      0.00000882     -0.00002699     -0.00000000
ATVX     1  Mu1.0006  Se1.129                       0.27448420     -0.00000333      0.00000781     -0.00000000
ATVX     1  Mu1.0007  Se1.129                       0.28313065      0.00000305     -0.00000816     -0.00000000
ATVX     1  Mu1.0008  Se1.129                       0.29913690     -0.00000781      0.00001771     -0.00000000
ATVX     1  Mu1.0001  Se1.130                       0.22974661      0.00004941     -0.00012520     -0.00000001
ATVX     1  Mu1.0002  Se1.130                       0.23103518      0.00031571     -0.00081948     -0.00000026
ATVX     1  Mu1.0003  Se1.130                       0.24193433      0.00002963     -0.00004391     -0.00000000
ATVX     1  Mu1.0004  Se1.130                       0.24953428     -0.00033032      0.00039331     -0.00000013
ATVX     1  Mu1.0005  Se1.130                       0.26238107      0.00000599     -0.00001317     -0.00000000
ATVX     1  Mu1.0006  Se1.130                       0.27695096     -0.00010586      0.00020617     -0.00000002
ATVX     1  Mu1.0007  Se1.130                       0.28559741      0.00000909     -0.00001935     -0.00000000
ATVX     1  Mu1.0001  Se1.131                       0.23145514     -0.00000041      0.00000087     -0.00000000
ATVX     1  Mu1.0002  Se1.131                       0.23274371     -0.00000355      0.00000973     -0.00000000
ATVX     1  Mu1.0003  Se1.131                       0.24364285      0.00000299     -0.00000778     -0.00000000
ATVX     1  Mu1.0004  Se1.131                       0.25124280      0.00001278     -0.00003592     -0.00000000
ATVX     1  Mu1.0005  Se1.131                       0.26408959      0.00000072     -0.00000196     -0.00000000
ATVX     1  Mu1.0006  Se1.131                       0.27865949     -0.00000027      0.00000023     -0.00000000
ATVX     1  Mu1.0007  Se1.131                       0.28730593      0.00000030     -0.00000069     -0.00000000
ATVX     1  Mu1.0001  Se1.132                       0.23868666      0.00008078      0.00055486      0.00000004
ATVX     1  Mu1.0002  Se1.132                       0.23997523      0.00012224     -0.00042415     -0.00000005
ATVX     1  Mu1.0003  Se1.132                       0.25087437      0.00271487     -0.00594691     -0.00001615
ATVX     1  Mu1.0004  Se1.132                       0.25847432      0.00007417     -0.00021017     -0.00000002
ATVX     1  Mu1.0005  Se1.132                       0.27132111      0.00141398     -0.00293355     -0.00000415
ATVX     1  Mu1.0006  Se1.132                       0.28589101     -0.00012673      0.00027844     -0.00000004
ATVX     1  Mu1.0007  Se1.132                       0.29453745      0.00037155     -0.00053282     -0.00000020
ATVX     1  Mu1.0001  Se1.133                       0.23913655      0.00005339     -0.00031386     -0.00000002
ATVX     1  Mu1.0002  Se1.133                       0.24042512      0.00043677     -0.00122670     -0.00000054
ATVX     1  Mu1.0003  Se1.133                       0.25132426     -0.00054297      0.00120377     -0.00000065
ATVX     1  Mu1.0004  Se1.133                       0.25892421     -0.00027122      0.00033854     -0.00000009
ATVX     1  Mu1.0005  Se1.133                       0.27177100     -0.00029141      0.00060305     -0.00000018
ATVX     1  Mu1.0006  Se1.133                       0.28634089     -0.00016525      0.00032787     -0.00000005
ATVX     1  Mu1.0007  Se1.133                       0.29498734     -0.00005907      0.00007173     -0.00000000
ATVX     1  Mu1.0001  Se1.134                       0.25006252      0.00013690     -0.00172864     -0.00000024
ATVX     1  Mu1.0002  Se1.134                       0.25135109     -0.00001784      0.00026809     -0.00000000
ATVX     1  Mu1.0003  Se1.134                       0.26225024      0.00051524      0.00019286      0.00000010
ATVX     1  Mu1.0004  Se1.134                       0.26985019      0.00001239      0.00000504      0.00000000
ATVX     1  Mu1.0005  Se1.134                       0.28269698      0.00013213     -0.00018456     -0.00000002
ATVX     1  Mu1.0006  Se1.134                       0.29726687     -0.00000934      0.00001968     -0.00000000
ATVX     1  Mu1.0001  Se1.135                       0.25643277      0.00000014     -0.00000155     -0.00000000
ATVX     1  Mu1.0002  Se1.135                       0.25772134      0.00000022     -0.00000047     -0.00000000
ATVX     1  Mu1.0003  Se1.135                       0.26862049     -0.00000176      0.00000541     -0.00000000
ATVX     1  Mu1.0004  Se1.135                       0.27622044     -0.00000108      0.00000289     -0.00000000
ATVX     1  Mu1.0005  Se1.135                       0.28906723     -0.00000007      0.00000036     -0.00000000
ATVX     1  Mu1.0001  Se1.136                       0.27217246     -0.00011248      0.00010016     -0.00000001
ATVX     1  Mu1.0002  Se1.136                       0.27346103      0.00000748     -0.00000385     -0.00000000
ATVX     1  Mu1.0003  Se1.136                       0.28436017     -0.00076418      0.00071951     -0.00000055
ATVX     1  Mu1.0004  Se1.136                       0.29196012     -0.00003014      0.00003283     -0.00000000
ATVX     1  Mu1.0001  Se1.137                       0.27757729     -0.00000373      0.00001165     -0.00000000
ATVX     1  Mu1.0002  Se1.137                       0.27886586      0.00001823     -0.00005554     -0.00000000
ATVX     1  Mu1.0003  Se1.137                       0.28976501      0.00000064      0.00000143      0.00000000
ATVX     1  Mu1.0004  Se1.137                       0.29736496      0.00000761      0.00000916      0.00000000
ATVX     1  Mu1.0001  Se1.138                       0.28073882     -0.00047453      0.00122429     -0.00000058
ATVX     1  Mu1.0002  Se1.138                       0.28202739     -0.00276001      0.00738247     -0.00002038
ATVX     1  Mu1.0003  Se1.138                       0.29292654     -0.00009501      0.00012549     -0.00000001
ATVX     1  Mu1.0001  Se1.139                       0.28248729     -0.00001310      0.00001609     -0.00000000
ATVX     1  Mu1.0002  Se1.139                       0.28377586      0.00000838     -0.00002162     -0.00000000
ATVX     1  Mu1.0003  Se1.139                       0.29467501     -0.00001199      0.00002603     -0.00000000
ATVX     1  Mu1.0001  Se1.140                       0.28337696      0.00012093      0.00116528      0.00000014
ATVX     1  Mu1.0002  Se1.140                       0.28466553     -0.00002574     -0.00013541      0.00000000
ATVX     1  Mu1.0003  Se1.140                       0.29556467      0.00015011      0.00052868      0.00000008
ATVX     1  Mu1.0001  Se1.141                       0.29907847      0.00005831     -0.00028725     -0.00000002
AIVX     1  Mu1.0062  In1.098 Se1.113               0.88622657     -0.02378792      0.02740247     -0.00065185
BVATP    1  Mu1.0001  Se1.113 Se1.113               0.27517374      0.00000113     -0.00000434     -0.00000000
BVATP    1  Mu1.0002  Se1.113 Se1.113               0.29928194     -0.00032805      0.00074117     -0.00000024
--

   (Skipping property calculation,
    use PROP keyword to activate)
--

++ CASPT2 computation for group   2

********************************************************************************
 Multi-State initialization phase begins for group   2
--------------------------------------------------------------------------------
********************************************************************************
 Compute H0 matrices for state    2
--------------------------------------------------------------------------------
--------------------------------------------------------------------------------
 H0 matrices have been computed.

********************************************************************************
  CASPT2 EQUATION SOLUTION
--------------------------------------------------------------------------------

  Total nr of CASPT2 parameters:
   Before reduction:  1876168956
   After  reduction:  1876168956

 Variance of |WF0>:      23.3537105908

 The contributions to the second order correlation energy in atomic units.
-----------------------------------------------------------------------------------------------------------------------------
  IT.      VJTU        VJTI        ATVX        AIVX        VJAI        BVAT        BJAT        BJAI        TOTAL       RNORM  
-----------------------------------------------------------------------------------------------------------------------------
   1    -0.029980   -0.029819   -0.015310   -0.136228   -0.386232   -0.094692   -0.747521   -3.515225   -4.955006    0.012384
   2    -0.031047   -0.029937   -0.015469   -0.136990   -0.386610   -0.094985   -0.748739   -3.515962   -4.959739    0.002177
   3    -0.031095   -0.029947   -0.015486   -0.137003   -0.386632   -0.095022   -0.748848   -3.516015   -4.960050    0.000292
   4    -0.031107   -0.029945   -0.015483   -0.136980   -0.386620   -0.095015   -0.748805   -3.515988   -4.959944    0.000041
   5    -0.031108   -0.029945   -0.015483   -0.136979   -0.386620   -0.095015   -0.748804   -3.515987   -4.959941    0.000006
-----------------------------------------------------------------------------------------------------------------------------

  FINAL CASPT2 RESULT:

      Reference energy:       -3929.6831920173
      E2 (Non-variational):      -4.9599424665
      Shift correction:          -0.0324677769
      E2 (Variational):          -4.9924102434
      Total energy:           -3934.6756022607
      Residual norm:              0.0000009471
      Reference weight:           0.38179

      Contributions to the CASPT2 correlation energy
      Active & Virtual Only:         -0.1104974067
      One Inactive Excited:          -0.9168920205
      Two Inactive Excited:          -3.9325530394


++ Denominators, etc.
--------------------------------------------------------------------------------------------------------------
 Report on small energy denominators, large coefficients, and large energy contributions.
CASE  SYMM ACTIVE-MIX  NON-ACTIVE INDICES          DENOMINATOR     RHS VALUE       COEFFICIENT     CONTRIBUTION
VJTU     1  Mu1.0001  In1.092                       0.38856319      0.01588124     -0.03068646     -0.00048734
VJTU     1  Mu1.0002  In1.092                       0.38894057     -0.03627569      0.07015543     -0.00254494
VJTU     1  Mu1.0001  In1.096                       0.37447289     -0.02525660      0.05015958     -0.00126686
VJTU     1  Mu1.0002  In1.096                       0.37485027      0.05835298     -0.11572539     -0.00675292
VJTU     1  Mu1.0238  In1.096                       0.88576523     -0.02428751      0.02590869     -0.00062926
VJTU     1  Mu1.0002  In1.099                       0.34681357      0.02274291     -0.04620772     -0.00105090
VJTU     1  Mu1.0176  In1.100                       0.75979624      0.02426295     -0.03051290     -0.00074033
ATVX     1  Mu1.0001  Se1.113                       0.11195783     -0.00019579      0.00068224     -0.00000013
ATVX     1  Mu1.0002  Se1.113                       0.11311549     -0.00013378      0.00037475     -0.00000005
ATVX     1  Mu1.0003  Se1.113                       0.11518759     -0.00032671      0.00041867     -0.00000014
ATVX     1  Mu1.0004  Se1.113                       0.12306325      0.00007823     -0.00016703     -0.00000001
ATVX     1  Mu1.0005  Se1.113                       0.15216291     -0.00063804      0.00151844     -0.00000097
ATVX     1  Mu1.0006  Se1.113                       0.15682800      0.00000883     -0.00002655     -0.00000000
ATVX     1  Mu1.0007  Se1.113                       0.17015989     -0.00030838      0.00065777     -0.00000020
ATVX     1  Mu1.0008  Se1.113                       0.17243384      0.00010997     -0.00025850     -0.00000003
ATVX     1  Mu1.0009  Se1.113                       0.17371515      0.00001573     -0.00008026     -0.00000000
ATVX     1  Mu1.0010  Se1.113                       0.19514429      0.00009948     -0.00041920     -0.00000004
ATVX     1  Mu1.0011  Se1.113                       0.19721490      0.00005103     -0.00019696     -0.00000001
ATVX     1  Mu1.0012  Se1.113                       0.21018054     -0.00012846      0.00049815     -0.00000006
ATVX     1  Mu1.0013  Se1.113                       0.21091833     -0.00000869      0.00000187     -0.00000000
ATVX     1  Mu1.0014  Se1.113                       0.21642760     -0.00000773      0.00002390     -0.00000000
ATVX     1  Mu1.0015  Se1.113                       0.21666616      0.00001345     -0.00003800     -0.00000000
ATVX     1  Mu1.0016  Se1.113                       0.22446881      0.00000501     -0.00005149     -0.00000000
ATVX     1  Mu1.0017  Se1.113                       0.22711409      0.00000199     -0.00000400     -0.00000000
ATVX     1  Mu1.0018  Se1.113                       0.23388036      0.00056866     -0.00145899     -0.00000083
ATVX     1  Mu1.0019  Se1.113                       0.23668524      0.00002188     -0.00004389     -0.00000000
ATVX     1  Mu1.0020  Se1.113                       0.24056015      0.00054266     -0.00136646     -0.00000074
ATVX     1  Mu1.0021  Se1.113                       0.24100125     -0.00071501      0.00181010     -0.00000129
ATVX     1  Mu1.0022  Se1.113                       0.24664086      0.00022129     -0.00056108     -0.00000012
ATVX     1  Mu1.0023  Se1.113                       0.24813297     -0.00071409      0.00180210     -0.00000129
ATVX     1  Mu1.0024  Se1.113                       0.25398805      0.00003017     -0.00007584     -0.00000000
ATVX     1  Mu1.0025  Se1.113                       0.25525984     -0.00000555      0.00001497     -0.00000000
ATVX     1  Mu1.0026  Se1.113                       0.26451879      0.00000002      0.00000416      0.00000000
ATVX     1  Mu1.0027  Se1.113                       0.26565705      0.00001748     -0.00004323     -0.00000000
ATVX     1  Mu1.0028  Se1.113                       0.26682926     -0.00001053      0.00002908     -0.00000000
ATVX     1  Mu1.0029  Se1.113                       0.26930454      0.00029605     -0.00073142     -0.00000022
ATVX     1  Mu1.0030  Se1.113                       0.26971581      0.00080264     -0.00197155     -0.00000158
ATVX     1  Mu1.0031  Se1.113                       0.27151547     -0.00070859      0.00172105     -0.00000122
ATVX     1  Mu1.0032  Se1.113                       0.27305269      0.00008505     -0.00021021     -0.00000002
ATVX     1  Mu1.0033  Se1.113                       0.27662081     -0.00001036      0.00002602     -0.00000000
ATVX     1  Mu1.0034  Se1.113                       0.28089387     -0.00116317      0.00283947     -0.00000330
ATVX     1  Mu1.0035  Se1.113                       0.28231688      0.00002114     -0.00005996     -0.00000000
ATVX     1  Mu1.0036  Se1.113                       0.28310296      0.00003668     -0.00008911     -0.00000000
ATVX     1  Mu1.0037  Se1.113                       0.28400686      0.00005774     -0.00013375     -0.00000001
ATVX     1  Mu1.0038  Se1.113                       0.28499978      0.00036217     -0.00090703     -0.00000033
ATVX     1  Mu1.0039  Se1.113                       0.28773644     -0.00023213      0.00055777     -0.00000013
ATVX     1  Mu1.0040  Se1.113                       0.29353544     -0.00000369      0.00000095     -0.00000000
ATVX     1  Mu1.0041  Se1.113                       0.29586078      0.00000448     -0.00000960     -0.00000000
ATVX     1  Mu1.0042  Se1.113                       0.29608553     -0.00002575      0.00006330     -0.00000000
ATVX     1  Mu1.0043  Se1.113                       0.29709602      0.00008919     -0.00020034     -0.00000002
ATVX     1  Mu1.0001  Se1.114                       0.14544045     -0.00001183      0.00003362     -0.00000000
ATVX     1  Mu1.0002  Se1.114                       0.14659811     -0.00001455      0.00003967     -0.00000000
ATVX     1  Mu1.0003  Se1.114                       0.14867021      0.00001035     -0.00002912     -0.00000000
ATVX     1  Mu1.0004  Se1.114                       0.15654587      0.00000421     -0.00000894     -0.00000000
ATVX     1  Mu1.0005  Se1.114                       0.18564553     -0.00000658      0.00001083     -0.00000000
ATVX     1  Mu1.0006  Se1.114                       0.19031062     -0.00000299      0.00000694     -0.00000000
ATVX     1  Mu1.0007  Se1.114                       0.20364251     -0.00001460      0.00003723     -0.00000000
ATVX     1  Mu1.0008  Se1.114                       0.20591646      0.00001347     -0.00003818     -0.00000000
ATVX     1  Mu1.0009  Se1.114                       0.20719777      0.00000748     -0.00002404     -0.00000000
ATVX     1  Mu1.0010  Se1.114                       0.22862691     -0.00001257      0.00003456     -0.00000000
ATVX     1  Mu1.0011  Se1.114                       0.23069751     -0.00000380      0.00000895     -0.00000000
ATVX     1  Mu1.0012  Se1.114                       0.24366316     -0.00009294      0.00023031     -0.00000002
ATVX     1  Mu1.0013  Se1.114                       0.24440095     -0.00121477      0.00307726     -0.00000374
ATVX     1  Mu1.0014  Se1.114                       0.24991022      0.00004385     -0.00010340     -0.00000000
ATVX     1  Mu1.0015  Se1.114                       0.25014878      0.00001576     -0.00003808     -0.00000000
ATVX     1  Mu1.0016  Se1.114                       0.25795143     -0.00000566      0.00001508     -0.00000000
ATVX     1  Mu1.0017  Se1.114                       0.26059671      0.00002051     -0.00005387     -0.00000000
ATVX     1  Mu1.0018  Se1.114                       0.26736298     -0.00001151      0.00002405     -0.00000000
ATVX     1  Mu1.0019  Se1.114                       0.27016786      0.00000194     -0.00000427     -0.00000000
ATVX     1  Mu1.0020  Se1.114                       0.27404277      0.00029355     -0.00075429     -0.00000022
ATVX     1  Mu1.0021  Se1.114                       0.27448387      0.00022194     -0.00056417     -0.00000013
ATVX     1  Mu1.0022  Se1.114                       0.28012348      0.00000434     -0.00000964     -0.00000000
ATVX     1  Mu1.0023  Se1.114                       0.28161559      0.00000444     -0.00000840     -0.00000000
ATVX     1  Mu1.0024  Se1.114                       0.28747066     -0.00000547      0.00001230     -0.00000000
ATVX     1  Mu1.0025  Se1.114                       0.28874245     -0.00013846      0.00032397     -0.00000004
ATVX     1  Mu1.0026  Se1.114                       0.29800140     -0.00000920      0.00002230     -0.00000000
ATVX     1  Mu1.0027  Se1.114                       0.29913967      0.00034052     -0.00079564     -0.00000027
ATVX     1  Mu1.0001  Se1.115                       0.14946156      0.00023038     -0.00067447     -0.00000016
ATVX     1  Mu1.0002  Se1.115                       0.15061922      0.00006383     -0.00028415     -0.00000002
ATVX     1  Mu1.0003  Se1.115                       0.15269131     -0.00079650      0.00151923     -0.00000121
ATVX     1  Mu1.0004  Se1.115                       0.16056698      0.00008514     -0.00019209     -0.00000002
ATVX     1  Mu1.0005  Se1.115                       0.18966664     -0.00063853      0.00162681     -0.00000104
ATVX     1  Mu1.0006  Se1.115                       0.19433172      0.00000655     -0.00001654     -0.00000000
ATVX     1  Mu1.0007  Se1.115                       0.20766361     -0.00028068      0.00053437     -0.00000015
ATVX     1  Mu1.0008  Se1.115                       0.20993756      0.00012153     -0.00027642     -0.00000003
ATVX     1  Mu1.0009  Se1.115                       0.21121887      0.00005859     -0.00022692     -0.00000001
ATVX     1  Mu1.0010  Se1.115                       0.23264802     -0.00036249      0.00070604     -0.00000026
ATVX     1  Mu1.0011  Se1.115                       0.23471862     -0.00007799      0.00011155     -0.00000001
ATVX     1  Mu1.0012  Se1.115                       0.24768426     -0.00104463      0.00283967     -0.00000297
ATVX     1  Mu1.0013  Se1.115                       0.24842205      0.00009203     -0.00025492     -0.00000002
ATVX     1  Mu1.0014  Se1.115                       0.25393133      0.00000197     -0.00000588     -0.00000000
ATVX     1  Mu1.0015  Se1.115                       0.25416988     -0.00000198      0.00001077     -0.00000000
ATVX     1  Mu1.0016  Se1.115                       0.26197253      0.00008622     -0.00024462     -0.00000002
ATVX     1  Mu1.0017  Se1.115                       0.26461782      0.00000503     -0.00001069     -0.00000000
ATVX     1  Mu1.0018  Se1.115                       0.27138409      0.00005779     -0.00017044     -0.00000001
ATVX     1  Mu1.0019  Se1.115                       0.27418897     -0.00001040      0.00004684     -0.00000000
ATVX     1  Mu1.0020  Se1.115                       0.27806387      0.00031626     -0.00072572     -0.00000023
ATVX     1  Mu1.0021  Se1.115                       0.27850497     -0.00042731      0.00098750     -0.00000042
ATVX     1  Mu1.0022  Se1.115                       0.28414458      0.00014359     -0.00034590     -0.00000005
ATVX     1  Mu1.0023  Se1.115                       0.28563669     -0.00037948      0.00095222     -0.00000036
ATVX     1  Mu1.0024  Se1.115                       0.29149177      0.00000282     -0.00000473     -0.00000000
ATVX     1  Mu1.0025  Se1.115                       0.29276356     -0.00000056      0.00000223     -0.00000000
ATVX     1  Mu1.0001  Se1.116                       0.15458710      0.00037557     -0.00072690     -0.00000027
ATVX     1  Mu1.0002  Se1.116                       0.15574476     -0.00066246      0.00129206     -0.00000086
ATVX     1  Mu1.0003  Se1.116                       0.15781686      0.00008852     -0.00020097     -0.00000002
ATVX     1  Mu1.0004  Se1.116                       0.16569252     -0.00056092      0.00117273     -0.00000066
ATVX     1  Mu1.0005  Se1.116                       0.19479218      0.00000917     -0.00001524     -0.00000000
ATVX     1  Mu1.0006  Se1.116                       0.19945726      0.00024858     -0.00082598     -0.00000021
ATVX     1  Mu1.0007  Se1.116                       0.21278915      0.00018121     -0.00049525     -0.00000009
ATVX     1  Mu1.0008  Se1.116                       0.21506311      0.00038647     -0.00107040     -0.00000041
ATVX     1  Mu1.0009  Se1.116                       0.21634442     -0.00010539      0.00030694     -0.00000003
ATVX     1  Mu1.0010  Se1.116                       0.23777356     -0.00032522      0.00084561     -0.00000028
ATVX     1  Mu1.0011  Se1.116                       0.23984416      0.00076400     -0.00197270     -0.00000151
ATVX     1  Mu1.0012  Se1.116                       0.25280980      0.00012269     -0.00030503     -0.00000004
ATVX     1  Mu1.0013  Se1.116                       0.25354759     -0.00000151      0.00000666     -0.00000000
ATVX     1  Mu1.0014  Se1.116                       0.25905687      0.00025370     -0.00061301     -0.00000016
ATVX     1  Mu1.0015  Se1.116                       0.25929543     -0.00041766      0.00101194     -0.00000042
ATVX     1  Mu1.0016  Se1.116                       0.26709807      0.00038275     -0.00092753     -0.00000036
ATVX     1  Mu1.0017  Se1.116                       0.26974336      0.00001996     -0.00005727     -0.00000000
ATVX     1  Mu1.0018  Se1.116                       0.27650963     -0.00002542      0.00006289     -0.00000000
ATVX     1  Mu1.0019  Se1.116                       0.27931451     -0.00015487      0.00030674     -0.00000005
ATVX     1  Mu1.0020  Se1.116                       0.28318941     -0.00002070      0.00006199     -0.00000000
ATVX     1  Mu1.0021  Se1.116                       0.28363052      0.00004142     -0.00011602     -0.00000000
ATVX     1  Mu1.0022  Se1.116                       0.28927012      0.00078213     -0.00191623     -0.00000150
ATVX     1  Mu1.0023  Se1.116                       0.29076224      0.00015244     -0.00035637     -0.00000005
ATVX     1  Mu1.0024  Se1.116                       0.29661731      0.00022136     -0.00052810     -0.00000012
ATVX     1  Mu1.0025  Se1.116                       0.29788910     -0.00001082      0.00002731     -0.00000000
ATVX     1  Mu1.0001  Se1.117                       0.15824262     -0.00000206      0.00000525     -0.00000000
ATVX     1  Mu1.0002  Se1.117                       0.15940028      0.00000051     -0.00000070     -0.00000000
ATVX     1  Mu1.0003  Se1.117                       0.16147238      0.00000097     -0.00000262     -0.00000000
ATVX     1  Mu1.0004  Se1.117                       0.16934804      0.00000747     -0.00002006     -0.00000000
ATVX     1  Mu1.0005  Se1.117                       0.19844770      0.00000141     -0.00000364     -0.00000000
ATVX     1  Mu1.0006  Se1.117                       0.20311279      0.00000379     -0.00001054     -0.00000000
ATVX     1  Mu1.0007  Se1.117                       0.21644468      0.00000056     -0.00000108     -0.00000000
ATVX     1  Mu1.0008  Se1.117                       0.21871863     -0.00000002      0.00000018     -0.00000000
ATVX     1  Mu1.0009  Se1.117                       0.21999994      0.00000019     -0.00000020     -0.00000000
ATVX     1  Mu1.0010  Se1.117                       0.24142908     -0.00000055      0.00000177     -0.00000000
ATVX     1  Mu1.0011  Se1.117                       0.24349969      0.00000097     -0.00000322     -0.00000000
ATVX     1  Mu1.0012  Se1.117                       0.25646533      0.00000071     -0.00000166     -0.00000000
ATVX     1  Mu1.0013  Se1.117                       0.25720312      0.00000242     -0.00000555     -0.00000000
ATVX     1  Mu1.0014  Se1.117                       0.26271239      0.00015400     -0.00037138     -0.00000006
ATVX     1  Mu1.0015  Se1.117                       0.26295095      0.00009510     -0.00022867     -0.00000002
ATVX     1  Mu1.0016  Se1.117                       0.27075360     -0.00000425      0.00001188     -0.00000000
ATVX     1  Mu1.0017  Se1.117                       0.27339888      0.00016515     -0.00040766     -0.00000007
ATVX     1  Mu1.0018  Se1.117                       0.28016515      0.00000167     -0.00000419     -0.00000000
ATVX     1  Mu1.0019  Se1.117                       0.28297003     -0.00000083      0.00000192     -0.00000000
ATVX     1  Mu1.0020  Se1.117                       0.28684494     -0.00001862      0.00004518     -0.00000000
ATVX     1  Mu1.0021  Se1.117                       0.28728604     -0.00000969      0.00002371     -0.00000000
ATVX     1  Mu1.0022  Se1.117                       0.29292565     -0.00000209      0.00000489     -0.00000000
ATVX     1  Mu1.0023  Se1.117                       0.29441776     -0.00000161      0.00000404     -0.00000000
ATVX     1  Mu1.0001  Se1.118                       0.16730009      0.00029363     -0.00101026     -0.00000030
ATVX     1  Mu1.0002  Se1.118                       0.16845775      0.00014008     -0.00053605     -0.00000008
ATVX     1  Mu1.0003  Se1.118                       0.17052985     -0.00057709      0.00131173     -0.00000076
ATVX     1  Mu1.0004  Se1.118                       0.17840551      0.00007344     -0.00017354     -0.00000001
ATVX     1  Mu1.0005  Se1.118                       0.20750517     -0.00054918      0.00145246     -0.00000080
ATVX     1  Mu1.0006  Se1.118                       0.21217026     -0.00000369      0.00001646     -0.00000000
ATVX     1  Mu1.0007  Se1.118                       0.22550215     -0.00023050      0.00040203     -0.00000009
ATVX     1  Mu1.0008  Se1.118                       0.22777610      0.00006685     -0.00014283     -0.00000001
ATVX     1  Mu1.0009  Se1.118                       0.22905741     -0.00000356     -0.00009559      0.00000000
ATVX     1  Mu1.0010  Se1.118                       0.25048655     -0.00032068      0.00066599     -0.00000021
ATVX     1  Mu1.0011  Se1.118                       0.25255716     -0.00008931      0.00016817     -0.00000002
ATVX     1  Mu1.0012  Se1.118                       0.26552280     -0.00093536      0.00247625     -0.00000232
ATVX     1  Mu1.0013  Se1.118                       0.26626059      0.00007780     -0.00021029     -0.00000002
ATVX     1  Mu1.0014  Se1.118                       0.27176986     -0.00000309      0.00000670     -0.00000000
ATVX     1  Mu1.0015  Se1.118                       0.27200842      0.00000735     -0.00001302     -0.00000000
ATVX     1  Mu1.0016  Se1.118                       0.27981107      0.00006907     -0.00018749     -0.00000001
ATVX     1  Mu1.0017  Se1.118                       0.28245635      0.00000477     -0.00000987     -0.00000000
ATVX     1  Mu1.0018  Se1.118                       0.28922262     -0.00001327     -0.00000007      0.00000000
ATVX     1  Mu1.0019  Se1.118                       0.29202750     -0.00000084      0.00001561     -0.00000000
ATVX     1  Mu1.0020  Se1.118                       0.29590241      0.00024906     -0.00058421     -0.00000015
ATVX     1  Mu1.0021  Se1.118                       0.29634351     -0.00033716      0.00079566     -0.00000027
ATVX     1  Mu1.0001  Se1.119                       0.16756774      0.00000456     -0.00001144     -0.00000000
ATVX     1  Mu1.0002  Se1.119                       0.16872540      0.00000050     -0.00000114     -0.00000000
ATVX     1  Mu1.0003  Se1.119                       0.17079750     -0.00000462      0.00001432     -0.00000000
ATVX     1  Mu1.0004  Se1.119                       0.17867316     -0.00000446      0.00001265     -0.00000000
ATVX     1  Mu1.0005  Se1.119                       0.20777282     -0.00000105      0.00000152     -0.00000000
ATVX     1  Mu1.0006  Se1.119                       0.21243790     -0.00000246      0.00000628     -0.00000000
ATVX     1  Mu1.0007  Se1.119                       0.22576979     -0.00000086      0.00000381     -0.00000000
ATVX     1  Mu1.0008  Se1.119                       0.22804375      0.00000394     -0.00001100     -0.00000000
ATVX     1  Mu1.0009  Se1.119                       0.22932506     -0.00000132      0.00000340     -0.00000000
ATVX     1  Mu1.0010  Se1.119                       0.25075420     -0.00000190      0.00000705     -0.00000000
ATVX     1  Mu1.0011  Se1.119                       0.25282480     -0.00000018      0.00000131     -0.00000000
ATVX     1  Mu1.0012  Se1.119                       0.26579044     -0.00002403      0.00005601     -0.00000000
ATVX     1  Mu1.0013  Se1.119                       0.26652823     -0.00037622      0.00092641     -0.00000035
ATVX     1  Mu1.0014  Se1.119                       0.27203751      0.00002002     -0.00004721     -0.00000000
ATVX     1  Mu1.0015  Se1.119                       0.27227607      0.00000859     -0.00002057     -0.00000000
ATVX     1  Mu1.0016  Se1.119                       0.28007871     -0.00000343      0.00000890     -0.00000000
ATVX     1  Mu1.0017  Se1.119                       0.28272400      0.00000438     -0.00001108     -0.00000000
ATVX     1  Mu1.0018  Se1.119                       0.28949027     -0.00000330      0.00000682     -0.00000000
ATVX     1  Mu1.0019  Se1.119                       0.29229515      0.00000280     -0.00000659     -0.00000000
ATVX     1  Mu1.0020  Se1.119                       0.29617005      0.00004775     -0.00012450     -0.00000001
ATVX     1  Mu1.0021  Se1.119                       0.29661116      0.00003825     -0.00009758     -0.00000000
ATVX     1  Mu1.0001  Se1.120                       0.17376670     -0.00000414      0.00001049     -0.00000000
ATVX     1  Mu1.0002  Se1.120                       0.17492436      0.00000231     -0.00000387     -0.00000000
ATVX     1  Mu1.0003  Se1.120                       0.17699646      0.00000293     -0.00000814     -0.00000000
ATVX     1  Mu1.0004  Se1.120                       0.18487212      0.00001936     -0.00005318     -0.00000000
ATVX     1  Mu1.0005  Se1.120                       0.21397178      0.00000277     -0.00000713     -0.00000000
ATVX     1  Mu1.0006  Se1.120                       0.21863687      0.00000771     -0.00002126     -0.00000000
ATVX     1  Mu1.0007  Se1.120                       0.23196876      0.00000032     -0.00000019     -0.00000000
ATVX     1  Mu1.0008  Se1.120                       0.23424271     -0.00000178      0.00000533     -0.00000000
ATVX     1  Mu1.0009  Se1.120                       0.23552402      0.00000084     -0.00000180     -0.00000000
ATVX     1  Mu1.0010  Se1.120                       0.25695317     -0.00000076      0.00000246     -0.00000000
ATVX     1  Mu1.0011  Se1.120                       0.25902377      0.00000179     -0.00000610     -0.00000000
ATVX     1  Mu1.0012  Se1.120                       0.27198941      0.00000011      0.00000017      0.00000000
ATVX     1  Mu1.0013  Se1.120                       0.27272720     -0.00000484      0.00001266     -0.00000000
ATVX     1  Mu1.0014  Se1.120                       0.27823648      0.00028876     -0.00068071     -0.00000020
ATVX     1  Mu1.0015  Se1.120                       0.27847503      0.00017969     -0.00042200     -0.00000008
ATVX     1  Mu1.0016  Se1.120                       0.28627768     -0.00000428      0.00001267     -0.00000000
ATVX     1  Mu1.0017  Se1.120                       0.28892296      0.00026598     -0.00064497     -0.00000017
ATVX     1  Mu1.0018  Se1.120                       0.29568923      0.00000294     -0.00000722     -0.00000000
ATVX     1  Mu1.0019  Se1.120                       0.29849411     -0.00000036      0.00000064     -0.00000000
ATVX     1  Mu1.0001  Se1.121                       0.18354246     -0.00002588      0.00006853     -0.00000000
ATVX     1  Mu1.0002  Se1.121                       0.18470012      0.00002002     -0.00005161     -0.00000000
ATVX     1  Mu1.0003  Se1.121                       0.18677222      0.00001887     -0.00005141     -0.00000000
ATVX     1  Mu1.0004  Se1.121                       0.19464788      0.00009253     -0.00024763     -0.00000002
ATVX     1  Mu1.0005  Se1.121                       0.22374754      0.00000691     -0.00002029     -0.00000000
ATVX     1  Mu1.0006  Se1.121                       0.22841262      0.00000865     -0.00002701     -0.00000000
ATVX     1  Mu1.0007  Se1.121                       0.24174451     -0.00000701      0.00001858     -0.00000000
ATVX     1  Mu1.0008  Se1.121                       0.24401847     -0.00001310      0.00003437     -0.00000000
ATVX     1  Mu1.0009  Se1.121                       0.24529978      0.00001029     -0.00002591     -0.00000000
ATVX     1  Mu1.0010  Se1.121                       0.26672892      0.00000061     -0.00000076     -0.00000000
ATVX     1  Mu1.0011  Se1.121                       0.26879952      0.00000288     -0.00000714     -0.00000000
ATVX     1  Mu1.0012  Se1.121                       0.28176516      0.00000774     -0.00001949     -0.00000000
ATVX     1  Mu1.0013  Se1.121                       0.28250295      0.00000541     -0.00001144     -0.00000000
ATVX     1  Mu1.0014  Se1.121                       0.28801223      0.00026134     -0.00060486     -0.00000016
ATVX     1  Mu1.0015  Se1.121                       0.28825079      0.00016539     -0.00038743     -0.00000006
ATVX     1  Mu1.0016  Se1.121                       0.29605343      0.00000768     -0.00001372     -0.00000000
ATVX     1  Mu1.0017  Se1.121                       0.29869872      0.00028255     -0.00066495     -0.00000019
ATVX     1  Mu1.0001  Se1.122                       0.19204321      0.00020582     -0.00036747     -0.00000008
ATVX     1  Mu1.0002  Se1.122                       0.19320087     -0.00038474      0.00072271     -0.00000028
ATVX     1  Mu1.0003  Se1.122                       0.19527297      0.00002190     -0.00002584     -0.00000000
ATVX     1  Mu1.0004  Se1.122                       0.20314863     -0.00076509      0.00215746     -0.00000165
ATVX     1  Mu1.0005  Se1.122                       0.23224829     -0.00000782      0.00003021     -0.00000000
ATVX     1  Mu1.0006  Se1.122                       0.23691337      0.00003058     -0.00012344     -0.00000000
ATVX     1  Mu1.0007  Se1.122                       0.25024526      0.00013296     -0.00037368     -0.00000005
ATVX     1  Mu1.0008  Se1.122                       0.25251922      0.00032164     -0.00090801     -0.00000029
ATVX     1  Mu1.0009  Se1.122                       0.25380053     -0.00008838      0.00025843     -0.00000002
ATVX     1  Mu1.0010  Se1.122                       0.27522967     -0.00014733      0.00036691     -0.00000005
ATVX     1  Mu1.0011  Se1.122                       0.27730027      0.00032791     -0.00080834     -0.00000027
ATVX     1  Mu1.0012  Se1.122                       0.29026592      0.00004879     -0.00011366     -0.00000001
ATVX     1  Mu1.0013  Se1.122                       0.29100371      0.00000157     -0.00000241     -0.00000000
ATVX     1  Mu1.0014  Se1.122                       0.29651298      0.00019774     -0.00044386     -0.00000009
ATVX     1  Mu1.0015  Se1.122                       0.29675154     -0.00032153      0.00072124     -0.00000023
ATVX     1  Mu1.0001  Se1.123                       0.19304345     -0.00000106      0.00000548     -0.00000000
ATVX     1  Mu1.0002  Se1.123                       0.19420111     -0.00001296      0.00003514     -0.00000000
ATVX     1  Mu1.0003  Se1.123                       0.19627321     -0.00000368      0.00000655     -0.00000000
ATVX     1  Mu1.0004  Se1.123                       0.20414887      0.00001944     -0.00006272     -0.00000000
ATVX     1  Mu1.0005  Se1.123                       0.23324853      0.00000832     -0.00001979     -0.00000000
ATVX     1  Mu1.0006  Se1.123                       0.23791361      0.00002802     -0.00007090     -0.00000000
ATVX     1  Mu1.0007  Se1.123                       0.25124550      0.00000871     -0.00001864     -0.00000000
ATVX     1  Mu1.0008  Se1.123                       0.25351946      0.00000390     -0.00000974     -0.00000000
ATVX     1  Mu1.0009  Se1.123                       0.25480077     -0.00000123      0.00000546     -0.00000000
ATVX     1  Mu1.0010  Se1.123                       0.27622991     -0.00000555      0.00001586     -0.00000000
ATVX     1  Mu1.0011  Se1.123                       0.27830051      0.00000858     -0.00002538     -0.00000000
ATVX     1  Mu1.0012  Se1.123                       0.29126615     -0.00000213      0.00000618     -0.00000000
ATVX     1  Mu1.0013  Se1.123                       0.29200394     -0.00001670      0.00004237     -0.00000000
ATVX     1  Mu1.0014  Se1.123                       0.29751322      0.00104673     -0.00240887     -0.00000252
ATVX     1  Mu1.0015  Se1.123                       0.29775178      0.00064795     -0.00148212     -0.00000096
ATVX     1  Mu1.0001  Se1.124                       0.20078232      0.00188724     -0.00558652     -0.00001054
ATVX     1  Mu1.0002  Se1.124                       0.20193998      0.00109993     -0.00327002     -0.00000360
ATVX     1  Mu1.0003  Se1.124                       0.20401208     -0.00046645      0.00122091     -0.00000057
ATVX     1  Mu1.0004  Se1.124                       0.21188774      0.00013971     -0.00034779     -0.00000005
ATVX     1  Mu1.0005  Se1.124                       0.24098740     -0.00185422      0.00474355     -0.00000880
ATVX     1  Mu1.0006  Se1.124                       0.24565249     -0.00003197      0.00008290     -0.00000000
ATVX     1  Mu1.0007  Se1.124                       0.25898438     -0.00113685      0.00231669     -0.00000263
ATVX     1  Mu1.0008  Se1.124                       0.26125833      0.00031828     -0.00081538     -0.00000026
ATVX     1  Mu1.0009  Se1.124                       0.26253964     -0.00013153     -0.00021521      0.00000003
ATVX     1  Mu1.0010  Se1.124                       0.28396878     -0.00089838      0.00198783     -0.00000179
ATVX     1  Mu1.0011  Se1.124                       0.28603939     -0.00026954      0.00058033     -0.00000016
ATVX     1  Mu1.0012  Se1.124                       0.29900503     -0.00170806      0.00422554     -0.00000722
ATVX     1  Mu1.0013  Se1.124                       0.29974282      0.00014358     -0.00036180     -0.00000005
ATVX     1  Mu1.0001  Se1.125                       0.20309669      0.00001426     -0.00003839     -0.00000000
ATVX     1  Mu1.0002  Se1.125                       0.20425435      0.00000712     -0.00002019     -0.00000000
ATVX     1  Mu1.0003  Se1.125                       0.20632645     -0.00001415      0.00003482     -0.00000000
ATVX     1  Mu1.0004  Se1.125                       0.21420211     -0.00000434      0.00001148     -0.00000000
ATVX     1  Mu1.0005  Se1.125                       0.24330177     -0.00000826      0.00002061     -0.00000000
ATVX     1  Mu1.0006  Se1.125                       0.24796686     -0.00000347      0.00000909     -0.00000000
ATVX     1  Mu1.0007  Se1.125                       0.26129875     -0.00000438      0.00001144     -0.00000000
ATVX     1  Mu1.0008  Se1.125                       0.26357270      0.00000543     -0.00001435     -0.00000000
ATVX     1  Mu1.0009  Se1.125                       0.26485401     -0.00000186      0.00000276     -0.00000000
ATVX     1  Mu1.0010  Se1.125                       0.28628315     -0.00000625      0.00001567     -0.00000000
ATVX     1  Mu1.0011  Se1.125                       0.28835375     -0.00000145      0.00000388     -0.00000000
ATVX     1  Mu1.0001  Se1.126                       0.20795065      0.00258857     -0.00711701     -0.00001842
ATVX     1  Mu1.0002  Se1.126                       0.20910831      0.00154783     -0.00425166     -0.00000658
ATVX     1  Mu1.0003  Se1.126                       0.21118041      0.00011413     -0.00022848     -0.00000003
ATVX     1  Mu1.0004  Se1.126                       0.21905607      0.00010808     -0.00027070     -0.00000003
ATVX     1  Mu1.0005  Se1.126                       0.24815573     -0.00214423      0.00538391     -0.00001154
ATVX     1  Mu1.0006  Se1.126                       0.25282082     -0.00003781      0.00008384     -0.00000000
ATVX     1  Mu1.0007  Se1.126                       0.26615271     -0.00142366      0.00294519     -0.00000419
ATVX     1  Mu1.0008  Se1.126                       0.26842666      0.00047713     -0.00125091     -0.00000060
ATVX     1  Mu1.0009  Se1.126                       0.26970797      0.00001236     -0.00074049     -0.00000001
ATVX     1  Mu1.0010  Se1.126                       0.29113711     -0.00103267      0.00226977     -0.00000234
ATVX     1  Mu1.0011  Se1.126                       0.29320772     -0.00032148      0.00069228     -0.00000022
ATVX     1  Mu1.0001  Se1.127                       0.22028505     -0.00051978      0.00110711     -0.00000058
ATVX     1  Mu1.0002  Se1.127                       0.22144271      0.00090403     -0.00195270     -0.00000177
ATVX     1  Mu1.0003  Se1.127                       0.22351481     -0.00007286      0.00014345     -0.00000001
ATVX     1  Mu1.0004  Se1.127                       0.23139047      0.00101567     -0.00306461     -0.00000311
ATVX     1  Mu1.0005  Se1.127                       0.26049013      0.00001086     -0.00004338     -0.00000000
ATVX     1  Mu1.0006  Se1.127                       0.26515521     -0.00048347      0.00129744     -0.00000063
ATVX     1  Mu1.0007  Se1.127                       0.27848710     -0.00023881      0.00063945     -0.00000015
ATVX     1  Mu1.0008  Se1.127                       0.28076106     -0.00052935      0.00144078     -0.00000076
ATVX     1  Mu1.0009  Se1.127                       0.28204237      0.00016827     -0.00046839     -0.00000008
ATVX     1  Mu1.0001  Se1.128                       0.22183372      0.00000364     -0.00000894     -0.00000000
ATVX     1  Mu1.0002  Se1.128                       0.22299138     -0.00001043      0.00003071     -0.00000000
ATVX     1  Mu1.0003  Se1.128                       0.22506348      0.00000114     -0.00000557     -0.00000000
ATVX     1  Mu1.0004  Se1.128                       0.23293914      0.00003119     -0.00009400     -0.00000000
ATVX     1  Mu1.0005  Se1.128                       0.26203880      0.00000315     -0.00000790     -0.00000000
ATVX     1  Mu1.0006  Se1.128                       0.26670389      0.00000565     -0.00001412     -0.00000000
ATVX     1  Mu1.0007  Se1.128                       0.28003578     -0.00000041      0.00000227     -0.00000000
ATVX     1  Mu1.0008  Se1.128                       0.28230973     -0.00000387      0.00000954     -0.00000000
ATVX     1  Mu1.0009  Se1.128                       0.28359104      0.00000151     -0.00000346     -0.00000000
ATVX     1  Mu1.0001  Se1.129                       0.23007409     -0.00006600      0.00017769     -0.00000001
ATVX     1  Mu1.0002  Se1.129                       0.23123175     -0.00003685      0.00010084     -0.00000000
ATVX     1  Mu1.0003  Se1.129                       0.23330385      0.00006007     -0.00015390     -0.00000001
ATVX     1  Mu1.0004  Se1.129                       0.24117951      0.00002100     -0.00005447     -0.00000000
ATVX     1  Mu1.0005  Se1.129                       0.27027917      0.00003835     -0.00009622     -0.00000000
ATVX     1  Mu1.0006  Se1.129                       0.27494425      0.00001295     -0.00003269     -0.00000000
ATVX     1  Mu1.0007  Se1.129                       0.28827614      0.00001382     -0.00003186     -0.00000000
ATVX     1  Mu1.0008  Se1.129                       0.29055009     -0.00001530      0.00003749     -0.00000000
ATVX     1  Mu1.0009  Se1.129                       0.29183140      0.00001731     -0.00003821     -0.00000000
ATVX     1  Mu1.0001  Se1.130                       0.23322636      0.00012603     -0.00055344     -0.00000007
ATVX     1  Mu1.0002  Se1.130                       0.23438402     -0.00006959      0.00052483     -0.00000004
ATVX     1  Mu1.0003  Se1.130                       0.23645612      0.00002534     -0.00011471     -0.00000000
ATVX     1  Mu1.0004  Se1.130                       0.24433178      0.00088522     -0.00240901     -0.00000213
ATVX     1  Mu1.0005  Se1.130                       0.27343144     -0.00003473      0.00007781     -0.00000000
ATVX     1  Mu1.0006  Se1.130                       0.27809653      0.00052878     -0.00132806     -0.00000070
ATVX     1  Mu1.0007  Se1.130                       0.29142841     -0.00003656      0.00009818     -0.00000000
ATVX     1  Mu1.0008  Se1.130                       0.29370237     -0.00009186      0.00028050     -0.00000003
ATVX     1  Mu1.0009  Se1.130                       0.29498368      0.00000899     -0.00004910     -0.00000000
ATVX     1  Mu1.0001  Se1.131                       0.23482160     -0.00000119      0.00000349     -0.00000000
ATVX     1  Mu1.0002  Se1.131                       0.23597926     -0.00000028      0.00000014     -0.00000000
ATVX     1  Mu1.0003  Se1.131                       0.23805136      0.00000096     -0.00000361     -0.00000000
ATVX     1  Mu1.0004  Se1.131                       0.24592702      0.00001308     -0.00003718     -0.00000000
ATVX     1  Mu1.0005  Se1.131                       0.27502668      0.00000001     -0.00000043     -0.00000000
ATVX     1  Mu1.0006  Se1.131                       0.27969177     -0.00000094      0.00000278     -0.00000000
ATVX     1  Mu1.0007  Se1.131                       0.29302366     -0.00000164      0.00000426     -0.00000000
ATVX     1  Mu1.0008  Se1.131                       0.29529761     -0.00000178      0.00000414     -0.00000000
ATVX     1  Mu1.0009  Se1.131                       0.29657892      0.00000205     -0.00000518     -0.00000000
ATVX     1  Mu1.0001  Se1.132                       0.24157217      0.00171208     -0.00487824     -0.00000835
ATVX     1  Mu1.0002  Se1.132                       0.24272983      0.00091554     -0.00262028     -0.00000240
ATVX     1  Mu1.0003  Se1.132                       0.24480193     -0.00127879      0.00351875     -0.00000450
ATVX     1  Mu1.0004  Se1.132                       0.25267759      0.00025731     -0.00065881     -0.00000017
ATVX     1  Mu1.0005  Se1.132                       0.28177725     -0.00229491      0.00577810     -0.00001326
ATVX     1  Mu1.0006  Se1.132                       0.28644233      0.00005573     -0.00013086     -0.00000001
ATVX     1  Mu1.0007  Se1.132                       0.29977422     -0.00094023      0.00143324     -0.00000135
ATVX     1  Mu1.0001  Se1.133                       0.24266152      0.00008929     -0.00041344     -0.00000004
ATVX     1  Mu1.0002  Se1.133                       0.24381918     -0.00032505      0.00120896     -0.00000039
ATVX     1  Mu1.0003  Se1.133                       0.24589127      0.00015204     -0.00045373     -0.00000007
ATVX     1  Mu1.0004  Se1.133                       0.25376694      0.00056531     -0.00144425     -0.00000082
ATVX     1  Mu1.0005  Se1.133                       0.28286659      0.00014947     -0.00038476     -0.00000006
ATVX     1  Mu1.0006  Se1.133                       0.28753168      0.00068243     -0.00166709     -0.00000114
ATVX     1  Mu1.0001  Se1.134                       0.25321178     -0.00085944      0.00145037     -0.00000125
ATVX     1  Mu1.0002  Se1.134                       0.25436944     -0.00059676      0.00096796     -0.00000058
ATVX     1  Mu1.0003  Se1.134                       0.25644154     -0.00201244      0.00415663     -0.00000836
ATVX     1  Mu1.0004  Se1.134                       0.26431720      0.00016492     -0.00034915     -0.00000006
ATVX     1  Mu1.0005  Se1.134                       0.29341686     -0.00029455      0.00079564     -0.00000023
ATVX     1  Mu1.0006  Se1.134                       0.29808195     -0.00002764      0.00010238     -0.00000000
ATVX     1  Mu1.0001  Se1.135                       0.25984901      0.00000277     -0.00000655     -0.00000000
ATVX     1  Mu1.0002  Se1.135                       0.26100667      0.00000150     -0.00000326     -0.00000000
ATVX     1  Mu1.0003  Se1.135                       0.26307876     -0.00000360      0.00000873     -0.00000000
ATVX     1  Mu1.0004  Se1.135                       0.27095443     -0.00000128      0.00000316     -0.00000000
ATVX     1  Mu1.0001  Se1.136                       0.27573161     -0.00016719      0.00128224     -0.00000021
ATVX     1  Mu1.0002  Se1.136                       0.27688927     -0.00004930      0.00065272     -0.00000003
ATVX     1  Mu1.0003  Se1.136                       0.27896136      0.00107625     -0.00265916     -0.00000286
ATVX     1  Mu1.0004  Se1.136                       0.28683702     -0.00010525      0.00023961     -0.00000003
ATVX     1  Mu1.0001  Se1.137                       0.28056135      0.00001979     -0.00004589     -0.00000000
ATVX     1  Mu1.0002  Se1.137                       0.28171901     -0.00001014      0.00001213     -0.00000000
ATVX     1  Mu1.0003  Se1.137                       0.28379111     -0.00001828      0.00004782     -0.00000000
ATVX     1  Mu1.0004  Se1.137                       0.29166677     -0.00015479      0.00039354     -0.00000006
ATVX     1  Mu1.0001  Se1.138                       0.28279211      0.00030754     -0.00023072     -0.00000007
ATVX     1  Mu1.0002  Se1.138                       0.28394978     -0.00105237      0.00172376     -0.00000181
ATVX     1  Mu1.0003  Se1.138                       0.28602187     -0.00001294      0.00009855     -0.00000000
ATVX     1  Mu1.0004  Se1.138                       0.29389753     -0.00565550      0.01378751     -0.00007798
ATVX     1  Mu1.0001  Se1.139                       0.28613942      0.00001996     -0.00003793     -0.00000000
ATVX     1  Mu1.0002  Se1.139                       0.28729708      0.00001150     -0.00002341     -0.00000000
ATVX     1  Mu1.0003  Se1.139                       0.28936918     -0.00001741      0.00001840     -0.00000000
ATVX     1  Mu1.0004  Se1.139                       0.29724484     -0.00000310      0.00001089     -0.00000000
ATVX     1  Mu1.0001  Se1.140                       0.28676023      0.00020798     -0.00132519     -0.00000028
ATVX     1  Mu1.0002  Se1.140                       0.28791789      0.00014123     -0.00075854     -0.00000011
ATVX     1  Mu1.0003  Se1.140                       0.28998999     -0.00013823      0.00147373     -0.00000020
ATVX     1  Mu1.0004  Se1.140                       0.29786565     -0.00000088     -0.00005212      0.00000000
AIVX     1  Mu1.0062  In1.098 Se1.113               0.88600624      0.02420624     -0.02787582     -0.00067477
BVATP    1  Mu1.0001  Se1.113 Se1.113               0.28598727     -0.00001473      0.00003825     -0.00000000
--

   (Skipping property calculation,
    use PROP keyword to activate)
--

++ CASPT2 computation for group   3

********************************************************************************
 Multi-State initialization phase begins for group   3
--------------------------------------------------------------------------------
********************************************************************************
 Compute H0 matrices for state    3
--------------------------------------------------------------------------------
--------------------------------------------------------------------------------
 H0 matrices have been computed.

********************************************************************************
  CASPT2 EQUATION SOLUTION
--------------------------------------------------------------------------------

  Total nr of CASPT2 parameters:
   Before reduction:  1876168956
   After  reduction:  1876168956

 Variance of |WF0>:      23.3560704388

 The contributions to the second order correlation energy in atomic units.
-----------------------------------------------------------------------------------------------------------------------------
  IT.      VJTU        VJTI        ATVX        AIVX        VJAI        BVAT        BJAT        BJAI        TOTAL       RNORM  
-----------------------------------------------------------------------------------------------------------------------------
   1    -0.029312   -0.029639   -0.015355   -0.136193   -0.385163   -0.094650   -0.749728   -3.515190   -4.955230    0.012052
   2    -0.030341   -0.029754   -0.015523   -0.136954   -0.385534   -0.094946   -0.750947   -3.515926   -4.959925    0.002085
   3    -0.030381   -0.029764   -0.015539   -0.136965   -0.385554   -0.094981   -0.751045   -3.515974   -4.960202    0.000268
   4    -0.030391   -0.029762   -0.015536   -0.136944   -0.385543   -0.094974   -0.751005   -3.515948   -4.960103    0.000037
   5    -0.030392   -0.029762   -0.015536   -0.136943   -0.385542   -0.094974   -0.751004   -3.515948   -4.960101    0.000006
-----------------------------------------------------------------------------------------------------------------------------

  FINAL CASPT2 RESULT:

      Reference energy:       -3929.6829125656
      E2 (Non-variational):      -4.9601024833
      Shift correction:          -0.0323856703
      E2 (Variational):          -4.9924881536
      Total energy:           -3934.6754007192
      Residual norm:              0.0000009741
      Reference weight:           0.38187

      Contributions to the CASPT2 correlation energy
      Active & Virtual Only:         -0.1105104988
      One Inactive Excited:          -0.9183398228
      Two Inactive Excited:          -3.9312521617


++ Denominators, etc.
--------------------------------------------------------------------------------------------------------------
 Report on small energy denominators, large coefficients, and large energy contributions.
CASE  SYMM ACTIVE-MIX  NON-ACTIVE INDICES          DENOMINATOR     RHS VALUE       COEFFICIENT     CONTRIBUTION
VJTU     1  Mu1.0002  In1.073                       0.59832630      0.01809434     -0.02586691     -0.00046804
VJTU     1  Mu1.0002  In1.092                       0.39850484      0.03429630     -0.06624210     -0.00227186
VJTU     1  Mu1.0159  In1.093                       0.77866440      0.01992738     -0.02583684     -0.00051486
VJTU     1  Mu1.0002  In1.096                       0.38454853     -0.06184967      0.12005168     -0.00742516
VJTU     1  Mu1.0003  In1.096                       0.38613017      0.01916269     -0.03709822     -0.00071090
VJTU     1  Mu1.0004  In1.096                       0.39247487      0.02220781     -0.04544304     -0.00100919
VJTU     1  Mu1.0235  In1.096                       0.88714729      0.02482935     -0.02650078     -0.00065800
VJTU     1  Mu1.0002  In1.099                       0.35577403     -0.02314267      0.04728709     -0.00109435
VJTU     1  Mu1.0179  In1.100                       0.76134072     -0.02408468      0.03020454     -0.00072747
VJTIP    1  Mu1.0025  In1.100 In1.100               0.86836724     -0.02598769      0.02845282     -0.00073942
VJTIM    1  Mu1.0007  In1.100 In1.088               0.92853279      0.02370253     -0.02507295     -0.00059429
ATVX     1  Mu1.0001  Se1.113                       0.10443958     -0.00000664     -0.00000596      0.00000000
ATVX     1  Mu1.0002  Se1.113                       0.12063580      0.00001479     -0.00006610     -0.00000000
ATVX     1  Mu1.0003  Se1.113                       0.12448778      0.00003379      0.00023477      0.00000001
ATVX     1  Mu1.0004  Se1.113                       0.12853814     -0.00032544      0.00067435     -0.00000022
ATVX     1  Mu1.0005  Se1.113                       0.13656416      0.00018089     -0.00035249     -0.00000006
ATVX     1  Mu1.0006  Se1.113                       0.15847096     -0.00001312      0.00003828     -0.00000000
ATVX     1  Mu1.0007  Se1.113                       0.16813926     -0.00055864      0.00139659     -0.00000078
ATVX     1  Mu1.0008  Se1.113                       0.18253383     -0.00001838      0.00006273     -0.00000000
ATVX     1  Mu1.0009  Se1.113                       0.18428877     -0.00001809      0.00008997     -0.00000000
ATVX     1  Mu1.0010  Se1.113                       0.19100567      0.00002462     -0.00007175     -0.00000000
ATVX     1  Mu1.0011  Se1.113                       0.19376470     -0.00003209      0.00008965     -0.00000000
ATVX     1  Mu1.0012  Se1.113                       0.20095966      0.00015217     -0.00039576     -0.00000006
ATVX     1  Mu1.0013  Se1.113                       0.20767690      0.00000453     -0.00000895     -0.00000000
ATVX     1  Mu1.0014  Se1.113                       0.21152063     -0.00004441      0.00011610     -0.00000001
ATVX     1  Mu1.0015  Se1.113                       0.22144870      0.00004258     -0.00009702     -0.00000000
ATVX     1  Mu1.0016  Se1.113                       0.22231140      0.00000642     -0.00001151     -0.00000000
ATVX     1  Mu1.0017  Se1.113                       0.22632763     -0.00010489      0.00029967     -0.00000003
ATVX     1  Mu1.0018  Se1.113                       0.22723078      0.00001592     -0.00004159     -0.00000000
ATVX     1  Mu1.0019  Se1.113                       0.23355269      0.00121096     -0.00309132     -0.00000374
ATVX     1  Mu1.0020  Se1.113                       0.23639401      0.00001642     -0.00002944     -0.00000000
ATVX     1  Mu1.0021  Se1.113                       0.23776251     -0.00024880      0.00064130     -0.00000016
ATVX     1  Mu1.0022  Se1.113                       0.24245617     -0.00002405      0.00007090     -0.00000000
ATVX     1  Mu1.0023  Se1.113                       0.24610375     -0.00052686      0.00137551     -0.00000072
ATVX     1  Mu1.0024  Se1.113                       0.24788194     -0.00004024      0.00009875     -0.00000000
ATVX     1  Mu1.0025  Se1.113                       0.25354613     -0.00009827      0.00024792     -0.00000002
ATVX     1  Mu1.0026  Se1.113                       0.26048737      0.00001760     -0.00004536     -0.00000000
ATVX     1  Mu1.0027  Se1.113                       0.26073011     -0.00082558      0.00205284     -0.00000169
ATVX     1  Mu1.0028  Se1.113                       0.26213050     -0.00150349      0.00374430     -0.00000563
ATVX     1  Mu1.0029  Se1.113                       0.26424551      0.00002687     -0.00005767     -0.00000000
ATVX     1  Mu1.0030  Se1.113                       0.26679892      0.00176159     -0.00429043     -0.00000756
ATVX     1  Mu1.0031  Se1.113                       0.27051849      0.00000885     -0.00001890     -0.00000000
ATVX     1  Mu1.0032  Se1.113                       0.27289326      0.00002002     -0.00005079     -0.00000000
ATVX     1  Mu1.0033  Se1.113                       0.27739976      0.00067885     -0.00161302     -0.00000110
ATVX     1  Mu1.0034  Se1.113                       0.27771714      0.00005943     -0.00014015     -0.00000001
ATVX     1  Mu1.0035  Se1.113                       0.27791484      0.00014509     -0.00035070     -0.00000005
ATVX     1  Mu1.0036  Se1.113                       0.28329747      0.00186629     -0.00451747     -0.00000843
ATVX     1  Mu1.0037  Se1.113                       0.28682922     -0.00001646      0.00004286     -0.00000000
ATVX     1  Mu1.0038  Se1.113                       0.28935003      0.00008255     -0.00023892     -0.00000002
ATVX     1  Mu1.0039  Se1.113                       0.29227568      0.00001198     -0.00003223     -0.00000000
ATVX     1  Mu1.0040  Se1.113                       0.29244973     -0.00017526      0.00043354     -0.00000008
ATVX     1  Mu1.0041  Se1.113                       0.29492047     -0.00014831      0.00035077     -0.00000005
ATVX     1  Mu1.0001  Se1.114                       0.13784929     -0.00000650      0.00001615     -0.00000000
ATVX     1  Mu1.0002  Se1.114                       0.15404550     -0.00000142      0.00000280     -0.00000000
ATVX     1  Mu1.0003  Se1.114                       0.15789748     -0.00002456      0.00007359     -0.00000000
ATVX     1  Mu1.0004  Se1.114                       0.16194784      0.00000481     -0.00001484     -0.00000000
ATVX     1  Mu1.0005  Se1.114                       0.16997386      0.00001634     -0.00003929     -0.00000000
ATVX     1  Mu1.0006  Se1.114                       0.19188066     -0.00000058      0.00000007     -0.00000000
ATVX     1  Mu1.0007  Se1.114                       0.20154896     -0.00001876      0.00004188     -0.00000000
ATVX     1  Mu1.0008  Se1.114                       0.21594353      0.00000646     -0.00001886     -0.00000000
ATVX     1  Mu1.0009  Se1.114                       0.21769847      0.00001937     -0.00005855     -0.00000000
ATVX     1  Mu1.0010  Se1.114                       0.22441537      0.00000184     -0.00000312     -0.00000000
ATVX     1  Mu1.0011  Se1.114                       0.22717440     -0.00000911      0.00002291     -0.00000000
ATVX     1  Mu1.0012  Se1.114                       0.23436936      0.00000006      0.00000773      0.00000000
ATVX     1  Mu1.0013  Se1.114                       0.24108660     -0.00000160      0.00000482     -0.00000000
ATVX     1  Mu1.0014  Se1.114                       0.24493033      0.00000188     -0.00000556     -0.00000000
ATVX     1  Mu1.0015  Se1.114                       0.25485840     -0.00000486      0.00001613     -0.00000000
ATVX     1  Mu1.0016  Se1.114                       0.25572110      0.00001698     -0.00008953     -0.00000000
ATVX     1  Mu1.0017  Se1.114                       0.25973734     -0.00002678      0.00006754     -0.00000000
ATVX     1  Mu1.0018  Se1.114                       0.26064048     -0.00014228      0.00036747     -0.00000005
ATVX     1  Mu1.0019  Se1.114                       0.26696239     -0.00002380      0.00005968     -0.00000000
ATVX     1  Mu1.0020  Se1.114                       0.26980371     -0.00041024      0.00102391     -0.00000042
ATVX     1  Mu1.0021  Se1.114                       0.27117221      0.00001643     -0.00003941     -0.00000000
ATVX     1  Mu1.0022  Se1.114                       0.27586587      0.00164169     -0.00394945     -0.00000648
ATVX     1  Mu1.0023  Se1.114                       0.27951345     -0.00016538      0.00040252     -0.00000007
ATVX     1  Mu1.0024  Se1.114                       0.28129164     -0.00032684      0.00078407     -0.00000026
ATVX     1  Mu1.0025  Se1.114                       0.28695583     -0.00000682      0.00001526     -0.00000000
ATVX     1  Mu1.0026  Se1.114                       0.29389707      0.00010455     -0.00025048     -0.00000003
ATVX     1  Mu1.0027  Se1.114                       0.29413981      0.00001858     -0.00004346     -0.00000000
ATVX     1  Mu1.0028  Se1.114                       0.29554020      0.00006366     -0.00015004     -0.00000001
ATVX     1  Mu1.0029  Se1.114                       0.29765521      0.00127833     -0.00311450     -0.00000398
ATVX     1  Mu1.0001  Se1.115                       0.14190703     -0.00005731      0.00014427     -0.00000001
ATVX     1  Mu1.0002  Se1.115                       0.15810325      0.00003369     -0.00010227     -0.00000000
ATVX     1  Mu1.0003  Se1.115                       0.16195522      0.00094133     -0.00250715     -0.00000236
ATVX     1  Mu1.0004  Se1.115                       0.16600559      0.00017236     -0.00089344     -0.00000015
ATVX     1  Mu1.0005  Se1.115                       0.17403161      0.00026804     -0.00060099     -0.00000016
ATVX     1  Mu1.0006  Se1.115                       0.19593841      0.00000004     -0.00001253     -0.00000000
ATVX     1  Mu1.0007  Se1.115                       0.20560671     -0.00082220      0.00201013     -0.00000165
ATVX     1  Mu1.0008  Se1.115                       0.22000128     -0.00007213      0.00021956     -0.00000002
ATVX     1  Mu1.0009  Se1.115                       0.22175622     -0.00022733      0.00069918     -0.00000016
ATVX     1  Mu1.0010  Se1.115                       0.22847312      0.00002013     -0.00005360     -0.00000000
ATVX     1  Mu1.0011  Se1.115                       0.23123215     -0.00004127      0.00010797     -0.00000000
ATVX     1  Mu1.0012  Se1.115                       0.23842711      0.00002241     -0.00003592     -0.00000000
ATVX     1  Mu1.0013  Se1.115                       0.24514435     -0.00000117      0.00000353     -0.00000000
ATVX     1  Mu1.0014  Se1.115                       0.24898808     -0.00007967      0.00019104     -0.00000002
ATVX     1  Mu1.0015  Se1.115                       0.25891614      0.00007460     -0.00019120     -0.00000001
ATVX     1  Mu1.0016  Se1.115                       0.25977885     -0.00000371      0.00001003     -0.00000000
ATVX     1  Mu1.0017  Se1.115                       0.26379508      0.00020718     -0.00050169     -0.00000010
ATVX     1  Mu1.0018  Se1.115                       0.26469823     -0.00000241      0.00000438     -0.00000000
ATVX     1  Mu1.0019  Se1.115                       0.27102014      0.00084058     -0.00207954     -0.00000175
ATVX     1  Mu1.0020  Se1.115                       0.27386146     -0.00000344      0.00000630     -0.00000000
ATVX     1  Mu1.0021  Se1.115                       0.27522996     -0.00012786      0.00033211     -0.00000004
ATVX     1  Mu1.0022  Se1.115                       0.27992362     -0.00004059      0.00008998     -0.00000000
ATVX     1  Mu1.0023  Se1.115                       0.28357120     -0.00053401      0.00120105     -0.00000064
ATVX     1  Mu1.0024  Se1.115                       0.28534939     -0.00002095      0.00004818     -0.00000000
ATVX     1  Mu1.0025  Se1.115                       0.29101358      0.00000522     -0.00001392     -0.00000000
ATVX     1  Mu1.0026  Se1.115                       0.29795482      0.00000030     -0.00000201     -0.00000000
ATVX     1  Mu1.0027  Se1.115                       0.29819756     -0.00006255      0.00012944     -0.00000001
ATVX     1  Mu1.0028  Se1.115                       0.29959795     -0.00004605      0.00007457     -0.00000000
ATVX     1  Mu1.0001  Se1.116                       0.14694490     -0.00186001      0.00415585     -0.00000773
ATVX     1  Mu1.0002  Se1.116                       0.16314112      0.00011489     -0.00010780     -0.00000001
ATVX     1  Mu1.0003  Se1.116                       0.16699309      0.00004037     -0.00007460     -0.00000000
ATVX     1  Mu1.0004  Se1.116                       0.17104346     -0.00009282      0.00023894     -0.00000002
ATVX     1  Mu1.0005  Se1.116                       0.17906948      0.00001985     -0.00006275     -0.00000000
ATVX     1  Mu1.0006  Se1.116                       0.20097628      0.00045763     -0.00155172     -0.00000071
ATVX     1  Mu1.0007  Se1.116                       0.21064457      0.00000628     -0.00000807     -0.00000000
ATVX     1  Mu1.0008  Se1.116                       0.22503915      0.00002943      0.00006465      0.00000000
ATVX     1  Mu1.0009  Se1.116                       0.22679409     -0.00004417      0.00008397     -0.00000000
ATVX     1  Mu1.0010  Se1.116                       0.23351099     -0.00066753      0.00170347     -0.00000114
ATVX     1  Mu1.0011  Se1.116                       0.23627002     -0.00080323      0.00207831     -0.00000167
ATVX     1  Mu1.0012  Se1.116                       0.24346498     -0.00004699      0.00012508     -0.00000001
ATVX     1  Mu1.0013  Se1.116                       0.25018222     -0.00002296      0.00005483     -0.00000000
ATVX     1  Mu1.0014  Se1.116                       0.25402595     -0.00050152      0.00129267     -0.00000065
ATVX     1  Mu1.0015  Se1.116                       0.26395401     -0.00017206      0.00051382     -0.00000009
ATVX     1  Mu1.0016  Se1.116                       0.26481672     -0.00003291      0.00009362     -0.00000000
ATVX     1  Mu1.0017  Se1.116                       0.26883295      0.00008013     -0.00021097     -0.00000002
ATVX     1  Mu1.0018  Se1.116                       0.26973610     -0.00002553      0.00006424     -0.00000000
ATVX     1  Mu1.0019  Se1.116                       0.27605801     -0.00023306      0.00054853     -0.00000013
ATVX     1  Mu1.0020  Se1.116                       0.27889933      0.00001631     -0.00003819     -0.00000000
ATVX     1  Mu1.0021  Se1.116                       0.28026783     -0.00070431      0.00167873     -0.00000118
ATVX     1  Mu1.0022  Se1.116                       0.28496149     -0.00000636      0.00001363     -0.00000000
ATVX     1  Mu1.0023  Se1.116                       0.28860907     -0.00001729      0.00004031     -0.00000000
ATVX     1  Mu1.0024  Se1.116                       0.29038726     -0.00001321      0.00003352     -0.00000000
ATVX     1  Mu1.0025  Se1.116                       0.29605145     -0.00088823      0.00208308     -0.00000185
ATVX     1  Mu1.0001  Se1.117                       0.15077856      0.00000277     -0.00000621     -0.00000000
ATVX     1  Mu1.0002  Se1.117                       0.16697477     -0.00000710      0.00001928     -0.00000000
ATVX     1  Mu1.0003  Se1.117                       0.17082675     -0.00000301      0.00000808     -0.00000000
ATVX     1  Mu1.0004  Se1.117                       0.17487711      0.00000138     -0.00000363     -0.00000000
ATVX     1  Mu1.0005  Se1.117                       0.18290313     -0.00000088      0.00000224     -0.00000000
ATVX     1  Mu1.0006  Se1.117                       0.20480993      0.00000236     -0.00000659     -0.00000000
ATVX     1  Mu1.0007  Se1.117                       0.21447823      0.00000147     -0.00000345     -0.00000000
ATVX     1  Mu1.0008  Se1.117                       0.22887280     -0.00000202      0.00000534     -0.00000000
ATVX     1  Mu1.0009  Se1.117                       0.23062775      0.00000244     -0.00000639     -0.00000000
ATVX     1  Mu1.0010  Se1.117                       0.23734464      0.00000172     -0.00000387     -0.00000000
ATVX     1  Mu1.0011  Se1.117                       0.24010367      0.00000285     -0.00000658     -0.00000000
ATVX     1  Mu1.0012  Se1.117                       0.24729863      0.00000097     -0.00000255     -0.00000000
ATVX     1  Mu1.0013  Se1.117                       0.25401588     -0.00008187      0.00019332     -0.00000002
ATVX     1  Mu1.0014  Se1.117                       0.25785960      0.00000124     -0.00000291     -0.00000000
ATVX     1  Mu1.0015  Se1.117                       0.26778767      0.00001070     -0.00002469     -0.00000000
ATVX     1  Mu1.0016  Se1.117                       0.26865037     -0.00002654      0.00006263     -0.00000000
ATVX     1  Mu1.0017  Se1.117                       0.27266661     -0.00000688      0.00001567     -0.00000000
ATVX     1  Mu1.0018  Se1.117                       0.27356975     -0.00007418      0.00016980     -0.00000001
ATVX     1  Mu1.0019  Se1.117                       0.27989166     -0.00000061      0.00000147     -0.00000000
ATVX     1  Mu1.0020  Se1.117                       0.28273298      0.00000049     -0.00000012     -0.00000000
ATVX     1  Mu1.0021  Se1.117                       0.28410148      0.00000303     -0.00000647     -0.00000000
ATVX     1  Mu1.0022  Se1.117                       0.28879514     -0.00004128      0.00009761     -0.00000000
ATVX     1  Mu1.0023  Se1.117                       0.29244273      0.00000641     -0.00001491     -0.00000000
ATVX     1  Mu1.0024  Se1.117                       0.29422091     -0.00022161      0.00052338     -0.00000012
ATVX     1  Mu1.0025  Se1.117                       0.29988510      0.00000593     -0.00001383     -0.00000000
ATVX     1  Mu1.0001  Se1.118                       0.15979489     -0.00000646      0.00001962     -0.00000000
ATVX     1  Mu1.0002  Se1.118                       0.17599111      0.00001440     -0.00002945     -0.00000000
ATVX     1  Mu1.0003  Se1.118                       0.17984308      0.00099591     -0.00287394     -0.00000286
ATVX     1  Mu1.0004  Se1.118                       0.18389345      0.00011730     -0.00050990     -0.00000006
ATVX     1  Mu1.0005  Se1.118                       0.19191947      0.00023390     -0.00057622     -0.00000013
ATVX     1  Mu1.0006  Se1.118                       0.21382626     -0.00000734      0.00001734     -0.00000000
ATVX     1  Mu1.0007  Se1.118                       0.22349456     -0.00067228      0.00162702     -0.00000109
ATVX     1  Mu1.0008  Se1.118                       0.23788913     -0.00006736      0.00020282     -0.00000001
ATVX     1  Mu1.0009  Se1.118                       0.23964408     -0.00021484      0.00066364     -0.00000014
ATVX     1  Mu1.0010  Se1.118                       0.24636098      0.00003291     -0.00008914     -0.00000000
ATVX     1  Mu1.0011  Se1.118                       0.24912000     -0.00001771      0.00004474     -0.00000000
ATVX     1  Mu1.0012  Se1.118                       0.25631496      0.00003237     -0.00002524     -0.00000000
ATVX     1  Mu1.0013  Se1.118                       0.26303221     -0.00000052      0.00000170     -0.00000000
ATVX     1  Mu1.0014  Se1.118                       0.26687594     -0.00006105      0.00014176     -0.00000001
ATVX     1  Mu1.0015  Se1.118                       0.27680400      0.00007222     -0.00018087     -0.00000001
ATVX     1  Mu1.0016  Se1.118                       0.27766670     -0.00000273      0.00000791     -0.00000000
ATVX     1  Mu1.0017  Se1.118                       0.28168294      0.00018634     -0.00045214     -0.00000008
ATVX     1  Mu1.0018  Se1.118                       0.28258608     -0.00000204      0.00000470     -0.00000000
ATVX     1  Mu1.0019  Se1.118                       0.28890800      0.00070612     -0.00167832     -0.00000119
ATVX     1  Mu1.0020  Se1.118                       0.29174931     -0.00000644      0.00001587     -0.00000000
ATVX     1  Mu1.0021  Se1.118                       0.29311781     -0.00009631      0.00023741     -0.00000002
ATVX     1  Mu1.0022  Se1.118                       0.29781147     -0.00002630      0.00005484     -0.00000000
ATVX     1  Mu1.0001  Se1.119                       0.15999131     -0.00000154      0.00000355     -0.00000000
ATVX     1  Mu1.0002  Se1.119                       0.17618753      0.00000360     -0.00001018     -0.00000000
ATVX     1  Mu1.0003  Se1.119                       0.18003951     -0.00000619      0.00001906     -0.00000000
ATVX     1  Mu1.0004  Se1.119                       0.18408987     -0.00001580      0.00004453     -0.00000000
ATVX     1  Mu1.0005  Se1.119                       0.19211589      0.00000323     -0.00000931     -0.00000000
ATVX     1  Mu1.0006  Se1.119                       0.21402269      0.00000059     -0.00000173     -0.00000000
ATVX     1  Mu1.0007  Se1.119                       0.22369099      0.00000285     -0.00000782     -0.00000000
ATVX     1  Mu1.0008  Se1.119                       0.23808556      0.00000283     -0.00000829     -0.00000000
ATVX     1  Mu1.0009  Se1.119                       0.23984050      0.00000617     -0.00001938     -0.00000000
ATVX     1  Mu1.0010  Se1.119                       0.24655740     -0.00000121      0.00000357     -0.00000000
ATVX     1  Mu1.0011  Se1.119                       0.24931643     -0.00000336      0.00000836     -0.00000000
ATVX     1  Mu1.0012  Se1.119                       0.25651139     -0.00000105      0.00000281     -0.00000000
ATVX     1  Mu1.0013  Se1.119                       0.26322863      0.00000110     -0.00000216     -0.00000000
ATVX     1  Mu1.0014  Se1.119                       0.26707236      0.00000025     -0.00000085     -0.00000000
ATVX     1  Mu1.0015  Se1.119                       0.27700043      0.00000028     -0.00000006     -0.00000000
ATVX     1  Mu1.0016  Se1.119                       0.27786313     -0.00002009      0.00004093     -0.00000000
ATVX     1  Mu1.0017  Se1.119                       0.28187936     -0.00000829      0.00002032     -0.00000000
ATVX     1  Mu1.0018  Se1.119                       0.28278251     -0.00003869      0.00009487     -0.00000000
ATVX     1  Mu1.0019  Se1.119                       0.28910442     -0.00001489      0.00003589     -0.00000000
ATVX     1  Mu1.0020  Se1.119                       0.29194574     -0.00012794      0.00030769     -0.00000004
ATVX     1  Mu1.0021  Se1.119                       0.29331424      0.00000386     -0.00000942     -0.00000000
ATVX     1  Mu1.0022  Se1.119                       0.29800790      0.00046822     -0.00109915     -0.00000051
ATVX     1  Mu1.0001  Se1.120                       0.16620705      0.00000833     -0.00001919     -0.00000000
ATVX     1  Mu1.0002  Se1.120                       0.18240327     -0.00001802      0.00005000     -0.00000000
ATVX     1  Mu1.0003  Se1.120                       0.18625524     -0.00000588      0.00001622     -0.00000000
ATVX     1  Mu1.0004  Se1.120                       0.19030561      0.00000457     -0.00001214     -0.00000000
ATVX     1  Mu1.0005  Se1.120                       0.19833163     -0.00000156      0.00000409     -0.00000000
ATVX     1  Mu1.0006  Se1.120                       0.22023842      0.00000377     -0.00001057     -0.00000000
ATVX     1  Mu1.0007  Se1.120                       0.22990672      0.00000251     -0.00000577     -0.00000000
ATVX     1  Mu1.0008  Se1.120                       0.24430129     -0.00000522      0.00001377     -0.00000000
ATVX     1  Mu1.0009  Se1.120                       0.24605624      0.00000503     -0.00001278     -0.00000000
ATVX     1  Mu1.0010  Se1.120                       0.25277314      0.00000432     -0.00001010     -0.00000000
ATVX     1  Mu1.0011  Se1.120                       0.25553217      0.00000715     -0.00001663     -0.00000000
ATVX     1  Mu1.0012  Se1.120                       0.26272712      0.00000188     -0.00000473     -0.00000000
ATVX     1  Mu1.0013  Se1.120                       0.26944437     -0.00019283      0.00044688     -0.00000009
ATVX     1  Mu1.0014  Se1.120                       0.27328810      0.00000358     -0.00000811     -0.00000000
ATVX     1  Mu1.0015  Se1.120                       0.28321616      0.00002345     -0.00005265     -0.00000000
ATVX     1  Mu1.0016  Se1.120                       0.28407886     -0.00005098      0.00011808     -0.00000001
ATVX     1  Mu1.0017  Se1.120                       0.28809510     -0.00001438      0.00003204     -0.00000000
ATVX     1  Mu1.0018  Se1.120                       0.28899824     -0.00014883      0.00033674     -0.00000005
ATVX     1  Mu1.0019  Se1.120                       0.29532016     -0.00000063      0.00000142     -0.00000000
ATVX     1  Mu1.0020  Se1.120                       0.29816147     -0.00000011      0.00000229     -0.00000000
ATVX     1  Mu1.0021  Se1.120                       0.29952998      0.00000715     -0.00001452     -0.00000000
ATVX     1  Mu1.0001  Se1.121                       0.17594494      0.00004548     -0.00011847     -0.00000001
ATVX     1  Mu1.0002  Se1.121                       0.19214116     -0.00007063      0.00019685     -0.00000001
ATVX     1  Mu1.0003  Se1.121                       0.19599313     -0.00002298      0.00006507     -0.00000000
ATVX     1  Mu1.0004  Se1.121                       0.20004350      0.00002466     -0.00006836     -0.00000000
ATVX     1  Mu1.0005  Se1.121                       0.20806952     -0.00000129      0.00000356     -0.00000000
ATVX     1  Mu1.0006  Se1.121                       0.22997631     -0.00000365      0.00001081     -0.00000000
ATVX     1  Mu1.0007  Se1.121                       0.23964461      0.00000553     -0.00001306     -0.00000000
ATVX     1  Mu1.0008  Se1.121                       0.25403918     -0.00000633      0.00001591     -0.00000000
ATVX     1  Mu1.0009  Se1.121                       0.25579413      0.00001099     -0.00002933     -0.00000000
ATVX     1  Mu1.0010  Se1.121                       0.26251103      0.00002096     -0.00004957     -0.00000000
ATVX     1  Mu1.0011  Se1.121                       0.26527005      0.00002736     -0.00006603     -0.00000000
ATVX     1  Mu1.0012  Se1.121                       0.27246501      0.00000505     -0.00001151     -0.00000000
ATVX     1  Mu1.0013  Se1.121                       0.27918226     -0.00020704      0.00045286     -0.00000009
ATVX     1  Mu1.0014  Se1.121                       0.28302599      0.00001472     -0.00003561     -0.00000000
ATVX     1  Mu1.0015  Se1.121                       0.29295405      0.00005603     -0.00013068     -0.00000001
ATVX     1  Mu1.0016  Se1.121                       0.29381675     -0.00009836      0.00022729     -0.00000002
ATVX     1  Mu1.0017  Se1.121                       0.29783299     -0.00003631      0.00008469     -0.00000000
ATVX     1  Mu1.0018  Se1.121                       0.29873613     -0.00035302      0.00081251     -0.00000029
ATVX     1  Mu1.0001  Se1.122                       0.18451638     -0.00106297      0.00248909     -0.00000265
ATVX     1  Mu1.0002  Se1.122                       0.20071260      0.00043264     -0.00136333     -0.00000059
ATVX     1  Mu1.0003  Se1.122                       0.20456457      0.00007720     -0.00020451     -0.00000002
ATVX     1  Mu1.0004  Se1.122                       0.20861494     -0.00009188      0.00025554     -0.00000002
ATVX     1  Mu1.0005  Se1.122                       0.21664096      0.00000950     -0.00001867     -0.00000000
ATVX     1  Mu1.0006  Se1.122                       0.23854776      0.00022238     -0.00077242     -0.00000017
ATVX     1  Mu1.0007  Se1.122                       0.24821605     -0.00000747      0.00001810     -0.00000000
ATVX     1  Mu1.0008  Se1.122                       0.26261063      0.00013433     -0.00027874     -0.00000004
ATVX     1  Mu1.0009  Se1.122                       0.26436557     -0.00006508      0.00015270     -0.00000001
ATVX     1  Mu1.0010  Se1.122                       0.27108247     -0.00045163      0.00113745     -0.00000051
ATVX     1  Mu1.0011  Se1.122                       0.27384150     -0.00073065      0.00181364     -0.00000133
ATVX     1  Mu1.0012  Se1.122                       0.28103646     -0.00003097      0.00007698     -0.00000000
ATVX     1  Mu1.0013  Se1.122                       0.28775370     -0.00001484      0.00003221     -0.00000000
ATVX     1  Mu1.0014  Se1.122                       0.29159743     -0.00046095      0.00108589     -0.00000050
ATVX     1  Mu1.0001  Se1.123                       0.18511778     -0.00000872      0.00002343     -0.00000000
ATVX     1  Mu1.0002  Se1.123                       0.20131400     -0.00003033      0.00007558     -0.00000000
ATVX     1  Mu1.0003  Se1.123                       0.20516598     -0.00001586      0.00003932     -0.00000000
ATVX     1  Mu1.0004  Se1.123                       0.20921634     -0.00000256      0.00000726     -0.00000000
ATVX     1  Mu1.0005  Se1.123                       0.21724236     -0.00000593      0.00001506     -0.00000000
ATVX     1  Mu1.0006  Se1.123                       0.23914916      0.00001978     -0.00005499     -0.00000000
ATVX     1  Mu1.0007  Se1.123                       0.24881746      0.00000942     -0.00002149     -0.00000000
ATVX     1  Mu1.0008  Se1.123                       0.26321203     -0.00000992      0.00002477     -0.00000000
ATVX     1  Mu1.0009  Se1.123                       0.26496697      0.00001359     -0.00003353     -0.00000000
ATVX     1  Mu1.0010  Se1.123                       0.27168387      0.00000132      0.00000020      0.00000000
ATVX     1  Mu1.0011  Se1.123                       0.27444290      0.00001036     -0.00002250     -0.00000000
ATVX     1  Mu1.0012  Se1.123                       0.28163786      0.00000531     -0.00001432     -0.00000000
ATVX     1  Mu1.0013  Se1.123                       0.28835510     -0.00050977      0.00113836     -0.00000058
ATVX     1  Mu1.0014  Se1.123                       0.29219883     -0.00000244      0.00000482     -0.00000000
ATVX     1  Mu1.0001  Se1.124                       0.19288081      0.00000692     -0.00004352     -0.00000000
ATVX     1  Mu1.0002  Se1.124                       0.20907702      0.00005080     -0.00007071     -0.00000000
ATVX     1  Mu1.0003  Se1.124                       0.21292900      0.00352459     -0.00994740     -0.00003506
ATVX     1  Mu1.0004  Se1.124                       0.21697936      0.00022811     -0.00079753     -0.00000018
ATVX     1  Mu1.0005  Se1.124                       0.22500538      0.00126116     -0.00333247     -0.00000420
ATVX     1  Mu1.0006  Se1.124                       0.24691218     -0.00002693      0.00006711     -0.00000000
ATVX     1  Mu1.0007  Se1.124                       0.25658048     -0.00216836      0.00496459     -0.00001077
ATVX     1  Mu1.0008  Se1.124                       0.27097505     -0.00015122      0.00044730     -0.00000007
ATVX     1  Mu1.0009  Se1.124                       0.27273000     -0.00049872      0.00152238     -0.00000076
ATVX     1  Mu1.0010  Se1.124                       0.27944689      0.00009147     -0.00024482     -0.00000002
ATVX     1  Mu1.0011  Se1.124                       0.28220592     -0.00005922      0.00013951     -0.00000001
ATVX     1  Mu1.0012  Se1.124                       0.28940088     -0.00005528      0.00039092     -0.00000002
ATVX     1  Mu1.0013  Se1.124                       0.29611813     -0.00000076      0.00000244     -0.00000000
ATVX     1  Mu1.0014  Se1.124                       0.29996185     -0.00015553      0.00033164     -0.00000005
ATVX     1  Mu1.0001  Se1.125                       0.19553084     -0.00000027     -0.00000007      0.00000000
ATVX     1  Mu1.0002  Se1.125                       0.21172705      0.00000459     -0.00001255     -0.00000000
ATVX     1  Mu1.0003  Se1.125                       0.21557903      0.00001801     -0.00004936     -0.00000000
ATVX     1  Mu1.0004  Se1.125                       0.21962939     -0.00001570      0.00003931     -0.00000000
ATVX     1  Mu1.0005  Se1.125                       0.22765541      0.00000892     -0.00002446     -0.00000000
ATVX     1  Mu1.0006  Se1.125                       0.24956221      0.00000008     -0.00000028     -0.00000000
ATVX     1  Mu1.0007  Se1.125                       0.25923051     -0.00001084      0.00002415     -0.00000000
ATVX     1  Mu1.0008  Se1.125                       0.27362508      0.00000266     -0.00000737     -0.00000000
ATVX     1  Mu1.0009  Se1.125                       0.27538003      0.00000344     -0.00000969     -0.00000000
ATVX     1  Mu1.0010  Se1.125                       0.28209692     -0.00000109      0.00000306     -0.00000000
ATVX     1  Mu1.0011  Se1.125                       0.28485595     -0.00000438      0.00001000     -0.00000000
ATVX     1  Mu1.0012  Se1.125                       0.29205091     -0.00000154      0.00000388     -0.00000000
ATVX     1  Mu1.0013  Se1.125                       0.29876816     -0.00000148      0.00000360     -0.00000000
ATVX     1  Mu1.0001  Se1.126                       0.19986650     -0.00000237     -0.00002275      0.00000000
ATVX     1  Mu1.0002  Se1.126                       0.21606272      0.00008799     -0.00018359     -0.00000002
ATVX     1  Mu1.0003  Se1.126                       0.21991469      0.00361740     -0.00978145     -0.00003538
ATVX     1  Mu1.0004  Se1.126                       0.22396506      0.00057303     -0.00160815     -0.00000092
ATVX     1  Mu1.0005  Se1.126                       0.23199108      0.00145095     -0.00381515     -0.00000554
ATVX     1  Mu1.0006  Se1.126                       0.25389787     -0.00001954      0.00005156     -0.00000000
ATVX     1  Mu1.0007  Se1.126                       0.26356617     -0.00208996      0.00469468     -0.00000981
ATVX     1  Mu1.0008  Se1.126                       0.27796074     -0.00010930      0.00034723     -0.00000004
ATVX     1  Mu1.0009  Se1.126                       0.27971569     -0.00036801      0.00122211     -0.00000045
ATVX     1  Mu1.0010  Se1.126                       0.28643259      0.00007810     -0.00021193     -0.00000002
ATVX     1  Mu1.0011  Se1.126                       0.28919162     -0.00006904      0.00016311     -0.00000001
ATVX     1  Mu1.0012  Se1.126                       0.29638657     -0.00017376      0.00068873     -0.00000012
ATVX     1  Mu1.0001  Se1.127                       0.21291671      0.00201048     -0.00494447     -0.00000994
ATVX     1  Mu1.0002  Se1.127                       0.22911293     -0.00035408      0.00138634     -0.00000049
ATVX     1  Mu1.0003  Se1.127                       0.23296490     -0.00006797      0.00018283     -0.00000001
ATVX     1  Mu1.0004  Se1.127                       0.23701527      0.00013868     -0.00039290     -0.00000005
ATVX     1  Mu1.0005  Se1.127                       0.24504129     -0.00002688      0.00005644     -0.00000000
ATVX     1  Mu1.0006  Se1.127                       0.26694809     -0.00058914      0.00179976     -0.00000106
ATVX     1  Mu1.0007  Se1.127                       0.27661638     -0.00000405      0.00000915     -0.00000000
ATVX     1  Mu1.0008  Se1.127                       0.29101096      0.00012450     -0.00044419     -0.00000006
ATVX     1  Mu1.0009  Se1.127                       0.29276590      0.00000490      0.00001893      0.00000000
ATVX     1  Mu1.0010  Se1.127                       0.29948280      0.00052598     -0.00131075     -0.00000069
ATVX     1  Mu1.0001  Se1.128                       0.21437263     -0.00000804      0.00002208     -0.00000000
ATVX     1  Mu1.0002  Se1.128                       0.23056885     -0.00003313      0.00009605     -0.00000000
ATVX     1  Mu1.0003  Se1.128                       0.23442082     -0.00000691      0.00001939     -0.00000000
ATVX     1  Mu1.0004  Se1.128                       0.23847119      0.00000378     -0.00001115     -0.00000000
ATVX     1  Mu1.0005  Se1.128                       0.24649721     -0.00000078      0.00000127     -0.00000000
ATVX     1  Mu1.0006  Se1.128                       0.26840401      0.00000066     -0.00000406     -0.00000000
ATVX     1  Mu1.0007  Se1.128                       0.27807230     -0.00000015      0.00000028     -0.00000000
ATVX     1  Mu1.0008  Se1.128                       0.29246688      0.00000113     -0.00000532     -0.00000000
ATVX     1  Mu1.0009  Se1.128                       0.29422182      0.00000186     -0.00000383     -0.00000000
ATVX     1  Mu1.0001  Se1.129                       0.22175563     -0.00000004      0.00000124     -0.00000000
ATVX     1  Mu1.0002  Se1.129                       0.23795184     -0.00001985      0.00005266     -0.00000000
ATVX     1  Mu1.0003  Se1.129                       0.24180382     -0.00008852      0.00024148     -0.00000002
ATVX     1  Mu1.0004  Se1.129                       0.24585418      0.00005810     -0.00014978     -0.00000001
ATVX     1  Mu1.0005  Se1.129                       0.25388020     -0.00002864      0.00007462     -0.00000000
ATVX     1  Mu1.0006  Se1.129                       0.27578700     -0.00000048      0.00000223     -0.00000000
ATVX     1  Mu1.0007  Se1.129                       0.28545530      0.00004437     -0.00009832     -0.00000000
ATVX     1  Mu1.0008  Se1.129                       0.29984987     -0.00000638      0.00001559     -0.00000000
ATVX     1  Mu1.0001  Se1.130                       0.22569358     -0.00020207      0.00099489     -0.00000020
ATVX     1  Mu1.0002  Se1.130                       0.24188980     -0.00090630      0.00263050     -0.00000238
ATVX     1  Mu1.0003  Se1.130                       0.24574177     -0.00005869      0.00014597     -0.00000001
ATVX     1  Mu1.0004  Se1.130                       0.24979214      0.00010112     -0.00026817     -0.00000003
ATVX     1  Mu1.0005  Se1.130                       0.25781816      0.00003512     -0.00010246     -0.00000000
ATVX     1  Mu1.0006  Se1.130                       0.27972496      0.00029687     -0.00078544     -0.00000023
ATVX     1  Mu1.0007  Se1.130                       0.28939325     -0.00002690      0.00006666     -0.00000000
ATVX     1  Mu1.0001  Se1.131                       0.22726035      0.00000271     -0.00000838     -0.00000000
ATVX     1  Mu1.0002  Se1.131                       0.24345657     -0.00001182      0.00003230     -0.00000000
ATVX     1  Mu1.0003  Se1.131                       0.24730854     -0.00000251      0.00000649     -0.00000000
ATVX     1  Mu1.0004  Se1.131                       0.25135891      0.00000227     -0.00000687     -0.00000000
ATVX     1  Mu1.0005  Se1.131                       0.25938493      0.00000089     -0.00000243     -0.00000000
ATVX     1  Mu1.0006  Se1.131                       0.28129173     -0.00000258      0.00000693     -0.00000000
ATVX     1  Mu1.0007  Se1.131                       0.29096002     -0.00000059      0.00000115     -0.00000000
ATVX     1  Mu1.0001  Se1.132                       0.23371600     -0.00011091      0.00027893     -0.00000003
ATVX     1  Mu1.0002  Se1.132                       0.24991222      0.00009333     -0.00014628     -0.00000001
ATVX     1  Mu1.0003  Se1.132                       0.25376419      0.00489213     -0.01295474     -0.00006338
ATVX     1  Mu1.0004  Se1.132                       0.25781456      0.00193254     -0.00466436     -0.00000901
ATVX     1  Mu1.0005  Se1.132                       0.26584058      0.00104949     -0.00261182     -0.00000274
ATVX     1  Mu1.0006  Se1.132                       0.28774737      0.00005066     -0.00012054     -0.00000001
ATVX     1  Mu1.0007  Se1.132                       0.29741567     -0.00244670      0.00548419     -0.00001342
ATVX     1  Mu1.0001  Se1.133                       0.23518666     -0.00088124      0.00282213     -0.00000249
ATVX     1  Mu1.0002  Se1.133                       0.25138288     -0.00083495      0.00229116     -0.00000191
ATVX     1  Mu1.0003  Se1.133                       0.25523485     -0.00032891      0.00085714     -0.00000028
ATVX     1  Mu1.0004  Se1.133                       0.25928522     -0.00003555      0.00008002     -0.00000000
ATVX     1  Mu1.0005  Se1.133                       0.26731124     -0.00001620      0.00002773     -0.00000000
ATVX     1  Mu1.0006  Se1.133                       0.28921803      0.00052238     -0.00145544     -0.00000076
ATVX     1  Mu1.0007  Se1.133                       0.29888633      0.00011516     -0.00024996     -0.00000003
ATVX     1  Mu1.0001  Se1.134                       0.24536285     -0.00005207      0.00017962     -0.00000001
ATVX     1  Mu1.0002  Se1.134                       0.26155907     -0.00007244      0.00016494     -0.00000001
ATVX     1  Mu1.0003  Se1.134                       0.26541105     -0.00014898     -0.00039728      0.00000006
ATVX     1  Mu1.0004  Se1.134                       0.26946141     -0.00105661      0.00175454     -0.00000185
ATVX     1  Mu1.0005  Se1.134                       0.27748743     -0.00067409      0.00191261     -0.00000129
ATVX     1  Mu1.0006  Se1.134                       0.29939423     -0.00004030      0.00007441     -0.00000000
ATVX     1  Mu1.0001  Se1.135                       0.25231274     -0.00000007      0.00000054     -0.00000000
ATVX     1  Mu1.0002  Se1.135                       0.26850896      0.00000117     -0.00000282     -0.00000000
ATVX     1  Mu1.0003  Se1.135                       0.27236093      0.00000481     -0.00001142     -0.00000000
ATVX     1  Mu1.0004  Se1.135                       0.27641130     -0.00000287      0.00000694     -0.00000000
ATVX     1  Mu1.0005  Se1.135                       0.28443732      0.00000041     -0.00000037     -0.00000000
ATVX     1  Mu1.0001  Se1.136                       0.26833938      0.00001373     -0.00002123     -0.00000000
ATVX     1  Mu1.0002  Se1.136                       0.28453559      0.00004751     -0.00017008     -0.00000001
ATVX     1  Mu1.0003  Se1.136                       0.28838757     -0.00124104      0.00396382     -0.00000492
ATVX     1  Mu1.0004  Se1.136                       0.29243793      0.00064756     -0.00145163     -0.00000094
ATVX     1  Mu1.0001  Se1.137                       0.27257277     -0.00009628      0.00022146     -0.00000002
ATVX     1  Mu1.0002  Se1.137                       0.28876899      0.00015235     -0.00039390     -0.00000006
ATVX     1  Mu1.0003  Se1.137                       0.29262096      0.00003706     -0.00009371     -0.00000000
ATVX     1  Mu1.0004  Se1.137                       0.29667133     -0.00003302      0.00008145     -0.00000000
ATVX     1  Mu1.0001  Se1.138                       0.27370599     -0.00480748      0.01096693     -0.00005272
ATVX     1  Mu1.0002  Se1.138                       0.28990220      0.00383823     -0.00975366     -0.00003744
ATVX     1  Mu1.0003  Se1.138                       0.29375418      0.00048631     -0.00111705     -0.00000054
ATVX     1  Mu1.0004  Se1.138                       0.29780454     -0.00061668      0.00150073     -0.00000093
ATVX     1  Mu1.0001  Se1.139                       0.27877991      0.00000309     -0.00000466     -0.00000000
ATVX     1  Mu1.0002  Se1.139                       0.29497613      0.00000585     -0.00002375     -0.00000000
ATVX     1  Mu1.0003  Se1.139                       0.29882810     -0.00005868      0.00018119     -0.00000001
ATVX     1  Mu1.0001  Se1.140                       0.27904980     -0.00002186     -0.00000264      0.00000000
ATVX     1  Mu1.0002  Se1.140                       0.29524602     -0.00004173      0.00023507     -0.00000001
ATVX     1  Mu1.0003  Se1.140                       0.29909799      0.00161599     -0.00486039     -0.00000785
ATVX     1  Mu1.0001  Se1.141                       0.29472848      0.00152118     -0.00309786     -0.00000471
AIVX     1  Mu1.0063  In1.098 Se1.113               0.88646626     -0.02371249      0.02732809     -0.00064802
BVATP    1  Mu1.0001  Se1.113 Se1.113               0.28882510      0.00044972     -0.00109283     -0.00000049
BVATP    1  Mu1.0002  Se1.113 Se1.113               0.29335032      0.00002825     -0.00006941     -0.00000000
--

   (Skipping property calculation,
    use PROP keyword to activate)
--

++ CASPT2 computation for group   4

********************************************************************************
 Multi-State initialization phase begins for group   4
--------------------------------------------------------------------------------
********************************************************************************
 Compute H0 matrices for state    4
--------------------------------------------------------------------------------
--------------------------------------------------------------------------------
 H0 matrices have been computed.

********************************************************************************
  CASPT2 EQUATION SOLUTION
--------------------------------------------------------------------------------

  Total nr of CASPT2 parameters:
   Before reduction:  1876168956
   After  reduction:  1876168956

 Variance of |WF0>:      23.3722882351

 The contributions to the second order correlation energy in atomic units.
-----------------------------------------------------------------------------------------------------------------------------
  IT.      VJTU        VJTI        ATVX        AIVX        VJAI        BVAT        BJAT        BJAI        TOTAL       RNORM  
-----------------------------------------------------------------------------------------------------------------------------
   1    -0.044955   -0.030790   -0.014197   -0.137722   -0.390010   -0.093506   -0.744242   -3.515420   -4.970842    0.015828
   2    -0.047138   -0.030938   -0.014347   -0.138518   -0.390469   -0.093830   -0.745652   -3.516275   -4.977167    0.003378
   3    -0.047249   -0.030950   -0.014368   -0.138510   -0.390479   -0.093866   -0.745749   -3.516313   -4.977482    0.000446
   4    -0.047267   -0.030945   -0.014361   -0.138477   -0.390459   -0.093855   -0.745685   -3.516272   -4.977320    0.000063
   5    -0.047268   -0.030945   -0.014361   -0.138475   -0.390459   -0.093854   -0.745683   -3.516270   -4.977315    0.000010
   6    -0.047268   -0.030945   -0.014361   -0.138475   -0.390459   -0.093854   -0.745684   -3.516271   -4.977318    0.000002
-----------------------------------------------------------------------------------------------------------------------------

  FINAL CASPT2 RESULT:

      Reference energy:       -3929.6748546820
      E2 (Non-variational):      -4.9773176569
      Shift correction:          -0.0363179097
      E2 (Variational):          -5.0136355666
      Total energy:           -3934.6884902487
      Residual norm:              0.0000002940
      Reference weight:           0.37653

      Contributions to the CASPT2 correlation energy
      Active & Virtual Only:         -0.1082150557
      One Inactive Excited:          -0.9314272465
      Two Inactive Excited:          -3.9376753548


++ Denominators, etc.
--------------------------------------------------------------------------------------------------------------
 Report on small energy denominators, large coefficients, and large energy contributions.
CASE  SYMM ACTIVE-MIX  NON-ACTIVE INDICES          DENOMINATOR     RHS VALUE       COEFFICIENT     CONTRIBUTION
VJTU     1  Mu1.0002  In1.089                       0.41977334     -0.03617254      0.06995946     -0.00253061
VJTU     1  Mu1.0001  In1.090                       0.35761690      0.02341967     -0.05094973     -0.00119323
VJTU     1  Mu1.0001  In1.092                       0.37963098      0.02654586     -0.05363088     -0.00142368
VJTU     1  Mu1.0002  In1.095                       0.37207063     -0.06566869      0.13858051     -0.00910040
VJTU     1  Mu1.0005  In1.095                       0.42694162     -0.01824010      0.04406293     -0.00080371
VJTU     1  Mu1.0001  In1.096                       0.37079920     -0.03791727      0.07860715     -0.00298057
VJTU     1  Mu1.0002  In1.097                       0.35289057      0.02813828     -0.06403214     -0.00180175
VJTU     1  Mu1.0002  In1.098                       0.34535960      0.05020714     -0.10514768     -0.00527916
VJTU     1  Mu1.0005  In1.098                       0.40023059      0.01551349     -0.03143834     -0.00048772
VJTU     1  Mu1.0001  In1.099                       0.33683544     -0.01623048      0.03483680     -0.00056542
VJTU     1  Mu1.0002  In1.100                       0.31504824     -0.02231955      0.05102376     -0.00113883
VJTIP    1  Mu1.0027  In1.100 In1.100               0.86092625     -0.02628048      0.02900165     -0.00076218
ATVX     1  Mu1.0001  Se1.113                       0.10591379     -0.00005612     -0.00023799      0.00000001
ATVX     1  Mu1.0002  Se1.113                       0.11137909     -0.00031780      0.00071041     -0.00000023
ATVX     1  Mu1.0003  Se1.113                       0.11965657      0.00000186     -0.00000045     -0.00000000
ATVX     1  Mu1.0004  Se1.113                       0.12736134     -0.00100438      0.00210569     -0.00000211
ATVX     1  Mu1.0005  Se1.113                       0.14127419     -0.00000289      0.00000881     -0.00000000
ATVX     1  Mu1.0006  Se1.113                       0.14785690      0.00004213      0.00002826      0.00000000
ATVX     1  Mu1.0007  Se1.113                       0.14877659      0.00000204     -0.00000176     -0.00000000
ATVX     1  Mu1.0008  Se1.113                       0.15510183      0.00001797     -0.00004776     -0.00000000
ATVX     1  Mu1.0009  Se1.113                       0.17875915      0.00000049     -0.00000317     -0.00000000
ATVX     1  Mu1.0010  Se1.113                       0.18986532      0.00006900     -0.00007967     -0.00000001
ATVX     1  Mu1.0011  Se1.113                       0.19834712     -0.00002372      0.00004297     -0.00000000
ATVX     1  Mu1.0012  Se1.113                       0.20542982      0.00023593     -0.00062602     -0.00000015
ATVX     1  Mu1.0013  Se1.113                       0.20595908     -0.00030750      0.00076161     -0.00000023
ATVX     1  Mu1.0014  Se1.113                       0.21175118      0.00011261     -0.00028000     -0.00000003
ATVX     1  Mu1.0015  Se1.113                       0.21570143      0.00042447     -0.00105842     -0.00000045
ATVX     1  Mu1.0016  Se1.113                       0.21772830      0.00003364     -0.00010020     -0.00000000
ATVX     1  Mu1.0017  Se1.113                       0.22420026     -0.00023348      0.00051127     -0.00000012
ATVX     1  Mu1.0018  Se1.113                       0.22831155     -0.00019259      0.00051126     -0.00000010
ATVX     1  Mu1.0019  Se1.113                       0.23129489      0.00004996     -0.00012372     -0.00000001
ATVX     1  Mu1.0020  Se1.113                       0.23545997      0.00023892     -0.00061894     -0.00000015
ATVX     1  Mu1.0021  Se1.113                       0.23658672      0.00040741     -0.00111154     -0.00000045
ATVX     1  Mu1.0022  Se1.113                       0.23840943      0.00009445     -0.00022521     -0.00000002
ATVX     1  Mu1.0023  Se1.113                       0.24003400     -0.00022905      0.00064167     -0.00000015
ATVX     1  Mu1.0024  Se1.113                       0.24430763     -0.00007993      0.00024831     -0.00000002
ATVX     1  Mu1.0025  Se1.113                       0.24474509     -0.00004455      0.00017802     -0.00000001
ATVX     1  Mu1.0026  Se1.113                       0.24760272      0.00077650     -0.00200956     -0.00000156
ATVX     1  Mu1.0027  Se1.113                       0.25306118      0.00022301     -0.00060110     -0.00000013
ATVX     1  Mu1.0028  Se1.113                       0.25411349     -0.00007211      0.00010592     -0.00000001
ATVX     1  Mu1.0029  Se1.113                       0.25810144     -0.00002137      0.00001997     -0.00000000
ATVX     1  Mu1.0030  Se1.113                       0.26504503     -0.00030072      0.00076056     -0.00000023
ATVX     1  Mu1.0031  Se1.113                       0.26681720     -0.00014616      0.00032947     -0.00000005
ATVX     1  Mu1.0032  Se1.113                       0.26688864     -0.00026876      0.00059402     -0.00000016
ATVX     1  Mu1.0033  Se1.113                       0.26873470      0.00053564     -0.00128482     -0.00000069
ATVX     1  Mu1.0034  Se1.113                       0.27563555     -0.00008864      0.00010859     -0.00000001
ATVX     1  Mu1.0035  Se1.113                       0.27630523      0.00122784     -0.00272675     -0.00000335
ATVX     1  Mu1.0036  Se1.113                       0.27646082     -0.00008417      0.00018220     -0.00000002
ATVX     1  Mu1.0037  Se1.113                       0.27807364     -0.00016997      0.00055926     -0.00000010
ATVX     1  Mu1.0038  Se1.113                       0.28014552     -0.00015900      0.00037476     -0.00000006
ATVX     1  Mu1.0039  Se1.113                       0.28086134      0.00067824     -0.00164367     -0.00000111
ATVX     1  Mu1.0040  Se1.113                       0.28289058      0.00020821     -0.00051142     -0.00000011
ATVX     1  Mu1.0041  Se1.113                       0.28427184      0.00016070     -0.00046902     -0.00000008
ATVX     1  Mu1.0042  Se1.113                       0.28591316     -0.00017063      0.00042962     -0.00000007
ATVX     1  Mu1.0043  Se1.113                       0.28877490     -0.00025000      0.00057949     -0.00000014
ATVX     1  Mu1.0044  Se1.113                       0.29167613     -0.00001700      0.00002463     -0.00000000
ATVX     1  Mu1.0045  Se1.113                       0.29283494     -0.00007168      0.00017000     -0.00000001
ATVX     1  Mu1.0046  Se1.113                       0.29427218      0.00042780     -0.00100035     -0.00000043
ATVX     1  Mu1.0047  Se1.113                       0.29735211     -0.00000317      0.00002105     -0.00000000
ATVX     1  Mu1.0001  Se1.114                       0.13975441     -0.00003842      0.00011679     -0.00000000
ATVX     1  Mu1.0002  Se1.114                       0.14521971     -0.00005490      0.00014554     -0.00000001
ATVX     1  Mu1.0003  Se1.114                       0.15349719      0.00234435     -0.00717503     -0.00001682
ATVX     1  Mu1.0004  Se1.114                       0.16120195     -0.00005127      0.00011293     -0.00000001
ATVX     1  Mu1.0005  Se1.114                       0.17511480     -0.00039752      0.00104666     -0.00000042
ATVX     1  Mu1.0006  Se1.114                       0.18169752      0.00003045     -0.00007896     -0.00000000
ATVX     1  Mu1.0007  Se1.114                       0.18261720      0.00046384     -0.00150288     -0.00000070
ATVX     1  Mu1.0008  Se1.114                       0.18894245      0.00021762     -0.00053547     -0.00000012
ATVX     1  Mu1.0009  Se1.114                       0.21259977     -0.00012685      0.00056012     -0.00000007
ATVX     1  Mu1.0010  Se1.114                       0.22370594      0.00001768     -0.00004659     -0.00000000
ATVX     1  Mu1.0011  Se1.114                       0.23218774      0.00045484     -0.00110161     -0.00000050
ATVX     1  Mu1.0012  Se1.114                       0.23927044     -0.00008365      0.00020953     -0.00000002
ATVX     1  Mu1.0013  Se1.114                       0.23979969     -0.00010627      0.00027903     -0.00000003
ATVX     1  Mu1.0014  Se1.114                       0.24559180      0.00013637     -0.00028505     -0.00000004
ATVX     1  Mu1.0015  Se1.114                       0.24954204     -0.00013478      0.00030260     -0.00000004
ATVX     1  Mu1.0016  Se1.114                       0.25156892      0.00067709     -0.00145417     -0.00000098
ATVX     1  Mu1.0017  Se1.114                       0.25804088     -0.00009257      0.00020721     -0.00000002
ATVX     1  Mu1.0018  Se1.114                       0.26215216     -0.00005974      0.00016265     -0.00000001
ATVX     1  Mu1.0019  Se1.114                       0.26513550      0.00084436     -0.00208787     -0.00000176
ATVX     1  Mu1.0020  Se1.114                       0.26930059     -0.00038570      0.00083322     -0.00000032
ATVX     1  Mu1.0021  Se1.114                       0.27042733     -0.00000145      0.00001438     -0.00000000
ATVX     1  Mu1.0022  Se1.114                       0.27225004      0.00038178     -0.00090060     -0.00000034
ATVX     1  Mu1.0023  Se1.114                       0.27387462     -0.00018364      0.00036413     -0.00000007
ATVX     1  Mu1.0024  Se1.114                       0.27814825     -0.00029440      0.00070527     -0.00000021
ATVX     1  Mu1.0025  Se1.114                       0.27858571      0.00020528     -0.00045793     -0.00000009
ATVX     1  Mu1.0026  Se1.114                       0.28144334      0.00000765     -0.00000249     -0.00000000
ATVX     1  Mu1.0027  Se1.114                       0.28690180     -0.00009401      0.00012362     -0.00000001
ATVX     1  Mu1.0028  Se1.114                       0.28795411     -0.00020039      0.00031012     -0.00000006
ATVX     1  Mu1.0029  Se1.114                       0.29194205      0.00018036     -0.00011034     -0.00000002
ATVX     1  Mu1.0030  Se1.114                       0.29888565      0.00007359     -0.00015912     -0.00000001
ATVX     1  Mu1.0001  Se1.115                       0.14378057     -0.00061754      0.00114997     -0.00000071
ATVX     1  Mu1.0002  Se1.115                       0.14924587     -0.00014425      0.00054027     -0.00000008
ATVX     1  Mu1.0003  Se1.115                       0.15752335     -0.00001525      0.00003536     -0.00000000
ATVX     1  Mu1.0004  Se1.115                       0.16522812     -0.00070271      0.00176188     -0.00000124
ATVX     1  Mu1.0005  Se1.115                       0.17914097      0.00000302     -0.00000645     -0.00000000
ATVX     1  Mu1.0006  Se1.115                       0.18572368      0.00021827     -0.00044416     -0.00000010
ATVX     1  Mu1.0007  Se1.115                       0.18664337      0.00000290     -0.00000581     -0.00000000
ATVX     1  Mu1.0008  Se1.115                       0.19296861     -0.00000119      0.00000181     -0.00000000
ATVX     1  Mu1.0009  Se1.115                       0.21662593     -0.00000362      0.00001207     -0.00000000
ATVX     1  Mu1.0010  Se1.115                       0.22773210      0.00047536     -0.00124622     -0.00000059
ATVX     1  Mu1.0011  Se1.115                       0.23621390     -0.00004553      0.00011627     -0.00000001
ATVX     1  Mu1.0012  Se1.115                       0.24329660      0.00018661     -0.00049977     -0.00000009
ATVX     1  Mu1.0013  Se1.115                       0.24382586     -0.00017614      0.00046653     -0.00000008
ATVX     1  Mu1.0014  Se1.115                       0.24961796      0.00007846     -0.00020297     -0.00000002
ATVX     1  Mu1.0015  Se1.115                       0.25356821      0.00034670     -0.00088558     -0.00000031
ATVX     1  Mu1.0016  Se1.115                       0.25559508      0.00006214     -0.00016385     -0.00000001
ATVX     1  Mu1.0017  Se1.115                       0.26206704      0.00007808     -0.00026260     -0.00000002
ATVX     1  Mu1.0018  Se1.115                       0.26617833     -0.00017633      0.00040330     -0.00000007
ATVX     1  Mu1.0019  Se1.115                       0.26916167      0.00005201     -0.00013826     -0.00000001
ATVX     1  Mu1.0020  Se1.115                       0.27332675      0.00016419     -0.00042521     -0.00000007
ATVX     1  Mu1.0021  Se1.115                       0.27445350      0.00034111     -0.00089792     -0.00000031
ATVX     1  Mu1.0022  Se1.115                       0.27627621      0.00006274     -0.00015974     -0.00000001
ATVX     1  Mu1.0023  Se1.115                       0.27790078     -0.00020252      0.00052645     -0.00000011
ATVX     1  Mu1.0024  Se1.115                       0.28217441     -0.00009404      0.00023900     -0.00000002
ATVX     1  Mu1.0025  Se1.115                       0.28261187     -0.00005945      0.00016713     -0.00000001
ATVX     1  Mu1.0026  Se1.115                       0.28546950      0.00017024     -0.00039162     -0.00000007
ATVX     1  Mu1.0027  Se1.115                       0.29092796      0.00011337     -0.00030551     -0.00000003
ATVX     1  Mu1.0028  Se1.115                       0.29198027      0.00021582     -0.00053518     -0.00000012
ATVX     1  Mu1.0029  Se1.115                       0.29596822      0.00014781     -0.00036922     -0.00000005
ATVX     1  Mu1.0001  Se1.116                       0.14973727      0.00008081      0.00063224      0.00000005
ATVX     1  Mu1.0002  Se1.116                       0.15520258     -0.00035504      0.00126848     -0.00000045
ATVX     1  Mu1.0003  Se1.116                       0.16348005     -0.00000101      0.00003067     -0.00000000
ATVX     1  Mu1.0004  Se1.116                       0.17118482     -0.00018382      0.00029057     -0.00000005
ATVX     1  Mu1.0005  Se1.116                       0.18509767      0.00000637     -0.00000730     -0.00000000
ATVX     1  Mu1.0006  Se1.116                       0.19168038      0.00029557     -0.00067819     -0.00000020
ATVX     1  Mu1.0007  Se1.116                       0.19260007      0.00000283     -0.00002304     -0.00000000
ATVX     1  Mu1.0008  Se1.116                       0.19892532     -0.00003885      0.00010222     -0.00000000
ATVX     1  Mu1.0009  Se1.116                       0.22258263     -0.00001036      0.00002965     -0.00000000
ATVX     1  Mu1.0010  Se1.116                       0.23368881      0.00028250     -0.00075920     -0.00000021
ATVX     1  Mu1.0011  Se1.116                       0.24217060     -0.00002822      0.00006511     -0.00000000
ATVX     1  Mu1.0012  Se1.116                       0.24925331     -0.00000732     -0.00001563      0.00000000
ATVX     1  Mu1.0013  Se1.116                       0.24978256     -0.00013123      0.00031556     -0.00000004
ATVX     1  Mu1.0014  Se1.116                       0.25557466      0.00000712     -0.00001882     -0.00000000
ATVX     1  Mu1.0015  Se1.116                       0.25952491      0.00012865     -0.00029887     -0.00000004
ATVX     1  Mu1.0016  Se1.116                       0.26155178      0.00008655     -0.00020872     -0.00000002
ATVX     1  Mu1.0017  Se1.116                       0.26802375      0.00105938     -0.00248516     -0.00000263
ATVX     1  Mu1.0018  Se1.116                       0.27213503     -0.00025024      0.00079793     -0.00000020
ATVX     1  Mu1.0019  Se1.116                       0.27511837      0.00002040     -0.00001915     -0.00000000
ATVX     1  Mu1.0020  Se1.116                       0.27928346      0.00006676     -0.00013146     -0.00000001
ATVX     1  Mu1.0021  Se1.116                       0.28041020      0.00012949     -0.00025670     -0.00000003
ATVX     1  Mu1.0022  Se1.116                       0.28223291      0.00006051     -0.00012558     -0.00000001
ATVX     1  Mu1.0023  Se1.116                       0.28385749     -0.00008559      0.00019524     -0.00000002
ATVX     1  Mu1.0024  Se1.116                       0.28813111      0.00000193     -0.00000164     -0.00000000
ATVX     1  Mu1.0025  Se1.116                       0.28856858     -0.00000300     -0.00001061      0.00000000
ATVX     1  Mu1.0026  Se1.116                       0.29142620      0.00004663     -0.00007721     -0.00000000
ATVX     1  Mu1.0027  Se1.116                       0.29688466      0.00004953     -0.00022655     -0.00000001
ATVX     1  Mu1.0028  Se1.116                       0.29793697     -0.00031459      0.00078720     -0.00000025
ATVX     1  Mu1.0001  Se1.117                       0.15212596      0.00000035     -0.00000189     -0.00000000
ATVX     1  Mu1.0002  Se1.117                       0.15759126     -0.00000142      0.00000158     -0.00000000
ATVX     1  Mu1.0003  Se1.117                       0.16586874      0.00003376      0.00004078      0.00000000
ATVX     1  Mu1.0004  Se1.117                       0.17357351      0.00000270     -0.00000708     -0.00000000
ATVX     1  Mu1.0005  Se1.117                       0.18748636      0.00000258      0.00002223      0.00000000
ATVX     1  Mu1.0006  Se1.117                       0.19406907     -0.00000279      0.00000593     -0.00000000
ATVX     1  Mu1.0007  Se1.117                       0.19498876      0.00000289      0.00000813      0.00000000
ATVX     1  Mu1.0008  Se1.117                       0.20131400     -0.00008091      0.00021503     -0.00000002
ATVX     1  Mu1.0009  Se1.117                       0.22497132      0.00003609     -0.00011371     -0.00000000
ATVX     1  Mu1.0010  Se1.117                       0.23607750     -0.00000736      0.00001854     -0.00000000
ATVX     1  Mu1.0011  Se1.117                       0.24455929      0.00004328     -0.00010236     -0.00000000
ATVX     1  Mu1.0012  Se1.117                       0.25164199     -0.00002423      0.00005754     -0.00000000
ATVX     1  Mu1.0013  Se1.117                       0.25217125      0.00007957     -0.00019481     -0.00000002
ATVX     1  Mu1.0014  Se1.117                       0.25796335     -0.00003285      0.00008595     -0.00000000
ATVX     1  Mu1.0015  Se1.117                       0.26191360      0.00011629     -0.00028215     -0.00000003
ATVX     1  Mu1.0016  Se1.117                       0.26394047      0.00004343     -0.00010696     -0.00000000
ATVX     1  Mu1.0017  Se1.117                       0.27041244      0.00000582     -0.00001346     -0.00000000
ATVX     1  Mu1.0018  Se1.117                       0.27452372      0.00001275     -0.00003361     -0.00000000
ATVX     1  Mu1.0019  Se1.117                       0.27750706     -0.00010891      0.00026138     -0.00000003
ATVX     1  Mu1.0020  Se1.117                       0.28167215      0.00013221     -0.00030249     -0.00000004
ATVX     1  Mu1.0021  Se1.117                       0.28279889     -0.00003127      0.00007828     -0.00000000
ATVX     1  Mu1.0022  Se1.117                       0.28462160     -0.00008880      0.00020392     -0.00000002
ATVX     1  Mu1.0023  Se1.117                       0.28624618      0.00004544     -0.00008918     -0.00000000
ATVX     1  Mu1.0024  Se1.117                       0.29051980     -0.00004429      0.00010693     -0.00000000
ATVX     1  Mu1.0025  Se1.117                       0.29095727      0.00005257     -0.00012938     -0.00000001
ATVX     1  Mu1.0026  Se1.117                       0.29381489     -0.00000015     -0.00000224      0.00000000
ATVX     1  Mu1.0027  Se1.117                       0.29927335      0.00000392     -0.00000053     -0.00000000
ATVX     1  Mu1.0001  Se1.118                       0.16161739     -0.00041947      0.00072076     -0.00000030
ATVX     1  Mu1.0002  Se1.118                       0.16708269      0.00010110     -0.00010183     -0.00000001
ATVX     1  Mu1.0003  Se1.118                       0.17536017     -0.00001218      0.00002113     -0.00000000
ATVX     1  Mu1.0004  Se1.118                       0.18306493     -0.00039996      0.00110648     -0.00000044
ATVX     1  Mu1.0005  Se1.118                       0.19697779     -0.00000013     -0.00000039      0.00000000
ATVX     1  Mu1.0006  Se1.118                       0.20356050      0.00006719     -0.00012289     -0.00000001
ATVX     1  Mu1.0007  Se1.118                       0.20448019     -0.00000401      0.00001071     -0.00000000
ATVX     1  Mu1.0008  Se1.118                       0.21080543      0.00001037     -0.00002769     -0.00000000
ATVX     1  Mu1.0009  Se1.118                       0.23446275      0.00000115      0.00000140      0.00000000
ATVX     1  Mu1.0010  Se1.118                       0.24556892      0.00032674     -0.00085754     -0.00000028
ATVX     1  Mu1.0011  Se1.118                       0.25405072     -0.00002757      0.00006976     -0.00000000
ATVX     1  Mu1.0012  Se1.118                       0.26113342      0.00011554     -0.00032385     -0.00000004
ATVX     1  Mu1.0013  Se1.118                       0.26166267     -0.00005726      0.00016526     -0.00000001
ATVX     1  Mu1.0014  Se1.118                       0.26745478      0.00004361     -0.00011443     -0.00000000
ATVX     1  Mu1.0015  Se1.118                       0.27140502      0.00019047     -0.00049006     -0.00000009
ATVX     1  Mu1.0016  Se1.118                       0.27343190      0.00002453     -0.00006859     -0.00000000
ATVX     1  Mu1.0017  Se1.118                       0.27990386     -0.00012163      0.00022606     -0.00000003
ATVX     1  Mu1.0018  Se1.118                       0.28401515      0.00003683     -0.00015287     -0.00000001
ATVX     1  Mu1.0019  Se1.118                       0.28699849      0.00004836     -0.00012843     -0.00000001
ATVX     1  Mu1.0020  Se1.118                       0.29116357      0.00009977     -0.00026254     -0.00000003
ATVX     1  Mu1.0021  Se1.118                       0.29229032      0.00021780     -0.00058025     -0.00000013
ATVX     1  Mu1.0022  Se1.118                       0.29411303      0.00004145     -0.00010555     -0.00000000
ATVX     1  Mu1.0023  Se1.118                       0.29573760     -0.00012012      0.00031200     -0.00000004
ATVX     1  Mu1.0001  Se1.119                       0.16182940     -0.00000203      0.00000114     -0.00000000
ATVX     1  Mu1.0002  Se1.119                       0.16729470      0.00000477     -0.00001776     -0.00000000
ATVX     1  Mu1.0003  Se1.119                       0.17557217      0.00014714     -0.00012003     -0.00000002
ATVX     1  Mu1.0004  Se1.119                       0.18327694     -0.00000406      0.00001241     -0.00000000
ATVX     1  Mu1.0005  Se1.119                       0.19718979     -0.00014451      0.00038421     -0.00000006
ATVX     1  Mu1.0006  Se1.119                       0.20377251      0.00000980     -0.00002267     -0.00000000
ATVX     1  Mu1.0007  Se1.119                       0.20469219      0.00007167     -0.00011902     -0.00000001
ATVX     1  Mu1.0008  Se1.119                       0.21101744      0.00011222     -0.00025869     -0.00000003
ATVX     1  Mu1.0009  Se1.119                       0.23467476      0.00002422     -0.00011456     -0.00000000
ATVX     1  Mu1.0010  Se1.119                       0.24578093      0.00000958     -0.00002257     -0.00000000
ATVX     1  Mu1.0011  Se1.119                       0.25426272      0.00007320     -0.00015370     -0.00000001
ATVX     1  Mu1.0012  Se1.119                       0.26134543      0.00000699     -0.00002259     -0.00000000
ATVX     1  Mu1.0013  Se1.119                       0.26187468     -0.00007875      0.00017950     -0.00000001
ATVX     1  Mu1.0014  Se1.119                       0.26766679      0.00001154     -0.00001666     -0.00000000
ATVX     1  Mu1.0015  Se1.119                       0.27161703     -0.00011878      0.00027630     -0.00000003
ATVX     1  Mu1.0016  Se1.119                       0.27364390      0.00008875     -0.00018461     -0.00000002
ATVX     1  Mu1.0017  Se1.119                       0.28011587     -0.00002845      0.00006547     -0.00000000
ATVX     1  Mu1.0018  Se1.119                       0.28422715     -0.00003018      0.00007274     -0.00000000
ATVX     1  Mu1.0019  Se1.119                       0.28721049      0.00031267     -0.00074726     -0.00000023
ATVX     1  Mu1.0020  Se1.119                       0.29137558      0.00012153     -0.00027204     -0.00000003
ATVX     1  Mu1.0021  Se1.119                       0.29250232     -0.00014595      0.00032375     -0.00000005
ATVX     1  Mu1.0022  Se1.119                       0.29432503      0.00007514     -0.00018595     -0.00000001
ATVX     1  Mu1.0023  Se1.119                       0.29594961     -0.00012565      0.00026868     -0.00000003
ATVX     1  Mu1.0001  Se1.120                       0.16814860      0.00000206     -0.00001524     -0.00000000
ATVX     1  Mu1.0002  Se1.120                       0.17361391     -0.00000137     -0.00000438      0.00000000
ATVX     1  Mu1.0003  Se1.120                       0.18189138      0.00002967      0.00036278      0.00000001
ATVX     1  Mu1.0004  Se1.120                       0.18959615      0.00000169     -0.00000179     -0.00000000
ATVX     1  Mu1.0005  Se1.120                       0.20350900     -0.00001484      0.00009322     -0.00000000
ATVX     1  Mu1.0006  Se1.120                       0.21009172     -0.00000423      0.00000945     -0.00000000
ATVX     1  Mu1.0007  Se1.120                       0.21101140      0.00000912      0.00004897      0.00000000
ATVX     1  Mu1.0008  Se1.120                       0.21733665     -0.00012912      0.00034819     -0.00000004
ATVX     1  Mu1.0009  Se1.120                       0.24099396      0.00004752     -0.00019710     -0.00000001
ATVX     1  Mu1.0010  Se1.120                       0.25210014     -0.00001297      0.00003358     -0.00000000
ATVX     1  Mu1.0011  Se1.120                       0.26058193      0.00010035     -0.00020988     -0.00000002
ATVX     1  Mu1.0012  Se1.120                       0.26766464     -0.00004250      0.00009449     -0.00000000
ATVX     1  Mu1.0013  Se1.120                       0.26819389      0.00012601     -0.00030794     -0.00000004
ATVX     1  Mu1.0014  Se1.120                       0.27398599     -0.00006519      0.00017251     -0.00000001
ATVX     1  Mu1.0015  Se1.120                       0.27793624      0.00018500     -0.00044423     -0.00000008
ATVX     1  Mu1.0016  Se1.120                       0.27996311      0.00011094     -0.00024975     -0.00000003
ATVX     1  Mu1.0017  Se1.120                       0.28643508     -0.00000188      0.00000359     -0.00000000
ATVX     1  Mu1.0018  Se1.120                       0.29054636      0.00001926     -0.00005234     -0.00000000
ATVX     1  Mu1.0019  Se1.120                       0.29352970     -0.00014116      0.00032893     -0.00000005
ATVX     1  Mu1.0020  Se1.120                       0.29769479      0.00024893     -0.00052764     -0.00000013
ATVX     1  Mu1.0021  Se1.120                       0.29882153     -0.00008164      0.00018369     -0.00000001
ATVX     1  Mu1.0001  Se1.121                       0.17834584      0.00004606     -0.00016355     -0.00000001
ATVX     1  Mu1.0002  Se1.121                       0.18381114     -0.00000197     -0.00004108      0.00000000
ATVX     1  Mu1.0003  Se1.121                       0.19208862     -0.00155847      0.00624290     -0.00000973
ATVX     1  Mu1.0004  Se1.121                       0.19979338     -0.00003789      0.00010009     -0.00000000
ATVX     1  Mu1.0005  Se1.121                       0.21370623      0.00002773      0.00006472      0.00000000
ATVX     1  Mu1.0006  Se1.121                       0.22028895     -0.00000599      0.00001815     -0.00000000
ATVX     1  Mu1.0007  Se1.121                       0.22120863     -0.00024308      0.00108479     -0.00000026
ATVX     1  Mu1.0008  Se1.121                       0.22753388     -0.00024994      0.00069933     -0.00000017
ATVX     1  Mu1.0009  Se1.121                       0.25119120      0.00009727     -0.00061672     -0.00000006
ATVX     1  Mu1.0010  Se1.121                       0.26229737     -0.00004111      0.00010854     -0.00000000
ATVX     1  Mu1.0011  Se1.121                       0.27077917     -0.00019891      0.00050196     -0.00000010
ATVX     1  Mu1.0012  Se1.121                       0.27786187     -0.00000110     -0.00001391      0.00000000
ATVX     1  Mu1.0013  Se1.121                       0.27839112      0.00024735     -0.00061967     -0.00000015
ATVX     1  Mu1.0014  Se1.121                       0.28418323     -0.00038213      0.00091806     -0.00000035
ATVX     1  Mu1.0015  Se1.121                       0.28813347      0.00041218     -0.00094620     -0.00000039
ATVX     1  Mu1.0016  Se1.121                       0.29016035     -0.00021527      0.00033786     -0.00000007
ATVX     1  Mu1.0017  Se1.121                       0.29663231      0.00002198     -0.00003455     -0.00000000
ATVX     1  Mu1.0001  Se1.122                       0.18633442     -0.00023047      0.00095816     -0.00000022
ATVX     1  Mu1.0002  Se1.122                       0.19179973     -0.00029738      0.00107621     -0.00000032
ATVX     1  Mu1.0003  Se1.122                       0.20007720     -0.00000933      0.00004294     -0.00000000
ATVX     1  Mu1.0004  Se1.122                       0.20778197     -0.00019529      0.00045947     -0.00000009
ATVX     1  Mu1.0005  Se1.122                       0.22169482      0.00000218     -0.00000147     -0.00000000
ATVX     1  Mu1.0006  Se1.122                       0.22827753      0.00016412     -0.00038581     -0.00000006
ATVX     1  Mu1.0007  Se1.122                       0.22919722      0.00000348     -0.00001590     -0.00000000
ATVX     1  Mu1.0008  Se1.122                       0.23552247     -0.00002042      0.00005450     -0.00000000
ATVX     1  Mu1.0009  Se1.122                       0.25917978     -0.00000662      0.00001860     -0.00000000
ATVX     1  Mu1.0010  Se1.122                       0.27028596      0.00027663     -0.00071243     -0.00000020
ATVX     1  Mu1.0011  Se1.122                       0.27876775     -0.00002786      0.00006366     -0.00000000
ATVX     1  Mu1.0012  Se1.122                       0.28585046     -0.00002973      0.00003224     -0.00000000
ATVX     1  Mu1.0013  Se1.122                       0.28637971     -0.00006467      0.00016143     -0.00000001
ATVX     1  Mu1.0014  Se1.122                       0.29217181      0.00000608     -0.00001983     -0.00000000
ATVX     1  Mu1.0015  Se1.122                       0.29612206      0.00008226     -0.00019527     -0.00000002
ATVX     1  Mu1.0016  Se1.122                       0.29814893      0.00004251     -0.00010148     -0.00000000
ATVX     1  Mu1.0001  Se1.123                       0.18724314     -0.00004297      0.00009519     -0.00000000
ATVX     1  Mu1.0002  Se1.123                       0.19270845      0.00000408     -0.00001092     -0.00000000
ATVX     1  Mu1.0003  Se1.123                       0.20098592      0.00108819     -0.00266373     -0.00000290
ATVX     1  Mu1.0004  Se1.123                       0.20869069      0.00002931     -0.00006626     -0.00000000
ATVX     1  Mu1.0005  Se1.123                       0.22260354     -0.00009696      0.00044404     -0.00000004
ATVX     1  Mu1.0006  Se1.123                       0.22918625     -0.00001720      0.00003340     -0.00000000
ATVX     1  Mu1.0007  Se1.123                       0.23010594      0.00023323     -0.00063154     -0.00000015
ATVX     1  Mu1.0008  Se1.123                       0.23643119     -0.00046543      0.00125269     -0.00000058
ATVX     1  Mu1.0009  Se1.123                       0.26008850      0.00003612     -0.00009447     -0.00000000
ATVX     1  Mu1.0010  Se1.123                       0.27119468     -0.00004244      0.00010961     -0.00000000
ATVX     1  Mu1.0011  Se1.123                       0.27967647      0.00055815     -0.00122334     -0.00000068
ATVX     1  Mu1.0012  Se1.123                       0.28675917     -0.00020525      0.00046452     -0.00000010
ATVX     1  Mu1.0013  Se1.123                       0.28728843      0.00047172     -0.00111037     -0.00000052
ATVX     1  Mu1.0014  Se1.123                       0.29308053     -0.00031924      0.00081110     -0.00000026
ATVX     1  Mu1.0015  Se1.123                       0.29703078      0.00072682     -0.00172242     -0.00000125
ATVX     1  Mu1.0016  Se1.123                       0.29905765      0.00062868     -0.00134477     -0.00000085
ATVX     1  Mu1.0001  Se1.124                       0.19562798     -0.00024461      0.00060705     -0.00000015
ATVX     1  Mu1.0002  Se1.124                       0.20109329      0.00004358      0.00067552      0.00000003
ATVX     1  Mu1.0003  Se1.124                       0.20937076     -0.00002086      0.00004544     -0.00000000
ATVX     1  Mu1.0004  Se1.124                       0.21707553     -0.00109097      0.00290035     -0.00000316
ATVX     1  Mu1.0005  Se1.124                       0.23098838     -0.00000363      0.00000984     -0.00000000
ATVX     1  Mu1.0006  Se1.124                       0.23757109      0.00012426     -0.00031452     -0.00000004
ATVX     1  Mu1.0007  Se1.124                       0.23849078     -0.00002843      0.00005522     -0.00000000
ATVX     1  Mu1.0008  Se1.124                       0.24481603      0.00000253     -0.00000565     -0.00000000
ATVX     1  Mu1.0009  Se1.124                       0.26847334      0.00001847     -0.00002820     -0.00000000
ATVX     1  Mu1.0010  Se1.124                       0.27957952      0.00073726     -0.00190974     -0.00000141
ATVX     1  Mu1.0011  Se1.124                       0.28806131     -0.00010687      0.00024890     -0.00000003
ATVX     1  Mu1.0012  Se1.124                       0.29514401     -0.00006009     -0.00000687      0.00000000
ATVX     1  Mu1.0013  Se1.124                       0.29567327     -0.00016608      0.00041877     -0.00000007
ATVX     1  Mu1.0001  Se1.125                       0.19733801      0.00000123     -0.00001179     -0.00000000
ATVX     1  Mu1.0002  Se1.125                       0.20280331      0.00000566     -0.00002403     -0.00000000
ATVX     1  Mu1.0003  Se1.125                       0.21108079      0.00004450      0.00035653      0.00000002
ATVX     1  Mu1.0004  Se1.125                       0.21878556     -0.00000182      0.00001041     -0.00000000
ATVX     1  Mu1.0005  Se1.125                       0.23269841     -0.00016245      0.00044060     -0.00000007
ATVX     1  Mu1.0006  Se1.125                       0.23928112      0.00000984     -0.00002215     -0.00000000
ATVX     1  Mu1.0007  Se1.125                       0.24020081      0.00006455     -0.00005299     -0.00000000
ATVX     1  Mu1.0008  Se1.125                       0.24652605      0.00010093     -0.00021333     -0.00000002
ATVX     1  Mu1.0009  Se1.125                       0.27018337      0.00001968     -0.00012751     -0.00000000
ATVX     1  Mu1.0010  Se1.125                       0.28128955      0.00000759     -0.00001828     -0.00000000
ATVX     1  Mu1.0011  Se1.125                       0.28977134      0.00006482     -0.00016004     -0.00000001
ATVX     1  Mu1.0012  Se1.125                       0.29685404      0.00000838     -0.00002178     -0.00000000
ATVX     1  Mu1.0013  Se1.125                       0.29738330     -0.00007768      0.00016973     -0.00000001
ATVX     1  Mu1.0001  Se1.126                       0.20342994     -0.00034698      0.00128980     -0.00000045
ATVX     1  Mu1.0002  Se1.126                       0.20889524     -0.00035160      0.00205620     -0.00000072
ATVX     1  Mu1.0003  Se1.126                       0.21717272     -0.00003477      0.00009647     -0.00000000
ATVX     1  Mu1.0004  Se1.126                       0.22487749     -0.00158364      0.00404291     -0.00000640
ATVX     1  Mu1.0005  Se1.126                       0.23879034     -0.00000532      0.00001668     -0.00000000
ATVX     1  Mu1.0006  Se1.126                       0.24537305      0.00023902     -0.00061335     -0.00000015
ATVX     1  Mu1.0007  Se1.126                       0.24629274     -0.00003578      0.00006148     -0.00000000
ATVX     1  Mu1.0008  Se1.126                       0.25261799     -0.00001102      0.00002702     -0.00000000
ATVX     1  Mu1.0009  Se1.126                       0.27627530      0.00002778     -0.00004417     -0.00000000
ATVX     1  Mu1.0010  Se1.126                       0.28738148      0.00097551     -0.00250780     -0.00000245
ATVX     1  Mu1.0011  Se1.126                       0.29586327     -0.00016335      0.00037075     -0.00000006
ATVX     1  Mu1.0001  Se1.127                       0.21383551      0.00043179     -0.00173941     -0.00000075
ATVX     1  Mu1.0002  Se1.127                       0.21930082      0.00070262     -0.00234536     -0.00000165
ATVX     1  Mu1.0003  Se1.127                       0.22757829      0.00002313     -0.00009348     -0.00000000
ATVX     1  Mu1.0004  Se1.127                       0.23528306      0.00010693     -0.00019962     -0.00000002
ATVX     1  Mu1.0005  Se1.127                       0.24919591     -0.00000250      0.00000068     -0.00000000
ATVX     1  Mu1.0006  Se1.127                       0.25577862     -0.00023700      0.00056479     -0.00000013
ATVX     1  Mu1.0007  Se1.127                       0.25669831     -0.00000598      0.00002766     -0.00000000
ATVX     1  Mu1.0008  Se1.127                       0.26302356      0.00002937     -0.00008061     -0.00000000
ATVX     1  Mu1.0009  Se1.127                       0.28668087      0.00001009     -0.00002934     -0.00000000
ATVX     1  Mu1.0010  Se1.127                       0.29778705     -0.00031356      0.00077686     -0.00000024
ATVX     1  Mu1.0001  Se1.128                       0.21598520     -0.00001185      0.00001186     -0.00000000
ATVX     1  Mu1.0002  Se1.128                       0.22145051      0.00000858     -0.00003527     -0.00000000
ATVX     1  Mu1.0003  Se1.128                       0.22972798     -0.00014149      0.00136617     -0.00000019
ATVX     1  Mu1.0004  Se1.128                       0.23743275     -0.00001203      0.00004383     -0.00000000
ATVX     1  Mu1.0005  Se1.128                       0.25134560     -0.00005317      0.00015701     -0.00000001
ATVX     1  Mu1.0006  Se1.128                       0.25792831      0.00000179     -0.00000205     -0.00000000
ATVX     1  Mu1.0007  Se1.128                       0.25884800     -0.00002017      0.00025545     -0.00000001
ATVX     1  Mu1.0008  Se1.128                       0.26517325     -0.00003543      0.00013148     -0.00000000
ATVX     1  Mu1.0009  Se1.128                       0.28883056      0.00000780     -0.00018794     -0.00000000
ATVX     1  Mu1.0010  Se1.128                       0.29993674     -0.00000689      0.00001784     -0.00000000
ATVX     1  Mu1.0001  Se1.129                       0.22396092     -0.00000769      0.00005970     -0.00000000
ATVX     1  Mu1.0002  Se1.129                       0.22942622     -0.00002712      0.00010559     -0.00000000
ATVX     1  Mu1.0003  Se1.129                       0.23770370      0.00037795     -0.00317580     -0.00000120
ATVX     1  Mu1.0004  Se1.129                       0.24540846     -0.00001442      0.00001204     -0.00000000
ATVX     1  Mu1.0005  Se1.129                       0.25932132      0.00048900     -0.00130919     -0.00000064
ATVX     1  Mu1.0006  Se1.129                       0.26590403     -0.00002883      0.00005996     -0.00000000
ATVX     1  Mu1.0007  Se1.129                       0.26682372     -0.00016308     -0.00010243      0.00000002
ATVX     1  Mu1.0008  Se1.129                       0.27314896     -0.00028724      0.00056914     -0.00000016
ATVX     1  Mu1.0009  Se1.129                       0.29680628     -0.00005469      0.00046994     -0.00000003
ATVX     1  Mu1.0001  Se1.130                       0.22748520      0.00012610     -0.00057403     -0.00000007
ATVX     1  Mu1.0002  Se1.130                       0.23295050      0.00018747     -0.00079350     -0.00000015
ATVX     1  Mu1.0003  Se1.130                       0.24122798     -0.00000014     -0.00001860      0.00000000
ATVX     1  Mu1.0004  Se1.130                       0.24893274      0.00012574     -0.00026071     -0.00000003
ATVX     1  Mu1.0005  Se1.130                       0.26284559      0.00000225     -0.00000563     -0.00000000
ATVX     1  Mu1.0006  Se1.130                       0.26942831      0.00005044     -0.00006395     -0.00000000
ATVX     1  Mu1.0007  Se1.130                       0.27034799     -0.00000288      0.00000959     -0.00000000
ATVX     1  Mu1.0008  Se1.130                       0.27667324      0.00000527     -0.00001947     -0.00000000
ATVX     1  Mu1.0001  Se1.131                       0.22935367      0.00000126     -0.00001110     -0.00000000
ATVX     1  Mu1.0002  Se1.131                       0.23481897      0.00000664     -0.00002379     -0.00000000
ATVX     1  Mu1.0003  Se1.131                       0.24309645     -0.00037408      0.00130417     -0.00000049
ATVX     1  Mu1.0004  Se1.131                       0.25080121     -0.00001118      0.00003059     -0.00000000
ATVX     1  Mu1.0005  Se1.131                       0.26471407     -0.00002872      0.00008531     -0.00000000
ATVX     1  Mu1.0006  Se1.131                       0.27129678      0.00000149     -0.00000237     -0.00000000
ATVX     1  Mu1.0007  Se1.131                       0.27221647     -0.00004139      0.00018596     -0.00000001
ATVX     1  Mu1.0008  Se1.131                       0.27854171     -0.00000220      0.00002046     -0.00000000
ATVX     1  Mu1.0001  Se1.132                       0.23631777     -0.00164348      0.00455132     -0.00000748
ATVX     1  Mu1.0002  Se1.132                       0.24178307      0.00024300     -0.00016072     -0.00000004
ATVX     1  Mu1.0003  Se1.132                       0.25006055     -0.00005657      0.00013265     -0.00000001
ATVX     1  Mu1.0004  Se1.132                       0.25776532     -0.00105327      0.00290374     -0.00000306
ATVX     1  Mu1.0005  Se1.132                       0.27167817     -0.00000095      0.00001593     -0.00000000
ATVX     1  Mu1.0006  Se1.132                       0.27826088      0.00036363     -0.00057367     -0.00000021
ATVX     1  Mu1.0007  Se1.132                       0.27918057     -0.00000580     -0.00000814      0.00000000
ATVX     1  Mu1.0008  Se1.132                       0.28550581      0.00003410     -0.00010199     -0.00000000
ATVX     1  Mu1.0001  Se1.133                       0.23738672      0.00127597     -0.00384215     -0.00000490
ATVX     1  Mu1.0002  Se1.133                       0.24285202      0.00004184     -0.00102360     -0.00000004
ATVX     1  Mu1.0003  Se1.133                       0.25112949      0.00003838     -0.00011058     -0.00000000
ATVX     1  Mu1.0004  Se1.133                       0.25883426      0.00109863     -0.00280467     -0.00000308
ATVX     1  Mu1.0005  Se1.133                       0.27274711      0.00000557     -0.00002232     -0.00000000
ATVX     1  Mu1.0006  Se1.133                       0.27932983     -0.00010532      0.00013464     -0.00000001
ATVX     1  Mu1.0007  Se1.133                       0.28024951      0.00000561      0.00000950      0.00000000
ATVX     1  Mu1.0008  Se1.133                       0.28657476     -0.00003338      0.00008300     -0.00000000
ATVX     1  Mu1.0001  Se1.134                       0.24781499     -0.00092689      0.00017099     -0.00000016
ATVX     1  Mu1.0002  Se1.134                       0.25328029     -0.00050429      0.00106924     -0.00000054
ATVX     1  Mu1.0003  Se1.134                       0.26155777     -0.00004099      0.00004458     -0.00000000
ATVX     1  Mu1.0004  Se1.134                       0.26926253      0.00011564     -0.00013830     -0.00000002
ATVX     1  Mu1.0005  Se1.134                       0.28317538      0.00001139     -0.00004044     -0.00000000
ATVX     1  Mu1.0006  Se1.134                       0.28975810      0.00020065     -0.00040693     -0.00000008
ATVX     1  Mu1.0007  Se1.134                       0.29067778      0.00002232     -0.00002472     -0.00000000
ATVX     1  Mu1.0008  Se1.134                       0.29700303     -0.00001080      0.00003472     -0.00000000
ATVX     1  Mu1.0001  Se1.135                       0.25420576     -0.00000163      0.00000040     -0.00000000
ATVX     1  Mu1.0002  Se1.135                       0.25967106     -0.00000057     -0.00000082      0.00000000
ATVX     1  Mu1.0003  Se1.135                       0.26794854     -0.00000433      0.00012298     -0.00000000
ATVX     1  Mu1.0004  Se1.135                       0.27565331      0.00000243     -0.00000501     -0.00000000
ATVX     1  Mu1.0005  Se1.135                       0.28956616      0.00000302     -0.00000272     -0.00000000
ATVX     1  Mu1.0006  Se1.135                       0.29614887     -0.00000022      0.00000088     -0.00000000
ATVX     1  Mu1.0007  Se1.135                       0.29706856      0.00000518      0.00001449      0.00000000
ATVX     1  Mu1.0001  Se1.136                       0.26989940     -0.00001751      0.00049128     -0.00000001
ATVX     1  Mu1.0002  Se1.136                       0.27536470     -0.00023067      0.00032745     -0.00000008
ATVX     1  Mu1.0003  Se1.136                       0.28364218      0.00001513     -0.00001021     -0.00000000
ATVX     1  Mu1.0004  Se1.136                       0.29134694      0.00014471     -0.00054107     -0.00000008
ATVX     1  Mu1.0001  Se1.137                       0.27479688     -0.00001405      0.00008026     -0.00000000
ATVX     1  Mu1.0002  Se1.137                       0.28026218      0.00000517      0.00002531      0.00000000
ATVX     1  Mu1.0003  Se1.137                       0.28853966      0.00028933     -0.00298277     -0.00000086
ATVX     1  Mu1.0004  Se1.137                       0.29624442      0.00001038     -0.00004248     -0.00000000
ATVX     1  Mu1.0001  Se1.138                       0.27928596     -0.00053751      0.00209835     -0.00000113
ATVX     1  Mu1.0002  Se1.138                       0.28475126     -0.00220101      0.00600093     -0.00001321
ATVX     1  Mu1.0003  Se1.138                       0.29302874     -0.00003073      0.00014981     -0.00000000
ATVX     1  Mu1.0001  Se1.139                       0.28037780      0.00002279     -0.00008234     -0.00000000
ATVX     1  Mu1.0002  Se1.139                       0.28584311      0.00004620     -0.00013843     -0.00000001
ATVX     1  Mu1.0003  Se1.139                       0.29412058     -0.00081932      0.00326788     -0.00000268
ATVX     1  Mu1.0001  Se1.140                       0.28136431      0.00027513      0.00075832      0.00000021
ATVX     1  Mu1.0002  Se1.140                       0.28682961     -0.00022035      0.00153877     -0.00000034
ATVX     1  Mu1.0003  Se1.140                       0.29510709     -0.00001427      0.00004821     -0.00000000
ATVX     1  Mu1.0001  Se1.141                       0.29698850     -0.00086570      0.00122091     -0.00000106
BVATP    1  Mu1.0001  Se1.113 Se1.113               0.28522186      0.00025259     -0.00059749     -0.00000015
BVATP    1  Mu1.0002  Se1.113 Se1.113               0.29355253      0.00011972     -0.00026441     -0.00000003
--

   (Skipping property calculation,
    use PROP keyword to activate)
--

++ CASPT2 computation for group   5

********************************************************************************
 Multi-State initialization phase begins for group   5
--------------------------------------------------------------------------------
********************************************************************************
 Compute H0 matrices for state    5
--------------------------------------------------------------------------------
--------------------------------------------------------------------------------
 H0 matrices have been computed.

********************************************************************************
  CASPT2 EQUATION SOLUTION
--------------------------------------------------------------------------------

  Total nr of CASPT2 parameters:
   Before reduction:  1876168956
   After  reduction:  1876168956

 Variance of |WF0>:      23.3914407168

 The contributions to the second order correlation energy in atomic units.
-----------------------------------------------------------------------------------------------------------------------------
  IT.      VJTU        VJTI        ATVX        AIVX        VJAI        BVAT        BJAT        BJAI        TOTAL       RNORM  
-----------------------------------------------------------------------------------------------------------------------------
   1    -0.052516   -0.031412   -0.014450   -0.139461   -0.392866   -0.093557   -0.744144   -3.515523   -4.983929    0.017137
   2    -0.055178   -0.031587   -0.014596   -0.140261   -0.393378   -0.093888   -0.745624   -3.516438   -4.990949    0.003681
   3    -0.055317   -0.031600   -0.014619   -0.140249   -0.393386   -0.093926   -0.745727   -3.516480   -4.991303    0.000491
   4    -0.055338   -0.031594   -0.014612   -0.140212   -0.393363   -0.093913   -0.745658   -3.516435   -4.991125    0.000071
   5    -0.055339   -0.031594   -0.014612   -0.140210   -0.393362   -0.093912   -0.745655   -3.516433   -4.991118    0.000011
   6    -0.055339   -0.031594   -0.014612   -0.140211   -0.393362   -0.093913   -0.745657   -3.516434   -4.991121    0.000002
-----------------------------------------------------------------------------------------------------------------------------

  FINAL CASPT2 RESULT:

      Reference energy:       -3929.6689537436
      E2 (Non-variational):      -4.9911215933
      Shift correction:          -0.0382871212
      E2 (Variational):          -5.0294087145
      Total energy:           -3934.6983624581
      Residual norm:              0.0000003334
      Reference weight:           0.37366

      Contributions to the CASPT2 correlation energy
      Active & Virtual Only:         -0.1085240887
      One Inactive Excited:          -0.9412067453
      Two Inactive Excited:          -3.9413907594


++ Denominators, etc.
--------------------------------------------------------------------------------------------------------------
 Report on small energy denominators, large coefficients, and large energy contributions.
CASE  SYMM ACTIVE-MIX  NON-ACTIVE INDICES          DENOMINATOR     RHS VALUE       COEFFICIENT     CONTRIBUTION
VJTU     1  Mu1.0002  In1.089                       0.41912447     -0.03976776      0.07692544     -0.00305915
VJTU     1  Mu1.0001  In1.091                       0.35087894      0.02162049     -0.04832960     -0.00104491
VJTU     1  Mu1.0001  In1.092                       0.37826742     -0.02064495      0.04225700     -0.00087239
VJTU     1  Mu1.0001  In1.094                       0.36824778     -0.04161725      0.08768795     -0.00364933
VJTU     1  Mu1.0002  In1.095                       0.36943117      0.06877734     -0.14519077     -0.00998583
VJTU     1  Mu1.0005  In1.095                       0.42192847     -0.01246446      0.02759303     -0.00034393
VJTU     1  Mu1.0006  In1.095                       0.42362690     -0.01204437      0.03264644     -0.00039321
VJTU     1  Mu1.0002  In1.097                       0.35019916      0.07428933     -0.15689302     -0.01165548
VJTU     1  Mu1.0005  In1.097                       0.40269647     -0.01474899      0.02822677     -0.00041632
VJTU     1  Mu1.0006  In1.097                       0.40439490     -0.01638786      0.03023515     -0.00049549
VJTU     1  Mu1.0002  In1.098                       0.34467322      0.01504101     -0.03665561     -0.00055134
VJTU     1  Mu1.0001  In1.099                       0.33360219      0.01588011     -0.03468269     -0.00055076
VJTU     1  Mu1.0002  In1.100                       0.31451169      0.02632238     -0.06015611     -0.00158345
VJTIP    1  Mu1.0025  In1.100 In1.100               0.85955358     -0.02322804      0.02566636     -0.00059618
ATVX     1  Mu1.0001  Se1.113                       0.10475261      0.00026440     -0.00016778     -0.00000004
ATVX     1  Mu1.0002  Se1.113                       0.11273562     -0.00035491      0.00073560     -0.00000026
ATVX     1  Mu1.0003  Se1.113                       0.11854198      0.00002159     -0.00005384     -0.00000000
ATVX     1  Mu1.0004  Se1.113                       0.12981957     -0.00100413      0.00203947     -0.00000205
ATVX     1  Mu1.0005  Se1.113                       0.13963743      0.00000716      0.00001167      0.00000000
ATVX     1  Mu1.0006  Se1.113                       0.14041159     -0.00001697     -0.00010473      0.00000000
ATVX     1  Mu1.0007  Se1.113                       0.14459490      0.00000074     -0.00000976     -0.00000000
ATVX     1  Mu1.0008  Se1.113                       0.15680289      0.00001105     -0.00002929     -0.00000000
ATVX     1  Mu1.0009  Se1.113                       0.17777984      0.00000103     -0.00000972     -0.00000000
ATVX     1  Mu1.0010  Se1.113                       0.19586414      0.00002866      0.00003189      0.00000000
ATVX     1  Mu1.0011  Se1.113                       0.20656728     -0.00004266      0.00007606     -0.00000000
ATVX     1  Mu1.0012  Se1.113                       0.20822601      0.00031691     -0.00080362     -0.00000025
ATVX     1  Mu1.0013  Se1.113                       0.20876368      0.00023689     -0.00062432     -0.00000015
ATVX     1  Mu1.0014  Se1.113                       0.20990645     -0.00033288      0.00079326     -0.00000026
ATVX     1  Mu1.0015  Se1.113                       0.21423145     -0.00034546      0.00084154     -0.00000029
ATVX     1  Mu1.0016  Se1.113                       0.22033910      0.00020752     -0.00049739     -0.00000010
ATVX     1  Mu1.0017  Se1.113                       0.22263979      0.00001066     -0.00001784     -0.00000000
ATVX     1  Mu1.0018  Se1.113                       0.22684820     -0.00015172      0.00043561     -0.00000007
ATVX     1  Mu1.0019  Se1.113                       0.23098020     -0.00000158      0.00000766     -0.00000000
ATVX     1  Mu1.0020  Se1.113                       0.23437232      0.00005390     -0.00012426     -0.00000001
ATVX     1  Mu1.0021  Se1.113                       0.23780515     -0.00060639      0.00160690     -0.00000097
ATVX     1  Mu1.0022  Se1.113                       0.23955764     -0.00003749      0.00008817     -0.00000000
ATVX     1  Mu1.0023  Se1.113                       0.24430126     -0.00001568      0.00002768     -0.00000000
ATVX     1  Mu1.0024  Se1.113                       0.24492253     -0.00002254      0.00004669     -0.00000000
ATVX     1  Mu1.0025  Se1.113                       0.24825233      0.00002689     -0.00008825     -0.00000000
ATVX     1  Mu1.0026  Se1.113                       0.25165608     -0.00023758      0.00060855     -0.00000014
ATVX     1  Mu1.0027  Se1.113                       0.25538427     -0.00028869      0.00083317     -0.00000024
ATVX     1  Mu1.0028  Se1.113                       0.25709437     -0.00066535      0.00171212     -0.00000114
ATVX     1  Mu1.0029  Se1.113                       0.26301176     -0.00001293      0.00002921     -0.00000000
ATVX     1  Mu1.0030  Se1.113                       0.26598473     -0.00001031      0.00002422     -0.00000000
ATVX     1  Mu1.0031  Se1.113                       0.26652210     -0.00039550      0.00091604     -0.00000036
ATVX     1  Mu1.0032  Se1.113                       0.26751499      0.00041405     -0.00099181     -0.00000041
ATVX     1  Mu1.0033  Se1.113                       0.26844632     -0.00035348      0.00089427     -0.00000032
ATVX     1  Mu1.0034  Se1.113                       0.27418047     -0.00003558      0.00009109     -0.00000000
ATVX     1  Mu1.0035  Se1.113                       0.27529179      0.00007561     -0.00007978     -0.00000001
ATVX     1  Mu1.0036  Se1.113                       0.27634904     -0.00127981      0.00305360     -0.00000391
ATVX     1  Mu1.0037  Se1.113                       0.28156530     -0.00077953      0.00166837     -0.00000130
ATVX     1  Mu1.0038  Se1.113                       0.28312647      0.00011419     -0.00025660     -0.00000003
ATVX     1  Mu1.0039  Se1.113                       0.28663033     -0.00025390      0.00051595     -0.00000013
ATVX     1  Mu1.0040  Se1.113                       0.28689969     -0.00059600      0.00120430     -0.00000072
ATVX     1  Mu1.0041  Se1.113                       0.28923477     -0.00001584      0.00001855     -0.00000000
ATVX     1  Mu1.0042  Se1.113                       0.29060906      0.00005052     -0.00010390     -0.00000001
ATVX     1  Mu1.0043  Se1.113                       0.29261461      0.00001878     -0.00005251     -0.00000000
ATVX     1  Mu1.0044  Se1.113                       0.29311736      0.00001806     -0.00004410     -0.00000000
ATVX     1  Mu1.0045  Se1.113                       0.29721628      0.00011226     -0.00026197     -0.00000003
ATVX     1  Mu1.0001  Se1.114                       0.13853221      0.00001069     -0.00003332     -0.00000000
ATVX     1  Mu1.0002  Se1.114                       0.14651522     -0.00003831      0.00010514     -0.00000000
ATVX     1  Mu1.0003  Se1.114                       0.15232157     -0.00180047      0.00595270     -0.00001072
ATVX     1  Mu1.0004  Se1.114                       0.16359916     -0.00005753      0.00015248     -0.00000001
ATVX     1  Mu1.0005  Se1.114                       0.17341702      0.00032397     -0.00085825     -0.00000028
ATVX     1  Mu1.0006  Se1.114                       0.17419118      0.00006985     -0.00019607     -0.00000001
ATVX     1  Mu1.0007  Se1.114                       0.17837450     -0.00042070      0.00146159     -0.00000061
ATVX     1  Mu1.0008  Se1.114                       0.19058248      0.00029962     -0.00075978     -0.00000023
ATVX     1  Mu1.0009  Se1.114                       0.21155943      0.00003507      0.00025780      0.00000001
ATVX     1  Mu1.0010  Se1.114                       0.22964374      0.00000346     -0.00000779     -0.00000000
ATVX     1  Mu1.0011  Se1.114                       0.24034688      0.00032093     -0.00075122     -0.00000024
ATVX     1  Mu1.0012  Se1.114                       0.24200561     -0.00005303      0.00009353     -0.00000000
ATVX     1  Mu1.0013  Se1.114                       0.24254327     -0.00002707      0.00008780     -0.00000000
ATVX     1  Mu1.0014  Se1.114                       0.24368605     -0.00013620      0.00032050     -0.00000004
ATVX     1  Mu1.0015  Se1.114                       0.24801104     -0.00003167      0.00006789     -0.00000000
ATVX     1  Mu1.0016  Se1.114                       0.25411870     -0.00000627      0.00000173     -0.00000000
ATVX     1  Mu1.0017  Se1.114                       0.25641939     -0.00078113      0.00168417     -0.00000132
ATVX     1  Mu1.0018  Se1.114                       0.26062779      0.00003942     -0.00008146     -0.00000000
ATVX     1  Mu1.0019  Se1.114                       0.26475979     -0.00057530      0.00140358     -0.00000081
ATVX     1  Mu1.0020  Se1.114                       0.26815191     -0.00024471      0.00049681     -0.00000012
ATVX     1  Mu1.0021  Se1.114                       0.27158475      0.00002420     -0.00006468     -0.00000000
ATVX     1  Mu1.0022  Se1.114                       0.27333724     -0.00078636      0.00192180     -0.00000151
ATVX     1  Mu1.0023  Se1.114                       0.27808086      0.00008738     -0.00019847     -0.00000002
ATVX     1  Mu1.0024  Se1.114                       0.27870212     -0.00004642     -0.00003290      0.00000000
ATVX     1  Mu1.0025  Se1.114                       0.28203192      0.00057033     -0.00112024     -0.00000064
ATVX     1  Mu1.0026  Se1.114                       0.28543567     -0.00001416      0.00001368     -0.00000000
ATVX     1  Mu1.0027  Se1.114                       0.28916387      0.00007241     -0.00011501     -0.00000001
ATVX     1  Mu1.0028  Se1.114                       0.29087396     -0.00000030     -0.00000679      0.00000000
ATVX     1  Mu1.0029  Se1.114                       0.29679136      0.00014695     -0.00002719     -0.00000000
ATVX     1  Mu1.0030  Se1.114                       0.29976433      0.00040111     -0.00095961     -0.00000038
ATVX     1  Mu1.0001  Se1.115                       0.14257019      0.00069155     -0.00134270     -0.00000093
ATVX     1  Mu1.0002  Se1.115                       0.15055320     -0.00008418      0.00033420     -0.00000003
ATVX     1  Mu1.0003  Se1.115                       0.15635955      0.00002629     -0.00005985     -0.00000000
ATVX     1  Mu1.0004  Se1.115                       0.16763714     -0.00069381      0.00181450     -0.00000126
ATVX     1  Mu1.0005  Se1.115                       0.17745500      0.00003364     -0.00006175     -0.00000000
ATVX     1  Mu1.0006  Se1.115                       0.17822916     -0.00016463      0.00029686     -0.00000005
ATVX     1  Mu1.0007  Se1.115                       0.18241248     -0.00000552      0.00001050     -0.00000000
ATVX     1  Mu1.0008  Se1.115                       0.19462047      0.00000539     -0.00001404     -0.00000000
ATVX     1  Mu1.0009  Se1.115                       0.21559741      0.00001059     -0.00002368     -0.00000000
ATVX     1  Mu1.0010  Se1.115                       0.23368172      0.00047282     -0.00122794     -0.00000058
ATVX     1  Mu1.0011  Se1.115                       0.24438486     -0.00006405      0.00016918     -0.00000001
ATVX     1  Mu1.0012  Se1.115                       0.24604359      0.00021849     -0.00056142     -0.00000012
ATVX     1  Mu1.0013  Se1.115                       0.24658125      0.00016403     -0.00041298     -0.00000007
ATVX     1  Mu1.0014  Se1.115                       0.24772403     -0.00026596      0.00069570     -0.00000019
ATVX     1  Mu1.0015  Se1.115                       0.25204903     -0.00029860      0.00076334     -0.00000023
ATVX     1  Mu1.0016  Se1.115                       0.25815668     -0.00004542      0.00018262     -0.00000001
ATVX     1  Mu1.0017  Se1.115                       0.26045737      0.00000265     -0.00001145     -0.00000000
ATVX     1  Mu1.0018  Se1.115                       0.26466578     -0.00023494      0.00059460     -0.00000014
ATVX     1  Mu1.0019  Se1.115                       0.26879777     -0.00000976      0.00002863     -0.00000000
ATVX     1  Mu1.0020  Se1.115                       0.27218990      0.00002065     -0.00004586     -0.00000000
ATVX     1  Mu1.0021  Se1.115                       0.27562273     -0.00046923      0.00121614     -0.00000057
ATVX     1  Mu1.0022  Se1.115                       0.27737522     -0.00002376      0.00006030     -0.00000000
ATVX     1  Mu1.0023  Se1.115                       0.28211884      0.00000335     -0.00001339     -0.00000000
ATVX     1  Mu1.0024  Se1.115                       0.28274010     -0.00000039     -0.00000242      0.00000000
ATVX     1  Mu1.0025  Se1.115                       0.28606990      0.00001884     -0.00005253     -0.00000000
ATVX     1  Mu1.0026  Se1.115                       0.28947365      0.00004732     -0.00014842     -0.00000001
ATVX     1  Mu1.0027  Se1.115                       0.29320185     -0.00031505      0.00075957     -0.00000024
ATVX     1  Mu1.0028  Se1.115                       0.29491195     -0.00007788      0.00017726     -0.00000001
ATVX     1  Mu1.0001  Se1.116                       0.14843932      0.00020973      0.00052620      0.00000011
ATVX     1  Mu1.0002  Se1.116                       0.15642233      0.00036251     -0.00113029     -0.00000041
ATVX     1  Mu1.0003  Se1.116                       0.16222869     -0.00000129      0.00001616     -0.00000000
ATVX     1  Mu1.0004  Se1.116                       0.17350628      0.00021821     -0.00043070     -0.00000009
ATVX     1  Mu1.0005  Se1.116                       0.18332414     -0.00005932      0.00013147     -0.00000001
ATVX     1  Mu1.0006  Se1.116                       0.18409830      0.00029976     -0.00064563     -0.00000019
ATVX     1  Mu1.0007  Se1.116                       0.18828162      0.00001968     -0.00005926     -0.00000000
ATVX     1  Mu1.0008  Se1.116                       0.20048960      0.00000279     -0.00000738     -0.00000000
ATVX     1  Mu1.0009  Se1.116                       0.22146655      0.00000662     -0.00001479     -0.00000000
ATVX     1  Mu1.0010  Se1.116                       0.23955085     -0.00027725      0.00072881     -0.00000020
ATVX     1  Mu1.0011  Se1.116                       0.25025399      0.00006269     -0.00015118     -0.00000001
ATVX     1  Mu1.0012  Se1.116                       0.25191272     -0.00003105      0.00007479     -0.00000000
ATVX     1  Mu1.0013  Se1.116                       0.25245039      0.00004380     -0.00010460     -0.00000000
ATVX     1  Mu1.0014  Se1.116                       0.25359317      0.00019216     -0.00046440     -0.00000009
ATVX     1  Mu1.0015  Se1.116                       0.25791816      0.00013304     -0.00031669     -0.00000004
ATVX     1  Mu1.0016  Se1.116                       0.26402581      0.00076331     -0.00169706     -0.00000130
ATVX     1  Mu1.0017  Se1.116                       0.26632651     -0.00000336     -0.00000948      0.00000000
ATVX     1  Mu1.0018  Se1.116                       0.27053491      0.00077116     -0.00198886     -0.00000153
ATVX     1  Mu1.0019  Se1.116                       0.27466691      0.00000317     -0.00000263     -0.00000000
ATVX     1  Mu1.0020  Se1.116                       0.27805903      0.00000780     -0.00001184     -0.00000000
ATVX     1  Mu1.0021  Se1.116                       0.28149186      0.00003808      0.00000582      0.00000000
ATVX     1  Mu1.0022  Se1.116                       0.28324436      0.00000996     -0.00001899     -0.00000000
ATVX     1  Mu1.0023  Se1.116                       0.28798797     -0.00000012     -0.00000501      0.00000000
ATVX     1  Mu1.0024  Se1.116                       0.28860924      0.00001804     -0.00003983     -0.00000000
ATVX     1  Mu1.0025  Se1.116                       0.29193904      0.00000537     -0.00000513     -0.00000000
ATVX     1  Mu1.0026  Se1.116                       0.29534279     -0.00010288      0.00033662     -0.00000003
ATVX     1  Mu1.0027  Se1.116                       0.29907099     -0.00031058      0.00075261     -0.00000023
ATVX     1  Mu1.0001  Se1.117                       0.15086339      0.00000356     -0.00000901     -0.00000000
ATVX     1  Mu1.0002  Se1.117                       0.15884640      0.00000089      0.00000043      0.00000000
ATVX     1  Mu1.0003  Se1.117                       0.16465275      0.00005637      0.00000911      0.00000000
ATVX     1  Mu1.0004  Se1.117                       0.17593034     -0.00000143      0.00000618     -0.00000000
ATVX     1  Mu1.0005  Se1.117                       0.18574820     -0.00001769      0.00007304     -0.00000000
ATVX     1  Mu1.0006  Se1.117                       0.18652236     -0.00000317      0.00001213     -0.00000000
ATVX     1  Mu1.0007  Se1.117                       0.19070568      0.00000785      0.00000416      0.00000000
ATVX     1  Mu1.0008  Se1.117                       0.20291366      0.00007314     -0.00018825     -0.00000001
ATVX     1  Mu1.0009  Se1.117                       0.22389061     -0.00004319      0.00012974     -0.00000001
ATVX     1  Mu1.0010  Se1.117                       0.24197491      0.00000578     -0.00001481     -0.00000000
ATVX     1  Mu1.0011  Se1.117                       0.25267806     -0.00002821      0.00006539     -0.00000000
ATVX     1  Mu1.0012  Se1.117                       0.25433678      0.00002167     -0.00005156     -0.00000000
ATVX     1  Mu1.0013  Se1.117                       0.25487445      0.00001828     -0.00004606     -0.00000000
ATVX     1  Mu1.0014  Se1.117                       0.25601723     -0.00007272      0.00018111     -0.00000001
ATVX     1  Mu1.0015  Se1.117                       0.26034222      0.00012692     -0.00031060     -0.00000004
ATVX     1  Mu1.0016  Se1.117                       0.26644988      0.00000474     -0.00001340     -0.00000000
ATVX     1  Mu1.0017  Se1.117                       0.26875057      0.00000512     -0.00001667     -0.00000000
ATVX     1  Mu1.0018  Se1.117                       0.27295897     -0.00000224      0.00000653     -0.00000000
ATVX     1  Mu1.0019  Se1.117                       0.27709097     -0.00005615      0.00013609     -0.00000001
ATVX     1  Mu1.0020  Se1.117                       0.28048309     -0.00014100      0.00031388     -0.00000004
ATVX     1  Mu1.0021  Se1.117                       0.28391593     -0.00000418      0.00000974     -0.00000000
ATVX     1  Mu1.0022  Se1.117                       0.28566842     -0.00010160      0.00023815     -0.00000002
ATVX     1  Mu1.0023  Se1.117                       0.29041204      0.00011234     -0.00025892     -0.00000003
ATVX     1  Mu1.0024  Se1.117                       0.29103330     -0.00006854      0.00013133     -0.00000001
ATVX     1  Mu1.0025  Se1.117                       0.29436310     -0.00000222      0.00002792     -0.00000000
ATVX     1  Mu1.0026  Se1.117                       0.29776685      0.00000220     -0.00000670     -0.00000000
ATVX     1  Mu1.0001  Se1.118                       0.16034440      0.00048316     -0.00087698     -0.00000042
ATVX     1  Mu1.0002  Se1.118                       0.16832741      0.00015610     -0.00017847     -0.00000003
ATVX     1  Mu1.0003  Se1.118                       0.17413377      0.00002350     -0.00004176     -0.00000000
ATVX     1  Mu1.0004  Se1.118                       0.18541136     -0.00036977      0.00114844     -0.00000042
ATVX     1  Mu1.0005  Se1.118                       0.19522922      0.00000422     -0.00000303     -0.00000000
ATVX     1  Mu1.0006  Se1.118                       0.19600338     -0.00002902      0.00003720     -0.00000000
ATVX     1  Mu1.0007  Se1.118                       0.20018670      0.00000715     -0.00001420     -0.00000000
ATVX     1  Mu1.0008  Se1.118                       0.21239468      0.00000193     -0.00000628     -0.00000000
ATVX     1  Mu1.0009  Se1.118                       0.23337163      0.00001124     -0.00002139     -0.00000000
ATVX     1  Mu1.0010  Se1.118                       0.25145593      0.00034055     -0.00089821     -0.00000031
ATVX     1  Mu1.0011  Se1.118                       0.26215907     -0.00003352      0.00009049     -0.00000000
ATVX     1  Mu1.0012  Se1.118                       0.26381780      0.00011779     -0.00031842     -0.00000004
ATVX     1  Mu1.0013  Se1.118                       0.26435547      0.00010583     -0.00027655     -0.00000003
ATVX     1  Mu1.0014  Se1.118                       0.26549825     -0.00011807      0.00032868     -0.00000004
ATVX     1  Mu1.0015  Se1.118                       0.26982324     -0.00016275      0.00042697     -0.00000007
ATVX     1  Mu1.0016  Se1.118                       0.27593089      0.00001971      0.00002711      0.00000000
ATVX     1  Mu1.0017  Se1.118                       0.27823158      0.00001506     -0.00004051     -0.00000000
ATVX     1  Mu1.0018  Se1.118                       0.28243999      0.00005700     -0.00014842     -0.00000001
ATVX     1  Mu1.0019  Se1.118                       0.28657199     -0.00000678      0.00002053     -0.00000000
ATVX     1  Mu1.0020  Se1.118                       0.28996411      0.00000642     -0.00001364     -0.00000000
ATVX     1  Mu1.0021  Se1.118                       0.29339694     -0.00033582      0.00087726     -0.00000029
ATVX     1  Mu1.0022  Se1.118                       0.29514944     -0.00001340      0.00003273     -0.00000000
ATVX     1  Mu1.0023  Se1.118                       0.29989305     -0.00000029     -0.00000459      0.00000000
ATVX     1  Mu1.0001  Se1.119                       0.16057534      0.00000520     -0.00000110     -0.00000000
ATVX     1  Mu1.0002  Se1.119                       0.16855835      0.00000664     -0.00001753     -0.00000000
ATVX     1  Mu1.0003  Se1.119                       0.17436471     -0.00012469      0.00000038     -0.00000000
ATVX     1  Mu1.0004  Se1.119                       0.18564230     -0.00001143      0.00003321     -0.00000000
ATVX     1  Mu1.0005  Se1.119                       0.19546016      0.00010992     -0.00029902     -0.00000003
ATVX     1  Mu1.0006  Se1.119                       0.19623432      0.00002221     -0.00005907     -0.00000000
ATVX     1  Mu1.0007  Se1.119                       0.20041764     -0.00007665      0.00010592     -0.00000001
ATVX     1  Mu1.0008  Se1.119                       0.21262562      0.00014326     -0.00034661     -0.00000005
ATVX     1  Mu1.0009  Se1.119                       0.23360257      0.00004842     -0.00016812     -0.00000001
ATVX     1  Mu1.0010  Se1.119                       0.25168687      0.00001239     -0.00003067     -0.00000000
ATVX     1  Mu1.0011  Se1.119                       0.26239001      0.00006151     -0.00011362     -0.00000001
ATVX     1  Mu1.0012  Se1.119                       0.26404874      0.00003317     -0.00008493     -0.00000000
ATVX     1  Mu1.0013  Se1.119                       0.26458641     -0.00001690      0.00003650     -0.00000000
ATVX     1  Mu1.0014  Se1.119                       0.26572918     -0.00006798      0.00014760     -0.00000001
ATVX     1  Mu1.0015  Se1.119                       0.27005418      0.00008131     -0.00018941     -0.00000002
ATVX     1  Mu1.0016  Se1.119                       0.27616183      0.00000625     -0.00001351     -0.00000000
ATVX     1  Mu1.0017  Se1.119                       0.27846252     -0.00011388      0.00022523     -0.00000003
ATVX     1  Mu1.0018  Se1.119                       0.28267093      0.00000659     -0.00001358     -0.00000000
ATVX     1  Mu1.0019  Se1.119                       0.28680293     -0.00014599      0.00035572     -0.00000005
ATVX     1  Mu1.0020  Se1.119                       0.29019505      0.00022251     -0.00046781     -0.00000010
ATVX     1  Mu1.0021  Se1.119                       0.29362788      0.00000714     -0.00001428     -0.00000000
ATVX     1  Mu1.0022  Se1.119                       0.29538038     -0.00026867      0.00064189     -0.00000017
ATVX     1  Mu1.0001  Se1.120                       0.16685912      0.00000546     -0.00002249     -0.00000000
ATVX     1  Mu1.0002  Se1.120                       0.17484213     -0.00000076      0.00001031     -0.00000000
ATVX     1  Mu1.0003  Se1.120                       0.18064848      0.00007959      0.00029381      0.00000002
ATVX     1  Mu1.0004  Se1.120                       0.19192607      0.00000079      0.00000264      0.00000000
ATVX     1  Mu1.0005  Se1.120                       0.20174393     -0.00004125      0.00015868     -0.00000001
ATVX     1  Mu1.0006  Se1.120                       0.20251809     -0.00000828      0.00002764     -0.00000000
ATVX     1  Mu1.0007  Se1.120                       0.20670141      0.00001765      0.00005225      0.00000000
ATVX     1  Mu1.0008  Se1.120                       0.21890940      0.00011525     -0.00029752     -0.00000003
ATVX     1  Mu1.0009  Se1.120                       0.23988634     -0.00006162      0.00022860     -0.00000001
ATVX     1  Mu1.0010  Se1.120                       0.25797065      0.00000936     -0.00002430     -0.00000000
ATVX     1  Mu1.0011  Se1.120                       0.26867379     -0.00007283      0.00014403     -0.00000001
ATVX     1  Mu1.0012  Se1.120                       0.27033252      0.00002772     -0.00006106     -0.00000000
ATVX     1  Mu1.0013  Se1.120                       0.27087018      0.00004300     -0.00010199     -0.00000000
ATVX     1  Mu1.0014  Se1.120                       0.27201296     -0.00011974      0.00030249     -0.00000004
ATVX     1  Mu1.0015  Se1.120                       0.27633795      0.00021657     -0.00052037     -0.00000011
ATVX     1  Mu1.0016  Se1.120                       0.28244561      0.00000526     -0.00001621     -0.00000000
ATVX     1  Mu1.0017  Se1.120                       0.28474630      0.00005029     -0.00010416     -0.00000001
ATVX     1  Mu1.0018  Se1.120                       0.28895470     -0.00000828      0.00002068     -0.00000000
ATVX     1  Mu1.0019  Se1.120                       0.29308670     -0.00007529      0.00017458     -0.00000001
ATVX     1  Mu1.0020  Se1.120                       0.29647882     -0.00027138      0.00055636     -0.00000015
ATVX     1  Mu1.0021  Se1.120                       0.29991166     -0.00000513      0.00001085     -0.00000000
ATVX     1  Mu1.0001  Se1.121                       0.17724097      0.00004374     -0.00015687     -0.00000001
ATVX     1  Mu1.0002  Se1.121                       0.18522397     -0.00001097      0.00008044     -0.00000000
ATVX     1  Mu1.0003  Se1.121                       0.19103033     -0.00139416      0.00654907     -0.00000913
ATVX     1  Mu1.0004  Se1.121                       0.20230792     -0.00000125      0.00003648     -0.00000000
ATVX     1  Mu1.0005  Se1.121                       0.21212578     -0.00004123      0.00024529     -0.00000001
ATVX     1  Mu1.0006  Se1.121                       0.21289994      0.00000461     -0.00000383     -0.00000000
ATVX     1  Mu1.0007  Se1.121                       0.21708326     -0.00026945      0.00137529     -0.00000037
ATVX     1  Mu1.0008  Se1.121                       0.22929124      0.00023387     -0.00062292     -0.00000015
ATVX     1  Mu1.0009  Se1.121                       0.25026819     -0.00007167      0.00069431     -0.00000005
ATVX     1  Mu1.0010  Se1.121                       0.26835249      0.00002590     -0.00006685     -0.00000000
ATVX     1  Mu1.0011  Se1.121                       0.27905563      0.00019411     -0.00048225     -0.00000009
ATVX     1  Mu1.0012  Se1.121                       0.28071436     -0.00012753      0.00028789     -0.00000004
ATVX     1  Mu1.0013  Se1.121                       0.28125203      0.00014856     -0.00034421     -0.00000005
ATVX     1  Mu1.0014  Se1.121                       0.28239481     -0.00039913      0.00098351     -0.00000039
ATVX     1  Mu1.0015  Se1.121                       0.28671980      0.00038767     -0.00094058     -0.00000036
ATVX     1  Mu1.0016  Se1.121                       0.29282746     -0.00000825     -0.00000590      0.00000000
ATVX     1  Mu1.0017  Se1.121                       0.29512815     -0.00046599      0.00090082     -0.00000042
ATVX     1  Mu1.0018  Se1.121                       0.29933655      0.00000642      0.00000188      0.00000000
ATVX     1  Mu1.0001  Se1.122                       0.18508074     -0.00016726      0.00091003     -0.00000015
ATVX     1  Mu1.0002  Se1.122                       0.19306375      0.00026032     -0.00096639     -0.00000025
ATVX     1  Mu1.0003  Se1.122                       0.19887011     -0.00000300      0.00002618     -0.00000000
ATVX     1  Mu1.0004  Se1.122                       0.21014770      0.00019034     -0.00059333     -0.00000011
ATVX     1  Mu1.0005  Se1.122                       0.21996556     -0.00003206      0.00007760     -0.00000000
ATVX     1  Mu1.0006  Se1.122                       0.22073971      0.00016056     -0.00037324     -0.00000006
ATVX     1  Mu1.0007  Se1.122                       0.22492303      0.00001171     -0.00003326     -0.00000000
ATVX     1  Mu1.0008  Se1.122                       0.23713102      0.00000213     -0.00000542     -0.00000000
ATVX     1  Mu1.0009  Se1.122                       0.25810797      0.00000346     -0.00000660     -0.00000000
ATVX     1  Mu1.0010  Se1.122                       0.27619227     -0.00026541      0.00068799     -0.00000018
ATVX     1  Mu1.0011  Se1.122                       0.28689541      0.00005272     -0.00012857     -0.00000001
ATVX     1  Mu1.0012  Se1.122                       0.28855414     -0.00000223      0.00002328     -0.00000000
ATVX     1  Mu1.0013  Se1.122                       0.28909180      0.00004503     -0.00009347     -0.00000000
ATVX     1  Mu1.0014  Se1.122                       0.29023458      0.00012315     -0.00031096     -0.00000004
ATVX     1  Mu1.0015  Se1.122                       0.29455958      0.00009496     -0.00023691     -0.00000002
ATVX     1  Mu1.0001  Se1.123                       0.18610763     -0.00002938      0.00005999     -0.00000000
ATVX     1  Mu1.0002  Se1.123                       0.19409064     -0.00000068      0.00000176     -0.00000000
ATVX     1  Mu1.0003  Se1.123                       0.19989700      0.00109632     -0.00292805     -0.00000321
ATVX     1  Mu1.0004  Se1.123                       0.21117459     -0.00000000     -0.00000473      0.00000000
ATVX     1  Mu1.0005  Se1.123                       0.22099245     -0.00020250      0.00070554     -0.00000014
ATVX     1  Mu1.0006  Se1.123                       0.22176661     -0.00004930      0.00015836     -0.00000001
ATVX     1  Mu1.0007  Se1.123                       0.22594993      0.00025897     -0.00074887     -0.00000019
ATVX     1  Mu1.0008  Se1.123                       0.23815791      0.00040588     -0.00104666     -0.00000042
ATVX     1  Mu1.0009  Se1.123                       0.25913486     -0.00015006      0.00026944     -0.00000004
ATVX     1  Mu1.0010  Se1.123                       0.27721916      0.00003064     -0.00007968     -0.00000000
ATVX     1  Mu1.0011  Se1.123                       0.28792230     -0.00039570      0.00084235     -0.00000033
ATVX     1  Mu1.0012  Se1.123                       0.28958103      0.00005934     -0.00010883     -0.00000001
ATVX     1  Mu1.0013  Se1.123                       0.29011870      0.00024803     -0.00058984     -0.00000015
ATVX     1  Mu1.0014  Se1.123                       0.29126148     -0.00047772      0.00116091     -0.00000055
ATVX     1  Mu1.0015  Se1.123                       0.29558647      0.00088436     -0.00207462     -0.00000183
ATVX     1  Mu1.0001  Se1.124                       0.19439083      0.00025960     -0.00072687     -0.00000019
ATVX     1  Mu1.0002  Se1.124                       0.20237383      0.00023478      0.00050412      0.00000012
ATVX     1  Mu1.0003  Se1.124                       0.20818019      0.00005197     -0.00011391     -0.00000001
ATVX     1  Mu1.0004  Se1.124                       0.21945778     -0.00103701      0.00305031     -0.00000316
ATVX     1  Mu1.0005  Se1.124                       0.22927564      0.00001778     -0.00005989     -0.00000000
ATVX     1  Mu1.0006  Se1.124                       0.23004980     -0.00006174      0.00021885     -0.00000001
ATVX     1  Mu1.0007  Se1.124                       0.23423312      0.00002212     -0.00002832     -0.00000000
ATVX     1  Mu1.0008  Se1.124                       0.24644110      0.00000469     -0.00001562     -0.00000000
ATVX     1  Mu1.0009  Se1.124                       0.26741805      0.00003727     -0.00007427     -0.00000000
ATVX     1  Mu1.0010  Se1.124                       0.28550235      0.00069331     -0.00184344     -0.00000128
ATVX     1  Mu1.0011  Se1.124                       0.29620549     -0.00015984      0.00037702     -0.00000006
ATVX     1  Mu1.0012  Se1.124                       0.29786422      0.00007155     -0.00026958     -0.00000002
ATVX     1  Mu1.0013  Se1.124                       0.29840189     -0.00004727      0.00001464     -0.00000000
ATVX     1  Mu1.0014  Se1.124                       0.29954467     -0.00033327      0.00084206     -0.00000028
ATVX     1  Mu1.0001  Se1.125                       0.19607746     -0.00000764      0.00002782     -0.00000000
ATVX     1  Mu1.0002  Se1.125                       0.20406047      0.00000425     -0.00001961     -0.00000000
ATVX     1  Mu1.0003  Se1.125                       0.20986682     -0.00011685     -0.00024488      0.00000003
ATVX     1  Mu1.0004  Se1.125                       0.22114441     -0.00000206      0.00000437     -0.00000000
ATVX     1  Mu1.0005  Se1.125                       0.23096227      0.00012947     -0.00036262     -0.00000005
ATVX     1  Mu1.0006  Se1.125                       0.23173643      0.00002681     -0.00007098     -0.00000000
ATVX     1  Mu1.0007  Se1.125                       0.23591975     -0.00008688      0.00007538     -0.00000001
ATVX     1  Mu1.0008  Se1.125                       0.24812774      0.00013813     -0.00032011     -0.00000004
ATVX     1  Mu1.0009  Se1.125                       0.26910468      0.00002861     -0.00015381     -0.00000000
ATVX     1  Mu1.0010  Se1.125                       0.28718899      0.00000434     -0.00000964     -0.00000000
ATVX     1  Mu1.0011  Se1.125                       0.29789213      0.00006380     -0.00014141     -0.00000001
ATVX     1  Mu1.0012  Se1.125                       0.29955086      0.00004483     -0.00010405     -0.00000000
ATVX     1  Mu1.0001  Se1.126                       0.20227026      0.00031705     -0.00136336     -0.00000043
ATVX     1  Mu1.0002  Se1.126                       0.21025327     -0.00004548      0.00172837     -0.00000008
ATVX     1  Mu1.0003  Se1.126                       0.21605963      0.00007394     -0.00018519     -0.00000001
ATVX     1  Mu1.0004  Se1.126                       0.22733722     -0.00160427      0.00436237     -0.00000700
ATVX     1  Mu1.0005  Se1.126                       0.23715508      0.00004167     -0.00012792     -0.00000001
ATVX     1  Mu1.0006  Se1.126                       0.23792924     -0.00016243      0.00050621     -0.00000008
ATVX     1  Mu1.0007  Se1.126                       0.24211256      0.00002252     -0.00001756     -0.00000000
ATVX     1  Mu1.0008  Se1.126                       0.25432054      0.00000406     -0.00001619     -0.00000000
ATVX     1  Mu1.0009  Se1.126                       0.27529749      0.00004998     -0.00010230     -0.00000001
ATVX     1  Mu1.0010  Se1.126                       0.29338179      0.00088787     -0.00235684     -0.00000209
ATVX     1  Mu1.0001  Se1.127                       0.21262887      0.00032770     -0.00166718     -0.00000055
ATVX     1  Mu1.0002  Se1.127                       0.22061188     -0.00066379      0.00223208     -0.00000148
ATVX     1  Mu1.0003  Se1.127                       0.22641824      0.00000413     -0.00004865     -0.00000000
ATVX     1  Mu1.0004  Se1.127                       0.23769583     -0.00011773      0.00050304     -0.00000006
ATVX     1  Mu1.0005  Se1.127                       0.24751369      0.00005168     -0.00012823     -0.00000001
ATVX     1  Mu1.0006  Se1.127                       0.24828785     -0.00024887      0.00059534     -0.00000015
ATVX     1  Mu1.0007  Se1.127                       0.25247117     -0.00001861      0.00005216     -0.00000000
ATVX     1  Mu1.0008  Se1.127                       0.26467915     -0.00000031      0.00000121     -0.00000000
ATVX     1  Mu1.0009  Se1.127                       0.28565610     -0.00000327      0.00000734     -0.00000000
ATVX     1  Mu1.0001  Se1.128                       0.21477704     -0.00001674      0.00003379     -0.00000000
ATVX     1  Mu1.0002  Se1.128                       0.22276005     -0.00000250      0.00001379     -0.00000000
ATVX     1  Mu1.0003  Se1.128                       0.22856640      0.00010966      0.00068550      0.00000008
ATVX     1  Mu1.0004  Se1.128                       0.23984399      0.00000972     -0.00002055     -0.00000000
ATVX     1  Mu1.0005  Se1.128                       0.24966185     -0.00005625      0.00017192     -0.00000001
ATVX     1  Mu1.0006  Se1.128                       0.25043601     -0.00001100      0.00002581     -0.00000000
ATVX     1  Mu1.0007  Se1.128                       0.25461933      0.00002984      0.00015008      0.00000000
ATVX     1  Mu1.0008  Se1.128                       0.26682731      0.00002555     -0.00009808     -0.00000000
ATVX     1  Mu1.0009  Se1.128                       0.28780426      0.00001424      0.00010976      0.00000000
ATVX     1  Mu1.0001  Se1.129                       0.22281372      0.00001741     -0.00007764     -0.00000000
ATVX     1  Mu1.0002  Se1.129                       0.23079673     -0.00001617      0.00007695     -0.00000000
ATVX     1  Mu1.0003  Se1.129                       0.23660309     -0.00005032      0.00272387     -0.00000014
ATVX     1  Mu1.0004  Se1.129                       0.24788068     -0.00001480      0.00004364     -0.00000000
ATVX     1  Mu1.0005  Se1.129                       0.25769854     -0.00039239      0.00108729     -0.00000043
ATVX     1  Mu1.0006  Se1.129                       0.25847270     -0.00008070      0.00020519     -0.00000002
ATVX     1  Mu1.0007  Se1.129                       0.26265602      0.00024060      0.00007150      0.00000002
ATVX     1  Mu1.0008  Se1.129                       0.27486400     -0.00041030      0.00091416     -0.00000038
ATVX     1  Mu1.0009  Se1.129                       0.29584095     -0.00006759      0.00054670     -0.00000004
ATVX     1  Mu1.0001  Se1.130                       0.22624276      0.00015716     -0.00071423     -0.00000011
ATVX     1  Mu1.0002  Se1.130                       0.23422576     -0.00014873      0.00072894     -0.00000011
ATVX     1  Mu1.0003  Se1.130                       0.24003212     -0.00000538     -0.00000500      0.00000000
ATVX     1  Mu1.0004  Se1.130                       0.25130971     -0.00011334      0.00034580     -0.00000004
ATVX     1  Mu1.0005  Se1.130                       0.26112757     -0.00000913      0.00000864     -0.00000000
ATVX     1  Mu1.0006  Se1.130                       0.26190173      0.00003851     -0.00002674     -0.00000000
ATVX     1  Mu1.0007  Se1.130                       0.26608505      0.00000139     -0.00000123     -0.00000000
ATVX     1  Mu1.0008  Se1.130                       0.27829303     -0.00000692      0.00001722     -0.00000000
ATVX     1  Mu1.0009  Se1.130                       0.29926998     -0.00000956      0.00001779     -0.00000000
ATVX     1  Mu1.0001  Se1.131                       0.22809057     -0.00000291      0.00000045     -0.00000000
ATVX     1  Mu1.0002  Se1.131                       0.23607358     -0.00000539      0.00001991     -0.00000000
ATVX     1  Mu1.0003  Se1.131                       0.24187994     -0.00034734      0.00131843     -0.00000046
ATVX     1  Mu1.0004  Se1.131                       0.25315753      0.00000059      0.00000162      0.00000000
ATVX     1  Mu1.0005  Se1.131                       0.26297539     -0.00003005      0.00009033     -0.00000000
ATVX     1  Mu1.0006  Se1.131                       0.26374955     -0.00000394      0.00000980     -0.00000000
ATVX     1  Mu1.0007  Se1.131                       0.26793287     -0.00004848      0.00023238     -0.00000001
ATVX     1  Mu1.0008  Se1.131                       0.28014085     -0.00000632      0.00000480     -0.00000000
ATVX     1  Mu1.0001  Se1.132                       0.23524138      0.00172504     -0.00485755     -0.00000838
ATVX     1  Mu1.0002  Se1.132                       0.24322439      0.00046138     -0.00054855     -0.00000025
ATVX     1  Mu1.0003  Se1.132                       0.24903075      0.00007908     -0.00017642     -0.00000001
ATVX     1  Mu1.0004  Se1.132                       0.26030834     -0.00097987      0.00299016     -0.00000293
ATVX     1  Mu1.0005  Se1.132                       0.27012620      0.00003997     -0.00003994     -0.00000000
ATVX     1  Mu1.0006  Se1.132                       0.27090036     -0.00018943      0.00016091     -0.00000003
ATVX     1  Mu1.0007  Se1.132                       0.27508368      0.00000667      0.00000184      0.00000000
ATVX     1  Mu1.0008  Se1.132                       0.28729166      0.00002745     -0.00007456     -0.00000000
ATVX     1  Mu1.0001  Se1.133                       0.23613006      0.00146241     -0.00450263     -0.00000658
ATVX     1  Mu1.0002  Se1.133                       0.24411306      0.00016633      0.00069980      0.00000012
ATVX     1  Mu1.0003  Se1.133                       0.24991942      0.00005472     -0.00013546     -0.00000001
ATVX     1  Mu1.0004  Se1.133                       0.26119701     -0.00105171      0.00303000     -0.00000319
ATVX     1  Mu1.0005  Se1.133                       0.27101487     -0.00000035      0.00001982     -0.00000000
ATVX     1  Mu1.0006  Se1.133                       0.27178903      0.00000926     -0.00012177     -0.00000000
ATVX     1  Mu1.0007  Se1.133                       0.27597235      0.00001811     -0.00002232     -0.00000000
ATVX     1  Mu1.0008  Se1.133                       0.28818033      0.00001199     -0.00003473     -0.00000000
ATVX     1  Mu1.0001  Se1.134                       0.24662237      0.00114642     -0.00057896     -0.00000066
ATVX     1  Mu1.0002  Se1.134                       0.25460538     -0.00055597      0.00110387     -0.00000061
ATVX     1  Mu1.0003  Se1.134                       0.26041174      0.00004166     -0.00004761     -0.00000000
ATVX     1  Mu1.0004  Se1.134                       0.27168933      0.00015315      0.00000986      0.00000000
ATVX     1  Mu1.0005  Se1.134                       0.28150719      0.00003641     -0.00007168     -0.00000000
ATVX     1  Mu1.0006  Se1.134                       0.28228134     -0.00018883      0.00038325     -0.00000007
ATVX     1  Mu1.0007  Se1.134                       0.28646466     -0.00001756      0.00002024     -0.00000000
ATVX     1  Mu1.0008  Se1.134                       0.29867265     -0.00000651      0.00002171     -0.00000000
ATVX     1  Mu1.0001  Se1.135                       0.25293228      0.00000140      0.00000021      0.00000000
ATVX     1  Mu1.0002  Se1.135                       0.26091529     -0.00000083     -0.00000043      0.00000000
ATVX     1  Mu1.0003  Se1.135                       0.26672165     -0.00000770     -0.00012696      0.00000000
ATVX     1  Mu1.0004  Se1.135                       0.27799924      0.00000184     -0.00000515     -0.00000000
ATVX     1  Mu1.0005  Se1.135                       0.28781710     -0.00000040     -0.00000343      0.00000000
ATVX     1  Mu1.0006  Se1.135                       0.28859126     -0.00000009      0.00000041     -0.00000000
ATVX     1  Mu1.0007  Se1.135                       0.29277458     -0.00000694     -0.00001987      0.00000000
ATVX     1  Mu1.0001  Se1.136                       0.26865916     -0.00002853     -0.00035975      0.00000001
ATVX     1  Mu1.0002  Se1.136                       0.27664217     -0.00023206      0.00019425     -0.00000005
ATVX     1  Mu1.0003  Se1.136                       0.28244853     -0.00002922      0.00003682     -0.00000000
ATVX     1  Mu1.0004  Se1.136                       0.29372612      0.00005848     -0.00066750     -0.00000004
ATVX     1  Mu1.0001  Se1.137                       0.27361283     -0.00002029      0.00008320     -0.00000000
ATVX     1  Mu1.0002  Se1.137                       0.28159584      0.00000074     -0.00003848     -0.00000000
ATVX     1  Mu1.0003  Se1.137                       0.28740220     -0.00003216     -0.00255420      0.00000008
ATVX     1  Mu1.0004  Se1.137                       0.29867979     -0.00000871      0.00000205     -0.00000000
ATVX     1  Mu1.0001  Se1.138                       0.27825785     -0.00029947      0.00181673     -0.00000054
ATVX     1  Mu1.0002  Se1.138                       0.28624086      0.00209519     -0.00544359     -0.00001141
ATVX     1  Mu1.0003  Se1.138                       0.29204721      0.00000750      0.00008079      0.00000000
ATVX     1  Mu1.0001  Se1.139                       0.27916062     -0.00002109      0.00006406     -0.00000000
ATVX     1  Mu1.0002  Se1.139                       0.28714363      0.00003821     -0.00010762     -0.00000000
ATVX     1  Mu1.0003  Se1.139                       0.29294999      0.00065607     -0.00309567     -0.00000203
ATVX     1  Mu1.0001  Se1.140                       0.28015343     -0.00046907     -0.00059035      0.00000028
ATVX     1  Mu1.0002  Se1.140                       0.28813644     -0.00013204      0.00155885     -0.00000021
ATVX     1  Mu1.0003  Se1.140                       0.29394280      0.00001332     -0.00001736     -0.00000000
ATVX     1  Mu1.0001  Se1.141                       0.29574641     -0.00096997      0.00121747     -0.00000118
BVATP    1  Mu1.0001  Se1.113 Se1.113               0.28561821     -0.00028126      0.00065462     -0.00000018
BVATP    1  Mu1.0002  Se1.113 Se1.113               0.29320278      0.00002153     -0.00006599     -0.00000000
--

   (Skipping property calculation,
    use PROP keyword to activate)
--

  Total CASPT2 energies:
::    CASPT2 Root  1     Total energy:  -3934.68250378
::    CASPT2 Root  2     Total energy:  -3934.67560226
::    CASPT2 Root  3     Total energy:  -3934.67540072
::    CASPT2 Root  4     Total energy:  -3934.68849025
::    CASPT2 Root  5     Total energy:  -3934.69836246

++ Multi-State CASPT2 section:
********************************************************************************
  MULTI-STATE CASPT2 SECTION
--------------------------------------------------------------------------------

  Output diagonal energies have been shifted. Add   -3934.0000000000000     

  Effective Hamiltonian matrix (Symmetric):

                1               2               3               4               5
   1        -0.68250378
   2        -0.00012237     -0.67560226
   3         0.00001062      0.00002015     -0.67540072
   4        -0.00024532      0.00000212     -0.00000229     -0.68849025
   5        -0.00037437      0.00001254     -0.00000092     -0.00001036     -0.69836246

       Total MS-CASPT2 energies:
::    MS-CASPT2 Root  1     Total energy:  -3934.69837132
::    MS-CASPT2 Root  2     Total energy:  -3934.68850022
::    MS-CASPT2 Root  3     Total energy:  -3934.68248716
::    MS-CASPT2 Root  4     Total energy:  -3934.67560205
::    MS-CASPT2 Root  5     Total energy:  -3934.67539872

       Eigenvectors:
            0.02360900      0.04071851      0.99873204     -0.01785724     -0.00020695
           -0.00042396      0.00022471      0.01781113      0.99496143      0.09866253
            0.00002944      0.00014115     -0.00156410     -0.09865037      0.99512092
            0.00163441      0.99916725     -0.04076562      0.00052010     -0.00015429
            0.99971984     -0.00259500     -0.02351142      0.00084570      0.00001767

--

  THE ORIGINAL CI ARRAYS ARE NOW MIXED AS LINEAR
  COMBINATIONS, GIVEN BY THE EIGENVECTORS.
  A NEW JOBIPH FILE NAMED 'JOBMIX' IS PREPARED.
********************************************************************************

++ Mixed CI coefficients:
  The CI coefficients for the MIXED state nr.   1
--------------------------------------------------------------------------------
 CI COEFFICIENTS LARGER THAN  5.00E-02
  Occupation of active orbitals, and spin coupling
  of open shells. (u,d: Spin up or down).
  SGUGA info is (Midvert:IsyUp:UpperWalk/LowerWalk)
        Conf  SGUGA info        Occupation       Coefficient         Weight
          67  ( 2:1:   1/   3)   222u2duu0000      -0.208858       0.043621
          70  ( 2:1:   4/   3)   222u2du00u00      -0.105091       0.011044
          82  ( 2:1:   1/   4)   22u22duu0000       0.237391       0.056354
          85  ( 2:1:   4/   4)   22u22du00u00       0.121398       0.014737
         112  ( 2:1:   1/   6)   u2222duu0000      -0.170633       0.029116
         115  ( 2:1:   4/   6)   u2222du00u00      -0.088809       0.007887
         142  ( 2:1:   1/   8)   222ud2uu0000       0.238357       0.056814
         145  ( 2:1:   4/   8)   222ud2u00u00       0.119735       0.014336
         157  ( 2:1:   1/   9)   22u2d2uu0000      -0.280585       0.078728
         160  ( 2:1:   4/   9)   22u2d2u00u00      -0.143303       0.020536
         187  ( 2:1:   1/  11)   u222d2uu0000       0.194217       0.037720
         190  ( 2:1:   4/  11)   u222d2u00u00       0.101132       0.010228
         388  ( 3:1:   1/   2)   222u2u200000      -0.226390       0.051253
         391  ( 3:1:   4/   2)   222u2u020000       0.126602       0.016028
         398  ( 3:1:  11/   2)   222u2u0d0u00       0.062027       0.003847
         401  ( 3:1:  14/   2)   222u2u0u0d00       0.090732       0.008232
         424  ( 3:1:   1/   3)   22u22u200000       0.260065       0.067634
         427  ( 3:1:   4/   3)   22u22u020000      -0.144799       0.020967
         434  ( 3:1:  11/   3)   22u22u0d0u00      -0.071713       0.005143
         437  ( 3:1:  14/   3)   22u22u0u0d00      -0.104653       0.010952
         439  ( 3:1:  16/   3)   22u22u000200      -0.052573       0.002764
         496  ( 3:1:   1/   5)   u2222u200000      -0.187943       0.035323
         499  ( 3:1:   4/   5)   u2222u020000       0.103793       0.010773
         506  ( 3:1:  11/   5)   u2222u0d0u00       0.052298       0.002735
         509  ( 3:1:  14/   5)   u2222u0u0d00       0.075600       0.005715
         532  ( 3:1:   1/   6)   222uu2200000       0.257609       0.066363
         535  ( 3:1:   4/   6)   222uu2020000      -0.145114       0.021058
         542  ( 3:1:  11/   6)   222uu20d0u00      -0.070958       0.005035
         545  ( 3:1:  14/   6)   222uu20u0d00      -0.103921       0.010800
         547  ( 3:1:  16/   6)   222uu2000200      -0.051394       0.002641
         568  ( 3:1:   1/   7)   22u2u2200000      -0.303569       0.092154
         571  ( 3:1:   4/   7)   22u2u2020000       0.170159       0.028954
         578  ( 3:1:  11/   7)   22u2u20d0u00       0.084497       0.007140
         581  ( 3:1:  14/   7)   22u2u20u0d00       0.122743       0.015066
         583  ( 3:1:  16/   7)   22u2u2000200       0.061731       0.003811
         640  ( 3:1:   1/   9)   u222u2200000       0.214750       0.046118
         643  ( 3:1:   4/   9)   u222u2020000      -0.119479       0.014275
         650  ( 3:1:  11/   9)   u222u20d0u00      -0.060156       0.003619
         653  ( 3:1:  14/   9)   u222u20u0d00      -0.086986       0.007567

  The CI coefficients for the MIXED state nr.   2
--------------------------------------------------------------------------------
 CI COEFFICIENTS LARGER THAN  5.00E-02
  Occupation of active orbitals, and spin coupling
  of open shells. (u,d: Spin up or down).
  SGUGA info is (Midvert:IsyUp:UpperWalk/LowerWalk)
        Conf  SGUGA info        Occupation       Coefficient         Weight
          67  ( 2:1:   1/   3)   222u2duu0000       0.225488       0.050845
          70  ( 2:1:   4/   3)   222u2du00u00       0.114292       0.013063
          82  ( 2:1:   1/   4)   22u22duu0000       0.316971       0.100471
          85  ( 2:1:   4/   4)   22u22du00u00       0.162844       0.026518
         112  ( 2:1:   1/   6)   u2222duu0000       0.186600       0.034819
         115  ( 2:1:   4/   6)   u2222du00u00       0.097434       0.009493
         142  ( 2:1:   1/   8)   222ud2uu0000       0.186136       0.034647
         145  ( 2:1:   4/   8)   222ud2u00u00       0.094163       0.008867
         157  ( 2:1:   1/   9)   22u2d2uu0000       0.265367       0.070420
         160  ( 2:1:   4/   9)   22u2d2u00u00       0.136245       0.018563
         187  ( 2:1:   1/  11)   u222d2uu0000       0.153701       0.023624
         190  ( 2:1:   4/  11)   u222d2u00u00       0.080234       0.006437
         388  ( 3:1:   1/   2)   222u2u200000      -0.236110       0.055748
         391  ( 3:1:   4/   2)   222u2u020000       0.131878       0.017392
         398  ( 3:1:  11/   2)   222u2u0d0u00       0.064749       0.004192
         401  ( 3:1:  14/   2)   222u2u0u0d00       0.094975       0.009020
         424  ( 3:1:   1/   3)   22u22u200000      -0.334128       0.111642
         427  ( 3:1:   4/   3)   22u22u020000       0.185935       0.034572
         434  ( 3:1:  11/   3)   22u22u0d0u00       0.092328       0.008524
         437  ( 3:1:  14/   3)   22u22u0u0d00       0.134777       0.018165
         439  ( 3:1:  16/   3)   22u22u000200       0.067980       0.004621
         496  ( 3:1:   1/   5)   u2222u200000      -0.198056       0.039226
         499  ( 3:1:   4/   5)   u2222u020000       0.109506       0.011992
         506  ( 3:1:  11/   5)   u2222u0d0u00       0.055181       0.003045
         509  ( 3:1:  14/   5)   u2222u0u0d00       0.079943       0.006391
         532  ( 3:1:   1/   6)   222uu2200000      -0.194415       0.037797
         535  ( 3:1:   4/   6)   222uu2020000       0.109272       0.011940
         542  ( 3:1:  11/   6)   222uu20d0u00       0.053594       0.002872
         545  ( 3:1:  14/   6)   222uu20u0d00       0.078618       0.006181
         568  ( 3:1:   1/   7)   22u2u2200000      -0.276852       0.076647
         571  ( 3:1:   4/   7)   22u2u2020000       0.155020       0.024031
         578  ( 3:1:  11/   7)   22u2u20d0u00       0.077075       0.005940
         581  ( 3:1:  14/   7)   22u2u20u0d00       0.112222       0.012594
         583  ( 3:1:  16/   7)   22u2u2000200       0.056629       0.003207
         640  ( 3:1:   1/   9)   u222u2200000      -0.163825       0.026839
         643  ( 3:1:   4/   9)   u222u2020000       0.091164       0.008311
         653  ( 3:1:  14/   9)   u222u20u0d00       0.066496       0.004422

  The CI coefficients for the MIXED state nr.   3
--------------------------------------------------------------------------------
 CI COEFFICIENTS LARGER THAN  5.00E-02
  Occupation of active orbitals, and spin coupling
  of open shells. (u,d: Spin up or down).
  SGUGA info is (Midvert:IsyUp:UpperWalk/LowerWalk)
        Conf  SGUGA info        Occupation       Coefficient         Weight
          37  ( 2:1:   1/   1)   222220uu0000       0.427407       0.182677
          40  ( 2:1:   4/   1)   222220u00u00       0.215504       0.046442
          52  ( 2:1:   1/   2)   2222uduu0000      -0.099113       0.009823
         127  ( 2:1:   1/   7)   222202uu0000      -0.412634       0.170267
         130  ( 2:1:   4/   7)   222202u00u00      -0.207786       0.043175
         172  ( 2:1:   1/  10)   2u22d2uu0000      -0.081629       0.006663
         352  ( 3:1:   1/   1)   2222uu200000       0.559014       0.312497
         355  ( 3:1:   4/   1)   2222uu020000      -0.312562       0.097695
         362  ( 3:1:  11/   1)   2222uu0d0u00      -0.152956       0.023396
         365  ( 3:1:  14/   1)   2222uu0u0d00      -0.225935       0.051046
         367  ( 3:1:  16/   1)   2222uu000200      -0.112620       0.012683
         460  ( 3:1:   1/   4)   2u222u200000       0.079575       0.006332
        1366  ( 4:1:  25/   6)   22220u2000u0      -0.052469       0.002753

  The CI coefficients for the MIXED state nr.   4
--------------------------------------------------------------------------------
 CI COEFFICIENTS LARGER THAN  5.00E-02
  Occupation of active orbitals, and spin coupling
  of open shells. (u,d: Spin up or down).
  SGUGA info is (Midvert:IsyUp:UpperWalk/LowerWalk)
        Conf  SGUGA info        Occupation       Coefficient         Weight
           1  ( 1:1:   1/   1)   22222uu00000       0.160412       0.025732
           8  ( 1:1:   2/   2)   2222u20u0000      -0.116261       0.013517
          10  ( 1:1:   4/   2)   2222u2000u00      -0.065327       0.004268
          37  ( 2:1:   1/   1)   222220uu0000       0.444487       0.197569
          40  ( 2:1:   4/   1)   222220u00u00       0.191716       0.036755
          52  ( 2:1:   1/   2)   2222uduu0000      -0.103025       0.010614
         127  ( 2:1:   1/   7)   222202uu0000      -0.427607       0.182848
         130  ( 2:1:   4/   7)   222202u00u00      -0.186508       0.034785
         172  ( 2:1:   1/  10)   2u22d2uu0000      -0.087941       0.007734
         352  ( 3:1:   1/   1)   2222uu200000      -0.518751       0.269103
         353  ( 3:1:   2/   1)   2222uudu0000      -0.056593       0.003203
         355  ( 3:1:   4/   1)   2222uu020000       0.283126       0.080160
         362  ( 3:1:  11/   1)   2222uu0d0u00       0.160098       0.025631
         365  ( 3:1:  14/   1)   2222uu0u0d00       0.187226       0.035053
         367  ( 3:1:  16/   1)   2222uu000200       0.100856       0.010172
         460  ( 3:1:   1/   4)   2u222u200000      -0.077322       0.005979
         892  ( 4:1:   1/   1)   2222u02u0000       0.091436       0.008361
         901  ( 4:1:  10/   1)   2222u0200u00       0.052976       0.002806
        1343  ( 4:1:   2/   6)   22220uu20000      -0.067187       0.004514
        1360  ( 4:1:  19/   6)   22220uuu0d00      -0.054674       0.002989

  The CI coefficients for the MIXED state nr.   5
--------------------------------------------------------------------------------
 CI COEFFICIENTS LARGER THAN  5.00E-02
  Occupation of active orbitals, and spin coupling
  of open shells. (u,d: Spin up or down).
  SGUGA info is (Midvert:IsyUp:UpperWalk/LowerWalk)
        Conf  SGUGA info        Occupation       Coefficient         Weight
           2  ( 1:1:   2/   1)   22222u0u0000      -0.131231       0.017222
           4  ( 1:1:   4/   1)   22222u000u00      -0.069426       0.004820
           7  ( 1:1:   1/   2)   2222u2u00000       0.142630       0.020343
         353  ( 3:1:   2/   1)   2222uudu0000       0.691901       0.478727
         354  ( 3:1:   3/   1)   2222uuud0000      -0.506441       0.256482
         361  ( 3:1:  10/   1)   2222uud00u00       0.325323       0.105835
         364  ( 3:1:  13/   1)   2222uuu00d00      -0.210045       0.044119
         461  ( 3:1:   2/   4)   2u222udu0000       0.099630       0.009926
         462  ( 3:1:   3/   4)   2u222uud0000      -0.070726       0.005002
         469  ( 3:1:  10/   4)   2u222ud00u00       0.050671       0.002568
         893  ( 4:1:   2/   1)   2222u0u20000       0.067579       0.004567
        1342  ( 4:1:   1/   6)   22220u2u0000      -0.096366       0.009286
        1367  ( 4:1:  26/   6)   22220udu00u0      -0.055747       0.003108

--

Note: The following floating-point exceptions are signalling: IEEE_UNDERFLOW_FLAG IEEE_DENORMAL
--- Stop Module: caspt2 at Sun Jun 28 21:39:48 2026 /rc=_RC_ALL_IS_WELL_ ---
*** files: xmldump
    saved to directory <scratch-path-omitted>
--- Module caspt2 spent 21 hours 1 minute 33 seconds ---

.##################.
.# Happy landing! #.
.##################.

    Timing: Wall=78953.10 User=72122.88 System=6671.59
