   This run of MOLCAS is using the pymolcas driver

                             OPE
                             OPE          NMOL  CASOP  ENMOLC A   SO
                 OPE        NMOLC        AS  OP EN  MO LC     AS  OP
                OPENM       OL CA        SO  PE NM  OL CA     SOP EN
                OP EN      MO   LC       AS  OP ENMOL  CASO   PENMOL
                OP  EN     MO   LC       AS  OP EN     MO     LC ASO
               OP   E  NMOL  C  AS       OP  EN MO     LC     AS  OP
               OP  E   NMO   LC AS        OPEN  MO     LCASOP EN   M
               O  PEN   MO  LCA  SO
            OPE   NMO   L   CAS    OP
        OPENMOL  CASOP     ENMOL   CASOPE
     OPENMOLCA   SOPENMOLCASOPEN   MOLCASOPE
    OPENMOLCAS   OP           EN   MOL    CAS
    OPENMOLCAS       OP  ENM        O     LCA
    OPENMOLCAS    OPEN  MOLCASO     P  E  NMO
    OPENMOLCAS     OP               E  N  MOL
    OPENMOLCA   SO           PENM   O  L  CAS    OPEN    MO    LCAS
    OPENMOLCA   SOP           ENM   O  L  CAS   OP  EN  MOLC  AS   O
    OPENMOLCA   SOPE           NM      O  LCA   S      OP  EN MO
    OPENMOLC                AS         O  PEN   M      OL  CA  SOPE
    OPENMO        LCASOPE  NMOL        C  ASO   P      ENMOLC     AS
    OPE     NMO      LCA  SO     P     E   NM   OL  CA SO  PE N   MO
          OPENMOLCA            SOPE   NMO        LCAS  O    P  ENMO
     OPENMOLCASOPENMOLCASOPENMOLCASOPENMOLCA
        OPENMOLCASOPENMOLCASOPENMOLCASOPE
            OPENMOLCASOPENMOLCASOPENM
               OPENMOLCASOPENMOLCA        version: v24.02
                   OPENMOLCASO
                       OPE                tag:

 OpenMolcas is free software; you can redistribute it and/or modify it
 under the terms of the GNU Lesser General Public License version 2.1.
 OpenMolcas is distributed in the hope that it will be useful, but it
 is provided "as is" and without any express or implied warranties.
 For more details see the full text of the license in the file
 LICENSE or in <http://www.gnu.org/licenses/>.

                 Copyright (C) The OpenMolcas Authors
           For the author list and the recommended citation,
                   consult the file CONTRIBUTORS.md

           *************************************************
           * pymolcas version py2.28                       *
           *   build c4a6d18ded8cb6cad61d2372a9abd97c      *
           *   (after the EMIL interpreter by V. Veryazov) *
           *************************************************

configuration info
------------------
Host name: login02 (Linux)
C Compiler ID: GNU
C flags: -std=gnu99
Fortran Compiler ID: GNU
Fortran flags: -fno-aggressive-loop-optimizations -cpp -fdefault-integer-8 -fmax-stack-var-size=1048576
Definitions: _MOLCAS_;_I8_;_LINUX_;_MOLCAS_MPP_;_SCALAPACK_;_GA_
Parallel: ON (GA=ON)


   -------------------------------------------------------------------------------------------------------------------------------
  |
  |                 Project: caspt2_S
  |          Submitted from: <scratch-path-omitted>
  |            Scratch area: <scratch-path-omitted>
  |         Save outputs to: <scratch-path-omitted>
  |                  Molcas: /opt/bwhpc/common/chem/openmolcas/24.02_gnu-system_openmpi-4.1_mkl-2023.1.0
  |
  | Scratch area is empty
  |
  |             MOLCAS_BIN = /opt/bwhpc/common/chem/openmolcas/24.02_gnu-system_openmpi-4.1_mkl-2023.1.0/bin
  |         MOLCAS_DOC_DIR = /opt/bwhpc/common/chem/openmolcas/24.02_gnu-system_openmpi-4.1_mkl-2023.1.0/doc
  |          MOLCAS_DRIVER = <OpenMolcas-executable-path-omitted>
  |         MOLCAS_EXA_DIR = /opt/bwhpc/common/chem/openmolcas/24.02_gnu-system_openmpi-4.1_mkl-2023.1.0/bwhpc-examples
  |            MOLCAS_HOME = /opt/bwhpc/common/chem/openmolcas/24.02_gnu-system_openmpi-4.1_mkl-2023.1.0
  | MOLCAS_JUSTUS2_EXA_DIR = /opt/bwhpc/common/chem/openmolcas/24.02_gnu-system_openmpi-4.1_mkl-2023.1.0/bwhpc-examples
  |          MOLCAS_NPROCS = 1
  |           MOLCAS_PRINT = 2
  |            MOLCAS_SBIN = /opt/bwhpc/common/chem/openmolcas/24.02_gnu-system_openmpi-4.1_mkl-2023.1.0/sbin
  |          MOLCAS_SOURCE = /opt/bwhpc/common/chem/openmolcas/24.02_gnu-system_openmpi-4.1_mkl-2023.1.0
  |       MOLCAS_STRUCTURE = 0
  |         MOLCAS_VERSION = 24.02
  |
   -------------------------------------------------------------------------------------------------------------------------------

++ ---------   Input file   ---------

&GATEWAY
 coord = opt_optimized.xyz
 basis = Def2-TZVP
 group = nosym
 amfi
 RICD

&SEWARD

&RASSCF
 fileorb = rasscf_S.RasOrb
 cionly
 charge = 0
 spin = 1
 nactel = 12 0 0
 inactive = 100
 ras2 = 12
 ciroot = 5 5 1
 thrs = 1.0d-7 1.0d-5 1.0d-5
 outorbital = canonical

&CASPT2
 multistate = 5 1 2 3 4 5
 imag = 0.2
 ipeashift = 0.25

-- ----------------------------------

--- Start Module: gateway at Sat Jun 27 23:43:53 2026 ---

()()()()()()()()()()()()()()()()()()()()()()()()()()()()()()()()()()()()()()()()()()()()()()()()()()

                                              &GATEWAY

                       only a single process is used, running in SERIAL mode
                       available to each process: 12 GB of memory, 1 thread?
                                            pid: 639738
()()()()()()()()()()()()()()()()()()()()()()()()()()()()()()()()()()()()()()()()()()()()()()()()()()


++    Symmetry information:
      ---------------------

                    Character Table for C1 

                             E  
                    a        1  x, y, xy, Rz, z, xz, Ry, yz, Rx, I
--


++    Basis set information:
      ----------------------


      Basis set label: C.DEF2-TZVP.........

      Electronic valence basis set:
      ------------------
      Associated Effective Charge   6.000000 au
      Associated Actual Charge      6.000000 au
      Nuclear Model: Point charge

      Shell  nPrim  nBasis  Cartesian Spherical Contaminant
         s      11       5        X                  
         p       6       3        X                  
         d       2       2                 X         
         f       1       1                 X         


      Basis set label: H.DEF2-TZVP.........

      Electronic valence basis set:
      ------------------
      Associated Effective Charge   1.000000 au
      Associated Actual Charge      1.000000 au
      Nuclear Model: Point charge

      Shell  nPrim  nBasis  Cartesian Spherical Contaminant
         s       5       3        X                  
         p       1       1        X                  


      Basis set label: NI.DEF2-TZVP.........

      Electronic valence basis set:
      ------------------
      Associated Effective Charge  28.000000 au
      Associated Actual Charge     28.000000 au
      Nuclear Model: Point charge

      Shell  nPrim  nBasis  Cartesian Spherical Contaminant
         s      17       6        X                  
         p      11       4        X                  
         d       7       4                 X         
         f       1       1                 X         
--


++    Molecular structure info:
      -------------------------

                    ************************************************ 
                    **** Cartesian Coordinates / Bohr, Angstrom **** 
                    ************************************************ 

     Center  Label                x              y              z                     x              y              z
        1      C1               2.700873      -0.014140       0.053364              1.429240      -0.007483       0.028239
        2      C2               1.338269       2.346166       0.052986              0.708181       1.241537       0.028039
        3      C3              -1.358013       2.352197      -0.050975             -0.718630       1.244729      -0.026975
        4      C4              -2.700873       0.014140       0.053364             -1.429240       0.007483       0.028239
        5      C5              -1.338269      -2.346166       0.052987             -0.708182      -1.241537       0.028039
        6      C6               1.358013      -2.352197      -0.050975              0.718630      -1.244729      -0.026975
        7      C7               5.430022      -0.032061       0.005879              2.873444      -0.016966       0.003111
        8      C8               2.687271       4.718649       0.004773              1.422042       2.497001       0.002526
        9      C9              -2.703012       4.681857      -0.225865             -1.430373       2.477532      -0.119522
       10      C10             -5.430022       0.032061       0.005880             -2.873444       0.016966       0.003112
       11      C11             -2.687271      -4.718649       0.004773             -1.422043      -2.497001       0.002526
       12      C12              2.703013      -4.681856      -0.225865              1.430373      -2.477532      -0.119522
       13      C13              6.688107       2.329532       0.479888              3.539194       1.232735       0.253946
       14      C14              5.361458       4.627420       0.479616              2.837161       2.448725       0.253802
       15      C15              1.300790       6.993476      -0.166046              0.688348       3.700788      -0.087868
       16      C16             -1.309145       6.977593      -0.300660             -0.692770       3.692383      -0.159102
       17      C17             -5.388209       4.622601      -0.299453             -2.851317       2.446175      -0.158464
       18      C18             -6.706853       2.370347      -0.163978             -3.549114       1.254334      -0.086773
       19      C19             -6.688107      -2.329532       0.479889             -3.539194      -1.232735       0.253946
       20      C20             -5.361458      -4.627420       0.479617             -2.837162      -2.448725       0.253802
       21      C21             -1.300790      -6.993477      -0.166047             -0.688348      -3.700788      -0.087868
       22      C22              1.309146      -6.977593      -0.300660              0.692770      -3.692383      -0.159102
       23      C23              5.388209      -4.622601      -0.299453              2.851317      -2.446175      -0.158464
       24      C24              6.706853      -2.370347      -0.163978              3.549114      -1.254333      -0.086773
       25      H25              8.733391       2.331530       0.746766              4.621511       1.233793       0.395171
       26      H26              6.385836       6.397697       0.746357              3.379239       3.385516       0.394955
       27      H27              2.329212       8.782631      -0.158987              1.232566       4.647568      -0.084132
       28      H28             -2.345120       8.756381      -0.445095             -1.240984       4.633677      -0.235534
       29      H29             -6.410729       6.409185      -0.443523             -3.392412       3.391595      -0.234702
       30      H30             -8.770518       2.374354      -0.156216             -4.641158       1.256454      -0.082666
       31      H31             -8.733391      -2.331530       0.746766             -4.621512      -1.233793       0.395172
       32      H32             -6.385836      -6.397698       0.746357             -3.379239      -3.385516       0.394955
       33      H33             -2.329212      -8.782632      -0.158988             -1.232566      -4.647569      -0.084133
       34      H34              2.345121      -8.756381      -0.445095              1.240985      -4.633677      -0.235534
       35      H35              6.410729      -6.409185      -0.443522              3.392412      -3.391594      -0.234702
       36      H36              8.770518      -2.374354      -0.156216              4.641158      -1.256454      -0.082666
       37      NI37             3.989534       2.304908       3.526133              2.111171       1.219705       1.865949
       38      NI38            -3.989534      -2.304908       3.526134             -2.111171      -1.219705       1.865950

                    ************************************************* 
                    **** InterNuclear Distances / Bohr, Angstrom **** 
                    ************************************************* 

     Atom centers         Bohr        Angstrom
   25 H25      13 C13     2.062615        1.091489
   26 H26      14 C14   
   31 H31      19 C19   
   32 H32      20 C20   
   28 H28      16 C16     2.063537        1.091977
   29 H29      17 C17   
   34 H34      22 C22   
   35 H35      23 C23   
   27 H27      15 C15     2.063681        1.092053
   30 H30      18 C18   
   33 H33      21 C21   
   36 H36      24 C24   
   18 C18      17 C17     2.613394        1.382948
   24 C24      23 C23   
   16 C16      15 C15     2.613452        1.382979
   22 C22      21 C21   
   14 C14      13 C13     2.653354        1.404094
   20 C20      19 C19   
   15 C15       8 C8      2.669523        1.412650
   21 C21      11 C11   
   18 C18      10 C10     2.669593        1.412688
   24 C24       7 C7    
   16 C16       9 C9      2.686795        1.421790
   22 C22      12 C12   
   17 C17       9 C9      2.686858        1.421824
   23 C23      12 C12   
    9 C9        3 C3      2.695723        1.426515
   12 C12       6 C6    
    4 C4        3 C3      2.698271        1.427864
    6 C6        1 C1    
    3 C3        2 C2      2.698292        1.427875
    6 C6        5 C5    
   13 C13       7 C7      2.717459        1.438017
   19 C19      10 C10   
   14 C14       8 C8      2.717550        1.438065
   20 C20      11 C11   
    2 C2        1 C1      2.725387        1.442212
    5 C5        4 C4    
    7 C7        1 C1      2.729616        1.444451
    8 C8        2 C2    
   10 C10       4 C4    
   11 C11       5 C5    
   29 H29      18 C18     4.059316        2.148097
   35 H35      24 C24   
   28 H28      15 C15     4.059355        2.148118
   34 H34      21 C21   
   30 H30      17 C17     4.063883        2.150514
   36 H36      23 C23   
   27 H27      16 C16     4.063973        2.150562
   33 H33      22 C22   
   37 NI37     14 C14     4.069091        2.153270
   38 NI38     20 C20   
   37 NI37     13 C13     4.069706        2.153596
   38 NI38     19 C19   
   27 H27       8 C8      4.083011        2.160636
   33 H33      11 C11   
   30 H30      10 C10     4.083077        2.160671
   36 H36       7 C7    
   25 H25      14 C14     4.088073        2.163315
   26 H26      13 C13   
   31 H31      20 C20   
   32 H32      19 C19   
   28 H28       9 C9      4.096083        2.167554
   34 H34      12 C12   
   29 H29       9 C9      4.096120        2.167573
   35 H35      12 C12   
   25 H25       7 C7      4.128888        2.184914
   31 H31      10 C10   
   26 H26       8 C8      4.128987        2.184966
   32 H32      11 C11   
   37 NI37      2 C2      4.369629        2.312308
   38 NI38      5 C5    
   37 NI37      1 C1      4.370212        2.312617
   38 NI38      4 C4    
   37 NI37      8 C8      4.463408        2.361934
   38 NI38     11 C11   
   37 NI37      7 C7      4.464147        2.362325
   38 NI38     10 C10   
   16 C16       8 C8      4.600811        2.434644
   22 C22      11 C11   
   17 C17      10 C10     4.600873        2.434677
   23 C23       7 C7    
   15 C15       9 C9      4.623591        2.446699
   18 C18       9 C9    
   21 C21      12 C12   
   24 C24      12 C12   
   16 C16       3 C3      4.632381        2.451350
   17 C17       3 C3    
   22 C22       6 C6    
   23 C23       6 C6    
   14 C14       2 C2      4.644587        2.457809
   20 C20       5 C5    
   13 C13       1 C1      4.644649        2.457842
   19 C19       4 C4    
   15 C15       2 C2      4.652615        2.462058
   18 C18       4 C4    
   21 C21       5 C5    
   24 C24       1 C1    
    4 C4        2 C2      4.664012        2.468089
    5 C5        1 C1    
    9 C9        2 C2      4.676020        2.474443
   12 C12       5 C5    
    9 C9        4 C4      4.676061        2.474465
   12 C12       1 C1    
   30 H30      29 H29     4.683055        2.478166
   36 H36      35 H35   
   28 H28      27 H27     4.683154        2.478218
   34 H34      33 H33   
   14 C14       7 C7      4.684004        2.478668
   20 C20      10 C10   
   13 C13       8 C8      4.684048        2.478691
   19 C19      11 C11   
    7 C7        6 C6      4.686952        2.480228
    8 C8        3 C3    
   10 C10       3 C3    
   11 C11       6 C6    
   29 H29      28 H28     4.694518        2.484232
   35 H35      34 H34   
   26 H26      25 H25     4.695182        2.484583
   32 H32      31 H31   
    3 C3        1 C1      4.699467        2.486851
    6 C6        4 C4    
    5 C5        3 C3      4.699554        2.486897
    6 C6        2 C2    
   17 C17      16 C16     4.710068        2.492461
   23 C23      22 C22   
    7 C7        2 C2      4.732930        2.504559
   10 C10       5 C5    
    8 C8        1 C1      4.733058        2.504626
   11 C11       4 C4    
   19 C19      18 C18     4.743814        2.510318
   24 C24      13 C13   
   15 C15      14 C14     4.743852        2.510338
   21 C21      20 C20   
   31 H31      30 H30     4.791878        2.535753
   36 H36      25 H25   
   27 H27      26 H26     4.792051        2.535844
   33 H33      32 H32   
   28 H28      17 C17     5.135139        2.717399
   29 H29      16 C16   
   34 H34      23 C23   
   35 H35      22 C22   
   30 H30      19 C19     5.183397        2.742936
   36 H36      13 C13   
   27 H27      14 C14     5.183446        2.742961
   33 H33      20 C20   
   25 H25      24 C24     5.200380        2.751922
   31 H31      18 C18   
   26 H26      15 C15     5.200493        2.751982
   32 H32      21 C21   
   16 C16       2 C2      5.346399        2.829193
   22 C22       5 C5    
   17 C17       4 C4      5.346416        2.829202
   23 C23       1 C1    
   18 C18       3 C3      5.350065        2.831132
   24 C24       6 C6    
   15 C15       3 C3      5.350136        2.831170
   21 C21       6 C6    
   13 C13       2 C2      5.366870        2.840025
   19 C19       5 C5    
   14 C14       1 C1      5.366981        2.840084
   20 C20       4 C4    
    9 C9        8 C8      5.395341        2.855091
   12 C12      11 C11   
   10 C10       9 C9      5.395450        2.855149
   12 C12       7 C7    
    4 C4        1 C1      5.401820        2.858520
    5 C5        2 C2      5.402021        2.858626
    6 C6        3 C3      5.432137        2.874563
    8 C8        7 C7      5.485611        2.902860
   11 C11      10 C10   
   37 NI37     26 H26     5.497303        2.909047
   38 NI38     32 H32   
   37 NI37     25 H25     5.498160        2.909501
   38 NI38     31 H31   
--


            Nuclear Potential Energy           3152.76180619 au

--- Stop Module: gateway at Sat Jun 27 23:43:56 2026 /rc=_RC_ALL_IS_WELL_ ---
*** files: caspt2_S.RICDLib xmldump
    saved to directory <scratch-path-omitted>
--- Module gateway spent 2 seconds ---

--- Start Module: seward at Sat Jun 27 23:43:56 2026 ---

()()()()()()()()()()()()()()()()()()()()()()()()()()()()()()()()()()()()()()()()()()()()()()()()()()

                                              &SEWARD

                       only a single process is used, running in SERIAL mode
                       available to each process: 12 GB of memory, 1 thread?
                                            pid: 639751
()()()()()()()()()()()()()()()()()()()()()()()()()()()()()()()()()()()()()()()()()()()()()()()()()()

               SEWARD will generate:
                  Multipole Moment integrals up to order  2
                  Kinetic Energy integrals
                  Nuclear Attraction integrals (point charge)
                  One-Electron Hamiltonian integrals
                  Velocity integrals
                  Orbital angular momentum around ( 0.0000 -0.0000  0.9761 )
                  Velocity quadrupole around ( 0.0000 -0.0000  0.9761 )
                  Atomic mean-field integrals
                  RI decomposed two-electron repulsion integrals stored Cholesky style
                   - acCD auxiliary basis
                   - CD Threshold:   0.10E-03

                   Integrals are discarded if absolute value <: 1.00E-14
                   Integral cutoff threshold is set to       <: 1.00E-16

            Nuclear Potential Energy           3152.76180619 au


      Basis set specifications :
      Symmetry species         a  
      Basis functions          906


      Input file to MOLDEN was generated!

Note: The following floating-point exceptions are signalling: IEEE_UNDERFLOW_FLAG IEEE_DENORMAL
--- Stop Module: seward at Sat Jun 27 23:54:04 2026 /rc=_RC_ALL_IS_WELL_ ---
*** files: caspt2_S.GssOrb caspt2_S.guessorb.h5 caspt2_S.guessorb.molden xmldump
    saved to directory <scratch-path-omitted>
--- Module seward spent 10 minutes 8 seconds ---

*** symbolic link created: INPORB -> caspt2_S.GssOrb
--- Start Module: rasscf at Sat Jun 27 23:54:05 2026 ---

()()()()()()()()()()()()()()()()()()()()()()()()()()()()()()()()()()()()()()()()()()()()()()()()()()

                                              &RASSCF

                       only a single process is used, running in SERIAL mode
                       available to each process: 12 GB of memory, 1 thread?
                                            pid: 640957
()()()()()()()()()()()()()()()()()()()()()()()()()()()()()()()()()()()()()()()()()()()()()()()()()()

 ###############################################################################
 ###############################################################################
 ###                                                                         ###
 ###                                                                         ###
 ###    WARNING: CHARGE and NACTEL are only compatible if INACTIVE           ###
 ###    is not given and the symmetry group is C1. Hence the                 ###
 ###    CHARGE command will be ignored.                                      ###
 ###                                                                         ###
 ###                                                                         ###
 ###############################################################################
 ###############################################################################

      Header of the ONEINT file:
      --------------------------
      
      Integrals generated by Gateway/Seward, Sat Jun 27 23:43:56 2026


      OrdInt status: non-squared


      Cartesian coordinates in Angstrom:
      -----------------------------------------------------
      No.  Label        X            Y            Z        
      -----------------------------------------------------
       1   C1         1.42924031  -0.00748264   0.02823884
       2   C2         0.70818144   1.24153737   0.02803895
       3   C3        -0.71862965   1.24472889  -0.02697471
       4   C4        -1.42924039   0.00748259   0.02823911
       5   C5        -0.70818155  -1.24153741   0.02803927
       6   C6         0.71862970  -1.24472887  -0.02697464
       7   C7         2.87344400  -0.01696604   0.00311114
       8   C8         1.42204247   2.49700128   0.00252559
       9   C9        -1.43037261   2.47753183  -0.11952247
      10   C10       -2.87344406   0.01696604   0.00311162
      11   C11       -1.42204255  -2.49700134   0.00252593
      12   C12        1.43037277  -2.47753176  -0.11952240
      13   C13        3.53919385   1.23273526   0.25394576
      14   C14        2.83716140   2.44872530   0.25380206
      15   C15        0.68834830   3.70078833  -0.08786789
      16   C16       -0.69276978   3.69238306  -0.15910225
      17   C17       -2.85131717   2.44617531  -0.15846379
      18   C18       -3.54911399   1.25433361  -0.08677346
      19   C19       -3.53919402  -1.23273526   0.25394612
      20   C20       -2.83716156  -2.44872541   0.25380223
      21   C21       -0.68834819  -3.70078845  -0.08786807
      22   C22        0.69276997  -3.69238305  -0.15910229
      23   C23        2.85131735  -2.44617519  -0.15846363
      24   C24        3.54911402  -1.25433341  -0.08677335
      25   H25        4.62151125   1.23379255   0.39517136
      26   H26        3.37923869   3.38551561   0.39495519
      27   H27        1.23256597   4.64756844  -0.08413234
      28   H28       -1.24098431   4.63367705  -0.23553410
      29   H29       -3.39241163   3.39159450  -0.23470201
      30   H30       -4.64115822   1.25645421  -0.08266621
      31   H31       -4.62151158  -1.23379256   0.39517159
      32   H32       -3.37923899  -3.38551587   0.39495488
      33   H33       -1.23256583  -4.64756868  -0.08413285
      34   H34        1.24098454  -4.63367703  -0.23553430
      35   H35        3.39241183  -3.39159438  -0.23470162
      36   H36        4.64115818  -1.25645388  -0.08266582
      37   NI37       2.11117059   1.21970454   1.86594902
      38   NI38      -2.11117054  -1.21970457   1.86594954
      -----------------------------------------------------
      Nuclear repulsion energy = 3152.76180619

++    Wave function specifications:
      -----------------------------

      Number of closed shell electrons         200
      Number of electrons in active shells      12
      Max number of holes in RAS1 space          0
      Max nr of electrons in RAS3 space          0
      Number of inactive orbitals              100
      Number of active orbitals                 12
      Number of secondary orbitals             794
      Spin quantum number                      0.0
      State symmetry                             1
--

++    Orbital specifications:
      -----------------------

      Symmetry species                           1
                                                 a
      Frozen orbitals                            0
      Inactive orbitals                        100
      Active orbitals                           12
      RAS1 orbitals                              0
      RAS2 orbitals                             12
      RAS3 orbitals                              0
      Secondary orbitals                       794
      Deleted orbitals                           0
      Number of basis functions                906
--

++    CI expansion specifications:
      ----------------------------

      Number of CSFs                        226512
      Number of determinants                427350
      Number of root(s) required                 5
      Root chosen for geometry opt.              5
      CI roots used                              1     2     3     4     5
      weights                                0.200 0.200 0.200 0.200 0.200
      highest root included in the CI            5
      max. size of the explicit Hamiltonian    200
--

++    Optimization specifications:
      ----------------------------

      RASSCF algorithm: LK RI/DF
      Maximum number of macro iterations       200
      Maximum number of SX iterations          100
      Threshold for RASSCF energy            1.000E-07
      Threshold for max MO rotation          1.000E-05
      Threshold for max BLB element          1.000E-05
      Level shift parameter                  5.000E-01
      Make Quasi-Newton update
--

      The MO-coefficients are taken from the file:
      <scratch-path-omitted>                                                                                                                                                                                  
      Title: B1 Ni2/coronene CAS(26,15) singlet natural orbitals (regenerated from rasscf_S

      Total molecular charge    0.00

      ************************************************************************************************************************
      *                                                                                                                      *
      *                                            Wave function control section                                             *
      *                                                                                                                      *
      ************************************************************************************************************************


                                         CASCI only, no orbital optimization will be done.
                                         -------------------------------------------------

      Iter CI   SX   CI       RASSCF       Energy    max ROT     max BLB   max BLB  Level Ln srch  Step   QN   Walltime
          iter iter root      energy       change     param      element    value   shift minimum  type update hh:mm:ss
 Nr of preliminary CI iterations:  41
        1   1    0    0 -3929.65041711    0.00E+00   0.00E+00   97 106 1  7.05E-02*  0.00   0.00    SX    NO    0:19:52

      ************************************************************************************************************************
                                                      Wave function printout:
                       occupation of active orbitals, and spin coupling of open shells (u,d: Spin up or down)
      ************************************************************************************************************************

      Note: transformation to natural orbitals
      has been made, which may change the order of the CSFs.

      printout of CI-coefficients larger than  0.05 for root  1
      energy=   -3929.676417
      conf/sym  111111111111     Coeff  Weight
             8  2222u2d00000  -0.22403 0.05019
             9  2222u20d0000   0.18359 0.03371
            11  2222u2000d00   0.08606 0.00741
            59  2222ud200000  -0.63719 0.40601
            60  2222udud0000   0.07158 0.00512
            61  2222ud020000   0.36215 0.13115
            66  2222ud0u0d00   0.31183 0.09724
            68  2222ud000200   0.12741 0.01623
           479  2222uudd0000   0.35103 0.12322
           482  2222uud00d00   0.18698 0.03496
           704  2222u02d0000  -0.15933 0.02539
           705  2222u0d20000  -0.10834 0.01174
           712  2222u0200d00  -0.08423 0.00709
           713  2222u0du0d00  -0.10391 0.01080
           744  2222u020000d   0.05906 0.00349

      printout of CI-coefficients larger than  0.05 for root  2
      energy=   -3929.656529
      conf/sym  111111111111     Coeff  Weight
            14  222u22d00000  -0.19510 0.03807
            15  222u220d0000   0.17842 0.03183
            17  222u22000d00   0.08349 0.00697
            20  22u222d00000   0.08567 0.00734
            21  22u2220d0000  -0.08081 0.00653
            80  222u2d200000  -0.57241 0.32765
            81  222u2dud0000   0.05341 0.00285
            82  222u2d020000   0.33296 0.11086
            87  222u2d0u0d00   0.27483 0.07553
            89  222u2d000200   0.10723 0.01150
           101  22u22d200000   0.25407 0.06455
           103  22u22d020000  -0.14688 0.02157
           108  22u22d0u0d00  -0.12257 0.01502
           122  2u222d200000  -0.05774 0.00333
           494  222u2udd0000   0.33271 0.11070
           497  222u2ud00d00   0.16721 0.02796
           509  22u22udd0000  -0.14976 0.02243
           512  22u22ud00d00  -0.07518 0.00565
           774  222u202d0000  -0.15649 0.02449
           775  222u20d20000  -0.09517 0.00906
           782  222u20200d00  -0.08082 0.00653
           783  222u20du0d00  -0.09019 0.00813
           814  222u2020000d   0.05092 0.00259
           844  22u2202d0000   0.07027 0.00494

      printout of CI-coefficients larger than  0.05 for root  3
      energy=   -3929.652213
      conf/sym  111111111111     Coeff  Weight
             1  222222000000  -0.10835 0.01174
             3  22222u0d0000   0.09812 0.00963
             8  2222u2d00000   0.38038 0.14469
             9  2222u20d0000   0.40223 0.16179
            11  2222u2000d00   0.18164 0.03299
            38  222220200000   0.05612 0.00315
            39  222220ud0000  -0.07205 0.00519
            59  2222ud200000   0.21357 0.04561
            60  2222udud0000  -0.18402 0.03386
            61  2222ud020000  -0.08924 0.00796
            65  2222udu00d00  -0.07357 0.00541
            66  2222ud0u0d00  -0.10208 0.01042
            68  2222ud000200  -0.05097 0.00260
           479  2222uudd0000   0.44121 0.19467
           482  2222uud00d00   0.15916 0.02533
           569  22u2u2dd0000  -0.05247 0.00275
           704  2222u02d0000  -0.39273 0.15424
           705  2222u0d20000   0.22275 0.04962
           712  2222u0200d00  -0.15670 0.02456
           713  2222u0du0d00   0.15940 0.02541
           721  2222u0d00200   0.05827 0.00340
           745  2222u0du000d   0.07378 0.00544

      printout of CI-coefficients larger than  0.05 for root  4
      energy=   -3929.636042
      conf/sym  111111111111     Coeff  Weight
            10  2222u200d000   0.33094 0.10952
            62  2222udu0d000   0.74131 0.54955
            63  2222ud0ud000   0.10014 0.01003
            67  2222ud00ud00   0.09631 0.00928
            70  2222ud0u00d0   0.13022 0.01696
            72  2222ud000ud0   0.09972 0.00994
           480  2222uud0d000   0.06560 0.00430
           481  2222uu0dd000   0.19814 0.03926
           484  2222uu00dd00  -0.13043 0.01701
           485  2222uud000d0   0.06970 0.00486
           491  2222uu00d00d  -0.05658 0.00320
           706  2222u020d000  -0.39402 0.15525
           707  2222u0dud000  -0.08797 0.00774
           708  2222u0udd000   0.05699 0.00325
           716  2222u0d0ud00  -0.06358 0.00404
           724  2222u02000d0  -0.06659 0.00443
           725  2222u0du00d0  -0.05871 0.00345
           750  2222u0u0d00d  -0.08567 0.00734

      printout of CI-coefficients larger than  0.05 for root  5
      energy=   -3929.630883
      conf/sym  111111111111     Coeff  Weight
            14  222u22d00000   0.34534 0.11926
            15  222u220d0000   0.37386 0.13977
            17  222u22000d00   0.12638 0.01597
            20  22u222d00000  -0.16063 0.02580
            21  22u2220d0000  -0.16471 0.02713
            23  22u222000d00  -0.05848 0.00342
            60  2222udud0000  -0.11186 0.01251
            65  2222udu00d00   0.10655 0.01135
            80  222u2d200000   0.21210 0.04499
            81  222u2dud0000  -0.17612 0.03102
            82  222u2d020000  -0.08452 0.00714
            86  222u2du00d00  -0.06208 0.00385
            87  222u2d0u0d00  -0.10063 0.01013
            89  222u2d000200  -0.05103 0.00260
           101  22u22d200000  -0.09143 0.00836
           102  22u22dud0000   0.07963 0.00634
           494  222u2udd0000   0.40046 0.16037
           497  222u2ud00d00   0.10987 0.01207
           509  22u22udd0000  -0.18366 0.03373
           512  22u22ud00d00  -0.05321 0.00283
           712  2222u0200d00  -0.05391 0.00291
           774  222u202d0000  -0.35755 0.12784
           775  222u20d20000   0.20629 0.04255
           782  222u20200d00  -0.11449 0.01311
           783  222u20du0d00   0.14105 0.01990
           791  222u20d00200   0.05017 0.00252
           815  222u20du000d   0.06425 0.00413
           844  22u2202d0000   0.16298 0.02656
           845  22u220d20000  -0.09320 0.00869
           852  22u220200d00   0.05436 0.00296
           853  22u220du0d00  -0.06396 0.00409

      Natural orbitals and occupation numbers for root  1
      sym 1:   1.999125   1.994781   1.984711   1.999267   1.003311   0.996844   1.200882   0.798320   0.012019   0.007810
               0.001230   0.001699

      Natural orbitals and occupation numbers for root  2
      sym 1:   1.998761   1.993049   1.984624   1.011764   1.999047   0.988730   1.191227   0.807684   0.013150   0.008659
               0.001440   0.001865

      Natural orbitals and occupation numbers for root  3
      sym 1:   1.998458   1.994673   1.984780   1.998898   1.082585   1.173358   0.916828   0.823114   0.012771   0.011185
               0.001383   0.001968

      Natural orbitals and occupation numbers for root  4
      sym 1:   1.999144   1.996624   1.986271   1.998908   1.003328   0.949268   0.998698   0.051431   0.964828   0.009347
               0.037187   0.004966

      Natural orbitals and occupation numbers for root  5
      sym 1:   1.997719   1.993129   1.984611   1.061879   1.960214   1.147186   0.954343   0.833803   0.015085   0.046897
               0.001719   0.003416

      ************************************************************************************************************************
      *                                                                                                                      *
      *                                                    Final results                                                     *
      *                                                                                                                      *
      ************************************************************************************************************************


++    Wave function specifications:
      -----------------------------

      Number of closed shell electrons         200
      Number of electrons in active shells      12
      Max number of holes in RAS1 space          0
      Max nr of electrons in RAS3 space          0
      Number of inactive orbitals              100
      Number of active orbitals                 12
      Number of secondary orbitals             794
      Spin quantum number                      0.0
      State symmetry                             1
--

++    Orbital specifications:
      -----------------------

      Symmetry species                           1
                                                 a
      Frozen orbitals                            0
      Inactive orbitals                        100
      Active orbitals                           12
      RAS1 orbitals                              0
      RAS2 orbitals                             12
      RAS3 orbitals                              0
      Secondary orbitals                       794
      Deleted orbitals                           0
      Number of basis functions                906
--

++    CI expansion specifications:
      ----------------------------

      Number of CSFs                        226512
      Number of determinants                427350
      Number of root(s) required                 5
      CI roots used                              1     2     3     4     5
      weights                                0.200 0.200 0.200 0.200 0.200
      highest root included in the CI            5
      Root passed to geometry opt.               5
--

++    Final optimization conditions:
      ------------------------------

      Average CI energy                           -3929.65041687
      RASSCF energy for state  5                  -3929.63088263
      Super-CI energy                                 0.00000000
      RASSCF energy change                            0.00000000
      Max change in MO coefficients               0.000E+00
      Max non-diagonal density matrix element     0.000E+00
      Maximum BLB matrix element                  7.050E-02
      (orbital pair  97, 106 in symmetry   1)
      Norm of electronic gradient            2.576E-01
--


      Final state energy(ies):
      ------------------------

::    RASSCF root number  1 Total energy:  -3929.67641721
::    RASSCF root number  2 Total energy:  -3929.65652899
::    RASSCF root number  3 Total energy:  -3929.65221324
::    RASSCF root number  4 Total energy:  -3929.63604229
::    RASSCF root number  5 Total energy:  -3929.63088263

++    Molecular orbitals:
      -------------------

      All orbitals are eigenfunctions of the PT2 Fock matrix


      MOLECULAR ORBITALS FOR SYMMETRY SPECIES 1: a  

      INDEX  OCCUPATION  COEFFICIENTS ...
          1 -305.3794                                                                                                                     
               817 NI37   1s     ( 0.9977)
          2 -305.3713                                                                                                                     
               862 NI38   1s     (-0.9977)
          3  -37.6586                                                                                                                     
               817 NI37   1s     (-0.3187) 818 NI37   2s     ( 1.0382)
          4  -37.6509                                                                                                                     
               862 NI38   1s     ( 0.3187) 863 NI38   2s     (-1.0382)
          5  -32.6945                                                                                                                     
               823 NI37   2px    ( 0.8618) 827 NI37   2py    ( 0.4594) 831 NI37   2pz    (-0.1692)
          6  -32.6901                                                                                                                     
               823 NI37   2px    ( 0.1480) 831 NI37   2pz    ( 0.9765)
          7  -32.6867                                                                                                                     
               876 NI38   2pz    (-0.9856)
          8  -32.6784                                                                                                                     
               868 NI38   2px    ( 0.8277) 872 NI38   2py    ( 0.5358) 876 NI38   2pz    (-0.1006)
          9  -32.6752                                                                                                                     
               823 NI37   2px    (-0.4666) 827 NI37   2py    ( 0.8744)
         10  -32.6713                                                                                                                     
               868 NI38   2px    (-0.5405) 872 NI38   2py    ( 0.8304)
         11  -11.2880                                                                                                                     
                 1 C1     1s     (-0.1720)   2 C1     2s     (-0.2253)  32 C2     1s     (-0.4340)  33 C2     2s     (-0.5685)
      
         12  -11.2867                                                                                                                     
                 1 C1     1s     (-0.4331)   2 C1     2s     (-0.5673)  32 C2     1s     ( 0.1715)  33 C2     2s     ( 0.2246)
      
         13  -11.2866                                                                                                                     
                94 C4     1s     ( 0.4395)  95 C4     2s     ( 0.5756) 125 C5     1s     ( 0.1544) 126 C5     2s     ( 0.2023)
      
         14  -11.2851                                                                                                                     
                94 C4     1s     (-0.1545)  95 C4     2s     (-0.2023) 125 C5     1s     ( 0.4404) 126 C5     2s     ( 0.5769)
      
         15  -11.2817                                                                                                                     
               373 C13    1s     ( 0.3452) 374 C13    2s     ( 0.4522) 404 C14    1s     ( 0.3121) 405 C14    2s     ( 0.4089)
      
         16  -11.2805                                                                                                                     
               373 C13    1s     (-0.3114) 374 C13    2s     (-0.4080) 404 C14    1s     ( 0.3436) 405 C14    2s     ( 0.4502)
      
         17  -11.2798                                                                                                                     
               559 C19    1s     ( 0.4010) 560 C19    2s     ( 0.5253) 590 C20    1s     ( 0.2347) 591 C20    2s     ( 0.3075)
      
         18  -11.2785                                                                                                                     
               559 C19    1s     (-0.2325) 560 C19    2s     (-0.3046) 590 C20    1s     ( 0.4001) 591 C20    2s     ( 0.5242)
      
         19  -11.2768                                                                                                                     
               218 C8     1s     ( 0.4636) 219 C8     2s     ( 0.6073)
         20  -11.2764                                                                                                                     
               187 C7     1s     (-0.4643) 188 C7     2s     (-0.6081)
         21  -11.2756                                                                                                                     
               280 C10    1s     (-0.4629) 281 C10    2s     (-0.6063)
         22  -11.2747                                                                                                                     
               311 C11    1s     ( 0.4634) 312 C11    2s     ( 0.6070)
         23  -11.2714                                                                                                                     
                63 C3     1s     (-0.4666)  64 C3     2s     (-0.6112)
         24  -11.2704                                                                                                                     
               156 C6     1s     (-0.4666) 157 C6     2s     (-0.6112)
         25  -11.2584                                                                                                                     
               249 C9     1s     ( 0.4587) 250 C9     2s     ( 0.6009)
         26  -11.2573                                                                                                                     
               342 C12    1s     ( 0.4539) 343 C12    2s     ( 0.5945) 684 C23    2s     ( 0.1230)
         27  -11.2552                                                                                                                     
               435 C15    1s     (-0.2020) 436 C15    2s     (-0.2647) 466 C16    1s     (-0.4156) 467 C16    2s     (-0.5444)
      
         28  -11.2549                                                                                                                     
               343 C12    2s     ( 0.1171) 683 C23    1s     (-0.4218) 684 C23    2s     (-0.5526) 714 C24    1s     (-0.1783)
               715 C24    2s     (-0.2335)
         29  -11.2539                                                                                                                     
               497 C17    1s     ( 0.4511) 498 C17    2s     ( 0.5910) 528 C18    1s     ( 0.1026) 529 C18    2s     ( 0.1345)
      
         30  -11.2535                                                                                                                     
               435 C15    1s     (-0.4196) 436 C15    2s     (-0.5497) 466 C16    1s     ( 0.2024) 467 C16    2s     ( 0.2652)
      
         31  -11.2531                                                                                                                     
               622 C21    2s     (-0.1279) 652 C22    1s     (-0.4372) 653 C22    2s     (-0.5728) 714 C24    1s     (-0.1189)
               715 C24    2s     (-0.1558)
         32  -11.2530                                                                                                                     
               652 C22    1s     ( 0.1147) 653 C22    2s     ( 0.1503) 683 C23    1s     ( 0.1759) 684 C23    2s     ( 0.2304)
               714 C24    1s     (-0.4151) 715 C24    2s     (-0.5439)
         33  -11.2509                                                                                                                     
               497 C17    1s     (-0.1030) 498 C17    2s     (-0.1350) 528 C18    1s     ( 0.4559) 529 C18    2s     ( 0.5973)
      
         34  -11.2500                                                                                                                     
               621 C21    1s     (-0.4563) 622 C21    2s     (-0.5978) 652 C22    1s     ( 0.1013) 653 C22    2s     ( 0.1327)
      
         35   -4.6471                                                                                                                     
               817 NI37   1s     (-0.1174) 818 NI37   2s     ( 0.4614) 819 NI37   3s     (-0.6243) 820 NI37   4s     (-0.4763)
      
         36   -4.6374                                                                                                                     
               862 NI38   1s     (-0.1173) 863 NI38   2s     ( 0.4612) 864 NI38   3s     (-0.6238) 865 NI38   4s     (-0.4759)
      
         37   -3.0590                                                                                                                     
               823 NI37   2px    ( 0.2770) 824 NI37   3px    (-0.6319) 825 NI37   *px    (-0.1985) 827 NI37   2py    ( 0.1567)
               828 NI37   3py    (-0.3575) 829 NI37   *py    (-0.1123) 831 NI37   2pz    (-0.2017) 832 NI37   3pz    ( 0.4602)
               833 NI37   *pz    ( 0.1444)
         38   -3.0563                                                                                                                     
               823 NI37   2px    ( 0.1845) 824 NI37   3px    (-0.4209) 825 NI37   *px    (-0.1324) 828 NI37   3py    (-0.1825)
               831 NI37   2pz    ( 0.2937) 832 NI37   3pz    (-0.6700) 833 NI37   *pz    (-0.2107) 876 NI38   2pz    (-0.1287)
               877 NI38   3pz    ( 0.2937)
         39   -3.0502                                                                                                                     
               824 NI37   3px    ( 0.1526) 831 NI37   2pz    (-0.1099) 832 NI37   3pz    ( 0.2507) 869 NI38   3px    ( 0.1853)
               872 NI38   2py    (-0.1076) 873 NI38   3py    ( 0.2453) 876 NI38   2pz    (-0.3266) 877 NI38   3pz    ( 0.7451)
               878 NI38   *pz    ( 0.2339)
         40   -3.0437                                                                                                                     
               823 NI37   2px    (-0.1074) 824 NI37   3px    ( 0.2447) 827 NI37   2py    ( 0.1929) 828 NI37   3py    (-0.4397)
               829 NI37   *py    (-0.1387) 868 NI38   2px    ( 0.2626) 869 NI38   3px    (-0.5987) 870 NI38   *px    (-0.1885)
               872 NI38   2py    ( 0.1463) 873 NI38   3py    (-0.3336) 874 NI38   *py    (-0.1050) 877 NI38   3pz    ( 0.1440)
      
         41   -3.0418                                                                                                                     
               823 NI37   2px    (-0.1248) 824 NI37   3px    ( 0.2843) 827 NI37   2py    ( 0.2603) 828 NI37   3py    (-0.5933)
               829 NI37   *py    (-0.1871) 832 NI37   3pz    (-0.1052) 868 NI38   2px    (-0.2205) 869 NI38   3px    ( 0.5028)
               870 NI38   *px    ( 0.1583) 877 NI38   3pz    (-0.2176)
         42   -3.0360                                                                                                                     
               828 NI37   3py    ( 0.1706) 868 NI38   2px    (-0.1380) 869 NI38   3px    ( 0.3145) 872 NI38   2py    ( 0.3318)
               873 NI38   3py    (-0.7565) 874 NI38   *py    (-0.2385) 877 NI38   3pz    ( 0.1718)
         43   -1.2400                                                                                                                     
                 3 C1     *s     ( 0.1124)   4 C1     *s     ( 0.1068)  34 C2     *s     ( 0.1131)  35 C2     *s     ( 0.1075)
                65 C3     *s     ( 0.1043)  96 C4     *s     ( 0.1106)  97 C4     *s     ( 0.1054) 127 C5     *s     ( 0.1098)
               128 C5     *s     ( 0.1046) 158 C6     *s     ( 0.1029)
         44   -1.1990                                                                                                                     
                 5 C1     *s     (-0.1012)  36 C2     *s     (-0.1025)  70 C3     *px    ( 0.1147)  98 C4     *s     ( 0.1027)
               129 C5     *s     ( 0.1014) 163 C6     *px    ( 0.1154) 189 C7     *s     (-0.1007) 220 C8     *s     (-0.1012)
               282 C10    *s     ( 0.1028) 313 C11    *s     ( 0.1017)
         45   -1.1846                                                                                                                     
                11 C1     *py    (-0.1206)  65 C3     *s     ( 0.1029)  67 C3     *s     ( 0.1278) 104 C4     *py    (-0.1160)
               158 C6     *s     (-0.1040) 160 C6     *s     (-0.1330) 251 C9     *s     ( 0.1147) 252 C9     *s     ( 0.1054)
               344 C12    *s     (-0.1146) 345 C12    *s     (-0.1054)
         46   -1.1347                                                                                                                     
                67 C3     *s     ( 0.1395) 160 C6     *s     ( 0.1391) 252 C9     *s     ( 0.1048) 345 C12    *s     ( 0.1034)
               375 C13    *s     (-0.1134) 376 C13    *s     (-0.1067) 406 C14    *s     (-0.1146) 407 C14    *s     (-0.1081)
               561 C19    *s     (-0.1133) 562 C19    *s     (-0.1067) 592 C20    *s     (-0.1123) 593 C20    *s     (-0.1052)
      
         47   -1.1293                                                                                                                     
                 5 C1     *s     ( 0.1265)  11 C1     *py    ( 0.1688)  36 C2     *s     (-0.1263)  39 C2     *px    (-0.1280)
                42 C2     *py    ( 0.1166)  98 C4     *s     ( 0.1285) 104 C4     *py    (-0.1717) 129 C5     *s     (-0.1291)
               132 C5     *px    ( 0.1297) 135 C5     *py    (-0.1184) 189 C7     *s     ( 0.1044) 190 C7     *s     ( 0.1099)
               220 C8     *s     (-0.1036) 221 C8     *s     (-0.1092) 282 C10    *s     ( 0.1041) 283 C10    *s     ( 0.1097)
               313 C11    *s     (-0.1045) 314 C11    *s     (-0.1099) 437 C15    *s     (-0.1019) 530 C18    *s     ( 0.1023)
               623 C21    *s     (-0.1017) 716 C24    *s     ( 0.1019)
         48   -1.1104                                                                                                                     
      
         49   -1.0699                                                                                                                     
               375 C13    *s     (-0.1054) 376 C13    *s     (-0.1089) 406 C14    *s     (-0.1060) 407 C14    *s     (-0.1094)
               561 C19    *s     ( 0.1055) 562 C19    *s     ( 0.1089) 592 C20    *s     ( 0.1050) 593 C20    *s     ( 0.1083)
      
         50   -1.0563                                                                                                                     
                 5 C1     *s     (-0.1633)  36 C2     *s     ( 0.1569)  67 C3     *s     (-0.1185)  98 C4     *s     ( 0.1546)
               129 C5     *s     (-0.1617) 160 C6     *s     ( 0.1265) 189 C7     *s     ( 0.1105) 190 C7     *s     ( 0.1137)
               220 C8     *s     (-0.1084) 221 C8     *s     (-0.1115) 251 C9     *s     ( 0.1119) 252 C9     *s     ( 0.1110)
               282 C10    *s     (-0.1088) 283 C10    *s     (-0.1120) 313 C11    *s     ( 0.1110) 314 C11    *s     ( 0.1146)
               344 C12    *s     (-0.1136) 345 C12    *s     (-0.1126)
         51   -1.0394                                                                                                                     
                 3 C1     *s     (-0.1230)   4 C1     *s     (-0.1321)  34 C2     *s     (-0.1227)  35 C2     *s     (-0.1320)
                96 C4     *s     ( 0.1250)  97 C4     *s     ( 0.1345) 127 C5     *s     ( 0.1236) 128 C5     *s     ( 0.1329)
      
         52   -1.0302                                                                                                                     
                64 C3     2s     ( 0.1006)  65 C3     *s     (-0.1466)  66 C3     *s     (-0.1503) 157 C6     2s     (-0.1003)
               158 C6     *s     ( 0.1461) 159 C6     *s     ( 0.1496)
         53   -0.9916                                                                                                                     
               251 C9     *s     ( 0.1045) 252 C9     *s     ( 0.1062) 344 C12    *s     ( 0.1020) 345 C12    *s     ( 0.1033)
               407 C14    *s     ( 0.1008) 593 C20    *s     ( 0.1001)
         54   -0.9902                                                                                                                     
                11 C1     *py    (-0.1706)  39 C2     *px    ( 0.1677)  70 C3     *px    ( 0.1368) 104 C4     *py    ( 0.1691)
               132 C5     *px    (-0.1683) 163 C6     *px    (-0.1380) 468 C16    *s     (-0.1102) 469 C16    *s     (-0.1068)
               499 C17    *s     ( 0.1123) 500 C17    *s     ( 0.1086) 654 C22    *s     (-0.1129) 655 C22    *s     (-0.1088)
               685 C23    *s     ( 0.1101) 686 C23    *s     ( 0.1070)
         55   -0.8876                                                                                                                     
               252 C9     *s     (-0.1105) 345 C12    *s     ( 0.1228) 376 C13    *s     ( 0.1152) 407 C14    *s     (-0.1187)
               562 C19    *s     (-0.1106) 624 C21    *s     (-0.1048) 717 C24    *s     (-0.1009)
         56   -0.8863                                                                                                                     
               190 C7     *s     (-0.1110) 221 C8     *s     (-0.1012) 283 C10    *s     ( 0.1015) 468 C16    *s     ( 0.1191)
               469 C16    *s     ( 0.1297) 685 C23    *s     ( 0.1179) 686 C23    *s     ( 0.1295)
         57   -0.8855                                                                                                                     
                65 C3     *s     (-0.1085)  66 C3     *s     (-0.1369) 158 C6     *s     (-0.1006) 159 C6     *s     (-0.1251)
               500 C17    *s     ( 0.1004)
         58   -0.8845                                                                                                                     
                 4 C1     *s     (-0.1247)   5 C1     *s     (-0.1874)  11 C1     *py    (-0.1840)  35 C2     *s     ( 0.1288)
                36 C2     *s     ( 0.1953)  39 C2     *px    ( 0.1627)  70 C3     *px    ( 0.1053)  97 C4     *s     (-0.1203)
                98 C4     *s     (-0.1984) 104 C4     *py    ( 0.1781) 127 C5     *s     ( 0.1068) 128 C5     *s     ( 0.1379)
               129 C5     *s     ( 0.2017) 132 C5     *px    (-0.1644) 163 C6     *px    (-0.1094)
         59   -0.8662                                                                                                                     
      
         60   -0.8011                                                                                                                     
                11 C1     *py    (-0.1608)  39 C2     *px    ( 0.1435)  70 C3     *px    ( 0.1518) 104 C4     *py    ( 0.1592)
               132 C5     *px    (-0.1436) 163 C6     *px    (-0.1531) 376 C13    *s     (-0.1209) 377 C13    *s     (-0.1290)
               407 C14    *s     ( 0.1206) 408 C14    *s     ( 0.1287) 438 C15    *s     (-0.1009) 439 C15    *s     (-0.1134)
               469 C16    *s     ( 0.1132) 470 C16    *s     ( 0.1264) 500 C17    *s     (-0.1112) 501 C17    *s     (-0.1249)
               531 C18    *s     ( 0.1023) 532 C18    *s     ( 0.1119) 562 C19    *s     (-0.1188) 563 C19    *s     (-0.1257)
               593 C20    *s     ( 0.1194) 594 C20    *s     ( 0.1260) 624 C21    *s     (-0.1018) 625 C21    *s     (-0.1119)
               655 C22    *s     ( 0.1113) 656 C22    *s     ( 0.1248) 686 C23    *s     (-0.1132) 687 C23    *s     (-0.1262)
               717 C24    *s     ( 0.1005) 718 C24    *s     ( 0.1133)
         61   -0.7830                                                                                                                     
                 4 C1     *s     (-0.1054)   5 C1     *s     (-0.1024)  35 C2     *s     ( 0.1050)  36 C2     *s     ( 0.1060)
                66 C3     *s     (-0.1111)  97 C4     *s     ( 0.1070)  98 C4     *s     ( 0.1109) 128 C5     *s     (-0.1077)
               129 C5     *s     (-0.1062) 159 C6     *s     ( 0.1118)
         62   -0.7638                                                                                                                     
      
         63   -0.7610                                                                                                                     
                 5 C1     *s     (-0.1025)  36 C2     *s     ( 0.1073)  98 C4     *s     ( 0.1015) 129 C5     *s     (-0.1003)
               252 C9     *s     (-0.1140) 253 C9     *s     (-0.1129) 345 C12    *s     ( 0.1138) 346 C12    *s     ( 0.1132)
      
         64   -0.7451                                                                                                                     
                 9 C1     2py    ( 0.1122) 102 C4     2py    ( 0.1125)
         65   -0.7221                                                                                                                     
      
         66   -0.6781                                                                                                                     
                66 C3     *s     ( 0.1045) 159 C6     *s     ( 0.1056) 378 C13    2px    (-0.1134) 409 C14    2px    (-0.1086)
               564 C19    2px    ( 0.1151) 595 C20    2px    ( 0.1111)
         67   -0.6687                                                                                                                     
               443 C15    2py    (-0.1126) 474 C16    2py    (-0.1131) 502 C17    2px    (-0.1013) 629 C21    2py    ( 0.1102)
               660 C22    2py    ( 0.1131)
         68   -0.6616                                                                                                                     
                 5 C1     *s     (-0.2065)  36 C2     *s     ( 0.2052)  68 C3     2px    ( 0.1183)  98 C4     *s     (-0.2061)
               129 C5     *s     ( 0.2064) 161 C6     2px    (-0.1189) 190 C7     *s     ( 0.1109) 191 C7     *s     ( 0.1324)
               221 C8     *s     (-0.1098) 222 C8     *s     (-0.1322) 283 C10    *s     ( 0.1096) 284 C10    *s     ( 0.1331)
               314 C11    *s     (-0.1104) 315 C11    *s     (-0.1326) 377 C13    *s     (-0.1107) 408 C14    *s     ( 0.1113)
               563 C19    *s     (-0.1108) 594 C20    *s     ( 0.1103)
         69   -0.6580                                                                                                                     
               381 C13    2py    (-0.1261) 412 C14    2py    ( 0.1393) 413 C14    *py    ( 0.1109) 567 C19    2py    (-0.1254)
               598 C20    2py    ( 0.1401) 599 C20    *py    ( 0.1118)
         70   -0.6551                                                                                                                     
                 9 C1     2py    ( 0.1177)  40 C2     2py    (-0.1006) 102 C4     2py    (-0.1112) 252 C9     *s     ( 0.1220)
               345 C12    *s     ( 0.1195) 346 C12    *s     ( 0.1061)
         71   -0.6535                                                                                                                     
               440 C15    2px    ( 0.1332) 441 C15    *px    ( 0.1025) 471 C16    2px    (-0.1219) 505 C17    2py    ( 0.1058)
               536 C18    2py    (-0.1136) 626 C21    2px    ( 0.1347) 627 C21    *px    ( 0.1032) 657 C22    2px    (-0.1176)
               691 C23    2py    ( 0.1006) 722 C24    2py    (-0.1174)
         72   -0.6140                                                                                                                     
                67 C3     *s     ( 0.1094) 160 C6     *s     ( 0.1100) 253 C9     *s     (-0.1033)
         73   -0.6118                                                                                                                     
                36 C2     *s     ( 0.1091)  37 C2     2px    (-0.1294)  38 C2     *px    (-0.1062)  68 C3     2px    ( 0.1299)
                69 C3     *px    ( 0.1031) 129 C5     *s     (-0.1113) 130 C5     2px    (-0.1257) 131 C5     *px    (-0.1008)
               161 C6     2px    ( 0.1246) 162 C6     *px    ( 0.1004) 378 C13    2px    (-0.1087) 564 C19    2px    (-0.1004)
      
         74   -0.6117                                                                                                                     
                 5 C1     *s     (-0.2287)   8 C1     *px    ( 0.1103)  36 C2     *s     ( 0.2100)  42 C2     *py    (-0.1207)
                98 C4     *s     ( 0.2258) 129 C5     *s     (-0.2087) 135 C5     *py    (-0.1273) 166 C6     *py    ( 0.1137)
               253 C9     *s     (-0.1167) 346 C12    *s     ( 0.1560) 443 C15    2py    (-0.1160) 629 C21    2py    (-0.1197)
               719 C24    2px    ( 0.1045)
         75   -0.6100                                                                                                                     
      
         76   -0.6029                                                                                                                     
                 9 C1     2py    ( 0.1021)  40 C2     2py    (-0.1179) 102 C4     2py    ( 0.1016) 133 C5     2py    (-0.1246)
               474 C16    2py    (-0.1145) 660 C22    2py    (-0.1250)
         77   -0.5875                                                                                                                     
                73 C3     *py    ( 0.1099) 166 C6     *py    (-0.1046) 253 C9     *s     (-0.1061) 346 C12    *s     (-0.1038)
               381 C13    2py    ( 0.1328) 382 C13    *py    ( 0.1071) 412 C14    2py    (-0.1135) 440 C15    2px    ( 0.1018)
               567 C19    2py    (-0.1328) 568 C19    *py    (-0.1068) 598 C20    2py    ( 0.1140)
         78   -0.5832                                                                                                                     
                 8 C1     *px    (-0.1036)  11 C1     *py    ( 0.1560)  42 C2     *py    ( 0.1671) 101 C4     *px    ( 0.1035)
               104 C4     *py    (-0.1549) 135 C5     *py    (-0.1670) 440 C15    2px    ( 0.1339) 441 C15    *px    ( 0.1025)
               471 C16    2px    (-0.1458) 472 C16    *px    (-0.1143) 505 C17    2py    (-0.1343) 506 C17    *py    (-0.1047)
               536 C18    2py    ( 0.1233) 626 C21    2px    (-0.1367) 627 C21    *px    (-0.1046) 657 C22    2px    ( 0.1481)
               658 C22    *px    ( 0.1162) 691 C23    2py    ( 0.1325) 692 C23    *py    ( 0.1033) 722 C24    2py    (-0.1212)
      
         79   -0.5653                                                                                                                     
               198 C7     2pz    (-0.1012) 229 C8     2pz    (-0.1024) 291 C10    2pz    ( 0.1049) 292 C10    *pz    ( 0.1025)
               322 C11    2pz    ( 0.1043) 323 C11    *pz    ( 0.1019)
         80   -0.5556                                                                                                                     
               347 C12    2px    ( 0.1052) 474 C16    2py    ( 0.1030)
         81   -0.5537                                                                                                                     
                 4 C1     *s     (-0.1065)   5 C1     *s     (-0.1883)  35 C2     *s     ( 0.1066)  36 C2     *s     ( 0.1852)
                97 C4     *s     ( 0.1080)  98 C4     *s     ( 0.1876) 128 C5     *s     (-0.1083) 129 C5     *s     (-0.1903)
               159 C6     *s     ( 0.1000) 192 C7     2px    ( 0.1007)
         82   -0.5446                                                                                                                     
      
         83   -0.5399                                                                                                                     
               195 C7     2py    ( 0.1016) 288 C10    2py    ( 0.1022) 536 C18    2py    (-0.1147) 722 C24    2py    (-0.1151)
      
         84   -0.5310                                                                                                                     
                71 C3     2py    (-0.1050) 164 C6     2py    (-0.1052)
         85   -0.5291                                                                                                                     
               254 C9     2px    (-0.1224) 347 C12    2px    (-0.1238) 470 C16    *s     (-0.1175) 501 C17    *s     ( 0.1193)
               502 C17    2px    ( 0.1190) 533 C18    2px    (-0.1097) 656 C22    *s     ( 0.1153) 687 C23    *s     (-0.1196)
               688 C23    2px    ( 0.1194) 719 C24    2px    (-0.1073)
         86   -0.4864                                                                                                                     
                 9 C1     2py    (-0.1042)  71 C3     2py    (-0.1084) 102 C4     2py    ( 0.1046) 133 C5     2py    (-0.1029)
               164 C6     2py    ( 0.1120) 257 C9     2py    ( 0.1108) 350 C12    2py    (-0.1155)
         87   -0.4833                                                                                                                     
                 6 C1     2px    ( 0.1054)  37 C2     2px    (-0.1088)  68 C3     2px    ( 0.1074)  99 C4     2px    (-0.1059)
               130 C5     2px    ( 0.1123) 161 C6     2px    (-0.1093) 191 C7     *s     ( 0.1526) 192 C7     2px    (-0.1058)
               222 C8     *s     (-0.1310) 284 C10    *s     ( 0.1543) 285 C10    2px    ( 0.1072) 315 C11    *s     (-0.1330)
               501 C17    *s     ( 0.1013) 687 C23    *s     ( 0.1015)
         88   -0.4829                                                                                                                     
                 5 C1     *s     (-0.1041)   8 C1     *px    ( 0.1270)  11 C1     *py    ( 0.4933)  36 C2     *s     ( 0.1269)
                39 C2     *px    (-0.4882)  42 C2     *py    ( 0.1430)  70 C3     *px    (-0.4651)  73 C3     *py    (-0.2715)
                98 C4     *s     (-0.1096) 101 C4     *px    (-0.1289) 104 C4     *py    (-0.4828) 129 C5     *s     ( 0.1424)
               132 C5     *px    ( 0.4874) 135 C5     *py    (-0.1355) 163 C6     *px    ( 0.4711) 166 C6     *py    ( 0.2726)
               191 C7     *s     (-0.1078) 198 C7     2pz    ( 0.1075) 199 C7     *pz    ( 0.1091) 256 C9     *px    ( 0.1097)
               284 C10    *s     (-0.1101) 291 C10    2pz    ( 0.1090) 292 C10    *pz    ( 0.1108) 349 C12    *px    (-0.1112)
      
         89   -0.4779                                                                                                                     
                70 C3     *px    ( 0.1033) 104 C4     *py    ( 0.1232) 222 C8     *s     (-0.1077) 260 C9     2pz    (-0.1120)
               261 C9     *pz    (-0.1128) 353 C12    2pz    (-0.1011) 354 C12    *pz    (-0.1016) 415 C14    2pz    ( 0.1073)
               416 C14    *pz    ( 0.1047) 570 C19    2pz    ( 0.1034) 571 C19    *pz    ( 0.1039) 601 C20    2pz    ( 0.1083)
               602 C20    *pz    ( 0.1079) 843 NI37   3d0    ( 0.1776) 844 NI37   *d0    ( 0.1181)
         90   -0.4643                                                                                                                     
               835 NI37   3d2-   ( 0.2317) 836 NI37   *d2-   ( 0.1551) 843 NI37   3d0    (-0.4498) 844 NI37   *d0    (-0.2998)
               845 NI37   *d0    (-0.1941) 851 NI37   3d2+   ( 0.1365)
         91   -0.4522                                                                                                                     
                67 C3     *s     ( 0.1241) 160 C6     *s     ( 0.1073) 663 C22    2pz    (-0.1023) 664 C22    *pz    (-0.1023)
               694 C23    2pz    (-0.1036) 695 C23    *pz    (-0.1034) 843 NI37   3d0    ( 0.1637) 844 NI37   *d0    ( 0.1092)
      
         92   -0.4219                                                                                                                     
                 5 C1     *s     (-0.1319)  36 C2     *s     (-0.1067)  98 C4     *s     ( 0.1094) 129 C5     *s     ( 0.1298)
               416 C14    *pz    (-0.1009) 835 NI37   3d2-   (-0.2294) 836 NI37   *d2-   (-0.1540) 837 NI37   *d2-   (-0.1001)
               843 NI37   3d0    (-0.1428) 880 NI38   3d2-   ( 0.2506) 881 NI38   *d2-   ( 0.1681) 882 NI38   *d2-   ( 0.1092)
               896 NI38   3d2+   ( 0.1751) 897 NI38   *d2+   ( 0.1176)
         93   -0.4201                                                                                                                     
                11 C1     *py    ( 0.1181)  39 C2     *px    (-0.1049)  67 C3     *s     (-0.1899) 160 C6     *s     ( 0.2150)
               835 NI37   3d2-   ( 0.3126) 836 NI37   *d2-   ( 0.2106) 837 NI37   *d2-   ( 0.1382) 851 NI37   3d2+   (-0.3830)
               852 NI37   *d2+   (-0.2586) 853 NI37   *d2+   (-0.1704) 896 NI38   3d2+   ( 0.1147)
         94   -0.4121                                                                                                                     
                39 C2     *px    ( 0.1411)  67 C3     *s     ( 0.1201)  70 C3     *px    ( 0.1043) 129 C5     *s     ( 0.1165)
               197 C7     *py    (-0.1069) 228 C8     *py    ( 0.1053) 439 C15    *s     (-0.1289) 718 C24    *s     (-0.1261)
               835 NI37   3d2-   ( 0.2656) 836 NI37   *d2-   ( 0.1776) 837 NI37   *d2-   ( 0.1143) 843 NI37   3d0    ( 0.2330)
               844 NI37   *d0    ( 0.1558) 845 NI37   *d0    ( 0.1004) 851 NI37   3d2+   ( 0.3472) 852 NI37   *d2+   ( 0.2332)
               853 NI37   *d2+   ( 0.1520) 896 NI38   3d2+   ( 0.1653) 897 NI38   *d2+   ( 0.1113)
         95   -0.4076                                                                                                                     
               104 C4     *py    (-0.1007) 129 C5     *s     (-0.1336) 163 C6     *px    (-0.1091) 290 C10    *py    ( 0.1153)
               532 C18    *s     (-0.1393) 625 C21    *s     (-0.1096) 880 NI38   3d2-   ( 0.4344) 881 NI38   *d2-   ( 0.2913)
               882 NI38   *d2-   ( 0.1891) 896 NI38   3d2+   ( 0.1601) 897 NI38   *d2+   ( 0.1070)
         96   -0.4010                                                                                                                     
                98 C4     *s     ( 0.1891) 129 C5     *s     (-0.1302) 835 NI37   3d2-   ( 0.1758) 836 NI37   *d2-   ( 0.1180)
               880 NI38   3d2-   ( 0.1860) 881 NI38   *d2-   ( 0.1257) 896 NI38   3d2+   (-0.3609) 897 NI38   *d2+   (-0.2436)
               898 NI38   *d2+   (-0.1609)
         97   -0.3933                                                                                                                     
                 5 C1     *s     ( 0.2701)   8 C1     *px    (-0.2294)  36 C2     *s     (-0.2823)  39 C2     *px    ( 0.1464)
                42 C2     *py    ( 0.1834)  67 C3     *s     ( 0.3597)  70 C3     *px    ( 0.1138)  73 C3     *py    (-0.1955)
                98 C4     *s     (-0.2273) 101 C4     *px    (-0.2564) 129 C5     *s     ( 0.2328) 132 C5     *px    ( 0.1729)
               135 C5     *py    ( 0.1998) 160 C6     *s     (-0.3524) 163 C6     *px    ( 0.1215) 166 C6     *py    (-0.1925)
               191 C7     *s     ( 0.1638) 222 C8     *s     (-0.1622) 253 C9     *s     ( 0.1300) 260 C9     2pz    (-0.1057)
               261 C9     *pz    (-0.1062) 284 C10    *s     (-0.1752) 315 C11    *s     ( 0.1774) 346 C12    *s     (-0.1353)
               353 C12    2pz    ( 0.1080) 354 C12    *pz    ( 0.1086) 880 NI38   3d2-   ( 0.1584) 881 NI38   *d2-   ( 0.1068)
               896 NI38   3d2+   (-0.2698) 897 NI38   *d2+   (-0.1820) 898 NI38   *d2+   (-0.1203)
         98   -0.3720                                                                                                                     
               446 C15    2pz    ( 0.1190) 447 C15    *pz    ( 0.1187) 477 C16    2pz    ( 0.1106) 478 C16    *pz    ( 0.1107)
               508 C17    2pz    (-0.1082) 509 C17    *pz    (-0.1081) 539 C18    2pz    (-0.1020) 540 C18    *pz    (-0.1015)
               632 C21    2pz    (-0.1143) 633 C21    *pz    (-0.1138) 663 C22    2pz    (-0.1216) 664 C22    *pz    (-0.1215)
               694 C23    2pz    ( 0.1216) 695 C23    *pz    ( 0.1217) 725 C24    2pz    ( 0.1272) 726 C24    *pz    ( 0.1269)
      
         99   -0.3487                                                                                                                     
                 5 C1     *s     (-0.3316)   8 C1     *px    ( 0.1924)  36 C2     *s     ( 0.3562)  39 C2     *px    (-0.1478)
                42 C2     *py    (-0.1444)  67 C3     *s     (-0.3115)  70 C3     *px    (-0.1727)  73 C3     *py    ( 0.1286)
                74 C3     2pz    ( 0.1768)  75 C3     *pz    ( 0.1807)  98 C4     *s     ( 0.3180) 101 C4     *px    ( 0.1569)
               129 C5     *s     (-0.3053) 135 C5     *py    (-0.1823) 160 C6     *s     ( 0.2808) 166 C6     *py    ( 0.2006)
               167 C6     2pz    (-0.1635) 168 C6     *pz    (-0.1673) 539 C18    2pz    (-0.1249) 540 C18    *pz    (-0.1248)
               632 C21    2pz    ( 0.1095) 633 C21    *pz    ( 0.1095) 851 NI37   3d2+   (-0.1015) 896 NI38   3d2+   ( 0.1127)
      
        100   -0.3396                                                                                                                     
                11 C1     *py    (-0.4172)  39 C2     *px    ( 0.3805)  42 C2     *py    (-0.1449)  70 C3     *px    ( 0.3551)
                73 C3     *py    ( 0.2606)  98 C4     *s     ( 0.1283) 101 C4     *px    ( 0.1447) 104 C4     *py    ( 0.4053)
               132 C5     *px    (-0.4037) 163 C6     *px    (-0.3923) 166 C6     *py    (-0.1926) 191 C7     *s     ( 0.1013)
               222 C8     *s     (-0.1013) 284 C10    *s     ( 0.1160) 315 C11    *s     (-0.1222) 446 C15    2pz    (-0.1203)
               447 C15    *pz    (-0.1199) 477 C16    2pz    (-0.1410) 478 C16    *pz    (-0.1410) 479 C16    *pz    (-0.1066)
               508 C17    2pz    ( 0.1117) 509 C17    *pz    ( 0.1111) 663 C22    2pz    (-0.1027) 664 C22    *pz    (-0.1024)
               694 C23    2pz    ( 0.1313) 695 C23    *pz    ( 0.1310) 696 C23    *pz    ( 0.1001) 839 NI37   3d1-   (-0.1330)
               884 NI38   3d1-   ( 0.1346)
        101   -0.4074                                                                                                                     
                 5 C1     *s     (-0.3214)  11 C1     *py    (-0.1894)  36 C2     *s     ( 0.3258)  39 C2     *px    ( 0.1056)
                42 C2     *py    (-0.1801)  98 C4     *s     ( 0.3251) 101 C4     *px    ( 0.1021) 104 C4     *py    (-0.2042)
               129 C5     *s     (-0.3249) 132 C5     *px    ( 0.1349) 135 C5     *py    (-0.1921) 197 C7     *py    ( 0.1342)
               225 C8     *px    (-0.1297) 253 C9     *s     (-0.1216) 290 C10    *py    ( 0.1360) 318 C11    *px    (-0.1372)
               346 C12    *s     ( 0.1260) 377 C13    *s     (-0.2057) 408 C14    *s     ( 0.2077) 439 C15    *s     (-0.1077)
               532 C18    *s     (-0.1100) 563 C19    *s     ( 0.2105) 594 C20    *s     (-0.2076) 625 C21    *s     ( 0.1147)
               718 C24    *s     ( 0.1119) 839 NI37   3d1-   ( 0.3500) 840 NI37   *d1-   ( 0.2329) 841 NI37   *d1-   ( 0.1457)
               847 NI37   3d1+   (-0.1918) 848 NI37   *d1+   (-0.1278) 884 NI38   3d1-   ( 0.3432) 885 NI38   *d1-   ( 0.2284)
               886 NI38   *d1-   ( 0.1421) 892 NI38   3d1+   (-0.2298) 893 NI38   *d1+   (-0.1528)
        102   -0.3625                                                                                                                     
                11 C1     *py    (-0.2369)  36 C2     *s     ( 0.1679)  39 C2     *px    ( 0.1328)  42 C2     *py    (-0.1731)
               104 C4     *py    ( 0.2283) 129 C5     *s     ( 0.1751) 132 C5     *px    (-0.1089) 135 C5     *py    ( 0.1695)
               197 C7     *py    ( 0.1262) 225 C8     *px    (-0.1064) 290 C10    *py    (-0.1231) 377 C13    *s     (-0.1876)
               408 C14    *s     ( 0.1730) 563 C19    *s     (-0.1843) 594 C20    *s     ( 0.1507) 839 NI37   3d1-   ( 0.3200)
               840 NI37   *d1-   ( 0.2125) 841 NI37   *d1-   ( 0.1311) 847 NI37   3d1+   (-0.1939) 848 NI37   *d1+   (-0.1292)
               884 NI38   3d1-   (-0.2497) 885 NI38   *d1-   (-0.1656) 886 NI38   *d1-   (-0.1013) 892 NI38   3d1+   ( 0.2583)
               893 NI38   *d1+   ( 0.1718) 894 NI38   *d1+   ( 0.1058)
        103   -0.3374                                                                                                                     
                 5 C1     *s     ( 0.2127)  36 C2     *s     ( 0.1228)  39 C2     *px    (-0.1381)  67 C3     *s     (-0.2644)
                98 C4     *s     ( 0.2263) 129 C5     *s     ( 0.1594) 132 C5     *px    ( 0.1761) 160 C6     *s     (-0.3254)
               163 C6     *px    ( 0.1107) 261 C9     *pz    ( 0.1011) 318 C11    *px    (-0.1117) 384 C13    2pz    ( 0.1217)
               385 C13    *pz    ( 0.1275) 625 C21    *s     ( 0.1185) 839 NI37   3d1-   (-0.1135) 884 NI38   3d1-   ( 0.2188)
               885 NI38   *d1-   ( 0.1462) 892 NI38   3d1+   ( 0.1704) 893 NI38   *d1+   ( 0.1142)
        104   -0.2546                                                                                                                     
               571 C19    *pz    (-0.1040) 602 C20    *pz    (-0.1040) 884 NI38   3d1-   ( 0.2924) 885 NI38   *d1-   ( 0.1941)
               886 NI38   *d1-   ( 0.1184) 892 NI38   3d1+   ( 0.4076) 893 NI38   *d1+   ( 0.2705) 894 NI38   *d1+   ( 0.1642)
      
        105   -0.1966                                                                                                                     
               888 NI38   3d0    (-0.5853) 889 NI38   *d0    (-0.3899) 890 NI38   *d0    (-0.2514)
        106   -0.0450                                                                                                                     
                 5 C1     *s     (-0.1063)  36 C2     *s     (-0.1188) 821 NI37   *s     ( 0.1200) 822 NI37   *s     ( 0.5238)
               839 NI37   3d1-   ( 0.2370) 840 NI37   *d1-   ( 0.1575) 847 NI37   3d1+   ( 0.4390) 848 NI37   *d1+   ( 0.2918)
               849 NI37   *d1+   ( 0.1762) 867 NI38   *s     ( 0.2509)
        107   -0.0272                                                                                                                     
                 5 C1     *s     ( 0.1437)  11 C1     *py    (-0.1018)  36 C2     *s     ( 0.1481)  67 C3     *s     (-0.4587)
                98 C4     *s     ( 0.1008) 160 C6     *s     (-0.4655) 191 C7     *s     (-0.1039) 222 C8     *s     (-0.1051)
               253 C9     *s     ( 0.1388) 284 C10    *s     (-0.1196) 315 C11    *s     (-0.1148) 346 C12    *s     ( 0.1400)
               352 C12    *py    ( 0.1127) 377 C13    *s     (-0.1127) 408 C14    *s     (-0.1069) 563 C19    *s     (-0.1137)
               594 C20    *s     (-0.1127) 822 NI37   *s     ( 0.6487) 839 NI37   3d1-   (-0.1284) 847 NI37   3d1+   (-0.2368)
               848 NI37   *d1+   (-0.1566) 865 NI38   4s     (-0.1248) 866 NI38   *s     ( 0.1356) 867 NI38   *s     ( 0.8844)
      
        108    0.0014                                                                                                                     
                 5 C1     *s     (-0.2426)  36 C2     *s     (-0.2441)  42 C2     *py    (-0.1027)  70 C3     *px    ( 0.1129)
                98 C4     *s     ( 0.2151) 129 C5     *s     ( 0.2113) 163 C6     *px    ( 0.1189) 191 C7     *s     ( 0.1148)
               194 C7     *px    (-0.1301) 199 C7     *pz    ( 0.1005) 200 C7     *pz    ( 0.1541) 222 C8     *s     ( 0.1190)
               228 C8     *py    (-0.1140) 230 C8     *pz    ( 0.1012) 231 C8     *pz    ( 0.1562) 287 C10    *px    (-0.1269)
               293 C10    *pz    (-0.1477) 321 C11    *py    (-0.1183) 323 C11    *pz    (-0.1009) 324 C11    *pz    (-0.1520)
               377 C13    *s     ( 0.1074) 408 C14    *s     ( 0.1064) 479 C16    *pz    (-0.1345) 510 C17    *pz    ( 0.1468)
               665 C22    *pz    ( 0.1464) 696 C23    *pz    (-0.1350) 820 NI37   4s     ( 0.1111) 821 NI37   *s     (-0.1251)
               822 NI37   *s     (-0.6786) 865 NI38   4s     (-0.1020) 866 NI38   *s     ( 0.1190) 867 NI38   *s     ( 0.5798)
      
        109    0.0163                                                                                                                     
                 5 C1     *s     (-0.1316)   8 C1     *px    ( 0.3082)  36 C2     *s     ( 0.1445)  39 C2     *px    (-0.1025)
                42 C2     *py    (-0.2943)  67 C3     *s     (-0.1658)  73 C3     *py    ( 0.1813)  76 C3     *pz    (-0.1539)
                98 C4     *s     ( 0.1712) 101 C4     *px    ( 0.2920) 129 C5     *s     (-0.1734) 135 C5     *py    (-0.2798)
               160 C6     *s     ( 0.1539) 163 C6     *px    (-0.1145) 166 C6     *py    ( 0.1711) 169 C6     *pz    ( 0.1550)
               191 C7     *s     (-0.2383) 194 C7     *px    ( 0.2054) 197 C7     *py    (-0.1287) 200 C7     *pz    (-0.1401)
               222 C8     *s     ( 0.2324) 228 C8     *py    (-0.2402) 231 C8     *pz    ( 0.1368) 253 C9     *s     (-0.1232)
               260 C9     2pz    ( 0.1274) 261 C9     *pz    ( 0.1302) 262 C9     *pz    ( 0.1990) 284 C10    *s     ( 0.2334)
               287 C10    *px    ( 0.1922) 290 C10    *py    (-0.1474) 293 C10    *pz    ( 0.1505) 315 C11    *s     (-0.2358)
               321 C11    *py    (-0.2382) 324 C11    *pz    (-0.1483) 346 C12    *s     ( 0.1288) 353 C12    2pz    (-0.1281)
               354 C12    *pz    (-0.1308) 355 C12    *pz    (-0.1986) 384 C13    2pz    (-0.1143) 385 C13    *pz    (-0.1215)
               386 C13    *pz    (-0.2359) 415 C14    2pz    ( 0.1136) 416 C14    *pz    ( 0.1209) 417 C14    *pz    ( 0.2356)
               439 C15    *s     ( 0.1831) 446 C15    2pz    (-0.1048) 447 C15    *pz    (-0.1011) 448 C15    *pz    (-0.1957)
               532 C18    *s     ( 0.1888) 539 C18    2pz    (-0.1087) 540 C18    *pz    (-0.1042) 541 C18    *pz    (-0.2115)
               570 C19    2pz    ( 0.1037) 571 C19    *pz    ( 0.1113) 572 C19    *pz    ( 0.2042) 601 C20    2pz    (-0.1046)
               602 C20    *pz    (-0.1123) 603 C20    *pz    (-0.2058) 625 C21    *s     (-0.1855) 632 C21    2pz    ( 0.1104)
               633 C21    *pz    ( 0.1058) 634 C21    *pz    ( 0.2151) 718 C24    *s     (-0.1813) 725 C24    2pz    ( 0.1048)
               726 C24    *pz    ( 0.1010) 727 C24    *pz    ( 0.1961)
        110    0.0443                                                                                                                     
                 5 C1     *s     ( 0.5898)   8 C1     *px    ( 0.1643)  14 C1     *pz    ( 0.1225)  36 C2     *s     ( 0.5899)
                42 C2     *py    ( 0.1928)  45 C2     *pz    ( 0.1230)  70 C3     *px    (-0.2333)  73 C3     *py    (-0.1161)
                98 C4     *s     (-0.6225) 101 C4     *px    ( 0.1726) 104 C4     *py    (-0.1213) 107 C4     *pz    (-0.1080)
               129 C5     *s     (-0.6216) 135 C5     *py    ( 0.2102) 138 C5     *pz    (-0.1076) 163 C6     *px    (-0.2157)
               166 C6     *py    (-0.1433) 191 C7     *s     (-0.2662) 194 C7     *px    ( 0.2002) 200 C7     *pz    (-0.1126)
               222 C8     *s     (-0.2662) 225 C8     *px    ( 0.1521) 228 C8     *py    ( 0.1448) 231 C8     *pz    (-0.1127)
               256 C9     *px    ( 0.1529) 259 C9     *py    ( 0.1127) 284 C10    *s     ( 0.3052) 287 C10    *px    ( 0.2055)
               293 C10    *pz    ( 0.1202) 315 C11    *s     ( 0.3051) 318 C11    *px    ( 0.1647) 321 C11    *py    ( 0.1427)
               324 C11    *pz    ( 0.1203) 349 C12    *px    ( 0.1733) 386 C13    *pz    ( 0.1350) 417 C14    *pz    ( 0.1339)
               439 C15    *s     ( 0.1380) 470 C16    *s     (-0.2374) 479 C16    *pz    ( 0.1822) 501 C17    *s     ( 0.2480)
               510 C17    *pz    (-0.1540) 532 C18    *s     (-0.1674) 572 C19    *pz    (-0.1341) 603 C20    *pz    (-0.1346)
               625 C21    *s     (-0.1666) 656 C22    *s     ( 0.2472) 665 C22    *pz    (-0.1534) 687 C23    *s     (-0.2370)
               696 C23    *pz    ( 0.1816) 718 C24    *s     ( 0.1377) 822 NI37   *s     (-0.7750) 867 NI38   *s     ( 0.7325)
      
        111    0.0795                                                                                                                     
                 5 C1     *s     ( 0.4184)   8 C1     *px    ( 0.1409)  12 C1     2pz    ( 0.1525)  13 C1     *pz    ( 0.1650)
                14 C1     *pz    ( 0.2886)  36 C2     *s     (-0.4170)  42 C2     *py    (-0.1695)  43 C2     2pz    (-0.1516)
                44 C2     *pz    (-0.1640)  45 C2     *pz    (-0.2871)  70 C3     *px    ( 0.2632)  73 C3     *py    ( 0.1395)
                98 C4     *s     ( 0.3963) 101 C4     *px    (-0.1740) 104 C4     *py    ( 0.1047) 105 C4     2pz    ( 0.1565)
               106 C4     *pz    ( 0.1694) 107 C4     *pz    ( 0.2937) 129 C5     *s     (-0.3993) 135 C5     *py    ( 0.2045)
               136 C5     2pz    (-0.1566) 137 C5     *pz    (-0.1694) 138 C5     *pz    (-0.2935) 163 C6     *px    (-0.2524)
               166 C6     *py    (-0.1598) 194 C7     *px    ( 0.1181) 197 C7     *py    ( 0.1702) 200 C7     *pz    ( 0.1153)
               225 C8     *px    (-0.2057) 231 C8     *pz    (-0.1157) 256 C9     *px    (-0.1814) 259 C9     *py    (-0.1066)
               287 C10    *px    (-0.1383) 290 C10    *py    (-0.1586) 293 C10    *pz    ( 0.1016) 318 C11    *px    ( 0.2067)
               324 C11    *pz    (-0.1003) 349 C12    *px    ( 0.1844) 352 C12    *py    ( 0.1023) 377 C13    *s     (-0.1935)
               380 C13    *px    ( 0.1593) 383 C13    *py    ( 0.2171) 386 C13    *pz    (-0.2967) 408 C14    *s     ( 0.1931)
               411 C14    *px    (-0.2675) 417 C14    *pz    ( 0.2968) 445 C15    *py    ( 0.1003) 448 C15    *pz    ( 0.1782)
               470 C16    *s     ( 0.1185) 479 C16    *pz    (-0.1281) 501 C17    *s     (-0.1222) 510 C17    *pz    ( 0.1273)
               541 C18    *pz    (-0.1588) 563 C19    *s     (-0.1976) 566 C19    *px    (-0.1620) 569 C19    *py    (-0.2215)
               570 C19    2pz    (-0.1031) 572 C19    *pz    (-0.3184) 594 C20    *s     ( 0.1980) 597 C20    *px    ( 0.2726)
               601 C20    2pz    ( 0.1030) 603 C20    *pz    ( 0.3181) 634 C21    *pz    ( 0.1580) 656 C22    *s     ( 0.1214)
               665 C22    *pz    (-0.1266) 687 C23    *s     (-0.1206) 696 C23    *pz    ( 0.1306) 727 C24    *pz    (-0.1800)
      
        112    0.0820                                                                                                                     
                 5 C1     *s     ( 0.2907)  11 C1     *py    (-0.1894)  14 C1     *pz    (-0.1648)  36 C2     *s     ( 0.2865)
                39 C2     *px    (-0.1099)  42 C2     *py    ( 0.1737)  45 C2     *pz    (-0.1659)  67 C3     *s     (-1.0772)
                70 C3     *px    ( 0.1614)  73 C3     *py    (-0.2827)  74 C3     2pz    ( 0.1732)  75 C3     *pz    ( 0.1783)
                76 C3     *pz    ( 0.3082)  98 C4     *s     ( 0.2524) 104 C4     *py    ( 0.1842) 107 C4     *pz    (-0.1671)
               129 C5     *s     ( 0.2529) 132 C5     *px    ( 0.1103) 135 C5     *py    (-0.1562) 138 C5     *pz    (-0.1681)
               160 C6     *s     (-1.0766) 163 C6     *px    (-0.1720) 166 C6     *py    ( 0.2755) 167 C6     2pz    ( 0.1728)
               168 C6     *pz    ( 0.1780) 169 C6     *pz    ( 0.3076) 191 C7     *s     (-0.4125) 222 C8     *s     (-0.4142)
               253 C9     *s     ( 0.6484) 256 C9     *px    ( 0.2008) 259 C9     *py    (-0.3402) 262 C9     *pz    ( 0.1384)
               284 C10    *s     (-0.3941) 315 C11    *s     (-0.3934) 346 C12    *s     ( 0.6468) 349 C12    *px    (-0.1910)
               352 C12    *py    ( 0.3457) 355 C12    *pz    ( 0.1390) 380 C13    *px    (-0.1260) 414 C14    *py    (-0.1034)
               439 C15    *s     ( 0.2407) 448 C15    *pz    ( 0.2640) 473 C16    *px    (-0.1141) 479 C16    *pz    (-0.2962)
               507 C17    *py    ( 0.1107) 510 C17    *pz    (-0.3080) 532 C18    *s     ( 0.2330) 541 C18    *pz    ( 0.2693)
               566 C19    *px    ( 0.1179) 625 C21    *s     ( 0.2297) 634 C21    *pz    ( 0.2697) 659 C22    *px    ( 0.1104)
               665 C22    *pz    (-0.3083) 693 C23    *py    (-0.1159) 696 C23    *pz    (-0.2958) 718 C24    *s     ( 0.2428)
               727 C24    *pz    ( 0.2624) 821 NI37   *s     (-0.1143) 822 NI37   *s     ( 0.1620) 866 NI38   *s     (-0.1092)
               867 NI38   *s     ( 0.2245)
        113    0.1027                                                                                                                     
                 5 C1     *s     ( 0.1561)   8 C1     *px    (-0.2735)  36 C2     *s     ( 0.1624)  39 C2     *px    (-0.2193)
                42 C2     *py    (-0.1963)  67 C3     *s     (-0.3127)  70 C3     *px    (-0.2831)  73 C3     *py    ( 0.4908)
                76 C3     *pz    ( 0.1011)  98 C4     *s     ( 0.1641) 101 C4     *px    ( 0.2856) 129 C5     *s     ( 0.1608)
               132 C5     *px    ( 0.2183) 135 C5     *py    ( 0.1931) 160 C6     *s     (-0.2987) 163 C6     *px    ( 0.2869)
               166 C6     *py    (-0.4796) 169 C6     *pz    ( 0.1012) 197 C7     *py    (-0.1586) 198 C7     2pz    (-0.1303)
               199 C7     *pz    (-0.1302) 200 C7     *pz    (-0.4158) 225 C8     *px    (-0.1600) 229 C8     2pz    (-0.1306)
               230 C8     *pz    (-0.1304) 231 C8     *pz    (-0.4160) 253 C9     *s     (-0.4373) 259 C9     *py    ( 0.1475)
               260 C9     2pz    (-0.1316) 261 C9     *pz    (-0.1274) 262 C9     *pz    (-0.4006) 290 C10    *py    ( 0.1403)
               291 C10    2pz    (-0.1292) 292 C10    *pz    (-0.1300) 293 C10    *pz    (-0.4059) 318 C11    *px    ( 0.1519)
               322 C11    2pz    (-0.1289) 323 C11    *pz    (-0.1297) 324 C11    *pz    (-0.4044) 346 C12    *s     (-0.4333)
               352 C12    *py    (-0.1506) 353 C12    2pz    (-0.1311) 354 C12    *pz    (-0.1269) 355 C12    *pz    (-0.3985)
               377 C13    *s     ( 0.3156) 380 C13    *px    (-0.2710) 386 C13    *pz    ( 0.1945) 408 C14    *s     ( 0.3053)
               411 C14    *px    (-0.1947) 414 C14    *py    (-0.1968) 417 C14    *pz    ( 0.1961) 439 C15    *s     (-0.1230)
               448 C15    *pz    ( 0.1936) 479 C16    *pz    ( 0.1799) 510 C17    *pz    ( 0.1838) 532 C18    *s     (-0.1250)
               541 C18    *pz    ( 0.1862) 563 C19    *s     ( 0.2948) 566 C19    *px    ( 0.2500) 572 C19    *pz    ( 0.1923)
               594 C20    *s     ( 0.2961) 597 C20    *px    ( 0.1845) 600 C20    *py    ( 0.1824) 603 C20    *pz    ( 0.1908)
               625 C21    *s     (-0.1194) 634 C21    *pz    ( 0.1862) 665 C22    *pz    ( 0.1823) 696 C23    *pz    ( 0.1785)
               718 C24    *s     (-0.1308) 727 C24    *pz    ( 0.1940) 747 H25    *s     ( 0.1815) 753 H26    *s     ( 0.1810)
               783 H31    *s     ( 0.1650) 789 H32    *s     ( 0.1649) 822 NI37   *s     (-0.1473) 867 NI38   *s     (-0.1437)
      
        114    0.1348                                                                                                                     
                 5 C1     *s     ( 0.6680)   8 C1     *px    ( 0.5921)  11 C1     *py    ( 1.2433)  36 C2     *s     (-0.6680)
                39 C2     *px    (-1.3722)  42 C2     *py    ( 0.1093)  67 C3     *s     ( 0.1280)  70 C3     *px    (-0.8964)
                73 C3     *py    (-0.6200)  98 C4     *s     ( 0.5939) 101 C4     *px    (-0.7103) 104 C4     *py    (-1.3755)
               129 C5     *s     (-0.5992) 132 C5     *px    ( 1.5443) 160 C6     *s     (-0.1214) 163 C6     *px    ( 0.9830)
               166 C6     *py    ( 0.4662) 191 C7     *s     (-1.2218) 194 C7     *px    ( 0.4367) 197 C7     *py    (-0.6072)
               222 C8     *s     ( 1.2248) 225 C8     *px    ( 0.3059) 228 C8     *py    (-0.6854) 256 C9     *px    ( 0.2349)
               284 C10    *s     (-1.3223) 287 C10    *px    (-0.4385) 290 C10    *py    ( 0.6997) 315 C11    *s     ( 1.3249)
               318 C11    *px    (-0.3851) 321 C11    *py    ( 0.7296) 349 C12    *px    (-0.1863) 352 C12    *py    (-0.1635)
               377 C13    *s     ( 0.4406) 380 C13    *px    (-0.3879) 383 C13    *py    (-0.1367) 384 C13    2pz    (-0.1173)
               385 C13    *pz    (-0.1315) 386 C13    *pz    (-0.4349) 408 C14    *s     (-0.4360) 411 C14    *px    ( 0.3144)
               414 C14    *py    ( 0.2730) 415 C14    2pz    ( 0.1173) 416 C14    *pz    ( 0.1313) 417 C14    *pz    ( 0.4348)
               439 C15    *s     ( 0.4612) 442 C15    *px    ( 0.1850) 446 C15    2pz    (-0.1126) 447 C15    *pz    (-0.1126)
               448 C15    *pz    (-0.2862) 477 C16    2pz    ( 0.1189) 478 C16    *pz    ( 0.1141) 479 C16    *pz    ( 0.3140)
               508 C17    2pz    (-0.1181) 509 C17    *pz    (-0.1138) 510 C17    *pz    (-0.3135) 532 C18    *s     (-0.4730)
               535 C18    *px    ( 0.1124) 538 C18    *py    ( 0.1384) 539 C18    2pz    ( 0.1138) 540 C18    *pz    ( 0.1120)
               541 C18    *pz    ( 0.2999) 563 C19    *s     ( 0.6501) 566 C19    *px    ( 0.4461) 569 C19    *py    ( 0.1487)
               570 C19    2pz    (-0.1118) 571 C19    *pz    (-0.1257) 572 C19    *pz    (-0.4048) 594 C20    *s     (-0.6453)
               597 C20    *px    (-0.3517) 600 C20    *py    (-0.3134) 601 C20    2pz    ( 0.1119) 602 C20    *pz    ( 0.1255)
               603 C20    *pz    ( 0.4063) 625 C21    *s     ( 0.4730) 628 C21    *px    (-0.1765) 632 C21    2pz    (-0.1134)
               633 C21    *pz    (-0.1116) 634 C21    *pz    (-0.2982) 663 C22    2pz    ( 0.1178) 664 C22    *pz    ( 0.1134)
               665 C22    *pz    ( 0.3123) 694 C23    2pz    (-0.1187) 695 C23    *pz    (-0.1139) 696 C23    *pz    (-0.3134)
               718 C24    *s     (-0.4600) 721 C24    *px    (-0.1461) 724 C24    *py    (-0.1247) 725 C24    2pz    ( 0.1123)
               726 C24    *pz    ( 0.1124) 727 C24    *pz    ( 0.2850) 747 H25    *s     ( 0.2945) 753 H26    *s     (-0.3030)
               759 H27    *s     (-0.2402) 777 H30    *s     ( 0.2021) 783 H31    *s     ( 0.2889) 789 H32    *s     (-0.2926)
               795 H33    *s     (-0.2054) 813 H36    *s     ( 0.2338)
        115    0.1373                                                                                                                     
                 4 C1     *s     ( 0.4143)   5 C1     *s     ( 0.5866)   7 C1     *px    ( 0.1521)   8 C1     *px    ( 0.2548)
                11 C1     *py    (-0.1514)  14 C1     *pz    (-0.1602)  35 C2     *s     ( 0.4157)  36 C2     *s     ( 0.6181)
                41 C2     *py    ( 0.1233)  42 C2     *py    ( 0.2801)  45 C2     *pz    (-0.1594)  66 C3     *s     ( 0.2549)
                67 C3     *s     (-1.1971)  70 C3     *px    ( 0.3055)  72 C3     *py    ( 0.1172)  73 C3     *py    (-0.1377)
                97 C4     *s     ( 0.2644)  98 C4     *s     ( 0.5591) 104 C4     *py    ( 0.3131) 128 C5     *s     ( 0.2633)
               129 C5     *s     ( 0.5097) 132 C5     *px    ( 0.3054) 135 C5     *py    (-0.1612) 159 C6     *s     ( 0.2516)
               160 C6     *s     (-1.2231) 166 C6     *py    ( 0.3411) 190 C7     *s     ( 0.1691) 191 C7     *s     (-0.8326)
               193 C7     *px    ( 0.2117) 194 C7     *px    ( 1.0842) 210 C7     *d2+   (-0.1180) 221 C8     *s     ( 0.1682)
               222 C8     *s     (-0.8437) 224 C8     *px    ( 0.1435) 225 C8     *px    ( 0.5956) 227 C8     *py    ( 0.1647)
               228 C8     *py    ( 0.9112) 252 C9     *s     ( 0.1083) 253 C9     *s     ( 1.2374) 256 C9     *px    (-0.1794)
               258 C9     *py    ( 0.1656) 283 C10    *s     ( 0.1175) 284 C10    *s     (-0.5558) 286 C10    *px    (-0.1032)
               287 C10    *px    (-0.3223) 290 C10    *py    (-0.2525) 314 C11    *s     ( 0.1189) 315 C11    *s     (-0.5260)
               318 C11    *px    (-0.3840) 321 C11    *py    (-0.1461) 345 C12    *s     ( 0.1077) 346 C12    *s     ( 1.2399)
               348 C12    *px    ( 0.1248) 349 C12    *px    (-0.1572) 351 C12    *py    (-0.1058) 352 C12    *py    (-0.1056)
               376 C13    *s     (-0.1365) 377 C13    *s     (-1.5578) 379 C13    *px    ( 0.1355) 380 C13    *px    (-1.0751)
               383 C13    *py    ( 0.3279) 386 C13    *pz    (-0.1494) 407 C14    *s     (-0.1379) 408 C14    *s     (-1.5478)
               410 C14    *px    ( 0.1455) 411 C14    *px    (-0.2596) 414 C14    *py    (-1.1082) 417 C14    *pz    (-0.1501)
               438 C15    *s     (-0.2051) 439 C15    *s     (-0.3278) 442 C15    *px    (-0.8230) 444 C15    *py    ( 0.1128)
               445 C15    *py    (-0.8935) 469 C16    *s     (-0.1057) 470 C16    *s     (-1.2815) 475 C16    *py    ( 0.1320)
               501 C17    *s     (-1.0488) 504 C17    *px    (-0.1227) 507 C17    *py    (-0.1598) 535 C18    *px    ( 0.6042)
               563 C19    *s     (-0.6351) 566 C19    *px    ( 0.4471) 569 C19    *py    (-0.1234) 594 C20    *s     (-0.6632)
               597 C20    *px    ( 0.1022) 600 C20    *py    ( 0.4262) 628 C21    *px    ( 0.2826) 631 C21    *py    ( 0.5178)
               656 C22    *s     (-1.0310) 659 C22    *px    (-0.1860) 686 C23    *s     (-0.1008) 687 C23    *s     (-1.2653)
               689 C23    *px    ( 0.1454) 717 C24    *s     (-0.2009) 718 C24    *s     (-0.3183) 720 C24    *px    ( 0.1130)
               721 C24    *px    (-1.1738) 724 C24    *py    (-0.2682) 746 H25    *s     (-0.2430) 747 H25    *s     ( 1.8740)
               752 H26    *s     (-0.2440) 753 H26    *s     ( 1.8849) 758 H27    *s     (-0.1775) 759 H27    *s     ( 1.4314)
               764 H28    *s     (-0.1085) 765 H28    *s     ( 0.6502) 771 H29    *s     ( 0.5468) 777 H30    *s     ( 0.7250)
               782 H31    *s     (-0.1154) 783 H31    *s     ( 0.8141) 788 H32    *s     (-0.1140) 789 H32    *s     ( 0.7953)
               795 H33    *s     ( 0.7021) 801 H34    *s     ( 0.5238) 806 H35    *s     (-0.1051) 807 H35    *s     ( 0.6273)
               812 H36    *s     (-0.1748) 813 H36    *s     ( 1.4127) 822 NI37   *s     ( 0.2383) 834 NI37   *pz    (-0.1134)
               850 NI37   *d1+   ( 0.1190)
        116    0.1426                                                                                                                     
                 4 C1     *s     ( 0.1217)   5 C1     *s     ( 0.1795)   7 C1     *px    ( 0.1392)   8 C1     *px    ( 0.3613)
                11 C1     *py    ( 0.2874)  35 C2     *s     ( 0.1200)  36 C2     *s     ( 0.1653)  38 C2     *px    ( 0.1479)
                39 C2     *px    ( 0.3770)  42 C2     *py    ( 0.1872)  69 C3     *px    ( 0.1767)  70 C3     *px    ( 0.3834)
                73 C3     *py    ( 0.3291)  97 C4     *s     (-0.3334)  98 C4     *s     (-0.3444) 100 C4     *px    ( 0.1962)
               101 C4     *px    ( 0.4441) 104 C4     *py    ( 0.2606) 107 C4     *pz    ( 0.1453) 128 C5     *s     (-0.3331)
               129 C5     *s     (-0.2130) 131 C5     *px    ( 0.1611) 132 C5     *px    ( 0.4085) 134 C5     *py    ( 0.1265)
               135 C5     *py    ( 0.3006) 138 C5     *pz    ( 0.1483) 162 C6     *px    ( 0.1284) 163 C6     *px    ( 0.4998)
               165 C6     *py    ( 0.1233) 166 C6     *py    ( 0.1791) 191 C7     *s     (-0.3725) 193 C7     *px    ( 0.1335)
               194 C7     *px    ( 0.9894) 197 C7     *py    (-0.2948) 222 C8     *s     (-0.3560) 224 C8     *px    ( 0.1284)
               225 C8     *px    ( 0.2498) 228 C8     *py    ( 0.9933) 253 C9     *s     (-0.1987) 255 C9     *px    ( 0.1914)
               256 C9     *px    (-0.4087) 259 C9     *py    (-0.3659) 283 C10    *s     (-0.1214) 284 C10    *s     ( 0.6691)
               286 C10    *px    ( 0.2292) 287 C10    *px    ( 1.4005) 290 C10    *py    (-0.2567) 303 C10    *d2+   ( 0.1222)
               314 C11    *s     (-0.1269) 315 C11    *s     ( 0.5748) 317 C11    *px    ( 0.1643) 318 C11    *px    ( 0.4895)
               320 C11    *py    ( 0.1618) 321 C11    *py    ( 1.3273) 346 C12    *s     (-0.1910) 348 C12    *px    ( 0.1251)
               349 C12    *px    (-0.5267) 351 C12    *py    ( 0.1408) 352 C12    *py    (-0.1995) 377 C13    *s     (-1.0952)
               380 C13    *px    (-0.8043) 383 C13    *py    ( 0.2558) 386 C13    *pz    (-0.1313) 408 C14    *s     (-1.1270)
               410 C14    *px    ( 0.1030) 411 C14    *px    (-0.1739) 414 C14    *py    (-0.8076) 417 C14    *pz    (-0.1289)
               438 C15    *s     (-0.1396) 439 C15    *s     (-0.3190) 442 C15    *px    (-0.7071) 445 C15    *py    (-0.4344)
               470 C16    *s     (-0.1168) 472 C16    *px    ( 0.1133) 473 C16    *px    (-0.3678) 501 C17    *s     ( 0.7791)
               503 C17    *px    ( 0.1805) 504 C17    *px    (-0.1645) 531 C18    *s     ( 0.2525) 532 C18    *s     ( 0.7124)
               534 C18    *px    ( 0.1381) 535 C18    *px    (-1.2045) 538 C18    *py    (-0.4839) 562 C19    *s     ( 0.1127)
               563 C19    *s     ( 1.6832) 565 C19    *px    ( 0.1396) 566 C19    *px    (-1.2380) 569 C19    *py    ( 0.3753)
               572 C19    *pz    ( 0.1903) 593 C20    *s     ( 0.1066) 594 C20    *s     ( 1.7718) 596 C20    *px    ( 0.1518)
               597 C20    *px    (-0.2516) 600 C20    *py    (-1.1995) 603 C20    *pz    ( 0.1797) 624 C21    *s     ( 0.2410)
               625 C21    *s     ( 0.7127) 628 C21    *px    (-1.0066) 630 C21    *py    ( 0.1098) 631 C21    *py    (-0.7600)
               656 C22    *s     ( 0.7238) 658 C22    *px    ( 0.1227) 659 C22    *px    (-0.1374) 661 C22    *py    ( 0.1303)
               662 C22    *py    (-0.1223) 687 C23    *s     (-0.1123) 689 C23    *px    ( 0.1046) 690 C23    *px    (-0.1250)
               693 C23    *py    (-0.3307) 717 C24    *s     (-0.1432) 718 C24    *s     (-0.3481) 721 C24    *px    (-0.7283)
               724 C24    *py    (-0.3926) 746 H25    *s     (-0.1550) 747 H25    *s     ( 1.3089) 752 H26    *s     (-0.1546)
               753 H26    *s     ( 1.3000) 758 H27    *s     (-0.1020) 759 H27    *s     ( 0.8010) 765 H28    *s     (-0.1433)
               771 H29    *s     (-0.4892) 776 H30    *s     ( 0.1956) 777 H30    *s     (-1.5122) 782 H31    *s     ( 0.2504)
               783 H31    *s     (-2.0549) 788 H32    *s     ( 0.2471) 789 H32    *s     (-2.0081) 794 H33    *s     ( 0.1882)
               795 H33    *s     (-1.4594) 801 H34    *s     (-0.4562) 807 H35    *s     (-0.1160) 812 H36    *s     (-0.1039)
               813 H36    *s     ( 0.8112) 822 NI37   *s     ( 0.1873) 867 NI38   *s     (-0.2726) 879 NI38   *pz    ( 0.1229)
               891 NI38   *d0    ( 0.1280)
        117    0.1474                                                                                                                     
                 5 C1     *s     ( 3.1569)   7 C1     *px    ( 0.1861)   8 C1     *px    (-0.2742)  10 C1     *py    (-0.3038)
                11 C1     *py    ( 2.4958)  14 C1     *pz    ( 0.1196)  36 C2     *s     (-3.1059)  38 C2     *px    ( 0.1714)
                39 C2     *px    (-2.0588)  41 C2     *py    (-0.3124)  42 C2     *py    ( 1.4857)  45 C2     *pz    (-0.1229)
                47 C2     *d2-   (-0.1174)  66 C3     *s     (-0.2087)  67 C3     *s     (-3.3281)  69 C3     *px    ( 0.1654)
                70 C3     *px    ( 0.1580)  72 C3     *py    (-0.3269)  73 C3     *py    ( 0.2269)  78 C3     *d2-   ( 0.1020)
                98 C4     *s     (-1.8899) 100 C4     *px    ( 0.1374) 101 C4     *px    ( 0.1211) 103 C4     *py    (-0.2936)
               104 C4     *py    ( 2.4600) 107 C4     *pz    (-0.1097) 129 C5     *s     ( 1.9523) 131 C5     *px    ( 0.1786)
               132 C5     *px    (-2.1703) 134 C5     *py    (-0.2702) 135 C5     *py    ( 1.1155) 138 C5     *pz    ( 0.1029)
               159 C6     *s     ( 0.2152) 160 C6     *s     ( 3.1952) 162 C6     *px    ( 0.1964) 163 C6     *px    (-0.2758)
               165 C6     *py    (-0.3060) 171 C6     *d2-   (-0.1024) 190 C7     *s     (-0.1448) 191 C7     *s     (-2.0953)
               193 C7     *px    ( 0.2276) 194 C7     *px    ( 0.2205) 196 C7     *py    (-0.2573) 197 C7     *py    (-0.6929)
               221 C8     *s     ( 0.1452) 222 C8     *s     ( 2.0637) 224 C8     *px    ( 0.1132) 225 C8     *px    ( 0.5050)
               227 C8     *py    (-0.3263) 228 C8     *py    (-0.5508) 233 C8     *d2-   ( 0.1232) 253 C9     *s     ( 0.2396)
               255 C9     *px    ( 0.1494) 256 C9     *px    ( 0.3058) 258 C9     *py    (-0.3288) 259 C9     *py    (-0.8947)
               264 C9     *d2-   (-0.1720) 284 C10    *s     ( 1.3043) 286 C10    *px    ( 0.1800) 287 C10    *px    ( 0.2334)
               289 C10    *py    (-0.2268) 290 C10    *py    (-0.6491) 315 C11    *s     (-1.3543) 318 C11    *px    ( 0.4159)
               320 C11    *py    (-0.2732) 321 C11    *py    (-0.5562) 326 C11    *d2-   (-0.1051) 346 C12    *s     (-0.1557)
               348 C12    *px    ( 0.2068) 349 C12    *px    ( 0.6205) 351 C12    *py    (-0.2946) 352 C12    *py    (-0.6915)
               357 C12    *d2-   ( 0.1565) 365 C12    *d2+   ( 0.1076) 376 C13    *s     (-0.1789) 377 C13    *s     ( 2.4653)
               380 C13    *px    (-1.9110) 382 C13    *py    (-0.1537) 386 C13    *pz    (-0.2738) 407 C14    *s     ( 0.1730)
               408 C14    *s     (-2.4767) 410 C14    *px    ( 0.1006) 411 C14    *px    ( 1.0030) 413 C14    *py    (-0.1382)
               414 C14    *py    ( 1.6152) 417 C14    *pz    ( 0.2727) 438 C15    *s     ( 0.3640) 439 C15    *s     ( 0.8390)
               441 C15    *px    ( 0.1086) 442 C15    *px    ( 0.2781) 444 C15    *py    (-0.2403) 445 C15    *py    ( 0.8144)
               450 C15    *d2-   (-0.1215) 469 C16    *s     ( 0.3687) 470 C16    *s     ( 1.0332) 473 C16    *px    (-0.8200)
               475 C16    *py    (-0.2202) 476 C16    *py    ( 0.4962) 481 C16    *d2-   ( 0.1015) 500 C17    *s     ( 0.3132)
               501 C17    *s     ( 0.4635) 503 C17    *px    ( 0.1295) 504 C17    *px    (-0.1784) 506 C17    *py    (-0.1249)
               507 C17    *py    ( 1.0781) 531 C18    *s     ( 0.2783) 532 C18    *s     ( 1.1234) 534 C18    *px    ( 0.1155)
               535 C18    *px    (-0.4096) 537 C18    *py    (-0.2011) 538 C18    *py    ( 0.1080) 562 C19    *s     ( 0.1315)
               563 C19    *s     (-1.8364) 566 C19    *px    (-1.2897) 568 C19    *py    (-0.1303) 572 C19    *pz    ( 0.1899)
               593 C20    *s     (-0.1408) 594 C20    *s     ( 1.7713) 597 C20    *px    ( 0.6247) 599 C20    *py    (-0.1155)
               600 C20    *py    ( 1.1836) 603 C20    *pz    (-0.1968) 624 C21    *s     (-0.2826) 625 C21    *s     (-1.0879)
               627 C21    *px    ( 0.1118) 628 C21    *px    ( 0.1469) 630 C21    *py    (-0.2015) 631 C21    *py    ( 0.4564)
               636 C21    *d2-   ( 0.1001) 655 C22    *s     (-0.3096) 656 C22    *s     (-0.5195) 659 C22    *px    (-0.8194)
               661 C22    *py    (-0.1765) 662 C22    *py    ( 0.6582) 686 C23    *s     (-0.3637) 687 C23    *s     (-1.0718)
               689 C23    *px    ( 0.1832) 692 C23    *py    (-0.1200) 693 C23    *py    ( 0.9276) 717 C24    *s     (-0.3613)
               718 C24    *s     (-0.7860) 720 C24    *px    ( 0.1529) 721 C24    *px    (-0.8676) 723 C24    *py    (-0.2119)
               724 C24    *py    ( 0.1757) 747 H25    *s     ( 1.1832) 753 H26    *s     (-1.1626) 758 H27    *s     ( 0.2184)
               759 H27    *s     (-1.4040) 764 H28    *s     ( 0.2363) 765 H28    *s     (-1.4714) 770 H29    *s     ( 0.2098)
               771 H29    *s     (-1.4201) 776 H30    *s     ( 0.1597) 777 H30    *s     (-0.9821) 783 H31    *s     (-0.7436)
               789 H32    *s     ( 0.8263) 794 H33    *s     (-0.1647) 795 H33    *s     ( 1.0301) 800 H34    *s     (-0.2083)
               801 H34    *s     ( 1.3980) 806 H35    *s     (-0.2336) 807 H35    *s     ( 1.4445) 812 H36    *s     (-0.2181)
               813 H36    *s     ( 1.4100) 830 NI37   *py    ( 0.1116)
--

      Von Neumann Entropy (Root   1) =  2.07741


      Mulliken population analysis for root number:  1
      -----------------------------------------------


++    Molecular charges:
      ------------------

      Mulliken charges per centre and basis function type
      ---------------------------------------------------

                C1      C2      C3      C4      C5      C6      C7      C8      C9      C10     C11     C12   
      1s       0.8547  0.8547  0.8547  0.8547  0.8547  0.8547  0.8547  0.8547  0.8547  0.8547  0.8547  0.8547
      2s       1.1233  1.1233  1.1232  1.1233  1.1233  1.1232  1.1233  1.1233  1.1232  1.1233  1.1233  1.1232
      2px      0.4565  0.4598  0.4575  0.4564  0.4602  0.4574  0.4504  0.4547  0.4646  0.4507  0.4549  0.4646
      2pz      0.3183  0.3184  0.3224  0.3199  0.3200  0.3225  0.3192  0.3191  0.3150  0.3197  0.3199  0.3152
      2py      0.4563  0.4530  0.4612  0.4568  0.4530  0.4613  0.4641  0.4598  0.4597  0.4640  0.4598  0.4597
      3s       0.0000  0.0000  0.0000  0.0000  0.0000  0.0000  0.0000  0.0000  0.0000  0.0000  0.0000  0.0000
      3px      0.0000  0.0000  0.0000  0.0000  0.0000  0.0000  0.0000  0.0000  0.0000  0.0000  0.0000  0.0000
      3pz      0.0000  0.0000  0.0000  0.0000  0.0000  0.0000  0.0000  0.0000  0.0000  0.0000  0.0000  0.0000
      3py      0.0000  0.0000  0.0000  0.0000  0.0000  0.0000  0.0000  0.0000  0.0000  0.0000  0.0000  0.0000
      4s       0.0000  0.0000  0.0000  0.0000  0.0000  0.0000  0.0000  0.0000  0.0000  0.0000  0.0000  0.0000
      3d2+     0.0000  0.0000  0.0000  0.0000  0.0000  0.0000  0.0000  0.0000  0.0000  0.0000  0.0000  0.0000
      3d1+     0.0000  0.0000  0.0000  0.0000  0.0000  0.0000  0.0000  0.0000  0.0000  0.0000  0.0000  0.0000
      3d0      0.0000  0.0000  0.0000  0.0000  0.0000  0.0000  0.0000  0.0000  0.0000  0.0000  0.0000  0.0000
      3d1-     0.0000  0.0000  0.0000  0.0000  0.0000  0.0000  0.0000  0.0000  0.0000  0.0000  0.0000  0.0000
      3d2-     0.0000  0.0000  0.0000  0.0000  0.0000  0.0000  0.0000  0.0000  0.0000  0.0000  0.0000  0.0000
      *s       1.2885  1.2886  1.3363  1.2911  1.2912  1.3362  1.0023  1.0024  1.1099  0.9994  0.9995  1.1099
      *px      0.4294  0.2650  0.4453  0.4297  0.2657  0.4465  0.3638  0.4364  0.3944  0.3634  0.4360  0.3944
      *pz      0.6402  0.6403  0.5878  0.6434  0.6434  0.5881  0.5722  0.5719  0.5862  0.5744  0.5746  0.5866
      *py      0.1472  0.3131  0.3654  0.1474  0.3130  0.3642  0.4664  0.3935  0.3913  0.4654  0.3926  0.3913
      *d2+     0.0505  0.0544  0.0601  0.0501  0.0538  0.0601  0.0423  0.0391  0.0452  0.0423  0.0388  0.0452
      *d1+     0.0247  0.0267  0.0260  0.0248  0.0266  0.0261  0.0212  0.0231  0.0265  0.0212  0.0236  0.0266
      *d0      0.0059  0.0059  0.0034  0.0057  0.0056  0.0034  0.0087  0.0087  0.0059  0.0088  0.0088  0.0059
      *d1-     0.0256  0.0235  0.0259  0.0253  0.0235  0.0258  0.0273  0.0254  0.0233  0.0278  0.0254  0.0232
      *d2-     0.0532  0.0493  0.0632  0.0529  0.0492  0.0632  0.0374  0.0406  0.0507  0.0372  0.0408  0.0507
      *f3+     0.0021  0.0021  0.0021  0.0021  0.0021  0.0021  0.0021  0.0021  0.0022  0.0021  0.0021  0.0022
      *f2+     0.0009  0.0010  0.0011  0.0009  0.0010  0.0011  0.0011  0.0008  0.0008  0.0011  0.0008  0.0008
      *f1+     0.0011  0.0010  0.0011  0.0011  0.0010  0.0011  0.0010  0.0012  0.0011  0.0010  0.0012  0.0011
      *f0      0.0018  0.0018  0.0020  0.0018  0.0018  0.0020  0.0017  0.0017  0.0020  0.0017  0.0017  0.0020
      *f1-     0.0010  0.0011  0.0011  0.0011  0.0011  0.0011  0.0013  0.0010  0.0011  0.0013  0.0010  0.0011
      *f2-     0.0009  0.0009  0.0010  0.0009  0.0009  0.0010  0.0008  0.0011  0.0010  0.0008  0.0011  0.0010
      *f3-     0.0030  0.0030  0.0032  0.0030  0.0030  0.0032  0.0029  0.0029  0.0031  0.0029  0.0029  0.0031
      Total    5.8853  5.8869  6.1441  5.8923  5.8940  6.1445  5.7642  5.7635  5.8621  5.7631  5.7635  5.8626

      N-E      0.1147  0.1131 -0.1441  0.1077  0.1060 -0.1445  0.2358  0.2365  0.1379  0.2369  0.2365  0.1374

                C13     C14     C15     C16     C17     C18     C19     C20     C21     C22     C23     C24   
      1s       0.8548  0.8548  0.8548  0.8549  0.8549  0.8548  0.8548  0.8548  0.8548  0.8549  0.8549  0.8548
      2s       1.1233  1.1233  1.1232  1.1231  1.1231  1.1232  1.1233  1.1233  1.1232  1.1231  1.1231  1.1232
      2px      0.4471  0.4490  0.4716  0.4719  0.4581  0.4520  0.4478  0.4489  0.4716  0.4719  0.4580  0.4520
      2pz      0.3138  0.3135  0.3168  0.3099  0.3096  0.3169  0.3177  0.3175  0.3169  0.3096  0.3099  0.3167
      2py      0.4578  0.4559  0.4482  0.4487  0.4625  0.4677  0.4579  0.4568  0.4480  0.4487  0.4626  0.4678
      3s       0.0000  0.0000  0.0000  0.0000  0.0000  0.0000  0.0000  0.0000  0.0000  0.0000  0.0000  0.0000
      3px      0.0000  0.0000  0.0000  0.0000  0.0000  0.0000  0.0000  0.0000  0.0000  0.0000  0.0000  0.0000
      3pz      0.0000  0.0000  0.0000  0.0000  0.0000  0.0000  0.0000  0.0000  0.0000  0.0000  0.0000  0.0000
      3py      0.0000  0.0000  0.0000  0.0000  0.0000  0.0000  0.0000  0.0000  0.0000  0.0000  0.0000  0.0000
      4s       0.0000  0.0000  0.0000  0.0000  0.0000  0.0000  0.0000  0.0000  0.0000  0.0000  0.0000  0.0000
      3d2+     0.0000  0.0000  0.0000  0.0000  0.0000  0.0000  0.0000  0.0000  0.0000  0.0000  0.0000  0.0000
      3d1+     0.0000  0.0000  0.0000  0.0000  0.0000  0.0000  0.0000  0.0000  0.0000  0.0000  0.0000  0.0000
      3d0      0.0000  0.0000  0.0000  0.0000  0.0000  0.0000  0.0000  0.0000  0.0000  0.0000  0.0000  0.0000
      3d1-     0.0000  0.0000  0.0000  0.0000  0.0000  0.0000  0.0000  0.0000  0.0000  0.0000  0.0000  0.0000
      3d2-     0.0000  0.0000  0.0000  0.0000  0.0000  0.0000  0.0000  0.0000  0.0000  0.0000  0.0000  0.0000
      *s       1.2123  1.2121  1.2457  1.2161  1.2165  1.2453  1.2141  1.2142  1.2453  1.2164  1.2162  1.2456
      *px      0.5322  0.5048  0.5057  0.5131  0.4942  0.5327  0.5345  0.5052  0.5057  0.5131  0.4942  0.5328
      *pz      0.6311  0.6303  0.6555  0.6492  0.6481  0.6555  0.6419  0.6417  0.6555  0.6479  0.6490  0.6554
      *py      0.4919  0.5195  0.5193  0.5129  0.5320  0.4919  0.4919  0.5214  0.5190  0.5131  0.5319  0.4921
      *d2+     0.0278  0.0284  0.0278  0.0280  0.0315  0.0311  0.0274  0.0284  0.0278  0.0280  0.0315  0.0311
      *d1+     0.0120  0.0207  0.0236  0.0236  0.0207  0.0067  0.0119  0.0210  0.0236  0.0237  0.0206  0.0067
      *d0      0.0099  0.0099  0.0053  0.0048  0.0048  0.0053  0.0091  0.0092  0.0053  0.0048  0.0048  0.0053
      *d1-     0.0265  0.0178  0.0109  0.0102  0.0132  0.0279  0.0267  0.0176  0.0110  0.0102  0.0132  0.0278
      *d2-     0.0268  0.0263  0.0330  0.0322  0.0287  0.0297  0.0268  0.0258  0.0330  0.0322  0.0287  0.0297
      *f3+     0.0019  0.0019  0.0019  0.0019  0.0019  0.0019  0.0019  0.0019  0.0019  0.0019  0.0019  0.0019
      *f2+     0.0005  0.0009  0.0009  0.0009  0.0008  0.0003  0.0005  0.0009  0.0009  0.0009  0.0008  0.0003
      *f1+     0.0008  0.0009  0.0009  0.0009  0.0009  0.0009  0.0009  0.0010  0.0009  0.0009  0.0009  0.0009
      *f0      0.0014  0.0014  0.0016  0.0016  0.0016  0.0016  0.0014  0.0014  0.0016  0.0016  0.0016  0.0016
      *f1-     0.0009  0.0008  0.0009  0.0008  0.0009  0.0010  0.0009  0.0009  0.0009  0.0008  0.0009  0.0010
      *f2-     0.0011  0.0006  0.0005  0.0005  0.0005  0.0011  0.0011  0.0006  0.0005  0.0005  0.0005  0.0011
      *f3-     0.0017  0.0017  0.0020  0.0020  0.0020  0.0020  0.0017  0.0017  0.0020  0.0020  0.0020  0.0020
      Total    6.1756  6.1746  6.2500  6.2071  6.2064  6.2492  6.1942  6.1939  6.2495  6.2062  6.2071  6.2497

      N-E     -0.1756 -0.1746 -0.2500 -0.2071 -0.2064 -0.2492 -0.1942 -0.1939 -0.2495 -0.2062 -0.2071 -0.2497

                H25     H26     H27     H28     H29     H30     H31     H32     H33     H34     H35     H36   
      1s       0.2626  0.2626  0.2634  0.2638  0.2638  0.2634  0.2624  0.2625  0.2634  0.2638  0.2638  0.2634
      2s       0.0000  0.0000  0.0000  0.0000  0.0000  0.0000  0.0000  0.0000  0.0000  0.0000  0.0000  0.0000
      2px      0.0000  0.0000  0.0000  0.0000  0.0000  0.0000  0.0000  0.0000  0.0000  0.0000  0.0000  0.0000
      2pz      0.0000  0.0000  0.0000  0.0000  0.0000  0.0000  0.0000  0.0000  0.0000  0.0000  0.0000  0.0000
      2py      0.0000  0.0000  0.0000  0.0000  0.0000  0.0000  0.0000  0.0000  0.0000  0.0000  0.0000  0.0000
      3s       0.0000  0.0000  0.0000  0.0000  0.0000  0.0000  0.0000  0.0000  0.0000  0.0000  0.0000  0.0000
      3px      0.0000  0.0000  0.0000  0.0000  0.0000  0.0000  0.0000  0.0000  0.0000  0.0000  0.0000  0.0000
      3pz      0.0000  0.0000  0.0000  0.0000  0.0000  0.0000  0.0000  0.0000  0.0000  0.0000  0.0000  0.0000
      3py      0.0000  0.0000  0.0000  0.0000  0.0000  0.0000  0.0000  0.0000  0.0000  0.0000  0.0000  0.0000
      4s       0.0000  0.0000  0.0000  0.0000  0.0000  0.0000  0.0000  0.0000  0.0000  0.0000  0.0000  0.0000
      3d2+     0.0000  0.0000  0.0000  0.0000  0.0000  0.0000  0.0000  0.0000  0.0000  0.0000  0.0000  0.0000
      3d1+     0.0000  0.0000  0.0000  0.0000  0.0000  0.0000  0.0000  0.0000  0.0000  0.0000  0.0000  0.0000
      3d0      0.0000  0.0000  0.0000  0.0000  0.0000  0.0000  0.0000  0.0000  0.0000  0.0000  0.0000  0.0000
      3d1-     0.0000  0.0000  0.0000  0.0000  0.0000  0.0000  0.0000  0.0000  0.0000  0.0000  0.0000  0.0000
      3d2-     0.0000  0.0000  0.0000  0.0000  0.0000  0.0000  0.0000  0.0000  0.0000  0.0000  0.0000  0.0000
      *s       0.5666  0.5665  0.5806  0.5773  0.5773  0.5806  0.5660  0.5660  0.5806  0.5773  0.5773  0.5807
      *px      0.0166  0.0066  0.0060  0.0061  0.0064  0.0163  0.0167  0.0066  0.0060  0.0061  0.0064  0.0163
      *pz      0.0044  0.0044  0.0041  0.0041  0.0041  0.0041  0.0045  0.0045  0.0041  0.0041  0.0041  0.0041
      *py      0.0030  0.0131  0.0131  0.0130  0.0128  0.0029  0.0030  0.0131  0.0131  0.0130  0.0128  0.0029
      *d2+     0.0000  0.0000  0.0000  0.0000  0.0000  0.0000  0.0000  0.0000  0.0000  0.0000  0.0000  0.0000
      *d1+     0.0000  0.0000  0.0000  0.0000  0.0000  0.0000  0.0000  0.0000  0.0000  0.0000  0.0000  0.0000
      *d0      0.0000  0.0000  0.0000  0.0000  0.0000  0.0000  0.0000  0.0000  0.0000  0.0000  0.0000  0.0000
      *d1-     0.0000  0.0000  0.0000  0.0000  0.0000  0.0000  0.0000  0.0000  0.0000  0.0000  0.0000  0.0000
      *d2-     0.0000  0.0000  0.0000  0.0000  0.0000  0.0000  0.0000  0.0000  0.0000  0.0000  0.0000  0.0000
      *f3+     0.0000  0.0000  0.0000  0.0000  0.0000  0.0000  0.0000  0.0000  0.0000  0.0000  0.0000  0.0000
      *f2+     0.0000  0.0000  0.0000  0.0000  0.0000  0.0000  0.0000  0.0000  0.0000  0.0000  0.0000  0.0000
      *f1+     0.0000  0.0000  0.0000  0.0000  0.0000  0.0000  0.0000  0.0000  0.0000  0.0000  0.0000  0.0000
      *f0      0.0000  0.0000  0.0000  0.0000  0.0000  0.0000  0.0000  0.0000  0.0000  0.0000  0.0000  0.0000
      *f1-     0.0000  0.0000  0.0000  0.0000  0.0000  0.0000  0.0000  0.0000  0.0000  0.0000  0.0000  0.0000
      *f2-     0.0000  0.0000  0.0000  0.0000  0.0000  0.0000  0.0000  0.0000  0.0000  0.0000  0.0000  0.0000
      *f3-     0.0000  0.0000  0.0000  0.0000  0.0000  0.0000  0.0000  0.0000  0.0000  0.0000  0.0000  0.0000
      Total    0.8533  0.8532  0.8674  0.8644  0.8643  0.8673  0.8526  0.8526  0.8673  0.8643  0.8644  0.8674

      N-E      0.1467  0.1468  0.1326  0.1356  0.1357  0.1327  0.1474  0.1474  0.1327  0.1357  0.1356  0.1326

                NI37    NI38  
      1s       1.9997  1.9997
      2s       2.0007  2.0007
      2px      1.9958  1.9958
      2pz      1.9958  1.9958
      2py      1.9958  1.9958
      3s       1.1584  1.1581
      3px      1.5694  1.5692
      3pz      1.5738  1.5741
      3py      1.5676  1.5678
      4s       0.8147  0.8148
      3d2+     0.9380  0.9342
      3d1+     0.6354  1.0040
      3d0      0.9844  0.5017
      3d1-     0.8931  1.0023
      3d2-     0.9572  0.9553
      *s       1.1762  1.1850
      *px      0.4888  0.4890
      *pz      0.5382  0.5405
      *py      0.4808  0.4808
      *d2+     0.9899  0.9899
      *d1+     0.6398  0.9764
      *d0      0.9939  0.5038
      *d1-     0.8853  0.9808
      *d2-     0.9913  0.9927
      *f3+     0.0000  0.0000
      *f2+     0.0000  0.0000
      *f1+     0.0000  0.0000
      *f0      0.0001  0.0000
      *f1-     0.0000  0.0000
      *f2-     0.0000  0.0000
      *f3-     0.0000  0.0000
      Total   28.2639 28.2080

      N-E     -0.2639 -0.2080

      Total electronic charge=  212.000000

      Total            charge=   -0.000000
--



      Expectation values of various properties for root number:  1
      -----------------------------------------------------------


++    Molecular properties:
      ---------------------

      Charge (e):
                      =   -0.0000
      Dipole Moment (Debye):
      Origin of the operator (Ang)=    0.0000    0.0000    0.0000
                   X= -4.4616E-03               Y=  1.7455E-02               Z= -9.0077E+00           Total=  9.0077E+00
      Quadrupole Moment (Debye*Ang):
      Origin of the operator (Ang)=    0.0000   -0.0000    0.5165
                  XX= -1.3874E+02              XY= -2.0831E+00              XZ= -3.4774E-01              YY= -1.3644E+02
                  YZ= -2.0192E-01              ZZ= -2.0301E+02
      In traceless form (Debye*Ang)
                  XX=  3.0987E+01              XY= -3.1246E+00              XZ= -5.2161E-01              YY=  3.4437E+01
                  YZ= -3.0288E-01              ZZ= -6.5424E+01
--

      Von Neumann Entropy (Root   2) =  2.08952


      Mulliken population analysis for root number:  2
      -----------------------------------------------


++    Molecular charges:
      ------------------

      Mulliken charges per centre and basis function type
      ---------------------------------------------------

                C1      C2      C3      C4      C5      C6      C7      C8      C9      C10     C11     C12   
      1s       0.8547  0.8547  0.8547  0.8547  0.8547  0.8547  0.8547  0.8547  0.8547  0.8547  0.8547  0.8547
      2s       1.1233  1.1233  1.1232  1.1233  1.1233  1.1232  1.1233  1.1233  1.1232  1.1233  1.1233  1.1232
      2px      0.4565  0.4597  0.4574  0.4564  0.4598  0.4574  0.4504  0.4547  0.4646  0.4504  0.4547  0.4646
      2pz      0.3165  0.3155  0.3232  0.3152  0.3167  0.3232  0.3196  0.3198  0.3149  0.3191  0.3193  0.3158
      2py      0.4563  0.4530  0.4612  0.4564  0.4530  0.4613  0.4641  0.4597  0.4597  0.4642  0.4598  0.4597
      3s       0.0000  0.0000  0.0000  0.0000  0.0000  0.0000  0.0000  0.0000  0.0000  0.0000  0.0000  0.0000
      3px      0.0000  0.0000  0.0000  0.0000  0.0000  0.0000  0.0000  0.0000  0.0000  0.0000  0.0000  0.0000
      3pz      0.0000  0.0000  0.0000  0.0000  0.0000  0.0000  0.0000  0.0000  0.0000  0.0000  0.0000  0.0000
      3py      0.0000  0.0000  0.0000  0.0000  0.0000  0.0000  0.0000  0.0000  0.0000  0.0000  0.0000  0.0000
      4s       0.0000  0.0000  0.0000  0.0000  0.0000  0.0000  0.0000  0.0000  0.0000  0.0000  0.0000  0.0000
      3d2+     0.0000  0.0000  0.0000  0.0000  0.0000  0.0000  0.0000  0.0000  0.0000  0.0000  0.0000  0.0000
      3d1+     0.0000  0.0000  0.0000  0.0000  0.0000  0.0000  0.0000  0.0000  0.0000  0.0000  0.0000  0.0000
      3d0      0.0000  0.0000  0.0000  0.0000  0.0000  0.0000  0.0000  0.0000  0.0000  0.0000  0.0000  0.0000
      3d1-     0.0000  0.0000  0.0000  0.0000  0.0000  0.0000  0.0000  0.0000  0.0000  0.0000  0.0000  0.0000
      3d2-     0.0000  0.0000  0.0000  0.0000  0.0000  0.0000  0.0000  0.0000  0.0000  0.0000  0.0000  0.0000
      *s       1.2871  1.2873  1.3372  1.2920  1.2915  1.3373  1.0028  1.0028  1.1097  1.0011  1.0011  1.1098
      *px      0.4292  0.2646  0.4448  0.4298  0.2645  0.4454  0.3640  0.4365  0.3944  0.3634  0.4355  0.3946
      *pz      0.6372  0.6355  0.5894  0.6345  0.6380  0.5897  0.5733  0.5736  0.5862  0.5728  0.5729  0.5875
      *py      0.1471  0.3132  0.3646  0.1471  0.3132  0.3642  0.4663  0.3936  0.3913  0.4654  0.3929  0.3912
      *d2+     0.0506  0.0544  0.0601  0.0503  0.0543  0.0601  0.0423  0.0391  0.0452  0.0422  0.0390  0.0452
      *d1+     0.0247  0.0268  0.0256  0.0247  0.0269  0.0258  0.0210  0.0231  0.0267  0.0210  0.0230  0.0266
      *d0      0.0059  0.0059  0.0034  0.0061  0.0061  0.0034  0.0087  0.0088  0.0059  0.0087  0.0088  0.0059
      *d1-     0.0255  0.0235  0.0257  0.0257  0.0235  0.0257  0.0274  0.0253  0.0233  0.0270  0.0254  0.0234
      *d2-     0.0532  0.0493  0.0632  0.0530  0.0492  0.0632  0.0374  0.0406  0.0507  0.0373  0.0405  0.0507
      *f3+     0.0021  0.0021  0.0021  0.0021  0.0021  0.0021  0.0021  0.0021  0.0022  0.0021  0.0021  0.0022
      *f2+     0.0009  0.0010  0.0010  0.0009  0.0010  0.0011  0.0010  0.0008  0.0008  0.0010  0.0007  0.0008
      *f1+     0.0011  0.0010  0.0011  0.0011  0.0010  0.0011  0.0010  0.0012  0.0011  0.0010  0.0012  0.0011
      *f0      0.0018  0.0018  0.0020  0.0018  0.0018  0.0020  0.0017  0.0017  0.0020  0.0017  0.0017  0.0020
      *f1-     0.0010  0.0011  0.0011  0.0010  0.0011  0.0011  0.0013  0.0010  0.0011  0.0013  0.0010  0.0011
      *f2-     0.0009  0.0009  0.0010  0.0009  0.0009  0.0010  0.0008  0.0011  0.0010  0.0008  0.0011  0.0010
      *f3-     0.0030  0.0030  0.0032  0.0030  0.0030  0.0032  0.0029  0.0029  0.0031  0.0029  0.0029  0.0031
      Total    5.8786  5.8776  6.1453  5.8799  5.8854  6.1464  5.7663  5.7662  5.8620  5.7614  5.7616  5.8642

      N-E      0.1214  0.1224 -0.1453  0.1201  0.1146 -0.1464  0.2337  0.2338  0.1380  0.2386  0.2384  0.1358

                C13     C14     C15     C16     C17     C18     C19     C20     C21     C22     C23     C24   
      1s       0.8548  0.8548  0.8548  0.8549  0.8549  0.8548  0.8548  0.8548  0.8548  0.8549  0.8549  0.8548
      2s       1.1233  1.1233  1.1232  1.1231  1.1231  1.1232  1.1233  1.1233  1.1232  1.1231  1.1231  1.1232
      2px      0.4468  0.4490  0.4716  0.4719  0.4581  0.4520  0.4469  0.4487  0.4716  0.4720  0.4580  0.4520
      2pz      0.3130  0.3133  0.3167  0.3100  0.3100  0.3163  0.3100  0.3121  0.3167  0.3101  0.3097  0.3172
      2py      0.4578  0.4557  0.4482  0.4486  0.4626  0.4678  0.4577  0.4560  0.4481  0.4487  0.4625  0.4678
      3s       0.0000  0.0000  0.0000  0.0000  0.0000  0.0000  0.0000  0.0000  0.0000  0.0000  0.0000  0.0000
      3px      0.0000  0.0000  0.0000  0.0000  0.0000  0.0000  0.0000  0.0000  0.0000  0.0000  0.0000  0.0000
      3pz      0.0000  0.0000  0.0000  0.0000  0.0000  0.0000  0.0000  0.0000  0.0000  0.0000  0.0000  0.0000
      3py      0.0000  0.0000  0.0000  0.0000  0.0000  0.0000  0.0000  0.0000  0.0000  0.0000  0.0000  0.0000
      4s       0.0000  0.0000  0.0000  0.0000  0.0000  0.0000  0.0000  0.0000  0.0000  0.0000  0.0000  0.0000
      3d2+     0.0000  0.0000  0.0000  0.0000  0.0000  0.0000  0.0000  0.0000  0.0000  0.0000  0.0000  0.0000
      3d1+     0.0000  0.0000  0.0000  0.0000  0.0000  0.0000  0.0000  0.0000  0.0000  0.0000  0.0000  0.0000
      3d0      0.0000  0.0000  0.0000  0.0000  0.0000  0.0000  0.0000  0.0000  0.0000  0.0000  0.0000  0.0000
      3d1-     0.0000  0.0000  0.0000  0.0000  0.0000  0.0000  0.0000  0.0000  0.0000  0.0000  0.0000  0.0000
      3d2-     0.0000  0.0000  0.0000  0.0000  0.0000  0.0000  0.0000  0.0000  0.0000  0.0000  0.0000  0.0000
      *s       1.2122  1.2120  1.2456  1.2162  1.2162  1.2459  1.2135  1.2130  1.2459  1.2161  1.2163  1.2456
      *px      0.5318  0.5048  0.5056  0.5131  0.4942  0.5329  0.5324  0.5044  0.5057  0.5131  0.4942  0.5327
      *pz      0.6294  0.6299  0.6551  0.6492  0.6493  0.6546  0.6238  0.6288  0.6551  0.6496  0.6486  0.6560
      *py      0.4919  0.5193  0.5193  0.5130  0.5319  0.4921  0.4918  0.5198  0.5194  0.5130  0.5319  0.4921
      *d2+     0.0278  0.0285  0.0278  0.0280  0.0315  0.0311  0.0278  0.0283  0.0278  0.0280  0.0315  0.0311
      *d1+     0.0119  0.0208  0.0237  0.0236  0.0206  0.0067  0.0121  0.0206  0.0237  0.0237  0.0207  0.0067
      *d0      0.0099  0.0099  0.0053  0.0048  0.0048  0.0053  0.0099  0.0099  0.0053  0.0048  0.0048  0.0053
      *d1-     0.0266  0.0178  0.0109  0.0102  0.0131  0.0278  0.0264  0.0177  0.0109  0.0102  0.0132  0.0278
      *d2-     0.0268  0.0263  0.0330  0.0322  0.0287  0.0297  0.0268  0.0261  0.0330  0.0322  0.0287  0.0297
      *f3+     0.0019  0.0019  0.0019  0.0019  0.0019  0.0019  0.0019  0.0019  0.0019  0.0019  0.0019  0.0019
      *f2+     0.0005  0.0009  0.0009  0.0009  0.0008  0.0003  0.0005  0.0009  0.0009  0.0009  0.0009  0.0003
      *f1+     0.0008  0.0009  0.0009  0.0009  0.0009  0.0009  0.0008  0.0009  0.0009  0.0009  0.0009  0.0009
      *f0      0.0014  0.0014  0.0016  0.0016  0.0016  0.0016  0.0014  0.0014  0.0016  0.0016  0.0016  0.0016
      *f1-     0.0009  0.0008  0.0009  0.0008  0.0009  0.0010  0.0009  0.0008  0.0009  0.0008  0.0009  0.0010
      *f2-     0.0011  0.0006  0.0005  0.0005  0.0005  0.0011  0.0011  0.0006  0.0005  0.0005  0.0005  0.0011
      *f3-     0.0017  0.0017  0.0020  0.0020  0.0020  0.0020  0.0017  0.0017  0.0020  0.0020  0.0020  0.0020
      Total    6.1723  6.1735  6.2494  6.2074  6.2075  6.2489  6.1656  6.1717  6.2499  6.2080  6.2069  6.2507

      N-E     -0.1723 -0.1735 -0.2494 -0.2074 -0.2075 -0.2489 -0.1656 -0.1717 -0.2499 -0.2080 -0.2069 -0.2507

                H25     H26     H27     H28     H29     H30     H31     H32     H33     H34     H35     H36   
      1s       0.2626  0.2626  0.2634  0.2638  0.2638  0.2634  0.2626  0.2626  0.2634  0.2638  0.2638  0.2634
      2s       0.0000  0.0000  0.0000  0.0000  0.0000  0.0000  0.0000  0.0000  0.0000  0.0000  0.0000  0.0000
      2px      0.0000  0.0000  0.0000  0.0000  0.0000  0.0000  0.0000  0.0000  0.0000  0.0000  0.0000  0.0000
      2pz      0.0000  0.0000  0.0000  0.0000  0.0000  0.0000  0.0000  0.0000  0.0000  0.0000  0.0000  0.0000
      2py      0.0000  0.0000  0.0000  0.0000  0.0000  0.0000  0.0000  0.0000  0.0000  0.0000  0.0000  0.0000
      3s       0.0000  0.0000  0.0000  0.0000  0.0000  0.0000  0.0000  0.0000  0.0000  0.0000  0.0000  0.0000
      3px      0.0000  0.0000  0.0000  0.0000  0.0000  0.0000  0.0000  0.0000  0.0000  0.0000  0.0000  0.0000
      3pz      0.0000  0.0000  0.0000  0.0000  0.0000  0.0000  0.0000  0.0000  0.0000  0.0000  0.0000  0.0000
      3py      0.0000  0.0000  0.0000  0.0000  0.0000  0.0000  0.0000  0.0000  0.0000  0.0000  0.0000  0.0000
      4s       0.0000  0.0000  0.0000  0.0000  0.0000  0.0000  0.0000  0.0000  0.0000  0.0000  0.0000  0.0000
      3d2+     0.0000  0.0000  0.0000  0.0000  0.0000  0.0000  0.0000  0.0000  0.0000  0.0000  0.0000  0.0000
      3d1+     0.0000  0.0000  0.0000  0.0000  0.0000  0.0000  0.0000  0.0000  0.0000  0.0000  0.0000  0.0000
      3d0      0.0000  0.0000  0.0000  0.0000  0.0000  0.0000  0.0000  0.0000  0.0000  0.0000  0.0000  0.0000
      3d1-     0.0000  0.0000  0.0000  0.0000  0.0000  0.0000  0.0000  0.0000  0.0000  0.0000  0.0000  0.0000
      3d2-     0.0000  0.0000  0.0000  0.0000  0.0000  0.0000  0.0000  0.0000  0.0000  0.0000  0.0000  0.0000
      *s       0.5665  0.5665  0.5806  0.5773  0.5773  0.5806  0.5661  0.5661  0.5806  0.5773  0.5773  0.5807
      *px      0.0166  0.0066  0.0060  0.0061  0.0064  0.0163  0.0166  0.0066  0.0060  0.0061  0.0064  0.0163
      *pz      0.0044  0.0044  0.0041  0.0041  0.0041  0.0041  0.0043  0.0044  0.0041  0.0041  0.0041  0.0041
      *py      0.0030  0.0131  0.0131  0.0130  0.0128  0.0029  0.0030  0.0131  0.0131  0.0130  0.0128  0.0029
      *d2+     0.0000  0.0000  0.0000  0.0000  0.0000  0.0000  0.0000  0.0000  0.0000  0.0000  0.0000  0.0000
      *d1+     0.0000  0.0000  0.0000  0.0000  0.0000  0.0000  0.0000  0.0000  0.0000  0.0000  0.0000  0.0000
      *d0      0.0000  0.0000  0.0000  0.0000  0.0000  0.0000  0.0000  0.0000  0.0000  0.0000  0.0000  0.0000
      *d1-     0.0000  0.0000  0.0000  0.0000  0.0000  0.0000  0.0000  0.0000  0.0000  0.0000  0.0000  0.0000
      *d2-     0.0000  0.0000  0.0000  0.0000  0.0000  0.0000  0.0000  0.0000  0.0000  0.0000  0.0000  0.0000
      *f3+     0.0000  0.0000  0.0000  0.0000  0.0000  0.0000  0.0000  0.0000  0.0000  0.0000  0.0000  0.0000
      *f2+     0.0000  0.0000  0.0000  0.0000  0.0000  0.0000  0.0000  0.0000  0.0000  0.0000  0.0000  0.0000
      *f1+     0.0000  0.0000  0.0000  0.0000  0.0000  0.0000  0.0000  0.0000  0.0000  0.0000  0.0000  0.0000
      *f0      0.0000  0.0000  0.0000  0.0000  0.0000  0.0000  0.0000  0.0000  0.0000  0.0000  0.0000  0.0000
      *f1-     0.0000  0.0000  0.0000  0.0000  0.0000  0.0000  0.0000  0.0000  0.0000  0.0000  0.0000  0.0000
      *f2-     0.0000  0.0000  0.0000  0.0000  0.0000  0.0000  0.0000  0.0000  0.0000  0.0000  0.0000  0.0000
      *f3-     0.0000  0.0000  0.0000  0.0000  0.0000  0.0000  0.0000  0.0000  0.0000  0.0000  0.0000  0.0000
      Total    0.8532  0.8532  0.8674  0.8644  0.8644  0.8673  0.8526  0.8527  0.8673  0.8644  0.8644  0.8674

      N-E      0.1468  0.1468  0.1326  0.1356  0.1356  0.1327  0.1474  0.1473  0.1327  0.1356  0.1356  0.1326

                NI37    NI38  
      1s       1.9997  1.9997
      2s       2.0007  2.0007
      2px      1.9958  1.9958
      2pz      1.9958  1.9958
      2py      1.9958  1.9958
      3s       1.1584  1.1582
      3px      1.5692  1.5690
      3pz      1.5738  1.5740
      3py      1.5675  1.5676
      4s       0.8147  0.8148
      3d2+     0.9381  0.9345
      3d1+     0.6364  0.7115
      3d0      0.9844  0.9810
      3d1-     0.8922  0.8396
      3d2-     0.9572  0.9549
      *s       1.1796  1.1739
      *px      0.4882  0.4868
      *pz      0.5384  0.5396
      *py      0.4808  0.4804
      *d2+     0.9899  0.9900
      *d1+     0.6401  0.7146
      *d0      0.9939  0.9849
      *d1-     0.8844  0.8332
      *d2-     0.9913  0.9923
      *f3+     0.0000  0.0000
      *f2+     0.0000  0.0000
      *f1+     0.0000  0.0000
      *f0      0.0001  0.0000
      *f1-     0.0000  0.0000
      *f2-     0.0000  0.0000
      *f3-     0.0000  0.0000
      Total   28.2662 28.2887

      N-E     -0.2662 -0.2887

      Total electronic charge=  212.000000

      Total            charge=   -0.000000
--



      Expectation values of various properties for root number:  2
      -----------------------------------------------------------


++    Molecular properties:
      ---------------------

      Charge (e):
                      =   -0.0000
      Dipole Moment (Debye):
      Origin of the operator (Ang)=    0.0000    0.0000    0.0000
                   X= -4.7007E-02               Y=  1.1851E-01               Z= -9.3785E+00           Total=  9.3794E+00
      Quadrupole Moment (Debye*Ang):
      Origin of the operator (Ang)=    0.0000   -0.0000    0.5165
                  XX= -1.3745E+02              XY= -1.2987E+00              XZ=  2.5280E-01              YY= -1.3619E+02
                  YZ=  9.7397E-02              ZZ= -2.0282E+02
      In traceless form (Debye*Ang)
                  XX=  3.2052E+01              XY= -1.9480E+00              XZ=  3.7920E-01              YY=  3.3949E+01
                  YZ=  1.4610E-01              ZZ= -6.6001E+01
--

      Von Neumann Entropy (Root   3) =  2.09584


      Mulliken population analysis for root number:  3
      -----------------------------------------------


++    Molecular charges:
      ------------------

      Mulliken charges per centre and basis function type
      ---------------------------------------------------

                C1      C2      C3      C4      C5      C6      C7      C8      C9      C10     C11     C12   
      1s       0.8547  0.8547  0.8547  0.8547  0.8547  0.8547  0.8547  0.8547  0.8547  0.8547  0.8547  0.8547
      2s       1.1233  1.1233  1.1232  1.1233  1.1233  1.1232  1.1233  1.1233  1.1232  1.1233  1.1233  1.1232
      2px      0.4565  0.4598  0.4575  0.4564  0.4602  0.4575  0.4504  0.4548  0.4646  0.4507  0.4549  0.4646
      2pz      0.3183  0.3184  0.3226  0.3200  0.3200  0.3226  0.3222  0.3221  0.3149  0.3221  0.3224  0.3150
      2py      0.4564  0.4530  0.4613  0.4569  0.4530  0.4613  0.4642  0.4598  0.4597  0.4641  0.4598  0.4597
      3s       0.0000  0.0000  0.0000  0.0000  0.0000  0.0000  0.0000  0.0000  0.0000  0.0000  0.0000  0.0000
      3px      0.0000  0.0000  0.0000  0.0000  0.0000  0.0000  0.0000  0.0000  0.0000  0.0000  0.0000  0.0000
      3pz      0.0000  0.0000  0.0000  0.0000  0.0000  0.0000  0.0000  0.0000  0.0000  0.0000  0.0000  0.0000
      3py      0.0000  0.0000  0.0000  0.0000  0.0000  0.0000  0.0000  0.0000  0.0000  0.0000  0.0000  0.0000
      4s       0.0000  0.0000  0.0000  0.0000  0.0000  0.0000  0.0000  0.0000  0.0000  0.0000  0.0000  0.0000
      3d2+     0.0000  0.0000  0.0000  0.0000  0.0000  0.0000  0.0000  0.0000  0.0000  0.0000  0.0000  0.0000
      3d1+     0.0000  0.0000  0.0000  0.0000  0.0000  0.0000  0.0000  0.0000  0.0000  0.0000  0.0000  0.0000
      3d0      0.0000  0.0000  0.0000  0.0000  0.0000  0.0000  0.0000  0.0000  0.0000  0.0000  0.0000  0.0000
      3d1-     0.0000  0.0000  0.0000  0.0000  0.0000  0.0000  0.0000  0.0000  0.0000  0.0000  0.0000  0.0000
      3d2-     0.0000  0.0000  0.0000  0.0000  0.0000  0.0000  0.0000  0.0000  0.0000  0.0000  0.0000  0.0000
      *s       1.2897  1.2895  1.3429  1.2919  1.2918  1.3431  1.0025  1.0026  1.1088  1.0002  1.0001  1.1088
      *px      0.4298  0.2651  0.4434  0.4304  0.2652  0.4450  0.3634  0.4367  0.3944  0.3636  0.4365  0.3947
      *pz      0.6419  0.6418  0.5884  0.6445  0.6448  0.5887  0.5750  0.5748  0.5862  0.5760  0.5763  0.5864
      *py      0.1472  0.3135  0.3646  0.1467  0.3137  0.3632  0.4660  0.3925  0.3909  0.4658  0.3926  0.3906
      *d2+     0.0505  0.0544  0.0601  0.0501  0.0538  0.0601  0.0423  0.0391  0.0452  0.0423  0.0388  0.0452
      *d1+     0.0248  0.0267  0.0260  0.0250  0.0267  0.0261  0.0213  0.0230  0.0268  0.0212  0.0236  0.0271
      *d0      0.0060  0.0060  0.0033  0.0058  0.0058  0.0033  0.0088  0.0088  0.0059  0.0088  0.0088  0.0059
      *d1-     0.0257  0.0237  0.0259  0.0253  0.0236  0.0258  0.0273  0.0255  0.0235  0.0278  0.0254  0.0232
      *d2-     0.0533  0.0493  0.0632  0.0529  0.0492  0.0632  0.0374  0.0406  0.0507  0.0371  0.0407  0.0507
      *f3+     0.0021  0.0021  0.0021  0.0021  0.0021  0.0021  0.0022  0.0021  0.0022  0.0021  0.0021  0.0022
      *f2+     0.0009  0.0010  0.0011  0.0009  0.0010  0.0011  0.0010  0.0008  0.0008  0.0011  0.0008  0.0009
      *f1+     0.0011  0.0010  0.0011  0.0011  0.0010  0.0011  0.0010  0.0012  0.0011  0.0010  0.0012  0.0011
      *f0      0.0018  0.0018  0.0020  0.0018  0.0018  0.0020  0.0017  0.0017  0.0020  0.0017  0.0017  0.0020
      *f1-     0.0010  0.0011  0.0011  0.0010  0.0011  0.0011  0.0013  0.0010  0.0011  0.0013  0.0010  0.0011
      *f2-     0.0009  0.0009  0.0010  0.0009  0.0009  0.0010  0.0008  0.0011  0.0010  0.0008  0.0011  0.0010
      *f3-     0.0030  0.0030  0.0032  0.0030  0.0030  0.0032  0.0029  0.0029  0.0031  0.0029  0.0029  0.0031
      Total    5.8889  5.8902  6.1487  5.8949  5.8969  6.1493  5.7695  5.7690  5.8609  5.7685  5.7687  5.8612

      N-E      0.1111  0.1098 -0.1487  0.1051  0.1031 -0.1493  0.2305  0.2310  0.1391  0.2315  0.2313  0.1388

                C13     C14     C15     C16     C17     C18     C19     C20     C21     C22     C23     C24   
      1s       0.8547  0.8547  0.8548  0.8549  0.8549  0.8548  0.8548  0.8548  0.8548  0.8549  0.8549  0.8548
      2s       1.1233  1.1233  1.1232  1.1231  1.1231  1.1232  1.1233  1.1233  1.1232  1.1231  1.1231  1.1232
      2px      0.4471  0.4490  0.4716  0.4719  0.4581  0.4520  0.4478  0.4489  0.4716  0.4719  0.4581  0.4520
      2pz      0.3132  0.3131  0.3175  0.3122  0.3110  0.3171  0.3174  0.3172  0.3171  0.3110  0.3121  0.3174
      2py      0.4578  0.4559  0.4482  0.4487  0.4626  0.4677  0.4579  0.4568  0.4480  0.4487  0.4626  0.4678
      3s       0.0000  0.0000  0.0000  0.0000  0.0000  0.0000  0.0000  0.0000  0.0000  0.0000  0.0000  0.0000
      3px      0.0000  0.0000  0.0000  0.0000  0.0000  0.0000  0.0000  0.0000  0.0000  0.0000  0.0000  0.0000
      3pz      0.0000  0.0000  0.0000  0.0000  0.0000  0.0000  0.0000  0.0000  0.0000  0.0000  0.0000  0.0000
      3py      0.0000  0.0000  0.0000  0.0000  0.0000  0.0000  0.0000  0.0000  0.0000  0.0000  0.0000  0.0000
      4s       0.0000  0.0000  0.0000  0.0000  0.0000  0.0000  0.0000  0.0000  0.0000  0.0000  0.0000  0.0000
      3d2+     0.0000  0.0000  0.0000  0.0000  0.0000  0.0000  0.0000  0.0000  0.0000  0.0000  0.0000  0.0000
      3d1+     0.0000  0.0000  0.0000  0.0000  0.0000  0.0000  0.0000  0.0000  0.0000  0.0000  0.0000  0.0000
      3d0      0.0000  0.0000  0.0000  0.0000  0.0000  0.0000  0.0000  0.0000  0.0000  0.0000  0.0000  0.0000
      3d1-     0.0000  0.0000  0.0000  0.0000  0.0000  0.0000  0.0000  0.0000  0.0000  0.0000  0.0000  0.0000
      3d2-     0.0000  0.0000  0.0000  0.0000  0.0000  0.0000  0.0000  0.0000  0.0000  0.0000  0.0000  0.0000
      *s       1.2133  1.2129  1.2451  1.2158  1.2162  1.2455  1.2141  1.2139  1.2455  1.2161  1.2159  1.2449
      *px      0.5326  0.5049  0.5055  0.5132  0.4942  0.5327  0.5348  0.5052  0.5055  0.5131  0.4942  0.5327
      *pz      0.6333  0.6328  0.6556  0.6547  0.6509  0.6553  0.6435  0.6426  0.6553  0.6508  0.6543  0.6556
      *py      0.4919  0.5198  0.5192  0.5129  0.5320  0.4918  0.4920  0.5215  0.5191  0.5130  0.5320  0.4918
      *d2+     0.0278  0.0285  0.0278  0.0280  0.0315  0.0311  0.0274  0.0284  0.0278  0.0280  0.0315  0.0311
      *d1+     0.0120  0.0210  0.0242  0.0237  0.0207  0.0067  0.0120  0.0212  0.0240  0.0237  0.0206  0.0067
      *d0      0.0099  0.0100  0.0052  0.0048  0.0048  0.0052  0.0095  0.0096  0.0052  0.0048  0.0048  0.0052
      *d1-     0.0268  0.0178  0.0110  0.0102  0.0132  0.0283  0.0269  0.0177  0.0111  0.0102  0.0133  0.0285
      *d2-     0.0268  0.0263  0.0330  0.0322  0.0287  0.0297  0.0268  0.0257  0.0330  0.0322  0.0287  0.0297
      *f3+     0.0019  0.0019  0.0019  0.0019  0.0019  0.0019  0.0019  0.0019  0.0019  0.0019  0.0019  0.0019
      *f2+     0.0005  0.0009  0.0009  0.0009  0.0008  0.0003  0.0005  0.0009  0.0009  0.0009  0.0008  0.0003
      *f1+     0.0008  0.0009  0.0009  0.0009  0.0009  0.0009  0.0009  0.0010  0.0009  0.0009  0.0009  0.0009
      *f0      0.0014  0.0014  0.0016  0.0016  0.0016  0.0016  0.0014  0.0014  0.0016  0.0016  0.0016  0.0016
      *f1-     0.0009  0.0008  0.0009  0.0008  0.0009  0.0010  0.0009  0.0009  0.0009  0.0008  0.0009  0.0010
      *f2-     0.0011  0.0006  0.0006  0.0005  0.0005  0.0011  0.0011  0.0006  0.0006  0.0005  0.0005  0.0011
      *f3-     0.0017  0.0017  0.0020  0.0020  0.0020  0.0020  0.0017  0.0017  0.0020  0.0020  0.0020  0.0020
      Total    6.1789  6.1781  6.2506  6.2148  6.2103  6.2499  6.1964  6.1951  6.2500  6.2101  6.2146  6.2502

      N-E     -0.1789 -0.1781 -0.2506 -0.2148 -0.2103 -0.2499 -0.1964 -0.1951 -0.2500 -0.2101 -0.2146 -0.2502

                H25     H26     H27     H28     H29     H30     H31     H32     H33     H34     H35     H36   
      1s       0.2626  0.2626  0.2634  0.2638  0.2638  0.2634  0.2625  0.2625  0.2634  0.2638  0.2638  0.2634
      2s       0.0000  0.0000  0.0000  0.0000  0.0000  0.0000  0.0000  0.0000  0.0000  0.0000  0.0000  0.0000
      2px      0.0000  0.0000  0.0000  0.0000  0.0000  0.0000  0.0000  0.0000  0.0000  0.0000  0.0000  0.0000
      2pz      0.0000  0.0000  0.0000  0.0000  0.0000  0.0000  0.0000  0.0000  0.0000  0.0000  0.0000  0.0000
      2py      0.0000  0.0000  0.0000  0.0000  0.0000  0.0000  0.0000  0.0000  0.0000  0.0000  0.0000  0.0000
      3s       0.0000  0.0000  0.0000  0.0000  0.0000  0.0000  0.0000  0.0000  0.0000  0.0000  0.0000  0.0000
      3px      0.0000  0.0000  0.0000  0.0000  0.0000  0.0000  0.0000  0.0000  0.0000  0.0000  0.0000  0.0000
      3pz      0.0000  0.0000  0.0000  0.0000  0.0000  0.0000  0.0000  0.0000  0.0000  0.0000  0.0000  0.0000
      3py      0.0000  0.0000  0.0000  0.0000  0.0000  0.0000  0.0000  0.0000  0.0000  0.0000  0.0000  0.0000
      4s       0.0000  0.0000  0.0000  0.0000  0.0000  0.0000  0.0000  0.0000  0.0000  0.0000  0.0000  0.0000
      3d2+     0.0000  0.0000  0.0000  0.0000  0.0000  0.0000  0.0000  0.0000  0.0000  0.0000  0.0000  0.0000
      3d1+     0.0000  0.0000  0.0000  0.0000  0.0000  0.0000  0.0000  0.0000  0.0000  0.0000  0.0000  0.0000
      3d0      0.0000  0.0000  0.0000  0.0000  0.0000  0.0000  0.0000  0.0000  0.0000  0.0000  0.0000  0.0000
      3d1-     0.0000  0.0000  0.0000  0.0000  0.0000  0.0000  0.0000  0.0000  0.0000  0.0000  0.0000  0.0000
      3d2-     0.0000  0.0000  0.0000  0.0000  0.0000  0.0000  0.0000  0.0000  0.0000  0.0000  0.0000  0.0000
      *s       0.5666  0.5665  0.5806  0.5774  0.5773  0.5806  0.5659  0.5659  0.5806  0.5773  0.5773  0.5807
      *px      0.0166  0.0066  0.0060  0.0061  0.0064  0.0163  0.0166  0.0066  0.0060  0.0061  0.0064  0.0163
      *pz      0.0044  0.0044  0.0041  0.0042  0.0041  0.0041  0.0045  0.0045  0.0041  0.0041  0.0042  0.0041
      *py      0.0030  0.0131  0.0131  0.0130  0.0128  0.0029  0.0030  0.0131  0.0131  0.0130  0.0128  0.0029
      *d2+     0.0000  0.0000  0.0000  0.0000  0.0000  0.0000  0.0000  0.0000  0.0000  0.0000  0.0000  0.0000
      *d1+     0.0000  0.0000  0.0000  0.0000  0.0000  0.0000  0.0000  0.0000  0.0000  0.0000  0.0000  0.0000
      *d0      0.0000  0.0000  0.0000  0.0000  0.0000  0.0000  0.0000  0.0000  0.0000  0.0000  0.0000  0.0000
      *d1-     0.0000  0.0000  0.0000  0.0000  0.0000  0.0000  0.0000  0.0000  0.0000  0.0000  0.0000  0.0000
      *d2-     0.0000  0.0000  0.0000  0.0000  0.0000  0.0000  0.0000  0.0000  0.0000  0.0000  0.0000  0.0000
      *f3+     0.0000  0.0000  0.0000  0.0000  0.0000  0.0000  0.0000  0.0000  0.0000  0.0000  0.0000  0.0000
      *f2+     0.0000  0.0000  0.0000  0.0000  0.0000  0.0000  0.0000  0.0000  0.0000  0.0000  0.0000  0.0000
      *f1+     0.0000  0.0000  0.0000  0.0000  0.0000  0.0000  0.0000  0.0000  0.0000  0.0000  0.0000  0.0000
      *f0      0.0000  0.0000  0.0000  0.0000  0.0000  0.0000  0.0000  0.0000  0.0000  0.0000  0.0000  0.0000
      *f1-     0.0000  0.0000  0.0000  0.0000  0.0000  0.0000  0.0000  0.0000  0.0000  0.0000  0.0000  0.0000
      *f2-     0.0000  0.0000  0.0000  0.0000  0.0000  0.0000  0.0000  0.0000  0.0000  0.0000  0.0000  0.0000
      *f3-     0.0000  0.0000  0.0000  0.0000  0.0000  0.0000  0.0000  0.0000  0.0000  0.0000  0.0000  0.0000
      Total    0.8533  0.8532  0.8674  0.8645  0.8644  0.8674  0.8525  0.8525  0.8674  0.8644  0.8645  0.8674

      N-E      0.1467  0.1468  0.1326  0.1355  0.1356  0.1326  0.1475  0.1475  0.1326  0.1356  0.1355  0.1326

                NI37    NI38  
      1s       1.9997  1.9997
      2s       2.0007  2.0007
      2px      1.9958  1.9958
      2pz      1.9958  1.9958
      2py      1.9958  1.9958
      3s       1.1585  1.1583
      3px      1.5693  1.5692
      3pz      1.5735  1.5740
      3py      1.5676  1.5678
      4s       0.8146  0.8148
      3d2+     0.9380  0.9341
      3d1+     0.6345  1.0019
      3d0      0.9844  0.5036
      3d1-     0.8935  1.0014
      3d2-     0.9574  0.9554
      *s       1.1308  1.1571
      *px      0.4884  0.4888
      *pz      0.5364  0.5422
      *py      0.4807  0.4808
      *d2+     0.9899  0.9899
      *d1+     0.6396  0.9746
      *d0      0.9942  0.5048
      *d1-     0.8858  0.9799
      *d2-     0.9915  0.9928
      *f3+     0.0000  0.0000
      *f2+     0.0000  0.0000
      *f1+     0.0000  0.0000
      *f0      0.0001  0.0000
      *f1-     0.0000  0.0000
      *f2-     0.0000  0.0000
      *f3-     0.0000  0.0000
      Total   28.2163 28.1792

      N-E     -0.2163 -0.1792

      Total electronic charge=  212.000000

      Total            charge=   -0.000000
--



      Expectation values of various properties for root number:  3
      -----------------------------------------------------------


++    Molecular properties:
      ---------------------

      Charge (e):
                      =   -0.0000
      Dipole Moment (Debye):
      Origin of the operator (Ang)=    0.0000    0.0000    0.0000
                   X= -3.1419E-02               Y= -7.2893E-03               Z= -7.9594E+00           Total=  7.9595E+00
      Quadrupole Moment (Debye*Ang):
      Origin of the operator (Ang)=    0.0000   -0.0000    0.5165
                  XX= -1.3961E+02              XY= -1.6563E+00              XZ= -4.4344E-01              YY= -1.3778E+02
                  YZ= -2.4965E-01              ZZ= -2.0060E+02
      In traceless form (Debye*Ang)
                  XX=  2.9579E+01              XY= -2.4845E+00              XZ= -6.6516E-01              YY=  3.2325E+01
                  YZ= -3.7448E-01              ZZ= -6.1904E+01
--

      Von Neumann Entropy (Root   4) =  2.33124


      Mulliken population analysis for root number:  4
      -----------------------------------------------


++    Molecular charges:
      ------------------

      Mulliken charges per centre and basis function type
      ---------------------------------------------------

                C1      C2      C3      C4      C5      C6      C7      C8      C9      C10     C11     C12   
      1s       0.8546  0.8546  0.8547  0.8547  0.8547  0.8547  0.8547  0.8547  0.8547  0.8547  0.8547  0.8547
      2s       1.1234  1.1234  1.1232  1.1233  1.1233  1.1232  1.1233  1.1233  1.1232  1.1233  1.1233  1.1232
      2px      0.4565  0.4597  0.4575  0.4564  0.4602  0.4575  0.4504  0.4548  0.4646  0.4507  0.4550  0.4646
      2pz      0.3281  0.3278  0.3324  0.3222  0.3222  0.3324  0.3209  0.3210  0.3425  0.3222  0.3220  0.3425
      2py      0.4563  0.4530  0.4613  0.4568  0.4530  0.4614  0.4642  0.4597  0.4599  0.4641  0.4599  0.4599
      3s       0.0000  0.0000  0.0000  0.0000  0.0000  0.0000  0.0000  0.0000  0.0000  0.0000  0.0000  0.0000
      3px      0.0000  0.0000  0.0000  0.0000  0.0000  0.0000  0.0000  0.0000  0.0000  0.0000  0.0000  0.0000
      3pz      0.0000  0.0000  0.0000  0.0000  0.0000  0.0000  0.0000  0.0000  0.0000  0.0000  0.0000  0.0000
      3py      0.0000  0.0000  0.0000  0.0000  0.0000  0.0000  0.0000  0.0000  0.0000  0.0000  0.0000  0.0000
      4s       0.0000  0.0000  0.0000  0.0000  0.0000  0.0000  0.0000  0.0000  0.0000  0.0000  0.0000  0.0000
      3d2+     0.0000  0.0000  0.0000  0.0000  0.0000  0.0000  0.0000  0.0000  0.0000  0.0000  0.0000  0.0000
      3d1+     0.0000  0.0000  0.0000  0.0000  0.0000  0.0000  0.0000  0.0000  0.0000  0.0000  0.0000  0.0000
      3d0      0.0000  0.0000  0.0000  0.0000  0.0000  0.0000  0.0000  0.0000  0.0000  0.0000  0.0000  0.0000
      3d1-     0.0000  0.0000  0.0000  0.0000  0.0000  0.0000  0.0000  0.0000  0.0000  0.0000  0.0000  0.0000
      3d2-     0.0000  0.0000  0.0000  0.0000  0.0000  0.0000  0.0000  0.0000  0.0000  0.0000  0.0000  0.0000
      *s       1.2951  1.2949  1.3470  1.2921  1.2920  1.3467  1.0025  1.0026  1.1080  0.9990  0.9992  1.1080
      *px      0.4275  0.2677  0.4436  0.4286  0.2652  0.4468  0.3688  0.4375  0.3949  0.3660  0.4360  0.3954
      *pz      0.6580  0.6575  0.6074  0.6467  0.6464  0.6075  0.5895  0.5895  0.6319  0.5844  0.5841  0.6323
      *py      0.1487  0.3099  0.3660  0.1466  0.3116  0.3628  0.4659  0.3969  0.3911  0.4647  0.3944  0.3906
      *d2+     0.0505  0.0544  0.0601  0.0501  0.0538  0.0601  0.0423  0.0391  0.0452  0.0424  0.0387  0.0452
      *d1+     0.0248  0.0290  0.0284  0.0255  0.0283  0.0267  0.0224  0.0297  0.0273  0.0215  0.0271  0.0265
      *d0      0.0049  0.0049  0.0032  0.0053  0.0053  0.0032  0.0089  0.0089  0.0059  0.0090  0.0090  0.0059
      *d1-     0.0277  0.0235  0.0275  0.0262  0.0235  0.0292  0.0331  0.0257  0.0240  0.0323  0.0267  0.0247
      *d2-     0.0532  0.0494  0.0632  0.0529  0.0492  0.0632  0.0373  0.0405  0.0507  0.0371  0.0408  0.0507
      *f3+     0.0021  0.0021  0.0021  0.0021  0.0021  0.0021  0.0022  0.0022  0.0022  0.0021  0.0021  0.0022
      *f2+     0.0009  0.0011  0.0011  0.0009  0.0010  0.0011  0.0011  0.0009  0.0008  0.0011  0.0008  0.0008
      *f1+     0.0011  0.0010  0.0011  0.0011  0.0010  0.0011  0.0010  0.0012  0.0011  0.0010  0.0012  0.0011
      *f0      0.0018  0.0018  0.0020  0.0018  0.0018  0.0020  0.0017  0.0017  0.0020  0.0017  0.0017  0.0020
      *f1-     0.0010  0.0011  0.0011  0.0010  0.0011  0.0011  0.0013  0.0010  0.0011  0.0013  0.0010  0.0011
      *f2-     0.0010  0.0009  0.0011  0.0010  0.0009  0.0011  0.0009  0.0011  0.0010  0.0009  0.0011  0.0010
      *f3-     0.0030  0.0030  0.0032  0.0030  0.0030  0.0032  0.0029  0.0029  0.0031  0.0029  0.0029  0.0031
      Total    5.9201  5.9206  6.1873  5.8983  5.8997  6.1872  5.7952  5.7950  5.9353  5.7823  5.7820  5.9357

      N-E      0.0799  0.0794 -0.1873  0.1017  0.1003 -0.1872  0.2048  0.2050  0.0647  0.2177  0.2180  0.0643

                C13     C14     C15     C16     C17     C18     C19     C20     C21     C22     C23     C24   
      1s       0.8547  0.8547  0.8548  0.8549  0.8549  0.8548  0.8548  0.8548  0.8548  0.8549  0.8549  0.8548
      2s       1.1234  1.1234  1.1232  1.1231  1.1231  1.1232  1.1233  1.1233  1.1232  1.1231  1.1231  1.1232
      2px      0.4477  0.4502  0.4717  0.4719  0.4581  0.4520  0.4482  0.4495  0.4717  0.4720  0.4580  0.4520
      2pz      0.3417  0.3417  0.3341  0.3092  0.3094  0.3390  0.3325  0.3321  0.3394  0.3094  0.3084  0.3341
      2py      0.4584  0.4559  0.4482  0.4486  0.4626  0.4678  0.4582  0.4568  0.4481  0.4487  0.4625  0.4679
      3s       0.0000  0.0000  0.0000  0.0000  0.0000  0.0000  0.0000  0.0000  0.0000  0.0000  0.0000  0.0000
      3px      0.0000  0.0000  0.0000  0.0000  0.0000  0.0000  0.0000  0.0000  0.0000  0.0000  0.0000  0.0000
      3pz      0.0000  0.0000  0.0000  0.0000  0.0000  0.0000  0.0000  0.0000  0.0000  0.0000  0.0000  0.0000
      3py      0.0000  0.0000  0.0000  0.0000  0.0000  0.0000  0.0000  0.0000  0.0000  0.0000  0.0000  0.0000
      4s       0.0000  0.0000  0.0000  0.0000  0.0000  0.0000  0.0000  0.0000  0.0000  0.0000  0.0000  0.0000
      3d2+     0.0000  0.0000  0.0000  0.0000  0.0000  0.0000  0.0000  0.0000  0.0000  0.0000  0.0000  0.0000
      3d1+     0.0000  0.0000  0.0000  0.0000  0.0000  0.0000  0.0000  0.0000  0.0000  0.0000  0.0000  0.0000
      3d0      0.0000  0.0000  0.0000  0.0000  0.0000  0.0000  0.0000  0.0000  0.0000  0.0000  0.0000  0.0000
      3d1-     0.0000  0.0000  0.0000  0.0000  0.0000  0.0000  0.0000  0.0000  0.0000  0.0000  0.0000  0.0000
      3d2-     0.0000  0.0000  0.0000  0.0000  0.0000  0.0000  0.0000  0.0000  0.0000  0.0000  0.0000  0.0000
      *s       1.2296  1.2294  1.2519  1.2144  1.2162  1.2485  1.2193  1.2193  1.2486  1.2161  1.2145  1.2519
      *px      0.5359  0.5082  0.5056  0.5133  0.4943  0.5329  0.5353  0.5058  0.5057  0.5130  0.4941  0.5332
      *pz      0.7032  0.7030  0.6884  0.6465  0.6477  0.7008  0.6743  0.6734  0.7016  0.6476  0.6443  0.6887
      *py      0.4929  0.5207  0.5211  0.5126  0.5319  0.4928  0.4921  0.5216  0.5200  0.5132  0.5320  0.4934
      *d2+     0.0281  0.0285  0.0277  0.0280  0.0315  0.0311  0.0275  0.0284  0.0278  0.0281  0.0315  0.0310
      *d1+     0.0118  0.0225  0.0237  0.0288  0.0256  0.0072  0.0118  0.0219  0.0234  0.0292  0.0250  0.0068
      *d0      0.0084  0.0084  0.0052  0.0048  0.0048  0.0052  0.0086  0.0087  0.0052  0.0048  0.0048  0.0052
      *d1-     0.0295  0.0189  0.0112  0.0114  0.0152  0.0278  0.0281  0.0181  0.0115  0.0117  0.0152  0.0280
      *d2-     0.0268  0.0265  0.0330  0.0322  0.0287  0.0297  0.0268  0.0258  0.0330  0.0322  0.0287  0.0297
      *f3+     0.0019  0.0019  0.0019  0.0019  0.0019  0.0019  0.0019  0.0019  0.0019  0.0019  0.0019  0.0019
      *f2+     0.0005  0.0010  0.0009  0.0010  0.0010  0.0003  0.0005  0.0010  0.0009  0.0010  0.0010  0.0003
      *f1+     0.0008  0.0009  0.0009  0.0009  0.0009  0.0009  0.0009  0.0010  0.0009  0.0009  0.0009  0.0009
      *f0      0.0014  0.0014  0.0016  0.0016  0.0016  0.0016  0.0014  0.0014  0.0016  0.0016  0.0016  0.0016
      *f1-     0.0009  0.0008  0.0009  0.0008  0.0009  0.0010  0.0009  0.0009  0.0009  0.0008  0.0009  0.0010
      *f2-     0.0012  0.0006  0.0005  0.0005  0.0005  0.0011  0.0011  0.0006  0.0005  0.0005  0.0005  0.0011
      *f3-     0.0017  0.0017  0.0020  0.0020  0.0020  0.0020  0.0017  0.0017  0.0020  0.0020  0.0020  0.0020
      Total    6.3003  6.3003  6.3085  6.2086  6.2128  6.3215  6.2490  6.2476  6.3228  6.2126  6.2058  6.3085

      N-E     -0.3003 -0.3003 -0.3085 -0.2086 -0.2128 -0.3215 -0.2490 -0.2476 -0.3228 -0.2126 -0.2058 -0.3085

                H25     H26     H27     H28     H29     H30     H31     H32     H33     H34     H35     H36   
      1s       0.2626  0.2626  0.2634  0.2638  0.2638  0.2634  0.2624  0.2624  0.2634  0.2638  0.2638  0.2634
      2s       0.0000  0.0000  0.0000  0.0000  0.0000  0.0000  0.0000  0.0000  0.0000  0.0000  0.0000  0.0000
      2px      0.0000  0.0000  0.0000  0.0000  0.0000  0.0000  0.0000  0.0000  0.0000  0.0000  0.0000  0.0000
      2pz      0.0000  0.0000  0.0000  0.0000  0.0000  0.0000  0.0000  0.0000  0.0000  0.0000  0.0000  0.0000
      2py      0.0000  0.0000  0.0000  0.0000  0.0000  0.0000  0.0000  0.0000  0.0000  0.0000  0.0000  0.0000
      3s       0.0000  0.0000  0.0000  0.0000  0.0000  0.0000  0.0000  0.0000  0.0000  0.0000  0.0000  0.0000
      3px      0.0000  0.0000  0.0000  0.0000  0.0000  0.0000  0.0000  0.0000  0.0000  0.0000  0.0000  0.0000
      3pz      0.0000  0.0000  0.0000  0.0000  0.0000  0.0000  0.0000  0.0000  0.0000  0.0000  0.0000  0.0000
      3py      0.0000  0.0000  0.0000  0.0000  0.0000  0.0000  0.0000  0.0000  0.0000  0.0000  0.0000  0.0000
      4s       0.0000  0.0000  0.0000  0.0000  0.0000  0.0000  0.0000  0.0000  0.0000  0.0000  0.0000  0.0000
      3d2+     0.0000  0.0000  0.0000  0.0000  0.0000  0.0000  0.0000  0.0000  0.0000  0.0000  0.0000  0.0000
      3d1+     0.0000  0.0000  0.0000  0.0000  0.0000  0.0000  0.0000  0.0000  0.0000  0.0000  0.0000  0.0000
      3d0      0.0000  0.0000  0.0000  0.0000  0.0000  0.0000  0.0000  0.0000  0.0000  0.0000  0.0000  0.0000
      3d1-     0.0000  0.0000  0.0000  0.0000  0.0000  0.0000  0.0000  0.0000  0.0000  0.0000  0.0000  0.0000
      3d2-     0.0000  0.0000  0.0000  0.0000  0.0000  0.0000  0.0000  0.0000  0.0000  0.0000  0.0000  0.0000
      *s       0.5687  0.5687  0.5808  0.5774  0.5773  0.5806  0.5670  0.5669  0.5806  0.5773  0.5774  0.5808
      *px      0.0167  0.0066  0.0060  0.0061  0.0064  0.0163  0.0167  0.0066  0.0060  0.0061  0.0064  0.0163
      *pz      0.0052  0.0052  0.0045  0.0041  0.0041  0.0047  0.0049  0.0049  0.0047  0.0041  0.0041  0.0045
      *py      0.0030  0.0131  0.0131  0.0130  0.0128  0.0029  0.0030  0.0131  0.0131  0.0130  0.0128  0.0029
      *d2+     0.0000  0.0000  0.0000  0.0000  0.0000  0.0000  0.0000  0.0000  0.0000  0.0000  0.0000  0.0000
      *d1+     0.0000  0.0000  0.0000  0.0000  0.0000  0.0000  0.0000  0.0000  0.0000  0.0000  0.0000  0.0000
      *d0      0.0000  0.0000  0.0000  0.0000  0.0000  0.0000  0.0000  0.0000  0.0000  0.0000  0.0000  0.0000
      *d1-     0.0000  0.0000  0.0000  0.0000  0.0000  0.0000  0.0000  0.0000  0.0000  0.0000  0.0000  0.0000
      *d2-     0.0000  0.0000  0.0000  0.0000  0.0000  0.0000  0.0000  0.0000  0.0000  0.0000  0.0000  0.0000
      *f3+     0.0000  0.0000  0.0000  0.0000  0.0000  0.0000  0.0000  0.0000  0.0000  0.0000  0.0000  0.0000
      *f2+     0.0000  0.0000  0.0000  0.0000  0.0000  0.0000  0.0000  0.0000  0.0000  0.0000  0.0000  0.0000
      *f1+     0.0000  0.0000  0.0000  0.0000  0.0000  0.0000  0.0000  0.0000  0.0000  0.0000  0.0000  0.0000
      *f0      0.0000  0.0000  0.0000  0.0000  0.0000  0.0000  0.0000  0.0000  0.0000  0.0000  0.0000  0.0000
      *f1-     0.0000  0.0000  0.0000  0.0000  0.0000  0.0000  0.0000  0.0000  0.0000  0.0000  0.0000  0.0000
      *f2-     0.0000  0.0000  0.0000  0.0000  0.0000  0.0000  0.0000  0.0000  0.0000  0.0000  0.0000  0.0000
      *f3-     0.0000  0.0000  0.0000  0.0000  0.0000  0.0000  0.0000  0.0000  0.0000  0.0000  0.0000  0.0000
      Total    0.8562  0.8562  0.8679  0.8645  0.8644  0.8680  0.8539  0.8539  0.8680  0.8644  0.8644  0.8680

      N-E      0.1438  0.1438  0.1321  0.1355  0.1356  0.1320  0.1461  0.1461  0.1320  0.1356  0.1356  0.1320

                NI37    NI38  
      1s       1.9997  1.9997
      2s       2.0006  2.0006
      2px      1.9958  1.9958
      2pz      1.9958  1.9958
      2py      1.9958  1.9958
      3s       1.1529  1.1564
      3px      1.5694  1.5693
      3pz      1.5715  1.5734
      3py      1.5679  1.5681
      4s       0.8241  0.8177
      3d2+     0.9451  0.9372
      3d1+     0.6399  1.0038
      3d0      0.9835  0.5038
      3d1-     0.8963  1.0046
      3d2-     0.9596  0.9562
      *s       0.3731  0.9614
      *px      0.4874  0.4881
      *pz      0.4943  0.5267
      *py      0.4784  0.4789
      *d2+     0.9886  0.9900
      *d1+     0.6443  0.9759
      *d0      0.9919  0.5053
      *d1-     0.8870  0.9816
      *d2-     0.9908  0.9930
      *f3+     0.0000  0.0000
      *f2+     0.0000  0.0000
      *f1+     0.0000  0.0000
      *f0      0.0001  0.0000
      *f1-     0.0000  0.0000
      *f2-     0.0000  0.0000
      *f3-     0.0000  0.0000
      Total   27.4337 27.9794

      N-E      0.5663  0.0206

      Total electronic charge=  212.000000

      Total            charge=   -0.000000
--



      Expectation values of various properties for root number:  4
      -----------------------------------------------------------


++    Molecular properties:
      ---------------------

      Charge (e):
                      =   -0.0000
      Dipole Moment (Debye):
      Origin of the operator (Ang)=    0.0000    0.0000    0.0000
                   X=  3.6109E+00               Y=  2.0578E+00               Z=  2.8189E+00           Total=  5.0219E+00
      Quadrupole Moment (Debye*Ang):
      Origin of the operator (Ang)=    0.0000   -0.0000    0.5165
                  XX= -1.4236E+02              XY=  5.2351E+00              XZ=  1.1550E+01              YY= -1.4863E+02
                  YZ=  6.7090E+00              ZZ= -1.8032E+02
      In traceless form (Debye*Ang)
                  XX=  2.2115E+01              XY=  7.8526E+00              XZ=  1.7325E+01              YY=  1.2711E+01
                  YZ=  1.0063E+01              ZZ= -3.4826E+01
--

      Von Neumann Entropy (Root   5) =  2.23114


      Mulliken population analysis for root number:  5
      -----------------------------------------------


++    Molecular charges:
      ------------------

      Mulliken charges per centre and basis function type
      ---------------------------------------------------

                C1      C2      C3      C4      C5      C6      C7      C8      C9      C10     C11     C12   
      1s       0.8547  0.8547  0.8547  0.8547  0.8547  0.8547  0.8547  0.8547  0.8547  0.8547  0.8547  0.8547
      2s       1.1233  1.1233  1.1232  1.1233  1.1233  1.1232  1.1233  1.1233  1.1232  1.1233  1.1233  1.1232
      2px      0.4565  0.4598  0.4574  0.4564  0.4599  0.4574  0.4504  0.4548  0.4646  0.4504  0.4548  0.4646
      2pz      0.3171  0.3161  0.3238  0.3158  0.3173  0.3237  0.3239  0.3243  0.3147  0.3238  0.3240  0.3155
      2py      0.4564  0.4530  0.4612  0.4565  0.4530  0.4613  0.4642  0.4597  0.4597  0.4642  0.4598  0.4597
      3s       0.0000  0.0000  0.0000  0.0000  0.0000  0.0000  0.0000  0.0000  0.0000  0.0000  0.0000  0.0000
      3px      0.0000  0.0000  0.0000  0.0000  0.0000  0.0000  0.0000  0.0000  0.0000  0.0000  0.0000  0.0000
      3pz      0.0000  0.0000  0.0000  0.0000  0.0000  0.0000  0.0000  0.0000  0.0000  0.0000  0.0000  0.0000
      3py      0.0000  0.0000  0.0000  0.0000  0.0000  0.0000  0.0000  0.0000  0.0000  0.0000  0.0000  0.0000
      4s       0.0000  0.0000  0.0000  0.0000  0.0000  0.0000  0.0000  0.0000  0.0000  0.0000  0.0000  0.0000
      3d2+     0.0000  0.0000  0.0000  0.0000  0.0000  0.0000  0.0000  0.0000  0.0000  0.0000  0.0000  0.0000
      3d1+     0.0000  0.0000  0.0000  0.0000  0.0000  0.0000  0.0000  0.0000  0.0000  0.0000  0.0000  0.0000
      3d0      0.0000  0.0000  0.0000  0.0000  0.0000  0.0000  0.0000  0.0000  0.0000  0.0000  0.0000  0.0000
      3d1-     0.0000  0.0000  0.0000  0.0000  0.0000  0.0000  0.0000  0.0000  0.0000  0.0000  0.0000  0.0000
      3d2-     0.0000  0.0000  0.0000  0.0000  0.0000  0.0000  0.0000  0.0000  0.0000  0.0000  0.0000  0.0000
      *s       1.2893  1.2892  1.3455  1.2941  1.2945  1.3460  1.0018  1.0018  1.1081  1.0000  0.9995  1.1081
      *px      0.4304  0.2647  0.4430  0.4311  0.2648  0.4435  0.3637  0.4372  0.3946  0.3630  0.4362  0.3948
      *pz      0.6400  0.6383  0.5901  0.6370  0.6413  0.5904  0.5784  0.5793  0.5860  0.5785  0.5786  0.5871
      *py      0.1467  0.3141  0.3635  0.1466  0.3140  0.3632  0.4663  0.3925  0.3906  0.4655  0.3915  0.3905
      *d2+     0.0506  0.0544  0.0601  0.0502  0.0543  0.0601  0.0423  0.0391  0.0452  0.0422  0.0390  0.0452
      *d1+     0.0249  0.0268  0.0257  0.0249  0.0270  0.0259  0.0211  0.0230  0.0274  0.0211  0.0230  0.0273
      *d0      0.0059  0.0059  0.0033  0.0061  0.0061  0.0033  0.0087  0.0087  0.0059  0.0087  0.0088  0.0059
      *d1-     0.0257  0.0239  0.0257  0.0258  0.0238  0.0258  0.0275  0.0254  0.0236  0.0271  0.0255  0.0236
      *d2-     0.0533  0.0493  0.0632  0.0530  0.0492  0.0632  0.0374  0.0406  0.0507  0.0373  0.0405  0.0507
      *f3+     0.0021  0.0021  0.0021  0.0021  0.0021  0.0021  0.0022  0.0021  0.0022  0.0021  0.0021  0.0022
      *f2+     0.0009  0.0010  0.0011  0.0009  0.0010  0.0011  0.0010  0.0008  0.0009  0.0010  0.0007  0.0009
      *f1+     0.0011  0.0010  0.0011  0.0011  0.0010  0.0011  0.0010  0.0012  0.0011  0.0010  0.0012  0.0011
      *f0      0.0018  0.0018  0.0020  0.0018  0.0018  0.0020  0.0017  0.0017  0.0020  0.0017  0.0017  0.0020
      *f1-     0.0010  0.0011  0.0011  0.0010  0.0011  0.0011  0.0013  0.0010  0.0011  0.0013  0.0010  0.0011
      *f2-     0.0009  0.0009  0.0010  0.0009  0.0009  0.0010  0.0008  0.0011  0.0010  0.0008  0.0011  0.0010
      *f3-     0.0030  0.0030  0.0032  0.0030  0.0030  0.0032  0.0029  0.0029  0.0031  0.0029  0.0029  0.0031
      Total    5.8856  5.8845  6.1522  5.8864  5.8939  6.1535  5.7745  5.7754  5.8604  5.7706  5.7700  5.8624

      N-E      0.1144  0.1155 -0.1522  0.1136  0.1061 -0.1535  0.2255  0.2246  0.1396  0.2294  0.2300  0.1376

                C13     C14     C15     C16     C17     C18     C19     C20     C21     C22     C23     C24   
      1s       0.8547  0.8547  0.8548  0.8549  0.8549  0.8548  0.8547  0.8547  0.8548  0.8549  0.8549  0.8548
      2s       1.1233  1.1233  1.1232  1.1231  1.1231  1.1232  1.1233  1.1233  1.1232  1.1231  1.1231  1.1232
      2px      0.4468  0.4490  0.4716  0.4719  0.4581  0.4520  0.4469  0.4488  0.4716  0.4720  0.4581  0.4520
      2pz      0.3130  0.3131  0.3175  0.3138  0.3140  0.3175  0.3103  0.3120  0.3175  0.3140  0.3136  0.3181
      2py      0.4579  0.4557  0.4482  0.4487  0.4626  0.4677  0.4578  0.4561  0.4481  0.4487  0.4626  0.4678
      3s       0.0000  0.0000  0.0000  0.0000  0.0000  0.0000  0.0000  0.0000  0.0000  0.0000  0.0000  0.0000
      3px      0.0000  0.0000  0.0000  0.0000  0.0000  0.0000  0.0000  0.0000  0.0000  0.0000  0.0000  0.0000
      3pz      0.0000  0.0000  0.0000  0.0000  0.0000  0.0000  0.0000  0.0000  0.0000  0.0000  0.0000  0.0000
      3py      0.0000  0.0000  0.0000  0.0000  0.0000  0.0000  0.0000  0.0000  0.0000  0.0000  0.0000  0.0000
      4s       0.0000  0.0000  0.0000  0.0000  0.0000  0.0000  0.0000  0.0000  0.0000  0.0000  0.0000  0.0000
      3d2+     0.0000  0.0000  0.0000  0.0000  0.0000  0.0000  0.0000  0.0000  0.0000  0.0000  0.0000  0.0000
      3d1+     0.0000  0.0000  0.0000  0.0000  0.0000  0.0000  0.0000  0.0000  0.0000  0.0000  0.0000  0.0000
      3d0      0.0000  0.0000  0.0000  0.0000  0.0000  0.0000  0.0000  0.0000  0.0000  0.0000  0.0000  0.0000
      3d1-     0.0000  0.0000  0.0000  0.0000  0.0000  0.0000  0.0000  0.0000  0.0000  0.0000  0.0000  0.0000
      3d2-     0.0000  0.0000  0.0000  0.0000  0.0000  0.0000  0.0000  0.0000  0.0000  0.0000  0.0000  0.0000
      *s       1.2138  1.2135  1.2455  1.2159  1.2159  1.2458  1.2149  1.2148  1.2455  1.2158  1.2160  1.2454
      *px      0.5324  0.5050  0.5054  0.5131  0.4942  0.5329  0.5331  0.5045  0.5054  0.5131  0.4942  0.5327
      *pz      0.6334  0.6335  0.6556  0.6574  0.6579  0.6552  0.6297  0.6324  0.6554  0.6579  0.6568  0.6566
      *py      0.4920  0.5198  0.5193  0.5130  0.5320  0.4918  0.4918  0.5204  0.5193  0.5130  0.5320  0.4919
      *d2+     0.0278  0.0285  0.0278  0.0280  0.0315  0.0311  0.0278  0.0284  0.0278  0.0280  0.0315  0.0311
      *d1+     0.0119  0.0212  0.0246  0.0237  0.0206  0.0067  0.0121  0.0210  0.0246  0.0237  0.0207  0.0067
      *d0      0.0099  0.0099  0.0052  0.0048  0.0048  0.0052  0.0099  0.0099  0.0052  0.0048  0.0048  0.0052
      *d1-     0.0271  0.0178  0.0111  0.0102  0.0133  0.0290  0.0268  0.0177  0.0111  0.0102  0.0133  0.0289
      *d2-     0.0268  0.0263  0.0330  0.0322  0.0287  0.0297  0.0268  0.0261  0.0330  0.0322  0.0287  0.0297
      *f3+     0.0019  0.0019  0.0019  0.0019  0.0019  0.0019  0.0019  0.0019  0.0019  0.0019  0.0019  0.0019
      *f2+     0.0005  0.0009  0.0009  0.0009  0.0008  0.0003  0.0005  0.0009  0.0009  0.0009  0.0009  0.0003
      *f1+     0.0008  0.0010  0.0009  0.0009  0.0009  0.0009  0.0008  0.0009  0.0009  0.0009  0.0009  0.0009
      *f0      0.0014  0.0014  0.0016  0.0016  0.0016  0.0016  0.0014  0.0014  0.0016  0.0016  0.0016  0.0016
      *f1-     0.0009  0.0008  0.0009  0.0008  0.0009  0.0010  0.0009  0.0008  0.0009  0.0008  0.0009  0.0010
      *f2-     0.0011  0.0006  0.0006  0.0005  0.0005  0.0011  0.0011  0.0006  0.0006  0.0005  0.0005  0.0011
      *f3-     0.0017  0.0017  0.0020  0.0020  0.0020  0.0020  0.0017  0.0017  0.0020  0.0020  0.0020  0.0020
      Total    6.1792  6.1797  6.2515  6.2192  6.2199  6.2514  6.1744  6.1784  6.2513  6.2199  6.2188  6.2528

      N-E     -0.1792 -0.1797 -0.2515 -0.2192 -0.2199 -0.2514 -0.1744 -0.1784 -0.2513 -0.2199 -0.2188 -0.2528

                H25     H26     H27     H28     H29     H30     H31     H32     H33     H34     H35     H36   
      1s       0.2626  0.2626  0.2634  0.2638  0.2638  0.2634  0.2626  0.2626  0.2634  0.2638  0.2638  0.2634
      2s       0.0000  0.0000  0.0000  0.0000  0.0000  0.0000  0.0000  0.0000  0.0000  0.0000  0.0000  0.0000
      2px      0.0000  0.0000  0.0000  0.0000  0.0000  0.0000  0.0000  0.0000  0.0000  0.0000  0.0000  0.0000
      2pz      0.0000  0.0000  0.0000  0.0000  0.0000  0.0000  0.0000  0.0000  0.0000  0.0000  0.0000  0.0000
      2py      0.0000  0.0000  0.0000  0.0000  0.0000  0.0000  0.0000  0.0000  0.0000  0.0000  0.0000  0.0000
      3s       0.0000  0.0000  0.0000  0.0000  0.0000  0.0000  0.0000  0.0000  0.0000  0.0000  0.0000  0.0000
      3px      0.0000  0.0000  0.0000  0.0000  0.0000  0.0000  0.0000  0.0000  0.0000  0.0000  0.0000  0.0000
      3pz      0.0000  0.0000  0.0000  0.0000  0.0000  0.0000  0.0000  0.0000  0.0000  0.0000  0.0000  0.0000
      3py      0.0000  0.0000  0.0000  0.0000  0.0000  0.0000  0.0000  0.0000  0.0000  0.0000  0.0000  0.0000
      4s       0.0000  0.0000  0.0000  0.0000  0.0000  0.0000  0.0000  0.0000  0.0000  0.0000  0.0000  0.0000
      3d2+     0.0000  0.0000  0.0000  0.0000  0.0000  0.0000  0.0000  0.0000  0.0000  0.0000  0.0000  0.0000
      3d1+     0.0000  0.0000  0.0000  0.0000  0.0000  0.0000  0.0000  0.0000  0.0000  0.0000  0.0000  0.0000
      3d0      0.0000  0.0000  0.0000  0.0000  0.0000  0.0000  0.0000  0.0000  0.0000  0.0000  0.0000  0.0000
      3d1-     0.0000  0.0000  0.0000  0.0000  0.0000  0.0000  0.0000  0.0000  0.0000  0.0000  0.0000  0.0000
      3d2-     0.0000  0.0000  0.0000  0.0000  0.0000  0.0000  0.0000  0.0000  0.0000  0.0000  0.0000  0.0000
      *s       0.5667  0.5666  0.5807  0.5774  0.5773  0.5806  0.5662  0.5663  0.5806  0.5773  0.5774  0.5807
      *px      0.0166  0.0066  0.0060  0.0061  0.0064  0.0163  0.0166  0.0066  0.0060  0.0061  0.0064  0.0163
      *pz      0.0044  0.0044  0.0041  0.0042  0.0042  0.0041  0.0043  0.0044  0.0041  0.0042  0.0042  0.0042
      *py      0.0030  0.0131  0.0131  0.0130  0.0128  0.0029  0.0030  0.0131  0.0131  0.0130  0.0128  0.0029
      *d2+     0.0000  0.0000  0.0000  0.0000  0.0000  0.0000  0.0000  0.0000  0.0000  0.0000  0.0000  0.0000
      *d1+     0.0000  0.0000  0.0000  0.0000  0.0000  0.0000  0.0000  0.0000  0.0000  0.0000  0.0000  0.0000
      *d0      0.0000  0.0000  0.0000  0.0000  0.0000  0.0000  0.0000  0.0000  0.0000  0.0000  0.0000  0.0000
      *d1-     0.0000  0.0000  0.0000  0.0000  0.0000  0.0000  0.0000  0.0000  0.0000  0.0000  0.0000  0.0000
      *d2-     0.0000  0.0000  0.0000  0.0000  0.0000  0.0000  0.0000  0.0000  0.0000  0.0000  0.0000  0.0000
      *f3+     0.0000  0.0000  0.0000  0.0000  0.0000  0.0000  0.0000  0.0000  0.0000  0.0000  0.0000  0.0000
      *f2+     0.0000  0.0000  0.0000  0.0000  0.0000  0.0000  0.0000  0.0000  0.0000  0.0000  0.0000  0.0000
      *f1+     0.0000  0.0000  0.0000  0.0000  0.0000  0.0000  0.0000  0.0000  0.0000  0.0000  0.0000  0.0000
      *f0      0.0000  0.0000  0.0000  0.0000  0.0000  0.0000  0.0000  0.0000  0.0000  0.0000  0.0000  0.0000
      *f1-     0.0000  0.0000  0.0000  0.0000  0.0000  0.0000  0.0000  0.0000  0.0000  0.0000  0.0000  0.0000
      *f2-     0.0000  0.0000  0.0000  0.0000  0.0000  0.0000  0.0000  0.0000  0.0000  0.0000  0.0000  0.0000
      *f3-     0.0000  0.0000  0.0000  0.0000  0.0000  0.0000  0.0000  0.0000  0.0000  0.0000  0.0000  0.0000
      Total    0.8533  0.8533  0.8674  0.8645  0.8645  0.8674  0.8528  0.8529  0.8674  0.8645  0.8645  0.8675

      N-E      0.1467  0.1467  0.1326  0.1355  0.1355  0.1326  0.1472  0.1471  0.1326  0.1355  0.1355  0.1325

                NI37    NI38  
      1s       1.9997  1.9997
      2s       2.0007  2.0007
      2px      1.9958  1.9958
      2pz      1.9958  1.9958
      2py      1.9958  1.9958
      3s       1.1583  1.1581
      3px      1.5692  1.5689
      3pz      1.5734  1.5736
      3py      1.5676  1.5676
      4s       0.8150  0.8151
      3d2+     0.9382  0.9346
      3d1+     0.6337  0.7264
      3d0      0.9844  0.9597
      3d1-     0.8946  0.8456
      3d2-     0.9576  0.9553
      *s       1.1033  1.0988
      *px      0.4879  0.4866
      *pz      0.5346  0.5356
      *py      0.4806  0.4803
      *d2+     0.9899  0.9901
      *d1+     0.6382  0.7284
      *d0      0.9940  0.9637
      *d1-     0.8866  0.8388
      *d2-     0.9915  0.9925
      *f3+     0.0000  0.0000
      *f2+     0.0000  0.0000
      *f1+     0.0000  0.0000
      *f0      0.0001  0.0000
      *f1-     0.0000  0.0000
      *f2-     0.0000  0.0000
      *f3-     0.0000  0.0000
      Total   28.1863 28.2075

      N-E     -0.1863 -0.2075

      Total electronic charge=  212.000000

      Total            charge=   -0.000000
--



      Expectation values of various properties for root number:  5
      -----------------------------------------------------------


++    Molecular properties:
      ---------------------

      Charge (e):
                      =   -0.0000
      Dipole Moment (Debye):
      Origin of the operator (Ang)=    0.0000    0.0000    0.0000
                   X=  1.3496E-02               Y=  1.2914E-01               Z= -7.5372E+00           Total=  7.5383E+00
      Quadrupole Moment (Debye*Ang):
      Origin of the operator (Ang)=    0.0000   -0.0000    0.5165
                  XX= -1.3850E+02              XY=  1.0918E-02              XZ=  2.9219E-01              YY= -1.3865E+02
                  YZ=  1.6194E-01              ZZ= -1.9936E+02
      In traceless form (Debye*Ang)
                  XX=  3.0508E+01              XY=  1.6377E-02              XZ=  4.3828E-01              YY=  3.0278E+01
                  YZ=  2.4291E-01              ZZ= -6.0786E+01
--


      Input file to MOLDEN was generated!


      Input file to MOLDEN was generated!


      Input file to MOLDEN was generated!


      Input file to MOLDEN was generated!


      Input file to MOLDEN was generated!


      Input file to MOLDEN was generated!

      Canonical orbitals are written to the RASORB file
      Natural orbitals for root   1 are written to the RASORB.1 file
      Natural orbitals for root   2 are written to the RASORB.2 file
      Natural orbitals for root   3 are written to the RASORB.3 file
      Natural orbitals for root   4 are written to the RASORB.4 file
      Natural orbitals for root   5 are written to the RASORB.5 file
      Spin density orbitals for root   1 are written to the SPDORB.1 file
      Spin density orbitals for root   2 are written to the SPDORB.2 file
      Spin density orbitals for root   3 are written to the SPDORB.3 file
      Spin density orbitals for root   4 are written to the SPDORB.4 file
      Spin density orbitals for root   5 are written to the SPDORB.5 file

Note: The following floating-point exceptions are signalling: IEEE_UNDERFLOW_FLAG IEEE_DENORMAL
--- Stop Module: rasscf at Sun Jun 28 00:32:56 2026 /rc=_RC_ALL_IS_WELL_ ---
*** files: caspt2_S.rasscf.molden caspt2_S.rasscf.molden.1 caspt2_S.rasscf.molden.2 caspt2_S.rasscf.molden.3 caspt2_S.rasscf.molden.4 caspt2_S.rasscf.molden.5 caspt2_S.RasOrb
           caspt2_S.RasOrb.1 caspt2_S.RasOrb.2 caspt2_S.RasOrb.3 caspt2_S.RasOrb.4 caspt2_S.RasOrb.5 caspt2_S.rasscf.h5 caspt2_S.SpdOrb.1 caspt2_S.SpdOrb.2 caspt2_S.SpdOrb.3
           caspt2_S.SpdOrb.4 caspt2_S.SpdOrb.5 xmldump
    saved to directory <scratch-path-omitted>
--- Module rasscf spent 38 minutes 51 seconds ---

*** symbolic link created: INPORB -> caspt2_S.RasOrb
--- Start Module: caspt2 at Sun Jun 28 00:32:56 2026 ---

()()()()()()()()()()()()()()()()()()()()()()()()()()()()()()()()()()()()()()()()()()()()()()()()()()

                                              &CASPT2

                       only a single process is used, running in SERIAL mode
                       available to each process: 12 GB of memory, 1 thread?
                                            pid: 645522
()()()()()()()()()()()()()()()()()()()()()()()()()()()()()()()()()()()()()()()()()()()()()()()()()()


++    Wave function specifications:
      -----------------------------

      Number of closed shell electrons         128
      Number of electrons in active shells      12
      Max number of holes in RAS1 space          0
      Max number of electrons in RAS3 space      0
      Number of inactive orbitals               64
      Number of active orbitals                 12
      Number of secondary orbitals             794
      Spin quantum number                      0.0
      State symmetry                             1
      Number of CSFs                        226512
      Number of CASSCF root(s) available         5
      CASPT2 state passed to geometry opt.       5
      A file JOBMIX will be created
      This is a MULTI-STATE CASSCF reference
      Number of CI roots used                    5
      These are:                                 1   2   3   4   5
      Off-diagonal elements of Heff are computed
--

++    Orbital specifications:
      -----------------------

      Symmetry species                           1
                                                 a
      Frozen orbitals                           36
      Inactive orbitals                         64
      Active orbitals                           12
      Secondary orbitals                       794
      Deleted orbitals                           0
      Number of basis functions                906
--

++    CASPT2 specifications:
      ----------------------

      Type of calculation                        MS-CASPT2
      Fock operator                              state-specific
      IPEA shift                                 0.25
      Real shift                                 0.00
      Imaginary shift                            0.20
      The input orbitals will be transformed to quasi-canonical
--

--------------------------------------------------------------------------------
 Estimated memory requirements:
  POLY3 :                 54392696
  RHS:                  1316236000
  SIGMA :               1313208400
  PRPCTL:                        0
 Available workspace:   1348415173

++ CASPT2 computation for group   1

********************************************************************************
 Multi-State initialization phase begins for group   1
--------------------------------------------------------------------------------
********************************************************************************
 Compute H0 matrices for state    1
--------------------------------------------------------------------------------
--------------------------------------------------------------------------------
 H0 matrices have been computed.

********************************************************************************
  CASPT2 EQUATION SOLUTION
--------------------------------------------------------------------------------

  Total nr of CASPT2 parameters:
   Before reduction:  1876168956
   After  reduction:  1876107844

 Variance of |WF0>:      23.3531940251

 The contributions to the second order correlation energy in atomic units.
-----------------------------------------------------------------------------------------------------------------------------
  IT.      VJTU        VJTI        ATVX        AIVX        VJAI        BVAT        BJAT        BJAI        TOTAL       RNORM  
-----------------------------------------------------------------------------------------------------------------------------
   1    -0.029630   -0.031750   -0.010987   -0.126372   -0.396800   -0.125364   -0.703909   -3.526931   -4.951743    0.013602
   2    -0.030721   -0.031891   -0.011084   -0.127102   -0.397266   -0.125626   -0.705079   -3.527645   -4.956414    0.002336
   3    -0.030778   -0.031898   -0.011098   -0.127101   -0.397271   -0.125669   -0.705162   -3.527660   -4.956637    0.000320
   4    -0.030788   -0.031896   -0.011094   -0.127081   -0.397257   -0.125662   -0.705121   -3.527635   -4.956534    0.000049
   5    -0.030789   -0.031895   -0.011094   -0.127080   -0.397257   -0.125661   -0.705120   -3.527635   -4.956531    0.000007
-----------------------------------------------------------------------------------------------------------------------------

  FINAL CASPT2 RESULT:

      Reference energy:       -3929.6764174539
      E2 (Non-variational):      -4.9565329075
      Shift correction:          -0.0320416422
      E2 (Variational):          -4.9885745497
      Total energy:           -3934.6649920036
      Residual norm:              0.0000009973
      Reference weight:           0.38220

      Contributions to the CASPT2 correlation energy
      Active & Virtual Only:         -0.1367548349
      One Inactive Excited:          -0.8629898034
      Two Inactive Excited:          -3.9567882692


++ Denominators, etc.
--------------------------------------------------------------------------------------------------------------
 Report on small energy denominators, large coefficients, and large energy contributions.
CASE  SYMM ACTIVE-MIX  NON-ACTIVE INDICES          DENOMINATOR     RHS VALUE       COEFFICIENT     CONTRIBUTION
VJTU     1  Mu1.0002  In1.073                       0.59120808     -0.01951290      0.02799361     -0.00054624
VJTU     1  Mu1.0002  In1.092                       0.40281969      0.05360544     -0.10054345     -0.00538968
VJTU     1  Mu1.0003  In1.092                       0.41396958     -0.01500002      0.02816015     -0.00042240
VJTU     1  Mu1.0002  In1.093                       0.38507137     -0.03592691      0.07083740     -0.00254497
VJTU     1  Mu1.0002  In1.094                       0.36849584      0.01573781     -0.03183284     -0.00050098
VJTU     1  Mu1.0002  In1.095                       0.38808217     -0.03112656      0.05944282     -0.00185025
VJTU     1  Mu1.0001  In1.100                       0.29244455     -0.00238378      0.00558206     -0.00001331
VJTU     1  Mu1.0152  In1.100                       0.71814375     -0.02071006      0.02866096     -0.00059357
VJTU     1  Mu1.0154  In1.100                       0.72161526      0.01910213     -0.02623891     -0.00050122
ATVX     1  Mu1.0001  Se1.113                       0.09738632     -0.00070553      0.00184160     -0.00000130
ATVX     1  Mu1.0002  Se1.113                       0.10404661      0.00058881     -0.00077385     -0.00000046
ATVX     1  Mu1.0003  Se1.113                       0.12014584      0.00065814     -0.00157120     -0.00000103
ATVX     1  Mu1.0004  Se1.113                       0.12555932      0.00061407     -0.00150361     -0.00000092
ATVX     1  Mu1.0005  Se1.113                       0.14792558      0.00013585     -0.00061515     -0.00000008
ATVX     1  Mu1.0006  Se1.113                       0.15252562     -0.00004414      0.00024111     -0.00000001
ATVX     1  Mu1.0007  Se1.113                       0.15875897     -0.00013898      0.00050352     -0.00000007
ATVX     1  Mu1.0008  Se1.113                       0.16517237     -0.00015209      0.00034071     -0.00000005
ATVX     1  Mu1.0009  Se1.113                       0.16884760      0.00022531     -0.00065033     -0.00000015
ATVX     1  Mu1.0010  Se1.113                       0.19033370      0.00010661     -0.00037369     -0.00000004
ATVX     1  Mu1.0011  Se1.113                       0.19136471     -0.00003838      0.00005911     -0.00000000
ATVX     1  Mu1.0012  Se1.113                       0.19184548     -0.00000642     -0.00001654      0.00000000
ATVX     1  Mu1.0013  Se1.113                       0.20029717      0.00010459     -0.00020911     -0.00000002
ATVX     1  Mu1.0014  Se1.113                       0.20742085     -0.00004666      0.00013427     -0.00000001
ATVX     1  Mu1.0015  Se1.113                       0.21169027     -0.00002066      0.00003347     -0.00000000
ATVX     1  Mu1.0016  Se1.113                       0.21792800      0.00076548     -0.00181052     -0.00000139
ATVX     1  Mu1.0017  Se1.113                       0.22617033      0.00038284     -0.00094803     -0.00000036
ATVX     1  Mu1.0018  Se1.113                       0.22743221     -0.00009605      0.00020365     -0.00000002
ATVX     1  Mu1.0019  Se1.113                       0.23798290      0.00002234      0.00001551      0.00000000
ATVX     1  Mu1.0020  Se1.113                       0.23983722      0.00004916     -0.00023873     -0.00000001
ATVX     1  Mu1.0021  Se1.113                       0.24462208      0.00013618     -0.00037064     -0.00000005
ATVX     1  Mu1.0022  Se1.113                       0.24497294      0.00000702     -0.00001646     -0.00000000
ATVX     1  Mu1.0023  Se1.113                       0.25127298     -0.00006219      0.00013815     -0.00000001
ATVX     1  Mu1.0024  Se1.113                       0.25331188      0.00004794     -0.00014300     -0.00000001
ATVX     1  Mu1.0025  Se1.113                       0.25385566      0.00016043     -0.00041362     -0.00000007
ATVX     1  Mu1.0026  Se1.113                       0.25644529      0.00036821     -0.00091517     -0.00000034
ATVX     1  Mu1.0027  Se1.113                       0.25759065     -0.00037274      0.00091817     -0.00000034
ATVX     1  Mu1.0028  Se1.113                       0.26061974     -0.00065016      0.00153496     -0.00000100
ATVX     1  Mu1.0029  Se1.113                       0.26108229     -0.00007170      0.00016353     -0.00000001
ATVX     1  Mu1.0030  Se1.113                       0.26642112     -0.00009943      0.00026332     -0.00000003
ATVX     1  Mu1.0031  Se1.113                       0.26907598      0.00003234     -0.00004336     -0.00000000
ATVX     1  Mu1.0032  Se1.113                       0.27606727      0.00010706     -0.00022427     -0.00000002
ATVX     1  Mu1.0033  Se1.113                       0.27904187      0.00010272     -0.00019088     -0.00000002
ATVX     1  Mu1.0034  Se1.113                       0.28024444      0.00032122     -0.00069658     -0.00000022
ATVX     1  Mu1.0035  Se1.113                       0.29251758      0.00035363     -0.00082774     -0.00000029
ATVX     1  Mu1.0036  Se1.113                       0.29914002     -0.00006437      0.00012648     -0.00000001
ATVX     1  Mu1.0001  Se1.114                       0.13089559      0.00019290     -0.00041314     -0.00000008
ATVX     1  Mu1.0002  Se1.114                       0.13755587     -0.00008072      0.00019494     -0.00000002
ATVX     1  Mu1.0003  Se1.114                       0.15365511      0.00004101     -0.00010800     -0.00000000
ATVX     1  Mu1.0004  Se1.114                       0.15906859     -0.00010544      0.00026253     -0.00000003
ATVX     1  Mu1.0005  Se1.114                       0.18143485     -0.00016534      0.00044970     -0.00000007
ATVX     1  Mu1.0006  Se1.114                       0.18603489      0.00003244     -0.00009498     -0.00000000
ATVX     1  Mu1.0007  Se1.114                       0.19226824     -0.00000342     -0.00000683      0.00000000
ATVX     1  Mu1.0008  Se1.114                       0.19868163     -0.00000733      0.00004303     -0.00000000
ATVX     1  Mu1.0009  Se1.114                       0.20235687      0.00001646     -0.00001973     -0.00000000
ATVX     1  Mu1.0010  Se1.114                       0.22384296     -0.00012251      0.00030852     -0.00000004
ATVX     1  Mu1.0011  Se1.114                       0.22487398      0.00019038     -0.00044775     -0.00000009
ATVX     1  Mu1.0012  Se1.114                       0.22535475      0.00074385     -0.00181464     -0.00000135
ATVX     1  Mu1.0013  Se1.114                       0.23380643      0.00000026     -0.00000999     -0.00000000
ATVX     1  Mu1.0014  Se1.114                       0.24093012      0.00002981     -0.00006678     -0.00000000
ATVX     1  Mu1.0015  Se1.114                       0.24519954      0.00043740     -0.00103508     -0.00000045
ATVX     1  Mu1.0016  Se1.114                       0.25143727      0.00002328     -0.00003764     -0.00000000
ATVX     1  Mu1.0017  Se1.114                       0.25967960      0.00002996     -0.00004299     -0.00000000
ATVX     1  Mu1.0018  Se1.114                       0.26094148     -0.00000543      0.00002435     -0.00000000
ATVX     1  Mu1.0019  Se1.114                       0.27149217      0.00003553     -0.00009058     -0.00000000
ATVX     1  Mu1.0020  Se1.114                       0.27334649      0.00003874     -0.00010373     -0.00000000
ATVX     1  Mu1.0021  Se1.114                       0.27813134      0.00000132     -0.00000249     -0.00000000
ATVX     1  Mu1.0022  Se1.114                       0.27848221     -0.00016516      0.00040162     -0.00000007
ATVX     1  Mu1.0023  Se1.114                       0.28478224      0.00056986     -0.00124819     -0.00000071
ATVX     1  Mu1.0024  Se1.114                       0.28682115     -0.00057345      0.00133216     -0.00000076
ATVX     1  Mu1.0025  Se1.114                       0.28736493     -0.00003035      0.00007725     -0.00000000
ATVX     1  Mu1.0026  Se1.114                       0.28995456      0.00000914     -0.00002274     -0.00000000
ATVX     1  Mu1.0027  Se1.114                       0.29109992     -0.00011048      0.00027205     -0.00000003
ATVX     1  Mu1.0028  Se1.114                       0.29412900      0.00000252     -0.00000587     -0.00000000
ATVX     1  Mu1.0029  Se1.114                       0.29459155      0.00002246     -0.00005487     -0.00000000
ATVX     1  Mu1.0030  Se1.114                       0.29993039      0.00002212     -0.00005549     -0.00000000
ATVX     1  Mu1.0001  Se1.115                       0.13507859     -0.00006708      0.00014875     -0.00000001
ATVX     1  Mu1.0002  Se1.115                       0.14173887     -0.00000069      0.00072805     -0.00000000
ATVX     1  Mu1.0003  Se1.115                       0.15783810      0.00060560     -0.00138345     -0.00000084
ATVX     1  Mu1.0004  Se1.115                       0.16325158      0.00015831     -0.00008533     -0.00000001
ATVX     1  Mu1.0005  Se1.115                       0.18561785     -0.00111324      0.00305827     -0.00000340
ATVX     1  Mu1.0006  Se1.115                       0.19021789      0.00004186     -0.00009796     -0.00000000
ATVX     1  Mu1.0007  Se1.115                       0.19645124     -0.00024058      0.00074486     -0.00000018
ATVX     1  Mu1.0008  Se1.115                       0.20286463      0.00009283     -0.00010144     -0.00000001
ATVX     1  Mu1.0009  Se1.115                       0.20653987      0.00015977     -0.00041300     -0.00000007
ATVX     1  Mu1.0010  Se1.115                       0.22802596      0.00011716     -0.00032059     -0.00000004
ATVX     1  Mu1.0011  Se1.115                       0.22905697     -0.00000747     -0.00001347      0.00000000
ATVX     1  Mu1.0012  Se1.115                       0.22953775      0.00002399     -0.00006183     -0.00000000
ATVX     1  Mu1.0013  Se1.115                       0.23798943      0.00006201     -0.00011642     -0.00000001
ATVX     1  Mu1.0014  Se1.115                       0.24511312      0.00010865     -0.00035054     -0.00000004
ATVX     1  Mu1.0015  Se1.115                       0.24938254     -0.00002528      0.00005114     -0.00000000
ATVX     1  Mu1.0016  Se1.115                       0.25562027      0.00024454     -0.00059420     -0.00000015
ATVX     1  Mu1.0017  Se1.115                       0.26386260     -0.00005494      0.00014991     -0.00000001
ATVX     1  Mu1.0018  Se1.115                       0.26512448      0.00009817     -0.00017698     -0.00000002
ATVX     1  Mu1.0019  Se1.115                       0.27567517      0.00027441     -0.00074407     -0.00000020
ATVX     1  Mu1.0020  Se1.115                       0.27752948      0.00063338     -0.00163746     -0.00000104
ATVX     1  Mu1.0021  Se1.115                       0.28231434      0.00006593     -0.00020389     -0.00000001
ATVX     1  Mu1.0022  Se1.115                       0.28266521      0.00001865     -0.00006613     -0.00000000
ATVX     1  Mu1.0023  Se1.115                       0.28896524     -0.00002493      0.00003958     -0.00000000
ATVX     1  Mu1.0024  Se1.115                       0.29100415     -0.00004239      0.00008027     -0.00000000
ATVX     1  Mu1.0025  Se1.115                       0.29154792     -0.00004280      0.00011271     -0.00000000
ATVX     1  Mu1.0026  Se1.115                       0.29413756     -0.00031849      0.00083583     -0.00000027
ATVX     1  Mu1.0027  Se1.115                       0.29528292     -0.00015885      0.00039752     -0.00000006
ATVX     1  Mu1.0028  Se1.115                       0.29831200     -0.00021789      0.00042089     -0.00000009
ATVX     1  Mu1.0029  Se1.115                       0.29877455     -0.00001929      0.00004354     -0.00000000
ATVX     1  Mu1.0001  Se1.116                       0.14006476     -0.00014022      0.00071539     -0.00000010
ATVX     1  Mu1.0002  Se1.116                       0.14672504      0.00055112     -0.00115951     -0.00000064
ATVX     1  Mu1.0003  Se1.116                       0.16282428      0.00021454      0.00040879      0.00000009
ATVX     1  Mu1.0004  Se1.116                       0.16823776      0.00059596     -0.00145091     -0.00000086
ATVX     1  Mu1.0005  Se1.116                       0.19060402      0.00118021     -0.00307558     -0.00000363
ATVX     1  Mu1.0006  Se1.116                       0.19520406     -0.00009030     -0.00003772      0.00000000
ATVX     1  Mu1.0007  Se1.116                       0.20143741      0.00008162     -0.00032941     -0.00000003
ATVX     1  Mu1.0008  Se1.116                       0.20785080      0.00031487     -0.00083593     -0.00000026
ATVX     1  Mu1.0009  Se1.116                       0.21152604     -0.00000803      0.00000895     -0.00000000
ATVX     1  Mu1.0010  Se1.116                       0.23301213      0.00074928     -0.00211193     -0.00000158
ATVX     1  Mu1.0011  Se1.116                       0.23404315      0.00009318     -0.00024330     -0.00000002
ATVX     1  Mu1.0012  Se1.116                       0.23452392      0.00005271     -0.00012772     -0.00000001
ATVX     1  Mu1.0013  Se1.116                       0.24297560     -0.00005276      0.00021865     -0.00000001
ATVX     1  Mu1.0014  Se1.116                       0.25009929      0.00029199     -0.00086901     -0.00000025
ATVX     1  Mu1.0015  Se1.116                       0.25436871      0.00001117      0.00000022      0.00000000
ATVX     1  Mu1.0016  Se1.116                       0.26060644      0.00006947     -0.00015209     -0.00000001
ATVX     1  Mu1.0017  Se1.116                       0.26884877      0.00011422     -0.00032957     -0.00000004
ATVX     1  Mu1.0018  Se1.116                       0.27011065      0.00000673     -0.00007209     -0.00000000
ATVX     1  Mu1.0019  Se1.116                       0.28066134     -0.00006379      0.00020650     -0.00000001
ATVX     1  Mu1.0020  Se1.116                       0.28251566     -0.00035526      0.00082038     -0.00000029
ATVX     1  Mu1.0021  Se1.116                       0.28730051      0.00004089     -0.00011144     -0.00000000
ATVX     1  Mu1.0022  Se1.116                       0.28765138     -0.00002541      0.00004908     -0.00000000
ATVX     1  Mu1.0023  Se1.116                       0.29395141     -0.00006330      0.00014849     -0.00000001
ATVX     1  Mu1.0024  Se1.116                       0.29599032      0.00003018     -0.00003400     -0.00000000
ATVX     1  Mu1.0025  Se1.116                       0.29653410     -0.00000226      0.00009534     -0.00000000
ATVX     1  Mu1.0026  Se1.116                       0.29912373      0.00037173     -0.00087891     -0.00000033
ATVX     1  Mu1.0001  Se1.117                       0.14356151     -0.00000112     -0.00000011      0.00000000
ATVX     1  Mu1.0002  Se1.117                       0.15022179     -0.00000813      0.00001968     -0.00000000
ATVX     1  Mu1.0003  Se1.117                       0.16632102      0.00000792     -0.00002154     -0.00000000
ATVX     1  Mu1.0004  Se1.117                       0.17173450      0.00000042      0.00000041      0.00000000
ATVX     1  Mu1.0005  Se1.117                       0.19410076     -0.00001433      0.00003976     -0.00000000
ATVX     1  Mu1.0006  Se1.117                       0.19870080     -0.00000310      0.00000373     -0.00000000
ATVX     1  Mu1.0007  Se1.117                       0.20493415     -0.00000544      0.00001662     -0.00000000
ATVX     1  Mu1.0008  Se1.117                       0.21134755     -0.00000765      0.00001857     -0.00000000
ATVX     1  Mu1.0009  Se1.117                       0.21502278      0.00000048     -0.00000034     -0.00000000
ATVX     1  Mu1.0010  Se1.117                       0.23650888     -0.00001011      0.00002602     -0.00000000
ATVX     1  Mu1.0011  Se1.117                       0.23753989      0.00008643     -0.00022249     -0.00000002
ATVX     1  Mu1.0012  Se1.117                       0.23802066     -0.00017537      0.00041405     -0.00000007
ATVX     1  Mu1.0013  Se1.117                       0.24647235      0.00000071     -0.00000311     -0.00000000
ATVX     1  Mu1.0014  Se1.117                       0.25359604      0.00001129     -0.00002600     -0.00000000
ATVX     1  Mu1.0015  Se1.117                       0.25786546      0.00010392     -0.00026324     -0.00000003
ATVX     1  Mu1.0016  Se1.117                       0.26410319     -0.00000332      0.00000647     -0.00000000
ATVX     1  Mu1.0017  Se1.117                       0.27234551      0.00000532     -0.00000869     -0.00000000
ATVX     1  Mu1.0018  Se1.117                       0.27360739      0.00000171     -0.00000310     -0.00000000
ATVX     1  Mu1.0019  Se1.117                       0.28415808      0.00000229     -0.00000676     -0.00000000
ATVX     1  Mu1.0020  Se1.117                       0.28601240      0.00001048     -0.00002487     -0.00000000
ATVX     1  Mu1.0021  Se1.117                       0.29079726     -0.00000099      0.00000062     -0.00000000
ATVX     1  Mu1.0022  Se1.117                       0.29114813     -0.00000037      0.00000714     -0.00000000
ATVX     1  Mu1.0023  Se1.117                       0.29744816     -0.00019437      0.00041983     -0.00000008
ATVX     1  Mu1.0024  Se1.117                       0.29948706     -0.00008435      0.00017810     -0.00000002
ATVX     1  Mu1.0001  Se1.118                       0.15312366      0.00002933     -0.00006289     -0.00000000
ATVX     1  Mu1.0002  Se1.118                       0.15978394     -0.00003052      0.00008170     -0.00000000
ATVX     1  Mu1.0003  Se1.118                       0.17588317      0.00002072     -0.00005353     -0.00000000
ATVX     1  Mu1.0004  Se1.118                       0.18129665     -0.00002232      0.00005801     -0.00000000
ATVX     1  Mu1.0005  Se1.118                       0.20366292     -0.00004984      0.00013809     -0.00000001
ATVX     1  Mu1.0006  Se1.118                       0.20826295      0.00000245     -0.00001205     -0.00000000
ATVX     1  Mu1.0007  Se1.118                       0.21449631     -0.00000588      0.00001553     -0.00000000
ATVX     1  Mu1.0008  Se1.118                       0.22090970     -0.00000047      0.00000356     -0.00000000
ATVX     1  Mu1.0009  Se1.118                       0.22458494      0.00000843     -0.00001565     -0.00000000
ATVX     1  Mu1.0010  Se1.118                       0.24607103     -0.00002034      0.00005169     -0.00000000
ATVX     1  Mu1.0011  Se1.118                       0.24710204     -0.00006420      0.00011954     -0.00000001
ATVX     1  Mu1.0012  Se1.118                       0.24758282      0.00032740     -0.00077461     -0.00000025
ATVX     1  Mu1.0013  Se1.118                       0.25603450      0.00000463     -0.00001695     -0.00000000
ATVX     1  Mu1.0014  Se1.118                       0.26315819      0.00001052     -0.00002300     -0.00000000
ATVX     1  Mu1.0015  Se1.118                       0.26742761      0.00007759     -0.00020093     -0.00000002
ATVX     1  Mu1.0016  Se1.118                       0.27366534      0.00000848     -0.00001913     -0.00000000
ATVX     1  Mu1.0017  Se1.118                       0.28190767      0.00001440     -0.00002260     -0.00000000
ATVX     1  Mu1.0018  Se1.118                       0.28316955     -0.00000098      0.00000376     -0.00000000
ATVX     1  Mu1.0019  Se1.118                       0.29372023      0.00000596     -0.00001642     -0.00000000
ATVX     1  Mu1.0020  Se1.118                       0.29557455      0.00001780     -0.00004567     -0.00000000
ATVX     1  Mu1.0001  Se1.119                       0.15270813      0.00005391     -0.00049697     -0.00000003
ATVX     1  Mu1.0002  Se1.119                       0.15936841      0.00000071      0.00035351      0.00000000
ATVX     1  Mu1.0003  Se1.119                       0.17546765      0.00031419     -0.00067985     -0.00000021
ATVX     1  Mu1.0004  Se1.119                       0.18088113      0.00006237      0.00021020      0.00000001
ATVX     1  Mu1.0005  Se1.119                       0.20324739     -0.00071788      0.00195249     -0.00000140
ATVX     1  Mu1.0006  Se1.119                       0.20784743      0.00002554     -0.00007658     -0.00000000
ATVX     1  Mu1.0007  Se1.119                       0.21408078     -0.00018490      0.00051475     -0.00000010
ATVX     1  Mu1.0008  Se1.119                       0.22049417      0.00012166     -0.00009668     -0.00000001
ATVX     1  Mu1.0009  Se1.119                       0.22416941      0.00008616     -0.00019717     -0.00000002
ATVX     1  Mu1.0010  Se1.119                       0.24565550      0.00006010     -0.00011038     -0.00000001
ATVX     1  Mu1.0011  Se1.119                       0.24668652     -0.00000773      0.00000639     -0.00000000
ATVX     1  Mu1.0012  Se1.119                       0.24716729      0.00000752     -0.00001839     -0.00000000
ATVX     1  Mu1.0013  Se1.119                       0.25561897      0.00001833      0.00000010      0.00000000
ATVX     1  Mu1.0014  Se1.119                       0.26274266      0.00011418     -0.00034383     -0.00000004
ATVX     1  Mu1.0015  Se1.119                       0.26701208     -0.00002470      0.00005239     -0.00000000
ATVX     1  Mu1.0016  Se1.119                       0.27324981      0.00006137     -0.00019201     -0.00000001
ATVX     1  Mu1.0017  Se1.119                       0.28149214     -0.00005571      0.00020232     -0.00000001
ATVX     1  Mu1.0018  Se1.119                       0.28275402      0.00005184     -0.00004151     -0.00000000
ATVX     1  Mu1.0019  Se1.119                       0.29330471      0.00017527     -0.00046954     -0.00000008
ATVX     1  Mu1.0020  Se1.119                       0.29515903      0.00047579     -0.00114945     -0.00000055
ATVX     1  Mu1.0021  Se1.119                       0.29994388      0.00003337     -0.00008885     -0.00000000
ATVX     1  Mu1.0001  Se1.120                       0.15923305     -0.00000190     -0.00000644      0.00000000
ATVX     1  Mu1.0002  Se1.120                       0.16589333     -0.00001083      0.00002065     -0.00000000
ATVX     1  Mu1.0003  Se1.120                       0.18199256      0.00001100     -0.00002067     -0.00000000
ATVX     1  Mu1.0004  Se1.120                       0.18740604      0.00000473     -0.00000689     -0.00000000
ATVX     1  Mu1.0005  Se1.120                       0.20977231      0.00000084     -0.00000230     -0.00000000
ATVX     1  Mu1.0006  Se1.120                       0.21437235     -0.00001086      0.00001896     -0.00000000
ATVX     1  Mu1.0007  Se1.120                       0.22060570     -0.00000802      0.00002156     -0.00000000
ATVX     1  Mu1.0008  Se1.120                       0.22701909     -0.00001010      0.00002522     -0.00000000
ATVX     1  Mu1.0009  Se1.120                       0.23069433     -0.00000073      0.00000366     -0.00000000
ATVX     1  Mu1.0010  Se1.120                       0.25218042     -0.00000962      0.00002502     -0.00000000
ATVX     1  Mu1.0011  Se1.120                       0.25321143      0.00012624     -0.00032323     -0.00000004
ATVX     1  Mu1.0012  Se1.120                       0.25369221     -0.00032468      0.00075484     -0.00000025
ATVX     1  Mu1.0013  Se1.120                       0.26214389      0.00000159     -0.00000559     -0.00000000
ATVX     1  Mu1.0014  Se1.120                       0.26926758      0.00002303     -0.00005154     -0.00000000
ATVX     1  Mu1.0015  Se1.120                       0.27353700      0.00016333     -0.00040957     -0.00000007
ATVX     1  Mu1.0016  Se1.120                       0.27977473     -0.00000538      0.00001235     -0.00000000
ATVX     1  Mu1.0017  Se1.120                       0.28801706      0.00001323     -0.00002106     -0.00000000
ATVX     1  Mu1.0018  Se1.120                       0.28927894      0.00000081     -0.00000069     -0.00000000
ATVX     1  Mu1.0019  Se1.120                       0.29982963     -0.00000055      0.00000005     -0.00000000
ATVX     1  Mu1.0001  Se1.121                       0.16895768      0.00008849     -0.00017115     -0.00000002
ATVX     1  Mu1.0002  Se1.121                       0.17561796     -0.00007009      0.00017979     -0.00000001
ATVX     1  Mu1.0003  Se1.121                       0.19171719      0.00008417     -0.00026002     -0.00000002
ATVX     1  Mu1.0004  Se1.121                       0.19713067     -0.00002765      0.00005972     -0.00000000
ATVX     1  Mu1.0005  Se1.121                       0.21949694     -0.00015293      0.00046976     -0.00000007
ATVX     1  Mu1.0006  Se1.121                       0.22409697      0.00000858     -0.00005460     -0.00000000
ATVX     1  Mu1.0007  Se1.121                       0.23033032     -0.00004162      0.00010937     -0.00000000
ATVX     1  Mu1.0008  Se1.121                       0.23674372     -0.00001547      0.00004906     -0.00000000
ATVX     1  Mu1.0009  Se1.121                       0.24041896      0.00000288      0.00000898      0.00000000
ATVX     1  Mu1.0010  Se1.121                       0.26190505     -0.00003168      0.00007197     -0.00000000
ATVX     1  Mu1.0011  Se1.121                       0.26293606     -0.00004502      0.00010654     -0.00000000
ATVX     1  Mu1.0012  Se1.121                       0.26341683     -0.00059878      0.00141024     -0.00000084
ATVX     1  Mu1.0013  Se1.121                       0.27186852      0.00000501     -0.00002179     -0.00000000
ATVX     1  Mu1.0014  Se1.121                       0.27899221      0.00003195     -0.00006522     -0.00000000
ATVX     1  Mu1.0015  Se1.121                       0.28326163      0.00039107     -0.00093286     -0.00000036
ATVX     1  Mu1.0016  Se1.121                       0.28949936     -0.00001558      0.00003367     -0.00000000
ATVX     1  Mu1.0017  Se1.121                       0.29774168      0.00000456      0.00000267      0.00000000
ATVX     1  Mu1.0018  Se1.121                       0.29900356      0.00000795     -0.00001686     -0.00000000
ATVX     1  Mu1.0001  Se1.122                       0.17747657     -0.00002517     -0.00016452      0.00000000
ATVX     1  Mu1.0002  Se1.122                       0.18413685      0.00035146     -0.00086132     -0.00000030
ATVX     1  Mu1.0003  Se1.122                       0.20023608      0.00013781      0.00019627      0.00000003
ATVX     1  Mu1.0004  Se1.122                       0.20564956      0.00032324     -0.00057943     -0.00000019
ATVX     1  Mu1.0005  Se1.122                       0.22801582      0.00057847     -0.00154193     -0.00000089
ATVX     1  Mu1.0006  Se1.122                       0.23261586     -0.00002990     -0.00008497      0.00000000
ATVX     1  Mu1.0007  Se1.122                       0.23884921     -0.00000732     -0.00011668      0.00000000
ATVX     1  Mu1.0008  Se1.122                       0.24526261      0.00021610     -0.00042165     -0.00000009
ATVX     1  Mu1.0009  Se1.122                       0.24893784     -0.00005873      0.00016546     -0.00000001
ATVX     1  Mu1.0010  Se1.122                       0.27042394      0.00032585     -0.00082961     -0.00000027
ATVX     1  Mu1.0011  Se1.122                       0.27145495      0.00004541     -0.00010186     -0.00000000
ATVX     1  Mu1.0012  Se1.122                       0.27193572      0.00002454     -0.00005296     -0.00000000
ATVX     1  Mu1.0013  Se1.122                       0.28038741     -0.00004307      0.00016514     -0.00000001
ATVX     1  Mu1.0014  Se1.122                       0.28751110      0.00015447     -0.00044227     -0.00000007
ATVX     1  Mu1.0015  Se1.122                       0.29178051      0.00001097     -0.00000945     -0.00000000
ATVX     1  Mu1.0016  Se1.122                       0.29801825     -0.00007414      0.00011904     -0.00000001
ATVX     1  Mu1.0001  Se1.123                       0.17921762     -0.00005911      0.00010414     -0.00000001
ATVX     1  Mu1.0002  Se1.123                       0.18587790     -0.00000724     -0.00001639      0.00000000
ATVX     1  Mu1.0003  Se1.123                       0.20197714     -0.00003314      0.00013259     -0.00000000
ATVX     1  Mu1.0004  Se1.123                       0.20739062      0.00001911     -0.00004990     -0.00000000
ATVX     1  Mu1.0005  Se1.123                       0.22975688      0.00009668     -0.00027978     -0.00000003
ATVX     1  Mu1.0006  Se1.123                       0.23435692     -0.00003794      0.00006455     -0.00000000
ATVX     1  Mu1.0007  Se1.123                       0.24059027      0.00000238      0.00000661      0.00000000
ATVX     1  Mu1.0008  Se1.123                       0.24700367     -0.00004497      0.00008242     -0.00000000
ATVX     1  Mu1.0009  Se1.123                       0.25067890     -0.00002264      0.00004035     -0.00000000
ATVX     1  Mu1.0010  Se1.123                       0.27216499     -0.00001773      0.00003965     -0.00000000
ATVX     1  Mu1.0011  Se1.123                       0.27319601      0.00051141     -0.00127221     -0.00000065
ATVX     1  Mu1.0012  Se1.123                       0.27367678     -0.00116792      0.00270457     -0.00000316
ATVX     1  Mu1.0013  Se1.123                       0.28212846     -0.00002647      0.00005475     -0.00000000
ATVX     1  Mu1.0014  Se1.123                       0.28925215      0.00010510     -0.00022639     -0.00000002
ATVX     1  Mu1.0015  Se1.123                       0.29352157      0.00082983     -0.00199455     -0.00000166
ATVX     1  Mu1.0016  Se1.123                       0.29975930     -0.00002936      0.00005953     -0.00000000
ATVX     1  Mu1.0001  Se1.124                       0.18691647     -0.00018994     -0.00081386      0.00000015
ATVX     1  Mu1.0002  Se1.124                       0.19357675     -0.00035572      0.00067584     -0.00000024
ATVX     1  Mu1.0003  Se1.124                       0.20967599      0.00008437     -0.00005092     -0.00000000
ATVX     1  Mu1.0004  Se1.124                       0.21508947      0.00014879      0.00036136      0.00000005
ATVX     1  Mu1.0005  Se1.124                       0.23745573     -0.00075118      0.00202941     -0.00000152
ATVX     1  Mu1.0006  Se1.124                       0.24205577      0.00005609     -0.00018228     -0.00000001
ATVX     1  Mu1.0007  Se1.124                       0.24828912     -0.00028781      0.00072058     -0.00000021
ATVX     1  Mu1.0008  Se1.124                       0.25470252      0.00061314     -0.00098127     -0.00000060
ATVX     1  Mu1.0009  Se1.124                       0.25837775      0.00022585     -0.00048243     -0.00000011
ATVX     1  Mu1.0010  Se1.124                       0.27986384      0.00023033     -0.00039482     -0.00000009
ATVX     1  Mu1.0011  Se1.124                       0.28089486      0.00001392     -0.00003226     -0.00000000
ATVX     1  Mu1.0012  Se1.124                       0.28137563     -0.00000940      0.00002630     -0.00000000
ATVX     1  Mu1.0013  Se1.124                       0.28982731      0.00005712     -0.00004169     -0.00000000
ATVX     1  Mu1.0014  Se1.124                       0.29695100      0.00008749     -0.00032863     -0.00000003
ATVX     1  Mu1.0001  Se1.125                       0.18856726      0.00000239     -0.00000353     -0.00000000
ATVX     1  Mu1.0002  Se1.125                       0.19522754     -0.00001539      0.00003626     -0.00000000
ATVX     1  Mu1.0003  Se1.125                       0.21132677      0.00000464     -0.00000756     -0.00000000
ATVX     1  Mu1.0004  Se1.125                       0.21674025     -0.00000892      0.00002213     -0.00000000
ATVX     1  Mu1.0005  Se1.125                       0.23910652      0.00001270     -0.00002556     -0.00000000
ATVX     1  Mu1.0006  Se1.125                       0.24370655     -0.00000945      0.00001722     -0.00000000
ATVX     1  Mu1.0007  Se1.125                       0.24993990      0.00000024     -0.00000197     -0.00000000
ATVX     1  Mu1.0008  Se1.125                       0.25635330      0.00000533     -0.00001492     -0.00000000
ATVX     1  Mu1.0009  Se1.125                       0.26002854      0.00000628     -0.00001248     -0.00000000
ATVX     1  Mu1.0010  Se1.125                       0.28151463     -0.00000506      0.00001380     -0.00000000
ATVX     1  Mu1.0011  Se1.125                       0.28254564     -0.00012793      0.00025177     -0.00000003
ATVX     1  Mu1.0012  Se1.125                       0.28302642      0.00039480     -0.00089737     -0.00000035
ATVX     1  Mu1.0013  Se1.125                       0.29147810      0.00000665     -0.00002150     -0.00000000
ATVX     1  Mu1.0014  Se1.125                       0.29860179      0.00000526     -0.00001026     -0.00000000
ATVX     1  Mu1.0001  Se1.126                       0.19463174     -0.00072476      0.00042716     -0.00000031
ATVX     1  Mu1.0002  Se1.126                       0.20129203     -0.00070024      0.00086787     -0.00000061
ATVX     1  Mu1.0003  Se1.126                       0.21739126     -0.00049486      0.00141531     -0.00000070
ATVX     1  Mu1.0004  Se1.126                       0.22280474      0.00026482     -0.00003886     -0.00000001
ATVX     1  Mu1.0005  Se1.126                       0.24517100     -0.00007388      0.00021493     -0.00000002
ATVX     1  Mu1.0006  Se1.126                       0.24977104     -0.00005399      0.00011553     -0.00000001
ATVX     1  Mu1.0007  Se1.126                       0.25600439     -0.00021132      0.00057354     -0.00000012
ATVX     1  Mu1.0008  Se1.126                       0.26241779      0.00103436     -0.00195806     -0.00000203
ATVX     1  Mu1.0009  Se1.126                       0.26609302      0.00042966     -0.00097799     -0.00000042
ATVX     1  Mu1.0010  Se1.126                       0.28757912      0.00058152     -0.00125517     -0.00000073
ATVX     1  Mu1.0011  Se1.126                       0.28861013      0.00006038     -0.00014211     -0.00000001
ATVX     1  Mu1.0012  Se1.126                       0.28909090     -0.00001992      0.00005071     -0.00000000
ATVX     1  Mu1.0013  Se1.126                       0.29754259      0.00013293     -0.00018104     -0.00000002
ATVX     1  Mu1.0001  Se1.127                       0.20533939      0.00016187      0.00029359      0.00000005
ATVX     1  Mu1.0002  Se1.127                       0.21199967     -0.00020413      0.00052508     -0.00000011
ATVX     1  Mu1.0003  Se1.127                       0.22809890     -0.00046107      0.00044704     -0.00000021
ATVX     1  Mu1.0004  Se1.127                       0.23351238     -0.00044300      0.00054595     -0.00000024
ATVX     1  Mu1.0005  Se1.127                       0.25587864      0.00034820     -0.00115831     -0.00000040
ATVX     1  Mu1.0006  Se1.127                       0.26047868     -0.00027521      0.00105845     -0.00000029
ATVX     1  Mu1.0007  Se1.127                       0.26671203      0.00009420     -0.00002685     -0.00000000
ATVX     1  Mu1.0008  Se1.127                       0.27312543     -0.00025350      0.00030162     -0.00000008
ATVX     1  Mu1.0009  Se1.127                       0.27680066      0.00009222     -0.00028696     -0.00000003
ATVX     1  Mu1.0010  Se1.127                       0.29828676     -0.00032411      0.00068696     -0.00000022
ATVX     1  Mu1.0011  Se1.127                       0.29931777     -0.00005250      0.00009570     -0.00000001
ATVX     1  Mu1.0012  Se1.127                       0.29979854     -0.00004559      0.00009368     -0.00000000
ATVX     1  Mu1.0001  Se1.128                       0.20710105     -0.00001537     -0.00003591      0.00000000
ATVX     1  Mu1.0002  Se1.128                       0.21376133      0.00004371     -0.00013028     -0.00000001
ATVX     1  Mu1.0003  Se1.128                       0.22986057     -0.00007630      0.00023758     -0.00000002
ATVX     1  Mu1.0004  Se1.128                       0.23527405     -0.00000422      0.00003225     -0.00000000
ATVX     1  Mu1.0005  Se1.128                       0.25764031      0.00011561     -0.00034668     -0.00000004
ATVX     1  Mu1.0006  Se1.128                       0.26224035     -0.00001489      0.00004145     -0.00000000
ATVX     1  Mu1.0007  Se1.128                       0.26847370      0.00002235     -0.00006255     -0.00000000
ATVX     1  Mu1.0008  Se1.128                       0.27488709     -0.00000960      0.00002296     -0.00000000
ATVX     1  Mu1.0009  Se1.128                       0.27856233     -0.00001005      0.00001733     -0.00000000
ATVX     1  Mu1.0001  Se1.129                       0.21613608      0.00001813     -0.00008704     -0.00000000
ATVX     1  Mu1.0002  Se1.129                       0.22279636      0.00001716     -0.00003193     -0.00000000
ATVX     1  Mu1.0003  Se1.129                       0.23889559     -0.00001977      0.00004266     -0.00000000
ATVX     1  Mu1.0004  Se1.129                       0.24430907      0.00000846      0.00000608      0.00000000
ATVX     1  Mu1.0005  Se1.129                       0.26667534     -0.00005873      0.00012371     -0.00000001
ATVX     1  Mu1.0006  Se1.129                       0.27127537      0.00002786     -0.00004498     -0.00000000
ATVX     1  Mu1.0007  Se1.129                       0.27750873     -0.00000663      0.00001582     -0.00000000
ATVX     1  Mu1.0008  Se1.129                       0.28392212     -0.00000807      0.00004355     -0.00000000
ATVX     1  Mu1.0009  Se1.129                       0.28759736     -0.00000460      0.00001338     -0.00000000
ATVX     1  Mu1.0001  Se1.130                       0.21891238      0.00004013      0.00023619      0.00000001
ATVX     1  Mu1.0002  Se1.130                       0.22557266     -0.00030176      0.00069468     -0.00000021
ATVX     1  Mu1.0003  Se1.130                       0.24167189      0.00026159     -0.00101202     -0.00000026
ATVX     1  Mu1.0004  Se1.130                       0.24708537     -0.00015824      0.00016678     -0.00000003
ATVX     1  Mu1.0005  Se1.130                       0.26945164     -0.00080333      0.00224188     -0.00000180
ATVX     1  Mu1.0006  Se1.130                       0.27405167      0.00018495     -0.00042535     -0.00000008
ATVX     1  Mu1.0007  Se1.130                       0.28028502      0.00004362      0.00003232      0.00000000
ATVX     1  Mu1.0008  Se1.130                       0.28669842     -0.00020760      0.00042469     -0.00000009
ATVX     1  Mu1.0009  Se1.130                       0.29037366      0.00006000     -0.00015732     -0.00000001
ATVX     1  Mu1.0001  Se1.131                       0.22033238      0.00001339     -0.00003329     -0.00000000
ATVX     1  Mu1.0002  Se1.131                       0.22699266      0.00000139     -0.00000152     -0.00000000
ATVX     1  Mu1.0003  Se1.131                       0.24309190     -0.00000985      0.00002302     -0.00000000
ATVX     1  Mu1.0004  Se1.131                       0.24850538     -0.00000998      0.00002422     -0.00000000
ATVX     1  Mu1.0005  Se1.131                       0.27087164     -0.00000914      0.00002637     -0.00000000
ATVX     1  Mu1.0006  Se1.131                       0.27547168      0.00000699     -0.00001942     -0.00000000
ATVX     1  Mu1.0007  Se1.131                       0.28170503      0.00000238     -0.00000544     -0.00000000
ATVX     1  Mu1.0008  Se1.131                       0.28811843     -0.00000305      0.00000691     -0.00000000
ATVX     1  Mu1.0009  Se1.131                       0.29179366     -0.00000592      0.00001155     -0.00000000
ATVX     1  Mu1.0001  Se1.132                       0.22825994     -0.00008121     -0.00122852      0.00000010
ATVX     1  Mu1.0002  Se1.132                       0.23492022      0.00036562     -0.00120505     -0.00000044
ATVX     1  Mu1.0003  Se1.132                       0.25101945     -0.00011791      0.00055190     -0.00000007
ATVX     1  Mu1.0004  Se1.132                       0.25643293      0.00029815      0.00001937      0.00000001
ATVX     1  Mu1.0005  Se1.132                       0.27879919      0.00056908     -0.00181167     -0.00000103
ATVX     1  Mu1.0006  Se1.132                       0.28339923     -0.00050537      0.00119015     -0.00000060
ATVX     1  Mu1.0007  Se1.132                       0.28963258     -0.00041710      0.00114855     -0.00000048
ATVX     1  Mu1.0008  Se1.132                       0.29604598      0.00034358     -0.00011637     -0.00000004
ATVX     1  Mu1.0009  Se1.132                       0.29972122      0.00039518     -0.00087171     -0.00000034
ATVX     1  Mu1.0001  Se1.133                       0.22844913      0.00025524     -0.00006153     -0.00000002
ATVX     1  Mu1.0002  Se1.133                       0.23510941     -0.00031730      0.00071557     -0.00000023
ATVX     1  Mu1.0003  Se1.133                       0.25120864      0.00055608     -0.00177049     -0.00000098
ATVX     1  Mu1.0004  Se1.133                       0.25662212     -0.00018253      0.00008793     -0.00000002
ATVX     1  Mu1.0005  Se1.133                       0.27898838     -0.00094691      0.00270823     -0.00000256
ATVX     1  Mu1.0006  Se1.133                       0.28358842      0.00038152     -0.00090817     -0.00000035
ATVX     1  Mu1.0007  Se1.133                       0.28982177      0.00017775     -0.00033557     -0.00000006
ATVX     1  Mu1.0008  Se1.133                       0.29623517     -0.00025210      0.00041630     -0.00000010
ATVX     1  Mu1.0009  Se1.133                       0.29991040     -0.00008207      0.00017355     -0.00000001
ATVX     1  Mu1.0001  Se1.134                       0.23921033      0.00028070     -0.00101578     -0.00000029
ATVX     1  Mu1.0002  Se1.134                       0.24587061     -0.00004203      0.00210315     -0.00000009
ATVX     1  Mu1.0003  Se1.134                       0.26196984      0.00062348     -0.00084239     -0.00000053
ATVX     1  Mu1.0004  Se1.134                       0.26738332      0.00005449      0.00084963      0.00000005
ATVX     1  Mu1.0005  Se1.134                       0.28974959     -0.00129752      0.00313198     -0.00000406
ATVX     1  Mu1.0006  Se1.134                       0.29434962     -0.00017761      0.00061381     -0.00000011
ATVX     1  Mu1.0001  Se1.135                       0.24531198      0.00000016      0.00000187      0.00000000
ATVX     1  Mu1.0002  Se1.135                       0.25197226      0.00000168     -0.00000194     -0.00000000
ATVX     1  Mu1.0003  Se1.135                       0.26807149      0.00000589     -0.00001539     -0.00000000
ATVX     1  Mu1.0004  Se1.135                       0.27348497      0.00000052     -0.00000280     -0.00000000
ATVX     1  Mu1.0005  Se1.135                       0.29585124     -0.00001028      0.00002747     -0.00000000
ATVX     1  Mu1.0001  Se1.136                       0.26983900     -0.00027589      0.00007438     -0.00000002
ATVX     1  Mu1.0002  Se1.136                       0.27649928      0.00062828     -0.00082586     -0.00000052
ATVX     1  Mu1.0003  Se1.136                       0.29259851      0.00123515     -0.00112626     -0.00000139
ATVX     1  Mu1.0004  Se1.136                       0.29801199      0.00138311     -0.00233969     -0.00000324
ATVX     1  Mu1.0001  Se1.137                       0.26089955     -0.00024717      0.00166907     -0.00000041
ATVX     1  Mu1.0002  Se1.137                       0.26755983     -0.00035509      0.00064707     -0.00000023
ATVX     1  Mu1.0003  Se1.137                       0.28365907      0.00017234     -0.00076300     -0.00000013
ATVX     1  Mu1.0004  Se1.137                       0.28907255     -0.00005719     -0.00057745      0.00000003
ATVX     1  Mu1.0001  Se1.138                       0.26639522      0.00000625      0.00006688      0.00000000
ATVX     1  Mu1.0002  Se1.138                       0.27305550      0.00001025     -0.00000914     -0.00000000
ATVX     1  Mu1.0003  Se1.138                       0.28915474     -0.00002558     -0.00001969      0.00000000
ATVX     1  Mu1.0004  Se1.138                       0.29456822     -0.00004156      0.00004735     -0.00000000
ATVX     1  Mu1.0001  Se1.139                       0.27244352      0.00058708     -0.00362127     -0.00000213
ATVX     1  Mu1.0002  Se1.139                       0.27910380      0.00031559     -0.00161391     -0.00000051
ATVX     1  Mu1.0003  Se1.139                       0.29520304     -0.00022523      0.00119027     -0.00000027
ATVX     1  Mu1.0001  Se1.140                       0.27152909     -0.00000310      0.00001747     -0.00000000
ATVX     1  Mu1.0002  Se1.140                       0.27818938      0.00000010     -0.00001216     -0.00000000
ATVX     1  Mu1.0003  Se1.140                       0.29428861     -0.00000203      0.00001074     -0.00000000
ATVX     1  Mu1.0004  Se1.140                       0.29970209      0.00000176     -0.00001153     -0.00000000
ATVX     1  Mu1.0001  Se1.141                       0.28802017     -0.00004602     -0.00036037      0.00000002
ATVX     1  Mu1.0002  Se1.141                       0.29468045     -0.00030384      0.00049166     -0.00000015
ATVX     1  Mu1.0001  Se1.142                       0.29419513      0.00002119     -0.00002267     -0.00000000
ATVX     1  Mu1.0001  Se1.143                       0.29732236     -0.00062605      0.00138397     -0.00000087
ATVX     1  Mu1.0001  Se1.144                       0.29805505      0.00004349     -0.00014270     -0.00000001
ATVX     1  Mu1.0001  Se1.145                       0.29830281     -0.00044235      0.00188175     -0.00000083
BVATP    1  Mu1.0001  Se1.113 Se1.113               0.26629272     -0.00027737      0.00065434     -0.00000018
BVATP    1  Mu1.0002  Se1.113 Se1.113               0.29756852      0.00000863     -0.00003085     -0.00000000
BVATP    1  Mu1.0001  Se1.114 Se1.113               0.29980199      0.00001640     -0.00002397     -0.00000000
BJATM    1  Mu1.0005  In1.100 Se1.114 Se1.113       0.88530658      0.02602372     -0.03013100     -0.00078412
--

   (Skipping property calculation,
    use PROP keyword to activate)
--

++ CASPT2 computation for group   2

********************************************************************************
 Multi-State initialization phase begins for group   2
--------------------------------------------------------------------------------
********************************************************************************
 Compute H0 matrices for state    2
--------------------------------------------------------------------------------
--------------------------------------------------------------------------------
 H0 matrices have been computed.

********************************************************************************
  CASPT2 EQUATION SOLUTION
--------------------------------------------------------------------------------

  Total nr of CASPT2 parameters:
   Before reduction:  1876168956
   After  reduction:  1876107844

 Variance of |WF0>:      23.4847927309

 The contributions to the second order correlation energy in atomic units.
-----------------------------------------------------------------------------------------------------------------------------
  IT.      VJTU        VJTI        ATVX        AIVX        VJAI        BVAT        BJAT        BJAI        TOTAL       RNORM  
-----------------------------------------------------------------------------------------------------------------------------
   1    -0.070568   -0.035010   -0.013785   -0.138490   -0.410800   -0.130072   -0.701445   -3.527607   -5.027776    0.021441
   2    -0.073856   -0.035205   -0.013812   -0.138956   -0.411257   -0.130434   -0.702889   -3.528383   -5.034793    0.004476
   3    -0.074147   -0.035218   -0.013842   -0.138925   -0.411281   -0.130501   -0.703054   -3.528433   -5.035402    0.000748
   4    -0.074170   -0.035211   -0.013839   -0.138876   -0.411252   -0.130482   -0.702976   -3.528392   -5.035199    0.000126
   5    -0.074174   -0.035210   -0.013839   -0.138872   -0.411249   -0.130479   -0.702967   -3.528388   -5.035179    0.000021
   6    -0.074174   -0.035210   -0.013839   -0.138872   -0.411250   -0.130480   -0.702969   -3.528390   -5.035184    0.000003
-----------------------------------------------------------------------------------------------------------------------------

  FINAL CASPT2 RESULT:

      Reference energy:       -3929.6565292318
      E2 (Non-variational):      -5.0351844341
      Shift correction:          -0.0413469493
      E2 (Variational):          -5.0765313833
      Total energy:           -3934.7330606151
      Residual norm:              0.0000005518
      Reference weight:           0.36793

      Contributions to the CASPT2 correlation energy
      Active & Virtual Only:         -0.1443185598
      One Inactive Excited:          -0.9160159229
      Two Inactive Excited:          -3.9748499513


++ Denominators, etc.
--------------------------------------------------------------------------------------------------------------
 Report on small energy denominators, large coefficients, and large energy contributions.
CASE  SYMM ACTIVE-MIX  NON-ACTIVE INDICES          DENOMINATOR     RHS VALUE       COEFFICIENT     CONTRIBUTION
VJTU     1  Mu1.0001  In1.069                       0.63308104      0.02208752     -0.03051542     -0.00067401
VJTU     1  Mu1.0001  In1.073                       0.58628919     -0.03313270      0.04872172     -0.00161428
VJTU     1  Mu1.0001  In1.092                       0.37846982      0.08898077     -0.17472234     -0.01554693
VJTU     1  Mu1.0002  In1.092                       0.38268894      0.03113478     -0.06290908     -0.00195866
VJTU     1  Mu1.0003  In1.092                       0.39777476      0.02683182     -0.05380805     -0.00144377
VJTU     1  Mu1.0045  In1.092                       0.53511909      0.02405589     -0.03832630     -0.00092197
VJTU     1  Mu1.0001  In1.093                       0.37507696      0.02077421     -0.04166796     -0.00086562
VJTU     1  Mu1.0001  In1.094                       0.36109729      0.06830809     -0.13798789     -0.00942569
VJTU     1  Mu1.0002  In1.094                       0.36531641      0.01727968     -0.03613824     -0.00062446
VJTU     1  Mu1.0003  In1.094                       0.38040223      0.02030385     -0.03679957     -0.00074717
VJTU     1  Mu1.0045  In1.094                       0.51774656      0.01970203     -0.03175883     -0.00062571
VJTU     1  Mu1.0001  In1.095                       0.35531874     -0.04088635      0.08478602     -0.00346659
VJTU     1  Mu1.0002  In1.095                       0.35953786     -0.01810131      0.03821146     -0.00069168
VJTU     1  Mu1.0003  In1.095                       0.37462367     -0.01622048      0.02709525     -0.00043950
VJTU     1  Mu1.0001  In1.096                       0.34702264      0.01907495     -0.04190829     -0.00079940
VJTU     1  Mu1.0002  In1.096                       0.35124176      0.01353755     -0.03029088     -0.00041006
VJTU     1  Mu1.0001  In1.097                       0.36031640     -0.03344464      0.06693080     -0.00223848
VJTU     1  Mu1.0002  In1.097                       0.36453552     -0.01600321      0.03391021     -0.00054267
VJTU     1  Mu1.0001  In1.098                       0.33980300     -0.03825053      0.07777610     -0.00297498
VJTU     1  Mu1.0001  In1.100                       0.30639898      0.01795143     -0.03895698     -0.00069933
VJTU     1  Mu1.0148  In1.100                       0.70189024      0.02260438     -0.03214029     -0.00072651
VJTU     1  Mu1.0164  In1.100                       0.73347802      0.02450096     -0.03337296     -0.00081767
ATVX     1  Mu1.0001  Se1.113                       0.09541558      0.00068483     -0.00044751     -0.00000031
ATVX     1  Mu1.0002  Se1.113                       0.10530847      0.00127212     -0.00276982     -0.00000352
ATVX     1  Mu1.0003  Se1.113                       0.10627539     -0.00137496      0.00310323     -0.00000427
ATVX     1  Mu1.0004  Se1.113                       0.11925648      0.00017036     -0.00020649     -0.00000004
ATVX     1  Mu1.0005  Se1.113                       0.14313565      0.00002549     -0.00009980     -0.00000000
ATVX     1  Mu1.0006  Se1.113                       0.14828426      0.00005159     -0.00020006     -0.00000001
ATVX     1  Mu1.0007  Se1.113                       0.15532946     -0.00024294      0.00082126     -0.00000020
ATVX     1  Mu1.0008  Se1.113                       0.16446182      0.00005225     -0.00017793     -0.00000001
ATVX     1  Mu1.0009  Se1.113                       0.16644659      0.00005467     -0.00005981     -0.00000000
ATVX     1  Mu1.0010  Se1.113                       0.17053818     -0.00004070     -0.00000512      0.00000000
ATVX     1  Mu1.0011  Se1.113                       0.17851887     -0.00010516      0.00039306     -0.00000004
ATVX     1  Mu1.0012  Se1.113                       0.18711438      0.00002624     -0.00011035     -0.00000000
ATVX     1  Mu1.0013  Se1.113                       0.19156266     -0.00006276      0.00015489     -0.00000001
ATVX     1  Mu1.0014  Se1.113                       0.19307639      0.00032048     -0.00071752     -0.00000023
ATVX     1  Mu1.0015  Se1.113                       0.19833689     -0.00002157      0.00004765     -0.00000000
ATVX     1  Mu1.0016  Se1.113                       0.19946934     -0.00022612      0.00059507     -0.00000013
ATVX     1  Mu1.0017  Se1.113                       0.20424917     -0.00018641      0.00050214     -0.00000009
ATVX     1  Mu1.0018  Se1.113                       0.20592477     -0.00036266      0.00111750     -0.00000041
ATVX     1  Mu1.0019  Se1.113                       0.20767401     -0.00017452      0.00046864     -0.00000008
ATVX     1  Mu1.0020  Se1.113                       0.21025323     -0.00019491      0.00033512     -0.00000007
ATVX     1  Mu1.0021  Se1.113                       0.21414907      0.00006653     -0.00014860     -0.00000001
ATVX     1  Mu1.0022  Se1.113                       0.22250271      0.00014621     -0.00020920     -0.00000003
ATVX     1  Mu1.0023  Se1.113                       0.22475595     -0.00099960      0.00221957     -0.00000222
ATVX     1  Mu1.0024  Se1.113                       0.22683974     -0.00031579      0.00067067     -0.00000021
ATVX     1  Mu1.0025  Se1.113                       0.22840036      0.00020023     -0.00056541     -0.00000011
ATVX     1  Mu1.0026  Se1.113                       0.23126623      0.00032461     -0.00077275     -0.00000025
ATVX     1  Mu1.0027  Se1.113                       0.23550441      0.00099355     -0.00235665     -0.00000234
ATVX     1  Mu1.0028  Se1.113                       0.23730262     -0.00079602      0.00188336     -0.00000150
ATVX     1  Mu1.0029  Se1.113                       0.24099101     -0.00044578      0.00109740     -0.00000049
ATVX     1  Mu1.0030  Se1.113                       0.24452481      0.00001553     -0.00010989     -0.00000000
ATVX     1  Mu1.0031  Se1.113                       0.25396638      0.00002909     -0.00004461     -0.00000000
ATVX     1  Mu1.0032  Se1.113                       0.25596290     -0.00000899     -0.00001577      0.00000000
ATVX     1  Mu1.0033  Se1.113                       0.25630717     -0.00000934     -0.00003827      0.00000000
ATVX     1  Mu1.0034  Se1.113                       0.25690819     -0.00021590      0.00048246     -0.00000010
ATVX     1  Mu1.0035  Se1.113                       0.26409885     -0.00005921      0.00009763     -0.00000001
ATVX     1  Mu1.0036  Se1.113                       0.26480905      0.00032400     -0.00087493     -0.00000028
ATVX     1  Mu1.0037  Se1.113                       0.26724674     -0.00010234      0.00024647     -0.00000003
ATVX     1  Mu1.0038  Se1.113                       0.26937207      0.00009473     -0.00017555     -0.00000002
ATVX     1  Mu1.0039  Se1.113                       0.27408492      0.00065227     -0.00144539     -0.00000094
ATVX     1  Mu1.0040  Se1.113                       0.27611026     -0.00013985      0.00032423     -0.00000005
ATVX     1  Mu1.0041  Se1.113                       0.27945167      0.00129099     -0.00303323     -0.00000392
ATVX     1  Mu1.0042  Se1.113                       0.28697370      0.00006420     -0.00017103     -0.00000001
ATVX     1  Mu1.0043  Se1.113                       0.29148602      0.00002762      0.00009513      0.00000000
ATVX     1  Mu1.0044  Se1.113                       0.29194562     -0.00008698      0.00027129     -0.00000002
ATVX     1  Mu1.0001  Se1.114                       0.12921254     -0.00004289      0.00043088     -0.00000002
ATVX     1  Mu1.0002  Se1.114                       0.13910542     -0.00027539      0.00053538     -0.00000015
ATVX     1  Mu1.0003  Se1.114                       0.14007235     -0.00024365      0.00093502     -0.00000023
ATVX     1  Mu1.0004  Se1.114                       0.15305344     -0.00029103      0.00087439     -0.00000025
ATVX     1  Mu1.0005  Se1.114                       0.17693261      0.00002331     -0.00011551     -0.00000000
ATVX     1  Mu1.0006  Se1.114                       0.18208122      0.00000992     -0.00006973     -0.00000000
ATVX     1  Mu1.0007  Se1.114                       0.18912642     -0.00000122      0.00005883     -0.00000000
ATVX     1  Mu1.0008  Se1.114                       0.19825877      0.00002833     -0.00012394     -0.00000000
ATVX     1  Mu1.0009  Se1.114                       0.20024355      0.00002098      0.00007742      0.00000000
ATVX     1  Mu1.0010  Se1.114                       0.20433514      0.00004439     -0.00019015     -0.00000001
ATVX     1  Mu1.0011  Se1.114                       0.21231583      0.00000539      0.00005231      0.00000000
ATVX     1  Mu1.0012  Se1.114                       0.22091134     -0.00007370      0.00025221     -0.00000002
ATVX     1  Mu1.0013  Se1.114                       0.22535962      0.00010078     -0.00036020     -0.00000004
ATVX     1  Mu1.0014  Se1.114                       0.22687335      0.00018340     -0.00046957     -0.00000009
ATVX     1  Mu1.0015  Se1.114                       0.23213385      0.00032361     -0.00079851     -0.00000026
ATVX     1  Mu1.0016  Se1.114                       0.23326630      0.00073968     -0.00174873     -0.00000129
ATVX     1  Mu1.0017  Se1.114                       0.23804613     -0.00130763      0.00308729     -0.00000404
ATVX     1  Mu1.0018  Se1.114                       0.23972173      0.00026631     -0.00060144     -0.00000016
ATVX     1  Mu1.0019  Se1.114                       0.24147097     -0.00020357      0.00054921     -0.00000011
ATVX     1  Mu1.0020  Se1.114                       0.24405019      0.00037743     -0.00099043     -0.00000037
ATVX     1  Mu1.0021  Se1.114                       0.24794603     -0.00013529      0.00008009     -0.00000001
ATVX     1  Mu1.0022  Se1.114                       0.25629967     -0.00010616      0.00022456     -0.00000002
ATVX     1  Mu1.0023  Se1.114                       0.25855290     -0.00018169      0.00039698     -0.00000007
ATVX     1  Mu1.0024  Se1.114                       0.26063670      0.00004670     -0.00001825     -0.00000000
ATVX     1  Mu1.0025  Se1.114                       0.26219732      0.00011658     -0.00016849     -0.00000002
ATVX     1  Mu1.0026  Se1.114                       0.26506319      0.00005064     -0.00015167     -0.00000001
ATVX     1  Mu1.0027  Se1.114                       0.26930137      0.00001719     -0.00001263     -0.00000000
ATVX     1  Mu1.0028  Se1.114                       0.27109958      0.00001134     -0.00003630     -0.00000000
ATVX     1  Mu1.0029  Se1.114                       0.27478797      0.00003650      0.00004884      0.00000000
ATVX     1  Mu1.0030  Se1.114                       0.27832176     -0.00013805      0.00024962     -0.00000003
ATVX     1  Mu1.0031  Se1.114                       0.28776334     -0.00041384      0.00114018     -0.00000047
ATVX     1  Mu1.0032  Se1.114                       0.28975986      0.00044901     -0.00085326     -0.00000038
ATVX     1  Mu1.0033  Se1.114                       0.29010413     -0.00044901      0.00095682     -0.00000043
ATVX     1  Mu1.0034  Se1.114                       0.29070515     -0.00017604      0.00037670     -0.00000007
ATVX     1  Mu1.0035  Se1.114                       0.29789580     -0.00005861      0.00010456     -0.00000001
ATVX     1  Mu1.0036  Se1.114                       0.29860601     -0.00006125      0.00016336     -0.00000001
ATVX     1  Mu1.0001  Se1.115                       0.13231959      0.00023646      0.00001761      0.00000000
ATVX     1  Mu1.0002  Se1.115                       0.14221248      0.00061832     -0.00097883     -0.00000061
ATVX     1  Mu1.0003  Se1.115                       0.14317941     -0.00075881      0.00108493     -0.00000082
ATVX     1  Mu1.0004  Se1.115                       0.15616050      0.00005814     -0.00016973     -0.00000001
ATVX     1  Mu1.0005  Se1.115                       0.18003967      0.00010895     -0.00028108     -0.00000003
ATVX     1  Mu1.0006  Se1.115                       0.18518827      0.00009841     -0.00025069     -0.00000002
ATVX     1  Mu1.0007  Se1.115                       0.19223348     -0.00032704      0.00093767     -0.00000031
ATVX     1  Mu1.0008  Se1.115                       0.20136583     -0.00011993      0.00037548     -0.00000005
ATVX     1  Mu1.0009  Se1.115                       0.20335060     -0.00021128      0.00043571     -0.00000009
ATVX     1  Mu1.0010  Se1.115                       0.20744220      0.00012821     -0.00028417     -0.00000004
ATVX     1  Mu1.0011  Se1.115                       0.21542289     -0.00052832      0.00125062     -0.00000066
ATVX     1  Mu1.0012  Se1.115                       0.22401839     -0.00012927      0.00032079     -0.00000004
ATVX     1  Mu1.0013  Se1.115                       0.22846668     -0.00000734      0.00004093     -0.00000000
ATVX     1  Mu1.0014  Se1.115                       0.22998040      0.00021479     -0.00036312     -0.00000008
ATVX     1  Mu1.0015  Se1.115                       0.23524091     -0.00001413     -0.00001679      0.00000000
ATVX     1  Mu1.0016  Se1.115                       0.23637335     -0.00018535      0.00045122     -0.00000008
ATVX     1  Mu1.0017  Se1.115                       0.24115318     -0.00018567      0.00052589     -0.00000010
ATVX     1  Mu1.0018  Se1.115                       0.24282879     -0.00028019      0.00088766     -0.00000025
ATVX     1  Mu1.0019  Se1.115                       0.24457802     -0.00031191      0.00083649     -0.00000026
ATVX     1  Mu1.0020  Se1.115                       0.24715725     -0.00034848      0.00087666     -0.00000031
ATVX     1  Mu1.0021  Se1.115                       0.25105308      0.00007267     -0.00022535     -0.00000002
ATVX     1  Mu1.0022  Se1.115                       0.25940672      0.00003259     -0.00003266     -0.00000000
ATVX     1  Mu1.0023  Se1.115                       0.26165996      0.00000545     -0.00010938     -0.00000000
ATVX     1  Mu1.0024  Se1.115                       0.26374375     -0.00008081      0.00015082     -0.00000001
ATVX     1  Mu1.0025  Se1.115                       0.26530437      0.00008822     -0.00014560     -0.00000001
ATVX     1  Mu1.0026  Se1.115                       0.26817024     -0.00003260      0.00021727     -0.00000001
ATVX     1  Mu1.0027  Se1.115                       0.27240842      0.00019547     -0.00050118     -0.00000010
ATVX     1  Mu1.0028  Se1.115                       0.27420663      0.00004017     -0.00010505     -0.00000000
ATVX     1  Mu1.0029  Se1.115                       0.27789502      0.00002258     -0.00004425     -0.00000000
ATVX     1  Mu1.0030  Se1.115                       0.28142882     -0.00007567      0.00014811     -0.00000001
ATVX     1  Mu1.0031  Se1.115                       0.29087039      0.00007390     -0.00016354     -0.00000001
ATVX     1  Mu1.0032  Se1.115                       0.29286692     -0.00012701      0.00030690     -0.00000004
ATVX     1  Mu1.0033  Se1.115                       0.29321118     -0.00014911      0.00035405     -0.00000005
ATVX     1  Mu1.0034  Se1.115                       0.29381221     -0.00015491      0.00033939     -0.00000005
ATVX     1  Mu1.0001  Se1.116                       0.13715406     -0.00029893      0.00026969     -0.00000008
ATVX     1  Mu1.0002  Se1.116                       0.14704695     -0.00047322      0.00035273     -0.00000017
ATVX     1  Mu1.0003  Se1.116                       0.14801388      0.00012386     -0.00051681     -0.00000006
ATVX     1  Mu1.0004  Se1.116                       0.16099497      0.00129126     -0.00253991     -0.00000328
ATVX     1  Mu1.0005  Se1.116                       0.18487414      0.00007949      0.00004618      0.00000000
ATVX     1  Mu1.0006  Se1.116                       0.19002274     -0.00004649     -0.00002186      0.00000000
ATVX     1  Mu1.0007  Se1.116                       0.19706795      0.00003367     -0.00023105     -0.00000001
ATVX     1  Mu1.0008  Se1.116                       0.20620030      0.00001173     -0.00011159     -0.00000000
ATVX     1  Mu1.0009  Se1.116                       0.20818507      0.00027525     -0.00072591     -0.00000020
ATVX     1  Mu1.0010  Se1.116                       0.21227666     -0.00013678      0.00044518     -0.00000006
ATVX     1  Mu1.0011  Se1.116                       0.22025736     -0.00010577      0.00038745     -0.00000004
ATVX     1  Mu1.0012  Se1.116                       0.22885286      0.00026394     -0.00093274     -0.00000025
ATVX     1  Mu1.0013  Se1.116                       0.23330115      0.00004878     -0.00011606     -0.00000001
ATVX     1  Mu1.0014  Se1.116                       0.23481487      0.00015511     -0.00038571     -0.00000006
ATVX     1  Mu1.0015  Se1.116                       0.24007538      0.00030278     -0.00102686     -0.00000031
ATVX     1  Mu1.0016  Se1.116                       0.24120782      0.00004119      0.00005698      0.00000000
ATVX     1  Mu1.0017  Se1.116                       0.24598765     -0.00007392      0.00009578     -0.00000001
ATVX     1  Mu1.0018  Se1.116                       0.24766325     -0.00006707      0.00016284     -0.00000001
ATVX     1  Mu1.0019  Se1.116                       0.24941249      0.00002335     -0.00008584     -0.00000000
ATVX     1  Mu1.0020  Se1.116                       0.25199172      0.00004367     -0.00019936     -0.00000001
ATVX     1  Mu1.0021  Se1.116                       0.25588755     -0.00003563      0.00012196     -0.00000000
ATVX     1  Mu1.0022  Se1.116                       0.26424119      0.00054373     -0.00139010     -0.00000076
ATVX     1  Mu1.0023  Se1.116                       0.26649443      0.00033337     -0.00079668     -0.00000027
ATVX     1  Mu1.0024  Se1.116                       0.26857822      0.00003149     -0.00004661     -0.00000000
ATVX     1  Mu1.0025  Se1.116                       0.27013884      0.00023129     -0.00065935     -0.00000015
ATVX     1  Mu1.0026  Se1.116                       0.27300471      0.00014875     -0.00036096     -0.00000005
ATVX     1  Mu1.0027  Se1.116                       0.27724289      0.00006112     -0.00010226     -0.00000001
ATVX     1  Mu1.0028  Se1.116                       0.27904110     -0.00004739      0.00016976     -0.00000001
ATVX     1  Mu1.0029  Se1.116                       0.28272949      0.00002342     -0.00001921     -0.00000000
ATVX     1  Mu1.0030  Se1.116                       0.28626329     -0.00016282      0.00042672     -0.00000007
ATVX     1  Mu1.0031  Se1.116                       0.29570486      0.00001674     -0.00002155     -0.00000000
ATVX     1  Mu1.0032  Se1.116                       0.29770139     -0.00000178      0.00006155     -0.00000000
ATVX     1  Mu1.0033  Se1.116                       0.29804565      0.00000756      0.00005037      0.00000000
ATVX     1  Mu1.0034  Se1.116                       0.29864668      0.00015431     -0.00042876     -0.00000007
ATVX     1  Mu1.0001  Se1.117                       0.14131447     -0.00002091      0.00004552     -0.00000000
ATVX     1  Mu1.0002  Se1.117                       0.15120736      0.00003234     -0.00003370     -0.00000000
ATVX     1  Mu1.0003  Se1.117                       0.15217428     -0.00005584      0.00008245     -0.00000000
ATVX     1  Mu1.0004  Se1.117                       0.16515537     -0.00002292      0.00003542     -0.00000000
ATVX     1  Mu1.0005  Se1.117                       0.18903454      0.00000817     -0.00001994     -0.00000000
ATVX     1  Mu1.0006  Se1.117                       0.19418315      0.00000812     -0.00001841     -0.00000000
ATVX     1  Mu1.0007  Se1.117                       0.20122835     -0.00003207      0.00008556     -0.00000000
ATVX     1  Mu1.0008  Se1.117                       0.21036070     -0.00000808      0.00001544     -0.00000000
ATVX     1  Mu1.0009  Se1.117                       0.21234548     -0.00001160      0.00001640     -0.00000000
ATVX     1  Mu1.0010  Se1.117                       0.21643707      0.00000791     -0.00001858     -0.00000000
ATVX     1  Mu1.0011  Se1.117                       0.22441776     -0.00002324      0.00004097     -0.00000000
ATVX     1  Mu1.0012  Se1.117                       0.23301327     -0.00000700      0.00002163     -0.00000000
ATVX     1  Mu1.0013  Se1.117                       0.23746155      0.00002657     -0.00008532     -0.00000000
ATVX     1  Mu1.0014  Se1.117                       0.23897528     -0.00000338      0.00002369     -0.00000000
ATVX     1  Mu1.0015  Se1.117                       0.24423578      0.00006296     -0.00014095     -0.00000001
ATVX     1  Mu1.0016  Se1.117                       0.24536823      0.00015447     -0.00035516     -0.00000005
ATVX     1  Mu1.0017  Se1.117                       0.25014806     -0.00001721      0.00002244     -0.00000000
ATVX     1  Mu1.0018  Se1.117                       0.25182366     -0.00008195      0.00020883     -0.00000002
ATVX     1  Mu1.0019  Se1.117                       0.25357290      0.00019051     -0.00043959     -0.00000008
ATVX     1  Mu1.0020  Se1.117                       0.25615212     -0.00012057      0.00028508     -0.00000003
ATVX     1  Mu1.0021  Se1.117                       0.26004796      0.00011837     -0.00030356     -0.00000004
ATVX     1  Mu1.0022  Se1.117                       0.26840160     -0.00000331      0.00001436     -0.00000000
ATVX     1  Mu1.0023  Se1.117                       0.27065483     -0.00000353      0.00000814     -0.00000000
ATVX     1  Mu1.0024  Se1.117                       0.27273863      0.00011202     -0.00029001     -0.00000003
ATVX     1  Mu1.0025  Se1.117                       0.27429925      0.00001852     -0.00005721     -0.00000000
ATVX     1  Mu1.0026  Se1.117                       0.27716512     -0.00003457      0.00009201     -0.00000000
ATVX     1  Mu1.0027  Se1.117                       0.28140330      0.00000625     -0.00001864     -0.00000000
ATVX     1  Mu1.0028  Se1.117                       0.28320151     -0.00000905      0.00001432     -0.00000000
ATVX     1  Mu1.0029  Se1.117                       0.28688990     -0.00001172      0.00001444     -0.00000000
ATVX     1  Mu1.0030  Se1.117                       0.29042369      0.00001321     -0.00002994     -0.00000000
ATVX     1  Mu1.0031  Se1.117                       0.29986527      0.00002394     -0.00003708     -0.00000000
ATVX     1  Mu1.0001  Se1.118                       0.15060394     -0.00001855      0.00007562     -0.00000000
ATVX     1  Mu1.0002  Se1.118                       0.16049683     -0.00001113      0.00004391     -0.00000000
ATVX     1  Mu1.0003  Se1.118                       0.16146375     -0.00008513      0.00018536     -0.00000002
ATVX     1  Mu1.0004  Se1.118                       0.17444484     -0.00006709      0.00016574     -0.00000001
ATVX     1  Mu1.0005  Se1.118                       0.19832401      0.00001897     -0.00004760     -0.00000000
ATVX     1  Mu1.0006  Se1.118                       0.20347262      0.00001817     -0.00005004     -0.00000000
ATVX     1  Mu1.0007  Se1.118                       0.21051782     -0.00001149      0.00003378     -0.00000000
ATVX     1  Mu1.0008  Se1.118                       0.21965017      0.00001150     -0.00002420     -0.00000000
ATVX     1  Mu1.0009  Se1.118                       0.22163495     -0.00001238      0.00002246     -0.00000000
ATVX     1  Mu1.0010  Se1.118                       0.22572654      0.00002203     -0.00005722     -0.00000000
ATVX     1  Mu1.0011  Se1.118                       0.23370723     -0.00001801      0.00003225     -0.00000000
ATVX     1  Mu1.0012  Se1.118                       0.24230274     -0.00001075      0.00003971     -0.00000000
ATVX     1  Mu1.0013  Se1.118                       0.24675102      0.00005732     -0.00013427     -0.00000001
ATVX     1  Mu1.0014  Se1.118                       0.24826475      0.00004087     -0.00008975     -0.00000000
ATVX     1  Mu1.0015  Se1.118                       0.25352525      0.00016741     -0.00036964     -0.00000006
ATVX     1  Mu1.0016  Se1.118                       0.25465770      0.00040801     -0.00090999     -0.00000037
ATVX     1  Mu1.0017  Se1.118                       0.25943753     -0.00024732      0.00064564     -0.00000016
ATVX     1  Mu1.0018  Se1.118                       0.26111313      0.00005613     -0.00014571     -0.00000001
ATVX     1  Mu1.0019  Se1.118                       0.26286237     -0.00023063      0.00053370     -0.00000012
ATVX     1  Mu1.0020  Se1.118                       0.26544159      0.00012890     -0.00031832     -0.00000004
ATVX     1  Mu1.0021  Se1.118                       0.26933743     -0.00004207      0.00006150     -0.00000000
ATVX     1  Mu1.0022  Se1.118                       0.27769107     -0.00004388      0.00008912     -0.00000000
ATVX     1  Mu1.0023  Se1.118                       0.27994430     -0.00001703      0.00003237     -0.00000000
ATVX     1  Mu1.0024  Se1.118                       0.28202810      0.00002977     -0.00003429     -0.00000000
ATVX     1  Mu1.0025  Se1.118                       0.28358872      0.00001625     -0.00000723     -0.00000000
ATVX     1  Mu1.0026  Se1.118                       0.28645459      0.00001244     -0.00003244     -0.00000000
ATVX     1  Mu1.0027  Se1.118                       0.29069277      0.00000207     -0.00001001     -0.00000000
ATVX     1  Mu1.0028  Se1.118                       0.29249098      0.00001386     -0.00003367     -0.00000000
ATVX     1  Mu1.0029  Se1.118                       0.29617937      0.00000445      0.00000738      0.00000000
ATVX     1  Mu1.0030  Se1.118                       0.29971316     -0.00004133      0.00007445     -0.00000000
ATVX     1  Mu1.0001  Se1.119                       0.15031437      0.00002360     -0.00028127     -0.00000001
ATVX     1  Mu1.0002  Se1.119                       0.16020725      0.00039725     -0.00047122     -0.00000019
ATVX     1  Mu1.0003  Se1.119                       0.16117418     -0.00057286      0.00045494     -0.00000026
ATVX     1  Mu1.0004  Se1.119                       0.17415527      0.00000732     -0.00010275     -0.00000000
ATVX     1  Mu1.0005  Se1.119                       0.19803444      0.00008978     -0.00017337     -0.00000002
ATVX     1  Mu1.0006  Se1.119                       0.20318305      0.00007193     -0.00014023     -0.00000001
ATVX     1  Mu1.0007  Se1.119                       0.21022825     -0.00023639      0.00058357     -0.00000014
ATVX     1  Mu1.0008  Se1.119                       0.21936060     -0.00011417      0.00035395     -0.00000004
ATVX     1  Mu1.0009  Se1.119                       0.22134537     -0.00019971      0.00031896     -0.00000006
ATVX     1  Mu1.0010  Se1.119                       0.22543697      0.00008823     -0.00013580     -0.00000001
ATVX     1  Mu1.0011  Se1.119                       0.23341766     -0.00040664      0.00073977     -0.00000030
ATVX     1  Mu1.0012  Se1.119                       0.24201317     -0.00014254      0.00030094     -0.00000004
ATVX     1  Mu1.0013  Se1.119                       0.24646145     -0.00002950      0.00010289     -0.00000000
ATVX     1  Mu1.0014  Se1.119                       0.24797518     -0.00000390      0.00013620     -0.00000000
ATVX     1  Mu1.0015  Se1.119                       0.25323568      0.00002935     -0.00010744     -0.00000000
ATVX     1  Mu1.0016  Se1.119                       0.25436813     -0.00014158      0.00033434     -0.00000005
ATVX     1  Mu1.0017  Se1.119                       0.25914796     -0.00011410      0.00031772     -0.00000004
ATVX     1  Mu1.0018  Se1.119                       0.26082356     -0.00012201      0.00039116     -0.00000005
ATVX     1  Mu1.0019  Se1.119                       0.26257280     -0.00022408      0.00058538     -0.00000013
ATVX     1  Mu1.0020  Se1.119                       0.26515202     -0.00026187      0.00067614     -0.00000018
ATVX     1  Mu1.0021  Se1.119                       0.26904786      0.00005717     -0.00015671     -0.00000001
ATVX     1  Mu1.0022  Se1.119                       0.27740149      0.00003004     -0.00005520     -0.00000000
ATVX     1  Mu1.0023  Se1.119                       0.27965473      0.00012003     -0.00029907     -0.00000004
ATVX     1  Mu1.0024  Se1.119                       0.28173853     -0.00003531      0.00009041     -0.00000000
ATVX     1  Mu1.0025  Se1.119                       0.28329915      0.00001114     -0.00005779     -0.00000000
ATVX     1  Mu1.0026  Se1.119                       0.28616502     -0.00004930      0.00022831     -0.00000001
ATVX     1  Mu1.0027  Se1.119                       0.29040320      0.00000660     -0.00008239     -0.00000000
ATVX     1  Mu1.0028  Se1.119                       0.29220140      0.00011213     -0.00026325     -0.00000003
ATVX     1  Mu1.0029  Se1.119                       0.29588980     -0.00000807     -0.00010181      0.00000000
ATVX     1  Mu1.0030  Se1.119                       0.29942359     -0.00005442      0.00011755     -0.00000001
ATVX     1  Mu1.0001  Se1.120                       0.15679069     -0.00005291      0.00005829     -0.00000000
ATVX     1  Mu1.0002  Se1.120                       0.16668358      0.00002246     -0.00001302     -0.00000000
ATVX     1  Mu1.0003  Se1.120                       0.16765051     -0.00004623      0.00003051     -0.00000000
ATVX     1  Mu1.0004  Se1.120                       0.18063160     -0.00000629     -0.00000902      0.00000000
ATVX     1  Mu1.0005  Se1.120                       0.20451076      0.00001028     -0.00001611     -0.00000000
ATVX     1  Mu1.0006  Se1.120                       0.20965937      0.00000737     -0.00001656     -0.00000000
ATVX     1  Mu1.0007  Se1.120                       0.21670457     -0.00003633      0.00008669     -0.00000000
ATVX     1  Mu1.0008  Se1.120                       0.22583693     -0.00001157      0.00001839     -0.00000000
ATVX     1  Mu1.0009  Se1.120                       0.22782170     -0.00000400     -0.00001126      0.00000000
ATVX     1  Mu1.0010  Se1.120                       0.23191329      0.00000471     -0.00000553     -0.00000000
ATVX     1  Mu1.0011  Se1.120                       0.23989398     -0.00001490      0.00000853     -0.00000000
ATVX     1  Mu1.0012  Se1.120                       0.24848949      0.00000271     -0.00000701     -0.00000000
ATVX     1  Mu1.0013  Se1.120                       0.25293777      0.00000889     -0.00005963     -0.00000000
ATVX     1  Mu1.0014  Se1.120                       0.25445150     -0.00001325      0.00004906     -0.00000000
ATVX     1  Mu1.0015  Se1.120                       0.25971200      0.00011230     -0.00025089     -0.00000003
ATVX     1  Mu1.0016  Se1.120                       0.26084445      0.00027121     -0.00060726     -0.00000016
ATVX     1  Mu1.0017  Se1.120                       0.26562428     -0.00003600      0.00004155     -0.00000000
ATVX     1  Mu1.0018  Se1.120                       0.26729988     -0.00011282      0.00027494     -0.00000003
ATVX     1  Mu1.0019  Se1.120                       0.26904912      0.00033279     -0.00075912     -0.00000025
ATVX     1  Mu1.0020  Se1.120                       0.27162835     -0.00018478      0.00042349     -0.00000008
ATVX     1  Mu1.0021  Se1.120                       0.27552418      0.00015715     -0.00039845     -0.00000006
ATVX     1  Mu1.0022  Se1.120                       0.28387782      0.00000298     -0.00000118     -0.00000000
ATVX     1  Mu1.0023  Se1.120                       0.28613106      0.00001301     -0.00002001     -0.00000000
ATVX     1  Mu1.0024  Se1.120                       0.28821485      0.00015753     -0.00040895     -0.00000006
ATVX     1  Mu1.0025  Se1.120                       0.28977547      0.00002402     -0.00008596     -0.00000000
ATVX     1  Mu1.0026  Se1.120                       0.29264134     -0.00004632      0.00011867     -0.00000001
ATVX     1  Mu1.0027  Se1.120                       0.29687952      0.00000175     -0.00000859     -0.00000000
ATVX     1  Mu1.0028  Se1.120                       0.29867773     -0.00001963      0.00003121     -0.00000000
ATVX     1  Mu1.0001  Se1.121                       0.16703192     -0.00003500      0.00015546     -0.00000001
ATVX     1  Mu1.0002  Se1.121                       0.17692480     -0.00005103      0.00003501     -0.00000000
ATVX     1  Mu1.0003  Se1.121                       0.17789173     -0.00010416      0.00033260     -0.00000003
ATVX     1  Mu1.0004  Se1.121                       0.19087282     -0.00007718      0.00015143     -0.00000001
ATVX     1  Mu1.0005  Se1.121                       0.21475199      0.00002241     -0.00004892     -0.00000000
ATVX     1  Mu1.0006  Se1.121                       0.21990060      0.00000446     -0.00000478     -0.00000000
ATVX     1  Mu1.0007  Se1.121                       0.22694580     -0.00004668      0.00012520     -0.00000001
ATVX     1  Mu1.0008  Se1.121                       0.23607815      0.00001164     -0.00004950     -0.00000000
ATVX     1  Mu1.0009  Se1.121                       0.23806292     -0.00001859      0.00006971     -0.00000000
ATVX     1  Mu1.0010  Se1.121                       0.24215452      0.00000526     -0.00002651     -0.00000000
ATVX     1  Mu1.0011  Se1.121                       0.25013521     -0.00002748      0.00008171     -0.00000000
ATVX     1  Mu1.0012  Se1.121                       0.25873071      0.00005093     -0.00007527     -0.00000000
ATVX     1  Mu1.0013  Se1.121                       0.26317900     -0.00005836      0.00033635     -0.00000002
ATVX     1  Mu1.0014  Se1.121                       0.26469272      0.00001366     -0.00006566     -0.00000000
ATVX     1  Mu1.0015  Se1.121                       0.26995323      0.00013422     -0.00032505     -0.00000004
ATVX     1  Mu1.0016  Se1.121                       0.27108567      0.00042329     -0.00095842     -0.00000041
ATVX     1  Mu1.0017  Se1.121                       0.27586550      0.00013114     -0.00021169     -0.00000003
ATVX     1  Mu1.0018  Se1.121                       0.27754111     -0.00012846      0.00031777     -0.00000004
ATVX     1  Mu1.0019  Se1.121                       0.27929034      0.00042842     -0.00105635     -0.00000045
ATVX     1  Mu1.0020  Se1.121                       0.28186957     -0.00011241      0.00033211     -0.00000004
ATVX     1  Mu1.0021  Se1.121                       0.28576540      0.00093939     -0.00175711     -0.00000165
ATVX     1  Mu1.0022  Se1.121                       0.29411904      0.00009213     -0.00015730     -0.00000001
ATVX     1  Mu1.0023  Se1.121                       0.29637228      0.00006465     -0.00010804     -0.00000001
ATVX     1  Mu1.0024  Se1.121                       0.29845607     -0.00021351      0.00019751     -0.00000004
ATVX     1  Mu1.0001  Se1.122                       0.17498529     -0.00012727      0.00037053     -0.00000005
ATVX     1  Mu1.0002  Se1.122                       0.18487818     -0.00043565      0.00096763     -0.00000042
ATVX     1  Mu1.0003  Se1.122                       0.18584510     -0.00003616      0.00048585     -0.00000002
ATVX     1  Mu1.0004  Se1.122                       0.19882619      0.00055738     -0.00073059     -0.00000041
ATVX     1  Mu1.0005  Se1.122                       0.22270536      0.00001303     -0.00003202     -0.00000000
ATVX     1  Mu1.0006  Se1.122                       0.22785397     -0.00006401      0.00010169     -0.00000001
ATVX     1  Mu1.0007  Se1.122                       0.23489917      0.00004208     -0.00009631     -0.00000000
ATVX     1  Mu1.0008  Se1.122                       0.24403152     -0.00004137      0.00002876     -0.00000000
ATVX     1  Mu1.0009  Se1.122                       0.24601630      0.00026027     -0.00043601     -0.00000011
ATVX     1  Mu1.0010  Se1.122                       0.25010789     -0.00009235      0.00020634     -0.00000002
ATVX     1  Mu1.0011  Se1.122                       0.25808858     -0.00008922      0.00025235     -0.00000002
ATVX     1  Mu1.0012  Se1.122                       0.26668409      0.00008708     -0.00022217     -0.00000002
ATVX     1  Mu1.0013  Se1.122                       0.27113237      0.00001196     -0.00003335     -0.00000000
ATVX     1  Mu1.0014  Se1.122                       0.27264610      0.00007332     -0.00024548     -0.00000002
ATVX     1  Mu1.0015  Se1.122                       0.27790660      0.00014674     -0.00053309     -0.00000008
ATVX     1  Mu1.0016  Se1.122                       0.27903905      0.00001703      0.00005644      0.00000000
ATVX     1  Mu1.0017  Se1.122                       0.28381888     -0.00006347      0.00010435     -0.00000001
ATVX     1  Mu1.0018  Se1.122                       0.28549448     -0.00004714      0.00014454     -0.00000001
ATVX     1  Mu1.0019  Se1.122                       0.28724372     -0.00001424      0.00001744     -0.00000000
ATVX     1  Mu1.0020  Se1.122                       0.28982294     -0.00000601     -0.00004387      0.00000000
ATVX     1  Mu1.0021  Se1.122                       0.29371878     -0.00002337      0.00007301     -0.00000000
ATVX     1  Mu1.0001  Se1.123                       0.17825825     -0.00039233      0.00061913     -0.00000024
ATVX     1  Mu1.0002  Se1.123                       0.18815114     -0.00007854      0.00028274     -0.00000002
ATVX     1  Mu1.0003  Se1.123                       0.18911807      0.00001383     -0.00021493     -0.00000000
ATVX     1  Mu1.0004  Se1.123                       0.20209916      0.00001384     -0.00012908     -0.00000000
ATVX     1  Mu1.0005  Se1.123                       0.22597832      0.00002241     -0.00002400     -0.00000000
ATVX     1  Mu1.0006  Se1.123                       0.23112693      0.00000315     -0.00000839     -0.00000000
ATVX     1  Mu1.0007  Se1.123                       0.23817213     -0.00008462      0.00019911     -0.00000002
ATVX     1  Mu1.0008  Se1.123                       0.24730449     -0.00002882     -0.00001835      0.00000000
ATVX     1  Mu1.0009  Se1.123                       0.24928926     -0.00000076     -0.00005322      0.00000000
ATVX     1  Mu1.0010  Se1.123                       0.25338085      0.00000704     -0.00000208     -0.00000000
ATVX     1  Mu1.0011  Se1.123                       0.26136154      0.00000380     -0.00005880     -0.00000000
ATVX     1  Mu1.0012  Se1.123                       0.26995705      0.00004432     -0.00009352     -0.00000000
ATVX     1  Mu1.0013  Se1.123                       0.27440533      0.00005775     -0.00026812     -0.00000002
ATVX     1  Mu1.0014  Se1.123                       0.27591906     -0.00010690      0.00028662     -0.00000003
ATVX     1  Mu1.0015  Se1.123                       0.28117956      0.00047637     -0.00105243     -0.00000050
ATVX     1  Mu1.0016  Se1.123                       0.28231201      0.00114809     -0.00258208     -0.00000296
ATVX     1  Mu1.0017  Se1.123                       0.28709184     -0.00003213     -0.00007530      0.00000000
ATVX     1  Mu1.0018  Se1.123                       0.28876744     -0.00047760      0.00113563     -0.00000054
ATVX     1  Mu1.0019  Se1.123                       0.29051668      0.00141985     -0.00321656     -0.00000457
ATVX     1  Mu1.0020  Se1.123                       0.29309590     -0.00072528      0.00162026     -0.00000118
ATVX     1  Mu1.0021  Se1.123                       0.29699174      0.00091436     -0.00222170     -0.00000203
ATVX     1  Mu1.0001  Se1.124                       0.18477697     -0.00099596      0.00083319     -0.00000083
ATVX     1  Mu1.0002  Se1.124                       0.19466986      0.00050268     -0.00052915     -0.00000027
ATVX     1  Mu1.0003  Se1.124                       0.19563678     -0.00093891      0.00037579     -0.00000035
ATVX     1  Mu1.0004  Se1.124                       0.20861787     -0.00003136     -0.00005525      0.00000000
ATVX     1  Mu1.0005  Se1.124                       0.23249704      0.00014628     -0.00016566     -0.00000002
ATVX     1  Mu1.0006  Se1.124                       0.23764565      0.00005305      0.00000596      0.00000000
ATVX     1  Mu1.0007  Se1.124                       0.24469085     -0.00015606      0.00014956     -0.00000002
ATVX     1  Mu1.0008  Se1.124                       0.25382320     -0.00001100      0.00005657     -0.00000000
ATVX     1  Mu1.0009  Se1.124                       0.25580798     -0.00057644      0.00096357     -0.00000056
ATVX     1  Mu1.0010  Se1.124                       0.25989957      0.00021348     -0.00030100     -0.00000006
ATVX     1  Mu1.0011  Se1.124                       0.26788026     -0.00102745      0.00172351     -0.00000177
ATVX     1  Mu1.0012  Se1.124                       0.27647577     -0.00043621      0.00086702     -0.00000038
ATVX     1  Mu1.0013  Se1.124                       0.28092405     -0.00003454      0.00014588     -0.00000001
ATVX     1  Mu1.0014  Se1.124                       0.28243778     -0.00024910      0.00076091     -0.00000019
ATVX     1  Mu1.0015  Se1.124                       0.28769828      0.00020769     -0.00051885     -0.00000011
ATVX     1  Mu1.0016  Se1.124                       0.28883073     -0.00009884      0.00021954     -0.00000002
ATVX     1  Mu1.0017  Se1.124                       0.29361056     -0.00013783      0.00037238     -0.00000005
ATVX     1  Mu1.0018  Se1.124                       0.29528616     -0.00012154      0.00031258     -0.00000004
ATVX     1  Mu1.0019  Se1.124                       0.29703540     -0.00020194      0.00053931     -0.00000011
ATVX     1  Mu1.0020  Se1.124                       0.29961462     -0.00019982      0.00064328     -0.00000013
ATVX     1  Mu1.0001  Se1.125                       0.18620570     -0.00005845      0.00007933     -0.00000000
ATVX     1  Mu1.0002  Se1.125                       0.19609859      0.00000461      0.00000221      0.00000000
ATVX     1  Mu1.0003  Se1.125                       0.19706552     -0.00003577     -0.00001177      0.00000000
ATVX     1  Mu1.0004  Se1.125                       0.21004660     -0.00000457     -0.00002295      0.00000000
ATVX     1  Mu1.0005  Se1.125                       0.23392577      0.00001805     -0.00002679     -0.00000000
ATVX     1  Mu1.0006  Se1.125                       0.23907438      0.00001850     -0.00004656     -0.00000000
ATVX     1  Mu1.0007  Se1.125                       0.24611958     -0.00000838      0.00000727     -0.00000000
ATVX     1  Mu1.0008  Se1.125                       0.25525194      0.00001688     -0.00003501     -0.00000000
ATVX     1  Mu1.0009  Se1.125                       0.25723671     -0.00001830      0.00000643     -0.00000000
ATVX     1  Mu1.0010  Se1.125                       0.26132830      0.00002009     -0.00003809     -0.00000000
ATVX     1  Mu1.0011  Se1.125                       0.26930899     -0.00001236      0.00000543     -0.00000000
ATVX     1  Mu1.0012  Se1.125                       0.27790450     -0.00000303      0.00000221     -0.00000000
ATVX     1  Mu1.0013  Se1.125                       0.28235278      0.00007368     -0.00014759     -0.00000001
ATVX     1  Mu1.0014  Se1.125                       0.28386651      0.00001851     -0.00002861     -0.00000000
ATVX     1  Mu1.0015  Se1.125                       0.28912701      0.00019020     -0.00039308     -0.00000007
ATVX     1  Mu1.0016  Se1.125                       0.29025946      0.00044556     -0.00094971     -0.00000042
ATVX     1  Mu1.0017  Se1.125                       0.29503929     -0.00013610      0.00039626     -0.00000005
ATVX     1  Mu1.0018  Se1.125                       0.29671489      0.00003208     -0.00010386     -0.00000000
ATVX     1  Mu1.0019  Se1.125                       0.29846413     -0.00021757      0.00046620     -0.00000010
ATVX     1  Mu1.0001  Se1.126                       0.19311044     -0.00254350      0.00386469     -0.00000983
ATVX     1  Mu1.0002  Se1.126                       0.20300333      0.00026805     -0.00013820     -0.00000004
ATVX     1  Mu1.0003  Se1.126                       0.20397026     -0.00090857      0.00010882     -0.00000010
ATVX     1  Mu1.0004  Se1.126                       0.21695135     -0.00009312      0.00022624     -0.00000002
ATVX     1  Mu1.0005  Se1.126                       0.24083052      0.00019456     -0.00019903     -0.00000004
ATVX     1  Mu1.0006  Se1.126                       0.24597912     -0.00000243      0.00020502     -0.00000000
ATVX     1  Mu1.0007  Se1.126                       0.25302433      0.00006848     -0.00053086     -0.00000004
ATVX     1  Mu1.0008  Se1.126                       0.26215668      0.00010743     -0.00040664     -0.00000004
ATVX     1  Mu1.0009  Se1.126                       0.26414145     -0.00106709      0.00202615     -0.00000216
ATVX     1  Mu1.0010  Se1.126                       0.26823304      0.00041784     -0.00072667     -0.00000030
ATVX     1  Mu1.0011  Se1.126                       0.27621374     -0.00189653      0.00352763     -0.00000669
ATVX     1  Mu1.0012  Se1.126                       0.28480924     -0.00078472      0.00161543     -0.00000127
ATVX     1  Mu1.0013  Se1.126                       0.28925753      0.00001044      0.00005965      0.00000000
ATVX     1  Mu1.0014  Se1.126                       0.29077125     -0.00026122      0.00079896     -0.00000021
ATVX     1  Mu1.0015  Se1.126                       0.29603176      0.00035513     -0.00084970     -0.00000030
ATVX     1  Mu1.0016  Se1.126                       0.29716420     -0.00006207      0.00013569     -0.00000001
ATVX     1  Mu1.0001  Se1.127                       0.20345369      0.00012733     -0.00058333     -0.00000007
ATVX     1  Mu1.0002  Se1.127                       0.21334658      0.00051391     -0.00113656     -0.00000058
ATVX     1  Mu1.0003  Se1.127                       0.21431351     -0.00016197     -0.00040293      0.00000007
ATVX     1  Mu1.0004  Se1.127                       0.22729460     -0.00077976      0.00077378     -0.00000060
ATVX     1  Mu1.0005  Se1.127                       0.25117377     -0.00014628      0.00036168     -0.00000005
ATVX     1  Mu1.0006  Se1.127                       0.25632237      0.00002856      0.00002094      0.00000000
ATVX     1  Mu1.0007  Se1.127                       0.26336758     -0.00010286      0.00021742     -0.00000002
ATVX     1  Mu1.0008  Se1.127                       0.27249993      0.00008486     -0.00009326     -0.00000001
ATVX     1  Mu1.0009  Se1.127                       0.27448470     -0.00039778      0.00058386     -0.00000023
ATVX     1  Mu1.0010  Se1.127                       0.27857630      0.00043418     -0.00085868     -0.00000037
ATVX     1  Mu1.0011  Se1.127                       0.28655699      0.00011598     -0.00033099     -0.00000004
ATVX     1  Mu1.0012  Se1.127                       0.29515249      0.00003376     -0.00004731     -0.00000000
ATVX     1  Mu1.0013  Se1.127                       0.29960078     -0.00002805      0.00006584     -0.00000000
ATVX     1  Mu1.0001  Se1.128                       0.20499289     -0.00006907     -0.00011662      0.00000001
ATVX     1  Mu1.0002  Se1.128                       0.21488577      0.00002004      0.00007609      0.00000000
ATVX     1  Mu1.0003  Se1.128                       0.21585270      0.00013169     -0.00057219     -0.00000008
ATVX     1  Mu1.0004  Se1.128                       0.22883379      0.00012230     -0.00037053     -0.00000005
ATVX     1  Mu1.0005  Se1.128                       0.25271296      0.00000510      0.00002788      0.00000000
ATVX     1  Mu1.0006  Se1.128                       0.25786157     -0.00002261      0.00005671     -0.00000000
ATVX     1  Mu1.0007  Se1.128                       0.26490677     -0.00000352     -0.00003038      0.00000000
ATVX     1  Mu1.0008  Se1.128                       0.27403912     -0.00002600      0.00005913     -0.00000000
ATVX     1  Mu1.0009  Se1.128                       0.27602390      0.00002551     -0.00013033     -0.00000000
ATVX     1  Mu1.0010  Se1.128                       0.28011549     -0.00002579      0.00008242     -0.00000000
ATVX     1  Mu1.0011  Se1.128                       0.28809618      0.00006630     -0.00021871     -0.00000001
ATVX     1  Mu1.0012  Se1.128                       0.29669169     -0.00001914     -0.00001717      0.00000000
ATVX     1  Mu1.0001  Se1.129                       0.21613415      0.00017648     -0.00022546     -0.00000004
ATVX     1  Mu1.0002  Se1.129                       0.22602703      0.00002588     -0.00005531     -0.00000000
ATVX     1  Mu1.0003  Se1.129                       0.22699396      0.00004645      0.00032432      0.00000002
ATVX     1  Mu1.0004  Se1.129                       0.23997505     -0.00020434      0.00079173     -0.00000016
ATVX     1  Mu1.0005  Se1.129                       0.26385422     -0.00003777     -0.00000971      0.00000000
ATVX     1  Mu1.0006  Se1.129                       0.26900283     -0.00006599      0.00013812     -0.00000001
ATVX     1  Mu1.0007  Se1.129                       0.27604803      0.00005521     -0.00008115     -0.00000000
ATVX     1  Mu1.0008  Se1.129                       0.28518038     -0.00006944      0.00011544     -0.00000001
ATVX     1  Mu1.0009  Se1.129                       0.28716515      0.00007997     -0.00002509     -0.00000000
ATVX     1  Mu1.0010  Se1.129                       0.29125675     -0.00001729     -0.00000522      0.00000000
ATVX     1  Mu1.0011  Se1.129                       0.29923744     -0.00001186      0.00007736     -0.00000000
ATVX     1  Mu1.0001  Se1.130                       0.21642090      0.00002791     -0.00020399     -0.00000001
ATVX     1  Mu1.0002  Se1.130                       0.22631378      0.00019325     -0.00046877     -0.00000009
ATVX     1  Mu1.0003  Se1.130                       0.22728071      0.00002641     -0.00046148     -0.00000001
ATVX     1  Mu1.0004  Se1.130                       0.24026180      0.00013163     -0.00084791     -0.00000011
ATVX     1  Mu1.0005  Se1.130                       0.26414097     -0.00002797      0.00015268     -0.00000000
ATVX     1  Mu1.0006  Se1.130                       0.26928958      0.00009771     -0.00012608     -0.00000001
ATVX     1  Mu1.0007  Se1.130                       0.27633478     -0.00004448      0.00008597     -0.00000000
ATVX     1  Mu1.0008  Se1.130                       0.28546713      0.00004080     -0.00005550     -0.00000000
ATVX     1  Mu1.0009  Se1.130                       0.28745191     -0.00017163      0.00028445     -0.00000005
ATVX     1  Mu1.0010  Se1.130                       0.29154350     -0.00013214      0.00032476     -0.00000004
ATVX     1  Mu1.0011  Se1.130                       0.29952419     -0.00004811      0.00009220     -0.00000000
ATVX     1  Mu1.0001  Se1.131                       0.21767472     -0.00002064      0.00003476     -0.00000000
ATVX     1  Mu1.0002  Se1.131                       0.22756761     -0.00003465      0.00007753     -0.00000000
ATVX     1  Mu1.0003  Se1.131                       0.22853453      0.00003646     -0.00008532     -0.00000000
ATVX     1  Mu1.0004  Se1.131                       0.24151562      0.00000758     -0.00003127     -0.00000000
ATVX     1  Mu1.0005  Se1.131                       0.26539479     -0.00000013      0.00000331     -0.00000000
ATVX     1  Mu1.0006  Se1.131                       0.27054340     -0.00000498      0.00001090     -0.00000000
ATVX     1  Mu1.0007  Se1.131                       0.27758860      0.00000673     -0.00001700     -0.00000000
ATVX     1  Mu1.0008  Se1.131                       0.28672095      0.00000537     -0.00001911     -0.00000000
ATVX     1  Mu1.0009  Se1.131                       0.28870573      0.00000760     -0.00001686     -0.00000000
ATVX     1  Mu1.0010  Se1.131                       0.29279732     -0.00000219      0.00000256     -0.00000000
ATVX     1  Mu1.0001  Se1.132                       0.22677225     -0.00077256     -0.00040417      0.00000031
ATVX     1  Mu1.0002  Se1.132                       0.23666514      0.00090908     -0.00134052     -0.00000122
ATVX     1  Mu1.0003  Se1.132                       0.23763207     -0.00167116      0.00171562     -0.00000287
ATVX     1  Mu1.0004  Se1.132                       0.25061315     -0.00011273      0.00022797     -0.00000003
ATVX     1  Mu1.0005  Se1.132                       0.27449232      0.00036641     -0.00061466     -0.00000023
ATVX     1  Mu1.0006  Se1.132                       0.27964093      0.00023410     -0.00039765     -0.00000009
ATVX     1  Mu1.0007  Se1.132                       0.28668613     -0.00080106      0.00183479     -0.00000147
ATVX     1  Mu1.0008  Se1.132                       0.29581849     -0.00061700      0.00129522     -0.00000080
ATVX     1  Mu1.0009  Se1.132                       0.29780326     -0.00079190      0.00120514     -0.00000095
ATVX     1  Mu1.0001  Se1.133                       0.22548411     -0.00013199      0.00012824     -0.00000002
ATVX     1  Mu1.0002  Se1.133                       0.23537700     -0.00024698      0.00080174     -0.00000020
ATVX     1  Mu1.0003  Se1.133                       0.23634392     -0.00030077      0.00038959     -0.00000012
ATVX     1  Mu1.0004  Se1.133                       0.24932501      0.00056916     -0.00183913     -0.00000105
ATVX     1  Mu1.0005  Se1.133                       0.27320418     -0.00004682      0.00022199     -0.00000001
ATVX     1  Mu1.0006  Se1.133                       0.27835279      0.00010869     -0.00008654     -0.00000001
ATVX     1  Mu1.0007  Se1.133                       0.28539799     -0.00009921      0.00023595     -0.00000002
ATVX     1  Mu1.0008  Se1.133                       0.29453035      0.00002264     -0.00003395     -0.00000000
ATVX     1  Mu1.0009  Se1.133                       0.29651512     -0.00010131      0.00019186     -0.00000002
ATVX     1  Mu1.0001  Se1.134                       0.23750935      0.00022810      0.00037658      0.00000009
ATVX     1  Mu1.0002  Se1.134                       0.24740224      0.00081963     -0.00018050     -0.00000015
ATVX     1  Mu1.0003  Se1.134                       0.24836917     -0.00094870     -0.00021435      0.00000020
ATVX     1  Mu1.0004  Se1.134                       0.26135026     -0.00016097      0.00011096     -0.00000002
ATVX     1  Mu1.0005  Se1.134                       0.28522943      0.00019493     -0.00043137     -0.00000008
ATVX     1  Mu1.0006  Se1.134                       0.29037803      0.00021041     -0.00045250     -0.00000010
ATVX     1  Mu1.0007  Se1.134                       0.29742324     -0.00050748      0.00125212     -0.00000064
ATVX     1  Mu1.0001  Se1.135                       0.24278234     -0.00000881      0.00003458     -0.00000000
ATVX     1  Mu1.0002  Se1.135                       0.25267523     -0.00002586      0.00006550     -0.00000000
ATVX     1  Mu1.0003  Se1.135                       0.25364216     -0.00000416      0.00002292     -0.00000000
ATVX     1  Mu1.0004  Se1.135                       0.26662325      0.00001459     -0.00001881     -0.00000000
ATVX     1  Mu1.0005  Se1.135                       0.29050241     -0.00000123      0.00000229     -0.00000000
ATVX     1  Mu1.0006  Se1.135                       0.29565102     -0.00000434      0.00001054     -0.00000000
ATVX     1  Mu1.0001  Se1.136                       0.27024544     -0.00033017      0.00057222     -0.00000019
ATVX     1  Mu1.0002  Se1.136                       0.28013832     -0.00147691      0.00274342     -0.00000405
ATVX     1  Mu1.0003  Se1.136                       0.28110525      0.00053635     -0.00004993     -0.00000003
ATVX     1  Mu1.0004  Se1.136                       0.29408634      0.00276396     -0.00396448     -0.00001096
ATVX     1  Mu1.0001  Se1.137                       0.25863952      0.00025110      0.00082677      0.00000021
ATVX     1  Mu1.0002  Se1.137                       0.26853241     -0.00069053      0.00048961     -0.00000034
ATVX     1  Mu1.0003  Se1.137                       0.26949933      0.00115160     -0.00046577     -0.00000054
ATVX     1  Mu1.0004  Se1.137                       0.28248042      0.00005565      0.00007020      0.00000000
ATVX     1  Mu1.0001  Se1.138                       0.26601056      0.00027474     -0.00040670     -0.00000011
ATVX     1  Mu1.0002  Se1.138                       0.27590344     -0.00001324     -0.00007795      0.00000000
ATVX     1  Mu1.0003  Se1.138                       0.27687037      0.00003775      0.00014814      0.00000001
ATVX     1  Mu1.0004  Se1.138                       0.28985146     -0.00001717      0.00017699     -0.00000000
ATVX     1  Mu1.0001  Se1.139                       0.27037839     -0.00081614     -0.00189611      0.00000155
ATVX     1  Mu1.0002  Se1.139                       0.28027127      0.00030946     -0.00004122     -0.00000001
ATVX     1  Mu1.0003  Se1.139                       0.28123820     -0.00077014     -0.00080210      0.00000062
ATVX     1  Mu1.0004  Se1.139                       0.29421929     -0.00023697      0.00003646     -0.00000001
ATVX     1  Mu1.0001  Se1.140                       0.26885196     -0.00002679      0.00011398     -0.00000000
ATVX     1  Mu1.0002  Se1.140                       0.27874484      0.00009523     -0.00023008     -0.00000002
ATVX     1  Mu1.0003  Se1.140                       0.27971177     -0.00003812     -0.00009685      0.00000000
ATVX     1  Mu1.0004  Se1.140                       0.29269286     -0.00009364     -0.00001937      0.00000000
ATVX     1  Mu1.0001  Se1.141                       0.28558378      0.00021173     -0.00002024     -0.00000000
ATVX     1  Mu1.0002  Se1.141                       0.29547666      0.00018128      0.00043142      0.00000008
ATVX     1  Mu1.0003  Se1.141                       0.29644359      0.00002586      0.00024337      0.00000001
ATVX     1  Mu1.0001  Se1.142                       0.29196904      0.00007327     -0.00007108     -0.00000001
ATVX     1  Mu1.0001  Se1.143                       0.29587106      0.00031683     -0.00033787     -0.00000011
ATVX     1  Mu1.0001  Se1.144                       0.29607222     -0.00012881      0.00043983     -0.00000006
ATVX     1  Mu1.0001  Se1.145                       0.29551378      0.00021405      0.00009552      0.00000002
BVATP    1  Mu1.0001  Se1.113 Se1.113               0.26475423     -0.00001339      0.00000985     -0.00000000
BVATP    1  Mu1.0002  Se1.113 Se1.113               0.27976758     -0.00023491      0.00073694     -0.00000017
BVATP    1  Mu1.0003  Se1.113 Se1.113               0.29261951     -0.00025659      0.00031442     -0.00000008
BVATP    1  Mu1.0001  Se1.114 Se1.113               0.29855119     -0.00008421      0.00015990     -0.00000001
BJATM    1  Mu1.0005  In1.100 Se1.114 Se1.113       0.89072975     -0.02549073      0.02920908     -0.00074456
--

   (Skipping property calculation,
    use PROP keyword to activate)
--

++ CASPT2 computation for group   3

********************************************************************************
 Multi-State initialization phase begins for group   3
--------------------------------------------------------------------------------
********************************************************************************
 Compute H0 matrices for state    3
--------------------------------------------------------------------------------
--------------------------------------------------------------------------------
 H0 matrices have been computed.

********************************************************************************
  CASPT2 EQUATION SOLUTION
--------------------------------------------------------------------------------

  Total nr of CASPT2 parameters:
   Before reduction:  1876168956
   After  reduction:  1876107844

 Variance of |WF0>:      23.3762730541

 The contributions to the second order correlation energy in atomic units.
-----------------------------------------------------------------------------------------------------------------------------
  IT.      VJTU        VJTI        ATVX        AIVX        VJAI        BVAT        BJAT        BJAI        TOTAL       RNORM  
-----------------------------------------------------------------------------------------------------------------------------
   1    -0.029842   -0.031379   -0.017704   -0.129786   -0.394111   -0.126440   -0.708998   -3.526813   -4.965072    0.013294
   2    -0.030942   -0.031516   -0.017934   -0.130527   -0.394555   -0.126683   -0.710166   -3.527520   -4.969843    0.002382
   3    -0.030996   -0.031523   -0.017964   -0.130525   -0.394559   -0.126724   -0.710242   -3.527533   -4.970067    0.000319
   4    -0.031006   -0.031520   -0.017958   -0.130505   -0.394546   -0.126716   -0.710202   -3.527508   -4.969961    0.000050
   5    -0.031007   -0.031520   -0.017958   -0.130504   -0.394545   -0.126715   -0.710200   -3.527508   -4.969957    0.000007
   6    -0.031007   -0.031520   -0.017958   -0.130504   -0.394546   -0.126715   -0.710201   -3.527509   -4.969960    0.000001
-----------------------------------------------------------------------------------------------------------------------------

  FINAL CASPT2 RESULT:

      Reference energy:       -3929.6522134803
      E2 (Non-variational):      -4.9699596017
      Shift correction:          -0.0335236023
      E2 (Variational):          -5.0034832040
      Total energy:           -3934.6556966842
      Residual norm:              0.0000001438
      Reference weight:           0.37988

      Contributions to the CASPT2 correlation energy
      Active & Virtual Only:         -0.1446730917
      One Inactive Excited:          -0.8717125219
      Two Inactive Excited:          -3.9535739881


++ Denominators, etc.
--------------------------------------------------------------------------------------------------------------
 Report on small energy denominators, large coefficients, and large energy contributions.
CASE  SYMM ACTIVE-MIX  NON-ACTIVE INDICES          DENOMINATOR     RHS VALUE       COEFFICIENT     CONTRIBUTION
VJTU     1  Mu1.0001  In1.092                       0.35479959      0.01447155     -0.02886682     -0.00041775
VJTU     1  Mu1.0002  In1.092                       0.36909736      0.03237312     -0.06510316     -0.00210759
VJTU     1  Mu1.0003  In1.092                       0.39911602      0.02289159     -0.04318626     -0.00098860
VJTU     1  Mu1.0001  In1.093                       0.33761321     -0.01372079      0.02907029     -0.00039887
VJTU     1  Mu1.0002  In1.093                       0.35191098     -0.02437278      0.05000118     -0.00121867
VJTU     1  Mu1.0003  In1.093                       0.38192964     -0.01676635      0.03366908     -0.00056451
VJTU     1  Mu1.0002  In1.095                       0.35577727     -0.02736329      0.05351234     -0.00146427
VJTU     1  Mu1.0003  In1.095                       0.38579593     -0.01727327      0.03418506     -0.00059049
VJTU     1  Mu1.0001  In1.098                       0.29893939     -0.00433320      0.00891511     -0.00003863
VJTU     1  Mu1.0001  In1.099                       0.27655882     -0.00282482      0.00653851     -0.00001847
VJTU     1  Mu1.0002  In1.099                       0.29085659     -0.00377103      0.00852512     -0.00003215
VJTU     1  Mu1.0001  In1.100                       0.26688740     -0.00131901      0.00316477     -0.00000417
VJTU     1  Mu1.0002  In1.100                       0.28118517      0.00208542     -0.00527284     -0.00001100
VJTU     1  Mu1.0151  In1.100                       0.70192078      0.02379987     -0.03359775     -0.00079962
ATVX     1  Mu1.0001  Se1.113                       0.06768076     -0.00047850      0.00105700     -0.00000051
ATVX     1  Mu1.0002  Se1.113                       0.09885373     -0.00112292      0.00229526     -0.00000258
ATVX     1  Mu1.0003  Se1.113                       0.10329978     -0.00055847      0.00110212     -0.00000062
ATVX     1  Mu1.0004  Se1.113                       0.14733220      0.00000070      0.00008256      0.00000000
ATVX     1  Mu1.0005  Se1.113                       0.15964768      0.00009210     -0.00029736     -0.00000003
ATVX     1  Mu1.0006  Se1.113                       0.16484013     -0.00087489      0.00218277     -0.00000191
ATVX     1  Mu1.0007  Se1.113                       0.16971153     -0.00155344      0.00376911     -0.00000586
ATVX     1  Mu1.0008  Se1.113                       0.18316127      0.00063117     -0.00168954     -0.00000107
ATVX     1  Mu1.0009  Se1.113                       0.19010913      0.00014048     -0.00038215     -0.00000005
ATVX     1  Mu1.0010  Se1.113                       0.19399860     -0.00002677      0.00002505     -0.00000000
ATVX     1  Mu1.0011  Se1.113                       0.20251575     -0.00017298      0.00048187     -0.00000008
ATVX     1  Mu1.0012  Se1.113                       0.20467295     -0.00006021      0.00019649     -0.00000001
ATVX     1  Mu1.0013  Se1.113                       0.20804034     -0.00001258      0.00005018     -0.00000000
ATVX     1  Mu1.0014  Se1.113                       0.22385897     -0.00066169      0.00158833     -0.00000105
ATVX     1  Mu1.0015  Se1.113                       0.22800790     -0.00061286      0.00155243     -0.00000095
ATVX     1  Mu1.0016  Se1.113                       0.23072026     -0.00050896      0.00123488     -0.00000063
ATVX     1  Mu1.0017  Se1.113                       0.23297174      0.00000153     -0.00003218     -0.00000000
ATVX     1  Mu1.0018  Se1.113                       0.24203580     -0.00011474      0.00014352     -0.00000002
ATVX     1  Mu1.0019  Se1.113                       0.25308489     -0.00134396      0.00325317     -0.00000437
ATVX     1  Mu1.0020  Se1.113                       0.25570163     -0.00042895      0.00105165     -0.00000045
ATVX     1  Mu1.0021  Se1.113                       0.25670566     -0.00100500      0.00248283     -0.00000250
ATVX     1  Mu1.0022  Se1.113                       0.25913888     -0.00002183      0.00002869     -0.00000000
ATVX     1  Mu1.0023  Se1.113                       0.26576009      0.00081231     -0.00183018     -0.00000149
ATVX     1  Mu1.0024  Se1.113                       0.26838932     -0.00079517      0.00191744     -0.00000152
ATVX     1  Mu1.0025  Se1.113                       0.27226255     -0.00166276      0.00406434     -0.00000676
ATVX     1  Mu1.0026  Se1.113                       0.27412085      0.00006622     -0.00014933     -0.00000001
ATVX     1  Mu1.0027  Se1.113                       0.27896792      0.00012588     -0.00028873     -0.00000004
ATVX     1  Mu1.0028  Se1.113                       0.28238609      0.00021597     -0.00053136     -0.00000011
ATVX     1  Mu1.0029  Se1.113                       0.28813958     -0.00081666      0.00191393     -0.00000156
ATVX     1  Mu1.0030  Se1.113                       0.29222644      0.00043807     -0.00107247     -0.00000047
ATVX     1  Mu1.0031  Se1.113                       0.29505286      0.00013468     -0.00029650     -0.00000004
ATVX     1  Mu1.0032  Se1.113                       0.29728632     -0.00063035      0.00145854     -0.00000092
ATVX     1  Mu1.0001  Se1.114                       0.10062320      0.00001088     -0.00003143     -0.00000000
ATVX     1  Mu1.0002  Se1.114                       0.13179617     -0.00004031      0.00009688     -0.00000000
ATVX     1  Mu1.0003  Se1.114                       0.13624222     -0.00003150      0.00008860     -0.00000000
ATVX     1  Mu1.0004  Se1.114                       0.18027464      0.00007831     -0.00023111     -0.00000002
ATVX     1  Mu1.0005  Se1.114                       0.19259012      0.00004189     -0.00010923     -0.00000000
ATVX     1  Mu1.0006  Se1.114                       0.19778257      0.00012188     -0.00031385     -0.00000004
ATVX     1  Mu1.0007  Se1.114                       0.20265397      0.00015147     -0.00040705     -0.00000006
ATVX     1  Mu1.0008  Se1.114                       0.21610371     -0.00007548      0.00019409     -0.00000001
ATVX     1  Mu1.0009  Se1.114                       0.22305157     -0.00010524      0.00024792     -0.00000003
ATVX     1  Mu1.0010  Se1.114                       0.22694104      0.00107111     -0.00258932     -0.00000277
ATVX     1  Mu1.0011  Se1.114                       0.23545819      0.00001727     -0.00006979     -0.00000000
ATVX     1  Mu1.0012  Se1.114                       0.23761539     -0.00005754      0.00014316     -0.00000001
ATVX     1  Mu1.0013  Se1.114                       0.24098278     -0.00022450      0.00056722     -0.00000013
ATVX     1  Mu1.0014  Se1.114                       0.25680141      0.00018225     -0.00043560     -0.00000008
ATVX     1  Mu1.0015  Se1.114                       0.26095034      0.00010158     -0.00022510     -0.00000002
ATVX     1  Mu1.0016  Se1.114                       0.26366270      0.00013112     -0.00030277     -0.00000004
ATVX     1  Mu1.0017  Se1.114                       0.26591418      0.00050604     -0.00126759     -0.00000064
ATVX     1  Mu1.0018  Se1.114                       0.27497824      0.00002306     -0.00002541     -0.00000000
ATVX     1  Mu1.0019  Se1.114                       0.28602733     -0.00006662      0.00015163     -0.00000001
ATVX     1  Mu1.0020  Se1.114                       0.28864407      0.00059574     -0.00134654     -0.00000080
ATVX     1  Mu1.0021  Se1.114                       0.28964810     -0.00003677      0.00008197     -0.00000000
ATVX     1  Mu1.0022  Se1.114                       0.29208132     -0.00046963      0.00095049     -0.00000045
ATVX     1  Mu1.0023  Se1.114                       0.29870253     -0.00005275      0.00012581     -0.00000001
ATVX     1  Mu1.0001  Se1.115                       0.10457654      0.00084608     -0.00203864     -0.00000172
ATVX     1  Mu1.0002  Se1.115                       0.13574951     -0.00173297      0.00400246     -0.00000694
ATVX     1  Mu1.0003  Se1.115                       0.14019556     -0.00038428      0.00073602     -0.00000028
ATVX     1  Mu1.0004  Se1.115                       0.18422798      0.00071257     -0.00193329     -0.00000138
ATVX     1  Mu1.0005  Se1.115                       0.19654346      0.00028419     -0.00092150     -0.00000026
ATVX     1  Mu1.0006  Se1.115                       0.20173591      0.00025432     -0.00069231     -0.00000018
ATVX     1  Mu1.0007  Se1.115                       0.20660731     -0.00011242     -0.00007089      0.00000001
ATVX     1  Mu1.0008  Se1.115                       0.22005704     -0.00084100      0.00221027     -0.00000186
ATVX     1  Mu1.0009  Se1.115                       0.22700491      0.00051020     -0.00135657     -0.00000069
ATVX     1  Mu1.0010  Se1.115                       0.23089438      0.00005228     -0.00013698     -0.00000001
ATVX     1  Mu1.0011  Se1.115                       0.23941153      0.00036808     -0.00088488     -0.00000033
ATVX     1  Mu1.0012  Se1.115                       0.24156873     -0.00062639      0.00163463     -0.00000102
ATVX     1  Mu1.0013  Se1.115                       0.24493611     -0.00000636      0.00002503     -0.00000000
ATVX     1  Mu1.0014  Se1.115                       0.26075475     -0.00038725      0.00098588     -0.00000038
ATVX     1  Mu1.0015  Se1.115                       0.26490368     -0.00025315      0.00049289     -0.00000012
ATVX     1  Mu1.0016  Se1.115                       0.26761604     -0.00015421      0.00042161     -0.00000007
ATVX     1  Mu1.0017  Se1.115                       0.26986752     -0.00002356      0.00004705     -0.00000000
ATVX     1  Mu1.0018  Se1.115                       0.27893158     -0.00049717      0.00124903     -0.00000062
ATVX     1  Mu1.0019  Se1.115                       0.28998067     -0.00039062      0.00092375     -0.00000036
ATVX     1  Mu1.0020  Se1.115                       0.29259741     -0.00003983      0.00008366     -0.00000000
ATVX     1  Mu1.0021  Se1.115                       0.29360144      0.00035527     -0.00092658     -0.00000033
ATVX     1  Mu1.0022  Se1.115                       0.29603466     -0.00005535      0.00014494     -0.00000001
ATVX     1  Mu1.0001  Se1.116                       0.10930302     -0.00098760      0.00205013     -0.00000202
ATVX     1  Mu1.0002  Se1.116                       0.14047599     -0.00244458      0.00591026     -0.00001445
ATVX     1  Mu1.0003  Se1.116                       0.14492204     -0.00073702      0.00150569     -0.00000111
ATVX     1  Mu1.0004  Se1.116                       0.18895446      0.00072036     -0.00181421     -0.00000131
ATVX     1  Mu1.0005  Se1.116                       0.20126994     -0.00012758      0.00054241     -0.00000007
ATVX     1  Mu1.0006  Se1.116                       0.20646239      0.00126055     -0.00293670     -0.00000370
ATVX     1  Mu1.0007  Se1.116                       0.21133379      0.00032284     -0.00066702     -0.00000022
ATVX     1  Mu1.0008  Se1.116                       0.22478353     -0.00077970      0.00210184     -0.00000164
ATVX     1  Mu1.0009  Se1.116                       0.23173139     -0.00074808      0.00195360     -0.00000146
ATVX     1  Mu1.0010  Se1.116                       0.23562086     -0.00002481      0.00007063     -0.00000000
ATVX     1  Mu1.0011  Se1.116                       0.24413801      0.00018876     -0.00032220     -0.00000006
ATVX     1  Mu1.0012  Se1.116                       0.24629522      0.00047608     -0.00124203     -0.00000059
ATVX     1  Mu1.0013  Se1.116                       0.24966260     -0.00002502      0.00006613     -0.00000000
ATVX     1  Mu1.0014  Se1.116                       0.26548123     -0.00084525      0.00204647     -0.00000173
ATVX     1  Mu1.0015  Se1.116                       0.26963016     -0.00062139      0.00150540     -0.00000094
ATVX     1  Mu1.0016  Se1.116                       0.27234252     -0.00008497      0.00015711     -0.00000001
ATVX     1  Mu1.0017  Se1.116                       0.27459400     -0.00000449      0.00001391     -0.00000000
ATVX     1  Mu1.0018  Se1.116                       0.28365807      0.00027385     -0.00061803     -0.00000017
ATVX     1  Mu1.0019  Se1.116                       0.29470715     -0.00040125      0.00089602     -0.00000036
ATVX     1  Mu1.0020  Se1.116                       0.29732389     -0.00003681      0.00006948     -0.00000000
ATVX     1  Mu1.0021  Se1.116                       0.29832792      0.00046359     -0.00107775     -0.00000050
ATVX     1  Mu1.0001  Se1.117                       0.11339943      0.00001691     -0.00003918     -0.00000000
ATVX     1  Mu1.0002  Se1.117                       0.14457241     -0.00001434      0.00003522     -0.00000000
ATVX     1  Mu1.0003  Se1.117                       0.14901846     -0.00000653      0.00001789     -0.00000000
ATVX     1  Mu1.0004  Se1.117                       0.19305088      0.00000619     -0.00001866     -0.00000000
ATVX     1  Mu1.0005  Se1.117                       0.20536636      0.00000332     -0.00001127     -0.00000000
ATVX     1  Mu1.0006  Se1.117                       0.21055880     -0.00000449      0.00001127     -0.00000000
ATVX     1  Mu1.0007  Se1.117                       0.21543021      0.00000123     -0.00000416     -0.00000000
ATVX     1  Mu1.0008  Se1.117                       0.22887994     -0.00000121      0.00000379     -0.00000000
ATVX     1  Mu1.0009  Se1.117                       0.23582781      0.00001105     -0.00002848     -0.00000000
ATVX     1  Mu1.0010  Se1.117                       0.23971727     -0.00021502      0.00051488     -0.00000011
ATVX     1  Mu1.0011  Se1.117                       0.24823443      0.00000715     -0.00002277     -0.00000000
ATVX     1  Mu1.0012  Se1.117                       0.25039163     -0.00000993      0.00002683     -0.00000000
ATVX     1  Mu1.0013  Se1.117                       0.25375901     -0.00005591      0.00014529     -0.00000001
ATVX     1  Mu1.0014  Se1.117                       0.26957765     -0.00001522      0.00003870     -0.00000000
ATVX     1  Mu1.0015  Se1.117                       0.27372657     -0.00000032      0.00000022     -0.00000000
ATVX     1  Mu1.0016  Se1.117                       0.27643894     -0.00000532      0.00001157     -0.00000000
ATVX     1  Mu1.0017  Se1.117                       0.27869041      0.00005572     -0.00014651     -0.00000001
ATVX     1  Mu1.0018  Se1.117                       0.28775448     -0.00000981      0.00002318     -0.00000000
ATVX     1  Mu1.0019  Se1.117                       0.29880357     -0.00000108      0.00000264     -0.00000000
ATVX     1  Mu1.0001  Se1.118                       0.12256487      0.00001310     -0.00003302     -0.00000000
ATVX     1  Mu1.0002  Se1.118                       0.15373785     -0.00002418      0.00005550     -0.00000000
ATVX     1  Mu1.0003  Se1.118                       0.15818390      0.00000783     -0.00001712     -0.00000000
ATVX     1  Mu1.0004  Se1.118                       0.20221632      0.00002564     -0.00007113     -0.00000000
ATVX     1  Mu1.0005  Se1.118                       0.21453180      0.00001278     -0.00003766     -0.00000000
ATVX     1  Mu1.0006  Se1.118                       0.21972424      0.00002521     -0.00006788     -0.00000000
ATVX     1  Mu1.0007  Se1.118                       0.22459565      0.00003544     -0.00010152     -0.00000000
ATVX     1  Mu1.0008  Se1.118                       0.23804538     -0.00003487      0.00008717     -0.00000000
ATVX     1  Mu1.0009  Se1.118                       0.24499325     -0.00002221      0.00004782     -0.00000000
ATVX     1  Mu1.0010  Se1.118                       0.24888271      0.00041119     -0.00097886     -0.00000040
ATVX     1  Mu1.0011  Se1.118                       0.25739987     -0.00000248     -0.00000400      0.00000000
ATVX     1  Mu1.0012  Se1.118                       0.25955707     -0.00002213      0.00005771     -0.00000000
ATVX     1  Mu1.0013  Se1.118                       0.26292445     -0.00002425      0.00008116     -0.00000000
ATVX     1  Mu1.0014  Se1.118                       0.27874309      0.00003728     -0.00008624     -0.00000000
ATVX     1  Mu1.0015  Se1.118                       0.28289201      0.00001215     -0.00002897     -0.00000000
ATVX     1  Mu1.0016  Se1.118                       0.28560438      0.00003157     -0.00007290     -0.00000000
ATVX     1  Mu1.0017  Se1.118                       0.28785585      0.00013315     -0.00033928     -0.00000005
ATVX     1  Mu1.0018  Se1.118                       0.29691992     -0.00000233      0.00001083     -0.00000000
ATVX     1  Mu1.0001  Se1.119                       0.12240848      0.00093617     -0.00250307     -0.00000234
ATVX     1  Mu1.0002  Se1.119                       0.15358146     -0.00149070      0.00380960     -0.00000568
ATVX     1  Mu1.0003  Se1.119                       0.15802751     -0.00018763      0.00041046     -0.00000008
ATVX     1  Mu1.0004  Se1.119                       0.20205993      0.00074072     -0.00208834     -0.00000155
ATVX     1  Mu1.0005  Se1.119                       0.21437541      0.00021796     -0.00076401     -0.00000017
ATVX     1  Mu1.0006  Se1.119                       0.21956785      0.00018244     -0.00049722     -0.00000009
ATVX     1  Mu1.0007  Se1.119                       0.22443926     -0.00002486     -0.00012203      0.00000000
ATVX     1  Mu1.0008  Se1.119                       0.23788899     -0.00072048      0.00190542     -0.00000137
ATVX     1  Mu1.0009  Se1.119                       0.24483686      0.00043396     -0.00113865     -0.00000049
ATVX     1  Mu1.0010  Se1.119                       0.24872632      0.00002433     -0.00006317     -0.00000000
ATVX     1  Mu1.0011  Se1.119                       0.25724348      0.00031161     -0.00079631     -0.00000025
ATVX     1  Mu1.0012  Se1.119                       0.25940068     -0.00052556      0.00137189     -0.00000072
ATVX     1  Mu1.0013  Se1.119                       0.26276806     -0.00000784      0.00002149     -0.00000000
ATVX     1  Mu1.0014  Se1.119                       0.27858670     -0.00017787      0.00048398     -0.00000009
ATVX     1  Mu1.0015  Se1.119                       0.28273562     -0.00007711      0.00009694     -0.00000001
ATVX     1  Mu1.0016  Se1.119                       0.28544799     -0.00003879      0.00017781     -0.00000001
ATVX     1  Mu1.0017  Se1.119                       0.28769946     -0.00002409      0.00004872     -0.00000000
ATVX     1  Mu1.0018  Se1.119                       0.29676353     -0.00037732      0.00096354     -0.00000036
ATVX     1  Mu1.0001  Se1.120                       0.12871361      0.00002593     -0.00006862     -0.00000000
ATVX     1  Mu1.0002  Se1.120                       0.15988659     -0.00004542      0.00011552     -0.00000001
ATVX     1  Mu1.0003  Se1.120                       0.16433264     -0.00001676      0.00004574     -0.00000000
ATVX     1  Mu1.0004  Se1.120                       0.20836506      0.00001764     -0.00004880     -0.00000000
ATVX     1  Mu1.0005  Se1.120                       0.22068054      0.00000567     -0.00001769     -0.00000000
ATVX     1  Mu1.0006  Se1.120                       0.22587298     -0.00000444      0.00001474     -0.00000000
ATVX     1  Mu1.0007  Se1.120                       0.23074439     -0.00000342      0.00000825     -0.00000000
ATVX     1  Mu1.0008  Se1.120                       0.24419412     -0.00000590      0.00001644     -0.00000000
ATVX     1  Mu1.0009  Se1.120                       0.25114199      0.00001833     -0.00004463     -0.00000000
ATVX     1  Mu1.0010  Se1.120                       0.25503146     -0.00043240      0.00100904     -0.00000044
ATVX     1  Mu1.0011  Se1.120                       0.26354861      0.00001258     -0.00003952     -0.00000000
ATVX     1  Mu1.0012  Se1.120                       0.26570581     -0.00001636      0.00004272     -0.00000000
ATVX     1  Mu1.0013  Se1.120                       0.26907319     -0.00008499      0.00022384     -0.00000002
ATVX     1  Mu1.0014  Se1.120                       0.28489183     -0.00002971      0.00007779     -0.00000000
ATVX     1  Mu1.0015  Se1.120                       0.28904075     -0.00000553      0.00001134     -0.00000000
ATVX     1  Mu1.0016  Se1.120                       0.29175312     -0.00001093      0.00002473     -0.00000000
ATVX     1  Mu1.0017  Se1.120                       0.29400460      0.00008877     -0.00023492     -0.00000002
ATVX     1  Mu1.0001  Se1.121                       0.13878319      0.00003861     -0.00008868     -0.00000000
ATVX     1  Mu1.0002  Se1.121                       0.16995617     -0.00011510      0.00025577     -0.00000003
ATVX     1  Mu1.0003  Se1.121                       0.17440222     -0.00006583      0.00020009     -0.00000001
ATVX     1  Mu1.0004  Se1.121                       0.21843463      0.00005896     -0.00018308     -0.00000001
ATVX     1  Mu1.0005  Se1.121                       0.23075011      0.00001612     -0.00004728     -0.00000000
ATVX     1  Mu1.0006  Se1.121                       0.23594256      0.00011549     -0.00031447     -0.00000004
ATVX     1  Mu1.0007  Se1.121                       0.24081397      0.00013383     -0.00036710     -0.00000005
ATVX     1  Mu1.0008  Se1.121                       0.25426370     -0.00006000      0.00014784     -0.00000001
ATVX     1  Mu1.0009  Se1.121                       0.26121156     -0.00003013      0.00006793     -0.00000000
ATVX     1  Mu1.0010  Se1.121                       0.26510103     -0.00041327      0.00087419     -0.00000036
ATVX     1  Mu1.0011  Se1.121                       0.27361818      0.00003224     -0.00011907     -0.00000000
ATVX     1  Mu1.0012  Se1.121                       0.27577539     -0.00005108      0.00011778     -0.00000001
ATVX     1  Mu1.0013  Se1.121                       0.27914277     -0.00016441      0.00042271     -0.00000007
ATVX     1  Mu1.0014  Se1.121                       0.29496141     -0.00004800      0.00013310     -0.00000001
ATVX     1  Mu1.0015  Se1.121                       0.29911033      0.00001609     -0.00001621     -0.00000000
ATVX     1  Mu1.0001  Se1.122                       0.14709252     -0.00032299      0.00044619     -0.00000014
ATVX     1  Mu1.0002  Se1.122                       0.17826549     -0.00168342      0.00448524     -0.00000755
ATVX     1  Mu1.0003  Se1.122                       0.18271154     -0.00065036      0.00163535     -0.00000106
ATVX     1  Mu1.0004  Se1.122                       0.22674396      0.00055855     -0.00159678     -0.00000089
ATVX     1  Mu1.0005  Se1.122                       0.23905944     -0.00003818      0.00017836     -0.00000001
ATVX     1  Mu1.0006  Se1.122                       0.24425189      0.00065409     -0.00144771     -0.00000095
ATVX     1  Mu1.0007  Se1.122                       0.24912329     -0.00008983      0.00036317     -0.00000003
ATVX     1  Mu1.0008  Se1.122                       0.26257302     -0.00044052      0.00122188     -0.00000054
ATVX     1  Mu1.0009  Se1.122                       0.26952089     -0.00042160      0.00105728     -0.00000045
ATVX     1  Mu1.0010  Se1.122                       0.27341036     -0.00002121      0.00006056     -0.00000000
ATVX     1  Mu1.0011  Se1.122                       0.28192751      0.00020724     -0.00049915     -0.00000010
ATVX     1  Mu1.0012  Se1.122                       0.28408471      0.00022410     -0.00054387     -0.00000012
ATVX     1  Mu1.0013  Se1.122                       0.28745209     -0.00001209      0.00002200     -0.00000000
ATVX     1  Mu1.0001  Se1.123                       0.14794360      0.00006170     -0.00017373     -0.00000001
ATVX     1  Mu1.0002  Se1.123                       0.17911658     -0.00008456      0.00026688     -0.00000002
ATVX     1  Mu1.0003  Se1.123                       0.18356263     -0.00003268      0.00009226     -0.00000000
ATVX     1  Mu1.0004  Se1.123                       0.22759504      0.00000010      0.00002323      0.00000000
ATVX     1  Mu1.0005  Se1.123                       0.23991052      0.00000928     -0.00003065     -0.00000000
ATVX     1  Mu1.0006  Se1.123                       0.24510297     -0.00013930      0.00037364     -0.00000005
ATVX     1  Mu1.0007  Se1.123                       0.24997438     -0.00017348      0.00045647     -0.00000008
ATVX     1  Mu1.0008  Se1.123                       0.26342411      0.00005857     -0.00013329     -0.00000001
ATVX     1  Mu1.0009  Se1.123                       0.27037198      0.00008023     -0.00018804     -0.00000002
ATVX     1  Mu1.0010  Se1.123                       0.27426144     -0.00139760      0.00321763     -0.00000450
ATVX     1  Mu1.0011  Se1.123                       0.28277859      0.00004127     -0.00012144     -0.00000001
ATVX     1  Mu1.0012  Se1.123                       0.28493580     -0.00001692      0.00006553     -0.00000000
ATVX     1  Mu1.0013  Se1.123                       0.28830318     -0.00045944      0.00113933     -0.00000052
ATVX     1  Mu1.0001  Se1.124                       0.15574550      0.00406245     -0.01097035     -0.00004457
ATVX     1  Mu1.0002  Se1.124                       0.18691848     -0.00416428      0.01135728     -0.00004729
ATVX     1  Mu1.0003  Se1.124                       0.19136453     -0.00081588      0.00192404     -0.00000157
ATVX     1  Mu1.0004  Se1.124                       0.23539694      0.00353156     -0.00947052     -0.00003345
ATVX     1  Mu1.0005  Se1.124                       0.24771242      0.00071577     -0.00236311     -0.00000169
ATVX     1  Mu1.0006  Se1.124                       0.25290487      0.00088314     -0.00207864     -0.00000184
ATVX     1  Mu1.0007  Se1.124                       0.25777628      0.00143666     -0.00376608     -0.00000541
ATVX     1  Mu1.0008  Se1.124                       0.27122601     -0.00176643      0.00448007     -0.00000791
ATVX     1  Mu1.0009  Se1.124                       0.27817387      0.00050889     -0.00140856     -0.00000072
ATVX     1  Mu1.0010  Se1.124                       0.28206334      0.00000390     -0.00001098     -0.00000000
ATVX     1  Mu1.0011  Se1.124                       0.29058049      0.00141070     -0.00335987     -0.00000474
ATVX     1  Mu1.0012  Se1.124                       0.29273770     -0.00122306      0.00311228     -0.00000381
ATVX     1  Mu1.0013  Se1.124                       0.29610508      0.00002806     -0.00005868     -0.00000000
ATVX     1  Mu1.0001  Se1.125                       0.15811341     -0.00003127      0.00008376     -0.00000000
ATVX     1  Mu1.0002  Se1.125                       0.18928639      0.00003093     -0.00008559     -0.00000000
ATVX     1  Mu1.0003  Se1.125                       0.19373244      0.00002974     -0.00006886     -0.00000000
ATVX     1  Mu1.0004  Se1.125                       0.23776485     -0.00000969      0.00003131     -0.00000000
ATVX     1  Mu1.0005  Se1.125                       0.25008033      0.00000598     -0.00001265     -0.00000000
ATVX     1  Mu1.0006  Se1.125                       0.25527278     -0.00000389      0.00000986     -0.00000000
ATVX     1  Mu1.0007  Se1.125                       0.26014419     -0.00000161      0.00000073     -0.00000000
ATVX     1  Mu1.0008  Se1.125                       0.27359392     -0.00000197     -0.00000105      0.00000000
ATVX     1  Mu1.0009  Se1.125                       0.28054179     -0.00003017      0.00006647     -0.00000000
ATVX     1  Mu1.0010  Se1.125                       0.28443125      0.00051253     -0.00116765     -0.00000060
ATVX     1  Mu1.0011  Se1.125                       0.29294840     -0.00002366      0.00004839     -0.00000000
ATVX     1  Mu1.0012  Se1.125                       0.29510561      0.00000893     -0.00001481     -0.00000000
ATVX     1  Mu1.0013  Se1.125                       0.29847299      0.00000613      0.00001221      0.00000000
ATVX     1  Mu1.0001  Se1.126                       0.16278538      0.00492927     -0.01283644     -0.00006327
ATVX     1  Mu1.0002  Se1.126                       0.19395836     -0.00403494      0.01109157     -0.00004475
ATVX     1  Mu1.0003  Se1.126                       0.19840441     -0.00064088      0.00129039     -0.00000083
ATVX     1  Mu1.0004  Se1.126                       0.24243683      0.00405981     -0.01057243     -0.00004292
ATVX     1  Mu1.0005  Se1.126                       0.25475231      0.00084084     -0.00267852     -0.00000225
ATVX     1  Mu1.0006  Se1.126                       0.25994475      0.00074629     -0.00165448     -0.00000123
ATVX     1  Mu1.0007  Se1.126                       0.26481616      0.00200376     -0.00504485     -0.00001011
ATVX     1  Mu1.0008  Se1.126                       0.27826589     -0.00178067      0.00438372     -0.00000781
ATVX     1  Mu1.0009  Se1.126                       0.28521376      0.00047877     -0.00135326     -0.00000065
ATVX     1  Mu1.0010  Se1.126                       0.28910322     -0.00001790      0.00004034     -0.00000000
ATVX     1  Mu1.0011  Se1.126                       0.29762038      0.00156843     -0.00361390     -0.00000567
ATVX     1  Mu1.0012  Se1.126                       0.29977758     -0.00130969      0.00328800     -0.00000431
ATVX     1  Mu1.0001  Se1.127                       0.17562111      0.00088899     -0.00158279     -0.00000141
ATVX     1  Mu1.0002  Se1.127                       0.20679408      0.00333385     -0.00893517     -0.00002979
ATVX     1  Mu1.0003  Se1.127                       0.21124013      0.00078718     -0.00231150     -0.00000182
ATVX     1  Mu1.0004  Se1.127                       0.25527255     -0.00133963      0.00375692     -0.00000503
ATVX     1  Mu1.0005  Se1.127                       0.26758803      0.00024327     -0.00059442     -0.00000014
ATVX     1  Mu1.0006  Se1.127                       0.27278048     -0.00215038      0.00525961     -0.00001131
ATVX     1  Mu1.0007  Se1.127                       0.27765188     -0.00099844      0.00234193     -0.00000234
ATVX     1  Mu1.0008  Se1.127                       0.29110162      0.00125997     -0.00328697     -0.00000414
ATVX     1  Mu1.0009  Se1.127                       0.29804948      0.00099866     -0.00238766     -0.00000238
ATVX     1  Mu1.0001  Se1.128                       0.17734655      0.00004035     -0.00012872     -0.00000001
ATVX     1  Mu1.0002  Se1.128                       0.20851953     -0.00001402      0.00009196     -0.00000000
ATVX     1  Mu1.0003  Se1.128                       0.21296558      0.00000015     -0.00000626     -0.00000000
ATVX     1  Mu1.0004  Se1.128                       0.25699800     -0.00002443      0.00007520     -0.00000000
ATVX     1  Mu1.0005  Se1.128                       0.26931348      0.00000611     -0.00002343     -0.00000000
ATVX     1  Mu1.0006  Se1.128                       0.27450592     -0.00011908      0.00031016     -0.00000004
ATVX     1  Mu1.0007  Se1.128                       0.27937733     -0.00016801      0.00045066     -0.00000008
ATVX     1  Mu1.0008  Se1.128                       0.29282706      0.00004669     -0.00011349     -0.00000001
ATVX     1  Mu1.0009  Se1.128                       0.29977493      0.00004369     -0.00010510     -0.00000000
ATVX     1  Mu1.0001  Se1.129                       0.18390642      0.00013512     -0.00037620     -0.00000005
ATVX     1  Mu1.0002  Se1.129                       0.21507940     -0.00017361      0.00048025     -0.00000008
ATVX     1  Mu1.0003  Se1.129                       0.21952545     -0.00010811      0.00026611     -0.00000003
ATVX     1  Mu1.0004  Se1.129                       0.26355787      0.00007481     -0.00021643     -0.00000002
ATVX     1  Mu1.0005  Se1.129                       0.27587335     -0.00001214      0.00001376     -0.00000000
ATVX     1  Mu1.0006  Se1.129                       0.28106579      0.00003929     -0.00010004     -0.00000000
ATVX     1  Mu1.0007  Se1.129                       0.28593720      0.00002746     -0.00005237     -0.00000000
ATVX     1  Mu1.0008  Se1.129                       0.29938693     -0.00003109      0.00009118     -0.00000000
ATVX     1  Mu1.0001  Se1.130                       0.18863160     -0.00091327      0.00287968     -0.00000263
ATVX     1  Mu1.0002  Se1.130                       0.21980458      0.00131316     -0.00334348     -0.00000439
ATVX     1  Mu1.0003  Se1.130                       0.22425063      0.00033529     -0.00077563     -0.00000026
ATVX     1  Mu1.0004  Se1.130                       0.26828305     -0.00008312      0.00041913     -0.00000003
ATVX     1  Mu1.0005  Se1.130                       0.28059853     -0.00018176      0.00048941     -0.00000009
ATVX     1  Mu1.0006  Se1.130                       0.28579097      0.00125320     -0.00331984     -0.00000416
ATVX     1  Mu1.0007  Se1.130                       0.29066238      0.00191809     -0.00459643     -0.00000882
ATVX     1  Mu1.0001  Se1.131                       0.18980425      0.00000215     -0.00000699     -0.00000000
ATVX     1  Mu1.0002  Se1.131                       0.22097723     -0.00000833      0.00002800     -0.00000000
ATVX     1  Mu1.0003  Se1.131                       0.22542328     -0.00001415      0.00004270     -0.00000000
ATVX     1  Mu1.0004  Se1.131                       0.26945569      0.00000017     -0.00000410     -0.00000000
ATVX     1  Mu1.0005  Se1.131                       0.28177117      0.00000107     -0.00000411     -0.00000000
ATVX     1  Mu1.0006  Se1.131                       0.28696362     -0.00000041     -0.00000133      0.00000000
ATVX     1  Mu1.0007  Se1.131                       0.29183503     -0.00000951      0.00002318     -0.00000000
ATVX     1  Mu1.0001  Se1.132                       0.19670377      0.00469454     -0.01289250     -0.00006052
ATVX     1  Mu1.0002  Se1.132                       0.22787674     -0.00636298      0.01716758     -0.00010924
ATVX     1  Mu1.0003  Se1.132                       0.23232279      0.00168451     -0.00432200     -0.00000728
ATVX     1  Mu1.0004  Se1.132                       0.27635521      0.00196574     -0.00499689     -0.00000982
ATVX     1  Mu1.0005  Se1.132                       0.28867069      0.00066893     -0.00238367     -0.00000159
ATVX     1  Mu1.0006  Se1.132                       0.29386314     -0.00234775      0.00532391     -0.00001250
ATVX     1  Mu1.0007  Se1.132                       0.29873454     -0.00290768      0.00686520     -0.00001996
ATVX     1  Mu1.0001  Se1.133                       0.19841995     -0.00140030      0.00416475     -0.00000583
ATVX     1  Mu1.0002  Se1.133                       0.22959292      0.00140912     -0.00337818     -0.00000476
ATVX     1  Mu1.0003  Se1.133                       0.23403897     -0.00026702      0.00077252     -0.00000021
ATVX     1  Mu1.0004  Se1.133                       0.27807139      0.00037320     -0.00072068     -0.00000027
ATVX     1  Mu1.0005  Se1.133                       0.29038687     -0.00021455      0.00067490     -0.00000014
ATVX     1  Mu1.0006  Se1.133                       0.29557932      0.00244322     -0.00607471     -0.00001484
ATVX     1  Mu1.0001  Se1.134                       0.20827968     -0.00120790      0.00226486     -0.00000274
ATVX     1  Mu1.0002  Se1.134                       0.23945266     -0.00108866      0.00285115     -0.00000310
ATVX     1  Mu1.0003  Se1.134                       0.24389871     -0.00261324      0.00634598     -0.00001658
ATVX     1  Mu1.0004  Se1.134                       0.28793112     -0.00038822      0.00046277     -0.00000018
ATVX     1  Mu1.0001  Se1.135                       0.21487065     -0.00000628      0.00001656     -0.00000000
ATVX     1  Mu1.0002  Se1.135                       0.24604362      0.00000492     -0.00001385     -0.00000000
ATVX     1  Mu1.0003  Se1.135                       0.25048967      0.00000546     -0.00001563     -0.00000000
ATVX     1  Mu1.0004  Se1.135                       0.29452209     -0.00000297      0.00000733     -0.00000000
ATVX     1  Mu1.0001  Se1.136                       0.23569825      0.00165955     -0.00548454     -0.00000910
ATVX     1  Mu1.0002  Se1.136                       0.26687122     -0.01120418      0.02803973     -0.00031416
ATVX     1  Mu1.0003  Se1.136                       0.27131727     -0.00483926      0.01184928     -0.00005734
ATVX     1  Mu1.0001  Se1.137                       0.23088492     -0.00059417      0.00234142     -0.00000139
ATVX     1  Mu1.0002  Se1.137                       0.26205790      0.00047469     -0.00176661     -0.00000084
ATVX     1  Mu1.0003  Se1.137                       0.26650395      0.00031660     -0.00069602     -0.00000022
ATVX     1  Mu1.0001  Se1.138                       0.23470994     -0.00026130      0.00079910     -0.00000021
ATVX     1  Mu1.0002  Se1.138                       0.26588292      0.00100659     -0.00254790     -0.00000256
ATVX     1  Mu1.0003  Se1.138                       0.27032897      0.00044252     -0.00109767     -0.00000049
ATVX     1  Mu1.0001  Se1.139                       0.24189484      0.00121866     -0.00403849     -0.00000492
ATVX     1  Mu1.0002  Se1.139                       0.27306782     -0.00379827      0.01051428     -0.00003994
ATVX     1  Mu1.0003  Se1.139                       0.27751387      0.00002452      0.00054219      0.00000001
ATVX     1  Mu1.0001  Se1.140                       0.24185512      0.00032348     -0.00107848     -0.00000035
ATVX     1  Mu1.0002  Se1.140                       0.27302810     -0.00100844      0.00280097     -0.00000282
ATVX     1  Mu1.0003  Se1.140                       0.27747415      0.00003594      0.00008277      0.00000000
ATVX     1  Mu1.0001  Se1.141                       0.25741542      0.00210607     -0.00523309     -0.00001102
ATVX     1  Mu1.0002  Se1.141                       0.28858840      0.00168279     -0.00406791     -0.00000685
ATVX     1  Mu1.0003  Se1.141                       0.29303445     -0.00001019      0.00023188     -0.00000000
ATVX     1  Mu1.0001  Se1.142                       0.26388708      0.00001748     -0.00003022     -0.00000000
ATVX     1  Mu1.0002  Se1.142                       0.29506006      0.00002599     -0.00009886     -0.00000000
ATVX     1  Mu1.0003  Se1.142                       0.29950611     -0.00001261      0.00003063     -0.00000000
ATVX     1  Mu1.0001  Se1.143                       0.26650586      0.00352135     -0.00779615     -0.00002745
ATVX     1  Mu1.0002  Se1.143                       0.29767884      0.00248913     -0.00585168     -0.00001457
ATVX     1  Mu1.0001  Se1.144                       0.26787114      0.00001163     -0.00005384     -0.00000000
ATVX     1  Mu1.0002  Se1.144                       0.29904411     -0.00006012      0.00012306     -0.00000001
ATVX     1  Mu1.0001  Se1.145                       0.26830480     -0.00119451      0.00399822     -0.00000478
ATVX     1  Mu1.0002  Se1.145                       0.29947777      0.00326378     -0.00812720     -0.00002653
ATVX     1  Mu1.0001  Se1.146                       0.28690578      0.00025006     -0.00004768     -0.00000001
ATVX     1  Mu1.0001  Se1.147                       0.29328737     -0.00013639      0.00035625     -0.00000005
ATVX     1  Mu1.0001  Se1.148                       0.29584708      0.00434561     -0.00950409     -0.00004130
ATVX     1  Mu1.0001  Se1.149                       0.29852778     -0.00369298      0.00944332     -0.00003487
ATVX     1  Mu1.0001  Se1.150                       0.29852320      0.00097246     -0.00249839     -0.00000243
BVATP    1  Mu1.0001  Se1.113 Se1.113               0.28263485     -0.00025862      0.00065308     -0.00000017
BJATM    1  Mu1.0005  In1.100 Se1.114 Se1.113       0.88554971     -0.02590585      0.03003571     -0.00077810
--

   (Skipping property calculation,
    use PROP keyword to activate)
--

++ CASPT2 computation for group   4

********************************************************************************
 Multi-State initialization phase begins for group   4
--------------------------------------------------------------------------------
********************************************************************************
 Compute H0 matrices for state    4
--------------------------------------------------------------------------------
--------------------------------------------------------------------------------
 H0 matrices have been computed.

********************************************************************************
  CASPT2 EQUATION SOLUTION
--------------------------------------------------------------------------------

  Total nr of CASPT2 parameters:
   Before reduction:  1876168956
   After  reduction:  1876107844

 Variance of |WF0>:      23.4566029871

 The contributions to the second order correlation energy in atomic units.
-----------------------------------------------------------------------------------------------------------------------------
  IT.      VJTU        VJTI        ATVX        AIVX        VJAI        BVAT        BJAT        BJAI        TOTAL       RNORM  
-----------------------------------------------------------------------------------------------------------------------------
   1    -0.025261   -0.025090   -0.020213   -0.136726   -0.356625   -0.127405   -0.765336   -3.523956   -4.980613    0.016075
   2    -0.026902   -0.025239   -0.020891   -0.137646   -0.357150   -0.127690   -0.766623   -3.525016   -4.987156    0.005381
   3    -0.027007   -0.025254   -0.020951   -0.137634   -0.357169   -0.127741   -0.766626   -3.525017   -4.987399    0.000898
   4    -0.027030   -0.025246   -0.020931   -0.137571   -0.357131   -0.127716   -0.766529   -3.524929   -4.987083    0.000198
   5    -0.027031   -0.025245   -0.020930   -0.137568   -0.357130   -0.127714   -0.766526   -3.524929   -4.987072    0.000031
   6    -0.027031   -0.025245   -0.020929   -0.137569   -0.357132   -0.127715   -0.766530   -3.524932   -4.987082    0.000007
   7    -0.027031   -0.025245   -0.020929   -0.137569   -0.357132   -0.127715   -0.766530   -3.524932   -4.987083    0.000001
-----------------------------------------------------------------------------------------------------------------------------

  FINAL CASPT2 RESULT:

      Reference energy:       -3929.6360425129
      E2 (Non-variational):      -4.9870823794
      Shift correction:          -0.0361464848
      E2 (Variational):          -5.0232288642
      Total energy:           -3934.6592713771
      Residual norm:              0.0000002795
      Reference weight:           0.37744

      Contributions to the CASPT2 correlation energy
      Active & Virtual Only:         -0.1486437236
      One Inactive Excited:          -0.9311298733
      Two Inactive Excited:          -3.9073087825


++ Denominators, etc.
--------------------------------------------------------------------------------------------------------------
 Report on small energy denominators, large coefficients, and large energy contributions.
CASE  SYMM ACTIVE-MIX  NON-ACTIVE INDICES          DENOMINATOR     RHS VALUE       COEFFICIENT     CONTRIBUTION
VJTU     1  Mu1.0001  In1.073                       0.47557868      0.01354830     -0.02573318     -0.00034864
VJTU     1  Mu1.0001  In1.095                       0.29735038      0.05865401     -0.14782444     -0.00867050
VJTU     1  Mu1.0001  In1.097                       0.26849934      0.00704038     -0.01874422     -0.00013197
VJTU     1  Mu1.0002  In1.097                       0.29278080      0.00010437     -0.00063292     -0.00000007
VJTU     1  Mu1.0001  In1.098                       0.24246645      0.00860734     -0.02310309     -0.00019886
VJTU     1  Mu1.0002  In1.098                       0.26674791      0.00027308     -0.00074679     -0.00000020
VJTU     1  Mu1.0003  In1.098                       0.28025405     -0.00024860      0.00041842     -0.00000010
VJTU     1  Mu1.0004  In1.098                       0.28161343      0.00056891     -0.00144845     -0.00000082
VJTU     1  Mu1.0005  In1.098                       0.29840631      0.00043847     -0.00077765     -0.00000034
VJTU     1  Mu1.0001  In1.099                       0.21842663      0.00390866     -0.01089848     -0.00004260
VJTU     1  Mu1.0002  In1.099                       0.24270809      0.00051645     -0.00142576     -0.00000074
VJTU     1  Mu1.0003  In1.099                       0.25621423     -0.00011465      0.00021841     -0.00000003
VJTU     1  Mu1.0004  In1.099                       0.25757361     -0.00021776      0.00064088     -0.00000014
VJTU     1  Mu1.0005  In1.099                       0.27436649      0.00086502     -0.00218818     -0.00000189
VJTU     1  Mu1.0006  In1.099                       0.28257629      0.00038879     -0.00104682     -0.00000041
VJTU     1  Mu1.0007  In1.099                       0.29219140     -0.00071914      0.00181646     -0.00000131
VJTU     1  Mu1.0008  In1.099                       0.29938263     -0.00095928      0.00237344     -0.00000228
VJTU     1  Mu1.0001  In1.100                       0.21907559     -0.00328265      0.00929581     -0.00003051
VJTU     1  Mu1.0002  In1.100                       0.24335706     -0.00078871      0.00143719     -0.00000113
VJTU     1  Mu1.0003  In1.100                       0.25686320     -0.00106237      0.00232903     -0.00000247
VJTU     1  Mu1.0004  In1.100                       0.25822258      0.00024755      0.00001173      0.00000000
VJTU     1  Mu1.0005  In1.100                       0.27501546      0.00197230     -0.00498333     -0.00000983
VJTU     1  Mu1.0006  In1.100                       0.28322525      0.00064892     -0.00162587     -0.00000106
VJTU     1  Mu1.0007  In1.100                       0.29284037      0.00041542     -0.00104470     -0.00000043
VJTIP    1  Mu1.0030  In1.099 In1.099               0.85553902     -0.02627801      0.02897505     -0.00076141
VJTIP    1  Mu1.0014  In1.100 In1.100               0.76791635      0.01824297     -0.02532884     -0.00046207
ATVX     1  Mu1.0001  Se1.113                       0.08890744     -0.00006004      0.00013808     -0.00000001
ATVX     1  Mu1.0002  Se1.113                       0.13297956      0.00011556     -0.00024518     -0.00000003
ATVX     1  Mu1.0003  Se1.113                       0.14091911     -0.00085523      0.00193916     -0.00000166
ATVX     1  Mu1.0004  Se1.113                       0.14858393     -0.00764812      0.01739811     -0.00013306
ATVX     1  Mu1.0005  Se1.113                       0.14889073     -0.00487066      0.01107765     -0.00005396
ATVX     1  Mu1.0006  Se1.113                       0.16011974      0.00168384     -0.00390100     -0.00000657
ATVX     1  Mu1.0007  Se1.113                       0.18068437     -0.00368787      0.00884422     -0.00003262
ATVX     1  Mu1.0008  Se1.113                       0.18722232     -0.00122802      0.00289870     -0.00000356
ATVX     1  Mu1.0009  Se1.113                       0.20048427      0.00124391     -0.00269064     -0.00000335
ATVX     1  Mu1.0010  Se1.113                       0.22545547     -0.00009630      0.00034477     -0.00000003
ATVX     1  Mu1.0011  Se1.113                       0.22946933      0.00012123     -0.00162465     -0.00000020
ATVX     1  Mu1.0012  Se1.113                       0.24393547      0.00012858     -0.00035330     -0.00000005
ATVX     1  Mu1.0013  Se1.113                       0.26182503      0.00001408     -0.00004505     -0.00000000
ATVX     1  Mu1.0014  Se1.113                       0.26866184     -0.00000155     -0.00000686      0.00000000
ATVX     1  Mu1.0015  Se1.113                       0.27596608     -0.00047200      0.00120711     -0.00000057
ATVX     1  Mu1.0016  Se1.113                       0.27839552     -0.00020360      0.00055959     -0.00000011
ATVX     1  Mu1.0017  Se1.113                       0.29211249      0.00035809     -0.00082445     -0.00000030
ATVX     1  Mu1.0018  Se1.113                       0.29493569      0.00079708     -0.00196501     -0.00000157
ATVX     1  Mu1.0019  Se1.113                       0.29778317      0.00092327     -0.00215024     -0.00000199
ATVX     1  Mu1.0054  Se1.113                       0.44351156      0.01390447     -0.02929803     -0.00040737
ATVX     1  Mu1.0001  Se1.114                       0.11264490     -0.00041647      0.00142041     -0.00000059
ATVX     1  Mu1.0002  Se1.114                       0.15671703      0.00898169     -0.01986332     -0.00017841
ATVX     1  Mu1.0003  Se1.114                       0.16465657     -0.00036814      0.00077177     -0.00000028
ATVX     1  Mu1.0004  Se1.114                       0.17232140     -0.00152160      0.00369493     -0.00000562
ATVX     1  Mu1.0005  Se1.114                       0.17262819      0.00066057     -0.00148442     -0.00000098
ATVX     1  Mu1.0006  Se1.114                       0.18385721     -0.00495488      0.01278298     -0.00006334
ATVX     1  Mu1.0007  Se1.114                       0.20442184      0.00394360     -0.01055590     -0.00004163
ATVX     1  Mu1.0008  Se1.114                       0.21095978     -0.01506938      0.04037860     -0.00060848
ATVX     1  Mu1.0009  Se1.114                       0.22422173     -0.00209465      0.00550293     -0.00001153
ATVX     1  Mu1.0010  Se1.114                       0.24919293      0.01232795     -0.03161595     -0.00038976
ATVX     1  Mu1.0011  Se1.114                       0.25320679      0.00072039     -0.00172014     -0.00000124
ATVX     1  Mu1.0012  Se1.114                       0.26767294     -0.00006250      0.00008863     -0.00000001
ATVX     1  Mu1.0013  Se1.114                       0.28556249     -0.00301838      0.00749379     -0.00002262
ATVX     1  Mu1.0014  Se1.114                       0.29239930     -0.00104023      0.00270307     -0.00000281
ATVX     1  Mu1.0015  Se1.114                       0.29970354     -0.00006997      0.00019198     -0.00000001
ATVX     1  Mu1.0077  Se1.114                       0.53706093      0.01460100     -0.02783776     -0.00040646
ATVX     1  Mu1.0085  Se1.114                       0.56152050      0.01460950     -0.02508462     -0.00036647
ATVX     1  Mu1.0001  Se1.115                       0.10980132     -0.00000922      0.00001462     -0.00000000
ATVX     1  Mu1.0002  Se1.115                       0.15387345     -0.00010984      0.00025390     -0.00000003
ATVX     1  Mu1.0003  Se1.115                       0.16181299     -0.00026491      0.00071720     -0.00000019
ATVX     1  Mu1.0004  Se1.115                       0.16947782     -0.00309830      0.00799682     -0.00002478
ATVX     1  Mu1.0005  Se1.115                       0.16978462     -0.00197934      0.00511069     -0.00001012
ATVX     1  Mu1.0006  Se1.115                       0.18101363      0.00070128     -0.00181738     -0.00000127
ATVX     1  Mu1.0007  Se1.115                       0.20157826     -0.00083670      0.00228458     -0.00000191
ATVX     1  Mu1.0008  Se1.115                       0.20811621     -0.00020087      0.00056019     -0.00000011
ATVX     1  Mu1.0009  Se1.115                       0.22137815      0.00087399     -0.00237150     -0.00000207
ATVX     1  Mu1.0010  Se1.115                       0.24634936     -0.00002222      0.00003669     -0.00000000
ATVX     1  Mu1.0011  Se1.115                       0.25036321      0.00025086     -0.00023473     -0.00000006
ATVX     1  Mu1.0012  Se1.115                       0.26482936      0.00001442     -0.00001150     -0.00000000
ATVX     1  Mu1.0013  Se1.115                       0.28271892      0.00001560     -0.00003740     -0.00000000
ATVX     1  Mu1.0014  Se1.115                       0.28955572     -0.00001102      0.00003178     -0.00000000
ATVX     1  Mu1.0015  Se1.115                       0.29685997      0.00043276     -0.00108123     -0.00000047
ATVX     1  Mu1.0016  Se1.115                       0.29928941     -0.00050094      0.00113328     -0.00000057
ATVX     1  Mu1.0001  Se1.116                       0.12610813      0.00002191     -0.00005154     -0.00000000
ATVX     1  Mu1.0002  Se1.116                       0.17018026      0.00006180     -0.00017385     -0.00000001
ATVX     1  Mu1.0003  Se1.116                       0.17811981      0.00023452     -0.00070580     -0.00000017
ATVX     1  Mu1.0004  Se1.116                       0.18578463      0.00526464     -0.01379525     -0.00007263
ATVX     1  Mu1.0005  Se1.116                       0.18609143      0.00332391     -0.00871607     -0.00002897
ATVX     1  Mu1.0006  Se1.116                       0.19732044     -0.00116912      0.00305460     -0.00000357
ATVX     1  Mu1.0007  Se1.116                       0.21788507     -0.00080096      0.00156021     -0.00000125
ATVX     1  Mu1.0008  Se1.116                       0.22442302     -0.00002569     -0.00006415      0.00000000
ATVX     1  Mu1.0009  Se1.116                       0.23768496     -0.00107579      0.00275932     -0.00000297
ATVX     1  Mu1.0010  Se1.116                       0.26265617     -0.00015570      0.00039890     -0.00000006
ATVX     1  Mu1.0011  Se1.116                       0.26667003     -0.00024966      0.00041364     -0.00000010
ATVX     1  Mu1.0012  Se1.116                       0.28113617     -0.00002090      0.00003820     -0.00000000
ATVX     1  Mu1.0013  Se1.116                       0.29902573     -0.00000348      0.00000512     -0.00000000
ATVX     1  Mu1.0001  Se1.117                       0.13401923     -0.00009217      0.00040458     -0.00000004
ATVX     1  Mu1.0002  Se1.117                       0.17809136     -0.00116657      0.00446631     -0.00000521
ATVX     1  Mu1.0003  Se1.117                       0.18603090      0.00020860     -0.00063978     -0.00000013
ATVX     1  Mu1.0004  Se1.117                       0.19369573      0.00190649     -0.00523173     -0.00000997
ATVX     1  Mu1.0005  Se1.117                       0.19400252      0.00094878     -0.00245506     -0.00000233
ATVX     1  Mu1.0006  Se1.117                       0.20523154      0.00044276     -0.00134543     -0.00000060
ATVX     1  Mu1.0007  Se1.117                       0.22579617     -0.00022817      0.00070722     -0.00000016
ATVX     1  Mu1.0008  Se1.117                       0.23233411      0.00355331     -0.00973815     -0.00003460
ATVX     1  Mu1.0009  Se1.117                       0.24559606      0.00020167     -0.00051664     -0.00000010
ATVX     1  Mu1.0010  Se1.117                       0.27056726     -0.00285670      0.00749348     -0.00002141
ATVX     1  Mu1.0011  Se1.117                       0.27458112     -0.00049234      0.00100475     -0.00000049
ATVX     1  Mu1.0012  Se1.117                       0.28904727      0.00013969     -0.00035110     -0.00000005
ATVX     1  Mu1.0001  Se1.118                       0.13899233     -0.00000347     -0.00013520      0.00000000
ATVX     1  Mu1.0002  Se1.118                       0.18306446      0.00150125     -0.00512829     -0.00000770
ATVX     1  Mu1.0003  Se1.118                       0.19100401     -0.00007143      0.00025416     -0.00000002
ATVX     1  Mu1.0004  Se1.118                       0.19866883     -0.00032959      0.00095576     -0.00000032
ATVX     1  Mu1.0005  Se1.118                       0.19897563      0.00006436     -0.00025749     -0.00000002
ATVX     1  Mu1.0006  Se1.118                       0.21020464     -0.00067672      0.00187227     -0.00000127
ATVX     1  Mu1.0007  Se1.118                       0.23076927      0.00081109     -0.00219352     -0.00000178
ATVX     1  Mu1.0008  Se1.118                       0.23730722     -0.00324173      0.00870180     -0.00002821
ATVX     1  Mu1.0009  Se1.118                       0.25056917     -0.00041031      0.00106636     -0.00000044
ATVX     1  Mu1.0010  Se1.118                       0.27554037      0.00282496     -0.00716248     -0.00002023
ATVX     1  Mu1.0011  Se1.118                       0.27955423      0.00021874     -0.00046393     -0.00000010
ATVX     1  Mu1.0012  Se1.118                       0.29402037     -0.00027216      0.00066902     -0.00000018
ATVX     1  Mu1.0001  Se1.119                       0.14242001      0.00003120     -0.00007364     -0.00000000
ATVX     1  Mu1.0002  Se1.119                       0.18649214      0.00002906     -0.00006054     -0.00000000
ATVX     1  Mu1.0003  Se1.119                       0.19443169      0.00066610     -0.00180997     -0.00000121
ATVX     1  Mu1.0004  Se1.119                       0.20209651      0.00515870     -0.01424350     -0.00007348
ATVX     1  Mu1.0005  Se1.119                       0.20240331      0.00330121     -0.00910371     -0.00003005
ATVX     1  Mu1.0006  Se1.119                       0.21363232     -0.00111421      0.00304325     -0.00000339
ATVX     1  Mu1.0007  Se1.119                       0.23419695      0.00358577     -0.00924425     -0.00003315
ATVX     1  Mu1.0008  Se1.119                       0.24073490      0.00106773     -0.00277250     -0.00000296
ATVX     1  Mu1.0009  Se1.119                       0.25399684     -0.00070480      0.00200440     -0.00000141
ATVX     1  Mu1.0010  Se1.119                       0.27896805     -0.00001270      0.00005257     -0.00000000
ATVX     1  Mu1.0011  Se1.119                       0.28298191     -0.00010114      0.00012630     -0.00000001
ATVX     1  Mu1.0012  Se1.119                       0.29744805     -0.00001196      0.00001592     -0.00000000
ATVX     1  Mu1.0001  Se1.120                       0.14656287     -0.00015412      0.00050243     -0.00000008
ATVX     1  Mu1.0002  Se1.120                       0.19063499     -0.00067173      0.00277806     -0.00000187
ATVX     1  Mu1.0003  Se1.120                       0.19857454      0.00002342     -0.00011406     -0.00000000
ATVX     1  Mu1.0004  Se1.120                       0.20623936      0.00002320     -0.00014688     -0.00000000
ATVX     1  Mu1.0005  Se1.120                       0.20654616     -0.00007482      0.00026219     -0.00000002
ATVX     1  Mu1.0006  Se1.120                       0.21777517      0.00020686     -0.00072127     -0.00000015
ATVX     1  Mu1.0007  Se1.120                       0.23833980     -0.00007668      0.00024070     -0.00000002
ATVX     1  Mu1.0008  Se1.120                       0.24487775      0.00014770     -0.00055607     -0.00000008
ATVX     1  Mu1.0009  Se1.120                       0.25813970      0.00004538     -0.00014585     -0.00000001
ATVX     1  Mu1.0010  Se1.120                       0.28311090     -0.00016598      0.00063918     -0.00000011
ATVX     1  Mu1.0011  Se1.120                       0.28712476     -0.00004180      0.00007965     -0.00000000
ATVX     1  Mu1.0001  Se1.121                       0.16388667     -0.00109496      0.00261638     -0.00000286
ATVX     1  Mu1.0002  Se1.121                       0.20795879     -0.00934242      0.02386581     -0.00022296
ATVX     1  Mu1.0003  Se1.121                       0.21589834      0.00051535     -0.00130537     -0.00000067
ATVX     1  Mu1.0004  Se1.121                       0.22356316      0.00057062     -0.00143484     -0.00000082
ATVX     1  Mu1.0005  Se1.121                       0.22386996     -0.00082972      0.00207113     -0.00000172
ATVX     1  Mu1.0006  Se1.121                       0.23509897      0.00131161     -0.00328735     -0.00000431
ATVX     1  Mu1.0007  Se1.121                       0.25566360      0.00029185     -0.00071996     -0.00000021
ATVX     1  Mu1.0008  Se1.121                       0.26220155      0.00056967     -0.00126217     -0.00000072
ATVX     1  Mu1.0009  Se1.121                       0.27546350      0.00029760     -0.00070870     -0.00000021
ATVX     1  Mu1.0001  Se1.122                       0.16093245      0.00001508     -0.00003669     -0.00000000
ATVX     1  Mu1.0002  Se1.122                       0.20500458      0.00002083     -0.00005197     -0.00000000
ATVX     1  Mu1.0003  Se1.122                       0.21294412      0.00026804     -0.00074424     -0.00000020
ATVX     1  Mu1.0004  Se1.122                       0.22060895      0.00264229     -0.00704600     -0.00001862
ATVX     1  Mu1.0005  Se1.122                       0.22091575      0.00168162     -0.00448436     -0.00000754
ATVX     1  Mu1.0006  Se1.122                       0.23214476     -0.00057855      0.00151622     -0.00000088
ATVX     1  Mu1.0007  Se1.122                       0.25270939      0.00085400     -0.00223347     -0.00000191
ATVX     1  Mu1.0008  Se1.122                       0.25924734      0.00029937     -0.00076605     -0.00000023
ATVX     1  Mu1.0009  Se1.122                       0.27250928     -0.00057619      0.00147907     -0.00000085
ATVX     1  Mu1.0010  Se1.122                       0.29748049     -0.00005543      0.00013068     -0.00000001
ATVX     1  Mu1.0001  Se1.123                       0.16955388     -0.00007183      0.00008699     -0.00000001
ATVX     1  Mu1.0002  Se1.123                       0.21362601      0.00130122     -0.00407081     -0.00000530
ATVX     1  Mu1.0003  Se1.123                       0.22156555     -0.00008032      0.00025106     -0.00000002
ATVX     1  Mu1.0004  Se1.123                       0.22923038      0.00011591     -0.00028857     -0.00000003
ATVX     1  Mu1.0005  Se1.123                       0.22953717      0.00007703     -0.00026278     -0.00000002
ATVX     1  Mu1.0006  Se1.123                       0.24076619      0.00044587     -0.00120783     -0.00000054
ATVX     1  Mu1.0007  Se1.123                       0.26133082     -0.00009396      0.00027410     -0.00000003
ATVX     1  Mu1.0008  Se1.123                       0.26786876     -0.00016351      0.00030698     -0.00000005
ATVX     1  Mu1.0009  Se1.123                       0.28113071     -0.00002854      0.00005061     -0.00000000
ATVX     1  Mu1.0001  Se1.124                       0.17543176     -0.00000144      0.00000406     -0.00000000
ATVX     1  Mu1.0002  Se1.124                       0.21950388     -0.00002940      0.00008090     -0.00000000
ATVX     1  Mu1.0003  Se1.124                       0.22744343      0.00012291     -0.00028736     -0.00000004
ATVX     1  Mu1.0004  Se1.124                       0.23510825     -0.00004505      0.00018402     -0.00000001
ATVX     1  Mu1.0005  Se1.124                       0.23541505     -0.00001718      0.00009126     -0.00000000
ATVX     1  Mu1.0006  Se1.124                       0.24664406      0.00001922     -0.00006544     -0.00000000
ATVX     1  Mu1.0007  Se1.124                       0.26720869      0.00123113     -0.00284787     -0.00000351
ATVX     1  Mu1.0008  Se1.124                       0.27374664      0.00033348     -0.00077625     -0.00000026
ATVX     1  Mu1.0009  Se1.124                       0.28700859      0.00004330     -0.00007087     -0.00000000
ATVX     1  Mu1.0001  Se1.125                       0.18047086      0.00011359     -0.00017995     -0.00000002
ATVX     1  Mu1.0002  Se1.125                       0.22454298     -0.00049342      0.00166592     -0.00000082
ATVX     1  Mu1.0003  Se1.125                       0.23248253      0.00003401     -0.00011775     -0.00000000
ATVX     1  Mu1.0004  Se1.125                       0.24014735     -0.00017699      0.00045627     -0.00000008
ATVX     1  Mu1.0005  Se1.125                       0.24045415     -0.00001177      0.00007510     -0.00000000
ATVX     1  Mu1.0006  Se1.125                       0.25168316     -0.00059207      0.00159338     -0.00000094
ATVX     1  Mu1.0007  Se1.125                       0.27224779      0.00017055     -0.00050076     -0.00000009
ATVX     1  Mu1.0008  Se1.125                       0.27878574     -0.00033957      0.00105349     -0.00000036
ATVX     1  Mu1.0009  Se1.125                       0.29204769     -0.00005562      0.00016083     -0.00000001
ATVX     1  Mu1.0001  Se1.126                       0.13424700     -0.00006246      0.00019157     -0.00000001
ATVX     1  Mu1.0002  Se1.126                       0.17831913     -0.00033354      0.00120649     -0.00000040
ATVX     1  Mu1.0003  Se1.126                       0.18625867     -0.00074626      0.00202166     -0.00000151
ATVX     1  Mu1.0004  Se1.126                       0.19392349     -0.00740730      0.01991119     -0.00014749
ATVX     1  Mu1.0005  Se1.126                       0.19423029     -0.00477874      0.01288145     -0.00006156
ATVX     1  Mu1.0006  Se1.126                       0.20545930      0.00181070     -0.00487819     -0.00000883
ATVX     1  Mu1.0007  Se1.126                       0.22602393     -0.00331406      0.00882433     -0.00002924
ATVX     1  Mu1.0008  Se1.126                       0.23256188     -0.00024889      0.00059652     -0.00000015
ATVX     1  Mu1.0009  Se1.126                       0.24582383      0.00122547     -0.00336760     -0.00000413
ATVX     1  Mu1.0010  Se1.126                       0.27079503     -0.00061079      0.00157058     -0.00000096
ATVX     1  Mu1.0011  Se1.126                       0.27480889      0.00102793     -0.00198179     -0.00000204
ATVX     1  Mu1.0012  Se1.126                       0.28927504      0.00008205     -0.00016877     -0.00000001
ATVX     1  Mu1.0001  Se1.127                       0.18862993     -0.00004538      0.00011248     -0.00000001
ATVX     1  Mu1.0002  Se1.127                       0.23270206     -0.00009037      0.00022943     -0.00000002
ATVX     1  Mu1.0003  Se1.127                       0.24064161     -0.00061534      0.00164960     -0.00000102
ATVX     1  Mu1.0004  Se1.127                       0.24830643     -0.00423044      0.01153798     -0.00004881
ATVX     1  Mu1.0005  Se1.127                       0.24861323     -0.00271641      0.00740609     -0.00002012
ATVX     1  Mu1.0006  Se1.127                       0.25984224      0.00098320     -0.00261783     -0.00000257
ATVX     1  Mu1.0007  Se1.127                       0.28040687     -0.00293238      0.00714515     -0.00002095
ATVX     1  Mu1.0008  Se1.127                       0.28694482     -0.00083388      0.00199967     -0.00000167
ATVX     1  Mu1.0001  Se1.128                       0.20038001      0.00029753     -0.00035310     -0.00000011
ATVX     1  Mu1.0002  Se1.128                       0.24445214      0.00259486     -0.00521883     -0.00001354
ATVX     1  Mu1.0003  Se1.128                       0.25239168     -0.00015228      0.00029664     -0.00000005
ATVX     1  Mu1.0004  Se1.128                       0.26005651     -0.00003423     -0.00006226      0.00000000
ATVX     1  Mu1.0005  Se1.128                       0.26036331      0.00025712     -0.00051083     -0.00000013
ATVX     1  Mu1.0006  Se1.128                       0.27159232      0.00012179     -0.00058326     -0.00000007
ATVX     1  Mu1.0007  Se1.128                       0.29215695     -0.00046862      0.00118987     -0.00000056
ATVX     1  Mu1.0008  Se1.128                       0.29869490      0.00101999     -0.00280614     -0.00000286
ATVX     1  Mu1.0001  Se1.129                       0.29506153     -0.00016531      0.00048094     -0.00000008
ATVX     1  Mu1.0001  Se1.130                       0.20511804      0.00002735     -0.00006882     -0.00000000
ATVX     1  Mu1.0002  Se1.130                       0.24919017     -0.00001839      0.00005366     -0.00000000
ATVX     1  Mu1.0003  Se1.130                       0.25712972      0.00060572     -0.00140506     -0.00000085
ATVX     1  Mu1.0004  Se1.130                       0.26479454      0.00401302     -0.00899239     -0.00003609
ATVX     1  Mu1.0005  Se1.130                       0.26510134      0.00255404     -0.00572786     -0.00001463
ATVX     1  Mu1.0006  Se1.130                       0.27633035     -0.00093807      0.00207599     -0.00000195
ATVX     1  Mu1.0007  Se1.130                       0.29689498      0.00344558     -0.00769486     -0.00002651
ATVX     1  Mu1.0001  Se1.131                       0.20387946     -0.00011013      0.00013619     -0.00000001
ATVX     1  Mu1.0002  Se1.131                       0.24795159     -0.00090292      0.00146217     -0.00000132
ATVX     1  Mu1.0003  Se1.131                       0.25589114      0.00006629     -0.00011877     -0.00000001
ATVX     1  Mu1.0004  Se1.131                       0.26355596      0.00010526     -0.00018223     -0.00000002
ATVX     1  Mu1.0005  Se1.131                       0.26386276     -0.00006805      0.00011153     -0.00000001
ATVX     1  Mu1.0006  Se1.131                       0.27509177      0.00007276     -0.00005280     -0.00000000
ATVX     1  Mu1.0007  Se1.131                       0.29565640      0.00012610     -0.00030872     -0.00000004
ATVX     1  Mu1.0001  Se1.132                       0.19349798     -0.00002424      0.00006310     -0.00000000
ATVX     1  Mu1.0002  Se1.132                       0.23757011     -0.00001541      0.00005654     -0.00000000
ATVX     1  Mu1.0003  Se1.132                       0.24550965     -0.00118390      0.00285499     -0.00000338
ATVX     1  Mu1.0004  Se1.132                       0.25317448     -0.01139765      0.02735064     -0.00031173
ATVX     1  Mu1.0005  Se1.132                       0.25348128     -0.00724562      0.01738499     -0.00012597
ATVX     1  Mu1.0006  Se1.132                       0.26471029      0.00249378     -0.00592276     -0.00001477
ATVX     1  Mu1.0007  Se1.132                       0.28527492     -0.00493226      0.01144638     -0.00005646
ATVX     1  Mu1.0008  Se1.132                       0.29181287     -0.00168065      0.00385871     -0.00000649
ATVX     1  Mu1.0001  Se1.133                       0.21480114      0.00001150     -0.00002695     -0.00000000
ATVX     1  Mu1.0002  Se1.133                       0.25887327     -0.00003793      0.00010643     -0.00000000
ATVX     1  Mu1.0003  Se1.133                       0.26681282      0.00030149     -0.00066524     -0.00000020
ATVX     1  Mu1.0004  Se1.133                       0.27447764      0.00226191     -0.00523175     -0.00001183
ATVX     1  Mu1.0005  Se1.133                       0.27478444      0.00142774     -0.00330065     -0.00000471
ATVX     1  Mu1.0006  Se1.133                       0.28601345     -0.00050394      0.00114931     -0.00000058
ATVX     1  Mu1.0001  Se1.134                       0.20736063     -0.00000621      0.00001439     -0.00000000
ATVX     1  Mu1.0002  Se1.134                       0.25143276     -0.00002436      0.00005010     -0.00000000
ATVX     1  Mu1.0003  Se1.134                       0.25937231      0.00013533     -0.00040018     -0.00000005
ATVX     1  Mu1.0004  Se1.134                       0.26703713      0.00166511     -0.00565819     -0.00000942
ATVX     1  Mu1.0005  Se1.134                       0.26734393      0.00106082     -0.00359543     -0.00000381
ATVX     1  Mu1.0006  Se1.134                       0.27857294     -0.00032228      0.00113296     -0.00000037
ATVX     1  Mu1.0007  Se1.134                       0.29913757      0.00161791     -0.00436092     -0.00000706
ATVX     1  Mu1.0001  Se1.135                       0.23023254      0.00000778     -0.00001327     -0.00000000
ATVX     1  Mu1.0002  Se1.135                       0.27430467      0.00066358     -0.00161195     -0.00000107
ATVX     1  Mu1.0003  Se1.135                       0.28224421     -0.00002369      0.00005640     -0.00000000
ATVX     1  Mu1.0004  Se1.135                       0.28990904     -0.00008088      0.00019701     -0.00000002
ATVX     1  Mu1.0005  Se1.135                       0.29021584      0.00005334     -0.00012520     -0.00000001
ATVX     1  Mu1.0001  Se1.136                       0.22661415      0.00000739     -0.00002419     -0.00000000
ATVX     1  Mu1.0002  Se1.136                       0.27068628     -0.00004535      0.00008948     -0.00000000
ATVX     1  Mu1.0003  Se1.136                       0.27862582      0.00094383     -0.00227825     -0.00000215
ATVX     1  Mu1.0004  Se1.136                       0.28629065      0.00722919     -0.01625321     -0.00011750
ATVX     1  Mu1.0005  Se1.136                       0.28659744      0.00459849     -0.01035145     -0.00004760
ATVX     1  Mu1.0006  Se1.136                       0.29782646     -0.00161790      0.00352101     -0.00000570
ATVX     1  Mu1.0001  Se1.137                       0.24898349      0.00000160     -0.00000525     -0.00000000
ATVX     1  Mu1.0002  Se1.137                       0.29305562     -0.00001509      0.00003303     -0.00000000
ATVX     1  Mu1.0001  Se1.138                       0.23824384     -0.00013862      0.00051575     -0.00000007
ATVX     1  Mu1.0002  Se1.138                       0.28231597     -0.00075197      0.00338639     -0.00000255
ATVX     1  Mu1.0003  Se1.138                       0.29025552      0.00007714     -0.00025870     -0.00000002
ATVX     1  Mu1.0004  Se1.138                       0.29792034     -0.00002812     -0.00000977      0.00000000
ATVX     1  Mu1.0005  Se1.138                       0.29822714     -0.00002376      0.00018930     -0.00000000
ATVX     1  Mu1.0001  Se1.139                       0.26025656     -0.00000470      0.00001555     -0.00000000
ATVX     1  Mu1.0001  Se1.140                       0.26497642     -0.00003187      0.00004896     -0.00000000
ATVX     1  Mu1.0001  Se1.141                       0.28115412      0.00000399     -0.00000665     -0.00000000
ATVX     1  Mu1.0001  Se1.142                       0.27228703     -0.00009243      0.00014330     -0.00000001
ATVX     1  Mu1.0001  Se1.143                       0.25439392      0.00000203     -0.00000723     -0.00000000
ATVX     1  Mu1.0002  Se1.143                       0.29846605     -0.00003075      0.00008856     -0.00000000
ATVX     1  Mu1.0001  Se1.144                       0.28942955      0.00004048     -0.00011085     -0.00000000
ATVX     1  Mu1.0001  Se1.145                       0.29142066     -0.00000178      0.00000662     -0.00000000
ATVX     1  Mu1.0001  Se1.146                       0.27672388     -0.00000705      0.00001074     -0.00000000
ATVX     1  Mu1.0001  Se1.881                       0.12357676      0.00009217     -0.00028453     -0.00000003
ATVX     1  Mu1.0002  Se1.881                       0.16764889      0.00218391     -0.00644676     -0.00001408
ATVX     1  Mu1.0003  Se1.881                       0.17558843     -0.00007500      0.00023184     -0.00000002
ATVX     1  Mu1.0004  Se1.881                       0.18325325     -0.00036382      0.00102908     -0.00000037
ATVX     1  Mu1.0005  Se1.881                       0.18356005      0.00028082     -0.00079318     -0.00000022
ATVX     1  Mu1.0006  Se1.881                       0.19478907     -0.00155877      0.00425491     -0.00000663
ATVX     1  Mu1.0007  Se1.881                       0.21535370      0.00153133     -0.00422753     -0.00000647
ATVX     1  Mu1.0008  Se1.881                       0.22189164     -0.00570074      0.01560363     -0.00008895
ATVX     1  Mu1.0009  Se1.881                       0.23515359     -0.00080324      0.00213734     -0.00000172
ATVX     1  Mu1.0010  Se1.881                       0.26012479      0.00478859     -0.01252275     -0.00005997
ATVX     1  Mu1.0011  Se1.881                       0.26413865      0.00035838     -0.00080014     -0.00000029
ATVX     1  Mu1.0012  Se1.881                       0.27860480     -0.00017672      0.00042849     -0.00000008
ATVX     1  Mu1.0013  Se1.881                       0.29649435     -0.00134279      0.00327761     -0.00000440
ATVX     1  Mu1.0001  Se1.906                       0.29834508      0.00000877     -0.00001632     -0.00000000
--

   (Skipping property calculation,
    use PROP keyword to activate)
--

++ CASPT2 computation for group   5

********************************************************************************
 Multi-State initialization phase begins for group   5
--------------------------------------------------------------------------------
********************************************************************************
 Compute H0 matrices for state    5
--------------------------------------------------------------------------------
--------------------------------------------------------------------------------
 H0 matrices have been computed.

********************************************************************************
  CASPT2 EQUATION SOLUTION
--------------------------------------------------------------------------------

  Total nr of CASPT2 parameters:
   Before reduction:  1876168956
   After  reduction:  1876107844

 Variance of |WF0>:      23.5029526246

 The contributions to the second order correlation energy in atomic units.
-----------------------------------------------------------------------------------------------------------------------------
  IT.      VJTU        VJTI        ATVX        AIVX        VJAI        BVAT        BJAT        BJAI        TOTAL       RNORM  
-----------------------------------------------------------------------------------------------------------------------------
   1    -0.065915   -0.034217   -0.020019   -0.140550   -0.405443   -0.131166   -0.710343   -3.527352   -5.035004    0.019042
   2    -0.068883   -0.034393   -0.020236   -0.141148   -0.405887   -0.131520   -0.711808   -3.528121   -5.041996    0.003819
   3    -0.069080   -0.034400   -0.020285   -0.141106   -0.405894   -0.131577   -0.711930   -3.528153   -5.042426    0.000551
   4    -0.069102   -0.034394   -0.020278   -0.141067   -0.405873   -0.131560   -0.711864   -3.528118   -5.042256    0.000085
   5    -0.069105   -0.034394   -0.020277   -0.141065   -0.405871   -0.131558   -0.711860   -3.528116   -5.042246    0.000013
   6    -0.069105   -0.034394   -0.020277   -0.141065   -0.405872   -0.131559   -0.711861   -3.528117   -5.042249    0.000002
-----------------------------------------------------------------------------------------------------------------------------

  FINAL CASPT2 RESULT:

      Reference energy:       -3929.6308828644
      E2 (Non-variational):      -5.0422496072
      Shift correction:          -0.0431871963
      E2 (Variational):          -5.0854368035
      Total energy:           -3934.7163196679
      Residual norm:              0.0000003047
      Reference weight:           0.36656

      Contributions to the CASPT2 correlation energy
      Active & Virtual Only:         -0.1518355088
      One Inactive Excited:          -0.9220313586
      Two Inactive Excited:          -3.9683827398


++ Denominators, etc.
--------------------------------------------------------------------------------------------------------------
 Report on small energy denominators, large coefficients, and large energy contributions.
CASE  SYMM ACTIVE-MIX  NON-ACTIVE INDICES          DENOMINATOR     RHS VALUE       COEFFICIENT     CONTRIBUTION
VJTU     1  Mu1.0002  In1.073                       0.55160764     -0.01932817      0.02942133     -0.00056866
VJTU     1  Mu1.0001  In1.092                       0.32766348     -0.03174009      0.06683124     -0.00212123
VJTU     1  Mu1.0002  In1.092                       0.34895252      0.04362323     -0.09176211     -0.00400296
VJTU     1  Mu1.0003  In1.092                       0.36395072     -0.03309047      0.06681832     -0.00221105
VJTU     1  Mu1.0004  In1.092                       0.37432177      0.01371999     -0.02783835     -0.00038194
VJTU     1  Mu1.0005  In1.092                       0.38154007      0.01850540     -0.03552635     -0.00065743
VJTU     1  Mu1.0007  In1.092                       0.38719817      0.01833610     -0.03249141     -0.00059577
VJTU     1  Mu1.0030  In1.092                       0.49273977     -0.01455100      0.02579667     -0.00037537
VJTU     1  Mu1.0001  In1.093                       0.32527893     -0.02203284      0.04734832     -0.00104322
VJTU     1  Mu1.0002  In1.093                       0.34656797      0.01879741     -0.03944413     -0.00074145
VJTU     1  Mu1.0001  In1.094                       0.31494874     -0.03349066      0.07069338     -0.00236757
VJTU     1  Mu1.0002  In1.094                       0.33623778      0.03923856     -0.08129454     -0.00318988
VJTU     1  Mu1.0003  In1.094                       0.35123598     -0.02508103      0.05188973     -0.00130145
VJTU     1  Mu1.0005  In1.094                       0.36882533      0.01553096     -0.03180516     -0.00049396
VJTU     1  Mu1.0007  In1.094                       0.37448342      0.01619523     -0.03228974     -0.00052294
VJTU     1  Mu1.0001  In1.095                       0.31002297      0.02127016     -0.04672788     -0.00099391
VJTU     1  Mu1.0002  In1.095                       0.33131201     -0.02337873      0.04717043     -0.00110278
VJTU     1  Mu1.0003  In1.095                       0.34631021      0.01326514     -0.02810065     -0.00037276
VJTU     1  Mu1.0002  In1.096                       0.32155593      0.01810622     -0.04033551     -0.00073032
VJTU     1  Mu1.0003  In1.096                       0.33655413     -0.01300474      0.02904631     -0.00037774
VJTU     1  Mu1.0001  In1.097                       0.30948968      0.02508650     -0.05303598     -0.00133049
VJTU     1  Mu1.0002  In1.097                       0.33077872     -0.04356117      0.09015917     -0.00392744
VJTU     1  Mu1.0003  In1.097                       0.34577692      0.02981301     -0.06361342     -0.00189651
VJTU     1  Mu1.0004  In1.097                       0.35614796     -0.01498272      0.02966608     -0.00044448
VJTU     1  Mu1.0005  In1.097                       0.36336627     -0.01669137      0.03512402     -0.00058627
VJTU     1  Mu1.0007  In1.097                       0.36902436     -0.01145848      0.02525172     -0.00028935
VJTU     1  Mu1.0009  In1.097                       0.39684076      0.01200162     -0.02718827     -0.00032630
VJTU     1  Mu1.0001  In1.098                       0.28607624      0.01999567     -0.04380804     -0.00087597
VJTU     1  Mu1.0002  In1.098                       0.30736528     -0.02349657      0.05177064     -0.00121643
VJTU     1  Mu1.0003  In1.098                       0.32236348      0.01629828     -0.03398142     -0.00055384
VJTU     1  Mu1.0001  In1.099                       0.26397251     -0.00189206      0.00418388     -0.00000792
VJTU     1  Mu1.0002  In1.099                       0.28526155     -0.00417783      0.01011973     -0.00004228
VJTU     1  Mu1.0001  In1.100                       0.25204744     -0.01080933      0.02456226     -0.00026550
VJTU     1  Mu1.0002  In1.100                       0.27333648      0.00983631     -0.02265962     -0.00022289
VJTU     1  Mu1.0003  In1.100                       0.28833468     -0.00565812      0.01281868     -0.00007253
VJTU     1  Mu1.0004  In1.100                       0.29870572      0.00266693     -0.00574639     -0.00001533
VJTU     1  Mu1.0177  In1.100                       0.71084763      0.02045717     -0.02858867     -0.00058484
VJTU     1  Mu1.0178  In1.100                       0.71226098      0.02047522     -0.02873966     -0.00058845
ATVX     1  Mu1.0001  Se1.113                       0.06867896     -0.00020795      0.00046093     -0.00000010
ATVX     1  Mu1.0002  Se1.113                       0.08678824      0.00069942     -0.00166792     -0.00000117
ATVX     1  Mu1.0003  Se1.113                       0.09687334     -0.00117122      0.00232393     -0.00000272
ATVX     1  Mu1.0004  Se1.113                       0.11814491      0.00009594     -0.00015384     -0.00000001
ATVX     1  Mu1.0005  Se1.113                       0.12553210      0.00074833     -0.00149421     -0.00000112
ATVX     1  Mu1.0006  Se1.113                       0.13976591      0.00001519     -0.00007967     -0.00000000
ATVX     1  Mu1.0007  Se1.113                       0.14567436      0.00124973     -0.00286925     -0.00000359
ATVX     1  Mu1.0008  Se1.113                       0.15392377     -0.00052111      0.00132363     -0.00000069
ATVX     1  Mu1.0009  Se1.113                       0.16489447     -0.00023591      0.00053982     -0.00000013
ATVX     1  Mu1.0010  Se1.113                       0.17404898      0.00051396     -0.00157255     -0.00000081
ATVX     1  Mu1.0011  Se1.113                       0.17530416     -0.00004633      0.00011937     -0.00000001
ATVX     1  Mu1.0012  Se1.113                       0.18545186      0.00051316     -0.00138678     -0.00000071
ATVX     1  Mu1.0013  Se1.113                       0.19257740      0.00037155     -0.00093377     -0.00000035
ATVX     1  Mu1.0014  Se1.113                       0.19578929      0.00005170     -0.00018346     -0.00000001
ATVX     1  Mu1.0015  Se1.113                       0.19832003      0.00031803     -0.00081504     -0.00000026
ATVX     1  Mu1.0016  Se1.113                       0.20022991     -0.00010491      0.00028104     -0.00000003
ATVX     1  Mu1.0017  Se1.113                       0.21429528     -0.00024947      0.00055797     -0.00000014
ATVX     1  Mu1.0018  Se1.113                       0.21504383      0.00001764      0.00002201      0.00000000
ATVX     1  Mu1.0019  Se1.113                       0.22213948      0.00025101     -0.00050865     -0.00000013
ATVX     1  Mu1.0020  Se1.113                       0.23076539      0.00026896     -0.00069328     -0.00000019
ATVX     1  Mu1.0021  Se1.113                       0.23306543      0.00001619     -0.00005091     -0.00000000
ATVX     1  Mu1.0022  Se1.113                       0.23595793      0.00174129     -0.00433443     -0.00000755
ATVX     1  Mu1.0023  Se1.113                       0.24599898      0.00065793     -0.00165818     -0.00000109
ATVX     1  Mu1.0024  Se1.113                       0.25189427     -0.00019750      0.00035577     -0.00000007
ATVX     1  Mu1.0025  Se1.113                       0.25559699      0.00054605     -0.00114249     -0.00000062
ATVX     1  Mu1.0026  Se1.113                       0.26198690      0.00016158     -0.00038445     -0.00000006
ATVX     1  Mu1.0027  Se1.113                       0.26248663     -0.00194167      0.00474865     -0.00000922
ATVX     1  Mu1.0028  Se1.113                       0.26635541     -0.00183785      0.00433889     -0.00000797
ATVX     1  Mu1.0029  Se1.113                       0.26803655     -0.00147881      0.00365526     -0.00000541
ATVX     1  Mu1.0030  Se1.113                       0.27379829      0.00002934     -0.00006062     -0.00000000
ATVX     1  Mu1.0031  Se1.113                       0.27815554     -0.00017260      0.00049759     -0.00000009
ATVX     1  Mu1.0032  Se1.113                       0.28011208     -0.00012845      0.00027908     -0.00000004
ATVX     1  Mu1.0033  Se1.113                       0.28089438     -0.00047516      0.00113521     -0.00000054
ATVX     1  Mu1.0034  Se1.113                       0.28562528     -0.00077032      0.00191073     -0.00000147
ATVX     1  Mu1.0035  Se1.113                       0.29231615      0.00100137     -0.00225830     -0.00000226
ATVX     1  Mu1.0036  Se1.113                       0.29976557      0.00185539     -0.00446622     -0.00000829
ATVX     1  Mu1.0001  Se1.114                       0.10155812      0.00003614     -0.00001080     -0.00000000
ATVX     1  Mu1.0002  Se1.114                       0.11966740     -0.00022180      0.00029225     -0.00000006
ATVX     1  Mu1.0003  Se1.114                       0.12975249     -0.00007202      0.00009064     -0.00000001
ATVX     1  Mu1.0004  Se1.114                       0.15102407      0.00008571     -0.00028520     -0.00000002
ATVX     1  Mu1.0005  Se1.114                       0.15841125     -0.00007322      0.00057020     -0.00000004
ATVX     1  Mu1.0006  Se1.114                       0.17264507      0.00008520     -0.00020192     -0.00000002
ATVX     1  Mu1.0007  Se1.114                       0.17855352     -0.00010533      0.00041677     -0.00000004
ATVX     1  Mu1.0008  Se1.114                       0.18680293      0.00007855     -0.00021777     -0.00000002
ATVX     1  Mu1.0009  Se1.114                       0.19777363     -0.00002456      0.00008862     -0.00000000
ATVX     1  Mu1.0010  Se1.114                       0.20692814      0.00004563     -0.00022368     -0.00000001
ATVX     1  Mu1.0011  Se1.114                       0.20818331     -0.00005144      0.00011302     -0.00000001
ATVX     1  Mu1.0012  Se1.114                       0.21833102      0.00001070      0.00001104      0.00000000
ATVX     1  Mu1.0013  Se1.114                       0.22545656     -0.00013707      0.00042570     -0.00000006
ATVX     1  Mu1.0014  Se1.114                       0.22866844      0.00066067     -0.00156711     -0.00000104
ATVX     1  Mu1.0015  Se1.114                       0.23119919     -0.00039437      0.00104288     -0.00000041
ATVX     1  Mu1.0016  Se1.114                       0.23310907     -0.00054279      0.00141945     -0.00000077
ATVX     1  Mu1.0017  Se1.114                       0.24717444      0.00013962     -0.00030594     -0.00000004
ATVX     1  Mu1.0018  Se1.114                       0.24792299      0.00188901     -0.00456059     -0.00000862
ATVX     1  Mu1.0019  Se1.114                       0.25501864     -0.00037609      0.00091128     -0.00000034
ATVX     1  Mu1.0020  Se1.114                       0.26364455      0.00014128     -0.00035177     -0.00000005
ATVX     1  Mu1.0021  Se1.114                       0.26594458      0.00016296     -0.00038301     -0.00000006
ATVX     1  Mu1.0022  Se1.114                       0.26883709     -0.00008600      0.00022263     -0.00000002
ATVX     1  Mu1.0023  Se1.114                       0.27887814     -0.00026273      0.00060425     -0.00000016
ATVX     1  Mu1.0024  Se1.114                       0.28477343     -0.00024459      0.00051473     -0.00000013
ATVX     1  Mu1.0025  Se1.114                       0.28847615      0.00044162     -0.00104568     -0.00000046
ATVX     1  Mu1.0026  Se1.114                       0.29486605     -0.00094750      0.00200730     -0.00000190
ATVX     1  Mu1.0027  Se1.114                       0.29536579      0.00045351     -0.00121171     -0.00000055
ATVX     1  Mu1.0028  Se1.114                       0.29923457     -0.00044792      0.00107866     -0.00000048
ATVX     1  Mu1.0001  Se1.115                       0.10433162     -0.00078365      0.00163463     -0.00000128
ATVX     1  Mu1.0002  Se1.115                       0.12244090     -0.00113106      0.00331143     -0.00000375
ATVX     1  Mu1.0003  Se1.115                       0.13252600     -0.00128624      0.00274359     -0.00000353
ATVX     1  Mu1.0004  Se1.115                       0.15379757      0.00049548     -0.00122106     -0.00000061
ATVX     1  Mu1.0005  Se1.115                       0.16118476      0.00200521     -0.00519990     -0.00001043
ATVX     1  Mu1.0006  Se1.115                       0.17541858      0.00062827     -0.00162378     -0.00000102
ATVX     1  Mu1.0007  Se1.115                       0.18132702      0.00018844     -0.00034312     -0.00000006
ATVX     1  Mu1.0008  Se1.115                       0.18957643      0.00073033     -0.00182633     -0.00000133
ATVX     1  Mu1.0009  Se1.115                       0.20054714     -0.00046854      0.00132828     -0.00000062
ATVX     1  Mu1.0010  Se1.115                       0.20970164      0.00004610      0.00015862      0.00000001
ATVX     1  Mu1.0011  Se1.115                       0.21095682      0.00040636     -0.00098571     -0.00000040
ATVX     1  Mu1.0012  Se1.115                       0.22110452      0.00071508     -0.00171835     -0.00000123
ATVX     1  Mu1.0013  Se1.115                       0.22823006      0.00075064     -0.00203406     -0.00000153
ATVX     1  Mu1.0014  Se1.115                       0.23144195      0.00011582     -0.00024299     -0.00000003
ATVX     1  Mu1.0015  Se1.115                       0.23397269      0.00056228     -0.00133277     -0.00000075
ATVX     1  Mu1.0016  Se1.115                       0.23588258      0.00001098      0.00000561      0.00000000
ATVX     1  Mu1.0017  Se1.115                       0.24994794      0.00034274     -0.00088586     -0.00000030
ATVX     1  Mu1.0018  Se1.115                       0.25069649     -0.00004066      0.00006580     -0.00000000
ATVX     1  Mu1.0019  Se1.115                       0.25779214      0.00005161     -0.00019209     -0.00000001
ATVX     1  Mu1.0020  Se1.115                       0.26641805      0.00060188     -0.00146196     -0.00000088
ATVX     1  Mu1.0021  Se1.115                       0.26871809     -0.00019500      0.00042688     -0.00000008
ATVX     1  Mu1.0022  Se1.115                       0.27161059      0.00045922     -0.00109467     -0.00000050
ATVX     1  Mu1.0023  Se1.115                       0.28165164     -0.00033210      0.00075407     -0.00000025
ATVX     1  Mu1.0024  Se1.115                       0.28754694     -0.00081872      0.00214149     -0.00000175
ATVX     1  Mu1.0025  Se1.115                       0.29124965      0.00000432     -0.00008260     -0.00000000
ATVX     1  Mu1.0026  Se1.115                       0.29763956      0.00004155     -0.00010183     -0.00000000
ATVX     1  Mu1.0027  Se1.115                       0.29813929     -0.00055373      0.00124572     -0.00000069
ATVX     1  Mu1.0001  Se1.116                       0.10863065      0.00186215     -0.00379726     -0.00000707
ATVX     1  Mu1.0002  Se1.116                       0.12673993     -0.00165173      0.00344938     -0.00000570
ATVX     1  Mu1.0003  Se1.116                       0.13682503     -0.00144907      0.00357464     -0.00000518
ATVX     1  Mu1.0004  Se1.116                       0.15809661      0.00069107     -0.00150424     -0.00000104
ATVX     1  Mu1.0005  Se1.116                       0.16548379     -0.00173504      0.00447717     -0.00000777
ATVX     1  Mu1.0006  Se1.116                       0.17971761      0.00174088     -0.00456169     -0.00000794
ATVX     1  Mu1.0007  Se1.116                       0.18562605      0.00027659     -0.00092551     -0.00000026
ATVX     1  Mu1.0008  Se1.116                       0.19387546      0.00006601     -0.00020906     -0.00000001
ATVX     1  Mu1.0009  Se1.116                       0.20484617     -0.00119479      0.00311392     -0.00000372
ATVX     1  Mu1.0010  Se1.116                       0.21400067     -0.00067199      0.00170079     -0.00000114
ATVX     1  Mu1.0011  Se1.116                       0.21525585      0.00008714     -0.00023713     -0.00000002
ATVX     1  Mu1.0012  Se1.116                       0.22540356      0.00030875     -0.00085108     -0.00000026
ATVX     1  Mu1.0013  Se1.116                       0.23252909     -0.00055165      0.00130994     -0.00000072
ATVX     1  Mu1.0014  Se1.116                       0.23574098      0.00026836     -0.00068751     -0.00000018
ATVX     1  Mu1.0015  Se1.116                       0.23827172      0.00069099     -0.00177934     -0.00000123
ATVX     1  Mu1.0016  Se1.116                       0.24018161      0.00004308     -0.00014671     -0.00000001
ATVX     1  Mu1.0017  Se1.116                       0.25424697     -0.00075348      0.00187238     -0.00000141
ATVX     1  Mu1.0018  Se1.116                       0.25499552      0.00013239     -0.00032103     -0.00000004
ATVX     1  Mu1.0019  Se1.116                       0.26209118     -0.00046574      0.00114377     -0.00000053
ATVX     1  Mu1.0020  Se1.116                       0.27071708      0.00118301     -0.00286755     -0.00000339
ATVX     1  Mu1.0021  Se1.116                       0.27301712     -0.00037675      0.00090972     -0.00000034
ATVX     1  Mu1.0022  Se1.116                       0.27590963      0.00009945     -0.00025051     -0.00000002
ATVX     1  Mu1.0023  Se1.116                       0.28595067      0.00007583     -0.00012881     -0.00000001
ATVX     1  Mu1.0024  Se1.116                       0.29184597      0.00064902     -0.00157323     -0.00000102
ATVX     1  Mu1.0025  Se1.116                       0.29554868     -0.00031610      0.00075586     -0.00000024
ATVX     1  Mu1.0001  Se1.117                       0.11436830     -0.00005040      0.00011115     -0.00000001
ATVX     1  Mu1.0002  Se1.117                       0.13247758     -0.00007928      0.00023028     -0.00000002
ATVX     1  Mu1.0003  Se1.117                       0.14256267     -0.00004941      0.00011668     -0.00000001
ATVX     1  Mu1.0004  Se1.117                       0.16383425      0.00002035     -0.00004971     -0.00000000
ATVX     1  Mu1.0005  Se1.117                       0.17122143      0.00015731     -0.00044181     -0.00000007
ATVX     1  Mu1.0006  Se1.117                       0.18545525     -0.00000463      0.00001240     -0.00000000
ATVX     1  Mu1.0007  Se1.117                       0.19136370      0.00003545     -0.00009758     -0.00000000
ATVX     1  Mu1.0008  Se1.117                       0.19961311      0.00002987     -0.00007573     -0.00000000
ATVX     1  Mu1.0009  Se1.117                       0.21058381      0.00000684     -0.00000948     -0.00000000
ATVX     1  Mu1.0010  Se1.117                       0.21973832      0.00000099      0.00000351      0.00000000
ATVX     1  Mu1.0011  Se1.117                       0.22099349     -0.00000267      0.00000579     -0.00000000
ATVX     1  Mu1.0012  Se1.117                       0.23114120      0.00004122     -0.00009919     -0.00000000
ATVX     1  Mu1.0013  Se1.117                       0.23826674      0.00001097     -0.00004249     -0.00000000
ATVX     1  Mu1.0014  Se1.117                       0.24147862     -0.00027505      0.00066007     -0.00000018
ATVX     1  Mu1.0015  Se1.117                       0.24400937      0.00009316     -0.00023159     -0.00000002
ATVX     1  Mu1.0016  Se1.117                       0.24591925      0.00003443     -0.00007408     -0.00000000
ATVX     1  Mu1.0017  Se1.117                       0.25998462     -0.00001269      0.00001249     -0.00000000
ATVX     1  Mu1.0018  Se1.117                       0.26073317      0.00017700     -0.00041463     -0.00000007
ATVX     1  Mu1.0019  Se1.117                       0.26782882      0.00000838     -0.00003299     -0.00000000
ATVX     1  Mu1.0020  Se1.117                       0.27645473      0.00006651     -0.00016840     -0.00000001
ATVX     1  Mu1.0021  Se1.117                       0.27875476      0.00010218     -0.00027874     -0.00000003
ATVX     1  Mu1.0022  Se1.117                       0.28164727     -0.00001171      0.00003372     -0.00000000
ATVX     1  Mu1.0023  Se1.117                       0.29168832     -0.00001350      0.00003477     -0.00000000
ATVX     1  Mu1.0024  Se1.117                       0.29758361     -0.00009427      0.00024010     -0.00000002
ATVX     1  Mu1.0001  Se1.118                       0.12267275      0.00001301     -0.00003172     -0.00000000
ATVX     1  Mu1.0002  Se1.118                       0.14078203     -0.00001197      0.00001525     -0.00000000
ATVX     1  Mu1.0003  Se1.118                       0.15086712      0.00003800     -0.00010259     -0.00000000
ATVX     1  Mu1.0004  Se1.118                       0.17213870     -0.00004639      0.00011569     -0.00000001
ATVX     1  Mu1.0005  Se1.118                       0.17952588      0.00008876     -0.00020463     -0.00000002
ATVX     1  Mu1.0006  Se1.118                       0.19375970     -0.00004974      0.00014441     -0.00000001
ATVX     1  Mu1.0007  Se1.118                       0.19966815     -0.00000490      0.00001843     -0.00000000
ATVX     1  Mu1.0008  Se1.118                       0.20791755      0.00001025     -0.00003021     -0.00000000
ATVX     1  Mu1.0009  Se1.118                       0.21888826      0.00003762     -0.00009911     -0.00000000
ATVX     1  Mu1.0010  Se1.118                       0.22804277      0.00001955     -0.00006548     -0.00000000
ATVX     1  Mu1.0011  Se1.118                       0.22929794      0.00001105     -0.00001957     -0.00000000
ATVX     1  Mu1.0012  Se1.118                       0.23944565     -0.00001393      0.00004846     -0.00000000
ATVX     1  Mu1.0013  Se1.118                       0.24657119      0.00000793     -0.00002088     -0.00000000
ATVX     1  Mu1.0014  Se1.118                       0.24978307      0.00027998     -0.00066507     -0.00000019
ATVX     1  Mu1.0015  Se1.118                       0.25231381     -0.00012947      0.00031813     -0.00000004
ATVX     1  Mu1.0016  Se1.118                       0.25422370     -0.00007253      0.00022151     -0.00000002
ATVX     1  Mu1.0017  Se1.118                       0.26828906      0.00002155     -0.00005563     -0.00000000
ATVX     1  Mu1.0018  Se1.118                       0.26903762      0.00062979     -0.00146581     -0.00000092
ATVX     1  Mu1.0019  Se1.118                       0.27613327     -0.00007490      0.00016997     -0.00000001
ATVX     1  Mu1.0020  Se1.118                       0.28475918      0.00000160      0.00001633      0.00000000
ATVX     1  Mu1.0021  Se1.118                       0.28705921      0.00006487     -0.00013402     -0.00000001
ATVX     1  Mu1.0022  Se1.118                       0.28995172     -0.00003222      0.00007246     -0.00000000
ATVX     1  Mu1.0023  Se1.118                       0.29999276     -0.00004356      0.00010559     -0.00000000
ATVX     1  Mu1.0001  Se1.119                       0.12318692     -0.00071151      0.00167793     -0.00000119
ATVX     1  Mu1.0002  Se1.119                       0.14129620     -0.00104641      0.00326096     -0.00000341
ATVX     1  Mu1.0003  Se1.119                       0.15138129     -0.00078816      0.00184713     -0.00000146
ATVX     1  Mu1.0004  Se1.119                       0.17265287      0.00048544     -0.00122570     -0.00000059
ATVX     1  Mu1.0005  Se1.119                       0.18004006      0.00156843     -0.00464757     -0.00000729
ATVX     1  Mu1.0006  Se1.119                       0.19427387      0.00037644     -0.00094767     -0.00000036
ATVX     1  Mu1.0007  Se1.119                       0.20018232      0.00018349     -0.00052950     -0.00000010
ATVX     1  Mu1.0008  Se1.119                       0.20843173      0.00061281     -0.00153198     -0.00000094
ATVX     1  Mu1.0009  Se1.119                       0.21940243     -0.00021455      0.00064731     -0.00000014
ATVX     1  Mu1.0010  Se1.119                       0.22855694     -0.00001606      0.00025414     -0.00000000
ATVX     1  Mu1.0011  Se1.119                       0.22981212      0.00031261     -0.00079073     -0.00000025
ATVX     1  Mu1.0012  Se1.119                       0.23995982      0.00063785     -0.00154128     -0.00000098
ATVX     1  Mu1.0013  Se1.119                       0.24708536      0.00064786     -0.00183604     -0.00000119
ATVX     1  Mu1.0014  Se1.119                       0.25029725      0.00008298     -0.00015926     -0.00000001
ATVX     1  Mu1.0015  Se1.119                       0.25282799      0.00040341     -0.00096539     -0.00000039
ATVX     1  Mu1.0016  Se1.119                       0.25473787     -0.00000332      0.00003781     -0.00000000
ATVX     1  Mu1.0017  Se1.119                       0.26880324      0.00019740     -0.00058419     -0.00000012
ATVX     1  Mu1.0018  Se1.119                       0.26955179     -0.00004357      0.00006269     -0.00000000
ATVX     1  Mu1.0019  Se1.119                       0.27664744     -0.00001142     -0.00007928      0.00000000
ATVX     1  Mu1.0020  Se1.119                       0.28527335      0.00027695     -0.00065939     -0.00000018
ATVX     1  Mu1.0021  Se1.119                       0.28757338     -0.00006899      0.00013292     -0.00000001
ATVX     1  Mu1.0022  Se1.119                       0.29046589      0.00038660     -0.00091692     -0.00000035
ATVX     1  Mu1.0001  Se1.120                       0.12911812     -0.00003551      0.00008815     -0.00000000
ATVX     1  Mu1.0002  Se1.120                       0.14722740     -0.00011322      0.00033015     -0.00000004
ATVX     1  Mu1.0003  Se1.120                       0.15731250     -0.00005991      0.00015378     -0.00000001
ATVX     1  Mu1.0004  Se1.120                       0.17858407      0.00002214     -0.00005059     -0.00000000
ATVX     1  Mu1.0005  Se1.120                       0.18597126      0.00019805     -0.00059066     -0.00000012
ATVX     1  Mu1.0006  Se1.120                       0.20020507     -0.00000957      0.00003313     -0.00000000
ATVX     1  Mu1.0007  Se1.120                       0.20611352      0.00006594     -0.00019295     -0.00000001
ATVX     1  Mu1.0008  Se1.120                       0.21436293      0.00002525     -0.00006657     -0.00000000
ATVX     1  Mu1.0009  Se1.120                       0.22533364      0.00002148     -0.00004443     -0.00000000
ATVX     1  Mu1.0010  Se1.120                       0.23448814     -0.00001084      0.00002855     -0.00000000
ATVX     1  Mu1.0011  Se1.120                       0.23574332     -0.00000990      0.00002336     -0.00000000
ATVX     1  Mu1.0012  Se1.120                       0.24589102      0.00005926     -0.00013909     -0.00000001
ATVX     1  Mu1.0013  Se1.120                       0.25301656     -0.00000343     -0.00001349      0.00000000
ATVX     1  Mu1.0014  Se1.120                       0.25622845     -0.00046616      0.00108604     -0.00000051
ATVX     1  Mu1.0015  Se1.120                       0.25875919      0.00014916     -0.00036386     -0.00000005
ATVX     1  Mu1.0016  Se1.120                       0.26066907      0.00006826     -0.00014251     -0.00000001
ATVX     1  Mu1.0017  Se1.120                       0.27473444     -0.00003647      0.00004803     -0.00000000
ATVX     1  Mu1.0018  Se1.120                       0.27548299      0.00032854     -0.00074331     -0.00000024
ATVX     1  Mu1.0019  Se1.120                       0.28257864      0.00000114     -0.00002681     -0.00000000
ATVX     1  Mu1.0020  Se1.120                       0.29120455      0.00009218     -0.00023355     -0.00000002
ATVX     1  Mu1.0021  Se1.120                       0.29350459      0.00013897     -0.00038610     -0.00000005
ATVX     1  Mu1.0022  Se1.120                       0.29639709     -0.00001503      0.00004786     -0.00000000
ATVX     1  Mu1.0001  Se1.121                       0.13956635     -0.00004824      0.00012114     -0.00000001
ATVX     1  Mu1.0002  Se1.121                       0.15767563     -0.00016060      0.00036053     -0.00000006
ATVX     1  Mu1.0003  Se1.121                       0.16776072     -0.00012675      0.00030002     -0.00000004
ATVX     1  Mu1.0004  Se1.121                       0.18903230      0.00003795     -0.00006805     -0.00000000
ATVX     1  Mu1.0005  Se1.121                       0.19641948      0.00031729     -0.00081741     -0.00000026
ATVX     1  Mu1.0006  Se1.121                       0.21065330      0.00002365     -0.00003498     -0.00000000
ATVX     1  Mu1.0007  Se1.121                       0.21656174      0.00013673     -0.00037397     -0.00000005
ATVX     1  Mu1.0008  Se1.121                       0.22481115     -0.00000270     -0.00000194      0.00000000
ATVX     1  Mu1.0009  Se1.121                       0.23578186      0.00003159     -0.00005997     -0.00000000
ATVX     1  Mu1.0010  Se1.121                       0.24493637     -0.00003904      0.00002172     -0.00000000
ATVX     1  Mu1.0011  Se1.121                       0.24619154      0.00000780     -0.00002973     -0.00000000
ATVX     1  Mu1.0012  Se1.121                       0.25633925      0.00006812     -0.00017549     -0.00000001
ATVX     1  Mu1.0013  Se1.121                       0.26346478     -0.00000691      0.00001026     -0.00000000
ATVX     1  Mu1.0014  Se1.121                       0.26667667     -0.00053747      0.00112603     -0.00000061
ATVX     1  Mu1.0015  Se1.121                       0.26920741      0.00015284     -0.00035128     -0.00000005
ATVX     1  Mu1.0016  Se1.121                       0.27111730      0.00006234     -0.00009276     -0.00000001
ATVX     1  Mu1.0017  Se1.121                       0.28518266      0.00000591     -0.00012332     -0.00000000
ATVX     1  Mu1.0018  Se1.121                       0.28593122      0.00035609     -0.00069614     -0.00000025
ATVX     1  Mu1.0019  Se1.121                       0.29302687     -0.00002080      0.00001345     -0.00000000
ATVX     1  Mu1.0001  Se1.122                       0.14746589      0.00054489     -0.00086614     -0.00000047
ATVX     1  Mu1.0002  Se1.122                       0.16557517     -0.00106943      0.00231063     -0.00000247
ATVX     1  Mu1.0003  Se1.122                       0.17566027     -0.00120943      0.00311362     -0.00000377
ATVX     1  Mu1.0004  Se1.122                       0.19693185      0.00105490     -0.00295991     -0.00000312
ATVX     1  Mu1.0005  Se1.122                       0.20431903     -0.00123180      0.00370426     -0.00000456
ATVX     1  Mu1.0006  Se1.122                       0.21855285      0.00133344     -0.00363494     -0.00000485
ATVX     1  Mu1.0007  Se1.122                       0.22446129      0.00012622     -0.00025054     -0.00000003
ATVX     1  Mu1.0008  Se1.122                       0.23271070      0.00014733     -0.00042131     -0.00000006
ATVX     1  Mu1.0009  Se1.122                       0.24368141     -0.00091830      0.00246631     -0.00000226
ATVX     1  Mu1.0010  Se1.122                       0.25283591     -0.00033931      0.00073211     -0.00000025
ATVX     1  Mu1.0011  Se1.122                       0.25409109     -0.00009576      0.00016527     -0.00000002
ATVX     1  Mu1.0012  Se1.122                       0.26423880      0.00041327     -0.00109269     -0.00000045
ATVX     1  Mu1.0013  Se1.122                       0.27136433     -0.00027333      0.00074102     -0.00000020
ATVX     1  Mu1.0014  Se1.122                       0.27457622      0.00015826     -0.00033214     -0.00000005
ATVX     1  Mu1.0015  Se1.122                       0.27710696      0.00032925     -0.00063649     -0.00000021
ATVX     1  Mu1.0016  Se1.122                       0.27901685      0.00004969     -0.00014111     -0.00000001
ATVX     1  Mu1.0017  Se1.122                       0.29308221     -0.00050660      0.00129698     -0.00000066
ATVX     1  Mu1.0018  Se1.122                       0.29383076      0.00002467     -0.00001585     -0.00000000
ATVX     1  Mu1.0001  Se1.123                       0.14898319     -0.00008804      0.00028525     -0.00000003
ATVX     1  Mu1.0002  Se1.123                       0.16709247     -0.00044559      0.00117978     -0.00000053
ATVX     1  Mu1.0003  Se1.123                       0.17717757     -0.00006520      0.00027141     -0.00000002
ATVX     1  Mu1.0004  Se1.123                       0.19844914      0.00006325     -0.00013090     -0.00000001
ATVX     1  Mu1.0005  Se1.123                       0.20583633      0.00060044     -0.00184699     -0.00000111
ATVX     1  Mu1.0006  Se1.123                       0.22007015     -0.00010829      0.00026110     -0.00000003
ATVX     1  Mu1.0007  Se1.123                       0.22597859      0.00024219     -0.00070857     -0.00000017
ATVX     1  Mu1.0008  Se1.123                       0.23422800      0.00006013     -0.00014896     -0.00000001
ATVX     1  Mu1.0009  Se1.123                       0.24519871      0.00008210     -0.00015229     -0.00000001
ATVX     1  Mu1.0010  Se1.123                       0.25435321     -0.00003588      0.00004509     -0.00000000
ATVX     1  Mu1.0011  Se1.123                       0.25560839     -0.00010550      0.00023505     -0.00000002
ATVX     1  Mu1.0012  Se1.123                       0.26575609      0.00015363     -0.00035653     -0.00000005
ATVX     1  Mu1.0013  Se1.123                       0.27288163     -0.00008099      0.00011768     -0.00000001
ATVX     1  Mu1.0014  Se1.123                       0.27609352     -0.00165143      0.00378640     -0.00000625
ATVX     1  Mu1.0015  Se1.123                       0.27862426      0.00052363     -0.00126011     -0.00000066
ATVX     1  Mu1.0016  Se1.123                       0.28053415      0.00016466     -0.00031983     -0.00000005
ATVX     1  Mu1.0017  Se1.123                       0.29459951     -0.00014850      0.00019321     -0.00000003
ATVX     1  Mu1.0018  Se1.123                       0.29534806      0.00117740     -0.00261332     -0.00000308
ATVX     1  Mu1.0001  Se1.124                       0.15609517     -0.00239595      0.00644521     -0.00001544
ATVX     1  Mu1.0002  Se1.124                       0.17420445     -0.00523528      0.01523317     -0.00007975
ATVX     1  Mu1.0003  Se1.124                       0.18428955     -0.00168846      0.00395400     -0.00000668
ATVX     1  Mu1.0004  Se1.124                       0.20556113      0.00251687     -0.00640301     -0.00001612
ATVX     1  Mu1.0005  Se1.124                       0.21294831      0.00517081     -0.01539527     -0.00007961
ATVX     1  Mu1.0006  Se1.124                       0.22718213      0.00058932     -0.00135950     -0.00000080
ATVX     1  Mu1.0007  Se1.124                       0.23309057      0.00172024     -0.00454746     -0.00000782
ATVX     1  Mu1.0008  Se1.124                       0.24133998      0.00150538     -0.00360453     -0.00000543
ATVX     1  Mu1.0009  Se1.124                       0.25231069     -0.00093968      0.00248977     -0.00000234
ATVX     1  Mu1.0010  Se1.124                       0.26146519     -0.00038550      0.00136863     -0.00000053
ATVX     1  Mu1.0011  Se1.124                       0.26272037      0.00040256     -0.00110589     -0.00000045
ATVX     1  Mu1.0012  Se1.124                       0.27286808      0.00187314     -0.00438802     -0.00000822
ATVX     1  Mu1.0013  Se1.124                       0.27999361      0.00197123     -0.00537773     -0.00001060
ATVX     1  Mu1.0014  Se1.124                       0.28320550      0.00013172     -0.00016005     -0.00000002
ATVX     1  Mu1.0015  Se1.124                       0.28573624      0.00118782     -0.00268990     -0.00000320
ATVX     1  Mu1.0016  Se1.124                       0.28764613      0.00007677     -0.00012630     -0.00000001
ATVX     1  Mu1.0001  Se1.125                       0.15864985      0.00002922     -0.00008593     -0.00000000
ATVX     1  Mu1.0002  Se1.125                       0.17675913     -0.00005630      0.00019261     -0.00000001
ATVX     1  Mu1.0003  Se1.125                       0.18684422      0.00004679     -0.00011354     -0.00000001
ATVX     1  Mu1.0004  Se1.125                       0.20811580     -0.00008157      0.00023430     -0.00000002
ATVX     1  Mu1.0005  Se1.125                       0.21550298      0.00022914     -0.00068687     -0.00000016
ATVX     1  Mu1.0006  Se1.125                       0.22973680     -0.00008564      0.00025117     -0.00000002
ATVX     1  Mu1.0007  Se1.125                       0.23564524      0.00005283     -0.00017062     -0.00000001
ATVX     1  Mu1.0008  Se1.125                       0.24389465      0.00001099     -0.00002920     -0.00000000
ATVX     1  Mu1.0009  Se1.125                       0.25486536      0.00005945     -0.00015844     -0.00000001
ATVX     1  Mu1.0010  Se1.125                       0.26401987      0.00000946     -0.00002221     -0.00000000
ATVX     1  Mu1.0011  Se1.125                       0.26527504      0.00004777     -0.00009989     -0.00000000
ATVX     1  Mu1.0012  Se1.125                       0.27542275      0.00000040      0.00001934      0.00000000
ATVX     1  Mu1.0013  Se1.125                       0.28254828      0.00004068     -0.00013345     -0.00000001
ATVX     1  Mu1.0014  Se1.125                       0.28576017      0.00026534     -0.00061026     -0.00000016
ATVX     1  Mu1.0015  Se1.125                       0.28829091     -0.00008811      0.00019037     -0.00000002
ATVX     1  Mu1.0016  Se1.125                       0.29020080     -0.00003204      0.00012745     -0.00000000
ATVX     1  Mu1.0001  Se1.126                       0.16281283     -0.00272117      0.00744095     -0.00002025
ATVX     1  Mu1.0002  Se1.126                       0.18092211     -0.00694231      0.01926927     -0.00013377
ATVX     1  Mu1.0003  Se1.126                       0.19100721     -0.00129759      0.00281950     -0.00000366
ATVX     1  Mu1.0004  Se1.126                       0.21227878      0.00310145     -0.00783563     -0.00002430
ATVX     1  Mu1.0005  Se1.126                       0.21966597      0.00569132     -0.01622407     -0.00009234
ATVX     1  Mu1.0006  Se1.126                       0.23389978      0.00044247     -0.00108172     -0.00000048
ATVX     1  Mu1.0007  Se1.126                       0.23980823      0.00189844     -0.00473019     -0.00000898
ATVX     1  Mu1.0008  Se1.126                       0.24805764      0.00168131     -0.00391469     -0.00000658
ATVX     1  Mu1.0009  Se1.126                       0.25902835     -0.00129931      0.00334495     -0.00000435
ATVX     1  Mu1.0010  Se1.126                       0.26818285     -0.00075703      0.00208178     -0.00000158
ATVX     1  Mu1.0011  Se1.126                       0.26943803      0.00021996     -0.00070274     -0.00000015
ATVX     1  Mu1.0012  Se1.126                       0.27958573      0.00176409     -0.00412908     -0.00000728
ATVX     1  Mu1.0013  Se1.126                       0.28671127      0.00195298     -0.00523870     -0.00001023
ATVX     1  Mu1.0014  Se1.126                       0.28992316      0.00007781     -0.00001641     -0.00000000
ATVX     1  Mu1.0015  Se1.126                       0.29245390      0.00124119     -0.00274971     -0.00000341
ATVX     1  Mu1.0016  Se1.126                       0.29436378      0.00009947     -0.00020277     -0.00000002
ATVX     1  Mu1.0001  Se1.127                       0.17677785     -0.00208515      0.00478467     -0.00000998
ATVX     1  Mu1.0002  Se1.127                       0.19488713      0.00208537     -0.00482276     -0.00001006
ATVX     1  Mu1.0003  Se1.127                       0.20497222      0.00230744     -0.00611534     -0.00001411
ATVX     1  Mu1.0004  Se1.127                       0.22624380     -0.00098728      0.00294416     -0.00000291
ATVX     1  Mu1.0005  Se1.127                       0.23363099      0.00228863     -0.00693034     -0.00001586
ATVX     1  Mu1.0006  Se1.127                       0.24786480     -0.00233580      0.00639579     -0.00001494
ATVX     1  Mu1.0007  Se1.127                       0.25377325     -0.00037460      0.00085362     -0.00000032
ATVX     1  Mu1.0008  Se1.127                       0.26202266     -0.00033089      0.00091586     -0.00000030
ATVX     1  Mu1.0009  Se1.127                       0.27299336      0.00156843     -0.00410605     -0.00000644
ATVX     1  Mu1.0010  Se1.127                       0.28214787      0.00080582     -0.00179531     -0.00000145
ATVX     1  Mu1.0011  Se1.127                       0.28340305      0.00011472     -0.00018235     -0.00000002
ATVX     1  Mu1.0012  Se1.127                       0.29355075     -0.00049750      0.00126590     -0.00000063
ATVX     1  Mu1.0001  Se1.128                       0.17846055      0.00007196     -0.00018719     -0.00000001
ATVX     1  Mu1.0002  Se1.128                       0.19656983     -0.00002256      0.00017846     -0.00000000
ATVX     1  Mu1.0003  Se1.128                       0.20665492      0.00001305      0.00004313      0.00000000
ATVX     1  Mu1.0004  Se1.128                       0.22792650     -0.00008233      0.00025042     -0.00000002
ATVX     1  Mu1.0005  Se1.128                       0.23531368      0.00007766     -0.00049995     -0.00000004
ATVX     1  Mu1.0006  Se1.128                       0.24954750     -0.00005363      0.00015094     -0.00000001
ATVX     1  Mu1.0007  Se1.128                       0.25545594      0.00007584     -0.00030451     -0.00000002
ATVX     1  Mu1.0008  Se1.128                       0.26370535      0.00002123     -0.00001766     -0.00000000
ATVX     1  Mu1.0009  Se1.128                       0.27467606      0.00004558     -0.00012759     -0.00000001
ATVX     1  Mu1.0010  Se1.128                       0.28383057      0.00002821     -0.00000810     -0.00000000
ATVX     1  Mu1.0011  Se1.128                       0.28508574      0.00002710     -0.00004571     -0.00000000
ATVX     1  Mu1.0012  Se1.128                       0.29523345      0.00001675     -0.00005277     -0.00000000
ATVX     1  Mu1.0001  Se1.129                       0.18526321     -0.00024647      0.00066453     -0.00000016
ATVX     1  Mu1.0002  Se1.129                       0.20337249      0.00003088     -0.00019698     -0.00000001
ATVX     1  Mu1.0003  Se1.129                       0.21345759     -0.00018532      0.00044359     -0.00000008
ATVX     1  Mu1.0004  Se1.129                       0.23472916      0.00042470     -0.00117273     -0.00000050
ATVX     1  Mu1.0005  Se1.129                       0.24211635     -0.00063418      0.00196338     -0.00000125
ATVX     1  Mu1.0006  Se1.129                       0.25635017      0.00029091     -0.00084875     -0.00000025
ATVX     1  Mu1.0007  Se1.129                       0.26225861     -0.00018580      0.00061768     -0.00000011
ATVX     1  Mu1.0008  Se1.129                       0.27050802      0.00004373     -0.00009168     -0.00000000
ATVX     1  Mu1.0009  Se1.129                       0.28147873     -0.00021618      0.00057607     -0.00000012
ATVX     1  Mu1.0010  Se1.129                       0.29063323     -0.00002686      0.00005826     -0.00000000
ATVX     1  Mu1.0011  Se1.129                       0.29188841     -0.00015734      0.00032422     -0.00000005
ATVX     1  Mu1.0001  Se1.130                       0.18915782      0.00105118     -0.00350183     -0.00000368
ATVX     1  Mu1.0002  Se1.130                       0.20726710     -0.00020103      0.00125720     -0.00000025
ATVX     1  Mu1.0003  Se1.130                       0.21735219      0.00056195     -0.00125884     -0.00000071
ATVX     1  Mu1.0004  Se1.130                       0.23862377     -0.00166528      0.00461981     -0.00000769
ATVX     1  Mu1.0005  Se1.130                       0.24601096      0.00113034     -0.00328738     -0.00000372
ATVX     1  Mu1.0006  Se1.130                       0.26024477     -0.00072590      0.00175547     -0.00000127
ATVX     1  Mu1.0007  Se1.130                       0.26615322      0.00039837     -0.00124964     -0.00000050
ATVX     1  Mu1.0008  Se1.130                       0.27440263     -0.00000113     -0.00000536      0.00000000
ATVX     1  Mu1.0009  Se1.130                       0.28537333      0.00048859     -0.00120222     -0.00000059
ATVX     1  Mu1.0010  Se1.130                       0.29452784     -0.00023292      0.00084749     -0.00000020
ATVX     1  Mu1.0011  Se1.130                       0.29578302      0.00055471     -0.00116056     -0.00000064
ATVX     1  Mu1.0001  Se1.131                       0.18976857      0.00000423     -0.00000335     -0.00000000
ATVX     1  Mu1.0002  Se1.131                       0.20787785      0.00004848     -0.00016016     -0.00000001
ATVX     1  Mu1.0003  Se1.131                       0.21796295      0.00001190     -0.00001636     -0.00000000
ATVX     1  Mu1.0004  Se1.131                       0.23923452     -0.00001128      0.00003388     -0.00000000
ATVX     1  Mu1.0005  Se1.131                       0.24662171     -0.00002186      0.00004068     -0.00000000
ATVX     1  Mu1.0006  Se1.131                       0.26085553     -0.00000802      0.00002448     -0.00000000
ATVX     1  Mu1.0007  Se1.131                       0.26676397      0.00000709     -0.00003253     -0.00000000
ATVX     1  Mu1.0008  Se1.131                       0.27501338     -0.00001713      0.00004564     -0.00000000
ATVX     1  Mu1.0009  Se1.131                       0.28598409      0.00001445     -0.00003278     -0.00000000
ATVX     1  Mu1.0010  Se1.131                       0.29513859      0.00001982     -0.00006435     -0.00000000
ATVX     1  Mu1.0011  Se1.131                       0.29639377     -0.00000190      0.00000267     -0.00000000
ATVX     1  Mu1.0001  Se1.132                       0.19690589     -0.00315095      0.00850077     -0.00002679
ATVX     1  Mu1.0002  Se1.132                       0.21501517     -0.00693547      0.01925047     -0.00013351
ATVX     1  Mu1.0003  Se1.132                       0.22510026     -0.00189486      0.00500210     -0.00000948
ATVX     1  Mu1.0004  Se1.132                       0.24637184      0.00261674     -0.00625086     -0.00001636
ATVX     1  Mu1.0005  Se1.132                       0.25375902      0.00609987     -0.01734745     -0.00010582
ATVX     1  Mu1.0006  Se1.132                       0.26799284      0.00117592     -0.00316182     -0.00000372
ATVX     1  Mu1.0007  Se1.132                       0.27390128     -0.00028798      0.00053081     -0.00000015
ATVX     1  Mu1.0008  Se1.132                       0.28215069      0.00362859     -0.00839604     -0.00003047
ATVX     1  Mu1.0009  Se1.132                       0.29312140     -0.00119438      0.00320166     -0.00000382
ATVX     1  Mu1.0001  Se1.133                       0.19871480      0.00190887     -0.00575876     -0.00001099
ATVX     1  Mu1.0002  Se1.133                       0.21682408     -0.00007506      0.00083602     -0.00000006
ATVX     1  Mu1.0003  Se1.133                       0.22690917      0.00032511     -0.00057078     -0.00000019
ATVX     1  Mu1.0004  Se1.133                       0.24818075     -0.00187076      0.00501868     -0.00000939
ATVX     1  Mu1.0005  Se1.133                       0.25556794      0.00011163     -0.00022213     -0.00000002
ATVX     1  Mu1.0006  Se1.133                       0.26980175     -0.00031654      0.00056258     -0.00000018
ATVX     1  Mu1.0007  Se1.133                       0.27571020      0.00066052     -0.00188647     -0.00000125
ATVX     1  Mu1.0008  Se1.133                       0.28395961     -0.00033045      0.00069872     -0.00000023
ATVX     1  Mu1.0009  Se1.133                       0.29493031      0.00026471     -0.00055688     -0.00000015
ATVX     1  Mu1.0001  Se1.134                       0.20893177     -0.00025785      0.00021542     -0.00000006
ATVX     1  Mu1.0002  Se1.134                       0.22704105      0.00221931     -0.00388333     -0.00000862
ATVX     1  Mu1.0003  Se1.134                       0.23712614     -0.00289124      0.00717216     -0.00002074
ATVX     1  Mu1.0004  Se1.134                       0.25839772     -0.00044326      0.00093897     -0.00000042
ATVX     1  Mu1.0005  Se1.134                       0.26578490      0.00173436     -0.00491734     -0.00000853
ATVX     1  Mu1.0006  Se1.134                       0.28001872      0.00123680     -0.00299444     -0.00000370
ATVX     1  Mu1.0007  Se1.134                       0.28592716      0.00070470     -0.00199293     -0.00000140
ATVX     1  Mu1.0008  Se1.134                       0.29417657      0.00005639     -0.00022439     -0.00000001
ATVX     1  Mu1.0001  Se1.135                       0.21516744      0.00001149     -0.00001670     -0.00000000
ATVX     1  Mu1.0002  Se1.135                       0.23327672     -0.00003505      0.00008275     -0.00000000
ATVX     1  Mu1.0003  Se1.135                       0.24336181     -0.00001307      0.00003450     -0.00000000
ATVX     1  Mu1.0004  Se1.135                       0.26463339     -0.00000458      0.00000381     -0.00000000
ATVX     1  Mu1.0005  Se1.135                       0.27202057      0.00002101     -0.00004086     -0.00000000
ATVX     1  Mu1.0006  Se1.135                       0.28625439      0.00001432     -0.00004096     -0.00000000
ATVX     1  Mu1.0007  Se1.135                       0.29216284      0.00000638     -0.00001454     -0.00000000
ATVX     1  Mu1.0001  Se1.136                       0.23589501      0.00062653     -0.00017434     -0.00000011
ATVX     1  Mu1.0002  Se1.136                       0.25400429     -0.00415805      0.00861989     -0.00003584
ATVX     1  Mu1.0003  Se1.136                       0.26408938     -0.00700295      0.01741694     -0.00012197
ATVX     1  Mu1.0004  Se1.136                       0.28536096      0.00795227     -0.01961625     -0.00015599
ATVX     1  Mu1.0005  Se1.136                       0.29274815     -0.00894631      0.02337475     -0.00020912
ATVX     1  Mu1.0001  Se1.137                       0.23167511      0.00084822     -0.00232638     -0.00000197
ATVX     1  Mu1.0002  Se1.137                       0.24978439      0.00085004     -0.00364915     -0.00000310
ATVX     1  Mu1.0003  Se1.137                       0.25986948      0.00213809     -0.00538869     -0.00001152
ATVX     1  Mu1.0004  Se1.137                       0.28114106     -0.00115971      0.00291607     -0.00000338
ATVX     1  Mu1.0005  Se1.137                       0.28852825     -0.00169373      0.00571189     -0.00000967
ATVX     1  Mu1.0001  Se1.138                       0.23618806     -0.00008856      0.00000717     -0.00000000
ATVX     1  Mu1.0002  Se1.138                       0.25429734      0.00086806     -0.00203923     -0.00000177
ATVX     1  Mu1.0003  Se1.138                       0.26438243      0.00117530     -0.00296488     -0.00000348
ATVX     1  Mu1.0004  Se1.138                       0.28565401     -0.00112949      0.00274609     -0.00000310
ATVX     1  Mu1.0005  Se1.138                       0.29304119      0.00073070     -0.00175604     -0.00000128
ATVX     1  Mu1.0001  Se1.139                       0.24260828     -0.00081688      0.00246241     -0.00000201
ATVX     1  Mu1.0002  Se1.139                       0.26071756     -0.00163654      0.00492047     -0.00000805
ATVX     1  Mu1.0003  Se1.139                       0.27080265     -0.00055044      0.00200889     -0.00000111
ATVX     1  Mu1.0004  Se1.139                       0.29207423      0.00111572     -0.00240338     -0.00000268
ATVX     1  Mu1.0005  Se1.139                       0.29946141      0.00116312     -0.00558866     -0.00000650
ATVX     1  Mu1.0001  Se1.140                       0.24242674      0.00031510     -0.00097782     -0.00000031
ATVX     1  Mu1.0002  Se1.140                       0.26053602      0.00069675     -0.00201501     -0.00000140
ATVX     1  Mu1.0003  Se1.140                       0.27062111      0.00016883     -0.00068742     -0.00000012
ATVX     1  Mu1.0004  Se1.140                       0.29189269     -0.00040682      0.00095304     -0.00000039
ATVX     1  Mu1.0005  Se1.140                       0.29927987     -0.00043486      0.00192893     -0.00000084
ATVX     1  Mu1.0001  Se1.141                       0.25740705     -0.00288117      0.00715979     -0.00002063
ATVX     1  Mu1.0002  Se1.141                       0.27551633      0.00158007     -0.00352305     -0.00000557
ATVX     1  Mu1.0003  Se1.141                       0.28560143      0.00086291     -0.00233115     -0.00000201
ATVX     1  Mu1.0001  Se1.142                       0.26447026     -0.00004232      0.00007250     -0.00000000
ATVX     1  Mu1.0002  Se1.142                       0.28257954      0.00004155     -0.00010415     -0.00000000
ATVX     1  Mu1.0003  Se1.142                       0.29266464     -0.00002430      0.00000153     -0.00000000
ATVX     1  Mu1.0001  Se1.143                       0.26731213     -0.00470240      0.01045389     -0.00004916
ATVX     1  Mu1.0002  Se1.143                       0.28542141      0.00293485     -0.00606711     -0.00001781
ATVX     1  Mu1.0003  Se1.143                       0.29550651      0.00200128     -0.00507447     -0.00001016
ATVX     1  Mu1.0001  Se1.144                       0.26886692     -0.00059092      0.00139694     -0.00000083
ATVX     1  Mu1.0002  Se1.144                       0.28697620     -0.00044026      0.00158616     -0.00000070
ATVX     1  Mu1.0003  Se1.144                       0.29706129     -0.00051994      0.00116414     -0.00000061
ATVX     1  Mu1.0001  Se1.145                       0.26928190      0.00165576     -0.00391545     -0.00000648
ATVX     1  Mu1.0002  Se1.145                       0.28739118      0.00125755     -0.00466056     -0.00000586
ATVX     1  Mu1.0003  Se1.145                       0.29747628      0.00153109     -0.00355745     -0.00000545
ATVX     1  Mu1.0001  Se1.146                       0.28657557      0.00003343      0.00019206      0.00000001
ATVX     1  Mu1.0001  Se1.147                       0.29398710      0.00012934     -0.00032391     -0.00000004
ATVX     1  Mu1.0001  Se1.148                       0.29597587     -0.00180533      0.00512944     -0.00000926
ATVX     1  Mu1.0001  Se1.149                       0.29840704      0.00353460     -0.00884315     -0.00003126
ATVX     1  Mu1.0001  Se1.150                       0.29912329     -0.00018616      0.00041154     -0.00000008
BVATP    1  Mu1.0001  Se1.113 Se1.113               0.28090374      0.00016351     -0.00044103     -0.00000007
BVATP    1  Mu1.0002  Se1.113 Se1.113               0.29341508      0.00049639     -0.00112380     -0.00000056
BJATM    1  Mu1.0005  In1.100 Se1.114 Se1.113       0.89278665     -0.02647507      0.03037913     -0.00080429
--

   (Skipping property calculation,
    use PROP keyword to activate)
--

  Total CASPT2 energies:
::    CASPT2 Root  1     Total energy:  -3934.66499200
::    CASPT2 Root  2     Total energy:  -3934.73306062
::    CASPT2 Root  3     Total energy:  -3934.65569668
::    CASPT2 Root  4     Total energy:  -3934.65927138
::    CASPT2 Root  5     Total energy:  -3934.71631967

++ Multi-State CASPT2 section:
********************************************************************************
  MULTI-STATE CASPT2 SECTION
--------------------------------------------------------------------------------

  Output diagonal energies have been shifted. Add   -3934.0000000000000     

  Effective Hamiltonian matrix (Symmetric):

                1               2               3               4               5
   1        -0.66499200
   2        -0.00178917     -0.73306062
   3         0.00069889      0.00052157     -0.65569668
   4        -0.00000247     -0.00005197     -0.00015908     -0.65927138
   5         0.00040101      0.00369124     -0.00533098     -0.00016834     -0.71631967

       Total MS-CASPT2 energies:
::    MS-CASPT2 Root  1     Total energy:  -3934.73392166
::    MS-CASPT2 Root  2     Total energy:  -3934.71597460
::    MS-CASPT2 Root  3     Total energy:  -3934.66498659
::    MS-CASPT2 Root  4     Total energy:  -3934.65927580
::    MS-CASPT2 Root  5     Total energy:  -3934.65518170

       Eigenvectors:
            0.02679908     -0.00133672      0.99738079      0.00363001      0.06707021
            0.97670546      0.21299583     -0.02602614     -0.00085823      0.00105852
           -0.02118859      0.08426926     -0.06624685      0.03458271      0.99341085
            0.00015799      0.00332148     -0.00127311      0.99937558     -0.03515364
           -0.21184728      0.97340570      0.01280400     -0.00621120     -0.08602070

--

  THE ORIGINAL CI ARRAYS ARE NOW MIXED AS LINEAR
  COMBINATIONS, GIVEN BY THE EIGENVECTORS.
  A NEW JOBIPH FILE NAMED 'JOBMIX' IS PREPARED.
********************************************************************************

++ Mixed CI coefficients:
  The CI coefficients for the MIXED state nr.   1
--------------------------------------------------------------------------------
 CI COEFFICIENTS LARGER THAN  5.00E-02
  Occupation of active orbitals, and spin coupling
  of open shells. (u,d: Spin up or down).
  SGUGA info is (Midvert:IsyUp:UpperWalk/LowerWalk)
        Conf  SGUGA info        Occupation       Coefficient         Weight
          14  ( 2:1:   1/   3)   222u22d00000      -0.263198       0.069273
          15  ( 2:1:   2/   3)   222u220d0000       0.095118       0.009047
          17  ( 2:1:   4/   3)   222u22000d00       0.054719       0.002994
          20  ( 2:1:   1/   4)   22u222d00000       0.118055       0.013937
          80  ( 3:1:   1/   3)   222u2d200000      -0.603250       0.363910
          81  ( 3:1:   2/   3)   222u2dud0000       0.089341       0.007982
          82  ( 3:1:   3/   3)   222u2d020000       0.342684       0.117432
          87  ( 3:1:   8/   3)   222u2d0u0d00       0.289374       0.083737
          89  ( 3:1:  10/   3)   222u2d000200       0.115387       0.013314
         101  ( 3:1:   1/   4)   22u22d200000       0.267555       0.071586
         103  ( 3:1:   3/   4)   22u22d020000      -0.151685       0.023008
         108  ( 3:1:   8/   4)   22u22d0u0d00      -0.129336       0.016728
         110  ( 3:1:  10/   4)   22u22d000200      -0.052184       0.002723
         122  ( 3:1:   1/   5)   2u222d200000      -0.060812       0.003698
         494  ( 4:1:   1/   2)   222u2udd0000       0.240065       0.057631
         497  ( 4:1:   4/   2)   222u2ud00d00       0.139909       0.019575
         509  ( 4:1:   1/   3)   22u22udd0000      -0.107233       0.011499
         512  ( 4:1:   4/   3)   22u22ud00d00      -0.062116       0.003858
         774  ( 5:1:   1/   2)   222u202d0000      -0.077202       0.005960
         775  ( 5:1:   2/   2)   222u20d20000      -0.136398       0.018604
         782  ( 5:1:   9/   2)   222u20200d00      -0.054643       0.002986
         783  ( 5:1:  10/   2)   222u20du0d00      -0.117789       0.013874
         814  ( 5:1:  41/   2)   222u2020000d       0.055684       0.003101
         845  ( 5:1:   2/   3)   22u220d20000       0.059581       0.003550
         853  ( 5:1:  10/   3)   22u220du0d00       0.051727       0.002676

  The CI coefficients for the MIXED state nr.   2
--------------------------------------------------------------------------------
 CI COEFFICIENTS LARGER THAN  5.00E-02
  Occupation of active orbitals, and spin coupling
  of open shells. (u,d: Spin up or down).
  SGUGA info is (Midvert:IsyUp:UpperWalk/LowerWalk)
        Conf  SGUGA info        Occupation       Coefficient         Weight
           1  ( 1:1:   1/   1)   222222000000      -0.057099       0.003260
           3  ( 2:1:   2/   1)   22222u0d0000       0.054282       0.002947
          11  ( 2:1:   4/   2)   2222u2000d00       0.063957       0.004090
          14  ( 2:1:   1/   3)   222u22d00000       0.293661       0.086237
          15  ( 2:1:   2/   3)   222u220d0000       0.400865       0.160692
          17  ( 2:1:   4/   3)   222u22000d00       0.140543       0.019752
          20  ( 2:1:   1/   4)   22u222d00000      -0.139262       0.019394
          21  ( 2:1:   2/   4)   22u2220d0000      -0.177218       0.031406
          23  ( 2:1:   4/   4)   22u222000d00      -0.064768       0.004195
          60  ( 3:1:   2/   2)   2222udud0000      -0.123951       0.015364
          65  ( 3:1:   7/   2)   2222udu00d00       0.097199       0.009448
          80  ( 3:1:   1/   3)   222u2d200000       0.084501       0.007140
          81  ( 3:1:   2/   3)   222u2dud0000      -0.159754       0.025521
          86  ( 3:1:   7/   3)   222u2du00d00      -0.054412       0.002961
         102  ( 3:1:   2/   4)   22u22dud0000       0.072187       0.005211
         494  ( 4:1:   1/   2)   222u2udd0000       0.459276       0.210934
         497  ( 4:1:   4/   2)   222u2ud00d00       0.142199       0.020221
         509  ( 4:1:   1/   3)   22u22udd0000      -0.211333       0.044661
         512  ( 4:1:   4/   3)   22u22ud00d00      -0.068089       0.004636
         614  ( 4:1:   1/  10)   22uu22dd0000      -0.053189       0.002829
         712  ( 5:1:   9/   1)   2222u0200d00      -0.066549       0.004429
         774  ( 5:1:   1/   2)   222u202d0000      -0.380233       0.144577
         775  ( 5:1:   2/   2)   222u20d20000       0.180022       0.032408
         782  ( 5:1:   9/   2)   222u20200d00      -0.128380       0.016481
         783  ( 5:1:  10/   2)   222u20du0d00       0.117831       0.013884
         815  ( 5:1:  42/   2)   222u20du000d       0.067656       0.004577
         844  ( 5:1:   1/   3)   22u2202d0000       0.174104       0.030312
         845  ( 5:1:   2/   3)   22u220d20000      -0.082429       0.006795
         852  ( 5:1:   9/   3)   22u220200d00       0.061070       0.003730
         853  ( 5:1:  10/   3)   22u220du0d00      -0.054122       0.002929

  The CI coefficients for the MIXED state nr.   3
--------------------------------------------------------------------------------
 CI COEFFICIENTS LARGER THAN  5.00E-02
  Occupation of active orbitals, and spin coupling
  of open shells. (u,d: Spin up or down).
  SGUGA info is (Midvert:IsyUp:UpperWalk/LowerWalk)
        Conf  SGUGA info        Occupation       Coefficient         Weight
           8  ( 2:1:   1/   2)   2222u2d00000      -0.248509       0.061757
           9  ( 2:1:   2/   2)   2222u20d0000       0.155697       0.024242
          11  ( 2:1:   4/   2)   2222u2000d00       0.074308       0.005522
          59  ( 3:1:   1/   2)   2222ud200000      -0.649219       0.421486
          60  ( 3:1:   2/   2)   2222udud0000       0.082076       0.006736
          61  ( 3:1:   3/   2)   2222ud020000       0.366714       0.134479
          66  ( 3:1:   8/   2)   2222ud0u0d00       0.317481       0.100794
          68  ( 3:1:  10/   2)   2222ud000200       0.130494       0.017029
         479  ( 4:1:   1/   1)   2222uudd0000       0.320537       0.102744
         482  ( 4:1:   4/   1)   2222uud00d00       0.175778       0.030898
         704  ( 5:1:   1/   1)   2222u02d0000      -0.132025       0.017430
         705  ( 5:1:   2/   1)   2222u0d20000      -0.122543       0.015017
         712  ( 5:1:   9/   1)   2222u0200d00      -0.074197       0.005505
         713  ( 5:1:  10/   1)   2222u0du0d00      -0.114153       0.013031
         744  ( 5:1:  41/   1)   2222u020000d       0.061946       0.003837

  The CI coefficients for the MIXED state nr.   4
--------------------------------------------------------------------------------
 CI COEFFICIENTS LARGER THAN  5.00E-02
  Occupation of active orbitals, and spin coupling
  of open shells. (u,d: Spin up or down).
  SGUGA info is (Midvert:IsyUp:UpperWalk/LowerWalk)
        Conf  SGUGA info        Occupation       Coefficient         Weight
          10  ( 2:1:   3/   2)   2222u200d000       0.330679       0.109349
          62  ( 3:1:   4/   2)   2222udu0d000       0.741035       0.549133
          63  ( 3:1:   5/   2)   2222ud0ud000       0.099919       0.009984
          67  ( 3:1:   9/   2)   2222ud00ud00       0.096183       0.009251
          70  ( 3:1:  12/   2)   2222ud0u00d0       0.130178       0.016946
          72  ( 3:1:  14/   2)   2222ud000ud0       0.099686       0.009937
         480  ( 4:1:   2/   1)   2222uud0d000       0.065441       0.004282
         481  ( 4:1:   3/   1)   2222uu0dd000       0.198071       0.039232
         484  ( 4:1:   6/   1)   2222uu00dd00      -0.130362       0.016994
         485  ( 4:1:   7/   1)   2222uud000d0       0.069640       0.004850
         491  ( 4:1:  13/   1)   2222uu00d00d      -0.056542       0.003197
         706  ( 5:1:   3/   1)   2222u020d000      -0.393561       0.154890
         707  ( 5:1:   4/   1)   2222u0dud000      -0.088281       0.007794
         708  ( 5:1:   5/   1)   2222u0udd000       0.057155       0.003267
         716  ( 5:1:  13/   1)   2222u0d0ud00      -0.063689       0.004056
         724  ( 5:1:  21/   1)   2222u02000d0      -0.066525       0.004426
         725  ( 5:1:  22/   1)   2222u0du00d0      -0.058702       0.003446
         750  ( 5:1:  47/   1)   2222u0u0d00d      -0.085629       0.007332

  The CI coefficients for the MIXED state nr.   5
--------------------------------------------------------------------------------
 CI COEFFICIENTS LARGER THAN  5.00E-02
  Occupation of active orbitals, and spin coupling
  of open shells. (u,d: Spin up or down).
  SGUGA info is (Midvert:IsyUp:UpperWalk/LowerWalk)
        Conf  SGUGA info        Occupation       Coefficient         Weight
           1  ( 1:1:   1/   1)   222222000000      -0.102338       0.010473
           3  ( 2:1:   2/   1)   22222u0d0000       0.094578       0.008945
           8  ( 2:1:   1/   2)   2222u2d00000       0.362784       0.131612
           9  ( 2:1:   2/   2)   2222u20d0000       0.415198       0.172389
          11  ( 2:1:   4/   2)   2222u2000d00       0.182025       0.033133
          38  ( 3:1:   1/   1)   222220200000       0.050928       0.002594
          39  ( 3:1:   2/   1)   222220ud0000      -0.068614       0.004708
          59  ( 3:1:   1/   2)   2222ud200000       0.170800       0.029173
          60  ( 3:1:   2/   2)   2222udud0000      -0.168606       0.028428
          61  ( 3:1:   3/   2)   2222ud020000      -0.064027       0.004099
          65  ( 3:1:   7/   2)   2222udu00d00      -0.081365       0.006620
          66  ( 3:1:   8/   2)   2222ud0u0d00      -0.080622       0.006500
         479  ( 4:1:   1/   1)   2222uudd0000       0.461100       0.212613
         482  ( 4:1:   4/   1)   2222uud00d00       0.170080       0.028927
         494  ( 4:1:   1/   2)   222u2udd0000      -0.052082       0.002713
         569  ( 4:1:   1/   7)   22u2u2dd0000      -0.053302       0.002841
         704  ( 5:1:   1/   1)   2222u02d0000      -0.404846       0.163900
         705  ( 5:1:   2/   1)   2222u0d20000       0.212751       0.045263
         712  ( 5:1:   9/   1)   2222u0200d00      -0.156681       0.024549
         713  ( 5:1:  10/   1)   2222u0du0d00       0.151586       0.022978
         721  ( 5:1:  18/   1)   2222u0d00200       0.055726       0.003105
         745  ( 5:1:  42/   1)   2222u0du000d       0.073488       0.005401

--

Note: The following floating-point exceptions are signalling: IEEE_UNDERFLOW_FLAG IEEE_DENORMAL
--- Stop Module: caspt2 at Sun Jun 28 22:48:33 2026 /rc=_RC_ALL_IS_WELL_ ---
*** files: xmldump
    saved to directory <scratch-path-omitted>
--- Module caspt2 spent 22 hours 15 minutes 36 seconds ---

.##################.
.# Happy landing! #.
.##################.

    Timing: Wall=83078.40 User=75603.15 System=7300.71
