tier,retained_state_case,photon_energy_eV,D2,PR,max_p,left_total,right_total,trace_L,trace_R
production,N3,0.02,0.032407905078066596,3.0487413751734427,0.41628801677409577,0.0014271715294241595,0.000252498855405583,5.000000000000001,1.000000000000001
production,N3,0.05,0.033589812649622235,2.837405873675277,0.42383759680156785,0.0019089750654817995,0.00032354218564876076,5.000000000000001,1.000000000000001
production,N3,0.1,0.03595567352083585,2.5923819597374167,0.4419201792391063,0.0027212066209597956,0.0004465952819260862,5.000000000000001,1.000000000000001
production,N3,0.15000000000000002,0.03669119394344387,2.478411437372722,0.45724624579724876,0.0032398680209887033,0.0005409939900786728,5.000000000000001,1.000000000000001
production,N3,0.2,0.03494388046997108,2.4597961425761503,0.4610480834378036,0.0031673847397720193,0.0005569432140724292,5.000000000000001,1.000000000000001
production,N3,0.25,0.03146258675412288,2.526393764674365,0.45518540309004846,0.0025101509194543313,0.00047240776907811575,5.000000000000001,1.000000000000001
production,N3,0.30000000000000004,0.02742972957844445,2.7012691379239113,0.4385816238928143,0.0015975420453586064,0.0003229974569964672,5.000000000000001,1.000000000000001
production,N3,0.35000000000000003,0.023774897233569608,3.038150548308919,0.4080274689187813,0.0008108520916044416,0.00017572415615689223,5.000000000000001,1.000000000000001
production,N3,0.4,0.02106957942701838,3.5850656642932472,0.36013538214914376,0.00032649249447034255,7.556011197189286e-05,5.000000000000001,1.000000000000001
production,N3,0.45,0.019634386979898298,4.194175179384232,0.2951459910015174,0.00010386572841606494,2.5604673938812547e-05,5.000000000000001,1.000000000000001
production,N3,0.5,0.01965796111363997,4.3105125368129835,0.3163863732868251,2.602329047740779e-05,6.833534106652362e-06,5.000000000000001,1.000000000000001
production,N3,0.55,0.021273386951424323,3.7480863734567453,0.40253366680637404,5.1224982542393845e-06,1.4375873483153193e-06,5.000000000000001,1.000000000000001
production,N3,0.6000000000000001,0.02458843226627893,3.0818551777850187,0.47237639352551897,7.907178084603772e-07,2.3882314140396534e-07,5.000000000000001,1.000000000000001
production,N3,0.65,0.029676233125532005,2.6239151348743897,0.5215862266106878,9.558080181057858e-08,3.140927528208181e-08,5.000000000000001,1.000000000000001
production,N4,0.02,0.015014411547677867,6.121769963795895,0.31006373540836424,0.0016020474221171927,0.00023642569089993913,4.999999999999998,0.9999999999999992
production,N4,0.05,0.015225641732942507,5.320783347842076,0.3673775111635986,0.002108397036246956,0.0003112496118054676,4.999999999999998,0.9999999999999992
production,N4,0.1,0.0156372207518946,4.409356094741392,0.4271470327505957,0.0029227893521514667,0.0004394159560507849,4.999999999999998,0.9999999999999992
production,N4,0.15000000000000002,0.015570368926061758,4.095159475411045,0.4405144259833004,0.0033990158443858694,0.0005335104223061699,4.999999999999998,0.9999999999999992
production,N4,0.2,0.014888556500418195,4.125554900097881,0.4171661101143147,0.003275382274869223,0.0005457232498596172,4.999999999999998,0.9999999999999992
production,N4,0.25,0.013853576324214812,4.2383643516361476,0.3676703813165295,0.0025901624953060865,0.0004601825786673516,4.999999999999998,0.9999999999999992
production,N4,0.30000000000000004,0.012780763202362357,4.194653991708283,0.3550971089494374,0.0016693759123560256,0.0003150451268953216,4.999999999999998,0.9999999999999992
production,N4,0.35000000000000003,0.011848048635737176,3.962433010753373,0.4255159942975978,0.0008733356049073304,0.0001741318726176257,4.999999999999998,0.9999999999999992
production,N4,0.4,0.011069637651316414,3.7763931533023802,0.4666047279868086,0.0003708115039087626,7.825839625508866e-05,4.999999999999998,0.9999999999999992
production,N4,0.45,0.010421077902894406,3.9916258958363118,0.45287989140722984,0.0001286537316221987,2.9346216578474366e-05,4.999999999999998,0.9999999999999992
production,N4,0.5,0.010520817747478577,4.931413509482251,0.34068282925829846,3.717696552603076e-05,9.661430532109568e-06,4.999999999999998,0.9999999999999992
production,N4,0.55,0.014566177526527495,2.8110474814748696,0.557145356327428,9.278596397647173e-06,2.97660041282217e-06,4.999999999999998,0.9999999999999992
production,N4,0.6000000000000001,0.02883663018335364,1.4015616716464765,0.8410306552541519,2.0955467659475446e-06,8.845360426892185e-07,4.999999999999998,0.9999999999999992
production,N4,0.65,0.05608138515743984,1.1372369232168908,0.9369770261244099,4.3995308591029624e-07,2.4513375534833223e-07,4.999999999999998,0.9999999999999992
production,N5,0.02,0.020057786692204444,7.266889845173268,0.2633757786925562,0.0016654701818750838,0.00026830838591587866,5.000000000000001,0.9999999999999998
production,N5,0.05,0.01923639100446315,8.383104805975213,0.22386702350482343,0.002192635097919131,0.0003524016249110081,5.000000000000001,0.9999999999999998
production,N5,0.1,0.018814528723096607,7.762730521606256,0.2705398325807744,0.0030839087154582077,0.0005018769931692412,5.000000000000001,0.9999999999999998
production,N5,0.15000000000000002,0.018041738859224637,7.613913696893386,0.27716486908703675,0.0037087503014191663,0.0006268186021810083,5.000000000000001,0.9999999999999998
production,N5,0.2,0.016118798878508745,8.512293865839018,0.2508421111960581,0.0038149277020401145,0.0006844792484934437,5.000000000000001,0.9999999999999998
production,N5,0.25,0.012601371530749205,10.326057090337526,0.19167345942729233,0.0035441290604261025,0.0006855492657286132,5.000000000000001,0.9999999999999998
production,N5,0.30000000000000004,0.00875628446617338,7.127313307788801,0.3032828175301569,0.0035894180636300093,0.0007409302604100621,5.000000000000001,0.9999999999999998
production,N5,0.35000000000000003,0.008415964079527785,2.0915509242939843,0.6754842707401549,0.004868798437083143,0.0010122346651368738,5.000000000000001,0.9999999999999998
production,N5,0.4,0.008498630617401248,1.8549470310213378,0.7025908525076013,0.007698406171125938,0.0015485888360249746,5.000000000000001,0.9999999999999998
production,N5,0.45,0.007717854804050618,2.1023861855336996,0.6232657316194911,0.01103751504913196,0.0021427168707916795,5.000000000000001,0.9999999999999998
production,N5,0.5,0.007066811797255544,2.3789598415569726,0.516314022774718,0.012852914442231307,0.0024194892438027605,5.000000000000001,0.9999999999999998
production,N5,0.55,0.006899985457756443,2.4536883475692646,0.4878571545498831,0.011787473192346534,0.0021590617436169136,5.000000000000001,0.9999999999999998
production,N5,0.6000000000000001,0.0072893667411469115,2.261601491807009,0.5888454163764697,0.008447237604553582,0.0015091897100984483,5.000000000000001,0.9999999999999998
production,N5,0.65,0.008300574500228296,1.9679652883219407,0.6762542954466841,0.004720330522671239,0.0008245992897653303,5.000000000000001,0.9999999999999998
production,omit_Q2,0.02,0.019643561078078343,7.089974858018661,0.24369459012198658,0.0014304518576505284,0.0002672145013742143,4.999999999999997,0.9999999999999996
production,omit_Q2,0.05,0.01916706388332589,7.366257843644051,0.26949708077575457,0.0018429038714725108,0.000351023396934617,4.999999999999997,0.9999999999999996
production,omit_Q2,0.1,0.01943427992955073,6.337374029786755,0.32939392230129333,0.0024863731502041803,0.0004999692576470912,4.999999999999997,0.9999999999999996
production,omit_Q2,0.15000000000000002,0.019442464410899835,6.097942462395159,0.3380215186619731,0.0028719373169526653,0.0006243143651786015,4.999999999999997,0.9999999999999996
production,omit_Q2,0.2,0.017983339748843325,6.746465504541879,0.3027555570790579,0.0028903413257464457,0.0006814804026080552,4.999999999999997,0.9999999999999996
production,omit_Q2,0.25,0.01398258309795035,8.029010629951248,0.2235313030640748,0.0027986637596117345,0.0006825514663822988,4.999999999999997,0.9999999999999996
production,omit_Q2,0.30000000000000004,0.009295176491810414,6.247967651083431,0.3151939669595569,0.0033019752494263675,0.0007387942545651866,4.999999999999997,0.9999999999999996
production,omit_Q2,0.35000000000000003,0.008603778579450808,2.3264609667428457,0.6261684066326051,0.00520045178115632,0.0010118077944790984,4.999999999999997,0.9999999999999996
production,omit_Q2,0.4,0.00851589984343792,2.139610187180728,0.6342973797409605,0.008557859567888178,0.001550200619754247,4.999999999999997,0.9999999999999996
production,omit_Q2,0.45,0.007836117248584322,2.39791767191454,0.5618592392344002,0.012037387216893479,0.002145815935613267,4.999999999999997,0.9999999999999996
production,omit_Q2,0.5,0.007287625896337827,2.686875239729229,0.4719368343280625,0.01351528082432068,0.002422725103111875,4.999999999999997,0.9999999999999996
production,omit_Q2,0.55,0.00713095033652305,2.8481722716529845,0.41163125099842046,0.011898102979558501,0.0021610353671711116,4.999999999999997,0.9999999999999996
production,omit_Q2,0.6000000000000001,0.0074149551172017335,2.8196770101034825,0.4685709330569821,0.008175155358877802,0.0015094023103850826,4.999999999999997,0.9999999999999996
production,omit_Q2,0.65,0.008173206424611296,2.6661191237567925,0.5163018770904008,0.004378469696658131,0.0008236449909438568,4.999999999999997,0.9999999999999996
production,omit_Q3,0.02,0.023839363944950728,7.186438662714552,0.25922827957737793,0.0013353739604186907,0.0002664829556903858,5.0000000000000036,1.0000000000000007
production,omit_Q3,0.05,0.02329515979829073,7.859891382818521,0.23001300039195383,0.0017183290298255277,0.0003501171972365212,5.0000000000000036,1.0000000000000007
production,omit_Q3,0.1,0.023633177016680443,6.870918073007299,0.28573664343714417,0.002286728715671756,0.000498797512358031,5.0000000000000036,1.0000000000000007
production,omit_Q3,0.15000000000000002,0.023482425368264587,6.489850685118443,0.3041580325207978,0.002572139564905267,0.0006230085574366453,5.0000000000000036,1.0000000000000007
production,omit_Q3,0.2,0.021429208024210132,7.1483756399182905,0.28616086161686527,0.0025044080714499194,0.0006803173789731736,5.0000000000000036,1.0000000000000007
production,omit_Q3,0.25,0.016363961700422966,8.65520258305378,0.22086129731478824,0.0023654044593516277,0.0006817485644041324,5.0000000000000036,1.0000000000000007
production,omit_Q3,0.30000000000000004,0.010576022368880137,5.953415260741453,0.3343459029533127,0.0028141332370461786,0.0007381222649627744,5.0000000000000036,1.0000000000000007
production,omit_Q3,0.35000000000000003,0.00936250067428233,2.128343680926463,0.670812961400502,0.004589263437421,0.0010106471520677867,5.0000000000000036,1.0000000000000007
production,omit_Q3,0.4,0.008881683110387614,1.983242371230262,0.6849504171292216,0.007816776894925275,0.0015481751459058893,5.0000000000000036,1.0000000000000007
production,omit_Q3,0.45,0.00790949870782565,2.3147670556904054,0.607600944823283,0.01134656124937866,0.0021432310512859566,5.0000000000000036,1.0000000000000007
production,omit_Q3,0.5,0.0071941455300121564,2.743967913930694,0.5058886500650132,0.013142882261574384,0.002420383887563923,5.0000000000000036,1.0000000000000007
production,omit_Q3,0.55,0.006982193550794613,2.9914338027177814,0.39674784587166856,0.01194205979816165,0.0021597258437772993,5.0000000000000036,1.0000000000000007
production,omit_Q3,0.6000000000000001,0.0073239111705993305,2.8365192595262365,0.4896221112975828,0.008472801302759793,0.0015093875711000187,5.0000000000000036,1.0000000000000007
production,omit_Q3,0.65,0.008281875257225249,2.4342094339331983,0.5866532015343819,0.004687231378872502,0.0008245010479378866,5.0000000000000036,1.0000000000000007
production,omit_Q4,0.02,0.019788602943523942,6.660225661619808,0.26640807265930244,0.001594476438345333,0.0002685801768582449,5.000000000000001,1.0000000000000004
production,omit_Q4,0.05,0.0186739120399425,7.3301354408998245,0.24252374775991586,0.0021136546216855828,0.0003522391591729063,5.000000000000001,1.0000000000000004
production,omit_Q4,0.1,0.018066931877859762,6.5525349921221645,0.3010607744154932,0.0030009871817421848,0.0005011998434364035,5.000000000000001,1.0000000000000004
production,omit_Q4,0.15000000000000002,0.017410398905233136,6.388257640342878,0.3112849329360299,0.0036315564782438796,0.0006262342927597527,5.000000000000001,1.0000000000000004
production,omit_Q4,0.2,0.015726194878136864,7.223031121598305,0.28290006222421454,0.0037473049190881475,0.0006845029906617312,5.000000000000001,1.0000000000000004
production,omit_Q4,0.25,0.012422432251384029,9.09019829008216,0.21747388204258827,0.003486088081881404,0.0006862009255394561,5.000000000000001,1.0000000000000004
production,omit_Q4,0.30000000000000004,0.008632340502323014,7.028953246380665,0.2981769662195702,0.0035426022305556984,0.0007418811304173509,5.000000000000001,1.0000000000000004
production,omit_Q4,0.35000000000000003,0.008186123858333474,2.121638194781949,0.6691405072992261,0.004839985804308416,0.0010133807432946627,5.000000000000001,1.0000000000000004
production,omit_Q4,0.4,0.008220724665520224,1.8735954681346318,0.6970464389740063,0.00769585809417507,0.0015503339130561176,5.000000000000001,1.0000000000000004
production,omit_Q4,0.45,0.007467188031389295,2.120618843760739,0.6174858509761707,0.01106120580261441,0.002145399385943427,5.000000000000001,1.0000000000000004
production,omit_Q4,0.5,0.006852679236028787,2.392344950407259,0.510685323823822,0.012889842467731942,0.002422612434743923,5.000000000000001,1.0000000000000004
production,omit_Q4,0.55,0.00670928176929423,2.457812576312818,0.4906180485513832,0.011820185862577971,0.00216154754511344,5.000000000000001,1.0000000000000004
production,omit_Q4,0.6000000000000001,0.0071054423184971505,2.261015295785695,0.5903494850306374,0.00846647327077418,0.0015104210819711977,5.000000000000001,1.0000000000000004
production,omit_Q4,0.65,0.008106301288488651,1.9680975784261714,0.6766651818678003,0.00472775890791049,0.0008248385460308301,5.000000000000001,1.0000000000000004
production,omit_Q5,0.02,0.02142384146132544,6.60410408763738,0.24299210538543517,0.0016397675384812688,0.0002771113414762779,4.999999999999998,0.9999999999999983
production,omit_Q5,0.05,0.020842180739259822,6.582423515191445,0.2965082924492404,0.002151465111636907,0.00036373675315182246,4.999999999999998,0.9999999999999983
production,omit_Q5,0.1,0.02051067444179883,5.771900762350816,0.35319688198174715,0.002961361066427977,0.0005157083623857492,4.999999999999998,0.9999999999999983
production,omit_Q5,0.15000000000000002,0.01980676228499248,5.60688652644356,0.36468432871200424,0.003421124391542748,0.0006395816154215793,4.999999999999998,0.9999999999999983
production,omit_Q5,0.2,0.01821902802584961,6.281325174082325,0.33630525573296355,0.003284350932147948,0.0006931810364718674,4.999999999999998,0.9999999999999983
production,omit_Q5,0.25,0.015788547149937,8.003936750935392,0.2673700702603421,0.0025989575993317178,0.000688981191884703,4.999999999999998,0.9999999999999983
production,omit_Q5,0.30000000000000004,0.014490185022642217,6.826406119966302,0.28794141094928233,0.0016877607190027518,0.0007386509923050052,4.999999999999998,0.9999999999999983
production,omit_Q5,0.35000000000000003,0.02626483358899404,1.5003591108251697,0.8127570138558716,0.0009031646479484095,0.0010032099550520565,4.999999999999998,0.9999999999999983
production,omit_Q5,0.4,0.07821276704448789,1.0484793447127891,0.9765356533283693,0.0004085311073951796,0.0015312932279016504,4.999999999999998,0.9999999999999983
production,omit_Q5,0.45,0.21521552949771164,1.005971212787687,0.997026345820223,0.00016789969545803258,0.002116640021410743,4.999999999999998,0.9999999999999983
production,omit_Q5,0.5,0.4570616012205972,1.001058107638011,0.99947131976043,7.09897665358437e-05,0.00238678191252728,4.999999999999998,0.9999999999999983
production,omit_Q5,0.55,0.7037904220978455,1.0003269660593153,0.9998365491552715,3.3168447285476295e-05,0.0021247816434723857,4.999999999999998,0.9999999999999983
production,omit_Q5,0.6000000000000001,0.8543074734445839,1.0001488191656602,0.9999255964322601,1.581413895994451e-05,0.0014794020557825757,4.999999999999998,0.9999999999999983
production,omit_Q5,0.65,0.9243687241029196,1.0000767063621794,0.9999616483571184,6.805166188510034e-06,0.0008033965978110615,4.999999999999998,0.9999999999999983
production,omit_T1,0.02,0.01632831422316672,5.986720747762721,0.30544372881111825,0.0013993688221978816,0.00025148629476080044,5.0,1.0000000000000009
production,omit_T1,0.05,0.01672655188278256,5.535471267127439,0.33848733087086197,0.001932150259949946,0.00033433215779975315,5.0,1.0000000000000009
production,omit_T1,0.1,0.016922334174655666,5.083382424848236,0.37180195823567114,0.0028674050009682966,0.00048090763690819224,5.0,1.0000000000000009
production,omit_T1,0.15000000000000002,0.01606131346322398,5.147909938602536,0.3761865306200969,0.0035486303620222088,0.0005986153561538126,5.0,1.0000000000000009
production,omit_T1,0.2,0.014042803411930434,5.880243925253398,0.3466980412790575,0.003699467937398376,0.0006486501434152048,5.0,1.0000000000000009
production,omit_T1,0.25,0.010646630125703173,7.595026794498315,0.26880092963266444,0.0034649022591956894,0.0006559923609612725,5.0,1.0000000000000009
production,omit_T1,0.30000000000000004,0.007064370981569527,6.612402315465682,0.29274213688116846,0.003554218776013022,0.0007438497155247691,5.0,1.0000000000000009
production,omit_T1,0.35000000000000003,0.006311635222919694,2.3736747706123045,0.6231750566958747,0.004892978922420639,0.0010671721999317933,5.0,1.0000000000000009
production,omit_T1,0.4,0.006154871909462817,2.1262549301798765,0.636909537146267,0.007785057544323287,0.0016448015842668612,5.0,1.0000000000000009
production,omit_T1,0.45,0.005631961216329361,2.380261471659347,0.5554830758671526,0.011161422690335522,0.00223469112727793,5.0,1.0000000000000009
production,omit_T1,0.5,0.005247061383035858,2.6213226357059267,0.45655266666789146,0.012967439765466496,0.0024573545906931243,5.0,1.0000000000000009
production,omit_T1,0.55,0.005173535948843561,2.6801429479829775,0.4724304689590936,0.011856046973382734,0.0021304736830531066,5.0,1.0000000000000009
production,omit_T1,0.6000000000000001,0.005439558368671814,2.5539015218467402,0.540063988855275,0.008467441343410669,0.0014454054802151694,5.0,1.0000000000000009
production,omit_T1,0.65,0.006077595904444047,2.3483129560875264,0.596247665440299,0.004714535987517563,0.0007658332950403503,5.0,1.0000000000000009
production,omit_T2,0.02,0.020319205434721942,5.473856206322516,0.29989650408037416,0.0016606397291265462,0.00024120308567015167,4.999999999999998,1.0000000000000007
production,omit_T2,0.05,0.019931584643986432,5.75088903169376,0.28107768033058805,0.0021403614311881094,0.0003195141306008722,4.999999999999998,1.0000000000000007
production,omit_T2,0.1,0.019960177509544957,4.957244224358814,0.3434283163519224,0.0029528489190811303,0.00046137703127516454,4.999999999999998,1.0000000000000007
production,omit_T2,0.15000000000000002,0.019161565651474772,4.943002031100244,0.3514723837082008,0.0035387086169110307,0.0005832996040574932,4.999999999999998,1.0000000000000007
production,omit_T2,0.2,0.016845393552741412,5.876823349647449,0.3169554357577136,0.0036626920431436,0.0006451802323047021,4.999999999999998,1.0000000000000007
production,omit_T2,0.25,0.012741241377974692,8.067746340895,0.24020253432168776,0.0034507660577767717,0.0006606350876720596,4.999999999999998,1.0000000000000007
production,omit_T2,0.30000000000000004,0.008396276197704508,6.615111285276424,0.31168225294009405,0.003575053535614668,0.0007419592030074129,4.999999999999998,1.0000000000000007
production,omit_T2,0.35000000000000003,0.007575298784948692,2.022111516548464,0.6895494031740742,0.00493836026148632,0.0010468719393171132,4.999999999999998,1.0000000000000007
production,omit_T2,0.4,0.0073766691605926075,1.7873186193086315,0.7221405109261826,0.007829695039329076,0.0016116598609173653,4.999999999999998,1.0000000000000007
production,omit_T2,0.45,0.006603217385707075,2.03831918230361,0.6439648455561596,0.011168407972725544,0.0022116287695943516,4.999999999999998,1.0000000000000007
production,omit_T2,0.5,0.006006312629844364,2.3393022224593114,0.5343791161266827,0.012910889743537978,0.0024657573628470834,4.999999999999998,1.0000000000000007
production,omit_T2,0.55,0.005857131305961107,2.423116612225355,0.4867295032360608,0.011748612001438145,0.002169943405199078,4.999999999999998,1.0000000000000007
production,omit_T2,0.6000000000000001,0.0062185011769953875,2.1898005183187,0.60247999803335,0.008353140142737879,0.0014952178315373816,4.999999999999998,1.0000000000000007
production,omit_T2,0.65,0.007161160602189862,1.8482230912296305,0.7042956830955432,0.004631123066535466,0.0008051317758759278,4.999999999999998,1.0000000000000007
production,omit_T3,0.02,0.028981836667801793,3.3052121825145377,0.5040474145782886,0.0009886917609557434,0.00015027935193864407,5.0,0.999999999999999
production,omit_T3,0.05,0.021088445450534368,4.953684733079794,0.3513742093394442,0.001355007677792739,0.00020985354041134645,5.0,0.999999999999999
production,omit_T3,0.1,0.014683073448222674,6.688452596944281,0.3156965478426496,0.002075680593211043,0.00033089655388524183,5.0,0.999999999999999
production,omit_T3,0.15000000000000002,0.012136219268558106,7.217243242754811,0.30053539033297344,0.0027322585657167556,0.0004485427999158552,5.0,0.999999999999999
production,omit_T3,0.2,0.010524798837219044,8.303201099496606,0.23284574758466087,0.0030591545408660825,0.0005254912188860032,5.0,0.999999999999999
production,omit_T3,0.25,0.007946832527495763,8.913480116528435,0.1728840543126189,0.0030923463282325286,0.0005855306969661953,5.0,0.999999999999999
production,omit_T3,0.30000000000000004,0.004139067342641856,7.649851994226991,0.2170654667110424,0.003431688400654996,0.0007546722497836585,5.0,0.999999999999999
production,omit_T3,0.35000000000000003,0.0020943665562475535,2.420017698277773,0.6270564336326232,0.0049688602802793295,0.0011832817680284412,5.0,0.999999999999999
production,omit_T3,0.4,0.001475533835751862,1.604149243985189,0.7811738508360646,0.008009862198367062,0.0018555728793238511,5.0,0.999999999999999
production,omit_T3,0.45,0.0011600238593356712,1.7990352501635545,0.7206456760128884,0.011464196286460518,0.00247335772525176,5.0,0.999999999999999
production,omit_T3,0.5,0.0009937180094363631,2.2758608504559263,0.5830404005823053,0.01324970581573326,0.002634516708618434,5.0,0.999999999999999
production,omit_T3,0.55,0.0009673536943518675,2.5367016964366322,0.46445004801865175,0.012041463910831635,0.0022021951497284,5.0,0.999999999999999
production,omit_T3,0.6000000000000001,0.0010841123525742293,2.1832335183673166,0.6203654214289488,0.008546911032460093,0.0014373838591270438,5.0,0.999999999999999
production,omit_T3,0.65,0.001366915115400002,1.7359476479798344,0.7410136163800289,0.004729558875080366,0.0007316155638608957,5.0,0.999999999999999
production,omit_T4,0.02,0.021614105037318403,6.021727563293968,0.2621503635339303,0.0015572005725498455,0.0002666765988817103,4.999999999999994,0.9999999999999996
production,omit_T4,0.05,0.02049182412149505,5.993084117043709,0.28235465960788825,0.0020681994272417487,0.0003498323287836599,4.999999999999994,0.9999999999999996
production,omit_T4,0.1,0.019511738140577835,4.959405947876279,0.331749737378347,0.0029366617094168813,0.0004971048139368373,4.999999999999994,0.9999999999999996
production,omit_T4,0.15000000000000002,0.01801715560462134,4.687857620238665,0.3349761188333323,0.0035401450107255036,0.0006179525232130918,4.999999999999994,0.9999999999999996
production,omit_T4,0.2,0.015336380288699776,5.261706922603519,0.3031608870830883,0.003633409240963703,0.0006690797303873208,4.999999999999994,0.9999999999999996
production,omit_T4,0.25,0.011633032934399967,7.466222367236087,0.22549080477851222,0.0033871977653251993,0.0006652571874092029,4.999999999999994,0.9999999999999996
production,omit_T4,0.30000000000000004,0.010094936526577811,3.5732197731393343,0.5021819906176052,0.003526387267976301,0.0007261350180521832,4.999999999999994,0.9999999999999996
production,omit_T4,0.35000000000000003,0.012833935801494134,1.56625185665245,0.7892669625661357,0.004961396913905043,0.0010174723322788877,4.999999999999994,0.9999999999999996
production,omit_T4,0.4,0.013101875845900555,1.5861238526319534,0.7715995022105818,0.007937769862188433,0.0015780488875032366,4.999999999999994,0.9999999999999996
production,omit_T4,0.45,0.011548070157821548,1.8460065212556578,0.6825964218099732,0.011317913022907574,0.0021814884255451743,4.999999999999994,0.9999999999999996
production,omit_T4,0.5,0.010330613559731902,2.14163594059951,0.5612393789331306,0.01303423521757167,0.0024448654261630043,4.999999999999994,0.9999999999999996
production,omit_T4,0.55,0.009987750427202468,2.2184535728695174,0.5179315469151735,0.011805397099950163,0.0021612675051894572,4.999999999999994,0.9999999999999996
production,omit_T4,0.6000000000000001,0.010605573935937435,1.9846207707311134,0.6435967094914289,0.00835223343184506,0.0014968274962603872,4.999999999999994,0.9999999999999996
production,omit_T4,0.65,0.012270403547125462,1.6740527621193473,0.7473165713677128,0.0046072660320095665,0.0008113614051344935,4.999999999999994,0.9999999999999996
production,omit_T5,0.02,0.02004579399829402,6.845951335411503,0.2660996686225669,0.0016382855660368463,0.0002689631227192006,5.000000000000004,1.0000000000000002
production,omit_T5,0.05,0.019325047392596134,7.522735757252834,0.22414533781135296,0.0021558337318787115,0.00035252883811054007,5.000000000000004,1.0000000000000002
production,omit_T5,0.1,0.01913620612088049,6.687056513635132,0.2718258324927822,0.00302332522307634,0.0004992308790550359,5.000000000000004,1.0000000000000002
production,omit_T5,0.15000000000000002,0.01863064602672274,6.534055134166895,0.27972193915443494,0.0036124522109047116,0.0006173009700030618,5.000000000000004,1.0000000000000002
production,omit_T5,0.2,0.016835171736218284,7.427000052703785,0.2564873756520695,0.00368481866706452,0.0006642418820314493,5.000000000000004,1.0000000000000002
production,omit_T5,0.25,0.01287546681312349,9.525920524029909,0.20329404978973745,0.0034171927697407944,0.0006571332551856229,5.000000000000004,1.0000000000000002
production,omit_T5,0.30000000000000004,0.007726045425642039,8.912665480005405,0.2421737249573897,0.003535179962391674,0.000718273985571633,5.000000000000004,1.0000000000000002
production,omit_T5,0.35000000000000003,0.0061220666955143785,2.5751718041576668,0.5849632073577963,0.004950605230784888,0.001015090916300009,5.000000000000004,1.0000000000000002
production,omit_T5,0.4,0.00592534553544764,2.189635171009079,0.6033861672535379,0.007916538673378892,0.0015851158249131523,5.000000000000004,1.0000000000000002
production,omit_T5,0.45,0.005480794938265264,2.357995774547996,0.5278895443067497,0.011301245239598443,0.002196599957758882,5.000000000000004,1.0000000000000002
production,omit_T5,0.5,0.005156717001099349,2.4858096881056295,0.44730982899456684,0.013031679327651261,0.002460400187269684,5.000000000000004,1.0000000000000002
production,omit_T5,0.55,0.00510625503578824,2.474691088948735,0.517332130127566,0.01181443910434535,0.0021689290487007054,5.000000000000004,1.0000000000000002
production,omit_T5,0.6000000000000001,0.005354183776726808,2.348181421024118,0.5798452909738641,0.008363998919873328,0.0014945522737183135,5.000000000000004,1.0000000000000002
production,omit_T5,0.65,0.005928998200406597,2.1747949858458244,0.6329713066324628,0.004615573044509957,0.0008037573841085747,5.000000000000004,1.0000000000000002
production,omit_S2,0.02,0.02144684610794222,6.255157367164388,0.28993747737491476,0.0016763208970653933,0.00022636601596930455,5.000000000000003,0.9999999999999997
production,omit_S2,0.05,0.02076652230547748,7.0093411274766515,0.2575626618497896,0.0022024937880312672,0.0002836003350406788,5.000000000000003,0.9999999999999997
production,omit_S2,0.1,0.020991235390837335,6.170922368118735,0.3262165668323213,0.0030905933437612282,0.0003738485012363351,5.000000000000003,0.9999999999999997
production,omit_S2,0.15000000000000002,0.02084447448049386,5.859839192206329,0.34210201678790886,0.0037114263154817808,0.00044122321950162865,5.000000000000003,0.9999999999999997
production,omit_S2,0.2,0.018772967583778888,6.520811175872556,0.31252202288053454,0.0038134601109506765,0.0004741405241738891,5.000000000000003,0.9999999999999997
production,omit_S2,0.25,0.014127112807322116,8.09041720521107,0.23651323672279606,0.003538892444476367,0.0004987845440728181,5.000000000000003,0.9999999999999997
production,omit_S2,0.30000000000000004,0.00936052424144681,5.974664176015279,0.334487222049436,0.003581695520246255,0.0006108431259967367,5.000000000000003,0.9999999999999997
production,omit_S2,0.35000000000000003,0.00878851289715782,2.0298836800755073,0.6853336497118948,0.004860493285523772,0.0009411341778337871,5.000000000000003,0.9999999999999997
production,omit_S2,0.4,0.008606998094022386,1.855025521396226,0.7020975547549353,0.007690908177839489,0.0015181301575160804,5.000000000000003,0.9999999999999997
production,omit_S2,0.45,0.007733018657712065,2.104471879156942,0.6224553831049903,0.011031136327356071,0.0021325281608188355,5.000000000000003,0.9999999999999997
production,omit_S2,0.5,0.0070649548534615705,2.3784653601045997,0.5159003407856709,0.012847497149427872,0.002416847562132575,5.000000000000003,0.9999999999999997
production,omit_S2,0.55,0.006895652148742988,2.450775357656346,0.48845025448212936,0.011783109355425215,0.002158530647960479,5.000000000000003,0.9999999999999997
production,omit_S2,0.6000000000000001,0.007283932343566359,2.2574171753472845,0.5895282161623837,0.008444194901481988,0.001509094755174855,5.000000000000003,0.9999999999999997
production,omit_S2,0.65,0.00829336616595061,1.9633702503530186,0.6771073512145575,0.00471860337773184,0.0008245703803384553,5.000000000000003,0.9999999999999997
production,omit_S3,0.02,0.022307757000239316,7.2157709562496875,0.2543389692702669,0.0016885760541883207,0.00024605419346693106,4.999999999999998,1.0000000000000004
production,omit_S3,0.05,0.021974420718650974,7.948146588224962,0.21798247493047543,0.0022130605665048554,0.00031330007995557333,4.999999999999998,1.0000000000000004
production,omit_S3,0.1,0.022249793378297515,7.098237877839159,0.2715275551693393,0.0030974558196125174,0.0004200786040049134,4.999999999999998,1.0000000000000004
production,omit_S3,0.15000000000000002,0.021698651958091196,6.753191115032544,0.291102064789102,0.0037160110323924403,0.0004940615878291875,4.999999999999998,1.0000000000000004
production,omit_S3,0.2,0.019195538644495375,7.321677880501204,0.27773697761958754,0.003818332249540682,0.0005172811184419087,4.999999999999998,1.0000000000000004
production,omit_S3,0.25,0.014310113572431029,8.762122338882964,0.2209984180585374,0.0035452320168194154,0.0005219255842468931,4.999999999999998,1.0000000000000004
production,omit_S3,0.30000000000000004,0.009503751406904721,5.854771704290316,0.3437228249830778,0.003588327553918615,0.0006163045632771923,4.999999999999998,1.0000000000000004
production,omit_S3,0.35000000000000003,0.008969555499632182,1.9930505136574619,0.6924598506314967,0.004864767691732413,0.0009382368876137063,4.999999999999998,1.0000000000000004
production,omit_S3,0.4,0.00871472647665894,1.8440820720956985,0.7049426417190189,0.007690442455481959,0.001514292097960479,4.999999999999998,1.0000000000000004
production,omit_S3,0.45,0.007776974896900901,2.1015830322048896,0.6235009719668908,0.0110253952428637,0.002130309309925698,4.999999999999998,1.0000000000000004
production,omit_S3,0.5,0.007083393426092932,2.381013497404784,0.5158874808879734,0.012838316977191946,0.0024160091137101257,4.999999999999998,1.0000000000000004
production,omit_S3,0.55,0.006907763414688376,2.4560793532122793,0.4880341064132489,0.01177365146770301,0.0021583366164535825,4.999999999999998,1.0000000000000004
production,omit_S3,0.6000000000000001,0.007297851430750787,2.2636155602486614,0.5888841361456658,0.008437008512860705,0.001509108184052076,4.999999999999998,1.0000000000000004
production,omit_S3,0.65,0.008313338301256124,1.9702344095012423,0.6760126779277469,0.004714429252313419,0.0008246208761346386,4.999999999999998,1.0000000000000004
production,omit_S4,0.02,0.020728530261726705,7.175726965669842,0.2516006360788399,0.001630922434126477,0.0002748739670833738,5.000000000000001,0.9999999999999993
production,omit_S4,0.05,0.019966398808997962,7.668132471300034,0.24213464923464897,0.0021507600222894093,0.0003597702205380536,5.000000000000001,0.9999999999999993
production,omit_S4,0.1,0.01969441092122767,6.515247255220111,0.3090534319920857,0.003039384455666902,0.000511865860748531,5.000000000000001,0.9999999999999993
production,omit_S4,0.15000000000000002,0.019087836565416072,6.079371227500788,0.3307129214103441,0.0036754503206065502,0.000640915273697309,5.000000000000001,0.9999999999999993
production,omit_S4,0.2,0.017200468828948,6.611304960107557,0.3127456630186069,0.0037990006634749194,0.0007017026353467902,5.000000000000001,0.9999999999999993
production,omit_S4,0.25,0.013430421486216624,8.290738837366455,0.25317477901079,0.003541358426429398,0.0007020890067668664,5.000000000000001,0.9999999999999993
production,omit_S4,0.30000000000000004,0.009011139221996442,7.410506373017302,0.28222828243913606,0.003592521801449699,0.0007531541550884173,5.000000000000001,0.9999999999999993
production,omit_S4,0.35000000000000003,0.00824621459469037,2.1549404712613667,0.6643000654140028,0.00487432045811283,0.0010197824296782883,5.000000000000001,0.9999999999999993
production,omit_S4,0.4,0.00823718881434393,1.8604774717921284,0.700876930740103,0.007706675202143472,0.0015539917097486128,5.000000000000001,0.9999999999999993
production,omit_S4,0.45,0.007459632390625368,2.0961012424406817,0.6239361153745842,0.011048785994360481,0.0021482566617111844,5.000000000000001,0.9999999999999993
production,omit_S4,0.5,0.00682317442493685,2.3682306742408774,0.517421838703308,0.012865173676752833,0.0024251153965430846,5.000000000000001,0.9999999999999993
production,omit_S4,0.55,0.006665151511293441,2.44129741054053,0.4899274360282541,0.011797661228503271,0.002163350132997057,5.000000000000001,0.9999999999999993
production,omit_S4,0.6000000000000001,0.0070533260698740765,2.247881001138209,0.5916285811438537,0.008453651613399685,0.0015114010730559136,5.000000000000001,0.9999999999999993
production,omit_S4,0.65,0.00805175441474066,1.9542638355847917,0.679471497498323,0.0047233758523963325,0.0008252477730647201,5.000000000000001,0.9999999999999993
production,omit_S5,0.02,0.01475709503597509,8.03244415831382,0.24159562876697716,0.0017216663072760609,0.00022765166583487998,4.999999999999998,0.9999999999999996
production,omit_S5,0.05,0.014899479405086864,7.036486676648947,0.29306585149939857,0.002239966746487158,0.0003002097325124492,4.999999999999998,0.9999999999999996
production,omit_S5,0.1,0.015250754020356765,5.686097688971624,0.34682166511962953,0.0031105813692067527,0.00042650974416742277,4.999999999999998,0.9999999999999996
production,omit_S5,0.15000000000000002,0.014888348989474392,5.306087265980489,0.36031206681929373,0.003718462321577368,0.0005223475671675279,4.999999999999998,0.9999999999999996
production,omit_S5,0.2,0.01350776372608088,5.592687736868118,0.3422295579447944,0.0038157542549737567,0.0005390661158939043,4.999999999999998,0.9999999999999996
production,omit_S5,0.25,0.011011669956472982,6.52101345191737,0.29685823207318973,0.003538440260531512,0.00045880618575083986,4.999999999999998,0.9999999999999996
production,omit_S5,0.30000000000000004,0.007853191319426446,9.569746338185999,0.20211246536728783,0.0035724398157155066,0.00031901432090503264,4.999999999999998,0.9999999999999996
production,omit_S5,0.35000000000000003,0.010579573529297472,3.489821128910587,0.4827668889299842,0.004834421836521074,0.00018454873011257316,4.999999999999998,0.9999999999999996
production,omit_S5,0.4,0.03487848628753714,1.9893591772937573,0.6583504514642529,0.007645785424876659,9.727067328859855e-05,4.999999999999998,0.9999999999999996
production,omit_S5,0.45,0.09295242881532628,1.8402033864486533,0.6894714118059424,0.010973814787046841,5.79718075398044e-05,4.999999999999998,0.9999999999999996
production,omit_S5,0.5,0.15182674773529553,1.8066245821767335,0.6971995776699488,0.012790478812595145,4.514552182339511e-05,4.999999999999998,0.9999999999999996
production,omit_S5,0.55,0.1806800918453611,1.8065773596066947,0.6967063855842915,0.01173745302526838,3.8712055165667185e-05,4.999999999999998,0.9999999999999996
production,omit_S5,0.6000000000000001,0.1915360347361259,1.8214922955285713,0.6924690820452895,0.008414476526009768,2.9895658478332645e-05,4.999999999999998,0.9999999999999996
production,omit_S5,0.65,0.19606355783164753,1.8415213946358335,0.6871263036093994,0.0047028900158541265,1.916154733957898e-05,4.999999999999998,0.9999999999999996
bridge,N3,0.02,0.034505263964839536,1.8332552019231638,0.7211812844559243,0.00014413169779725645,9.817216289878318e-05,5.000000000000003,0.9999999999999993
bridge,N3,0.05,0.034311706917043626,1.8246112505010135,0.723231190182695,0.0001700239019598854,0.00011584919559238376,5.000000000000003,0.9999999999999993
bridge,N3,0.1,0.03329833316281742,1.813613650698602,0.7259049755893614,0.00018700171034679542,0.0001255580602347425,5.000000000000003,0.9999999999999993
bridge,N3,0.15000000000000002,0.030390852294715054,1.8058429666715117,0.7280456233342476,0.00016942109744667457,0.00010872595818758009,5.000000000000003,0.9999999999999993
bridge,N3,0.2,0.025119867349030548,1.756014965475763,0.740550861861623,0.00013827444070395033,8.476302661746338e-05,5.000000000000003,0.9999999999999993
bridge,N3,0.25,0.02395158016272866,1.5305280296891797,0.794887018712854,0.00013756473955225284,9.080779890816937e-05,5.000000000000003,0.9999999999999993
bridge,N3,0.30000000000000004,0.013852749361246692,1.4491267009908513,0.8145080299362352,0.0003134659090819041,0.00017069833184368895,5.000000000000003,0.9999999999999993
bridge,N3,0.35000000000000003,0.004313873435327654,1.464926235748268,0.8073608235264125,0.0012786702629267236,0.0003546598649507645,5.000000000000003,0.9999999999999993
bridge,N3,0.4,0.0015704499353357466,1.4893688821497204,0.7982744280358742,0.004981892455985823,0.0006167783558002501,5.000000000000003,0.9999999999999993
bridge,N3,0.45,0.0007081929244060404,1.5027882595935909,0.7935350889198806,0.015622408931809105,0.0008469064477661943,5.000000000000003,0.9999999999999993
bridge,N3,0.5,0.0003511515247750974,1.5129233946480691,0.7904063833413623,0.038386113824599916,0.0009089022659070834,5.000000000000003,0.9999999999999993
bridge,N3,0.55,0.0001884107723132527,1.5237255029837369,0.7882756168870894,0.07372079894753658,0.0007608087451097444,5.000000000000003,0.9999999999999993
bridge,N3,0.6000000000000001,0.00015285727791100387,1.436213669951458,0.8222342313074811,0.11137135197868048,0.0004966453932114333,5.000000000000003,0.9999999999999993
bridge,N3,0.65,0.0004168059608047595,1.2103598205873791,0.9070428590933949,0.1360166648214605,0.00025351109638375367,5.000000000000003,0.9999999999999993
bridge,N4,0.02,0.032386739407519634,1.848742383473566,0.7182979350545884,0.00017385214731526237,0.00011389925526790439,5.0,0.999999999999998
bridge,N4,0.05,0.03197658554640095,1.8406131491200115,0.7202144052168374,0.00020653983662427728,0.00013443682558102467,5.0,0.999999999999998
bridge,N4,0.1,0.030538171725290778,1.833115461128298,0.7221477090048868,0.0002311568144453239,0.00014588574131349809,5.0,0.999999999999998
bridge,N4,0.15000000000000002,0.027375537925421196,1.8350600408691908,0.7223401553785573,0.00021459759896758017,0.00012675044075571544,5.0,0.999999999999998
bridge,N4,0.2,0.02243230064073085,1.8061403328720624,0.7304479430215076,0.00017879176142571648,9.89401221288191e-05,5.0,0.999999999999998
bridge,N4,0.25,0.022492105430136848,1.5729912048740153,0.7849230718769109,0.00016893856022788162,0.00010284756554833921,5.0,0.999999999999998
bridge,N4,0.30000000000000004,0.01802563763636232,1.4604589785865378,0.8119868789859194,0.000320041062068767,0.0001833837371316911,5.0,0.999999999999998
bridge,N4,0.35000000000000003,0.007855895637101403,1.457828157993895,0.8105604251429264,0.00118567804148235,0.00036927459169407053,5.0,0.999999999999998
bridge,N4,0.4,0.0034543137698317466,1.4671147202320423,0.8067444981862504,0.0045362537437751505,0.0006330232378817938,5.0,0.999999999999998
bridge,N4,0.45,0.001669394998300534,1.483436161864073,0.8018297200897039,0.01424168763138265,0.000866245886360367,5.0,0.999999999999998
bridge,N4,0.5,0.0008561781454697933,1.5776300464963857,0.7772428557350398,0.03529499809324182,0.000939587633816453,5.0,0.999999999999998
bridge,N4,0.55,0.000556002053893909,2.327238546667419,0.627377586335211,0.06890777218356424,0.0008202895659555569,5.0,0.999999999999998
bridge,N4,0.6000000000000001,0.0008396529760888909,4.052609417610045,0.3177893619745405,0.10714096626327427,0.0006063972097849802,5.0,0.999999999999998
bridge,N4,0.65,0.0023119081229689355,3.795425066792421,0.38485374909408493,0.13717747094269042,0.00042542950113013946,5.0,0.999999999999998
bridge,N5,0.02,0.02916569180721189,1.8537496661674342,0.7170536929493688,0.0001954516289188637,0.00011391317283460187,5.0000000000000036,1.000000000000002
bridge,N5,0.05,0.028958532808526137,1.845103026469133,0.7190838377247818,0.00023083752645266736,0.0001344524248868242,5.0000000000000036,1.000000000000002
bridge,N5,0.1,0.027967413969081027,1.836584671261488,0.721241545721775,0.00025533753257683117,0.0001459001078999782,5.0000000000000036,1.000000000000002
bridge,N5,0.15000000000000002,0.0254573192718457,1.8370704804915428,0.7217431226524335,0.00023322553927601945,0.00012675910215248612,5.0000000000000036,1.000000000000002
bridge,N5,0.2,0.0212657645468872,1.8057408113303344,0.7303320628548481,0.00018981040093292434,9.894600497365113e-05,5.0000000000000036,1.000000000000002
bridge,N5,0.25,0.0217376583829708,1.5704103871893835,0.7856033540273074,0.00017379213061370993,0.000102865511597776,5.0000000000000036,1.000000000000002
bridge,N5,0.30000000000000004,0.017816404776396098,1.462177255640845,0.8113315830813154,0.000320923247063924,0.00018343813252151992,5.0000000000000036,1.000000000000002
bridge,N5,0.35000000000000003,0.007822485161913797,1.4675441135309755,0.8070936900754675,0.0011822359681060296,0.0003693925229839093,5.0000000000000036,1.000000000000002
bridge,N5,0.4,0.0034469931426120166,1.4824818560609885,0.8013676024844846,0.004522650979756655,0.0006332243404260042,5.0000000000000036,1.000000000000002
bridge,N5,0.45,0.001670332954147683,1.5062579526447006,0.7943710181233719,0.01420570952937383,0.0008665304671656514,5.0000000000000036,1.000000000000002
bridge,N5,0.5,0.0008691023784981659,1.6500589500973701,0.7581153427694847,0.035225059446426406,0.000939940251358279,5.0000000000000036,1.000000000000002
bridge,N5,0.55,0.0006165281948500019,2.803558340316484,0.5538295192457957,0.06880955284485417,0.0008207207352287235,5.0000000000000036,1.000000000000002
bridge,N5,0.6000000000000001,0.0011018263025566152,4.116464450210428,0.38357044966024134,0.10704590391914219,0.000607007893401214,5.0000000000000036,1.000000000000002
bridge,N5,0.65,0.0032350082917598304,3.5725925897247772,0.4441152484347788,0.1371184354673438,0.00042642796880766896,5.0000000000000036,1.000000000000002
bridge,omit_Q2,0.02,0.017405883051953057,3.9824979197384747,0.45221103937122237,2.578399574069307e-05,6.690197523260237e-07,4.999999999999999,0.9999999999999991
bridge,omit_Q2,0.05,0.021603529634154458,3.3821528012270186,0.4994875950035979,3.1513077339908533e-05,9.317610456493396e-07,4.999999999999999,0.9999999999999991
bridge,omit_Q2,0.1,0.025358285456484487,2.9429703473483406,0.5366022095664257,3.785972400816054e-05,1.698520719151011e-06,4.999999999999999,0.9999999999999991
bridge,omit_Q2,0.15000000000000002,0.016673162130621682,2.858844243537771,0.5392970226276642,3.805273855240794e-05,4.335160249924968e-06,4.999999999999999,0.9999999999999991
bridge,omit_Q2,0.2,0.006202329111475424,3.0024490233623107,0.5201671432900954,3.2228592466543955e-05,1.5269552402758124e-05,4.999999999999999,0.9999999999999991
bridge,omit_Q2,0.25,0.0020750241512458184,3.5688885871214966,0.4605273727428366,2.3117198196841086e-05,5.3022380629925156e-05,4.999999999999999,0.9999999999999991
bridge,omit_Q2,0.30000000000000004,0.0010349755372084555,3.031652206014577,0.4667995170645442,1.4383446890972801e-05,0.0001522328717585118,4.999999999999999,0.9999999999999991
bridge,omit_Q2,0.35000000000000003,0.0008442216383284448,1.6556573604273217,0.7597179658162913,8.617597859776436e-06,0.0003450299988782155,4.999999999999999,0.9999999999999991
bridge,omit_Q2,0.4,0.0006742227220618975,1.2412958123091395,0.894740978520124,6.508561708029483e-06,0.0006109731559633517,4.999999999999999,0.9999999999999991
bridge,omit_Q2,0.45,0.0003004704951688005,1.1206604464539347,0.9442053332822203,9.931076508243746e-06,0.0008433356156125846,4.999999999999999,0.9999999999999991
bridge,omit_Q2,0.5,5.140403781758337e-05,1.142650946949505,0.9352218650458484,4.498558604712961e-05,0.0009068957950044953,4.999999999999999,0.9999999999999991
bridge,omit_Q2,0.55,7.201937527512857e-06,1.5730552391290786,0.7926047772902007,0.00030357889345091784,0.0007597170900669897,4.999999999999999,0.9999999999999991
bridge,omit_Q2,0.6000000000000001,2.511751512004214e-06,4.583543144691682,0.34980963519539787,0.0018095349851857756,0.0004958606343791639,4.999999999999999,0.9999999999999991
bridge,omit_Q2,0.65,4.821530753596278e-06,3.911052590053586,0.3364036778087404,0.008589241412358313,0.00025248437920110165,4.999999999999999,0.9999999999999991
bridge,omit_Q3,0.02,0.029502098056447604,1.8680458329083425,0.713781881649765,0.00019380374839494748,0.0001135329940849906,5.0,0.999999999999999
bridge,omit_Q3,0.05,0.02948313762234493,1.8587039504287903,0.7159494642619079,0.00022739700797043888,0.00013397963430478846,5.0,0.999999999999999
bridge,omit_Q3,0.1,0.02914608163479672,1.848164029964289,0.7185129640787056,0.00024573711065052,0.00014529517559996167,5.0,0.999999999999999
bridge,omit_Q3,0.15000000000000002,0.028040237259377935,1.8424189701865146,0.7202589653825061,0.00021228932390145676,0.00012607306075550838,5.0,0.999999999999999
bridge,omit_Q3,0.2,0.02617488217133862,1.791252398738479,0.7328698988266368,0.0001541350878764518,9.82467406921922e-05,5.0,0.999999999999999
bridge,omit_Q3,0.25,0.02983543432498231,1.5497774383025362,0.7903369202661954,0.00012647187908694122,0.00010222813212444151,5.0,0.999999999999999
bridge,omit_Q3,0.30000000000000004,0.020986890194608934,1.4577025450988694,0.8123020112566656,0.0002732958790846023,0.0001829226255846578,5.0,0.999999999999999
bridge,omit_Q3,0.35000000000000003,0.008055480827729672,1.4643313442779629,0.8081695713841736,0.001152847933674514,0.00036901506146400315,5.0,0.999999999999999
bridge,omit_Q3,0.4,0.0034452827245477348,1.4770153967399322,0.8033592088487763,0.004543922457896712,0.0006329526882730118,5.0,0.999999999999999
bridge,omit_Q3,0.45,0.0016609611915492796,1.4994733223836298,0.7967934880135472,0.014344060659943578,0.0008663148963027842,5.0,0.999999999999999
bridge,omit_Q3,0.5,0.0008637821096315806,1.641330038362633,0.7607686267260578,0.03557306971599723,0.0009397522038769759,5.0,0.999999999999999
bridge,omit_Q3,0.55,0.0006134566305303997,2.78304475689008,0.5566884820779547,0.06927878582772815,0.0008205638808167901,5.0,0.999999999999999
bridge,omit_Q3,0.6000000000000001,0.0011064652316766298,4.104962954081577,0.38410732612002146,0.10642833809114895,0.0006068969903515947,5.0,0.999999999999999
bridge,omit_Q3,0.65,0.0034000539290050457,3.5670887404874283,0.4451489930029735,0.13003280878256576,0.0004263619887099047,5.0,0.999999999999999
bridge,omit_Q4,0.02,0.032368786362550264,1.850220078965198,0.7177844821978381,0.00015413093985233958,9.812937898302784e-05,5.000000000000002,1.0000000000000004
bridge,omit_Q4,0.05,0.03203394110474266,1.8408235726809061,0.7200042266746801,0.00018256598048474058,0.00011584448773650403,5.000000000000002,1.0000000000000004
bridge,omit_Q4,0.1,0.030587350474371194,1.8309008011058818,0.7225040502109195,0.0002039334559094203,0.00012566380715036565,5.000000000000002,1.0000000000000004
bridge,omit_Q4,0.15000000000000002,0.027234501203568236,1.8302825133363922,0.7232536254342653,0.00018945211721671913,0.00010895235228583022,5.000000000000002,1.0000000000000004
bridge,omit_Q4,0.2,0.02201077325554661,1.7970160532909485,0.7321205478295869,0.000158123129723918,8.504776769028467e-05,5.000000000000002,1.0000000000000004
bridge,omit_Q4,0.25,0.021274334219040722,1.5613237126366308,0.7870623256195232,0.00015332928640732812,9.10587916965496e-05,5.000000000000002,1.0000000000000004
bridge,omit_Q4,0.30000000000000004,0.013283370093077592,1.4621282017880848,0.8109023644961092,0.00032205949520376843,0.00017084790326558504,5.000000000000002,1.0000000000000004
bridge,omit_Q4,0.35000000000000003,0.004267865040160426,1.4728095991223338,0.8051991199576697,0.00127560164660957,0.00035467622036533276,5.000000000000002,1.0000000000000004
bridge,omit_Q4,0.4,0.0015623835063372535,1.4951097782379166,0.7967303478522595,0.004953954724173024,0.0006166587427934579,5.000000000000002,1.0000000000000004
bridge,omit_Q4,0.45,0.0007056460376759281,1.50772386925471,0.792227172925579,0.01554126295118184,0.0008466931015671644,5.000000000000002,1.0000000000000004
bridge,omit_Q4,0.5,0.00034999268245327085,1.518665350077298,0.7888994176778863,0.03821831153989958,0.0009086996190227465,5.000000000000002,1.0000000000000004
bridge,omit_Q4,0.55,0.00018739734430532094,1.5354581717508937,0.7852019152603391,0.0734629815945961,0.0007607660733294161,5.000000000000002,1.0000000000000004
bridge,omit_Q4,0.6000000000000001,0.00015142929715991694,1.46008547825796,0.8154967429122767,0.11107908484128604,0.0004969283300015388,5.000000000000002,1.0000000000000004
bridge,omit_Q4,0.65,0.0004150623076367476,1.2240335275179186,0.9020031162870938,0.1357679885964025,0.00025429220214665113,5.000000000000002,1.0000000000000004
bridge,omit_Q5,0.02,0.032315470036636255,1.8555417042688187,0.7165937361165114,0.00017643850771870443,0.00011389767952575062,5.000000000000001,1.0000000000000007
bridge,omit_Q5,0.05,0.031991895049699716,1.8468697336250604,0.7186296716258342,0.0002089899682626561,0.00013443316715370078,5.000000000000001,1.0000000000000007
bridge,omit_Q5,0.1,0.03068951891554067,1.8382948675740802,0.720800800036387,0.00023272502074808912,0.0001458770345902599,5.000000000000001,1.0000000000000007
bridge,omit_Q5,0.15000000000000002,0.02763354019458902,1.8386466599762963,0.7213335306905468,0.0002148811813715001,0.00012673638289193524,5.000000000000001,1.0000000000000007
bridge,omit_Q5,0.2,0.022671268565086344,1.806867273530662,0.7300097152168298,0.00017804515688820175,9.892524279238805e-05,5.000000000000001,1.0000000000000007
bridge,omit_Q5,0.25,0.0225316041342832,1.5708770206254221,0.7853832406594774,0.00016765863154655081,0.00010284145571861603,5.000000000000001,1.0000000000000007
bridge,omit_Q5,0.30000000000000004,0.01797813182468691,1.4622379825683525,0.8112365806032236,0.00031804614387134897,0.00018339559264337412,5.000000000000001,1.0000000000000007
bridge,omit_Q5,0.35000000000000003,0.007834084271067271,1.4669001113201536,0.807256549886824,0.001180557594240288,0.0003693063129570251,5.000000000000001,1.0000000000000007
bridge,omit_Q5,0.4,0.003448106151544845,1.48092334592739,0.8018230320980664,0.0045208750963849345,0.0006330675180317269,5.000000000000001,1.0000000000000007
bridge,omit_Q5,0.45,0.0016687671183671499,1.5010093968864424,0.795842071911322,0.014203029262886507,0.0008662905194700197,5.000000000000001,1.0000000000000007
bridge,omit_Q5,0.5,0.0008607460012902318,1.6144966192742976,0.7669972184351517,0.03522085677136701,0.0009396226916397281,5.000000000000001,1.0000000000000007
bridge,omit_Q5,0.55,0.0005783869474787619,2.5606120611874603,0.5963245398415291,0.0688025092831005,0.0008203131357742617,5.000000000000001,1.0000000000000007
bridge,omit_Q5,0.6000000000000001,0.0009387143057158362,5.028331031201289,0.274527149360719,0.10703075958404913,0.0006064163435196365,5.000000000000001,1.0000000000000007
bridge,omit_Q5,0.65,0.0026722914026513227,4.779618688860677,0.2816889903081354,0.13708005240212268,0.0004254556308294909,5.000000000000001,1.0000000000000007
bridge,omit_T1,0.02,0.016404533969886864,4.327283027796682,0.43636705456684943,2.9150899768610544e-05,6.681015157529888e-07,5.000000000000002,1.0000000000000016
bridge,omit_T1,0.05,0.019052223329373133,3.8053091639889445,0.47203317272471124,3.685818016403459e-05,9.789768661029223e-07,5.000000000000002,1.0000000000000016
bridge,omit_T1,0.1,0.017537837395243856,3.5450148680627964,0.4907426160046303,4.985295236032133e-05,2.074693572808252e-06,5.000000000000002,1.0000000000000016
bridge,omit_T1,0.15000000000000002,0.008991702319629534,4.099560860132791,0.4481022507539133,6.313870326910712e-05,5.83017668652962e-06,5.000000000000002,1.0000000000000016
bridge,omit_T1,0.2,0.004409684414416097,3.6042114444244895,0.4634733530040112,7.876245351743062e-05,1.9432400176123392e-05,5.000000000000002,1.0000000000000016
bridge,omit_T1,0.25,0.0064424219135329214,1.2119967414886794,0.9077882640523569,0.00011406344040257957,6.174169081283679e-05,5.000000000000002,1.0000000000000016
bridge,omit_T1,0.30000000000000004,0.008331793719151584,1.0631850159068077,0.9697053358353068,0.00028816711976809354,0.00016621742056865921,5.000000000000002,1.0000000000000016
bridge,omit_T1,0.35000000000000003,0.005673463098123556,1.0485281273041567,0.9764703713282552,0.001148718176619199,0.00036201619189219414,5.000000000000002,1.0000000000000016
bridge,omit_T1,0.4,0.0030848430732806813,1.0471627494777689,0.9771064151499789,0.004457183949341008,0.0006257787965852357,5.000000000000002,1.0000000000000016
bridge,omit_T1,0.45,0.0015984169776500604,1.0518946867785703,0.97489475734925,0.014081653316101351,0.0008508867195060128,5.000000000000002,1.0000000000000016
bridge,omit_T1,0.5,0.0008231702087891083,1.0697696368516334,0.9666583125949423,0.035067791632536295,0.0009060501732604334,5.000000000000002,1.0000000000000016
bridge,omit_T1,0.55,0.0004413910801809089,1.1416224820318521,0.9353406154286428,0.06875009183697539,0.0007540780504437078,5.000000000000002,1.0000000000000016
bridge,omit_T1,0.6000000000000001,0.0003115996709017813,1.4835374340814098,0.8161484430650529,0.10725828168802429,0.0004908005391448792,5.000000000000002,1.0000000000000016
bridge,omit_T1,0.65,0.0005035642611399535,2.3961761872603797,0.6230729733718834,0.1376181045867375,0.0002515247672137594,5.000000000000002,1.0000000000000016
bridge,omit_T2,0.02,0.029226759165661878,1.5010824059742243,0.8090488350535892,0.00019991876534308412,0.00011595280690257064,4.999999999999999,1.0000000000000002
bridge,omit_T2,0.05,0.02904868123733982,1.4959497773571693,0.8105364159182656,0.00023590701996344349,0.00013656733932061388,4.999999999999999,1.0000000000000002
bridge,omit_T2,0.1,0.028128331515228356,1.4893114039084057,0.8124924230040911,0.0002597888848222057,0.00014729519835829475,4.999999999999999,1.0000000000000002
bridge,omit_T2,0.15000000000000002,0.025731180329096017,1.485795071359061,0.8136628684511381,0.00023404557217340406,0.00012605521498651654,4.999999999999999,1.0000000000000002
bridge,omit_T2,0.2,0.0215787758153185,1.4629600001540055,0.8211564852720062,0.00018349461055661503,9.457862466752555e-05,4.999999999999999,1.0000000000000002
bridge,omit_T2,0.25,0.021540264543411312,1.311413921876712,0.8696494389955053,0.00015757631289985282,9.342929811272579e-05,4.999999999999999,1.0000000000000002
bridge,omit_T2,0.30000000000000004,0.012540344743878313,1.2316511714773923,0.8972666320919449,0.0002942569350716783,0.00016850629636289206,4.999999999999999,1.0000000000000002
bridge,omit_T2,0.35000000000000003,0.002408850852507994,1.220684000921271,0.9012452769450005,0.0011458525922915447,0.0003502898486146912,4.999999999999999,1.0000000000000002
bridge,omit_T2,0.4,0.00034541253037370873,1.243488069822954,0.892852194180059,0.004472697611151788,0.0006125988461632442,4.999999999999999,1.0000000000000002
bridge,omit_T2,0.45,5.9444430895238126e-05,1.7574411702344714,0.7443169837575583,0.014128984699039743,0.0008469159802016536,4.999999999999999,1.0000000000000002
bridge,omit_T2,0.5,5.260959011933159e-05,3.556592876352546,0.46547089624468124,0.03511098969231085,0.0009227544229090272,4.999999999999999,1.0000000000000002
bridge,omit_T2,0.55,0.00019655097624587825,2.6276935138657715,0.5832509264229379,0.06868111876290532,0.0008058035272545273,4.999999999999999,1.0000000000000002
bridge,omit_T2,0.6000000000000001,0.0008384280739557939,2.4947818275370888,0.5967546492517936,0.10697241568479836,0.0005917740122006695,4.999999999999999,1.0000000000000002
bridge,omit_T2,0.65,0.0030267395695464314,2.50835438713784,0.5900948303264977,0.13716899338079677,0.0004058333951937911,4.999999999999999,1.0000000000000002
bridge,omit_T3,0.02,0.02923387899231468,1.7932719394021381,0.7299996217230456,0.00018767011291572844,0.00011383043792694349,4.999999999999998,1.0000000000000002
bridge,omit_T3,0.05,0.02926622114469948,1.7855228391317337,0.7318431640796711,0.00022011730276622995,0.0001342377293783951,4.999999999999998,1.0000000000000002
bridge,omit_T3,0.1,0.02883335517511614,1.7758604545713974,0.7341886263904327,0.0002391780844800636,0.00014537746020474836,4.999999999999998,1.0000000000000002
bridge,omit_T3,0.15000000000000002,0.02697864972401076,1.7675732469184129,0.7364154541533602,0.00021284029663950428,0.00012594147981202694,4.999999999999998,1.0000000000000002
bridge,omit_T3,0.2,0.023192963498670425,1.716681614710375,0.7499041157543163,0.0001688280416369092,9.799952029529934e-05,4.999999999999998,1.0000000000000002
bridge,omit_T3,0.25,0.02397270906369034,1.509683714293975,0.8022899305674294,0.0001565423118315857,0.00010197525345423885,4.999999999999998,1.0000000000000002
bridge,omit_T3,0.30000000000000004,0.018559777681880052,1.4413295923463212,0.8177869466274239,0.00031021719903527914,0.0001826536562129781,4.999999999999998,1.0000000000000002
bridge,omit_T3,0.35000000000000003,0.007892242330123943,1.4583451154550888,0.8098898598107165,0.0011799899185297856,0.0003686228124021181,4.999999999999998,1.0000000000000002
bridge,omit_T3,0.4,0.003454545326559721,1.4754502667095484,0.8033184354200132,0.0045347467912217896,0.0006323719479420386,4.999999999999998,1.0000000000000002
bridge,omit_T3,0.45,0.0016685237468643884,1.4975873997216373,0.7966798868654766,0.014247627832730928,0.000865618847554055,4.999999999999998,1.0000000000000002
bridge,omit_T3,0.5,0.0008647273429141005,1.636132326624164,0.7614392921074319,0.03531927879938308,0.0009391395274136792,4.999999999999998,1.0000000000000002
bridge,omit_T3,0.55,0.0006133398348902611,2.7742896908747565,0.5562082994008866,0.06896820476945514,0.0008202960183000764,4.999999999999998,1.0000000000000002
bridge,omit_T3,0.6000000000000001,0.0011090085238185424,4.048515554162833,0.3852645122191777,0.10725288449312358,0.0006072497550117613,4.999999999999998,1.0000000000000002
bridge,omit_T3,0.65,0.0032733389577764274,3.5512048358773414,0.4427066939974846,0.13734286853513802,0.0004275600654829755,4.999999999999998,1.0000000000000002
bridge,omit_T4,0.02,0.030701704671574678,1.842440282497074,0.7188279509617905,0.00018766610325499756,0.00011394640277118408,5.000000000000001,0.9999999999999992
bridge,omit_T4,0.05,0.030667369691742132,1.834411882891754,0.7207298309845139,0.0002204138278218157,0.00013444545436179232,5.000000000000001,0.9999999999999992
bridge,omit_T4,0.1,0.030082650254751587,1.8250335877929624,0.7230413978764463,0.00024013643865387034,0.00014577908109726003,5.000000000000001,0.9999999999999992
bridge,omit_T4,0.15000000000000002,0.02798162714997992,1.8198307691263176,0.7246515714952155,0.00021448562374179784,0.00012651542273036927,5.000000000000001,0.9999999999999992
bridge,omit_T4,0.2,0.02378570084029088,1.7747522942334764,0.7362353290096644,0.00017093592693107916,9.864828729325458e-05,5.000000000000001,0.9999999999999992
bridge,omit_T4,0.25,0.023926140198500742,1.5435466491713583,0.7923668190308534,0.00015872183912303393,0.00010261811750745667,5.000000000000001,0.9999999999999992
bridge,omit_T4,0.30000000000000004,0.01843347028253435,1.454012287428941,0.8134191348348769,0.00031213026742103484,0.00018332476378685365,5.000000000000001,0.9999999999999992
bridge,omit_T4,0.35000000000000003,0.007874787860803536,1.4717045298798148,0.8051299653130174,0.0011813995570977326,0.00036946069460732327,5.000000000000001,0.9999999999999992
bridge,omit_T4,0.4,0.003456716817111694,1.4937666606696731,0.797061133557388,0.004534900528971324,0.0006334846550783333,5.000000000000001,0.9999999999999992
bridge,omit_T4,0.45,0.0016750751748405718,1.5231645020093845,0.7884998601247066,0.014244091550077912,0.0008669290958746786,5.000000000000001,0.9999999999999992
bridge,omit_T4,0.5,0.0008747848671317066,1.6907192509022775,0.7473278352806504,0.03530763900621711,0.0009403406096881082,5.000000000000001,0.9999999999999992
bridge,omit_T4,0.55,0.0006353482652209304,3.0451703565441095,0.522914743327346,0.06894401148823126,0.0008209444352979895,5.000000000000001,0.9999999999999992
bridge,omit_T4,0.6000000000000001,0.001187673073615326,4.175742343917853,0.39984646623741793,0.10721410009570166,0.0006068940325008951,5.000000000000001,0.9999999999999992
bridge,omit_T4,0.65,0.003572820115564264,3.554281083434334,0.4552476113937795,0.13728878849936954,0.0004258546773153364,5.000000000000001,0.9999999999999992
bridge,omit_T5,0.02,0.029215693951566642,1.8467389217306343,0.7188098264120714,0.00019268832154208852,0.00011391685694324205,4.999999999999999,0.9999999999999997
bridge,omit_T5,0.05,0.028941751357451487,1.8386501913838542,0.7207175678860267,0.00022816263012936865,0.00013445923862441747,4.999999999999999,0.9999999999999997
bridge,omit_T5,0.1,0.027846325637300953,1.8312457339157215,0.7226299798523416,0.0002534730775532727,0.00014591334097109946,4.999999999999999,0.9999999999999997
bridge,omit_T5,0.15000000000000002,0.02525485101234277,1.8333735687097124,0.7227807176514839,0.0002326032090011419,0.00012677752519769898,4.999999999999999,0.9999999999999997
bridge,omit_T5,0.2,0.02108577400520464,1.8049989131984647,0.7307796871163074,0.00019021894528443938,9.896316078773978e-05,4.999999999999999,0.9999999999999997
bridge,omit_T5,0.25,0.021745386338908535,1.5728399516743061,0.7850659828796526,0.00017477420766364034,0.00010287019626512242,4.999999999999999,0.9999999999999997
bridge,omit_T5,0.30000000000000004,0.01788098712105579,1.4607544285226146,0.8119833103509166,0.00032267397446651675,0.00018341901167819843,4.999999999999999,0.9999999999999997
bridge,omit_T5,0.35000000000000003,0.007846523778952202,1.4586259113186615,0.8103549491670006,0.0011871476459177671,0.0003693441145776076,4.999999999999999,0.9999999999999997
bridge,omit_T5,0.4,0.0034536047616767792,1.4687078352303982,0.8062776324473115,0.00453782561203299,0.000633150872248817,4.999999999999999,0.9999999999999997
bridge,omit_T5,0.45,0.0016712964463145427,1.4890002187935822,0.8002589556633248,0.014244142049399135,0.0008664458111153024,4.999999999999999,0.9999999999999997
bridge,omit_T5,0.5,0.00086573032747621,1.6170579179549422,0.7672691353968721,0.035298924189829856,0.0009398622685960772,4.999999999999999,0.9999999999999997
bridge,omit_T5,0.55,0.0005996513243144743,2.64976828679714,0.5763531109529274,0.06891445831613162,0.0008206611257026484,4.999999999999999,0.9999999999999997
bridge,omit_T5,0.6000000000000001,0.0010269047593817397,4.136984131434594,0.3546479063541103,0.10715568766219243,0.0006069648910531871,4.999999999999999,0.9999999999999997
bridge,omit_T5,0.65,0.0029598237187291733,3.6643125801827647,0.4147039078653583,0.1372154916274159,0.0004263890983574107,4.999999999999999,0.9999999999999997
bridge,omit_S2,0.02,0.029199297045323994,1.8520701662242796,0.7174223620366312,0.00019547390286203694,0.00011404057461115725,5.000000000000003,0.9999999999999984
bridge,omit_S2,0.05,0.02899990929223039,1.8434921736912624,0.7194392030492126,0.00023085970466449113,0.0001345512625502399,5.000000000000003,0.9999999999999984
bridge,omit_S2,0.1,0.028082914292348656,1.8350582218463134,0.7215794815461801,0.0002553522447198864,0.00014558844289101465,5.000000000000003,0.9999999999999984
bridge,omit_S2,0.15000000000000002,0.026066449338959623,1.8354880106620564,0.7220894670432583,0.00023322617123933945,0.00012401535341038863,5.000000000000003,0.9999999999999984
bridge,omit_S2,0.2,0.024705023270874878,1.8027596241309662,0.7309664389546986,0.00018979743351470117,8.525849720851134e-05,5.000000000000003,0.9999999999999984
bridge,omit_S2,0.25,0.043548302949548756,1.562903565680669,0.7875188304725289,0.0001737724617360072,5.127943840869862e-05,5.000000000000003,0.9999999999999984
bridge,omit_S2,0.30000000000000004,0.1002690001979076,1.4552034962601297,0.8133090375515643,0.00032090525647630554,3.2533842039504375e-05,5.000000000000003,0.9999999999999984
bridge,omit_S2,0.35000000000000003,0.11220979199338965,1.4636863135981153,0.8081960997170134,0.0011822255313776635,2.572095882153096e-05,5.000000000000003,0.9999999999999984
bridge,omit_S2,0.4,0.09207702414106139,1.4807583862509035,0.8018759794302651,0.00452265144009784,2.3688782412437015e-05,5.000000000000003,0.9999999999999984
bridge,omit_S2,0.45,0.058822420455018114,1.5053800842736822,0.7946458192916415,0.014205722360320283,2.459239144521142e-05,5.000000000000003,0.9999999999999984
bridge,omit_S2,0.5,0.02384681312032452,1.6495494835910682,0.7582740767211302,0.03522508030551928,3.423904686266822e-05,5.000000000000003,0.9999999999999984
bridge,omit_S2,0.55,0.008166819846086209,2.803674628326837,0.5538301470881818,0.06880956753567992,6.196060143912872e-05,5.000000000000003,0.9999999999999984
bridge,omit_S2,0.6000000000000001,0.005979512928534078,4.117903249737914,0.38319505034425844,0.10704589766892625,0.0001120060788557255,5.000000000000003,0.9999999999999984
bridge,omit_S2,0.65,0.007899180803483655,3.5790393219474494,0.4433729235268238,0.13711841109757242,0.00017503196329855732,5.000000000000003,0.9999999999999984
bridge,omit_S3,0.02,0.02853658712639211,1.8237098144343735,0.7227045652010636,0.00019608107496482788,0.00011392034145389667,4.999999999999999,1.0000000000000004
bridge,omit_S3,0.05,0.02835114484928148,1.8155111516665168,0.7246889160976021,0.0002314698117064211,0.00013445971568404644,4.999999999999999,1.0000000000000004
bridge,omit_S3,0.1,0.027399351407000526,1.807764310936755,0.7267208976987409,0.0002559110903421105,0.0001459074311018965,4.999999999999999,1.0000000000000004
bridge,omit_S3,0.15000000000000002,0.02495281995721313,1.8097410031123753,0.7268735907190443,0.00023368021019552933,0.00012676972721059352,4.999999999999999,1.0000000000000004
bridge,omit_S3,0.2,0.02090035163457538,1.7875332521281768,0.7336714921886491,0.0001900937800110241,9.897244937696487e-05,4.999999999999999,1.0000000000000004
bridge,omit_S3,0.25,0.021617428162535396,1.5830221769750683,0.7813833099182592,0.00017389004278773294,0.00010293447278539292,4.999999999999999,1.0000000000000004
bridge,omit_S3,0.30000000000000004,0.017849929292600028,1.5043137242309816,0.7963361735625997,0.00032090227173057014,0.00018358774016050415,4.999999999999999,1.0000000000000004
bridge,omit_S3,0.35000000000000003,0.007863664915986794,1.539396337670623,0.7810539793786373,0.001182202216902573,0.0003696571672107969,4.999999999999999,1.0000000000000004
bridge,omit_S3,0.4,0.0034728635944537606,1.5725491155403721,0.7687616007747671,0.004522652590954901,0.0006336096604250801,4.999999999999999,1.0000000000000004
bridge,omit_S3,0.45,0.001685348891767408,1.6050674343229472,0.7593479434508474,0.014205710774114958,0.0008669923781847681,4.999999999999999,1.0000000000000004
bridge,omit_S3,0.5,0.000878814097101309,1.7647400240342668,0.7230043608176338,0.03522501560738247,0.0009403921227311804,4.999999999999999,1.0000000000000004
bridge,omit_S3,0.55,0.0006283401892866091,2.9972027007692676,0.5246873355617133,0.0688094746179529,0.0008210778301646232,4.999999999999999,1.0000000000000004
bridge,omit_S3,0.6000000000000001,0.0011367724216511678,4.059873441261922,0.39200541456868687,0.10704580557409825,0.0006072355108566387,4.999999999999999,1.0000000000000004
bridge,omit_S3,0.65,0.0033538761558217457,3.4705697142101437,0.45335325225061873,0.13711821364251994,0.00042654594793745083,4.999999999999999,1.0000000000000004
bridge,omit_S4,0.02,0.029143946750151663,1.8508519090084543,0.7177111951884437,0.00019544597980599953,0.00011391323945273105,5.000000000000003,0.9999999999999987
bridge,omit_S4,0.05,0.028937065050488008,1.8422399268430392,0.7197361778662,0.00023083192168759606,0.00013445249290868798,5.000000000000003,0.9999999999999987
bridge,omit_S4,0.1,0.027946819963295302,1.8337654511035506,0.7218852208960004,0.0002553333430052302,0.00014590016217270947,5.000000000000003,0.9999999999999987
bridge,omit_S4,0.15000000000000002,0.0254387694567294,1.834295909868705,0.7223727916749811,0.00023322353734998082,0.00012675913312853245,5.000000000000003,0.9999999999999987
bridge,omit_S4,0.2,0.021252408556758355,1.8034197420635123,0.7308714263579832,0.00018980986495584857,9.89460180747214e-05,5.000000000000003,0.9999999999999987
bridge,omit_S4,0.25,0.021733352884969904,1.5698180504380157,0.785779812118411,0.0001737914208456287,0.00010286551752328329,5.000000000000003,0.9999999999999987
bridge,omit_S4,0.30000000000000004,0.017816243030777744,1.4621677011111696,0.811341697268191,0.00032092075563896203,0.00018343814104213217,5.000000000000003,0.9999999999999987
bridge,omit_S4,0.35000000000000003,0.007822515434318538,1.4675609058384882,0.8070916489645841,0.0011822308647834337,0.00036939254708378937,5.000000000000003,0.9999999999999987
bridge,omit_S4,0.4,0.00344699934668545,1.4824867269014241,0.8013667293529558,0.004522643758454652,0.0006332243979220001,5.000000000000003,0.9999999999999987
bridge,omit_S4,0.45,0.0016703346009744448,1.5062585763595302,0.7943705512395033,0.014205702074115457,0.000866530569980958,5.000000000000003,0.9999999999999987
bridge,omit_S4,0.5,0.000869105174974885,1.650066785775596,0.7581130462013913,0.03522505422665095,0.0009399403929580675,5.000000000000003,0.9999999999999987
bridge,omit_S4,0.55,0.0006165385205714578,2.803660258053015,0.5538202341251439,0.06880955160088215,0.0008207208933684379,5.000000000000003,0.9999999999999987
bridge,omit_S4,0.6000000000000001,0.0011018634185790688,4.116926443888157,0.38354705654244187,0.10704590667031878,0.0006070080437432664,5.000000000000003,0.9999999999999987
bridge,omit_S4,0.65,0.0032351139160607455,3.5730224083595736,0.44408799037934943,0.1371184405834723,0.00042642808715935327,5.000000000000003,0.9999999999999987
bridge,omit_S5,0.02,0.029083601729498174,1.853981736613101,0.7169420850895406,0.00019593255775337377,0.000113911386993384,5.0,1.0000000000000009
bridge,omit_S5,0.05,0.028845129065510528,1.8453804476033988,0.7189644939325122,0.00023166282921180024,0.0001344514995782744,5.0,1.0000000000000009
bridge,omit_S5,0.1,0.027792520383676994,1.8370435613129266,0.7210882814242886,0.00025686240476516963,0.00014590195344494998,5.0,1.0000000000000009
bridge,omit_S5,0.15000000000000002,0.025222424235684233,1.8380279600782374,0.7214945136966993,0.00023535041669168924,0.00012676469035445692,5.0,1.0000000000000009
bridge,omit_S5,0.2,0.021013440507348245,1.8076368966419736,0.7299015741032454,0.00019210884081845804,9.895456294684973e-05,5.0,1.0000000000000009
bridge,omit_S5,0.25,0.021500765090261928,1.5715667901553045,0.7853002843278967,0.00017573963040688734,0.00010287522411409972,5.0,1.0000000000000009
bridge,omit_S5,0.30000000000000004,0.017744364785564074,1.4623490973220312,0.811278334344276,0.0003222255529409221,0.0001834486392549783,5.0,1.0000000000000009
bridge,omit_S5,0.35000000000000003,0.007817599108896173,1.467580188442603,0.8070791749097144,0.001182936282151907,0.0003694063051669455,5.0,1.0000000000000009
bridge,omit_S5,0.4,0.003446628080477918,1.4825142209994744,0.8013545524219493,0.004522968798224223,0.0006332445980864593,5.0,1.0000000000000009
bridge,omit_S5,0.45,0.0016702940217248284,1.5063626643573955,0.7943397099694735,0.014205847391652319,0.0008665571413115224,5.0,1.0000000000000009
bridge,omit_S5,0.5,0.000869370963446114,1.6512735828121996,0.7578468808755573,0.035225149560019084,0.0009399685526309173,5.0,1.0000000000000009
bridge,omit_S5,0.55,0.0006180799468429216,2.823859076183018,0.5524731933670826,0.06880969900867231,0.000820744203550659,5.0,1.0000000000000009
bridge,omit_S5,0.6000000000000001,0.00110857356017404,4.24744135217477,0.3734643271436336,0.10704619467081154,0.0006070228350260999,5.0,1.0000000000000009
bridge,omit_S5,0.65,0.0032574053319350386,3.7053535001815954,0.4321229002671855,0.13711888790469207,0.0004264347988936047,5.0,1.0000000000000009
anchor,N3,0.02,0.028763618664721498,2.033250548935336,0.5576218698365095,0.000628162763054125,0.00020476426553586589,5.000000000000002,0.9999999999999996
anchor,N3,0.05,0.027242619557372085,2.117621924298516,0.5420992093940412,0.0007378100780335078,0.00032592386172570944,5.000000000000002,0.9999999999999996
anchor,N3,0.1,0.025384986063189063,2.5846114595227316,0.4642970771960252,0.0008510762891644057,0.0005980944052914074,5.000000000000002,0.9999999999999996
anchor,N3,0.15000000000000002,0.0277763836040487,2.8490518269077003,0.4461183751685272,0.0008963251210640084,0.00089188598571356,5.000000000000002,0.9999999999999996
anchor,N3,0.2,0.04102139753019079,1.5778281971570163,0.7810172031612921,0.0009180966841228737,0.0011005375667842488,5.000000000000002,0.9999999999999996
anchor,N3,0.25,0.06667817860876595,1.1541502364197844,0.9293974565552086,0.0009084979505398797,0.0011711830359738926,5.000000000000002,0.9999999999999996
anchor,N3,0.30000000000000004,0.09140734908854145,1.060951610758306,0.9705604527564446,0.0008139104832497599,0.001180434290763993,5.000000000000002,0.9999999999999996
anchor,N3,0.35000000000000003,0.08733309089430445,1.037651373536683,0.9815575343274856,0.000620697244092118,0.0013645765439709006,5.000000000000002,0.9999999999999996
anchor,N3,0.4,0.05332709610996029,1.0278712765835312,0.98627211941588,0.0003891367753769966,0.002133241389295379,5.000000000000002,0.9999999999999996
anchor,N3,0.45,0.025574548176104196,1.0204100168717694,0.9899128858527726,0.00019736729814473397,0.004024782781982529,5.000000000000002,0.9999999999999996
anchor,N3,0.5,0.012344075284515706,1.0355425940532252,0.9826377711860499,8.044257188391675e-05,0.00744198254827251,5.000000000000002,0.9999999999999996
anchor,N3,0.55,0.007119247408964991,1.3974092918319083,0.8361387622053761,2.688976922227699e-05,0.012048823711366115,5.000000000000002,0.9999999999999996
anchor,N3,0.6000000000000001,0.007803322399450135,1.9212832922767002,0.6802145705624518,1.2521925035912865e-05,0.016241341039913662,5.000000000000002,0.9999999999999996
anchor,N3,0.65,0.004771802653046007,1.1483881793357478,0.9315402413403981,3.8922732978622484e-05,0.01773952477866515,5.000000000000002,0.9999999999999996
anchor,N4,0.02,0.01398154202481907,2.2368074762390355,0.4899733602073689,0.0006538592429804973,0.004065371673265633,4.999999999999995,1.0000000000000013
anchor,N4,0.05,0.017145602646764492,2.198086618267911,0.5231289232857231,0.0007817952374323942,0.005029108087695009,4.999999999999995,1.0000000000000013
anchor,N4,0.1,0.024633170958332912,2.172920842129831,0.5451572943082196,0.0009514411513752619,0.005916382495715413,4.999999999999995,1.0000000000000013
anchor,N4,0.15000000000000002,0.03442278525056109,2.2989889808960893,0.4996334627497827,0.0010951634010640681,0.00552760408360161,4.999999999999995,1.0000000000000013
anchor,N4,0.2,0.04464421662890702,2.594052963908549,0.4732398015504944,0.0012472834309050166,0.004207583335882703,4.999999999999995,1.0000000000000013
anchor,N4,0.25,0.05452988905006863,2.9325310737446824,0.4656956115269081,0.0013535984988836032,0.002772309373950151,4.999999999999995,1.0000000000000013
anchor,N4,0.30000000000000004,0.06327220238074387,2.888620966968044,0.45158150769454486,0.0012987184058921733,0.0017997373459027629,4.999999999999995,1.0000000000000013
anchor,N4,0.35000000000000003,0.06330551582898652,2.539043596593074,0.5682356694682714,0.0010430959949903219,0.0014264361109323138,4.999999999999995,1.0000000000000013
anchor,N4,0.4,0.04921367110508191,2.506853470293633,0.5151719856461097,0.000683896267141779,0.0016377111533883615,4.999999999999995,1.0000000000000013
anchor,N4,0.45,0.03671605082822601,3.058016108289208,0.4461896937129521,0.00036562799444571603,0.002495840446340372,4.999999999999995,1.0000000000000013
anchor,N4,0.5,0.051423175190933285,2.4503154625806056,0.5850141078923332,0.00016563064968753448,0.004071695303177146,4.999999999999995,1.0000000000000013
anchor,N4,0.55,0.14718267449110564,1.2493902722144117,0.8922621642207589,7.404261009400705e-05,0.006224095804655419,4.999999999999995,1.0000000000000013
anchor,N4,0.6000000000000001,0.3053453523681887,1.0622174184958766,0.9700548918561567,4.9997564099035274e-05,0.008420585582403937,4.999999999999995,1.0000000000000013
anchor,N4,0.65,0.17630570188167863,1.0420735616765289,0.9795286015359882,0.00010364615068236547,0.009812140275167965,4.999999999999995,1.0000000000000013
anchor,N5,0.02,0.013904368165731656,2.204184376964706,0.4899466725429721,0.0006483273791397201,0.0040670433207305465,5.0,0.9999999999999993
anchor,N5,0.05,0.017035908455314816,2.178067463257491,0.5223042841667793,0.0007766395732681703,0.005034223935113549,5.0,0.9999999999999993
anchor,N5,0.1,0.024391366426481383,2.1612201213864437,0.5440436687441355,0.0009487708440142855,0.005926384039796793,5.0,0.9999999999999993
anchor,N5,0.15000000000000002,0.033820553545096235,2.2804884234210667,0.4993648154181633,0.001100000749643896,0.005537207343540362,5.0,0.9999999999999993
anchor,N5,0.2,0.04304819793446905,2.5535323898265356,0.48026707780635053,0.0012739438763064857,0.004208779815823965,5.0,0.9999999999999993
anchor,N5,0.25,0.05043525354797819,2.895209142729246,0.4772070636120872,0.001436542179214195,0.0027591817791667262,5.0,0.9999999999999993
anchor,N5,0.30000000000000004,0.053839488415306454,2.9569664387625156,0.4304853486699275,0.0014988329617341477,0.0017722280016909038,5.0,0.9999999999999993
anchor,N5,0.35000000000000003,0.04580953251582775,2.6557386116238035,0.5465187104224852,0.0014298490001959899,0.001389609444482959,5.0,0.9999999999999993
anchor,N5,0.4,0.026377407493698418,2.569210493344575,0.4939907150482189,0.0012841862344135208,0.001597628519927443,5.0,0.9999999999999993
anchor,N5,0.45,0.012280038269079249,3.043849524336412,0.45758773215980875,0.001113508584120972,0.002457140719258638,5.0,0.9999999999999993
anchor,N5,0.5,0.009436055680914547,2.4915631894572914,0.5768630315446113,0.000913693440981863,0.004038842126801464,5.0,0.9999999999999993
anchor,N5,0.55,0.016135394841031988,1.2644455021993797,0.8867613604578154,0.0006757539529397774,0.0062020298563035285,5.0,0.9999999999999993
anchor,N5,0.6000000000000001,0.034521133625151294,1.0708815018800621,0.966104447189949,0.00044100696998230403,0.008411648760877834,5.0,0.9999999999999993
anchor,N5,0.65,0.058628570465407676,1.0529146861282173,0.9744685855526738,0.00031118757175826713,0.009813036249896483,5.0,0.9999999999999993
anchor,omit_Q2,0.02,0.04085165525133103,2.205270942212594,0.4897557661593091,0.00022071410362422208,0.004066991189546924,5.0,1.0
anchor,omit_Q2,0.05,0.04502122504096269,2.179188476200608,0.5221135827386292,0.00029392970650529005,0.005034182528445179,5.0,1.0
anchor,omit_Q2,0.1,0.04977385567351889,2.162193547205935,0.5438943172412894,0.0004649653876616923,0.005926366443939156,5.0,1.0
anchor,omit_Q2,0.15000000000000002,0.05152894126664661,2.2811159031687898,0.49930345625794303,0.000721889914199191,0.005537194850525974,5.0,1.0
anchor,omit_Q2,0.2,0.05261079570769698,2.5536955337895817,0.4802445206744852,0.0010420319209206996,0.004208731797247147,5.0,1.0
anchor,omit_Q2,0.25,0.054900088473261235,2.895283817988233,0.4772892177190043,0.0013189252608229289,0.0027590675994849188,5.0,1.0
anchor,omit_Q2,0.30000000000000004,0.056389049215396156,2.9580508394466323,0.43020260946205896,0.001429960122867116,0.0017720488324127466,5.0,1.0
anchor,omit_Q2,0.35000000000000003,0.04872624535562336,2.656911879015441,0.54631041974397,0.0013432947509299752,0.0013893737283031788,5.0,1.0
anchor,omit_Q2,0.4,0.030015783102622894,2.569189655115933,0.49387767438000724,0.0011279731746502133,0.00159728800869029,5.0,1.0
anchor,omit_Q2,0.45,0.015744489375870068,3.041089892649578,0.4578428713741143,0.0008681224547443575,0.002456542510249027,5.0,1.0
anchor,omit_Q2,0.5,0.014125987638597175,2.4878901235011615,0.5772816816777439,0.0006100527457880498,0.0040377637011905715,5.0,1.0
anchor,omit_Q2,0.55,0.0284706884062566,1.2634562890732,0.8871079354587221,0.0003829401482684135,0.006200319251718169,5.0,1.0
anchor,omit_Q2,0.6000000000000001,0.06939909474169027,1.07080344661867,0.9661387494798845,0.00021943581030675136,0.008409389033563988,5.0,1.0
anchor,omit_Q2,0.65,0.10684527194390461,1.0531670146429788,0.9742998407708032,0.0001708493182381404,0.009810575653347734,5.0,1.0
anchor,omit_Q3,0.02,0.040201008351863354,2.195885236374576,0.4880847589928738,0.00022423694625400142,0.004064837971686984,5.0,0.9999999999999998
anchor,omit_Q3,0.05,0.044485280610103414,2.174415466440966,0.5197678248796864,0.00029755082567939974,0.005032220772804944,5.0,0.9999999999999998
anchor,omit_Q3,0.1,0.049536085423226545,2.1618462597050176,0.5403534894288139,0.0004677499809464291,0.005924639166205572,5.0,0.9999999999999998
anchor,omit_Q3,0.15000000000000002,0.05159128366509969,2.2763073976423023,0.4950338170454235,0.0007226211051012908,0.005534557413214319,5.0,0.9999999999999998
anchor,omit_Q3,0.2,0.05295464360860474,2.5296817803513143,0.4878183334970696,0.0010378288241783763,0.004203305173134745,5.0,0.9999999999999998
anchor,omit_Q3,0.25,0.05564527624480826,2.8612163730679807,0.4864842315163839,0.001302525645636602,0.002749824029198317,5.0,0.9999999999999998
anchor,omit_Q3,0.30000000000000004,0.05782298943389477,2.97909523204596,0.4194705110696516,0.0013934280087633337,0.0017601948397277783,5.0,0.9999999999999998
anchor,omit_Q3,0.35000000000000003,0.05062837447448044,2.7088195834956115,0.5358734440614633,0.0012939006850748972,0.001377878138983546,5.0,0.9999999999999998
anchor,omit_Q3,0.4,0.030920971335612096,2.5853194498781975,0.48434639521536993,0.0011023592983295254,0.0015888500324256738,5.0,0.9999999999999998
anchor,omit_Q3,0.45,0.015127018770132696,3.010181479646306,0.46557381682219995,0.000915551274527789,0.002452128166627699,5.0,0.9999999999999998
anchor,omit_Q3,0.5,0.01164625167666392,2.512549752712643,0.5718927368149623,0.000746183213468063,0.004036827934566839,5.0,0.9999999999999998
anchor,omit_Q3,0.55,0.019309217458876857,1.2694156524233686,0.8849481542890679,0.0005659787535224636,0.006201608111812952,5.0,0.9999999999999998
anchor,omit_Q3,0.6000000000000001,0.03989707704798572,1.0718945432303908,0.9656450800338424,0.00038242962248374716,0.00841111644213992,5.0,0.9999999999999998
anchor,omit_Q3,0.65,0.06941286161057625,1.053092617160343,0.9743729190963099,0.00026374358531377286,0.009810388196794388,5.0,0.9999999999999998
anchor,omit_Q4,0.02,0.013356127144133692,2.218256711414284,0.47622046063676826,0.0006494948303287604,0.004065425112529776,4.999999999999997,0.9999999999999999
anchor,omit_Q4,0.05,0.016213605320539483,2.200840703454397,0.5088469451336164,0.0007762078466643008,0.0050318535546067765,4.999999999999997,0.9999999999999999
anchor,omit_Q4,0.1,0.02287960367561016,2.188806720694054,0.5343304362504842,0.000942361669594802,0.005922367878077895,4.999999999999997,0.9999999999999999
anchor,omit_Q4,0.15000000000000002,0.03149432713208702,2.3145882324070213,0.4944655852999003,0.0010822890599756652,0.005531260439044988,4.999999999999997,0.9999999999999999
anchor,omit_Q4,0.2,0.0403359944921694,2.626888599705657,0.46895902717410276,0.001239747917403795,0.004201135752389813,4.999999999999997,0.9999999999999999
anchor,omit_Q4,0.25,0.04840303642047057,2.9883814985329717,0.4550280994717411,0.0013838354184457385,0.0027507270565506124,4.999999999999997,0.9999999999999999
anchor,omit_Q4,0.30000000000000004,0.053766328053656894,2.9112457324145016,0.4601175037924026,0.001431072363244189,0.0017642360741547888,4.999999999999997,0.9999999999999999
anchor,omit_Q4,0.35000000000000003,0.047589159397857586,2.5558947074675418,0.5649235677154278,0.001354730338280399,0.0013831856002168089,4.999999999999997,0.9999999999999999
anchor,omit_Q4,0.4,0.028016350354654437,2.5128224737253335,0.5002491053820206,0.0012102186650751379,0.0015931705467226646,4.999999999999997,0.9999999999999999
anchor,omit_Q4,0.45,0.01310008517266234,3.0098041272106295,0.46056908707644095,0.0010481543335719124,0.0024537335945944176,4.999999999999997,0.9999999999999999
anchor,omit_Q4,0.5,0.010019158730836083,2.4892845590293193,0.576501966654537,0.0008624915145240228,0.004032071024636255,4.999999999999997,0.9999999999999999
anchor,omit_Q4,0.55,0.017099979961065666,1.2629525028474362,0.8872764635387648,0.0006399779328329375,0.006175655584360765,4.999999999999997,0.9999999999999999
anchor,omit_Q4,0.6000000000000001,0.03709291201629674,1.0668799469425192,0.967916519958776,0.00041435232956856715,0.008316188448342181,4.999999999999997,0.9999999999999999
anchor,omit_Q4,0.65,0.07140499054616871,1.0231427418829493,0.9885949782376772,0.00025926514318095635,0.009531684999453578,4.999999999999997,0.9999999999999999
anchor,omit_Q5,0.02,0.013912467702344408,2.203542161781346,0.490019837196511,0.0006478799575560354,0.004067041237307162,5.000000000000001,1.0
anchor,omit_Q5,0.05,0.017047592259827878,2.177478392060028,0.522373468045938,0.000776038328636808,0.005034221481215748,5.000000000000001,1.0
anchor,omit_Q5,0.1,0.024423030388139477,2.160744192607233,0.5440944604655981,0.0009474947200437114,0.005926381679599889,5.000000000000001,1.0
anchor,omit_Q5,0.15000000000000002,0.033946263403690655,2.2801054126421003,0.49938847224298344,0.001095922764808831,0.005537205706256961,5.000000000000001,1.0
anchor,omit_Q5,0.2,0.043532903917475226,2.553190501176564,0.48032079272549716,0.0012598031705193607,0.004208778008120539,5.000000000000001,1.0
anchor,omit_Q5,0.25,0.05198268768586566,2.894919098286414,0.4772472221914335,0.0013938651011826313,0.002759175606449837,5.000000000000001,1.0
anchor,omit_Q5,0.30000000000000004,0.057926791176587666,2.9568051960994306,0.43048736573646995,0.0013931879655605362,0.0017722071417914692,5.000000000000001,1.0
anchor,omit_Q5,0.35000000000000003,0.05378454585391374,2.6555332088281007,0.546542172324051,0.0012179406636796527,0.0013895556388363358,5.000000000000001,1.0
anchor,omit_Q5,0.4,0.03601920915787062,2.5684350907789684,0.49408202527957845,0.0009404175198500635,0.0015975213500858804,5.000000000000001,1.0
anchor,omit_Q5,0.45,0.02062636449530747,3.0406630751407335,0.4578140092298013,0.0006626595383499244,0.0024569737276992475,5.000000000000001,1.0
anchor,omit_Q5,0.5,0.019743840630401983,2.487665615584031,0.5773111427905673,0.0004363544447450906,0.0040386367218196405,5.000000000000001,1.0
anchor,omit_Q5,0.55,0.04051658385965984,1.263364966707547,0.8871403878310812,0.00026900640195176074,0.0062018277717725435,5.000000000000001,1.0
anchor,omit_Q5,0.6000000000000001,0.0932643046768096,1.0707038198199628,0.9661839245446302,0.00016322638162879333,0.008411484901736167,5.000000000000001,1.0
anchor,omit_Q5,0.65,0.11435457918185073,1.05305146191943,0.9743686786640491,0.00015956414365431528,0.009812918635706876,5.000000000000001,1.0
anchor,omit_T1,0.02,0.016120909046797544,2.2784605424932693,0.47661196728598104,0.0005510269109357477,0.004042551986678019,5.000000000000002,0.9999999999999993
anchor,omit_T1,0.05,0.020422836310185932,2.2397168308208397,0.5050636207365837,0.000636948024568792,0.00499710595525956,5.000000000000002,0.9999999999999993
anchor,omit_T1,0.1,0.03240538718308078,2.1774880142149424,0.5216225809344215,0.0006983534755023173,0.005865009989959616,5.000000000000002,0.9999999999999993
anchor,omit_T1,0.15000000000000002,0.052641972729591105,2.14080949552068,0.4842525036857052,0.0006804004388449456,0.005437922108311042,5.000000000000002,0.9999999999999993
anchor,omit_T1,0.2,0.0760908702401607,2.0229904195191146,0.5814860525749841,0.0006613612957852062,0.004034396568248388,5.000000000000002,0.9999999999999993
anchor,omit_T1,0.25,0.08514319489046082,1.7795653002507767,0.6902865630291996,0.0006940907744460466,0.0024658424741982807,5.000000000000002,0.9999999999999993
anchor,omit_T1,0.30000000000000004,0.06733833757163801,1.5326948649108603,0.782773132743953,0.0007683739644712444,0.0013501773307479134,5.000000000000002,0.9999999999999993
anchor,omit_T1,0.35000000000000003,0.03001362452643571,1.4113025939996693,0.8322888784258001,0.0008512093787483292,0.0008720224939664946,5.000000000000002,0.9999999999999993
anchor,omit_T1,0.4,0.006454431232914665,2.218183568987665,0.6499938360203575,0.0009157092437140753,0.0010222384682750396,5.000000000000002,0.9999999999999993
anchor,omit_T1,0.45,0.0038524441252974157,2.2330983608187136,0.6134667240980989,0.0009239162434479242,0.0018429298020006652,5.000000000000002,0.9999999999999993
anchor,omit_T1,0.5,0.007461653726891458,1.329042331252317,0.8573252861949657,0.0008327050875833955,0.003421359074939544,5.000000000000002,0.9999999999999993
anchor,omit_T1,0.55,0.016439640916424282,1.1193448930759822,0.94360630282726,0.0006440136794119745,0.005678392610495595,5.000000000000002,0.9999999999999993
anchor,omit_T1,0.6000000000000001,0.035855334639630254,1.047006519615169,0.9770666073629357,0.0004266886128271419,0.008115498381535876,5.000000000000002,0.9999999999999993
anchor,omit_T1,0.65,0.060633991454356634,1.0438060086093033,0.9787168867418131,0.00030254739413920767,0.009815981363612801,5.000000000000002,0.9999999999999993
anchor,omit_T2,0.02,0.01745301187220231,2.10768465908255,0.4928612839423961,0.0005045218142209532,0.004099685891342812,5.000000000000002,0.9999999999999991
anchor,omit_T2,0.05,0.02197513556488283,2.091850050426341,0.5241678396133771,0.0005883528964392398,0.005035578716650664,5.000000000000002,0.9999999999999991
anchor,omit_T2,0.1,0.034409927478561704,2.0630703556938723,0.5452676416123975,0.0006592748304597372,0.005832503135062062,5.000000000000002,0.9999999999999991
anchor,omit_T2,0.15000000000000002,0.05478782203182788,2.070452592755174,0.5076377636235809,0.0006645587883450763,0.005311349216334077,5.000000000000002,0.9999999999999991
anchor,omit_T2,0.2,0.07772857829853931,2.0133089182811736,0.5659503518139706,0.000671301785270743,0.003843501394518812,5.000000000000002,0.9999999999999991
anchor,omit_T2,0.25,0.08718989810130547,1.8127593719640454,0.6733247823673247,0.0007200567710046542,0.0022787268258947636,5.000000000000002,0.9999999999999991
anchor,omit_T2,0.30000000000000004,0.06928642191051373,1.5919340765405807,0.7628791903626296,0.0007962626257299831,0.0012393512698867252,5.000000000000002,0.9999999999999991
anchor,omit_T2,0.35000000000000003,0.028640911494892313,1.5690804405849055,0.7863356811531454,0.0008721012534075011,0.0008927417961129313,5.000000000000002,0.9999999999999991
anchor,omit_T2,0.4,0.006145901995113977,3.105249945924267,0.5304028281361034,0.0009289319826747623,0.0012036992890525778,5.000000000000002,0.9999999999999991
anchor,omit_T2,0.45,0.003755633633540446,2.7105600862824706,0.5521200511047512,0.0009332032677871042,0.00217732086877241,5.000000000000002,0.9999999999999991
anchor,omit_T2,0.5,0.006975007280907863,1.4140131031907381,0.8310208239907878,0.0008412573596610677,0.0038500704583712703,5.000000000000002,0.9999999999999991
anchor,omit_T2,0.55,0.015478290478059297,1.1432786338032206,0.9336804298999727,0.0006526905324689698,0.0060902442283681775,5.000000000000002,0.9999999999999991
anchor,omit_T2,0.6000000000000001,0.03402478153993183,1.056291208001781,0.9727650000697106,0.000434914303137998,0.008376024518541166,5.000000000000002,0.9999999999999991
anchor,omit_T2,0.65,0.05760336472434731,1.0492546614696199,0.9761521376987375,0.0003101109617420454,0.009834994597647358,5.000000000000002,0.9999999999999991
anchor,omit_T3,0.02,0.014329358576113081,2.0860839807537133,0.5004398443009044,0.000606739593700968,0.004047120511864696,4.999999999999999,0.9999999999999983
anchor,omit_T3,0.05,0.01751564974091646,2.077319322691843,0.5303686953896598,0.0007305032498265987,0.004968177249179417,4.999999999999999,0.9999999999999983
anchor,omit_T3,0.1,0.025068830968617062,2.0858384874697986,0.5460984742676136,0.0009036331176479828,0.005750099797102234,4.999999999999999,0.9999999999999983
anchor,omit_T3,0.15000000000000002,0.03493570853314043,2.2072525221364936,0.494783322037323,0.0010662663525316737,0.005247554847815667,4.999999999999999,0.9999999999999983
anchor,omit_T3,0.2,0.04505387215471974,2.438563532745279,0.5064729807998665,0.0012568306316366614,0.0038528377994591465,4.999999999999999,0.9999999999999983
anchor,omit_T3,0.25,0.053994731751632566,2.7643317852317923,0.5051131583949684,0.001434660667879852,0.0024066325682048887,4.999999999999999,0.9999999999999983
anchor,omit_T3,0.30000000000000004,0.058833308013336076,2.98574139491298,0.40667955040726933,0.0015061570610428,0.0014810848896711646,4.999999999999999,0.9999999999999983
anchor,omit_T3,0.35000000000000003,0.0490860146093357,2.7617104144202624,0.5230290695098945,0.0014390640541254629,0.0011899809621906772,4.999999999999999,0.9999999999999983
anchor,omit_T3,0.4,0.026959885938367678,2.5765721244063027,0.4693905123401619,0.0012901570791142784,0.0014969882715423438,4.999999999999999,0.9999999999999983
anchor,omit_T3,0.45,0.012485357669057543,2.9956016167012396,0.4709391676611874,0.0011150690354596589,0.0024609698251314457,4.999999999999999,0.9999999999999983
anchor,omit_T3,0.5,0.00982880042058435,2.4143340617534332,0.5901636098659622,0.0009126091477057012,0.004169608580911238,4.999999999999999,0.9999999999999983
anchor,omit_T3,0.55,0.016904559891859912,1.2521430491558343,0.8913192186896954,0.0006742516085215445,0.006491082294019614,4.999999999999999,0.9999999999999983
anchor,omit_T3,0.6000000000000001,0.035851994078675106,1.0675889819437638,0.9676137646588105,0.00044020910849746703,0.00885687589337911,4.999999999999999,0.9999999999999983
anchor,omit_T3,0.65,0.05990016813191721,1.0494285738254836,0.976096160574882,0.00031141630612807473,0.010340378511862381,4.999999999999999,0.9999999999999983
anchor,omit_T4,0.02,0.024789130299622018,1.8559783608854228,0.6583886091449951,0.0006230713543806301,0.00020717503084866594,4.999999999999999,0.999999999999999
anchor,omit_T4,0.05,0.02374889957808139,1.93882527800919,0.64000833952042,0.0007325198392846142,0.00033435756683829383,4.999999999999999,0.999999999999999
anchor,omit_T4,0.1,0.022356280458981234,2.392122625682979,0.5524566034904157,0.0008466595129333987,0.0006189019674432981,4.999999999999999,0.999999999999999
anchor,omit_T4,0.15000000000000002,0.024269759929597876,2.8444114079131007,0.429466665050116,0.0008969691901677127,0.0009205190763673483,4.999999999999999,0.999999999999999
anchor,omit_T4,0.2,0.035066462951846844,1.6301731163654922,0.7666043648329711,0.0009382106867193861,0.00112316541356947,4.999999999999999,0.999999999999999
anchor,omit_T4,0.25,0.054921869919869894,1.1802842473296444,0.9189824724180715,0.0009843710808799093,0.001172430214773338,4.999999999999999,0.999999999999999
anchor,omit_T4,0.30000000000000004,0.0683582303428667,1.086713705757437,0.958952345797648,0.001009013744392517,0.0011538015153622387,4.999999999999999,0.999999999999999
anchor,omit_T4,0.35000000000000003,0.051983774283064055,1.071501955964509,0.9658808399871117,0.0010057222261500498,0.0013144295996332718,4.999999999999999,0.999999999999999
anchor,omit_T4,0.4,0.020897273184037796,1.077653004360301,0.9631489172828063,0.0009900331327663274,0.0020687904006082333,4.999999999999999,0.999999999999999
anchor,omit_T4,0.45,0.0055512043086259275,1.1022710796557216,0.9522347378850514,0.0009463141861541821,0.003956473420460691,4.999999999999999,0.999999999999999
anchor,omit_T4,0.5,0.001335285784707486,1.203478417748118,0.910517016333675,0.000828888949466709,0.007381730657905327,4.999999999999999,0.999999999999999
anchor,omit_T4,0.55,0.00039951727013255776,1.9653250080870284,0.6867545289273604,0.0006284713826017949,0.012006472098721438,4.999999999999999,0.999999999999999
anchor,omit_T4,0.6000000000000001,0.0003521908872476642,2.2910362459747406,0.6194495100487927,0.0004056073280799014,0.016219095781830502,4.999999999999999,0.999999999999999
anchor,omit_T4,0.65,0.0007940949577518295,1.33964748005396,0.8594636242393143,0.0002786407331846003,0.01773284814244796,4.999999999999999,0.999999999999999
anchor,omit_T5,0.02,0.013973253684047782,2.239718461333062,0.4898066456718245,0.0006543611439269175,0.004060519316448116,4.999999999999999,0.9999999999999999
anchor,omit_T5,0.05,0.017134174122698773,2.200491076402533,0.5229851545805719,0.0007824735946714699,0.005023239097262422,4.999999999999999,0.9999999999999999
anchor,omit_T5,0.1,0.024601230075722406,2.1744787593786703,0.5450798135070756,0.0009528390231964684,0.005909701152340688,4.999999999999999,0.9999999999999999
anchor,omit_T5,0.15000000000000002,0.034293367086683665,2.3000574161825478,0.4996178188411783,0.001099417701662189,0.005521533178361697,4.999999999999999,0.9999999999999999
anchor,omit_T5,0.2,0.04414116175421265,2.595196900266933,0.4730375532504277,0.0012616563687920584,0.004203068170573863,4.999999999999999,0.9999999999999999
anchor,omit_T5,0.25,0.052868952965696825,2.9339007172630582,0.4654391267547145,0.001396539177956676,0.0027694193204759235,4.999999999999999,0.9999999999999999
anchor,omit_T5,0.30000000000000004,0.05853470272508094,2.88914083524607,0.4517638151104772,0.00140461116909026,0.0017980451536854316,4.999999999999999,0.9999999999999999
anchor,omit_T5,0.35000000000000003,0.05264134910981482,2.539279961703386,0.5682756972514175,0.0012551961071519523,0.0014255395229456035,4.999999999999999,0.9999999999999999
anchor,omit_T5,0.4,0.032765623480029864,2.508058540792612,0.5150688390302061,0.0010277908849179835,0.001637379400853146,4.999999999999999,0.9999999999999999
anchor,omit_T5,0.45,0.016455981262144644,3.062819482914622,0.445791157541216,0.0008165510469269529,0.002495824761824134,4.999999999999999,0.9999999999999999
anchor,omit_T5,0.5,0.013259569454495378,2.4574551764952726,0.5840275852634675,0.0006430111706549946,0.004071449149718759,4.999999999999999,0.9999999999999999
anchor,omit_T5,0.55,0.02266893134613887,1.25152955327402,0.8914792313325562,0.0004808165707519924,0.006222704925666447,4.999999999999999,0.9999999999999999
anchor,omit_T5,0.6000000000000001,0.046555432854327256,1.0630306673647534,0.9696808841504689,0.00032780520217229596,0.008417214599796921,4.999999999999999,0.9999999999999999
anchor,omit_T5,0.65,0.07154829724474361,1.0429533839297962,0.9791309974206532,0.00025530970581379956,0.009806827899794904,4.999999999999999,0.9999999999999999
anchor,omit_S2,0.02,0.01383518316112778,2.2045349756870967,0.49202295817905,0.0006478587862911123,0.004016761395484575,4.999999999999999,0.9999999999999997
anchor,omit_S2,0.05,0.016971946417922212,2.1753263402583443,0.5243578356167531,0.0007758721644277381,0.004974041800323966,4.999999999999999,0.9999999999999997
anchor,omit_S2,0.1,0.024355845826323427,2.155662496194438,0.5457391602024677,0.0009471258383998234,0.0058590741701624845,4.999999999999999,0.9999999999999997
anchor,omit_S2,0.15000000000000002,0.03386450861595401,2.2745141168497645,0.5003417782459421,0.0010969605753138214,0.005476380288502119,4.999999999999999,0.9999999999999997
anchor,omit_S2,0.2,0.04327093546465196,2.5477883731013917,0.48083672680573475,0.0012693654759195689,0.004159341810732327,4.999999999999999,0.9999999999999997
anchor,omit_S2,0.25,0.05120196205500028,2.8874967494603845,0.47744068904118614,0.0014310162814139026,0.002707264999125112,4.999999999999999,0.9999999999999997
anchor,omit_S2,0.30000000000000004,0.05673519809388473,2.940901647028405,0.4328226310602949,0.0014933704203600223,0.0016785331178463226,4.999999999999999,0.9999999999999997
anchor,omit_S2,0.35000000000000003,0.05354785438199454,2.6266783843311976,0.5499492942944991,0.0014251520199938552,0.001185990831989028,4.999999999999999,0.9999999999999997
anchor,omit_S2,0.4,0.034814197589594996,2.4893214743026095,0.5024808522425334,0.0012804004294633387,0.0011962159591729893,4.999999999999999,0.9999999999999997
anchor,omit_S2,0.45,0.016092132696454493,2.7640495534930314,0.4812299868790663,0.001110532990547617,0.0017879005005538308,4.999999999999999,0.9999999999999997
anchor,omit_S2,0.5,0.01133551810666867,2.1430865514761592,0.6271926505476123,0.0009113802114034155,0.0031133323254544714,4.999999999999999,0.9999999999999997
anchor,omit_S2,0.55,0.018618991930154705,1.152065215766595,0.9302943906165726,0.000673904999417461,0.005155667280735237,4.999999999999999,0.9999999999999997
anchor,omit_S2,0.6000000000000001,0.03843345008073826,1.0305111040232942,0.9850414647249252,0.00043946775015145053,0.007458442363514054,4.999999999999999,0.9999999999999997
anchor,omit_S2,0.65,0.06302408924128877,1.0377612317060498,0.9815845071797741,0.00030991669518061726,0.009122814596725395,4.999999999999999,0.9999999999999997
anchor,omit_S3,0.02,0.014187435968564668,2.344455166355905,0.4742436512647611,0.0006506151438062204,0.004134643541386728,5.000000000000004,0.9999999999999997
anchor,omit_S3,0.05,0.01726524802970121,2.2806443304778408,0.509226912405458,0.0007776067736625807,0.005120232097542387,5.000000000000004,0.9999999999999997
anchor,omit_S3,0.1,0.024534699567686547,2.2266553287755415,0.5339775117010116,0.0009460304035974132,0.006043186637452016,5.000000000000004,0.9999999999999997
anchor,omit_S3,0.15000000000000002,0.03386552493808903,2.3303828706673384,0.49099287372803413,0.0010916173294151746,0.0056769182594796404,5.000000000000004,0.9999999999999997
anchor,omit_S3,0.2,0.04296436035052386,2.6018087379286046,0.4772299866398832,0.0012586992852355453,0.004355847512671485,5.000000000000004,0.9999999999999997
anchor,omit_S3,0.25,0.050208764158930476,2.925596601786153,0.46976072320991624,0.001415496946502761,0.0028929756687903897,5.000000000000004,0.9999999999999997
anchor,omit_S3,0.30000000000000004,0.054137142435340894,2.9012994802879937,0.4473151821680685,0.0014759044102949077,0.00185767969616454,5.000000000000004,0.9999999999999997
anchor,omit_S3,0.35000000000000003,0.049895033102758404,2.5686781706236217,0.5622946069149299,0.0014097926860773997,0.0013413806692108808,5.000000000000004,0.9999999999999997
anchor,omit_S3,0.4,0.03554032772191069,2.4683113038087576,0.5121140111543471,0.0012693625069945841,0.0012093694550100228,5.000000000000004,0.9999999999999997
anchor,omit_S3,0.45,0.020019465013160393,2.39379260659945,0.5305046967566426,0.0011025170451128918,0.001313932118051073,5.000000000000004,0.9999999999999997
anchor,omit_S3,0.5,0.01079854785961177,2.5822790586611477,0.5464394940058913,0.0009028705448983052,0.0014957183350847304,5.000000000000004,0.9999999999999997
anchor,omit_S3,0.55,0.007270768845981208,2.8030395576859077,0.4170339524568397,0.0006618136505792139,0.0015761167374243356,5.000000000000004,0.9999999999999997
anchor,omit_S3,0.6000000000000001,0.006971822975270379,2.5231144369731164,0.5700470666908681,0.00042293482652010743,0.001466082367516732,5.000000000000004,0.9999999999999997
anchor,omit_S3,0.65,0.012319930819021463,4.179393301352597,0.30214851680500965,0.00029071194837798663,0.0012753874761024914,5.000000000000004,0.9999999999999997
anchor,omit_S4,0.02,0.013904385803936164,2.204203677840628,0.48994204306692135,0.0006483276484700944,0.004067081061256732,4.999999999999995,0.9999999999999977
anchor,omit_S4,0.05,0.01703589392828262,2.178087390368852,0.5222993931785802,0.0007766399539167694,0.0050342733074173595,4.999999999999995,0.9999999999999977
anchor,omit_S4,0.1,0.02439125500328628,2.161239149797758,0.5440387806844864,0.0009487713561068163,0.005926450197444932,4.999999999999995,0.9999999999999977
anchor,omit_S4,0.15000000000000002,0.033820282470257444,2.2805040440709514,0.4993603162567038,0.001100001355285048,0.005537280881764799,4.999999999999995,0.9999999999999977
anchor,omit_S4,0.2,0.043047723352996836,2.5535417753632244,0.4802687137791766,0.0012739447038454166,0.004208847891991573,4.999999999999995,0.9999999999999977
anchor,omit_S4,0.25,0.05043458361160564,2.8952140097574457,0.4772082935372861,0.001436543524452004,0.0027592337802153453,4.999999999999995,0.9999999999999977
anchor,omit_S4,0.30000000000000004,0.05383880533549872,2.9569799601961315,0.43048357275810323,0.0014988352124092983,0.0017722591894895605,4.999999999999995,0.9999999999999977
anchor,omit_S4,0.35000000000000003,0.045809195618701976,2.6557673940685227,0.5465176072552904,0.0014298526518216196,0.0013896208023895533,4.999999999999995,0.9999999999999977
anchor,omit_S4,0.4,0.02637729464101788,2.5692630523964874,0.4939918919351854,0.0012841917296982786,0.00159762418243147,4.999999999999995,0.9999999999999977
anchor,omit_S4,0.45,0.012279959961953212,3.0439215484486155,0.45757768956377565,0.0011135156805478646,0.002457125817629745,4.999999999999995,0.9999999999999977
anchor,omit_S4,0.5,0.00943599786339573,2.491552929582615,0.5768659054346009,0.0009137007761209485,0.004038822345251562,4.999999999999995,0.9999999999999977
anchor,omit_S4,0.55,0.016135270170941685,1.2644441860618634,0.8867618320740807,0.0006757596408603215,0.006202011338723918,4.999999999999995,0.9999999999999977
anchor,omit_S4,0.6000000000000001,0.034520928133952966,1.0708814329499903,0.9661044738065401,0.0004410094038259681,0.008411635967544151,4.999999999999995,0.9999999999999977
anchor,omit_S4,0.65,0.058629143917145764,1.0529148412589606,0.9744685132851777,0.0003111846731049627,0.00981302467529606,4.999999999999995,0.9999999999999977
anchor,omit_S5,0.02,0.013906680830682113,2.2018751688992473,0.49002550560274827,0.0006482611466963339,0.004072310207431156,5.000000000000002,0.9999999999999996
anchor,omit_S5,0.05,0.01703818540632179,2.17626862765508,0.5223599913576382,0.0007765556510603773,0.005040670085012028,5.000000000000002,0.9999999999999996
anchor,omit_S5,0.1,0.024394708098410118,2.1601952541330802,0.544053196814164,0.0009486476113577373,0.005933890673096128,5.000000000000002,0.9999999999999996
anchor,omit_S5,0.15000000000000002,0.033826040601943545,2.279874669873911,0.49934664660881367,0.0010998175286478556,0.005544233101876981,5.000000000000002,0.9999999999999996
anchor,omit_S5,0.2,0.04305275323329573,2.5528324626382863,0.48039888794096935,0.0012736867181663894,0.0042142127972545395,5.000000000000002,0.9999999999999996
anchor,omit_S5,0.25,0.05042984537109786,2.8941314648021774,0.4773961492643894,0.0014362299276958082,0.002762812911196662,5.000000000000002,0.9999999999999996
anchor,omit_S5,0.30000000000000004,0.05382001136006816,2.9563142973823484,0.4303455297613325,0.0014985177368705943,0.0017744084916995638,5.000000000000002,0.9999999999999996
anchor,omit_S5,0.35000000000000003,0.045795265502261324,2.655536175000015,0.5464898760966335,0.001429581761663951,0.0013907211021867117,5.000000000000002,0.9999999999999996
anchor,omit_S5,0.4,0.02637603842084277,2.5686357731426424,0.4940508743271867,0.001283984783124596,0.0015979079036743935,5.000000000000002,0.9999999999999996
anchor,omit_S5,0.45,0.012277947250412558,3.041643511691915,0.4578118589044453,0.0011133590258317963,0.00245684792506434,5.000000000000002,0.9999999999999996
anchor,omit_S5,0.5,0.009435192902250707,2.487709408210429,0.577464097136512,0.0009135693076608391,0.00403855541581948,5.000000000000002,0.9999999999999996
anchor,omit_S5,0.55,0.016143928352592266,1.2632902543449587,0.8871908199829152,0.000675626964490305,0.006202755901956709,5.000000000000002,0.9999999999999996
anchor,omit_S5,0.6000000000000001,0.034555085256627885,1.0705167594547427,0.9662722095001803,0.00044085373757675006,0.008414378814933069,5.000000000000002,0.9999999999999996
anchor,omit_S5,0.65,0.05870510722336083,1.0527677349836433,0.9745370787226746,0.00031100436960816035,0.009817878743936838,5.000000000000002,0.9999999999999996
