   This run of MOLCAS is using the pymolcas driver

                             OPE
                             OPE          NMOL  CASOP  ENMOLC A   SO
                 OPE        NMOLC        AS  OP EN  MO LC     AS  OP
                OPENM       OL CA        SO  PE NM  OL CA     SOP EN
                OP EN      MO   LC       AS  OP ENMOL  CASO   PENMOL
                OP  EN     MO   LC       AS  OP EN     MO     LC ASO
               OP   E  NMOL  C  AS       OP  EN MO     LC     AS  OP
               OP  E   NMO   LC AS        OPEN  MO     LCASOP EN   M
               O  PEN   MO  LCA  SO
            OPE   NMO   L   CAS    OP
        OPENMOL  CASOP     ENMOL   CASOPE
     OPENMOLCA   SOPENMOLCASOPEN   MOLCASOPE
    OPENMOLCAS   OP           EN   MOL    CAS
    OPENMOLCAS       OP  ENM        O     LCA
    OPENMOLCAS    OPEN  MOLCASO     P  E  NMO
    OPENMOLCAS     OP               E  N  MOL
    OPENMOLCA   SO           PENM   O  L  CAS    OPEN    MO    LCAS
    OPENMOLCA   SOP           ENM   O  L  CAS   OP  EN  MOLC  AS   O
    OPENMOLCA   SOPE           NM      O  LCA   S      OP  EN MO
    OPENMOLC                AS         O  PEN   M      OL  CA  SOPE
    OPENMO        LCASOPE  NMOL        C  ASO   P      ENMOLC     AS
    OPE     NMO      LCA  SO     P     E   NM   OL  CA SO  PE N   MO
          OPENMOLCA            SOPE   NMO        LCAS  O    P  ENMO
     OPENMOLCASOPENMOLCASOPENMOLCASOPENMOLCA
        OPENMOLCASOPENMOLCASOPENMOLCASOPE
            OPENMOLCASOPENMOLCASOPENM
               OPENMOLCASOPENMOLCA        version: v24.02
                   OPENMOLCASO
                       OPE                tag:

 OpenMolcas is free software; you can redistribute it and/or modify it
 under the terms of the GNU Lesser General Public License version 2.1.
 OpenMolcas is distributed in the hope that it will be useful, but it
 is provided "as is" and without any express or implied warranties.
 For more details see the full text of the license in the file
 LICENSE or in <http://www.gnu.org/licenses/>.

                 Copyright (C) The OpenMolcas Authors
           For the author list and the recommended citation,
                   consult the file CONTRIBUTORS.md

           *************************************************
           * pymolcas version py2.28                       *
           *   build c4a6d18ded8cb6cad61d2372a9abd97c      *
           *   (after the EMIL interpreter by V. Veryazov) *
           *************************************************

configuration info
------------------
Host name: login02 (Linux)
C Compiler ID: GNU
C flags: -std=gnu99
Fortran Compiler ID: GNU
Fortran flags: -fno-aggressive-loop-optimizations -cpp -fdefault-integer-8 -fmax-stack-var-size=1048576
Definitions: _MOLCAS_;_I8_;_LINUX_;_MOLCAS_MPP_;_SCALAPACK_;_GA_
Parallel: ON (GA=ON)


   -------------------------------------------------------------------------------------------------------------------------------
  |
  |                 Project: caspt2_Q_ipea00
  |          Submitted from: <scratch-path-omitted>
  |            Scratch area: <scratch-path-omitted>
  |         Save outputs to: <scratch-path-omitted>
  |                  Molcas: /opt/bwhpc/common/chem/openmolcas/24.02_gnu-system_openmpi-4.1_mkl-2023.1.0
  |
  | Scratch area is empty
  |
  |             MOLCAS_BIN = /opt/bwhpc/common/chem/openmolcas/24.02_gnu-system_openmpi-4.1_mkl-2023.1.0/bin
  |         MOLCAS_DOC_DIR = /opt/bwhpc/common/chem/openmolcas/24.02_gnu-system_openmpi-4.1_mkl-2023.1.0/doc
  |          MOLCAS_DRIVER = <OpenMolcas-executable-path-omitted>
  |         MOLCAS_EXA_DIR = /opt/bwhpc/common/chem/openmolcas/24.02_gnu-system_openmpi-4.1_mkl-2023.1.0/bwhpc-examples
  |            MOLCAS_HOME = /opt/bwhpc/common/chem/openmolcas/24.02_gnu-system_openmpi-4.1_mkl-2023.1.0
  | MOLCAS_JUSTUS2_EXA_DIR = /opt/bwhpc/common/chem/openmolcas/24.02_gnu-system_openmpi-4.1_mkl-2023.1.0/bwhpc-examples
  |          MOLCAS_NPROCS = 1
  |           MOLCAS_PRINT = 2
  |            MOLCAS_SBIN = /opt/bwhpc/common/chem/openmolcas/24.02_gnu-system_openmpi-4.1_mkl-2023.1.0/sbin
  |          MOLCAS_SOURCE = /opt/bwhpc/common/chem/openmolcas/24.02_gnu-system_openmpi-4.1_mkl-2023.1.0
  |       MOLCAS_STRUCTURE = 0
  |         MOLCAS_VERSION = 24.02
  |
   -------------------------------------------------------------------------------------------------------------------------------

++ ---------   Input file   ---------

&GATEWAY
 coord = opt_optimized.xyz
 basis = Def2-TZVP
 group = nosym
 amfi
 RICD

&SEWARD

&RASSCF
 fileorb = rasscf.RasOrb
 cionly
 charge = 0
 spin = 5
 nactel = 12 0 0
 inactive = 100
 ras2 = 12
 ciroot = 5 5 1
 thrs = 1.0d-7 1.0d-5 1.0d-5
 outorbital = canonical

&CASPT2
 multistate = 5 1 2 3 4 5
 imag = 0.2
 ipeashift = 0.0

-- ----------------------------------

--- Start Module: gateway at Wed Jul  1 18:28:08 2026 ---

()()()()()()()()()()()()()()()()()()()()()()()()()()()()()()()()()()()()()()()()()()()()()()()()()()

                                              &GATEWAY

                       only a single process is used, running in SERIAL mode
                       available to each process: 12 GB of memory, 1 thread?
                                            pid: 1990168
()()()()()()()()()()()()()()()()()()()()()()()()()()()()()()()()()()()()()()()()()()()()()()()()()()


++    Symmetry information:
      ---------------------

                    Character Table for C1 

                             E  
                    a        1  x, y, xy, Rz, z, xz, Ry, yz, Rx, I
--


++    Basis set information:
      ----------------------


      Basis set label: C.DEF2-TZVP.........

      Electronic valence basis set:
      ------------------
      Associated Effective Charge   6.000000 au
      Associated Actual Charge      6.000000 au
      Nuclear Model: Point charge

      Shell  nPrim  nBasis  Cartesian Spherical Contaminant
         s      11       5        X                  
         p       6       3        X                  
         d       2       2                 X         
         f       1       1                 X         


      Basis set label: H.DEF2-TZVP.........

      Electronic valence basis set:
      ------------------
      Associated Effective Charge   1.000000 au
      Associated Actual Charge      1.000000 au
      Nuclear Model: Point charge

      Shell  nPrim  nBasis  Cartesian Spherical Contaminant
         s       5       3        X                  
         p       1       1        X                  


      Basis set label: NI.DEF2-TZVP.........

      Electronic valence basis set:
      ------------------
      Associated Effective Charge  28.000000 au
      Associated Actual Charge     28.000000 au
      Nuclear Model: Point charge

      Shell  nPrim  nBasis  Cartesian Spherical Contaminant
         s      17       6        X                  
         p      11       4        X                  
         d       7       4                 X         
         f       1       1                 X         
--


++    Molecular structure info:
      -------------------------

                    ************************************************ 
                    **** Cartesian Coordinates / Bohr, Angstrom **** 
                    ************************************************ 

     Center  Label                x              y              z                     x              y              z
        1      C1               2.700873      -0.014140       0.053364              1.429240      -0.007483       0.028239
        2      C2               1.338269       2.346166       0.052986              0.708181       1.241537       0.028039
        3      C3              -1.358013       2.352197      -0.050975             -0.718630       1.244729      -0.026975
        4      C4              -2.700873       0.014140       0.053364             -1.429240       0.007483       0.028239
        5      C5              -1.338269      -2.346166       0.052987             -0.708182      -1.241537       0.028039
        6      C6               1.358013      -2.352197      -0.050975              0.718630      -1.244729      -0.026975
        7      C7               5.430022      -0.032061       0.005879              2.873444      -0.016966       0.003111
        8      C8               2.687271       4.718649       0.004773              1.422042       2.497001       0.002526
        9      C9              -2.703012       4.681857      -0.225865             -1.430373       2.477532      -0.119522
       10      C10             -5.430022       0.032061       0.005880             -2.873444       0.016966       0.003112
       11      C11             -2.687271      -4.718649       0.004773             -1.422043      -2.497001       0.002526
       12      C12              2.703013      -4.681856      -0.225865              1.430373      -2.477532      -0.119522
       13      C13              6.688107       2.329532       0.479888              3.539194       1.232735       0.253946
       14      C14              5.361458       4.627420       0.479616              2.837161       2.448725       0.253802
       15      C15              1.300790       6.993476      -0.166046              0.688348       3.700788      -0.087868
       16      C16             -1.309145       6.977593      -0.300660             -0.692770       3.692383      -0.159102
       17      C17             -5.388209       4.622601      -0.299453             -2.851317       2.446175      -0.158464
       18      C18             -6.706853       2.370347      -0.163978             -3.549114       1.254334      -0.086773
       19      C19             -6.688107      -2.329532       0.479889             -3.539194      -1.232735       0.253946
       20      C20             -5.361458      -4.627420       0.479617             -2.837162      -2.448725       0.253802
       21      C21             -1.300790      -6.993477      -0.166047             -0.688348      -3.700788      -0.087868
       22      C22              1.309146      -6.977593      -0.300660              0.692770      -3.692383      -0.159102
       23      C23              5.388209      -4.622601      -0.299453              2.851317      -2.446175      -0.158464
       24      C24              6.706853      -2.370347      -0.163978              3.549114      -1.254333      -0.086773
       25      H25              8.733391       2.331530       0.746766              4.621511       1.233793       0.395171
       26      H26              6.385836       6.397697       0.746357              3.379239       3.385516       0.394955
       27      H27              2.329212       8.782631      -0.158987              1.232566       4.647568      -0.084132
       28      H28             -2.345120       8.756381      -0.445095             -1.240984       4.633677      -0.235534
       29      H29             -6.410729       6.409185      -0.443523             -3.392412       3.391595      -0.234702
       30      H30             -8.770518       2.374354      -0.156216             -4.641158       1.256454      -0.082666
       31      H31             -8.733391      -2.331530       0.746766             -4.621512      -1.233793       0.395172
       32      H32             -6.385836      -6.397698       0.746357             -3.379239      -3.385516       0.394955
       33      H33             -2.329212      -8.782632      -0.158988             -1.232566      -4.647569      -0.084133
       34      H34              2.345121      -8.756381      -0.445095              1.240985      -4.633677      -0.235534
       35      H35              6.410729      -6.409185      -0.443522              3.392412      -3.391594      -0.234702
       36      H36              8.770518      -2.374354      -0.156216              4.641158      -1.256454      -0.082666
       37      NI37             3.989534       2.304908       3.526133              2.111171       1.219705       1.865949
       38      NI38            -3.989534      -2.304908       3.526134             -2.111171      -1.219705       1.865950

                    ************************************************* 
                    **** InterNuclear Distances / Bohr, Angstrom **** 
                    ************************************************* 

     Atom centers         Bohr        Angstrom
   25 H25      13 C13     2.062615        1.091489
   26 H26      14 C14   
   31 H31      19 C19   
   32 H32      20 C20   
   28 H28      16 C16     2.063537        1.091977
   29 H29      17 C17   
   34 H34      22 C22   
   35 H35      23 C23   
   27 H27      15 C15     2.063681        1.092053
   30 H30      18 C18   
   33 H33      21 C21   
   36 H36      24 C24   
   18 C18      17 C17     2.613394        1.382948
   24 C24      23 C23   
   16 C16      15 C15     2.613452        1.382979
   22 C22      21 C21   
   14 C14      13 C13     2.653354        1.404094
   20 C20      19 C19   
   15 C15       8 C8      2.669523        1.412650
   21 C21      11 C11   
   18 C18      10 C10     2.669593        1.412688
   24 C24       7 C7    
   16 C16       9 C9      2.686795        1.421790
   22 C22      12 C12   
   17 C17       9 C9      2.686858        1.421824
   23 C23      12 C12   
    9 C9        3 C3      2.695723        1.426515
   12 C12       6 C6    
    4 C4        3 C3      2.698271        1.427864
    6 C6        1 C1    
    3 C3        2 C2      2.698292        1.427875
    6 C6        5 C5    
   13 C13       7 C7      2.717459        1.438017
   19 C19      10 C10   
   14 C14       8 C8      2.717550        1.438065
   20 C20      11 C11   
    2 C2        1 C1      2.725387        1.442212
    5 C5        4 C4    
    7 C7        1 C1      2.729616        1.444451
    8 C8        2 C2    
   10 C10       4 C4    
   11 C11       5 C5    
   29 H29      18 C18     4.059316        2.148097
   35 H35      24 C24   
   28 H28      15 C15     4.059355        2.148118
   34 H34      21 C21   
   30 H30      17 C17     4.063883        2.150514
   36 H36      23 C23   
   27 H27      16 C16     4.063973        2.150562
   33 H33      22 C22   
   37 NI37     14 C14     4.069091        2.153270
   38 NI38     20 C20   
   37 NI37     13 C13     4.069706        2.153596
   38 NI38     19 C19   
   27 H27       8 C8      4.083011        2.160636
   33 H33      11 C11   
   30 H30      10 C10     4.083077        2.160671
   36 H36       7 C7    
   25 H25      14 C14     4.088073        2.163315
   26 H26      13 C13   
   31 H31      20 C20   
   32 H32      19 C19   
   28 H28       9 C9      4.096083        2.167554
   34 H34      12 C12   
   29 H29       9 C9      4.096120        2.167573
   35 H35      12 C12   
   25 H25       7 C7      4.128888        2.184914
   31 H31      10 C10   
   26 H26       8 C8      4.128987        2.184966
   32 H32      11 C11   
   37 NI37      2 C2      4.369629        2.312308
   38 NI38      5 C5    
   37 NI37      1 C1      4.370212        2.312617
   38 NI38      4 C4    
   37 NI37      8 C8      4.463408        2.361934
   38 NI38     11 C11   
   37 NI37      7 C7      4.464147        2.362325
   38 NI38     10 C10   
   16 C16       8 C8      4.600811        2.434644
   22 C22      11 C11   
   17 C17      10 C10     4.600873        2.434677
   23 C23       7 C7    
   15 C15       9 C9      4.623591        2.446699
   18 C18       9 C9    
   21 C21      12 C12   
   24 C24      12 C12   
   16 C16       3 C3      4.632381        2.451350
   17 C17       3 C3    
   22 C22       6 C6    
   23 C23       6 C6    
   14 C14       2 C2      4.644587        2.457809
   20 C20       5 C5    
   13 C13       1 C1      4.644649        2.457842
   19 C19       4 C4    
   15 C15       2 C2      4.652615        2.462058
   18 C18       4 C4    
   21 C21       5 C5    
   24 C24       1 C1    
    4 C4        2 C2      4.664012        2.468089
    5 C5        1 C1    
    9 C9        2 C2      4.676020        2.474443
   12 C12       5 C5    
    9 C9        4 C4      4.676061        2.474465
   12 C12       1 C1    
   30 H30      29 H29     4.683055        2.478166
   36 H36      35 H35   
   28 H28      27 H27     4.683154        2.478218
   34 H34      33 H33   
   14 C14       7 C7      4.684004        2.478668
   20 C20      10 C10   
   13 C13       8 C8      4.684048        2.478691
   19 C19      11 C11   
    7 C7        6 C6      4.686952        2.480228
    8 C8        3 C3    
   10 C10       3 C3    
   11 C11       6 C6    
   29 H29      28 H28     4.694518        2.484232
   35 H35      34 H34   
   26 H26      25 H25     4.695182        2.484583
   32 H32      31 H31   
    3 C3        1 C1      4.699467        2.486851
    6 C6        4 C4    
    5 C5        3 C3      4.699554        2.486897
    6 C6        2 C2    
   17 C17      16 C16     4.710068        2.492461
   23 C23      22 C22   
    7 C7        2 C2      4.732930        2.504559
   10 C10       5 C5    
    8 C8        1 C1      4.733058        2.504626
   11 C11       4 C4    
   19 C19      18 C18     4.743814        2.510318
   24 C24      13 C13   
   15 C15      14 C14     4.743852        2.510338
   21 C21      20 C20   
   31 H31      30 H30     4.791878        2.535753
   36 H36      25 H25   
   27 H27      26 H26     4.792051        2.535844
   33 H33      32 H32   
   28 H28      17 C17     5.135139        2.717399
   29 H29      16 C16   
   34 H34      23 C23   
   35 H35      22 C22   
   30 H30      19 C19     5.183397        2.742936
   36 H36      13 C13   
   27 H27      14 C14     5.183446        2.742961
   33 H33      20 C20   
   25 H25      24 C24     5.200380        2.751922
   31 H31      18 C18   
   26 H26      15 C15     5.200493        2.751982
   32 H32      21 C21   
   16 C16       2 C2      5.346399        2.829193
   22 C22       5 C5    
   17 C17       4 C4      5.346416        2.829202
   23 C23       1 C1    
   18 C18       3 C3      5.350065        2.831132
   24 C24       6 C6    
   15 C15       3 C3      5.350136        2.831170
   21 C21       6 C6    
   13 C13       2 C2      5.366870        2.840025
   19 C19       5 C5    
   14 C14       1 C1      5.366981        2.840084
   20 C20       4 C4    
    9 C9        8 C8      5.395341        2.855091
   12 C12      11 C11   
   10 C10       9 C9      5.395450        2.855149
   12 C12       7 C7    
    4 C4        1 C1      5.401820        2.858520
    5 C5        2 C2      5.402021        2.858626
    6 C6        3 C3      5.432137        2.874563
    8 C8        7 C7      5.485611        2.902860
   11 C11      10 C10   
   37 NI37     26 H26     5.497303        2.909047
   38 NI38     32 H32   
   37 NI37     25 H25     5.498160        2.909501
   38 NI38     31 H31   
--


            Nuclear Potential Energy           3152.76180619 au

--- Stop Module: gateway at Wed Jul  1 18:28:10 2026 /rc=_RC_ALL_IS_WELL_ ---
*** files: caspt2_Q_ipea00.RICDLib xmldump
    saved to directory <scratch-path-omitted>
--- Module gateway spent 2 seconds ---

--- Start Module: seward at Wed Jul  1 18:28:10 2026 ---

()()()()()()()()()()()()()()()()()()()()()()()()()()()()()()()()()()()()()()()()()()()()()()()()()()

                                              &SEWARD

                       only a single process is used, running in SERIAL mode
                       available to each process: 12 GB of memory, 1 thread?
                                            pid: 1990186
()()()()()()()()()()()()()()()()()()()()()()()()()()()()()()()()()()()()()()()()()()()()()()()()()()

               SEWARD will generate:
                  Multipole Moment integrals up to order  2
                  Kinetic Energy integrals
                  Nuclear Attraction integrals (point charge)
                  One-Electron Hamiltonian integrals
                  Velocity integrals
                  Orbital angular momentum around ( 0.0000 -0.0000  0.9761 )
                  Velocity quadrupole around ( 0.0000 -0.0000  0.9761 )
                  Atomic mean-field integrals
                  RI decomposed two-electron repulsion integrals stored Cholesky style
                   - acCD auxiliary basis
                   - CD Threshold:   0.10E-03

                   Integrals are discarded if absolute value <: 1.00E-14
                   Integral cutoff threshold is set to       <: 1.00E-16

            Nuclear Potential Energy           3152.76180619 au


      Basis set specifications :
      Symmetry species         a  
      Basis functions          906


      Input file to MOLDEN was generated!

Note: The following floating-point exceptions are signalling: IEEE_UNDERFLOW_FLAG IEEE_DENORMAL
--- Stop Module: seward at Wed Jul  1 18:38:13 2026 /rc=_RC_ALL_IS_WELL_ ---
*** files: caspt2_Q_ipea00.GssOrb caspt2_Q_ipea00.guessorb.h5 caspt2_Q_ipea00.guessorb.molden xmldump
    saved to directory <scratch-path-omitted>
--- Module seward spent 10 minutes 3 seconds ---

*** symbolic link created: INPORB -> caspt2_Q_ipea00.GssOrb
--- Start Module: rasscf at Wed Jul  1 18:38:14 2026 ---

()()()()()()()()()()()()()()()()()()()()()()()()()()()()()()()()()()()()()()()()()()()()()()()()()()

                                              &RASSCF

                       only a single process is used, running in SERIAL mode
                       available to each process: 12 GB of memory, 1 thread?
                                            pid: 1991329
()()()()()()()()()()()()()()()()()()()()()()()()()()()()()()()()()()()()()()()()()()()()()()()()()()

 ###############################################################################
 ###############################################################################
 ###                                                                         ###
 ###                                                                         ###
 ###    WARNING: CHARGE and NACTEL are only compatible if INACTIVE           ###
 ###    is not given and the symmetry group is C1. Hence the                 ###
 ###    CHARGE command will be ignored.                                      ###
 ###                                                                         ###
 ###                                                                         ###
 ###############################################################################
 ###############################################################################

      Header of the ONEINT file:
      --------------------------
      
      Integrals generated by Gateway/Seward, Wed Jul  1 18:28:11 2026


      OrdInt status: non-squared


      Cartesian coordinates in Angstrom:
      -----------------------------------------------------
      No.  Label        X            Y            Z        
      -----------------------------------------------------
       1   C1         1.42924031  -0.00748264   0.02823884
       2   C2         0.70818144   1.24153737   0.02803895
       3   C3        -0.71862965   1.24472889  -0.02697471
       4   C4        -1.42924039   0.00748259   0.02823911
       5   C5        -0.70818155  -1.24153741   0.02803927
       6   C6         0.71862970  -1.24472887  -0.02697464
       7   C7         2.87344400  -0.01696604   0.00311114
       8   C8         1.42204247   2.49700128   0.00252559
       9   C9        -1.43037261   2.47753183  -0.11952247
      10   C10       -2.87344406   0.01696604   0.00311162
      11   C11       -1.42204255  -2.49700134   0.00252593
      12   C12        1.43037277  -2.47753176  -0.11952240
      13   C13        3.53919385   1.23273526   0.25394576
      14   C14        2.83716140   2.44872530   0.25380206
      15   C15        0.68834830   3.70078833  -0.08786789
      16   C16       -0.69276978   3.69238306  -0.15910225
      17   C17       -2.85131717   2.44617531  -0.15846379
      18   C18       -3.54911399   1.25433361  -0.08677346
      19   C19       -3.53919402  -1.23273526   0.25394612
      20   C20       -2.83716156  -2.44872541   0.25380223
      21   C21       -0.68834819  -3.70078845  -0.08786807
      22   C22        0.69276997  -3.69238305  -0.15910229
      23   C23        2.85131735  -2.44617519  -0.15846363
      24   C24        3.54911402  -1.25433341  -0.08677335
      25   H25        4.62151125   1.23379255   0.39517136
      26   H26        3.37923869   3.38551561   0.39495519
      27   H27        1.23256597   4.64756844  -0.08413234
      28   H28       -1.24098431   4.63367705  -0.23553410
      29   H29       -3.39241163   3.39159450  -0.23470201
      30   H30       -4.64115822   1.25645421  -0.08266621
      31   H31       -4.62151158  -1.23379256   0.39517159
      32   H32       -3.37923899  -3.38551587   0.39495488
      33   H33       -1.23256583  -4.64756868  -0.08413285
      34   H34        1.24098454  -4.63367703  -0.23553430
      35   H35        3.39241183  -3.39159438  -0.23470162
      36   H36        4.64115818  -1.25645388  -0.08266582
      37   NI37       2.11117059   1.21970454   1.86594902
      38   NI38      -2.11117054  -1.21970457   1.86594954
      -----------------------------------------------------
      Nuclear repulsion energy = 3152.76180619

++    Wave function specifications:
      -----------------------------

      Number of closed shell electrons         200
      Number of electrons in active shells      12
      Max number of holes in RAS1 space          0
      Max nr of electrons in RAS3 space          0
      Number of inactive orbitals              100
      Number of active orbitals                 12
      Number of secondary orbitals             794
      Spin quantum number                      2.0
      State symmetry                             1
--

++    Orbital specifications:
      -----------------------

      Symmetry species                           1
                                                 a
      Frozen orbitals                            0
      Inactive orbitals                        100
      Active orbitals                           12
      RAS1 orbitals                              0
      RAS2 orbitals                             12
      RAS3 orbitals                              0
      Secondary orbitals                       794
      Deleted orbitals                           0
      Number of basis functions                906
--

++    CI expansion specifications:
      ----------------------------

      Number of CSFs                        196625
      Number of determinants                245025
      Number of root(s) required                 5
      Root chosen for geometry opt.              5
      CI roots used                              1     2     3     4     5
      weights                                0.200 0.200 0.200 0.200 0.200
      highest root included in the CI            5
      max. size of the explicit Hamiltonian    200
--

++    Optimization specifications:
      ----------------------------

      RASSCF algorithm: LK RI/DF
      Maximum number of macro iterations       200
      Maximum number of SX iterations          100
      Threshold for RASSCF energy            1.000E-07
      Threshold for max MO rotation          1.000E-05
      Threshold for max BLB element          1.000E-05
      Level shift parameter                  5.000E-01
      Make Quasi-Newton update
--

      The MO-coefficients are taken from the file:
      <scratch-path-omitted>                                                                                                                                                                                           
      Title: B1 Ni2/coronene CAS(26,15) quintet natural orbitals (regenerated from rasscf.r

      Total molecular charge    0.00

      ************************************************************************************************************************
      *                                                                                                                      *
      *                                            Wave function control section                                             *
      *                                                                                                                      *
      ************************************************************************************************************************


                                         CASCI only, no orbital optimization will be done.
                                         -------------------------------------------------

      Iter CI   SX   CI       RASSCF       Energy    max ROT     max BLB   max BLB  Level Ln srch  Step   QN   Walltime
          iter iter root      energy       change     param      element    value   shift minimum  type update hh:mm:ss
 Nr of preliminary CI iterations:  33
        1   1    0    0 -3929.65178874    0.00E+00   0.00E+00   10 104 1  6.27E-02*  0.00   0.00    SX    NO    0:18:05

      ************************************************************************************************************************
                                                      Wave function printout:
                       occupation of active orbitals, and spin coupling of open shells (u,d: Spin up or down)
      ************************************************************************************************************************

      Note: transformation to natural orbitals
      has been made, which may change the order of the CSFs.

      printout of CI-coefficients larger than  0.05 for root  1
      energy=   -3929.685683
      conf/sym  111111111111     Coeff  Weight
             1  2222uuuu0000   0.91896 0.84449
             4  2222uuu00u00   0.30840 0.09511
            31  22u22uuu0000   0.12314 0.01516
            91  22u2u2uu0000   0.06724 0.00452
           226  2222u0uuu000  -0.05911 0.00349
           236  2222u0uu000u  -0.07045 0.00496
           336  22220uuu000u   0.05271 0.00278

      printout of CI-coefficients larger than  0.05 for root  2
      energy=   -3929.650639
      conf/sym  111111111111     Coeff  Weight
             2  2222uuu0u000   0.94429 0.89168
             8  2222uu0u00u0   0.15156 0.02297
            10  2222uu000uu0   0.08567 0.00734
            16  222u2uuu0000  -0.07679 0.00590
            32  22u22uu0u000   0.11647 0.01357
            46  2u222uuu0000   0.07176 0.00515
            92  22u2u2u0u000   0.06256 0.00391
           226  2222u0uuu000   0.08068 0.00651
           237  2222u0u0u00u  -0.07409 0.00549
           337  22220uu0u00u   0.05119 0.00262

      printout of CI-coefficients larger than  0.05 for root  3
      energy=   -3929.647904
      conf/sym  111111111111     Coeff  Weight
             2  2222uuu0u000  -0.10646 0.01133
            16  222u2uuu0000  -0.66635 0.44402
            19  222u2uu00u00  -0.17595 0.03096
            31  22u22uuu0000   0.11461 0.01314
            46  2u222uuu0000   0.62614 0.39206
            49  2u222uu00u00   0.17290 0.02989
            61  u2222uuu0000  -0.16257 0.02643
           136  22uu22uu0000  -0.05347 0.00286
           181  2uu222uu0000  -0.05458 0.00298
           256  222u20uu000u   0.05173 0.00268

      printout of CI-coefficients larger than  0.05 for root  4
      energy=   -3929.643066
      conf/sym  111111111111     Coeff  Weight
             1  2222uuuu0000   0.29877 0.08926
             4  2222uuu00u00  -0.90502 0.81907
             5  2222uu0u0u00  -0.08734 0.00763
            12  2222uu0u000u   0.08711 0.00759
            14  2222uu000u0u   0.05316 0.00283
            34  22u22uu00u00  -0.11372 0.01293
            94  22u2u2u00u00  -0.05950 0.00354
           227  2222u0uu0u00  -0.09251 0.00856
           228  2222u0u0uu00  -0.06461 0.00417
           239  2222u0u00u0u   0.07984 0.00638
           339  22220uu00u0u  -0.05438 0.00296
          3217  222uuu0udu00  -0.05547 0.00308

      printout of CI-coefficients larger than  0.05 for root  5
      energy=   -3929.631651
      conf/sym  111111111111     Coeff  Weight
             3  2222uu0uu000   0.76688 0.58811
             6  2222uu00uu00  -0.39239 0.15397
             7  2222uuu000u0   0.43836 0.19216
            33  22u22u0uu000   0.09222 0.00851
            37  22u22uu000u0   0.05634 0.00317
           226  2222u0uuu000   0.06357 0.00404
           238  2222u00uu00u  -0.05853 0.00343

      Natural orbitals and occupation numbers for root  1
      sym 1:   1.996112   1.998695   1.983916   1.986284   1.000184   0.999982   0.999377   0.999827   0.016829   0.010362
               0.004405   0.004027

      Natural orbitals and occupation numbers for root  2
      sym 1:   1.996837   1.990387   1.985716   1.982954   1.012626   1.000124   0.958911   0.055042   0.957917   0.012030
               0.040241   0.007214

      Natural orbitals and occupation numbers for root  3
      sym 1:   1.996161   1.986664   1.981832   1.012903   1.987315   1.000063   0.999059   0.986798   0.029696   0.010006
               0.004498   0.005005

      Natural orbitals and occupation numbers for root  4
      sym 1:   1.998550   1.995294   1.984848   1.983779   1.000389   1.000241   0.979679   0.023735   0.019566   0.989192
               0.008276   0.016450

      Natural orbitals and occupation numbers for root  5
      sym 1:   1.998025   1.995455   1.986462   1.987501   1.001493   1.000938   0.213764   0.789467   0.799812   0.010739
               0.209581   0.006763

      ************************************************************************************************************************
      *                                                                                                                      *
      *                                                    Final results                                                     *
      *                                                                                                                      *
      ************************************************************************************************************************


++    Wave function specifications:
      -----------------------------

      Number of closed shell electrons         200
      Number of electrons in active shells      12
      Max number of holes in RAS1 space          0
      Max nr of electrons in RAS3 space          0
      Number of inactive orbitals              100
      Number of active orbitals                 12
      Number of secondary orbitals             794
      Spin quantum number                      2.0
      State symmetry                             1
--

++    Orbital specifications:
      -----------------------

      Symmetry species                           1
                                                 a
      Frozen orbitals                            0
      Inactive orbitals                        100
      Active orbitals                           12
      RAS1 orbitals                              0
      RAS2 orbitals                             12
      RAS3 orbitals                              0
      Secondary orbitals                       794
      Deleted orbitals                           0
      Number of basis functions                906
--

++    CI expansion specifications:
      ----------------------------

      Number of CSFs                        196625
      Number of determinants                245025
      Number of root(s) required                 5
      CI roots used                              1     2     3     4     5
      weights                                0.200 0.200 0.200 0.200 0.200
      highest root included in the CI            5
      Root passed to geometry opt.               5
--

++    Final optimization conditions:
      ------------------------------

      Average CI energy                           -3929.65178857
      RASSCF energy for state  5                  -3929.63165078
      Super-CI energy                                 0.00000000
      RASSCF energy change                            0.00000000
      Max change in MO coefficients               0.000E+00
      Max non-diagonal density matrix element     0.000E+00
      Maximum BLB matrix element                  6.275E-02
      (orbital pair  10, 104 in symmetry   1)
      Norm of electronic gradient            2.877E-01
--


      Final state energy(ies):
      ------------------------

::    RASSCF root number  1 Total energy:  -3929.68568287
::    RASSCF root number  2 Total energy:  -3929.65063902
::    RASSCF root number  3 Total energy:  -3929.64790382
::    RASSCF root number  4 Total energy:  -3929.64306635
::    RASSCF root number  5 Total energy:  -3929.63165078

++    Molecular orbitals:
      -------------------

      All orbitals are eigenfunctions of the PT2 Fock matrix


      MOLECULAR ORBITALS FOR SYMMETRY SPECIES 1: a  

      INDEX  OCCUPATION  COEFFICIENTS ...
          1 -305.3997                                                                                                                     
               817 NI37   1s     ( 0.9977)
          2 -305.3942                                                                                                                     
               862 NI38   1s     (-0.9977)
          3  -37.6782                                                                                                                     
               817 NI37   1s     (-0.3187) 818 NI37   2s     ( 1.0382)
          4  -37.6729                                                                                                                     
               862 NI38   1s     ( 0.3187) 863 NI38   2s     (-1.0383)
          5  -32.7143                                                                                                                     
               823 NI37   2px    (-0.7438) 827 NI37   2py    (-0.6492)
          6  -32.7097                                                                                                                     
               823 NI37   2px    (-0.1136) 831 NI37   2pz    (-0.9847)
          7  -32.7053                                                                                                                     
               868 NI38   2px    ( 0.6715) 872 NI38   2py    ( 0.3194) 876 NI38   2pz    (-0.6553)
          8  -32.7042                                                                                                                     
               868 NI38   2px    ( 0.5918) 872 NI38   2py    ( 0.2815) 876 NI38   2pz    ( 0.7436)
          9  -32.6946                                                                                                                     
               823 NI37   2px    (-0.6448) 827 NI37   2py    ( 0.7485)
         10  -32.6935                                                                                                                     
               868 NI38   2px    ( 0.4255) 872 NI38   2py    (-0.8946)
         11  -11.2739                                                                                                                     
                 1 C1     1s     ( 0.4642)   2 C1     2s     ( 0.6081)
         12  -11.2726                                                                                                                     
                94 C4     1s     ( 0.3825)  95 C4     2s     ( 0.5010) 125 C5     1s     ( 0.2676) 126 C5     2s     ( 0.3505)
      
         13  -11.2716                                                                                                                     
                94 C4     1s     (-0.2676)  95 C4     2s     (-0.3506) 125 C5     1s     ( 0.3823) 126 C5     2s     ( 0.5008)
      
         14  -11.2695                                                                                                                     
                32 C2     1s     (-0.4638)  33 C2     2s     (-0.6076)
         15  -11.2658                                                                                                                     
               373 C13    1s     ( 0.3706) 374 C13    2s     ( 0.4855) 404 C14    1s     ( 0.2809) 405 C14    2s     ( 0.3680)
      
         16  -11.2646                                                                                                                     
               373 C13    1s     (-0.2786) 374 C13    2s     (-0.3650) 404 C14    1s     ( 0.3706) 405 C14    2s     ( 0.4855)
      
         17  -11.2629                                                                                                                     
               311 C11    1s     ( 0.4409) 312 C11    2s     ( 0.5776) 590 C20    1s     ( 0.1485) 591 C20    2s     ( 0.1945)
      
         18  -11.2620                                                                                                                     
               280 C10    1s     (-0.4243) 281 C10    2s     (-0.5558) 559 C19    1s     (-0.1605) 560 C19    2s     (-0.2102)
               591 C20    2s     (-0.1242)
         19  -11.2614                                                                                                                     
               187 C7     1s     ( 0.4631) 188 C7     2s     ( 0.6066)
         20  -11.2614                                                                                                                     
               280 C10    1s     (-0.1613) 281 C10    2s     (-0.2113) 311 C11    1s     (-0.1380) 312 C11    2s     (-0.1807)
               559 C19    1s     ( 0.1485) 560 C19    2s     ( 0.1945) 590 C20    1s     ( 0.3891) 591 C20    2s     ( 0.5097)
      
         21  -11.2601                                                                                                                     
               218 C8     1s     (-0.4644) 219 C8     2s     (-0.6083)
         22  -11.2600                                                                                                                     
               280 C10    1s     (-0.1085) 281 C10    2s     (-0.1421) 559 C19    1s     ( 0.4118) 560 C19    2s     ( 0.5394)
               590 C20    1s     (-0.1903) 591 C20    2s     (-0.2492)
         23  -11.2555                                                                                                                     
               156 C6     1s     ( 0.4667) 157 C6     2s     ( 0.6113)
         24  -11.2553                                                                                                                     
                63 C3     1s     (-0.4666)  64 C3     2s     (-0.6113)
         25  -11.2401                                                                                                                     
               342 C12    1s     ( 0.4496) 343 C12    2s     ( 0.5889) 653 C22    2s     ( 0.1145) 684 C23    2s     ( 0.1103)
      
         26  -11.2387                                                                                                                     
               621 C21    1s     (-0.4313) 622 C21    2s     (-0.5650) 652 C22    1s     (-0.1676) 653 C22    2s     (-0.2196)
      
         27  -11.2383                                                                                                                     
               249 C9     1s     ( 0.4222) 250 C9     2s     ( 0.5530) 497 C17    1s     ( 0.1620) 498 C17    2s     ( 0.2123)
               529 C18    2s     ( 0.1208)
         28  -11.2380                                                                                                                     
               683 C23    1s     ( 0.2642) 684 C23    2s     ( 0.3461) 714 C24    1s     ( 0.3784) 715 C24    2s     ( 0.4957)
      
         29  -11.2375                                                                                                                     
               249 C9     1s     (-0.1535) 250 C9     2s     (-0.2011) 497 C17    1s     ( 0.1927) 498 C17    2s     ( 0.2524)
               528 C18    1s     ( 0.3953) 529 C18    2s     ( 0.5179)
         30  -11.2369                                                                                                                     
               621 C21    1s     ( 0.1694) 622 C21    2s     ( 0.2219) 652 C22    1s     (-0.4097) 653 C22    2s     (-0.5368)
               683 C23    1s     ( 0.1001) 684 C23    2s     ( 0.1311) 715 C24    2s     (-0.1260)
         31  -11.2366                                                                                                                     
               343 C12    2s     (-0.1004) 652 C22    1s     ( 0.1207) 653 C22    2s     ( 0.1581) 683 C23    1s     ( 0.3619)
               684 C23    2s     ( 0.4741) 714 C24    1s     (-0.2557) 715 C24    2s     (-0.3350)
         32  -11.2361                                                                                                                     
               435 C15    1s     ( 0.1492) 436 C15    2s     ( 0.1955) 466 C16    1s     ( 0.1328) 467 C16    2s     ( 0.1740)
               497 C17    1s     (-0.3582) 498 C17    2s     (-0.4693) 528 C18    1s     ( 0.2156) 529 C18    2s     ( 0.2825)
      
         33  -11.2359                                                                                                                     
               250 C9     2s     ( 0.1240) 435 C15    1s     (-0.3565) 436 C15    2s     (-0.4670) 466 C16    1s     (-0.2206)
               467 C16    2s     (-0.2890) 497 C17    1s     (-0.1629) 498 C17    2s     (-0.2134) 529 C18    2s     ( 0.1113)
      
         34  -11.2345                                                                                                                     
               435 C15    1s     (-0.2622) 436 C15    2s     (-0.3435) 466 C16    1s     ( 0.3819) 467 C16    2s     ( 0.5003)
      
         35   -4.6630                                                                                                                     
               818 NI37   2s     (-0.3894) 819 NI37   3s     ( 0.5266) 820 NI37   4s     ( 0.4018) 863 NI38   2s     ( 0.2499)
               864 NI38   3s     (-0.3382) 865 NI38   4s     (-0.2581)
         36   -4.6572                                                                                                                     
               818 NI37   2s     (-0.2493) 819 NI37   3s     ( 0.3371) 820 NI37   4s     ( 0.2571) 863 NI38   2s     (-0.3892)
               864 NI38   3s     ( 0.5264) 865 NI38   4s     ( 0.4014)
         37   -3.0781                                                                                                                     
               823 NI37   2px    (-0.2135) 824 NI37   3px    ( 0.4870) 825 NI37   *px    ( 0.1531) 827 NI37   2py    (-0.1954)
               828 NI37   3py    ( 0.4456) 829 NI37   *py    ( 0.1403) 831 NI37   2pz    ( 0.2440) 832 NI37   3pz    (-0.5567)
               833 NI37   *pz    (-0.1747)
         38   -3.0757                                                                                                                     
               823 NI37   2px    (-0.1836) 824 NI37   3px    ( 0.4189) 825 NI37   *px    ( 0.1319) 827 NI37   2py    (-0.1495)
               828 NI37   3py    ( 0.3411) 829 NI37   *py    ( 0.1075) 831 NI37   2pz    (-0.2795) 832 NI37   3pz    ( 0.6376)
               833 NI37   *pz    ( 0.2005) 877 NI38   3pz    (-0.2111)
         39   -3.0707                                                                                                                     
               832 NI37   3pz    ( 0.1271) 868 NI38   2px    ( 0.1547) 869 NI38   3px    (-0.3530) 870 NI38   *px    (-0.1110)
               873 NI38   3py    (-0.1675) 876 NI38   2pz    (-0.3301) 877 NI38   3pz    ( 0.7529) 878 NI38   *pz    ( 0.2368)
      
         40   -3.0674                                                                                                                     
               824 NI37   3px    ( 0.1199) 832 NI37   3pz    ( 0.1096) 868 NI38   2px    (-0.2955) 869 NI38   3px    ( 0.6738)
               870 NI38   *px    ( 0.2118) 872 NI38   2py    (-0.1585) 873 NI38   3py    ( 0.3613) 874 NI38   *py    ( 0.1135)
               876 NI38   2pz    (-0.1595) 877 NI38   3pz    ( 0.3638) 878 NI38   *pz    ( 0.1141)
         41   -3.0609                                                                                                                     
               823 NI37   2px    (-0.2247) 824 NI37   3px    ( 0.5122) 825 NI37   *px    ( 0.1615) 827 NI37   2py    ( 0.2628)
               828 NI37   3py    (-0.5990) 829 NI37   *py    (-0.1890) 869 NI38   3px    ( 0.1079) 872 NI38   2py    ( 0.1454)
               873 NI38   3py    (-0.3314) 874 NI38   *py    (-0.1045)
         42   -3.0584                                                                                                                     
               824 NI37   3px    (-0.2214) 827 NI37   2py    (-0.1134) 828 NI37   3py    ( 0.2585) 868 NI38   2px    (-0.1704)
               869 NI38   3px    ( 0.3883) 870 NI38   *px    ( 0.1226) 872 NI38   2py    ( 0.3022) 873 NI38   3py    (-0.6887)
               874 NI38   *py    (-0.2174)
         43   -1.2269                                                                                                                     
                 3 C1     *s     ( 0.1125)   4 C1     *s     ( 0.1070)  34 C2     *s     ( 0.1110)  35 C2     *s     ( 0.1056)
                65 C3     *s     ( 0.1022)  96 C4     *s     ( 0.1113)  97 C4     *s     ( 0.1057) 127 C5     *s     ( 0.1119)
               128 C5     *s     ( 0.1062) 158 C6     *s     ( 0.1040)
         44   -1.1864                                                                                                                     
                 5 C1     *s     (-0.1039)  36 C2     *s     (-0.1019)  70 C3     *px    ( 0.1176)  98 C4     *s     ( 0.1005)
               129 C5     *s     ( 0.1019) 163 C6     *px    ( 0.1125) 189 C7     *s     (-0.1029) 220 C8     *s     (-0.1001)
               282 C10    *s     ( 0.1007) 313 C11    *s     ( 0.1016)
         45   -1.1703                                                                                                                     
                11 C1     *py    (-0.1264)  39 C2     *px    ( 0.1072)  65 C3     *s     ( 0.1041)  67 C3     *s     ( 0.1365)
               104 C4     *py    (-0.1116) 158 C6     *s     (-0.1029) 160 C6     *s     (-0.1358) 251 C9     *s     ( 0.1131)
               252 C9     *s     ( 0.1037) 344 C12    *s     (-0.1139) 345 C12    *s     (-0.1046)
         46   -1.1202                                                                                                                     
                67 C3     *s     ( 0.1349) 160 C6     *s     ( 0.1329) 252 C9     *s     ( 0.1045) 345 C12    *s     ( 0.1045)
               375 C13    *s     (-0.1145) 376 C13    *s     (-0.1073) 406 C14    *s     (-0.1108) 407 C14    *s     (-0.1043)
               561 C19    *s     (-0.1121) 562 C19    *s     (-0.1048) 592 C20    *s     (-0.1094) 593 C20    *s     (-0.1024)
      
         47   -1.1147                                                                                                                     
                 5 C1     *s     ( 0.1341)  11 C1     *py    ( 0.1540)  36 C2     *s     (-0.1350)  39 C2     *px    (-0.1089)
                42 C2     *py    ( 0.1163)  98 C4     *s     ( 0.1200) 104 C4     *py    (-0.1583) 129 C5     *s     (-0.1215)
               132 C5     *px    ( 0.1167) 135 C5     *py    (-0.1100) 189 C7     *s     ( 0.1004) 190 C7     *s     ( 0.1064)
               220 C8     *s     (-0.1067) 221 C8     *s     (-0.1125) 282 C10    *s     ( 0.1009) 283 C10    *s     ( 0.1063)
               313 C11    *s     (-0.1040) 314 C11    *s     (-0.1093) 437 C15    *s     (-0.1012) 530 C18    *s     ( 0.1043)
               623 C21    *s     (-0.1026) 716 C24    *s     ( 0.1035)
         48   -1.0961                                                                                                                     
      
         49   -1.0565                                                                                                                     
               375 C13    *s     (-0.1055) 376 C13    *s     (-0.1094) 406 C14    *s     (-0.1051) 407 C14    *s     (-0.1090)
               561 C19    *s     ( 0.1068) 562 C19    *s     ( 0.1097) 592 C20    *s     ( 0.1086) 593 C20    *s     ( 0.1123)
      
         50   -1.0426                                                                                                                     
                 5 C1     *s     (-0.1686)  36 C2     *s     ( 0.1661)  67 C3     *s     (-0.1260)  98 C4     *s     ( 0.1632)
               129 C5     *s     (-0.1624) 160 C6     *s     ( 0.1267) 189 C7     *s     ( 0.1096) 190 C7     *s     ( 0.1131)
               220 C8     *s     (-0.1089) 221 C8     *s     (-0.1123) 251 C9     *s     ( 0.1127) 252 C9     *s     ( 0.1109)
               282 C10    *s     (-0.1088) 283 C10    *s     (-0.1119) 313 C11    *s     ( 0.1093) 314 C11    *s     ( 0.1128)
               344 C12    *s     (-0.1131) 345 C12    *s     (-0.1113)
         51   -1.0269                                                                                                                     
                 3 C1     *s     (-0.1252)   4 C1     *s     (-0.1349)  34 C2     *s     (-0.1207)  35 C2     *s     (-0.1299)
                96 C4     *s     ( 0.1240)  97 C4     *s     ( 0.1329) 127 C5     *s     ( 0.1216) 128 C5     *s     ( 0.1302)
      
         52   -1.0167                                                                                                                     
                65 C3     *s     ( 0.1451)  66 C3     *s     ( 0.1484) 158 C6     *s     (-0.1453) 159 C6     *s     (-0.1488)
      
         53   -0.9754                                                                                                                     
                11 C1     *py    ( 0.1127) 104 C4     *py    (-0.1148) 221 C8     *s     (-0.1048) 314 C11    *s     (-0.1032)
               375 C13    *s     ( 0.1032) 376 C13    *s     ( 0.1190) 530 C18    *s     (-0.1122) 531 C18    *s     (-0.1062)
               561 C19    *s     ( 0.1062) 562 C19    *s     ( 0.1210) 716 C24    *s     (-0.1123) 717 C24    *s     (-0.1061)
      
         54   -0.9740                                                                                                                     
                11 C1     *py    (-0.1014)  39 C2     *px    ( 0.1196) 104 C4     *py    ( 0.1064) 132 C5     *px    (-0.1283)
               190 C7     *s     (-0.1055) 282 C10    *s     (-0.1011) 283 C10    *s     (-0.1074) 406 C14    *s     ( 0.1006)
               407 C14    *s     ( 0.1156) 437 C15    *s     (-0.1092) 438 C15    *s     (-0.1041) 592 C20    *s     ( 0.1030)
               593 C20    *s     ( 0.1162) 623 C21    *s     (-0.1046) 624 C21    *s     (-0.1007)
         55   -0.8745                                                                                                                     
               252 C9     *s     (-0.1123) 345 C12    *s     ( 0.1215) 376 C13    *s     ( 0.1119) 407 C14    *s     (-0.1291)
               562 C19    *s     (-0.1020) 593 C20    *s     ( 0.1004) 623 C21    *s     (-0.1026) 624 C21    *s     (-0.1092)
      
         56   -0.8730                                                                                                                     
               190 C7     *s     ( 0.1034) 221 C8     *s     ( 0.1086) 283 C10    *s     (-0.1001) 314 C11    *s     (-0.1154)
               499 C17    *s     ( 0.1050) 500 C17    *s     ( 0.1167) 654 C22    *s     ( 0.1093) 655 C22    *s     ( 0.1221)
               686 C23    *s     (-0.1019)
         57   -0.8720                                                                                                                     
                 4 C1     *s     (-0.1074)   5 C1     *s     (-0.1912)  11 C1     *py    (-0.1656)  34 C2     *s     ( 0.1057)
                35 C2     *s     ( 0.1385)  36 C2     *s     ( 0.1862)  39 C2     *px    ( 0.1652)  70 C3     *px    ( 0.1146)
                96 C4     *s     (-0.1044)  97 C4     *s     (-0.1321)  98 C4     *s     (-0.1903) 104 C4     *py    ( 0.1815)
               128 C5     *s     ( 0.1203) 129 C5     *s     ( 0.2030) 132 C5     *px    (-0.1484) 593 C20    *s     (-0.1040)
      
         58   -0.8711                                                                                                                     
                65 C3     *s     ( 0.1166)  66 C3     *s     ( 0.1472) 158 C6     *s     ( 0.1099) 159 C6     *s     ( 0.1375)
      
         59   -0.8526                                                                                                                     
      
         60   -0.7878                                                                                                                     
                11 C1     *py    (-0.1491)  39 C2     *px    ( 0.1320)  70 C3     *px    ( 0.1408) 104 C4     *py    ( 0.1520)
               132 C5     *px    (-0.1368) 163 C6     *px    (-0.1446) 376 C13    *s     (-0.1188) 377 C13    *s     (-0.1291)
               407 C14    *s     ( 0.1207) 408 C14    *s     ( 0.1314) 438 C15    *s     (-0.1006) 439 C15    *s     (-0.1147)
               469 C16    *s     ( 0.1127) 470 C16    *s     ( 0.1263) 500 C17    *s     (-0.1114) 501 C17    *s     (-0.1250)
               531 C18    *s     ( 0.1018) 532 C18    *s     ( 0.1153) 562 C19    *s     (-0.1198) 563 C19    *s     (-0.1296)
               593 C20    *s     ( 0.1194) 594 C20    *s     ( 0.1289) 624 C21    *s     (-0.1025) 625 C21    *s     (-0.1145)
               655 C22    *s     ( 0.1110) 656 C22    *s     ( 0.1243) 686 C23    *s     (-0.1121) 687 C23    *s     (-0.1249)
               717 C24    *s     ( 0.1011) 718 C24    *s     ( 0.1126)
         61   -0.7705                                                                                                                     
                 4 C1     *s     (-0.1019)  35 C2     *s     ( 0.1031)  66 C3     *s     (-0.1141)  97 C4     *s     ( 0.1037)
               128 C5     *s     (-0.1039) 129 C5     *s     (-0.1006) 159 C6     *s     ( 0.1130)
         62   -0.7523                                                                                                                     
      
         63   -0.7482                                                                                                                     
                 5 C1     *s     (-0.1091)  36 C2     *s     ( 0.1124)  98 C4     *s     ( 0.1097) 129 C5     *s     (-0.1100)
               252 C9     *s     (-0.1160) 253 C9     *s     (-0.1151) 345 C12    *s     ( 0.1159) 346 C12    *s     ( 0.1150)
      
         64   -0.7326                                                                                                                     
                 9 C1     2py    ( 0.1113) 102 C4     2py    ( 0.1120)
         65   -0.7081                                                                                                                     
      
         66   -0.6655                                                                                                                     
                66 C3     *s     ( 0.1028) 159 C6     *s     ( 0.1027) 378 C13    2px    (-0.1175) 409 C14    2px    (-0.1050)
               564 C19    2px    ( 0.1113) 595 C20    2px    ( 0.1082)
         67   -0.6552                                                                                                                     
                 4 C1     *s     ( 0.1039)   5 C1     *s     ( 0.1293)  35 C2     *s     (-0.1025)  36 C2     *s     (-0.1218)
                97 C4     *s     ( 0.1043)  98 C4     *s     ( 0.1117) 128 C5     *s     (-0.1011) 129 C5     *s     (-0.1114)
               443 C15    2py    (-0.1190) 474 C16    2py    (-0.1064) 629 C21    2py    ( 0.1191) 660 C22    2py    ( 0.1072)
      
         68   -0.6490                                                                                                                     
                 5 C1     *s     ( 0.1730)  36 C2     *s     (-0.1852)  68 C3     2px    (-0.1130)  98 C4     *s     ( 0.1973)
               129 C5     *s     (-0.1971) 161 C6     2px    ( 0.1115) 190 C7     *s     (-0.1048) 191 C7     *s     (-0.1269)
               221 C8     *s     ( 0.1052) 222 C8     *s     ( 0.1275) 283 C10    *s     (-0.1071) 284 C10    *s     (-0.1239)
               314 C11    *s     ( 0.1025) 315 C11    *s     ( 0.1246) 377 C13    *s     ( 0.1084) 408 C14    *s     (-0.1038)
               563 C19    *s     ( 0.1047) 594 C20    *s     (-0.1042)
         69   -0.6454                                                                                                                     
               381 C13    2py    ( 0.1303) 382 C13    *py    ( 0.1023) 412 C14    2py    (-0.1446) 413 C14    *py    (-0.1151)
               567 C19    2py    ( 0.1241) 598 C20    2py    (-0.1393) 599 C20    *py    (-0.1112)
         70   -0.6428                                                                                                                     
                 9 C1     2py    ( 0.1170) 102 C4     2py    (-0.1177) 252 C9     *s     ( 0.1256) 345 C12    *s     ( 0.1259)
      
         71   -0.6398                                                                                                                     
               440 C15    2px    ( 0.1357) 441 C15    *px    ( 0.1045) 471 C16    2px    (-0.1218) 505 C17    2py    ( 0.1030)
               536 C18    2py    (-0.1140) 626 C21    2px    ( 0.1356) 627 C21    *px    ( 0.1044) 657 C22    2px    (-0.1226)
               691 C23    2py    ( 0.1030) 722 C24    2py    (-0.1135)
         72   -0.6022                                                                                                                     
                12 C1     2pz    ( 0.1008)  43 C2     2pz    ( 0.1019)  44 C2     *pz    ( 0.1006) 136 C5     2pz    ( 0.1005)
               253 C9     *s     (-0.1043) 346 C12    *s     (-0.1022)
         73   -0.5994                                                                                                                     
                 5 C1     *s     ( 0.2225)  36 C2     *s     (-0.1284)  98 C4     *s     (-0.2353) 129 C5     *s     ( 0.1244)
               135 C5     *py    ( 0.1211) 164 C6     2py    ( 0.1268) 165 C6     *py    ( 0.1017) 166 C6     *py    (-0.1085)
               346 C12    *s     (-0.1255) 629 C21    2py    ( 0.1373) 752 H26    *s     (-0.1050) 794 H33    *s     (-0.1090)
      
         74   -0.5990                                                                                                                     
                36 C2     *s     ( 0.2041)  37 C2     2px    (-0.1317)  38 C2     *px    (-0.1059)  68 C3     2px    ( 0.1330)
                69 C3     *px    ( 0.1069) 129 C5     *s     (-0.2044) 130 C5     2px    (-0.1266) 131 C5     *px    (-0.1036)
               161 C6     2px    ( 0.1286) 162 C6     *px    ( 0.1026) 378 C13    2px    (-0.1280) 379 C13    *px    (-0.1076)
               533 C18    2px    ( 0.1253) 564 C19    2px    (-0.1143) 719 C24    2px    ( 0.1096) 746 H25    *s     (-0.1002)
      
         75   -0.5969                                                                                                                     
               443 C15    2py    ( 0.1048) 598 C20    2py    (-0.1102)
         76   -0.5896                                                                                                                     
                 9 C1     2py    ( 0.1030)  40 C2     2py    (-0.1244) 102 C4     2py    ( 0.1028) 133 C5     2py    (-0.1209)
               474 C16    2py    (-0.1212) 660 C22    2py    (-0.1171)
         77   -0.5739                                                                                                                     
               253 C9     *s     (-0.1062) 346 C12    *s     (-0.1079) 381 C13    2py    ( 0.1349) 382 C13    *py    ( 0.1100)
               412 C14    2py    (-0.1178) 440 C15    2px    ( 0.1046) 567 C19    2py    (-0.1341) 568 C19    *py    (-0.1085)
               598 C20    2py    ( 0.1178) 626 C21    2px    (-0.1015)
         78   -0.5689                                                                                                                     
                 8 C1     *px    ( 0.1152)  11 C1     *py    (-0.1372)  42 C2     *py    (-0.1728) 104 C4     *py    ( 0.1440)
               135 C5     *py    ( 0.1585) 440 C15    2px    (-0.1313) 441 C15    *px    (-0.1006) 471 C16    2px    ( 0.1433)
               472 C16    *px    ( 0.1125) 505 C17    2py    ( 0.1316) 506 C17    *py    ( 0.1025) 536 C18    2py    (-0.1235)
               626 C21    2px    ( 0.1341) 627 C21    *px    ( 0.1029) 657 C22    2px    (-0.1453) 658 C22    *px    (-0.1135)
               691 C23    2py    (-0.1340) 692 C23    *py    (-0.1041) 722 C24    2py    ( 0.1259)
         79   -0.5552                                                                                                                     
               198 C7     2pz    (-0.1063) 199 C7     *pz    (-0.1038) 229 C8     2pz    (-0.1008) 322 C11    2pz    ( 0.1078)
               323 C11    *pz    ( 0.1049)
         80   -0.5426                                                                                                                     
                 5 C1     *s     (-0.1523)  36 C2     *s     ( 0.1555) 223 C8     2px    (-0.1180) 378 C13    2px    (-0.1128)
               409 C14    2px    ( 0.1165) 502 C17    2px    ( 0.1011) 533 C18    2px    (-0.1091) 629 C21    2py    ( 0.1131)
               660 C22    2py    (-0.1093) 746 H25    *s     (-0.1101) 752 H26    *s     ( 0.1115) 776 H30    *s     ( 0.1042)
               794 H33    *s     (-0.1027)
         81   -0.5417                                                                                                                     
                 5 C1     *s     ( 0.1122)  36 C2     *s     (-0.1108)  98 C4     *s     (-0.1801) 129 C5     *s     ( 0.1881)
               316 C11    2px    ( 0.1099) 443 C15    2py    (-0.1099) 474 C16    2py    ( 0.1112) 564 C19    2px    ( 0.1105)
               595 C20    2px    (-0.1086) 688 C23    2px    (-0.1030) 719 C24    2px    ( 0.1053) 758 H27    *s     (-0.1016)
               782 H31    *s     (-0.1078) 788 H32    *s     ( 0.1091) 812 H36    *s     ( 0.1024)
         82   -0.5319                                                                                                                     
      
         83   -0.5276                                                                                                                     
               195 C7     2py    ( 0.1003) 288 C10    2py    ( 0.1015) 536 C18    2py    (-0.1131) 722 C24    2py    (-0.1110)
      
         84   -0.5181                                                                                                                     
                71 C3     2py    (-0.1074) 164 C6     2py    (-0.1100)
         85   -0.5159                                                                                                                     
               254 C9     2px    ( 0.1236) 347 C12    2px    ( 0.1233) 470 C16    *s     ( 0.1193) 471 C16    2px    (-0.1013)
               501 C17    *s     (-0.1186) 502 C17    2px    (-0.1201) 533 C18    2px    ( 0.1038) 656 C22    *s     (-0.1189)
               687 C23    *s     ( 0.1210) 688 C23    2px    (-0.1201) 719 C24    2px    ( 0.1035)
         86   -0.4825                                                                                                                     
               835 NI37   3d2-   (-0.2718) 836 NI37   *d2-   (-0.1825) 837 NI37   *d2-   (-0.1189) 843 NI37   3d0    ( 0.4674)
               844 NI37   *d0    ( 0.3113) 845 NI37   *d0    ( 0.2009)
         87   -0.4749                                                                                                                     
                39 C2     *px    ( 0.1130) 843 NI37   3d0    ( 0.1506) 844 NI37   *d0    ( 0.1004) 880 NI38   3d2-   ( 0.1607)
               881 NI38   *d2-   ( 0.1078) 888 NI38   3d0    (-0.2668) 889 NI38   *d0    (-0.1777) 890 NI38   *d0    (-0.1153)
               896 NI38   3d2+   ( 0.1109)
         88   -0.4713                                                                                                                     
                37 C2     2px    ( 0.1074)  68 C3     2px    (-0.1051)  99 C4     2px    ( 0.1055) 104 C4     *py    (-0.1038)
               191 C7     *s     (-0.1556) 222 C8     *s     ( 0.1123) 284 C10    *s     (-0.1765) 285 C10    2px    (-0.1050)
               315 C11    *s     ( 0.1031) 888 NI38   3d0    ( 0.1533) 889 NI38   *d0    ( 0.1021)
         89   -0.4708                                                                                                                     
                11 C1     *py    ( 0.1435)  39 C2     *px    (-0.1265)  70 C3     *px    (-0.1343)  73 C3     *py    (-0.1049)
               104 C4     *py    (-0.1538) 129 C5     *s     ( 0.1297) 132 C5     *px    ( 0.1163) 163 C6     *px    ( 0.1244)
               843 NI37   3d0    ( 0.1118) 888 NI38   3d0    ( 0.3460) 889 NI38   *d0    ( 0.2306) 890 NI38   *d0    ( 0.1502)
      
         90   -0.4670                                                                                                                     
                11 C1     *py    ( 0.3841)  39 C2     *px    (-0.3640)  42 C2     *py    ( 0.1433)  70 C3     *px    (-0.3582)
                73 C3     *py    (-0.2421)  98 C4     *s     (-0.1426) 101 C4     *px    (-0.1164) 104 C4     *py    (-0.4057)
               129 C5     *s     ( 0.1245) 132 C5     *px    ( 0.4149) 163 C6     *px    ( 0.3930) 166 C6     *py    ( 0.1955)
               292 C10    *pz    ( 0.1004) 880 NI38   3d2-   ( 0.1536) 881 NI38   *d2-   ( 0.1029) 888 NI38   3d0    (-0.2162)
               889 NI38   *d0    (-0.1441)
         91   -0.4630                                                                                                                     
                11 C1     *py    ( 0.1396)  39 C2     *px    (-0.1539)  70 C3     *px    (-0.1611) 104 C4     *py    (-0.1722)
               132 C5     *px    ( 0.1799) 163 C6     *px    ( 0.1630) 260 C9     2pz    ( 0.1255) 261 C9     *pz    ( 0.1257)
               353 C12    2pz    ( 0.1216) 354 C12    *pz    ( 0.1216) 415 C14    2pz    (-0.1051) 416 C14    *pz    (-0.1042)
               843 NI37   3d0    (-0.1113) 880 NI38   3d2-   (-0.1010) 896 NI38   3d2+   (-0.1045)
         92   -0.4387                                                                                                                     
                67 C3     *s     ( 0.1511) 439 C15    *s     (-0.1115) 835 NI37   3d2-   ( 0.2443) 836 NI37   *d2-   ( 0.1635)
               837 NI37   *d2-   ( 0.1061) 843 NI37   3d0    ( 0.1753) 844 NI37   *d0    ( 0.1170) 851 NI37   3d2+   ( 0.2935)
               852 NI37   *d2+   ( 0.1973) 853 NI37   *d2+   ( 0.1292) 880 NI38   3d2-   (-0.1023)
         93   -0.4361                                                                                                                     
               851 NI37   3d2+   ( 0.1254) 880 NI38   3d2-   (-0.3032) 881 NI38   *d2-   (-0.2034) 882 NI38   *d2-   (-0.1327)
               888 NI38   3d0    (-0.1930) 889 NI38   *d0    (-0.1289) 896 NI38   3d2+   (-0.1079)
         94   -0.4282                                                                                                                     
                 5 C1     *s     ( 0.1004)  36 C2     *s     (-0.1146)  67 C3     *s     ( 0.1473) 132 C5     *px    ( 0.1309)
               160 C6     *s     (-0.2102) 835 NI37   3d2-   (-0.1201) 888 NI38   3d0    (-0.1083) 896 NI38   3d2+   (-0.4919)
               897 NI38   *d2+   (-0.3313) 898 NI38   *d2+   (-0.2174)
         95   -0.4270                                                                                                                     
                67 C3     *s     ( 0.1153) 835 NI37   3d2-   ( 0.2641) 836 NI37   *d2-   ( 0.1773) 837 NI37   *d2-   ( 0.1150)
               843 NI37   3d0    ( 0.1540) 844 NI37   *d0    ( 0.1027) 880 NI38   3d2-   ( 0.3585) 881 NI38   *d2-   ( 0.2408)
               882 NI38   *d2-   ( 0.1566) 888 NI38   3d0    ( 0.1002) 896 NI38   3d2+   (-0.1244)
         96   -0.4182                                                                                                                     
                 8 C1     *px    (-0.1020)  39 C2     *px    ( 0.1043)  67 C3     *s     ( 0.1722) 160 C6     *s     (-0.1389)
               168 C6     *pz    (-0.1015) 835 NI37   3d2-   (-0.2612) 836 NI37   *d2-   (-0.1762) 837 NI37   *d2-   (-0.1164)
               851 NI37   3d2+   ( 0.3670) 852 NI37   *d2+   ( 0.2478) 853 NI37   *d2+   ( 0.1637) 880 NI38   3d2-   ( 0.1040)
      
         97   -0.3968                                                                                                                     
                 5 C1     *s     (-0.1836)  12 C1     2pz    ( 0.1142)  13 C1     *pz    ( 0.1176)  36 C2     *s     (-0.1397)
                39 C2     *px    ( 0.1170)  43 C2     2pz    ( 0.1015)  44 C2     *pz    ( 0.1049)  70 C3     *px    ( 0.1407)
                98 C4     *s     ( 0.1710) 105 C4     2pz    (-0.1245) 106 C4     *pz    (-0.1286) 129 C5     *s     ( 0.1294)
               136 C5     2pz    (-0.1018) 137 C5     *pz    (-0.1042) 163 C6     *px    ( 0.1030) 384 C13    2pz    (-0.1207)
               385 C13    *pz    (-0.1223) 415 C14    2pz    (-0.1331) 416 C14    *pz    (-0.1356) 570 C19    2pz    ( 0.1232)
               571 C19    *pz    ( 0.1253) 601 C20    2pz    ( 0.1370) 602 C20    *pz    ( 0.1393)
         98   -0.3833                                                                                                                     
                 5 C1     *s     (-0.2126)   8 C1     *px    ( 0.2009)  36 C2     *s     ( 0.2464)  39 C2     *px    (-0.1495)
                42 C2     *py    (-0.1555)  67 C3     *s     (-0.2374)  70 C3     *px    (-0.1398)  73 C3     *py    ( 0.1273)
                98 C4     *s     ( 0.1930) 101 C4     *px    ( 0.1742) 129 C5     *s     (-0.2243) 135 C5     *py    (-0.1680)
               160 C6     *s     ( 0.2479) 166 C6     *py    ( 0.1679) 191 C7     *s     (-0.1804) 198 C7     2pz    ( 0.1110)
               199 C7     *pz    ( 0.1140) 222 C8     *s     ( 0.1742) 229 C8     2pz    (-0.1117) 230 C8     *pz    (-0.1156)
               253 C9     *s     (-0.1401) 260 C9     2pz    ( 0.1267) 261 C9     *pz    ( 0.1276) 284 C10    *s     ( 0.1537)
               291 C10    2pz    (-0.1080) 292 C10    *pz    (-0.1111) 315 C11    *s     (-0.1574) 322 C11    2pz    ( 0.1065)
               323 C11    *pz    ( 0.1093) 346 C12    *s     ( 0.1311) 353 C12    2pz    (-0.1245) 354 C12    *pz    (-0.1255)
               477 C16    2pz    ( 0.1169) 478 C16    *pz    ( 0.1157) 718 C24    *s     ( 0.1069)
         99   -0.3608                                                                                                                     
               446 C15    2pz    (-0.1459) 447 C15    *pz    (-0.1452) 477 C16    2pz    (-0.1139) 478 C16    *pz    (-0.1142)
               508 C17    2pz    ( 0.1168) 509 C17    *pz    ( 0.1162) 632 C21    2pz    ( 0.1254) 633 C21    *pz    ( 0.1250)
               663 C22    2pz    ( 0.1076) 664 C22    *pz    ( 0.1077) 694 C23    2pz    (-0.1124) 695 C23    *pz    (-0.1121)
      
        100   -0.3377                                                                                                                     
                 5 C1     *s     (-0.1130)  11 C1     *py    (-0.3368)  39 C2     *px    ( 0.3005)  42 C2     *py    (-0.1666)
                67 C3     *s     (-0.1236)  70 C3     *px    ( 0.2754)  73 C3     *py    ( 0.2584)  98 C4     *s     ( 0.1682)
               101 C4     *px    ( 0.1787) 104 C4     *py    ( 0.3276) 129 C5     *s     (-0.2221) 132 C5     *px    (-0.4053)
               160 C6     *s     ( 0.1867) 163 C6     *px    (-0.3862) 284 C10    *s     ( 0.1478) 315 C11    *s     (-0.1356)
               446 C15    2pz    (-0.1033) 447 C15    *pz    (-0.1028) 477 C16    2pz    (-0.1152) 478 C16    *pz    (-0.1152)
               694 C23    2pz    ( 0.1407) 695 C23    *pz    ( 0.1411) 696 C23    *pz    ( 0.1046) 725 C24    2pz    ( 0.1503)
               726 C24    *pz    ( 0.1497) 727 C24    *pz    ( 0.1085) 839 NI37   3d1-   (-0.1432) 847 NI37   3d1+   ( 0.1103)
               884 NI38   3d1-   ( 0.1007)
        101   -0.4047                                                                                                                     
                 5 C1     *s     (-0.4260)   8 C1     *px    ( 0.2050)  11 C1     *py    (-0.1895)  36 C2     *s     ( 0.4730)
                42 C2     *py    (-0.2687)  70 C3     *px    (-0.1088)  73 C3     *py    ( 0.1178)  98 C4     *s     ( 0.3175)
               104 C4     *py    (-0.1336) 129 C5     *s     (-0.3030) 135 C5     *py    (-0.1491) 166 C6     *py    ( 0.1353)
               197 C7     *py    ( 0.1569) 225 C8     *px    (-0.1539) 253 C9     *s     (-0.1242) 346 C12    *s     ( 0.1350)
               377 C13    *s     (-0.2623) 408 C14    *s     ( 0.2377) 439 C15    *s     (-0.1195) 718 C24    *s     ( 0.1387)
               839 NI37   3d1-   ( 0.3962) 840 NI37   *d1-   ( 0.2635) 841 NI37   *d1-   ( 0.1637) 847 NI37   3d1+   (-0.3313)
               848 NI37   *d1+   (-0.2203) 849 NI37   *d1+   (-0.1364) 851 NI37   3d2+   (-0.1086)
        102   -0.3757                                                                                                                     
                 5 C1     *s     ( 0.1565)   8 C1     *px    (-0.1640)  11 C1     *py    (-0.3525)  39 C2     *px    ( 0.3080)
                67 C3     *s     ( 0.1599)  70 C3     *px    ( 0.2299) 104 C4     *py    ( 0.1277) 132 C5     *px    (-0.1039)
               160 C6     *s     (-0.3127) 163 C6     *px    (-0.1924) 166 C6     *py    (-0.2273) 167 C6     2pz    ( 0.1059)
               168 C6     *pz    ( 0.1077) 222 C8     *s     (-0.1085) 532 C18    *s     (-0.1145) 563 C19    *s     ( 0.1463)
               594 C20    *s     (-0.1563) 625 C21    *s     ( 0.1184) 835 NI37   3d2-   (-0.1156) 851 NI37   3d2+   ( 0.1503)
               852 NI37   *d2+   ( 0.1015) 884 NI38   3d1-   ( 0.3749) 885 NI38   *d1-   ( 0.2505) 886 NI38   *d1-   ( 0.1586)
               892 NI38   3d1+   (-0.1599) 893 NI38   *d1+   (-0.1067)
        103   -0.3325                                                                                                                     
                 5 C1     *s     ( 0.1365)  36 C2     *s     ( 0.1845)  39 C2     *px    (-0.1321)  67 C3     *s     (-0.3881)
                73 C3     *py    ( 0.1123)  98 C4     *s     ( 0.2110) 104 C4     *py    ( 0.1256) 129 C5     *s     ( 0.1744)
               132 C5     *px    ( 0.1122) 160 C6     *s     (-0.2821) 260 C9     2pz    ( 0.1178) 261 C9     *pz    ( 0.1199)
               290 C10    *py    (-0.1171) 384 C13    2pz    ( 0.1060) 385 C13    *pz    ( 0.1097) 415 C14    2pz    ( 0.1023)
               416 C14    *pz    ( 0.1065) 532 C18    *s     ( 0.1224) 539 C18    2pz    (-0.1181) 540 C18    *pz    (-0.1171)
               570 C19    2pz    ( 0.1178) 571 C19    *pz    ( 0.1232) 601 C20    2pz    ( 0.1200) 602 C20    *pz    ( 0.1248)
               892 NI38   3d1+   ( 0.1219)
        104   -0.3102                                                                                                                     
                 5 C1     *s     ( 0.1528)  11 C1     *py    (-0.2846)  36 C2     *s     (-0.1151)  39 C2     *px    ( 0.2718)
                67 C3     *s     ( 0.1103)  70 C3     *px    ( 0.2740)  98 C4     *s     (-0.3344) 101 C4     *px    (-0.1360)
               104 C4     *py    ( 0.4001) 129 C5     *s     ( 0.3321) 132 C5     *px    (-0.2815) 135 C5     *py    ( 0.3169)
               160 C6     *s     (-0.1314) 163 C6     *px    (-0.1803) 166 C6     *py    (-0.2358) 290 C10    *py    (-0.1380)
               318 C11    *px    ( 0.1503) 563 C19    *s     (-0.2129) 594 C20    *s     ( 0.2189) 839 NI37   3d1-   ( 0.1108)
               847 NI37   3d1+   (-0.1200) 851 NI37   3d2+   ( 0.1021) 884 NI38   3d1-   (-0.3410) 885 NI38   *d1-   (-0.2262)
               886 NI38   *d1-   (-0.1393) 892 NI38   3d1+   ( 0.1750) 893 NI38   *d1+   ( 0.1162)
        105   -0.1198                                                                                                                     
                98 C4     *s     ( 0.1264) 129 C5     *s     ( 0.1798) 884 NI38   3d1-   ( 0.2585) 885 NI38   *d1-   ( 0.1715)
               886 NI38   *d1-   ( 0.1039) 892 NI38   3d1+   ( 0.5193) 893 NI38   *d1+   ( 0.3449) 894 NI38   *d1+   ( 0.2101)
      
        106   -0.0591                                                                                                                     
                 5 C1     *s     ( 0.2095)  36 C2     *s     ( 0.1252)  67 C3     *s     (-0.1320) 439 C15    *s     ( 0.1241)
               822 NI37   *s     (-0.1764) 839 NI37   3d1-   (-0.3697) 840 NI37   *d1-   (-0.2460) 841 NI37   *d1-   (-0.1511)
               847 NI37   3d1+   (-0.4326) 848 NI37   *d1+   (-0.2877) 849 NI37   *d1+   (-0.1761)
        107   -0.0270                                                                                                                     
                 5 C1     *s     ( 0.1078)  36 C2     *s     ( 0.1035)  67 C3     *s     (-0.4109) 160 C6     *s     (-0.3985)
               377 C13    *s     (-0.1241) 408 C14    *s     (-0.1280) 563 C19    *s     (-0.1293) 594 C20    *s     (-0.1298)
               820 NI37   4s     (-0.1207) 821 NI37   *s     ( 0.1323) 822 NI37   *s     ( 0.8410) 865 NI38   4s     (-0.1246)
               866 NI38   *s     ( 0.1377) 867 NI38   *s     ( 0.8632)
        108    0.0021                                                                                                                     
                 5 C1     *s     (-0.1341)  36 C2     *s     (-0.1369)  98 C4     *s     ( 0.1011) 129 C5     *s     ( 0.1240)
               194 C7     *px    (-0.1088) 200 C7     *pz    ( 0.1512) 231 C8     *pz    ( 0.1441) 287 C10    *px    (-0.1009)
               293 C10    *pz    (-0.1509) 324 C11    *pz    (-0.1389) 479 C16    *pz    (-0.1181) 510 C17    *pz    ( 0.1218)
               665 C22    *pz    ( 0.1243) 696 C23    *pz    (-0.1170) 820 NI37   4s     ( 0.1157) 821 NI37   *s     (-0.1267)
               822 NI37   *s     (-0.7439) 865 NI38   4s     (-0.1140) 866 NI38   *s     ( 0.1278) 867 NI38   *s     ( 0.7245)
      
        109    0.0147                                                                                                                     
                 5 C1     *s     (-0.1787)   8 C1     *px    ( 0.2926)  36 C2     *s     ( 0.1219)  42 C2     *py    (-0.2933)
                67 C3     *s     (-0.1429)  73 C3     *py    ( 0.1814)  76 C3     *pz    (-0.1553)  98 C4     *s     ( 0.1663)
               101 C4     *px    ( 0.2922) 129 C5     *s     (-0.1469) 135 C5     *py    (-0.2876) 160 C6     *s     ( 0.1832)
               166 C6     *py    ( 0.1790) 169 C6     *pz    ( 0.1505) 191 C7     *s     (-0.2216) 194 C7     *px    ( 0.1898)
               197 C7     *py    (-0.1430) 200 C7     *pz    (-0.1361) 222 C8     *s     ( 0.2502) 228 C8     *py    (-0.2428)
               231 C8     *pz    ( 0.1501) 253 C9     *s     (-0.1318) 260 C9     2pz    ( 0.1291) 261 C9     *pz    ( 0.1320)
               262 C9     *pz    ( 0.1989) 284 C10    *s     ( 0.2288) 287 C10    *px    ( 0.1915) 290 C10    *py    (-0.1361)
               293 C10    *pz    ( 0.1390) 315 C11    *s     (-0.2296) 321 C11    *py    (-0.2413) 324 C11    *pz    (-0.1500)
               346 C12    *s     ( 0.1111) 353 C12    2pz    (-0.1265) 354 C12    *pz    (-0.1291) 355 C12    *pz    (-0.2001)
               384 C13    2pz    (-0.1070) 385 C13    *pz    (-0.1145) 386 C13    *pz    (-0.2200) 415 C14    2pz    ( 0.1104)
               416 C14    *pz    ( 0.1179) 417 C14    *pz    ( 0.2216) 439 C15    *s     ( 0.1759) 446 C15    2pz    (-0.1071)
               447 C15    *pz    (-0.1028) 448 C15    *pz    (-0.2053) 532 C18    *s     ( 0.1812) 539 C18    2pz    (-0.1119)
               540 C18    *pz    (-0.1075) 541 C18    *pz    (-0.2127) 570 C19    2pz    ( 0.1108) 571 C19    *pz    ( 0.1185)
               572 C19    *pz    ( 0.2233) 601 C20    2pz    (-0.1080) 602 C20    *pz    (-0.1154) 603 C20    *pz    (-0.2176)
               625 C21    *s     (-0.1872) 632 C21    2pz    ( 0.1042) 633 C21    *pz    ( 0.1002) 634 C21    *pz    ( 0.1980)
               718 C24    *s     (-0.1888) 725 C24    2pz    ( 0.1079) 726 C24    *pz    ( 0.1038) 727 C24    *pz    ( 0.2041)
      
        110    0.0357                                                                                                                     
                 5 C1     *s     ( 0.6835)   8 C1     *px    ( 0.1901)  11 C1     *py    (-0.1233)  14 C1     *pz    ( 0.1290)
                36 C2     *s     ( 0.6875)  42 C2     *py    ( 0.2190)  45 C2     *pz    ( 0.1267)  70 C3     *px    (-0.2644)
                73 C3     *py    (-0.1487)  98 C4     *s     (-0.6934) 101 C4     *px    ( 0.1906) 104 C4     *py    (-0.1268)
               107 C4     *pz    (-0.1257) 129 C5     *s     (-0.6982) 135 C5     *py    ( 0.2223) 138 C5     *pz    (-0.1264)
               163 C6     *px    (-0.2619) 166 C6     *py    (-0.1499) 191 C7     *s     (-0.3043) 194 C7     *px    ( 0.2287)
               200 C7     *pz    (-0.1284) 222 C8     *s     (-0.2978) 225 C8     *px    ( 0.1684) 228 C8     *py    ( 0.1607)
               231 C8     *pz    (-0.1248) 256 C9     *px    ( 0.1756) 259 C9     *py    ( 0.1036) 284 C10    *s     ( 0.3134)
               287 C10    *px    ( 0.2295) 293 C10    *pz    ( 0.1295) 315 C11    *s     ( 0.3092) 318 C11    *px    ( 0.1712)
               321 C11    *py    ( 0.1619) 324 C11    *pz    ( 0.1250) 349 C12    *px    ( 0.1779) 352 C12    *py    ( 0.1018)
               386 C13    *pz    ( 0.1355) 417 C14    *pz    ( 0.1427) 439 C15    *s     ( 0.1357) 470 C16    *s     (-0.2496)
               477 C16    2pz    ( 0.1044) 478 C16    *pz    ( 0.1021) 479 C16    *pz    ( 0.1862) 501 C17    *s     ( 0.2543)
               508 C17    2pz    (-0.1023) 509 C17    *pz    (-0.1003) 510 C17    *pz    (-0.1783) 532 C18    *s     (-0.1374)
               572 C19    *pz    (-0.1377) 603 C20    *pz    (-0.1422) 625 C21    *s     (-0.1425) 656 C22    *s     ( 0.2547)
               663 C22    2pz    (-0.1025) 664 C22    *pz    (-0.1004) 665 C22    *pz    (-0.1793) 687 C23    *s     (-0.2517)
               694 C23    2pz    ( 0.1049) 695 C23    *pz    ( 0.1026) 696 C23    *pz    ( 0.1868) 718 C24    *s     ( 0.1334)
               822 NI37   *s     (-0.7156) 867 NI38   *s     ( 0.7277)
        111    0.0831                                                                                                                     
                 5 C1     *s     ( 0.3947)   8 C1     *px    ( 0.1414)  12 C1     2pz    ( 0.1578)  13 C1     *pz    ( 0.1707)
                14 C1     *pz    ( 0.3009)  36 C2     *s     (-0.4282)  42 C2     *py    (-0.1779)  43 C2     2pz    (-0.1509)
                44 C2     *pz    (-0.1632)  45 C2     *pz    (-0.2860)  70 C3     *px    ( 0.2382)  73 C3     *py    ( 0.1585)
                98 C4     *s     ( 0.4093) 101 C4     *px    (-0.1378) 105 C4     2pz    ( 0.1603) 106 C4     *pz    ( 0.1735)
               107 C4     *pz    ( 0.3034) 129 C5     *s     (-0.4305) 135 C5     *py    ( 0.1698) 136 C5     2pz    (-0.1506)
               137 C5     *pz    (-0.1630) 138 C5     *pz    (-0.2850) 163 C6     *px    (-0.2372) 166 C6     *py    (-0.1529)
               194 C7     *px    ( 0.1176) 197 C7     *py    ( 0.1575) 200 C7     *pz    ( 0.1137) 225 C8     *px    (-0.2043)
               231 C8     *pz    (-0.1033) 256 C9     *px    (-0.1873) 287 C10    *px    (-0.1191) 290 C10    *py    (-0.1551)
               293 C10    *pz    ( 0.1103) 318 C11    *px    ( 0.1995) 324 C11    *pz    (-0.1050) 349 C12    *px    ( 0.1856)
               377 C13    *s     (-0.1963) 380 C13    *px    ( 0.1676) 383 C13    *py    ( 0.2181) 386 C13    *pz    (-0.3078)
               408 C14    *s     ( 0.1919) 411 C14    *px    (-0.2657) 417 C14    *pz    ( 0.3028) 448 C15    *pz    ( 0.1572)
               470 C16    *s     ( 0.1162) 479 C16    *pz    (-0.1148) 501 C17    *s     (-0.1078) 510 C17    *pz    ( 0.1448)
               541 C18    *pz    (-0.1833) 563 C19    *s     (-0.1940) 566 C19    *px    (-0.1660) 569 C19    *py    (-0.2178)
               572 C19    *pz    (-0.3086) 594 C20    *s     ( 0.1869) 597 C20    *px    ( 0.2645) 603 C20    *pz    ( 0.3052)
               634 C21    *pz    ( 0.1554) 656 C22    *s     ( 0.1127) 665 C22    *pz    (-0.1118) 687 C23    *s     (-0.1071)
               696 C23    *pz    ( 0.1427) 727 C24    *pz    (-0.1823)
        112    0.0901                                                                                                                     
                 5 C1     *s     ( 0.2831)   8 C1     *px    ( 0.1059)  11 C1     *py    (-0.1913)  14 C1     *pz    (-0.1541)
                36 C2     *s     ( 0.2546)  39 C2     *px    (-0.1021)  42 C2     *py    ( 0.1571)  45 C2     *pz    (-0.1811)
                67 C3     *s     (-1.0622)  70 C3     *px    ( 0.1835)  73 C3     *py    (-0.2802)  74 C3     2pz    ( 0.1739)
                75 C3     *pz    ( 0.1791)  76 C3     *pz    ( 0.3101)  98 C4     *s     ( 0.2876) 104 C4     *py    ( 0.1868)
               107 C4     *pz    (-0.1531) 129 C5     *s     ( 0.2414) 132 C5     *px    ( 0.1078) 135 C5     *py    (-0.1629)
               138 C5     *pz    (-0.1818) 160 C6     *s     (-1.0640) 163 C6     *px    (-0.1834) 166 C6     *py    ( 0.2844)
               167 C6     2pz    ( 0.1745) 168 C6     *pz    ( 0.1796) 169 C6     *pz    ( 0.3123) 191 C7     *s     (-0.4160)
               222 C8     *s     (-0.4098) 253 C9     *s     ( 0.6613) 256 C9     *px    ( 0.1886) 259 C9     *py    (-0.3487)
               262 C9     *pz    ( 0.1416) 284 C10    *s     (-0.4088) 315 C11    *s     (-0.4076) 346 C12    *s     ( 0.6657)
               349 C12    *px    (-0.1879) 352 C12    *py    ( 0.3497) 355 C12    *pz    ( 0.1398) 380 C13    *px    (-0.1136)
               414 C14    *py    (-0.1028) 439 C15    *s     ( 0.2414) 448 C15    *pz    ( 0.2725) 473 C16    *px    (-0.1150)
               479 C16    *pz    (-0.3091) 507 C17    *py    ( 0.1161) 510 C17    *pz    (-0.2983) 532 C18    *s     ( 0.2490)
               541 C18    *pz    ( 0.2565) 566 C19    *px    ( 0.1135) 625 C21    *s     ( 0.2412) 634 C21    *pz    ( 0.2750)
               659 C22    *px    ( 0.1144) 665 C22    *pz    (-0.3112) 693 C23    *py    (-0.1176) 696 C23    *pz    (-0.2960)
               718 C24    *s     ( 0.2512) 727 C24    *pz    ( 0.2578) 821 NI37   *s     (-0.1175) 822 NI37   *s     ( 0.1640)
               866 NI38   *s     (-0.1160) 867 NI38   *s     ( 0.1829)
        113    0.1104                                                                                                                     
                 5 C1     *s     ( 0.1923)   8 C1     *px    (-0.2920)  11 C1     *py    (-0.1063)  36 C2     *s     ( 0.1937)
                39 C2     *px    (-0.2261)  42 C2     *py    (-0.1829)  67 C3     *s     (-0.3604)  70 C3     *px    (-0.2823)
                73 C3     *py    ( 0.4769)  76 C3     *pz    ( 0.1054)  98 C4     *s     ( 0.1861) 101 C4     *px    ( 0.2789)
               129 C5     *s     ( 0.1981) 132 C5     *px    ( 0.2588) 135 C5     *py    ( 0.1970) 160 C6     *s     (-0.4032)
               163 C6     *px    ( 0.2993) 166 C6     *py    (-0.4902) 169 C6     *pz    ( 0.1053) 191 C7     *s     (-0.1120)
               197 C7     *py    (-0.1649) 198 C7     2pz    (-0.1289) 199 C7     *pz    (-0.1268) 200 C7     *pz    (-0.4223)
               222 C8     *s     (-0.1389) 225 C8     *px    (-0.1650) 229 C8     2pz    (-0.1285) 230 C8     *pz    (-0.1266)
               231 C8     *pz    (-0.4213) 253 C9     *s     (-0.4390) 259 C9     *py    ( 0.1301) 260 C9     2pz    (-0.1290)
               261 C9     *pz    (-0.1242) 262 C9     *pz    (-0.3982) 284 C10    *s     (-0.1201) 290 C10    *py    ( 0.1660)
               291 C10    2pz    (-0.1283) 292 C10    *pz    (-0.1270) 293 C10    *pz    (-0.4179) 315 C11    *s     (-0.1035)
               318 C11    *px    ( 0.1574) 322 C11    2pz    (-0.1288) 323 C11    *pz    (-0.1275) 324 C11    *pz    (-0.4175)
               346 C12    *s     (-0.4484) 352 C12    *py    (-0.1390) 353 C12    2pz    (-0.1297) 354 C12    *pz    (-0.1248)
               355 C12    *pz    (-0.4021) 376 C13    *s     (-0.1048) 377 C13    *s     ( 0.3125) 380 C13    *px    (-0.3069)
               386 C13    *pz    ( 0.1980) 407 C14    *s     (-0.1063) 408 C14    *s     ( 0.3435) 411 C14    *px    (-0.2178)
               414 C14    *py    (-0.2398) 417 C14    *pz    ( 0.1963) 439 C15    *s     (-0.1092) 448 C15    *pz    ( 0.1974)
               479 C16    *pz    ( 0.1768) 510 C17    *pz    ( 0.1777) 532 C18    *s     (-0.1108) 541 C18    *pz    ( 0.1958)
               563 C19    *s     ( 0.3431) 566 C19    *px    ( 0.2979) 572 C19    *pz    ( 0.1943) 594 C20    *s     ( 0.3210)
               597 C20    *px    ( 0.2090) 600 C20    *py    ( 0.2152) 603 C20    *pz    ( 0.1987) 634 C21    *pz    ( 0.1941)
               665 C22    *pz    ( 0.1812) 696 C23    *pz    ( 0.1782) 718 C24    *s     (-0.1143) 727 C24    *pz    ( 0.1982)
               747 H25    *s     ( 0.2254) 753 H26    *s     ( 0.2263) 783 H31    *s     ( 0.2069) 789 H32    *s     ( 0.2055)
               822 NI37   *s     (-0.1448) 867 NI38   *s     (-0.1502)
        114    0.1400                                                                                                                     
                 5 C1     *s     ( 0.5199)   8 C1     *px    ( 0.7632)  11 C1     *py    ( 0.9941)  36 C2     *s     (-0.5503)
                39 C2     *px    (-1.2557)  42 C2     *py    (-0.1839)  70 C3     *px    (-0.7348)  73 C3     *py    (-0.4489)
                98 C4     *s     ( 0.5351) 101 C4     *px    (-0.8208) 104 C4     *py    (-1.0418) 129 C5     *s     (-0.5058)
               132 C5     *px    ( 1.3444) 135 C5     *py    ( 0.1966) 163 C6     *px    ( 0.7911) 166 C6     *py    ( 0.3990)
               191 C7     *s     (-1.2839) 194 C7     *px    ( 0.5337) 197 C7     *py    (-0.5022) 222 C8     *s     ( 1.2997)
               225 C8     *px    ( 0.1664) 228 C8     *py    (-0.7074) 256 C9     *px    ( 0.1299) 284 C10    *s     (-1.3472)
               287 C10    *px    (-0.5318) 290 C10    *py    ( 0.5336) 315 C11    *s     ( 1.3501) 318 C11    *px    (-0.2016)
               321 C11    *py    ( 0.7451) 349 C12    *px    (-0.1196) 377 C13    *s     ( 0.1896) 380 C13    *px    (-0.3219)
               383 C13    *py    (-0.1129) 384 C13    2pz    (-0.1142) 385 C13    *pz    (-0.1278) 386 C13    *pz    (-0.4158)
               408 C14    *s     (-0.2098) 411 C14    *px    ( 0.2462) 414 C14    *py    ( 0.1942) 415 C14    2pz    ( 0.1130)
               416 C14    *pz    ( 0.1284) 417 C14    *pz    ( 0.4141) 439 C15    *s     ( 0.3403) 442 C15    *px    ( 0.2168)
               446 C15    2pz    (-0.1106) 447 C15    *pz    (-0.1104) 448 C15    *pz    (-0.2837) 470 C16    *s     ( 0.1075)
               477 C16    2pz    ( 0.1156) 478 C16    *pz    ( 0.1093) 479 C16    *pz    ( 0.3150) 501 C17    *s     (-0.1027)
               508 C17    2pz    (-0.1159) 509 C17    *pz    (-0.1100) 510 C17    *pz    (-0.3163) 532 C18    *s     (-0.3487)
               535 C18    *px    ( 0.1741) 538 C18    *py    ( 0.1529) 539 C18    2pz    ( 0.1113) 540 C18    *pz    ( 0.1107)
               541 C18    *pz    ( 0.2893) 563 C19    *s     ( 0.3013) 566 C19    *px    ( 0.3356) 569 C19    *py    ( 0.1150)
               570 C19    2pz    (-0.1117) 571 C19    *pz    (-0.1255) 572 C19    *pz    (-0.4036) 594 C20    *s     (-0.3057)
               597 C20    *px    (-0.2674) 600 C20    *py    (-0.2323) 601 C20    2pz    ( 0.1108) 602 C20    *pz    ( 0.1252)
               603 C20    *pz    ( 0.4014) 625 C21    *s     ( 0.3584) 628 C21    *px    (-0.2244) 632 C21    2pz    (-0.1128)
               633 C21    *pz    (-0.1119) 634 C21    *pz    (-0.2946) 663 C22    2pz    ( 0.1162) 664 C22    *pz    ( 0.1103)
               665 C22    *pz    ( 0.3186) 687 C23    *s     (-0.1287) 694 C23    2pz    (-0.1166) 695 C23    *pz    (-0.1105)
               696 C23    *pz    (-0.3178) 718 C24    *s     (-0.3498) 721 C24    *px    (-0.1967) 724 C24    *py    (-0.1547)
               725 C24    2pz    ( 0.1111) 726 C24    *pz    ( 0.1111) 727 C24    *pz    ( 0.2852) 747 H25    *s     ( 0.2971)
               753 H26    *s     (-0.2486) 759 H27    *s     (-0.2149) 777 H30    *s     ( 0.2197) 783 H31    *s     ( 0.2730)
               789 H32    *s     (-0.2669) 795 H33    *s     (-0.2143) 813 H36    *s     ( 0.2435)
        115    0.1416                                                                                                                     
                 4 C1     *s     ( 0.4335)   5 C1     *s     ( 0.7465)   7 C1     *px    ( 0.1542)   8 C1     *px    ( 0.1473)
                11 C1     *py    (-0.2733)  14 C1     *pz    (-0.1849)  35 C2     *s     ( 0.4319)  36 C2     *s     ( 0.6833)
                38 C2     *px    ( 0.1014)  39 C2     *px    (-0.1379)  41 C2     *py    ( 0.1141)  42 C2     *py    ( 0.2925)
                45 C2     *pz    (-0.1844)  66 C3     *s     ( 0.2621)  67 C3     *s     (-1.8422)  70 C3     *px    ( 0.3028)
                73 C3     *py    (-0.1137)  97 C4     *s     ( 0.3082)  98 C4     *s     ( 0.6913) 104 C4     *py    ( 0.4807)
               107 C4     *pz    (-0.1210) 128 C5     *s     ( 0.3110) 129 C5     *s     ( 0.7763) 132 C5     *px    ( 0.3838)
               135 C5     *py    (-0.1552) 138 C5     *pz    (-0.1196) 159 C6     *s     ( 0.2677) 160 C6     *s     (-1.8240)
               166 C6     *py    ( 0.2848) 190 C7     *s     ( 0.1681) 191 C7     *s     (-0.8864) 193 C7     *px    ( 0.2152)
               194 C7     *px    ( 1.0097) 210 C7     *d2+   (-0.1192) 221 C8     *s     ( 0.1712) 222 C8     *s     (-0.8799)
               224 C8     *px    ( 0.1643) 225 C8     *px    ( 0.5652) 227 C8     *py    ( 0.1471) 228 C8     *py    ( 0.8428)
               252 C9     *s     ( 0.1181) 253 C9     *s     ( 1.4942) 258 C9     *py    ( 0.1363) 259 C9     *py    (-0.2221)
               283 C10    *s     ( 0.1277) 284 C10    *s     (-0.6520) 286 C10    *px    (-0.1281) 287 C10    *px    (-0.3956)
               290 C10    *py    (-0.2844) 314 C11    *s     ( 0.1267) 315 C11    *s     (-0.7273) 318 C11    *px    (-0.4377)
               320 C11    *py    (-0.1030) 321 C11    *py    (-0.2226) 345 C12    *s     ( 0.1197) 346 C12    *s     ( 1.5066)
               348 C12    *px    ( 0.1060) 349 C12    *px    (-0.1987) 351 C12    *py    (-0.1068) 376 C13    *s     (-0.1725)
               377 C13    *s     (-1.4730) 379 C13    *px    ( 0.1501) 380 C13    *px    (-1.1216) 383 C13    *py    ( 0.3232)
               386 C13    *pz    (-0.1398) 407 C14    *s     (-0.1683) 408 C14    *s     (-1.4751) 410 C14    *px    ( 0.1635)
               411 C14    *px    (-0.2721) 414 C14    *py    (-1.1075) 417 C14    *pz    (-0.1430) 438 C15    *s     (-0.1684)
               439 C15    *s     (-0.1164) 442 C15    *px    (-0.7711) 445 C15    *py    (-0.8532) 470 C16    *s     (-1.2396)
               475 C16    *py    ( 0.1115) 476 C16    *py    ( 0.1270) 501 C17    *s     (-1.1244) 504 C17    *px    (-0.1647)
               532 C18    *s     ( 0.2171) 535 C18    *px    ( 0.7310) 562 C19    *s     (-0.1209) 563 C19    *s     (-0.7975)
               566 C19    *px    ( 0.5595) 569 C19    *py    (-0.1561) 593 C20    *s     (-0.1230) 594 C20    *s     (-0.7551)
               597 C20    *px    ( 0.1718) 600 C20    *py    ( 0.6008) 625 C21    *s     ( 0.1961) 628 C21    *px    ( 0.3836)
               631 C21    *py    ( 0.6552) 656 C22    *s     (-1.1599) 662 C22    *py    (-0.1525) 687 C23    *s     (-1.2904)
               689 C23    *px    ( 0.1331) 693 C23    *py    (-0.1027) 717 C24    *s     (-0.1771) 718 C24    *s     (-0.1113)
               720 C24    *px    ( 0.1056) 721 C24    *px    (-1.1599) 724 C24    *py    (-0.2320) 746 H25    *s     (-0.2553)
               747 H25    *s     ( 1.8954) 752 H26    *s     (-0.2526) 753 H26    *s     ( 1.8715) 758 H27    *s     (-0.1583)
               759 H27    *s     ( 1.2773) 765 H28    *s     ( 0.4428) 771 H29    *s     ( 0.3872) 777 H30    *s     ( 0.7895)
               782 H31    *s     (-0.1517) 783 H31    *s     ( 1.0165) 788 H32    *s     (-0.1540) 789 H32    *s     ( 1.0511)
               795 H33    *s     ( 0.8296) 801 H34    *s     ( 0.4218) 807 H35    *s     ( 0.4853) 812 H36    *s     (-0.1645)
               813 H36    *s     ( 1.3222) 822 NI37   *s     ( 0.2673) 834 NI37   *pz    (-0.1231) 850 NI37   *d1+   ( 0.1577)
               867 NI38   *s     ( 0.1386) 895 NI38   *d1+   (-0.1168)
        116    0.1459                                                                                                                     
                 4 C1     *s     ( 0.1646)   7 C1     *px    ( 0.1395)   8 C1     *px    ( 0.4341)  11 C1     *py    ( 0.3544)
                35 C2     *s     ( 0.1661)  38 C2     *px    ( 0.1383)  39 C2     *px    ( 0.5750)  42 C2     *py    ( 0.2005)
                67 C3     *s     ( 0.2958)  69 C3     *px    ( 0.1588)  70 C3     *px    ( 0.5737)  73 C3     *py    ( 0.3999)
                97 C4     *s     (-0.3420)  98 C4     *s     (-0.1553) 100 C4     *px    ( 0.1855) 101 C4     *px    ( 0.5040)
               104 C4     *py    ( 0.2437) 107 C4     *pz    ( 0.1627) 128 C5     *s     (-0.3408) 129 C5     *s     (-0.3056)
               131 C5     *px    ( 0.1604) 132 C5     *px    ( 0.4756) 134 C5     *py    ( 0.1279) 135 C5     *py    ( 0.2687)
               138 C5     *pz    ( 0.1593) 160 C6     *s     ( 0.2688) 162 C6     *px    ( 0.1332) 163 C6     *px    ( 0.5916)
               165 C6     *py    ( 0.1117) 166 C6     *py    ( 0.2715) 191 C7     *s     (-0.3375) 193 C7     *px    ( 0.1402)
               194 C7     *px    ( 1.1298) 197 C7     *py    (-0.3793) 222 C8     *s     (-0.3279) 224 C8     *px    ( 0.1299)
               225 C8     *px    ( 0.2234) 228 C8     *py    ( 1.1778) 253 C9     *s     (-0.2831) 255 C9     *px    ( 0.1686)
               256 C9     *px    (-0.5482) 259 C9     *py    (-0.3396) 283 C10    *s     (-0.1278) 284 C10    *s     ( 0.6172)
               286 C10    *px    ( 0.2149) 287 C10    *px    ( 1.4448) 290 C10    *py    (-0.3055) 303 C10    *d2+   ( 0.1155)
               314 C11    *s     (-0.1205) 315 C11    *s     ( 0.7202) 317 C11    *px    ( 0.1731) 318 C11    *px    ( 0.4488)
               320 C11    *py    ( 0.1552) 321 C11    *py    ( 1.4091) 346 C12    *s     (-0.3004) 348 C12    *px    ( 0.1318)
               349 C12    *px    (-0.5420) 351 C12    *py    ( 0.1264) 352 C12    *py    (-0.2823) 377 C13    *s     (-1.2331)
               380 C13    *px    (-0.9120) 383 C13    *py    ( 0.2924) 386 C13    *pz    (-0.1350) 408 C14    *s     (-1.2270)
               410 C14    *px    ( 0.1083) 411 C14    *px    (-0.1956) 414 C14    *py    (-0.9288) 417 C14    *pz    (-0.1358)
               438 C15    *s     (-0.1507) 439 C15    *s     (-0.5738) 442 C15    *px    (-0.7460) 445 C15    *py    (-0.3811)
               472 C16    *px    ( 0.1086) 473 C16    *px    (-0.3051) 501 C17    *s     ( 0.6248) 503 C17    *px    ( 0.1606)
               504 C17    *px    (-0.1684) 507 C17    *py    (-0.1648) 531 C18    *s     ( 0.2187) 532 C18    *s     ( 0.6620)
               534 C18    *px    ( 0.1240) 535 C18    *px    (-1.1190) 538 C18    *py    (-0.5152) 562 C19    *s     ( 0.1174)
               563 C19    *s     ( 1.7548) 565 C19    *px    ( 0.1464) 566 C19    *px    (-1.2242) 568 C19    *py    ( 0.1002)
               569 C19    *py    ( 0.3950) 572 C19    *pz    ( 0.1740) 593 C20    *s     ( 0.1235) 594 C20    *s     ( 1.6657)
               596 C20    *px    ( 0.1570) 597 C20    *px    (-0.3176) 600 C20    *py    (-1.3177) 603 C20    *pz    ( 0.1826)
               624 C21    *s     ( 0.2298) 625 C21    *s     ( 0.6320) 628 C21    *px    (-1.0231) 630 C21    *py    ( 0.1011)
               631 C21    *py    (-0.7605) 656 C22    *s     ( 0.6932) 658 C22    *px    ( 0.1243) 659 C22    *px    (-0.2237)
               661 C22    *py    ( 0.1211) 689 C23    *px    ( 0.1113) 690 C23    *px    (-0.1866) 693 C23    *py    (-0.2546)
               717 C24    *s     (-0.1528) 718 C24    *s     (-0.5452) 721 C24    *px    (-0.7260) 724 C24    *py    (-0.4551)
               746 H25    *s     (-0.1697) 747 H25    *s     ( 1.4612) 752 H26    *s     (-0.1686) 753 H26    *s     ( 1.4508)
               758 H27    *s     (-0.1109) 759 H27    *s     ( 0.8476) 771 H29    *s     (-0.3063) 776 H30    *s     ( 0.1753)
               777 H30    *s     (-1.3623) 782 H31    *s     ( 0.2528) 783 H31    *s     (-2.0472) 788 H32    *s     ( 0.2563)
               789 H32    *s     (-2.0957) 794 H33    *s     ( 0.1823) 795 H33    *s     (-1.4137) 801 H34    *s     (-0.3214)
               812 H36    *s     (-0.1129) 813 H36    *s     ( 0.8649) 822 NI37   *s     ( 0.2138) 846 NI37   *d0    (-0.1088)
               867 NI38   *s     (-0.2994) 879 NI38   *pz    ( 0.1354) 891 NI38   *d0    ( 0.1347) 895 NI38   *d1+   ( 0.1023)
      
--

      Von Neumann Entropy (Root   1) =  2.16011


      Mulliken population analysis for root number:  1
      -----------------------------------------------


++    Molecular charges:
      ------------------

      Mulliken charges per centre and basis function type
      ---------------------------------------------------

                C1      C2      C3      C4      C5      C6      C7      C8      C9      C10     C11     C12   
      1s       0.8547  0.8547  0.8547  0.8547  0.8547  0.8547  0.8547  0.8547  0.8547  0.8547  0.8547  0.8547
      2s       1.1233  1.1233  1.1232  1.1233  1.1233  1.1232  1.1233  1.1233  1.1232  1.1233  1.1233  1.1232
      2px      0.4567  0.4601  0.4575  0.4568  0.4600  0.4575  0.4496  0.4539  0.4649  0.4496  0.4540  0.4649
      2pz      0.3162  0.3188  0.3230  0.3177  0.3182  0.3236  0.3226  0.3227  0.3143  0.3228  0.3229  0.3136
      2py      0.4565  0.4531  0.4613  0.4563  0.4532  0.4613  0.4635  0.4592  0.4598  0.4635  0.4591  0.4599
      3s       0.0000  0.0000  0.0000  0.0000  0.0000  0.0000  0.0000  0.0000  0.0000  0.0000  0.0000  0.0000
      3px      0.0000  0.0000  0.0000  0.0000  0.0000  0.0000  0.0000  0.0000  0.0000  0.0000  0.0000  0.0000
      3pz      0.0000  0.0000  0.0000  0.0000  0.0000  0.0000  0.0000  0.0000  0.0000  0.0000  0.0000  0.0000
      3py      0.0000  0.0000  0.0000  0.0000  0.0000  0.0000  0.0000  0.0000  0.0000  0.0000  0.0000  0.0000
      4s       0.0000  0.0000  0.0000  0.0000  0.0000  0.0000  0.0000  0.0000  0.0000  0.0000  0.0000  0.0000
      3d2+     0.0000  0.0000  0.0000  0.0000  0.0000  0.0000  0.0000  0.0000  0.0000  0.0000  0.0000  0.0000
      3d1+     0.0000  0.0000  0.0000  0.0000  0.0000  0.0000  0.0000  0.0000  0.0000  0.0000  0.0000  0.0000
      3d0      0.0000  0.0000  0.0000  0.0000  0.0000  0.0000  0.0000  0.0000  0.0000  0.0000  0.0000  0.0000
      3d1-     0.0000  0.0000  0.0000  0.0000  0.0000  0.0000  0.0000  0.0000  0.0000  0.0000  0.0000  0.0000
      3d2-     0.0000  0.0000  0.0000  0.0000  0.0000  0.0000  0.0000  0.0000  0.0000  0.0000  0.0000  0.0000
      *s       1.2894  1.2889  1.3519  1.2838  1.2842  1.3520  1.0053  1.0054  1.1055  1.0072  1.0074  1.1055
      *px      0.4315  0.2647  0.4446  0.4310  0.2647  0.4447  0.3620  0.4342  0.3949  0.3626  0.4351  0.3947
      *pz      0.6395  0.6448  0.5904  0.6415  0.6429  0.5917  0.5769  0.5765  0.5851  0.5766  0.5765  0.5843
      *py      0.1469  0.3144  0.3618  0.1468  0.3145  0.3619  0.4641  0.3918  0.3891  0.4651  0.3925  0.3893
      *d2+     0.0502  0.0544  0.0602  0.0506  0.0543  0.0602  0.0421  0.0388  0.0452  0.0423  0.0390  0.0452
      *d1+     0.0250  0.0269  0.0260  0.0250  0.0269  0.0259  0.0210  0.0233  0.0270  0.0211  0.0232  0.0270
      *d0      0.0059  0.0059  0.0032  0.0059  0.0059  0.0032  0.0086  0.0087  0.0059  0.0087  0.0087  0.0059
      *d1-     0.0255  0.0236  0.0257  0.0255  0.0237  0.0257  0.0272  0.0252  0.0234  0.0274  0.0251  0.0235
      *d2-     0.0531  0.0492  0.0632  0.0532  0.0493  0.0633  0.0372  0.0405  0.0507  0.0372  0.0405  0.0507
      *f3+     0.0021  0.0021  0.0021  0.0021  0.0021  0.0021  0.0021  0.0021  0.0022  0.0021  0.0021  0.0022
      *f2+     0.0009  0.0010  0.0011  0.0009  0.0010  0.0011  0.0010  0.0007  0.0009  0.0010  0.0008  0.0009
      *f1+     0.0011  0.0010  0.0011  0.0011  0.0010  0.0011  0.0010  0.0012  0.0011  0.0010  0.0012  0.0011
      *f0      0.0018  0.0018  0.0020  0.0018  0.0018  0.0020  0.0017  0.0017  0.0020  0.0017  0.0017  0.0020
      *f1-     0.0010  0.0011  0.0011  0.0010  0.0011  0.0011  0.0013  0.0010  0.0011  0.0013  0.0010  0.0011
      *f2-     0.0009  0.0009  0.0010  0.0009  0.0009  0.0010  0.0008  0.0011  0.0010  0.0008  0.0011  0.0010
      *f3-     0.0030  0.0030  0.0032  0.0030  0.0030  0.0032  0.0029  0.0029  0.0031  0.0029  0.0029  0.0031
      Total    5.8853  5.8936  6.1584  5.8828  5.8865  6.1604  5.7690  5.7689  5.8551  5.7728  5.7729  5.8537

      N-E      0.1147  0.1064 -0.1584  0.1172  0.1135 -0.1604  0.2310  0.2311  0.1449  0.2272  0.2271  0.1463

                C13     C14     C15     C16     C17     C18     C19     C20     C21     C22     C23     C24   
      1s       0.8548  0.8548  0.8548  0.8548  0.8548  0.8548  0.8548  0.8548  0.8548  0.8548  0.8548  0.8548
      2s       1.1233  1.1233  1.1232  1.1232  1.1232  1.1232  1.1233  1.1233  1.1232  1.1232  1.1232  1.1232
      2px      0.4475  0.4493  0.4718  0.4715  0.4576  0.4520  0.4476  0.4493  0.4718  0.4715  0.4576  0.4520
      2pz      0.3139  0.3142  0.3156  0.3119  0.3114  0.3159  0.3150  0.3145  0.3151  0.3118  0.3117  0.3153
      2py      0.4578  0.4561  0.4482  0.4482  0.4622  0.4681  0.4583  0.4563  0.4482  0.4482  0.4622  0.4680
      3s       0.0000  0.0000  0.0000  0.0000  0.0000  0.0000  0.0000  0.0000  0.0000  0.0000  0.0000  0.0000
      3px      0.0000  0.0000  0.0000  0.0000  0.0000  0.0000  0.0000  0.0000  0.0000  0.0000  0.0000  0.0000
      3pz      0.0000  0.0000  0.0000  0.0000  0.0000  0.0000  0.0000  0.0000  0.0000  0.0000  0.0000  0.0000
      3py      0.0000  0.0000  0.0000  0.0000  0.0000  0.0000  0.0000  0.0000  0.0000  0.0000  0.0000  0.0000
      4s       0.0000  0.0000  0.0000  0.0000  0.0000  0.0000  0.0000  0.0000  0.0000  0.0000  0.0000  0.0000
      3d2+     0.0000  0.0000  0.0000  0.0000  0.0000  0.0000  0.0000  0.0000  0.0000  0.0000  0.0000  0.0000
      3d1+     0.0000  0.0000  0.0000  0.0000  0.0000  0.0000  0.0000  0.0000  0.0000  0.0000  0.0000  0.0000
      3d0      0.0000  0.0000  0.0000  0.0000  0.0000  0.0000  0.0000  0.0000  0.0000  0.0000  0.0000  0.0000
      3d1-     0.0000  0.0000  0.0000  0.0000  0.0000  0.0000  0.0000  0.0000  0.0000  0.0000  0.0000  0.0000
      3d2-     0.0000  0.0000  0.0000  0.0000  0.0000  0.0000  0.0000  0.0000  0.0000  0.0000  0.0000  0.0000
      *s       1.2134  1.2121  1.2431  1.2167  1.2169  1.2425  1.2124  1.2118  1.2427  1.2168  1.2168  1.2428
      *px      0.5337  0.5053  0.5060  0.5128  0.4937  0.5328  0.5330  0.5054  0.5060  0.5128  0.4937  0.5329
      *pz      0.6345  0.6357  0.6527  0.6537  0.6527  0.6535  0.6369  0.6352  0.6516  0.6536  0.6534  0.6519
      *py      0.4919  0.5199  0.5191  0.5127  0.5319  0.4922  0.4923  0.5198  0.5190  0.5127  0.5319  0.4921
      *d2+     0.0278  0.0284  0.0278  0.0280  0.0315  0.0311  0.0279  0.0285  0.0278  0.0280  0.0315  0.0311
      *d1+     0.0120  0.0209  0.0242  0.0235  0.0205  0.0067  0.0119  0.0210  0.0242  0.0233  0.0204  0.0067
      *d0      0.0101  0.0101  0.0052  0.0048  0.0048  0.0052  0.0101  0.0101  0.0052  0.0048  0.0048  0.0052
      *d1-     0.0267  0.0177  0.0111  0.0102  0.0132  0.0285  0.0268  0.0178  0.0111  0.0101  0.0131  0.0285
      *d2-     0.0268  0.0260  0.0330  0.0321  0.0286  0.0297  0.0269  0.0264  0.0330  0.0321  0.0286  0.0297
      *f3+     0.0019  0.0019  0.0019  0.0019  0.0019  0.0019  0.0019  0.0019  0.0019  0.0019  0.0019  0.0019
      *f2+     0.0005  0.0009  0.0009  0.0009  0.0008  0.0003  0.0005  0.0009  0.0009  0.0009  0.0008  0.0003
      *f1+     0.0009  0.0009  0.0009  0.0009  0.0009  0.0009  0.0008  0.0010  0.0009  0.0009  0.0009  0.0009
      *f0      0.0014  0.0014  0.0016  0.0016  0.0016  0.0016  0.0014  0.0014  0.0016  0.0016  0.0016  0.0016
      *f1-     0.0009  0.0008  0.0009  0.0008  0.0009  0.0010  0.0009  0.0008  0.0009  0.0008  0.0009  0.0010
      *f2-     0.0011  0.0006  0.0006  0.0005  0.0005  0.0011  0.0011  0.0006  0.0006  0.0005  0.0005  0.0011
      *f3-     0.0017  0.0017  0.0019  0.0020  0.0020  0.0019  0.0017  0.0017  0.0019  0.0020  0.0020  0.0019
      Total    6.1824  6.1819  6.2444  6.2127  6.2115  6.2448  6.1852  6.1823  6.2423  6.2123  6.2122  6.2429

      N-E     -0.1824 -0.1819 -0.2444 -0.2127 -0.2115 -0.2448 -0.1852 -0.1823 -0.2423 -0.2123 -0.2122 -0.2429

                H25     H26     H27     H28     H29     H30     H31     H32     H33     H34     H35     H36   
      1s       0.2626  0.2626  0.2635  0.2638  0.2638  0.2635  0.2627  0.2627  0.2635  0.2638  0.2638  0.2635
      2s       0.0000  0.0000  0.0000  0.0000  0.0000  0.0000  0.0000  0.0000  0.0000  0.0000  0.0000  0.0000
      2px      0.0000  0.0000  0.0000  0.0000  0.0000  0.0000  0.0000  0.0000  0.0000  0.0000  0.0000  0.0000
      2pz      0.0000  0.0000  0.0000  0.0000  0.0000  0.0000  0.0000  0.0000  0.0000  0.0000  0.0000  0.0000
      2py      0.0000  0.0000  0.0000  0.0000  0.0000  0.0000  0.0000  0.0000  0.0000  0.0000  0.0000  0.0000
      3s       0.0000  0.0000  0.0000  0.0000  0.0000  0.0000  0.0000  0.0000  0.0000  0.0000  0.0000  0.0000
      3px      0.0000  0.0000  0.0000  0.0000  0.0000  0.0000  0.0000  0.0000  0.0000  0.0000  0.0000  0.0000
      3pz      0.0000  0.0000  0.0000  0.0000  0.0000  0.0000  0.0000  0.0000  0.0000  0.0000  0.0000  0.0000
      3py      0.0000  0.0000  0.0000  0.0000  0.0000  0.0000  0.0000  0.0000  0.0000  0.0000  0.0000  0.0000
      4s       0.0000  0.0000  0.0000  0.0000  0.0000  0.0000  0.0000  0.0000  0.0000  0.0000  0.0000  0.0000
      3d2+     0.0000  0.0000  0.0000  0.0000  0.0000  0.0000  0.0000  0.0000  0.0000  0.0000  0.0000  0.0000
      3d1+     0.0000  0.0000  0.0000  0.0000  0.0000  0.0000  0.0000  0.0000  0.0000  0.0000  0.0000  0.0000
      3d0      0.0000  0.0000  0.0000  0.0000  0.0000  0.0000  0.0000  0.0000  0.0000  0.0000  0.0000  0.0000
      3d1-     0.0000  0.0000  0.0000  0.0000  0.0000  0.0000  0.0000  0.0000  0.0000  0.0000  0.0000  0.0000
      3d2-     0.0000  0.0000  0.0000  0.0000  0.0000  0.0000  0.0000  0.0000  0.0000  0.0000  0.0000  0.0000
      *s       0.5668  0.5668  0.5809  0.5780  0.5780  0.5810  0.5673  0.5672  0.5810  0.5780  0.5780  0.5810
      *px      0.0166  0.0066  0.0061  0.0061  0.0064  0.0163  0.0166  0.0066  0.0061  0.0061  0.0064  0.0163
      *pz      0.0044  0.0044  0.0041  0.0042  0.0042  0.0041  0.0044  0.0044  0.0041  0.0042  0.0042  0.0041
      *py      0.0030  0.0131  0.0131  0.0130  0.0127  0.0029  0.0030  0.0131  0.0131  0.0130  0.0127  0.0029
      *d2+     0.0000  0.0000  0.0000  0.0000  0.0000  0.0000  0.0000  0.0000  0.0000  0.0000  0.0000  0.0000
      *d1+     0.0000  0.0000  0.0000  0.0000  0.0000  0.0000  0.0000  0.0000  0.0000  0.0000  0.0000  0.0000
      *d0      0.0000  0.0000  0.0000  0.0000  0.0000  0.0000  0.0000  0.0000  0.0000  0.0000  0.0000  0.0000
      *d1-     0.0000  0.0000  0.0000  0.0000  0.0000  0.0000  0.0000  0.0000  0.0000  0.0000  0.0000  0.0000
      *d2-     0.0000  0.0000  0.0000  0.0000  0.0000  0.0000  0.0000  0.0000  0.0000  0.0000  0.0000  0.0000
      *f3+     0.0000  0.0000  0.0000  0.0000  0.0000  0.0000  0.0000  0.0000  0.0000  0.0000  0.0000  0.0000
      *f2+     0.0000  0.0000  0.0000  0.0000  0.0000  0.0000  0.0000  0.0000  0.0000  0.0000  0.0000  0.0000
      *f1+     0.0000  0.0000  0.0000  0.0000  0.0000  0.0000  0.0000  0.0000  0.0000  0.0000  0.0000  0.0000
      *f0      0.0000  0.0000  0.0000  0.0000  0.0000  0.0000  0.0000  0.0000  0.0000  0.0000  0.0000  0.0000
      *f1-     0.0000  0.0000  0.0000  0.0000  0.0000  0.0000  0.0000  0.0000  0.0000  0.0000  0.0000  0.0000
      *f2-     0.0000  0.0000  0.0000  0.0000  0.0000  0.0000  0.0000  0.0000  0.0000  0.0000  0.0000  0.0000
      *f3-     0.0000  0.0000  0.0000  0.0000  0.0000  0.0000  0.0000  0.0000  0.0000  0.0000  0.0000  0.0000
      Total    0.8535  0.8535  0.8677  0.8651  0.8651  0.8678  0.8541  0.8540  0.8678  0.8651  0.8651  0.8677

      N-E      0.1465  0.1465  0.1323  0.1349  0.1349  0.1322  0.1459  0.1460  0.1322  0.1349  0.1349  0.1323

                NI37    NI38  
      1s       1.9997  1.9997
      2s       2.0007  2.0007
      2px      1.9958  1.9958
      2pz      1.9958  1.9958
      2py      1.9957  1.9958
      3s       1.1581  1.1582
      3px      1.5692  1.5695
      3pz      1.5738  1.5737
      3py      1.5676  1.5675
      4s       0.8150  0.8148
      3d2+     0.9340  0.9389
      3d1+     0.7276  0.6155
      3d0      0.9882  0.9808
      3d1-     0.7997  0.9059
      3d2-     0.9552  0.9576
      *s       1.1436  1.1529
      *px      0.4881  0.4894
      *pz      0.5373  0.5366
      *py      0.4808  0.4811
      *d2+     0.9893  0.9908
      *d1+     0.7245  0.6172
      *d0      0.9925  0.9910
      *d1-     0.7955  0.8965
      *d2-     0.9933  0.9923
      *f3+     0.0000  0.0000
      *f2+     0.0000  0.0000
      *f1+     0.0000  0.0000
      *f0      0.0000  0.0001
      *f1-     0.0000  0.0000
      *f2-     0.0000  0.0000
      *f3-     0.0000  0.0000
      Total   28.2211 28.2179

      N-E     -0.2211 -0.2179

      Total electronic charge=  212.000000

      Total            charge=   -0.000000
--



      Expectation values of various properties for root number:  1
      -----------------------------------------------------------


++    Molecular properties:
      ---------------------

      Charge (e):
                      =   -0.0000
      Dipole Moment (Debye):
      Origin of the operator (Ang)=    0.0000    0.0000    0.0000
                   X=  1.2868E-01               Y= -4.4011E-02               Z= -8.4424E+00           Total=  8.4435E+00
      Quadrupole Moment (Debye*Ang):
      Origin of the operator (Ang)=    0.0000   -0.0000    0.5165
                  XX= -1.3930E+02              XY= -1.7623E+00              XZ=  1.4164E-02              YY= -1.3721E+02
                  YZ=  3.6009E-02              ZZ= -2.0138E+02
      In traceless form (Debye*Ang)
                  XX=  2.9993E+01              XY= -2.6435E+00              XZ=  2.1246E-02              YY=  3.3136E+01
                  YZ=  5.4014E-02              ZZ= -6.3128E+01
--


      Mulliken spin population analysis for root number:  1
      ---------------------------------------------------


++    Molecular charges:
      ------------------

      Mulliken spin population per centre and basis function type
      ---------------------------------------------------

                C1      C2      C3      C4      C5      C6      C7      C8      C9      C10     C11     C12   
      1s       0.0001  0.0000  0.0000  0.0001  0.0001  0.0000  0.0000  0.0000  0.0000  0.0000  0.0000  0.0000
      2s      -0.0001 -0.0001 -0.0000 -0.0001 -0.0001 -0.0000 -0.0000 -0.0000 -0.0000 -0.0000 -0.0000 -0.0000
      2px      0.0001  0.0004  0.0001  0.0000  0.0005  0.0002  0.0004  0.0004  0.0000  0.0003  0.0003  0.0000
      2pz      0.0049  0.0024  0.0021  0.0034  0.0030  0.0019  0.0095  0.0094 -0.0003  0.0086  0.0089  0.0007
      2py      0.0005  0.0001  0.0001  0.0006  0.0001  0.0001  0.0000  0.0001  0.0000  0.0001  0.0001  0.0000
      3s       0.0000  0.0000  0.0000  0.0000  0.0000  0.0000  0.0000  0.0000  0.0000  0.0000  0.0000  0.0000
      3px      0.0000  0.0000  0.0000  0.0000  0.0000  0.0000  0.0000  0.0000  0.0000  0.0000  0.0000  0.0000
      3pz      0.0000  0.0000  0.0000  0.0000  0.0000  0.0000  0.0000  0.0000  0.0000  0.0000  0.0000  0.0000
      3py      0.0000  0.0000  0.0000  0.0000  0.0000  0.0000  0.0000  0.0000  0.0000  0.0000  0.0000  0.0000
      4s       0.0000  0.0000  0.0000  0.0000  0.0000  0.0000  0.0000  0.0000  0.0000  0.0000  0.0000  0.0000
      3d2+     0.0000  0.0000  0.0000  0.0000  0.0000  0.0000  0.0000  0.0000  0.0000  0.0000  0.0000  0.0000
      3d1+     0.0000  0.0000  0.0000  0.0000  0.0000  0.0000  0.0000  0.0000  0.0000  0.0000  0.0000  0.0000
      3d0      0.0000  0.0000  0.0000  0.0000  0.0000  0.0000  0.0000  0.0000  0.0000  0.0000  0.0000  0.0000
      3d1-     0.0000  0.0000  0.0000  0.0000  0.0000  0.0000  0.0000  0.0000  0.0000  0.0000  0.0000  0.0000
      3d2-     0.0000  0.0000  0.0000  0.0000  0.0000  0.0000  0.0000  0.0000  0.0000  0.0000  0.0000  0.0000
      *s       0.0037  0.0041 -0.0345  0.0003 -0.0003 -0.0346 -0.0024 -0.0021  0.0016 -0.0005 -0.0004  0.0017
      *px     -0.0008 -0.0015  0.0012 -0.0006 -0.0018  0.0011 -0.0018  0.0001 -0.0008 -0.0014  0.0000 -0.0007
      *pz      0.0061  0.0005 -0.0024  0.0021  0.0014 -0.0029 -0.0025 -0.0026 -0.0017 -0.0037 -0.0029 -0.0002
      *py     -0.0026 -0.0012  0.0010 -0.0016 -0.0008  0.0007 -0.0012 -0.0032  0.0023 -0.0013 -0.0028  0.0024
      *d2+     0.0000  0.0001  0.0000 -0.0001  0.0003  0.0000  0.0001 -0.0001 -0.0000  0.0001 -0.0001 -0.0000
      *d1+     0.0006  0.0003  0.0002  0.0006  0.0003  0.0003  0.0003  0.0003  0.0006  0.0003  0.0005  0.0006
      *d0      0.0015  0.0015  0.0005  0.0015  0.0015  0.0005  0.0003  0.0003  0.0000  0.0002  0.0003  0.0000
      *d1-     0.0002  0.0005  0.0001  0.0002  0.0005  0.0002  0.0003  0.0001  0.0003  0.0000  0.0000  0.0003
      *d2-     0.0003  0.0000  0.0000  0.0003  0.0000  0.0000 -0.0001  0.0001  0.0000 -0.0000  0.0001  0.0000
      *f3+     0.0000  0.0000  0.0000  0.0000  0.0000  0.0000  0.0000 -0.0000  0.0000 -0.0000 -0.0000 -0.0000
      *f2+     0.0000  0.0000  0.0000  0.0000  0.0000  0.0000  0.0000  0.0000  0.0000  0.0000  0.0000  0.0000
      *f1+     0.0000  0.0000  0.0000  0.0000  0.0000  0.0000  0.0000  0.0000  0.0000  0.0000  0.0000  0.0000
      *f0      0.0001  0.0001  0.0000  0.0001  0.0000  0.0000  0.0000  0.0000  0.0000  0.0000  0.0000  0.0000
      *f1-     0.0000  0.0000  0.0000  0.0000  0.0000  0.0000  0.0000  0.0000  0.0000 -0.0000  0.0000  0.0000
      *f2-     0.0000  0.0000  0.0000  0.0000  0.0000  0.0000  0.0000  0.0000  0.0000 -0.0000  0.0000  0.0000
      *f3-     0.0000  0.0000  0.0000  0.0000  0.0000  0.0000  0.0000  0.0000  0.0000  0.0000  0.0000  0.0000
      Total    0.0146  0.0073 -0.0315  0.0067  0.0048 -0.0325  0.0030  0.0028  0.0021  0.0026  0.0040  0.0049

                C13     C14     C15     C16     C17     C18     C19     C20     C21     C22     C23     C24   
      1s       0.0001  0.0001  0.0000  0.0000  0.0000  0.0000  0.0001  0.0001  0.0000  0.0000  0.0000  0.0000
      2s      -0.0001 -0.0001 -0.0000 -0.0000 -0.0000 -0.0000 -0.0001 -0.0001 -0.0000 -0.0000 -0.0000 -0.0000
      2px      0.0007  0.0001  0.0000  0.0000  0.0000  0.0000  0.0005  0.0001  0.0000  0.0000  0.0000  0.0000
      2pz      0.0038  0.0034  0.0005  0.0028  0.0031 -0.0003  0.0024  0.0034  0.0009  0.0031  0.0033  0.0009
      2py      0.0004  0.0009  0.0000  0.0000  0.0000 -0.0000  0.0001  0.0007  0.0000  0.0000  0.0000  0.0000
      3s       0.0000  0.0000  0.0000  0.0000  0.0000  0.0000  0.0000  0.0000  0.0000  0.0000  0.0000  0.0000
      3px      0.0000  0.0000  0.0000  0.0000  0.0000  0.0000  0.0000  0.0000  0.0000  0.0000  0.0000  0.0000
      3pz      0.0000  0.0000  0.0000  0.0000  0.0000  0.0000  0.0000  0.0000  0.0000  0.0000  0.0000  0.0000
      3py      0.0000  0.0000  0.0000  0.0000  0.0000  0.0000  0.0000  0.0000  0.0000  0.0000  0.0000  0.0000
      4s       0.0000  0.0000  0.0000  0.0000  0.0000  0.0000  0.0000  0.0000  0.0000  0.0000  0.0000  0.0000
      3d2+     0.0000  0.0000  0.0000  0.0000  0.0000  0.0000  0.0000  0.0000  0.0000  0.0000  0.0000  0.0000
      3d1+     0.0000  0.0000  0.0000  0.0000  0.0000  0.0000  0.0000  0.0000  0.0000  0.0000  0.0000  0.0000
      3d0      0.0000  0.0000  0.0000  0.0000  0.0000  0.0000  0.0000  0.0000  0.0000  0.0000  0.0000  0.0000
      3d1-     0.0000  0.0000  0.0000  0.0000  0.0000  0.0000  0.0000  0.0000  0.0000  0.0000  0.0000  0.0000
      3d2-     0.0000  0.0000  0.0000  0.0000  0.0000  0.0000  0.0000  0.0000  0.0000  0.0000  0.0000  0.0000
      *s      -0.0214 -0.0194 -0.0064  0.0022  0.0023 -0.0064 -0.0212 -0.0220 -0.0064  0.0023  0.0021 -0.0062
      *px     -0.0004 -0.0001 -0.0005 -0.0003  0.0002 -0.0007 -0.0003 -0.0004 -0.0005 -0.0003  0.0002 -0.0006
      *pz      0.0016  0.0014 -0.0007  0.0076  0.0081 -0.0022 -0.0024 -0.0005  0.0003  0.0081  0.0085 -0.0000
      *py      0.0003  0.0007 -0.0020  0.0004 -0.0001 -0.0018  0.0001  0.0001 -0.0020  0.0004 -0.0001 -0.0018
      *d2+     0.0001  0.0000  0.0001  0.0000 -0.0000  0.0000  0.0002 -0.0000  0.0001  0.0000  0.0000 -0.0000
      *d1+     0.0000  0.0006  0.0010  0.0000 -0.0001  0.0000  0.0002  0.0004  0.0010  0.0001  0.0001  0.0000
      *d0      0.0020  0.0020  0.0001  0.0000  0.0000  0.0001  0.0020  0.0020  0.0001  0.0000  0.0000  0.0001
      *d1-     0.0004  0.0000  0.0005 -0.0000 -0.0000  0.0013  0.0003 -0.0000  0.0004  0.0000  0.0001  0.0015
      *d2-     0.0000  0.0005 -0.0000 -0.0000 -0.0000  0.0000  0.0000  0.0002 -0.0000 -0.0000  0.0000  0.0000
      *f3+     0.0000  0.0000 -0.0000  0.0000  0.0000 -0.0000  0.0000  0.0000  0.0000  0.0000  0.0000  0.0000
      *f2+     0.0000  0.0000  0.0000  0.0000 -0.0000  0.0000  0.0000  0.0000  0.0000  0.0000  0.0000  0.0000
      *f1+     0.0001  0.0000  0.0000  0.0000 -0.0000  0.0000  0.0001  0.0000  0.0000  0.0000  0.0000  0.0000
      *f0      0.0000  0.0000  0.0000 -0.0000 -0.0000  0.0000  0.0000  0.0000  0.0000 -0.0000 -0.0000  0.0000
      *f1-     0.0000  0.0001  0.0000  0.0000  0.0000  0.0000  0.0000  0.0001  0.0000  0.0000  0.0000  0.0000
      *f2-     0.0000  0.0000  0.0000 -0.0000  0.0000  0.0000  0.0000  0.0000  0.0000  0.0000  0.0000  0.0001
      *f3-     0.0000  0.0000  0.0000  0.0000  0.0000  0.0000  0.0000 -0.0000  0.0000  0.0000  0.0000  0.0000
      Total   -0.0123 -0.0097 -0.0074  0.0128  0.0135 -0.0098 -0.0179 -0.0159 -0.0060  0.0138  0.0142 -0.0060

                H25     H26     H27     H28     H29     H30     H31     H32     H33     H34     H35     H36   
      1s       0.0001  0.0002  0.0000  0.0000  0.0000  0.0000  0.0001  0.0001  0.0000  0.0000  0.0000  0.0000
      2s       0.0000  0.0000  0.0000  0.0000  0.0000  0.0000  0.0000  0.0000  0.0000  0.0000  0.0000  0.0000
      2px      0.0000  0.0000  0.0000  0.0000  0.0000  0.0000  0.0000  0.0000  0.0000  0.0000  0.0000  0.0000
      2pz      0.0000  0.0000  0.0000  0.0000  0.0000  0.0000  0.0000  0.0000  0.0000  0.0000  0.0000  0.0000
      2py      0.0000  0.0000  0.0000  0.0000  0.0000  0.0000  0.0000  0.0000  0.0000  0.0000  0.0000  0.0000
      3s       0.0000  0.0000  0.0000  0.0000  0.0000  0.0000  0.0000  0.0000  0.0000  0.0000  0.0000  0.0000
      3px      0.0000  0.0000  0.0000  0.0000  0.0000  0.0000  0.0000  0.0000  0.0000  0.0000  0.0000  0.0000
      3pz      0.0000  0.0000  0.0000  0.0000  0.0000  0.0000  0.0000  0.0000  0.0000  0.0000  0.0000  0.0000
      3py      0.0000  0.0000  0.0000  0.0000  0.0000  0.0000  0.0000  0.0000  0.0000  0.0000  0.0000  0.0000
      4s       0.0000  0.0000  0.0000  0.0000  0.0000  0.0000  0.0000  0.0000  0.0000  0.0000  0.0000  0.0000
      3d2+     0.0000  0.0000  0.0000  0.0000  0.0000  0.0000  0.0000  0.0000  0.0000  0.0000  0.0000  0.0000
      3d1+     0.0000  0.0000  0.0000  0.0000  0.0000  0.0000  0.0000  0.0000  0.0000  0.0000  0.0000  0.0000
      3d0      0.0000  0.0000  0.0000  0.0000  0.0000  0.0000  0.0000  0.0000  0.0000  0.0000  0.0000  0.0000
      3d1-     0.0000  0.0000  0.0000  0.0000  0.0000  0.0000  0.0000  0.0000  0.0000  0.0000  0.0000  0.0000
      3d2-     0.0000  0.0000  0.0000  0.0000  0.0000  0.0000  0.0000  0.0000  0.0000  0.0000  0.0000  0.0000
      *s      -0.0019 -0.0019  0.0000 -0.0000 -0.0000 -0.0000 -0.0019 -0.0019 -0.0000 -0.0000 -0.0000  0.0000
      *px      0.0000  0.0000  0.0000  0.0000  0.0000  0.0000  0.0000  0.0000  0.0000  0.0000  0.0000  0.0000
      *pz      0.0001  0.0001  0.0000  0.0001  0.0001 -0.0000  0.0001  0.0001  0.0000  0.0001  0.0001  0.0000
      *py      0.0000  0.0000  0.0000  0.0000  0.0000  0.0000  0.0000  0.0000  0.0000  0.0000  0.0000 -0.0000
      *d2+     0.0000  0.0000  0.0000  0.0000  0.0000  0.0000  0.0000  0.0000  0.0000  0.0000  0.0000  0.0000
      *d1+     0.0000  0.0000  0.0000  0.0000  0.0000  0.0000  0.0000  0.0000  0.0000  0.0000  0.0000  0.0000
      *d0      0.0000  0.0000  0.0000  0.0000  0.0000  0.0000  0.0000  0.0000  0.0000  0.0000  0.0000  0.0000
      *d1-     0.0000  0.0000  0.0000  0.0000  0.0000  0.0000  0.0000  0.0000  0.0000  0.0000  0.0000  0.0000
      *d2-     0.0000  0.0000  0.0000  0.0000  0.0000  0.0000  0.0000  0.0000  0.0000  0.0000  0.0000  0.0000
      *f3+     0.0000  0.0000  0.0000  0.0000  0.0000  0.0000  0.0000  0.0000  0.0000  0.0000  0.0000  0.0000
      *f2+     0.0000  0.0000  0.0000  0.0000  0.0000  0.0000  0.0000  0.0000  0.0000  0.0000  0.0000  0.0000
      *f1+     0.0000  0.0000  0.0000  0.0000  0.0000  0.0000  0.0000  0.0000  0.0000  0.0000  0.0000  0.0000
      *f0      0.0000  0.0000  0.0000  0.0000  0.0000  0.0000  0.0000  0.0000  0.0000  0.0000  0.0000  0.0000
      *f1-     0.0000  0.0000  0.0000  0.0000  0.0000  0.0000  0.0000  0.0000  0.0000  0.0000  0.0000  0.0000
      *f2-     0.0000  0.0000  0.0000  0.0000  0.0000  0.0000  0.0000  0.0000  0.0000  0.0000  0.0000  0.0000
      *f3-     0.0000  0.0000  0.0000  0.0000  0.0000  0.0000  0.0000  0.0000  0.0000  0.0000  0.0000  0.0000
      Total   -0.0016 -0.0016  0.0000  0.0000  0.0000  0.0000 -0.0016 -0.0017  0.0000  0.0000  0.0000  0.0000

                NI37    NI38  
      1s       0.0000  0.0000
      2s       0.0001  0.0001
      2px      0.0000  0.0000
      2pz      0.0000  0.0000
      2py      0.0000  0.0000
      3s       0.0071  0.0071
      3px      0.0002  0.0002
      3pz      0.0026  0.0026
      3py      0.0001  0.0001
      4s      -0.0118 -0.0117
      3d2+     0.0025 -0.0001
      3d1+     0.2798  0.3945
      3d0      0.0016  0.0056
      3d1-     0.2031  0.0963
      3d2-     0.0005  0.0003
      *s       1.0214  1.0286
      *px      0.0021  0.0023
      *pz      0.0516  0.0514
      *py      0.0006  0.0008
      *d2+     0.0026 -0.0000
      *d1+     0.2570  0.3651
      *d0      0.0021  0.0059
      *d1-     0.1871  0.0881
      *d2-     0.0003  0.0003
      *f3+    -0.0000 -0.0000
      *f2+     0.0000  0.0000
      *f1+    -0.0000  0.0000
      *f0      0.0000  0.0000
      *f1-     0.0000 -0.0000
      *f2-     0.0000  0.0000
      *f3-     0.0000  0.0000
      Total    2.0107  2.0374

      Total electronic spin=    4.000000
--


      Von Neumann Entropy (Root   2) =  2.37565


      Mulliken population analysis for root number:  2
      -----------------------------------------------


++    Molecular charges:
      ------------------

      Mulliken charges per centre and basis function type
      ---------------------------------------------------

                C1      C2      C3      C4      C5      C6      C7      C8      C9      C10     C11     C12   
      1s       0.8546  0.8547  0.8547  0.8546  0.8546  0.8547  0.8547  0.8547  0.8547  0.8547  0.8547  0.8547
      2s       1.1233  1.1233  1.1232  1.1233  1.1233  1.1232  1.1233  1.1233  1.1232  1.1233  1.1233  1.1232
      2px      0.4567  0.4600  0.4575  0.4568  0.4599  0.4575  0.4496  0.4540  0.4649  0.4496  0.4541  0.4649
      2pz      0.3206  0.3239  0.3331  0.3212  0.3213  0.3353  0.3221  0.3216  0.3424  0.3216  0.3218  0.3415
      2py      0.4565  0.4532  0.4614  0.4563  0.4532  0.4613  0.4636  0.4592  0.4600  0.4635  0.4591  0.4600
      3s       0.0000  0.0000  0.0000  0.0000  0.0000  0.0000  0.0000  0.0000  0.0000  0.0000  0.0000  0.0000
      3px      0.0000  0.0000  0.0000  0.0000  0.0000  0.0000  0.0000  0.0000  0.0000  0.0000  0.0000  0.0000
      3pz      0.0000  0.0000  0.0000  0.0000  0.0000  0.0000  0.0000  0.0000  0.0000  0.0000  0.0000  0.0000
      3py      0.0000  0.0000  0.0000  0.0000  0.0000  0.0000  0.0000  0.0000  0.0000  0.0000  0.0000  0.0000
      4s       0.0000  0.0000  0.0000  0.0000  0.0000  0.0000  0.0000  0.0000  0.0000  0.0000  0.0000  0.0000
      3d2+     0.0000  0.0000  0.0000  0.0000  0.0000  0.0000  0.0000  0.0000  0.0000  0.0000  0.0000  0.0000
      3d1+     0.0000  0.0000  0.0000  0.0000  0.0000  0.0000  0.0000  0.0000  0.0000  0.0000  0.0000  0.0000
      3d0      0.0000  0.0000  0.0000  0.0000  0.0000  0.0000  0.0000  0.0000  0.0000  0.0000  0.0000  0.0000
      3d1-     0.0000  0.0000  0.0000  0.0000  0.0000  0.0000  0.0000  0.0000  0.0000  0.0000  0.0000  0.0000
      3d2-     0.0000  0.0000  0.0000  0.0000  0.0000  0.0000  0.0000  0.0000  0.0000  0.0000  0.0000  0.0000
      *s       1.2981  1.2973  1.3491  1.2927  1.2926  1.3491  1.0039  1.0036  1.1056  1.0043  1.0048  1.1055
      *px      0.4298  0.2663  0.4442  0.4299  0.2658  0.4445  0.3658  0.4349  0.3964  0.3658  0.4358  0.3963
      *pz      0.6459  0.6525  0.6090  0.6459  0.6465  0.6131  0.5897  0.5886  0.6319  0.5855  0.5861  0.6305
      *py      0.1469  0.3115  0.3621  0.1467  0.3121  0.3621  0.4643  0.3950  0.3901  0.4651  0.3952  0.3902
      *d2+     0.0502  0.0543  0.0602  0.0506  0.0543  0.0602  0.0421  0.0388  0.0452  0.0423  0.0390  0.0452
      *d1+     0.0252  0.0288  0.0271  0.0251  0.0289  0.0269  0.0215  0.0285  0.0271  0.0214  0.0282  0.0270
      *d0      0.0052  0.0052  0.0032  0.0053  0.0053  0.0032  0.0088  0.0089  0.0059  0.0089  0.0089  0.0059
      *d1-     0.0273  0.0232  0.0281  0.0268  0.0234  0.0280  0.0326  0.0259  0.0243  0.0326  0.0256  0.0247
      *d2-     0.0530  0.0492  0.0633  0.0532  0.0493  0.0633  0.0372  0.0405  0.0507  0.0372  0.0405  0.0507
      *f3+     0.0021  0.0021  0.0021  0.0021  0.0021  0.0021  0.0022  0.0022  0.0022  0.0022  0.0022  0.0022
      *f2+     0.0009  0.0010  0.0011  0.0009  0.0010  0.0011  0.0010  0.0009  0.0008  0.0010  0.0009  0.0008
      *f1+     0.0011  0.0010  0.0011  0.0011  0.0010  0.0011  0.0010  0.0012  0.0011  0.0010  0.0012  0.0011
      *f0      0.0018  0.0018  0.0020  0.0018  0.0018  0.0020  0.0017  0.0017  0.0019  0.0017  0.0017  0.0019
      *f1-     0.0010  0.0011  0.0011  0.0010  0.0011  0.0011  0.0013  0.0010  0.0011  0.0013  0.0010  0.0011
      *f2-     0.0010  0.0009  0.0011  0.0010  0.0009  0.0011  0.0009  0.0011  0.0010  0.0009  0.0011  0.0010
      *f3-     0.0030  0.0030  0.0032  0.0030  0.0030  0.0032  0.0029  0.0029  0.0031  0.0029  0.0029  0.0031
      Total    5.9042  5.9144  6.1879  5.8992  5.9014  6.1941  5.7902  5.7884  5.9340  5.7868  5.7881  5.9318

      N-E      0.0958  0.0856 -0.1879  0.1008  0.0986 -0.1941  0.2098  0.2116  0.0660  0.2132  0.2119  0.0682

                C13     C14     C15     C16     C17     C18     C19     C20     C21     C22     C23     C24   
      1s       0.8547  0.8547  0.8548  0.8548  0.8548  0.8548  0.8547  0.8547  0.8548  0.8548  0.8548  0.8548
      2s       1.1233  1.1234  1.1232  1.1232  1.1232  1.1232  1.1233  1.1233  1.1232  1.1232  1.1232  1.1232
      2px      0.4480  0.4502  0.4719  0.4715  0.4576  0.4520  0.4480  0.4501  0.4719  0.4715  0.4576  0.4520
      2pz      0.3360  0.3371  0.3354  0.3095  0.3092  0.3353  0.3364  0.3354  0.3343  0.3101  0.3094  0.3356
      2py      0.4583  0.4562  0.4482  0.4482  0.4622  0.4682  0.4587  0.4563  0.4483  0.4482  0.4622  0.4681
      3s       0.0000  0.0000  0.0000  0.0000  0.0000  0.0000  0.0000  0.0000  0.0000  0.0000  0.0000  0.0000
      3px      0.0000  0.0000  0.0000  0.0000  0.0000  0.0000  0.0000  0.0000  0.0000  0.0000  0.0000  0.0000
      3pz      0.0000  0.0000  0.0000  0.0000  0.0000  0.0000  0.0000  0.0000  0.0000  0.0000  0.0000  0.0000
      3py      0.0000  0.0000  0.0000  0.0000  0.0000  0.0000  0.0000  0.0000  0.0000  0.0000  0.0000  0.0000
      4s       0.0000  0.0000  0.0000  0.0000  0.0000  0.0000  0.0000  0.0000  0.0000  0.0000  0.0000  0.0000
      3d2+     0.0000  0.0000  0.0000  0.0000  0.0000  0.0000  0.0000  0.0000  0.0000  0.0000  0.0000  0.0000
      3d1+     0.0000  0.0000  0.0000  0.0000  0.0000  0.0000  0.0000  0.0000  0.0000  0.0000  0.0000  0.0000
      3d0      0.0000  0.0000  0.0000  0.0000  0.0000  0.0000  0.0000  0.0000  0.0000  0.0000  0.0000  0.0000
      3d1-     0.0000  0.0000  0.0000  0.0000  0.0000  0.0000  0.0000  0.0000  0.0000  0.0000  0.0000  0.0000
      3d2-     0.0000  0.0000  0.0000  0.0000  0.0000  0.0000  0.0000  0.0000  0.0000  0.0000  0.0000  0.0000
      *s       1.2250  1.2233  1.2495  1.2155  1.2159  1.2481  1.2214  1.2214  1.2483  1.2159  1.2157  1.2492
      *px      0.5355  0.5074  0.5060  0.5127  0.4938  0.5332  0.5345  0.5072  0.5059  0.5127  0.4937  0.5334
      *pz      0.6867  0.6904  0.6923  0.6477  0.6477  0.6921  0.6860  0.6842  0.6901  0.6495  0.6477  0.6927
      *py      0.4926  0.5204  0.5209  0.5125  0.5315  0.4932  0.4929  0.5202  0.5205  0.5126  0.5315  0.4934
      *d2+     0.0280  0.0284  0.0277  0.0280  0.0315  0.0311  0.0280  0.0285  0.0277  0.0280  0.0315  0.0311
      *d1+     0.0119  0.0221  0.0237  0.0289  0.0252  0.0070  0.0117  0.0221  0.0237  0.0287  0.0251  0.0070
      *d0      0.0088  0.0088  0.0052  0.0048  0.0048  0.0052  0.0090  0.0089  0.0052  0.0048  0.0048  0.0052
      *d1-     0.0289  0.0185  0.0114  0.0115  0.0152  0.0279  0.0287  0.0185  0.0113  0.0114  0.0152  0.0280
      *d2-     0.0268  0.0261  0.0330  0.0321  0.0287  0.0297  0.0268  0.0265  0.0330  0.0321  0.0287  0.0297
      *f3+     0.0019  0.0019  0.0019  0.0019  0.0019  0.0019  0.0019  0.0019  0.0019  0.0019  0.0019  0.0019
      *f2+     0.0005  0.0010  0.0009  0.0010  0.0010  0.0003  0.0005  0.0010  0.0009  0.0010  0.0010  0.0003
      *f1+     0.0008  0.0009  0.0009  0.0009  0.0009  0.0009  0.0008  0.0009  0.0009  0.0009  0.0009  0.0009
      *f0      0.0014  0.0014  0.0016  0.0016  0.0016  0.0016  0.0014  0.0014  0.0016  0.0016  0.0016  0.0016
      *f1-     0.0009  0.0008  0.0009  0.0009  0.0009  0.0010  0.0009  0.0008  0.0009  0.0009  0.0009  0.0010
      *f2-     0.0011  0.0006  0.0005  0.0005  0.0005  0.0011  0.0011  0.0006  0.0005  0.0005  0.0005  0.0011
      *f3-     0.0017  0.0017  0.0019  0.0020  0.0020  0.0019  0.0017  0.0017  0.0019  0.0020  0.0020  0.0019
      Total    6.2729  6.2752  6.3119  6.2098  6.2099  6.3095  6.2685  6.2657  6.3070  6.2124  6.2098  6.3120

      N-E     -0.2729 -0.2752 -0.3119 -0.2098 -0.2099 -0.3095 -0.2685 -0.2657 -0.3070 -0.2124 -0.2098 -0.3120

                H25     H26     H27     H28     H29     H30     H31     H32     H33     H34     H35     H36   
      1s       0.2626  0.2626  0.2635  0.2638  0.2638  0.2635  0.2627  0.2627  0.2635  0.2638  0.2638  0.2635
      2s       0.0000  0.0000  0.0000  0.0000  0.0000  0.0000  0.0000  0.0000  0.0000  0.0000  0.0000  0.0000
      2px      0.0000  0.0000  0.0000  0.0000  0.0000  0.0000  0.0000  0.0000  0.0000  0.0000  0.0000  0.0000
      2pz      0.0000  0.0000  0.0000  0.0000  0.0000  0.0000  0.0000  0.0000  0.0000  0.0000  0.0000  0.0000
      2py      0.0000  0.0000  0.0000  0.0000  0.0000  0.0000  0.0000  0.0000  0.0000  0.0000  0.0000  0.0000
      3s       0.0000  0.0000  0.0000  0.0000  0.0000  0.0000  0.0000  0.0000  0.0000  0.0000  0.0000  0.0000
      3px      0.0000  0.0000  0.0000  0.0000  0.0000  0.0000  0.0000  0.0000  0.0000  0.0000  0.0000  0.0000
      3pz      0.0000  0.0000  0.0000  0.0000  0.0000  0.0000  0.0000  0.0000  0.0000  0.0000  0.0000  0.0000
      3py      0.0000  0.0000  0.0000  0.0000  0.0000  0.0000  0.0000  0.0000  0.0000  0.0000  0.0000  0.0000
      4s       0.0000  0.0000  0.0000  0.0000  0.0000  0.0000  0.0000  0.0000  0.0000  0.0000  0.0000  0.0000
      3d2+     0.0000  0.0000  0.0000  0.0000  0.0000  0.0000  0.0000  0.0000  0.0000  0.0000  0.0000  0.0000
      3d1+     0.0000  0.0000  0.0000  0.0000  0.0000  0.0000  0.0000  0.0000  0.0000  0.0000  0.0000  0.0000
      3d0      0.0000  0.0000  0.0000  0.0000  0.0000  0.0000  0.0000  0.0000  0.0000  0.0000  0.0000  0.0000
      3d1-     0.0000  0.0000  0.0000  0.0000  0.0000  0.0000  0.0000  0.0000  0.0000  0.0000  0.0000  0.0000
      3d2-     0.0000  0.0000  0.0000  0.0000  0.0000  0.0000  0.0000  0.0000  0.0000  0.0000  0.0000  0.0000
      *s       0.5680  0.5680  0.5810  0.5780  0.5780  0.5811  0.5682  0.5682  0.5811  0.5780  0.5780  0.5811
      *px      0.0167  0.0066  0.0061  0.0061  0.0064  0.0163  0.0167  0.0066  0.0061  0.0061  0.0064  0.0163
      *pz      0.0050  0.0050  0.0046  0.0041  0.0041  0.0046  0.0050  0.0050  0.0046  0.0041  0.0041  0.0046
      *py      0.0030  0.0131  0.0131  0.0130  0.0127  0.0029  0.0030  0.0131  0.0131  0.0130  0.0127  0.0029
      *d2+     0.0000  0.0000  0.0000  0.0000  0.0000  0.0000  0.0000  0.0000  0.0000  0.0000  0.0000  0.0000
      *d1+     0.0000  0.0000  0.0000  0.0000  0.0000  0.0000  0.0000  0.0000  0.0000  0.0000  0.0000  0.0000
      *d0      0.0000  0.0000  0.0000  0.0000  0.0000  0.0000  0.0000  0.0000  0.0000  0.0000  0.0000  0.0000
      *d1-     0.0000  0.0000  0.0000  0.0000  0.0000  0.0000  0.0000  0.0000  0.0000  0.0000  0.0000  0.0000
      *d2-     0.0000  0.0000  0.0000  0.0000  0.0000  0.0000  0.0000  0.0000  0.0000  0.0000  0.0000  0.0000
      *f3+     0.0000  0.0000  0.0000  0.0000  0.0000  0.0000  0.0000  0.0000  0.0000  0.0000  0.0000  0.0000
      *f2+     0.0000  0.0000  0.0000  0.0000  0.0000  0.0000  0.0000  0.0000  0.0000  0.0000  0.0000  0.0000
      *f1+     0.0000  0.0000  0.0000  0.0000  0.0000  0.0000  0.0000  0.0000  0.0000  0.0000  0.0000  0.0000
      *f0      0.0000  0.0000  0.0000  0.0000  0.0000  0.0000  0.0000  0.0000  0.0000  0.0000  0.0000  0.0000
      *f1-     0.0000  0.0000  0.0000  0.0000  0.0000  0.0000  0.0000  0.0000  0.0000  0.0000  0.0000  0.0000
      *f2-     0.0000  0.0000  0.0000  0.0000  0.0000  0.0000  0.0000  0.0000  0.0000  0.0000  0.0000  0.0000
      *f3-     0.0000  0.0000  0.0000  0.0000  0.0000  0.0000  0.0000  0.0000  0.0000  0.0000  0.0000  0.0000
      Total    0.8553  0.8553  0.8683  0.8650  0.8651  0.8684  0.8556  0.8555  0.8683  0.8651  0.8650  0.8683

      N-E      0.1447  0.1447  0.1317  0.1350  0.1349  0.1316  0.1444  0.1445  0.1317  0.1349  0.1350  0.1317

                NI37    NI38  
      1s       1.9997  1.9997
      2s       2.0006  2.0006
      2px      1.9958  1.9958
      2pz      1.9958  1.9958
      2py      1.9957  1.9958
      3s       1.1542  1.1551
      3px      1.5693  1.5696
      3pz      1.5724  1.5725
      3py      1.5680  1.5679
      4s       0.8217  0.8201
      3d2+     0.9405  0.9434
      3d1+     0.7331  0.6210
      3d0      0.9877  0.9804
      3d1-     0.8007  0.9058
      3d2-     0.9576  0.9592
      *s       0.6089  0.7302
      *px      0.4873  0.4886
      *pz      0.5099  0.5149
      *py      0.4786  0.4790
      *d2+     0.9896  0.9902
      *d1+     0.7290  0.6219
      *d0      0.9906  0.9893
      *d1-     0.7953  0.8953
      *d2-     0.9935  0.9922
      *f3+     0.0000  0.0000
      *f2+     0.0000  0.0000
      *f1+     0.0000  0.0000
      *f0      0.0000  0.0001
      *f1-     0.0000  0.0000
      *f2-     0.0000  0.0000
      *f3-     0.0000  0.0000
      Total   27.6754 27.7843

      N-E      0.3246  0.2157

      Total electronic charge=  212.000000

      Total            charge=   -0.000000
--



      Expectation values of various properties for root number:  2
      -----------------------------------------------------------


++    Molecular properties:
      ---------------------

      Charge (e):
                      =   -0.0000
      Dipole Moment (Debye):
      Origin of the operator (Ang)=    0.0000    0.0000    0.0000
                   X=  7.2834E-01               Y=  3.9395E-01               Z=  2.4447E+00           Total=  2.5812E+00
      Quadrupole Moment (Debye*Ang):
      Origin of the operator (Ang)=    0.0000   -0.0000    0.5165
                  XX= -1.4135E+02              XY=  5.8442E+00              XZ=  2.3063E+00              YY= -1.4802E+02
                  YZ=  1.3237E+00              ZZ= -1.8032E+02
      In traceless form (Debye*Ang)
                  XX=  2.2818E+01              XY=  8.7663E+00              XZ=  3.4595E+00              YY=  1.2812E+01
                  YZ=  1.9856E+00              ZZ= -3.5629E+01
--


      Mulliken spin population analysis for root number:  2
      ---------------------------------------------------


++    Molecular charges:
      ------------------

      Mulliken spin population per centre and basis function type
      ---------------------------------------------------

                C1      C2      C3      C4      C5      C6      C7      C8      C9      C10     C11     C12   
      1s       0.0000  0.0000  0.0000  0.0000  0.0000  0.0000  0.0000  0.0000  0.0000  0.0000  0.0000  0.0000
      2s      -0.0001 -0.0001 -0.0000 -0.0001 -0.0001 -0.0000 -0.0000 -0.0000 -0.0000 -0.0000 -0.0000 -0.0000
      2px      0.0001  0.0003  0.0001  0.0000  0.0004  0.0002  0.0004  0.0005  0.0001  0.0003  0.0004  0.0001
      2pz      0.0090  0.0071  0.0095  0.0061  0.0056  0.0108  0.0070  0.0066  0.0301  0.0081  0.0084  0.0310
      2py      0.0004  0.0001  0.0002  0.0005  0.0001  0.0002  0.0002  0.0001  0.0002  0.0002  0.0001  0.0002
      3s       0.0000  0.0000  0.0000  0.0000  0.0000  0.0000  0.0000  0.0000  0.0000  0.0000  0.0000  0.0000
      3px      0.0000  0.0000  0.0000  0.0000  0.0000  0.0000  0.0000  0.0000  0.0000  0.0000  0.0000  0.0000
      3pz      0.0000  0.0000  0.0000  0.0000  0.0000  0.0000  0.0000  0.0000  0.0000  0.0000  0.0000  0.0000
      3py      0.0000  0.0000  0.0000  0.0000  0.0000  0.0000  0.0000  0.0000  0.0000  0.0000  0.0000  0.0000
      4s       0.0000  0.0000  0.0000  0.0000  0.0000  0.0000  0.0000  0.0000  0.0000  0.0000  0.0000  0.0000
      3d2+     0.0000  0.0000  0.0000  0.0000  0.0000  0.0000  0.0000  0.0000  0.0000  0.0000  0.0000  0.0000
      3d1+     0.0000  0.0000  0.0000  0.0000  0.0000  0.0000  0.0000  0.0000  0.0000  0.0000  0.0000  0.0000
      3d0      0.0000  0.0000  0.0000  0.0000  0.0000  0.0000  0.0000  0.0000  0.0000  0.0000  0.0000  0.0000
      3d1-     0.0000  0.0000  0.0000  0.0000  0.0000  0.0000  0.0000  0.0000  0.0000  0.0000  0.0000  0.0000
      3d2-     0.0000  0.0000  0.0000  0.0000  0.0000  0.0000  0.0000  0.0000  0.0000  0.0000  0.0000  0.0000
      *s       0.0119  0.0119 -0.0367  0.0088  0.0078 -0.0368 -0.0039 -0.0036  0.0017 -0.0028 -0.0025  0.0017
      *px     -0.0020  0.0001  0.0009 -0.0025 -0.0006  0.0008  0.0017  0.0005  0.0009  0.0020  0.0006  0.0009
      *pz      0.0122  0.0078  0.0110  0.0056  0.0046  0.0135  0.0066  0.0059  0.0482  0.0076  0.0082  0.0497
      *py     -0.0020 -0.0038  0.0015 -0.0020 -0.0041  0.0014 -0.0012 -0.0001  0.0035 -0.0014  0.0000  0.0035
      *d2+     0.0000  0.0000  0.0000 -0.0001  0.0003  0.0000  0.0001 -0.0001 -0.0000  0.0001 -0.0001 -0.0000
      *d1+     0.0006  0.0017  0.0014  0.0008  0.0020  0.0013  0.0007  0.0056  0.0005  0.0005  0.0057  0.0006
      *d0      0.0008  0.0009  0.0005  0.0010  0.0010  0.0005  0.0005  0.0005  0.0000  0.0005  0.0005  0.0001
      *d1-     0.0016  0.0002  0.0024  0.0012  0.0002  0.0026  0.0062  0.0008  0.0011  0.0060  0.0009  0.0013
      *d2-     0.0003  0.0000  0.0000  0.0003  0.0000  0.0001 -0.0001  0.0000 -0.0000 -0.0001  0.0000 -0.0000
      *f3+     0.0000  0.0000  0.0000  0.0000  0.0000  0.0000  0.0000  0.0000  0.0000  0.0000  0.0000  0.0000
      *f2+     0.0000  0.0001  0.0000  0.0000  0.0001  0.0000  0.0000  0.0001  0.0000  0.0000  0.0001  0.0000
      *f1+     0.0000  0.0000  0.0000  0.0000  0.0000  0.0000  0.0000  0.0000 -0.0000  0.0000  0.0000 -0.0000
      *f0      0.0000  0.0000  0.0000  0.0000  0.0000  0.0000  0.0000  0.0000 -0.0000  0.0000  0.0000 -0.0000
      *f1-     0.0000  0.0000  0.0000  0.0000  0.0000  0.0000  0.0000  0.0000 -0.0000  0.0000  0.0000 -0.0000
      *f2-     0.0001  0.0000  0.0001  0.0000  0.0000  0.0001  0.0001  0.0000  0.0000  0.0001  0.0000  0.0000
      *f3-     0.0000  0.0000  0.0000  0.0000  0.0000  0.0000  0.0000  0.0000  0.0000  0.0000  0.0000  0.0000
      Total    0.0329  0.0265 -0.0090  0.0196  0.0175 -0.0054  0.0182  0.0169  0.0862  0.0211  0.0224  0.0890

                C13     C14     C15     C16     C17     C18     C19     C20     C21     C22     C23     C24   
      1s       0.0000  0.0001  0.0000  0.0000  0.0000  0.0000  0.0000  0.0000  0.0000  0.0000  0.0000  0.0000
      2s      -0.0001 -0.0001 -0.0000 -0.0000 -0.0000 -0.0000 -0.0001 -0.0001 -0.0000 -0.0000 -0.0000 -0.0000
      2px      0.0012  0.0009  0.0001  0.0000  0.0000  0.0000  0.0011  0.0010  0.0002  0.0000  0.0000  0.0000
      2pz      0.0265  0.0254  0.0219  0.0005  0.0007  0.0233  0.0259  0.0259  0.0236  0.0009  0.0011  0.0236
      2py      0.0008  0.0010  0.0000  0.0000  0.0000  0.0002  0.0005  0.0007  0.0000  0.0000  0.0000  0.0002
      3s       0.0000  0.0000  0.0000  0.0000  0.0000  0.0000  0.0000  0.0000  0.0000  0.0000  0.0000  0.0000
      3px      0.0000  0.0000  0.0000  0.0000  0.0000  0.0000  0.0000  0.0000  0.0000  0.0000  0.0000  0.0000
      3pz      0.0000  0.0000  0.0000  0.0000  0.0000  0.0000  0.0000  0.0000  0.0000  0.0000  0.0000  0.0000
      3py      0.0000  0.0000  0.0000  0.0000  0.0000  0.0000  0.0000  0.0000  0.0000  0.0000  0.0000  0.0000
      4s       0.0000  0.0000  0.0000  0.0000  0.0000  0.0000  0.0000  0.0000  0.0000  0.0000  0.0000  0.0000
      3d2+     0.0000  0.0000  0.0000  0.0000  0.0000  0.0000  0.0000  0.0000  0.0000  0.0000  0.0000  0.0000
      3d1+     0.0000  0.0000  0.0000  0.0000  0.0000  0.0000  0.0000  0.0000  0.0000  0.0000  0.0000  0.0000
      3d0      0.0000  0.0000  0.0000  0.0000  0.0000  0.0000  0.0000  0.0000  0.0000  0.0000  0.0000  0.0000
      3d1-     0.0000  0.0000  0.0000  0.0000  0.0000  0.0000  0.0000  0.0000  0.0000  0.0000  0.0000  0.0000
      3d2-     0.0000  0.0000  0.0000  0.0000  0.0000  0.0000  0.0000  0.0000  0.0000  0.0000  0.0000  0.0000
      *s      -0.0095 -0.0077 -0.0002  0.0011  0.0014 -0.0007 -0.0117 -0.0121 -0.0008  0.0014  0.0010 -0.0000
      *px      0.0012  0.0015 -0.0004 -0.0004  0.0003 -0.0002  0.0012  0.0014 -0.0004 -0.0004  0.0003 -0.0001
      *pz      0.0537  0.0521  0.0433  0.0021  0.0023  0.0457  0.0505  0.0503  0.0464  0.0028  0.0033  0.0468
      *py      0.0008  0.0011 -0.0003  0.0002 -0.0005 -0.0006  0.0007  0.0004 -0.0004  0.0003 -0.0005 -0.0004
      *d2+     0.0002  0.0000  0.0000  0.0001  0.0000  0.0000  0.0004 -0.0000  0.0000  0.0001  0.0000  0.0000
      *d1+    -0.0001  0.0017  0.0004  0.0058  0.0051  0.0003  0.0000  0.0017  0.0005  0.0061  0.0051  0.0002
      *d0      0.0007  0.0007  0.0001  0.0000  0.0000  0.0001  0.0009  0.0009  0.0001  0.0000  0.0000  0.0001
      *d1-     0.0024  0.0008  0.0006  0.0014  0.0023  0.0010  0.0025  0.0008  0.0008  0.0015  0.0024  0.0009
      *d2-    -0.0000  0.0006 -0.0000  0.0000  0.0000  0.0000 -0.0000  0.0002 -0.0000  0.0000  0.0000  0.0000
      *f3+     0.0000  0.0000  0.0000  0.0000  0.0000  0.0000  0.0000  0.0000  0.0000  0.0000  0.0000  0.0000
      *f2+     0.0000  0.0001  0.0000  0.0001  0.0001  0.0000  0.0000  0.0001  0.0000  0.0001  0.0001  0.0000
      *f1+     0.0000  0.0000  0.0000  0.0000  0.0000  0.0000  0.0001  0.0000  0.0000  0.0000  0.0000  0.0000
      *f0      0.0000  0.0000 -0.0000  0.0000  0.0000 -0.0000  0.0000  0.0000 -0.0000  0.0000  0.0000 -0.0000
      *f1-     0.0000  0.0001  0.0000  0.0000  0.0000  0.0000  0.0000  0.0000  0.0000  0.0000  0.0000  0.0000
      *f2-     0.0001  0.0001  0.0000  0.0001  0.0000  0.0000  0.0001  0.0001  0.0000  0.0001  0.0000  0.0000
      *f3-     0.0000  0.0000  0.0000  0.0000  0.0000  0.0000  0.0000  0.0000  0.0000  0.0000  0.0000  0.0000
      Total    0.0779  0.0783  0.0657  0.0109  0.0118  0.0690  0.0721  0.0714  0.0699  0.0129  0.0130  0.0713

                H25     H26     H27     H28     H29     H30     H31     H32     H33     H34     H35     H36   
      1s       0.0001  0.0001  0.0000  0.0000  0.0000  0.0000  0.0001  0.0001  0.0000  0.0000  0.0000  0.0000
      2s       0.0000  0.0000  0.0000  0.0000  0.0000  0.0000  0.0000  0.0000  0.0000  0.0000  0.0000  0.0000
      2px      0.0000  0.0000  0.0000  0.0000  0.0000  0.0000  0.0000  0.0000  0.0000  0.0000  0.0000  0.0000
      2pz      0.0000  0.0000  0.0000  0.0000  0.0000  0.0000  0.0000  0.0000  0.0000  0.0000  0.0000  0.0000
      2py      0.0000  0.0000  0.0000  0.0000  0.0000  0.0000  0.0000  0.0000  0.0000  0.0000  0.0000  0.0000
      3s       0.0000  0.0000  0.0000  0.0000  0.0000  0.0000  0.0000  0.0000  0.0000  0.0000  0.0000  0.0000
      3px      0.0000  0.0000  0.0000  0.0000  0.0000  0.0000  0.0000  0.0000  0.0000  0.0000  0.0000  0.0000
      3pz      0.0000  0.0000  0.0000  0.0000  0.0000  0.0000  0.0000  0.0000  0.0000  0.0000  0.0000  0.0000
      3py      0.0000  0.0000  0.0000  0.0000  0.0000  0.0000  0.0000  0.0000  0.0000  0.0000  0.0000  0.0000
      4s       0.0000  0.0000  0.0000  0.0000  0.0000  0.0000  0.0000  0.0000  0.0000  0.0000  0.0000  0.0000
      3d2+     0.0000  0.0000  0.0000  0.0000  0.0000  0.0000  0.0000  0.0000  0.0000  0.0000  0.0000  0.0000
      3d1+     0.0000  0.0000  0.0000  0.0000  0.0000  0.0000  0.0000  0.0000  0.0000  0.0000  0.0000  0.0000
      3d0      0.0000  0.0000  0.0000  0.0000  0.0000  0.0000  0.0000  0.0000  0.0000  0.0000  0.0000  0.0000
      3d1-     0.0000  0.0000  0.0000  0.0000  0.0000  0.0000  0.0000  0.0000  0.0000  0.0000  0.0000  0.0000
      3d2-     0.0000  0.0000  0.0000  0.0000  0.0000  0.0000  0.0000  0.0000  0.0000  0.0000  0.0000  0.0000
      *s      -0.0008 -0.0008  0.0001 -0.0000 -0.0000  0.0001 -0.0010 -0.0010  0.0001 -0.0000 -0.0000  0.0001
      *px      0.0001  0.0000  0.0000  0.0000  0.0000  0.0000  0.0001  0.0000  0.0000  0.0000  0.0000  0.0000
      *pz      0.0007  0.0007  0.0005  0.0000  0.0000  0.0006  0.0007  0.0007  0.0006  0.0000  0.0000  0.0006
      *py      0.0000  0.0000  0.0000  0.0000  0.0000  0.0000  0.0000  0.0000  0.0000  0.0000  0.0000  0.0000
      *d2+     0.0000  0.0000  0.0000  0.0000  0.0000  0.0000  0.0000  0.0000  0.0000  0.0000  0.0000  0.0000
      *d1+     0.0000  0.0000  0.0000  0.0000  0.0000  0.0000  0.0000  0.0000  0.0000  0.0000  0.0000  0.0000
      *d0      0.0000  0.0000  0.0000  0.0000  0.0000  0.0000  0.0000  0.0000  0.0000  0.0000  0.0000  0.0000
      *d1-     0.0000  0.0000  0.0000  0.0000  0.0000  0.0000  0.0000  0.0000  0.0000  0.0000  0.0000  0.0000
      *d2-     0.0000  0.0000  0.0000  0.0000  0.0000  0.0000  0.0000  0.0000  0.0000  0.0000  0.0000  0.0000
      *f3+     0.0000  0.0000  0.0000  0.0000  0.0000  0.0000  0.0000  0.0000  0.0000  0.0000  0.0000  0.0000
      *f2+     0.0000  0.0000  0.0000  0.0000  0.0000  0.0000  0.0000  0.0000  0.0000  0.0000  0.0000  0.0000
      *f1+     0.0000  0.0000  0.0000  0.0000  0.0000  0.0000  0.0000  0.0000  0.0000  0.0000  0.0000  0.0000
      *f0      0.0000  0.0000  0.0000  0.0000  0.0000  0.0000  0.0000  0.0000  0.0000  0.0000  0.0000  0.0000
      *f1-     0.0000  0.0000  0.0000  0.0000  0.0000  0.0000  0.0000  0.0000  0.0000  0.0000  0.0000  0.0000
      *f2-     0.0000  0.0000  0.0000  0.0000  0.0000  0.0000  0.0000  0.0000  0.0000  0.0000  0.0000  0.0000
      *f3-     0.0000  0.0000  0.0000  0.0000  0.0000  0.0000  0.0000  0.0000  0.0000  0.0000  0.0000  0.0000
      Total    0.0001  0.0001  0.0007 -0.0000 -0.0000  0.0007 -0.0001 -0.0001  0.0007 -0.0000 -0.0000  0.0007

                NI37    NI38  
      1s       0.0000  0.0000
      2s       0.0000  0.0001
      2px      0.0000  0.0000
      2pz      0.0000  0.0000
      2py      0.0000  0.0000
      3s       0.0030  0.0038
      3px      0.0002  0.0003
      3pz      0.0013  0.0016
      3py      0.0004  0.0005
      4s      -0.0051 -0.0063
      3d2+     0.0069  0.0046
      3d1+     0.2763  0.3901
      3d0      0.0009  0.0051
      3d1-     0.2074  0.1011
      3d2-     0.0020  0.0014
      *s       0.4843  0.6026
      *px      0.0015  0.0017
      *pz      0.0243  0.0298
      *py     -0.0012 -0.0011
      *d2+     0.0017 -0.0004
      *d1+     0.2530  0.3599
      *d0      0.0000  0.0042
      *d1-     0.1899  0.0910
      *d2-     0.0001 -0.0000
      *f3+     0.0000  0.0000
      *f2+     0.0000  0.0000
      *f1+    -0.0000  0.0000
      *f0      0.0000  0.0000
      *f1-     0.0000  0.0000
      *f2-     0.0000  0.0000
      *f3-     0.0000  0.0000
      Total    1.4470  1.5901

      Total electronic spin=    4.000000
--


      Von Neumann Entropy (Root   3) =  2.20449


      Mulliken population analysis for root number:  3
      -----------------------------------------------


++    Molecular charges:
      ------------------

      Mulliken charges per centre and basis function type
      ---------------------------------------------------

                C1      C2      C3      C4      C5      C6      C7      C8      C9      C10     C11     C12   
      1s       0.8547  0.8547  0.8547  0.8547  0.8547  0.8547  0.8547  0.8547  0.8547  0.8547  0.8547  0.8547
      2s       1.1233  1.1233  1.1232  1.1233  1.1233  1.1232  1.1233  1.1233  1.1232  1.1233  1.1233  1.1232
      2px      0.4567  0.4601  0.4574  0.4561  0.4602  0.4576  0.4496  0.4539  0.4649  0.4496  0.4541  0.4649
      2pz      0.3173  0.3192  0.3226  0.3172  0.3180  0.3229  0.3229  0.3234  0.3137  0.3190  0.3170  0.3139
      2py      0.4565  0.4531  0.4614  0.4568  0.4529  0.4613  0.4635  0.4591  0.4599  0.4632  0.4588  0.4599
      3s       0.0000  0.0000  0.0000  0.0000  0.0000  0.0000  0.0000  0.0000  0.0000  0.0000  0.0000  0.0000
      3px      0.0000  0.0000  0.0000  0.0000  0.0000  0.0000  0.0000  0.0000  0.0000  0.0000  0.0000  0.0000
      3pz      0.0000  0.0000  0.0000  0.0000  0.0000  0.0000  0.0000  0.0000  0.0000  0.0000  0.0000  0.0000
      3py      0.0000  0.0000  0.0000  0.0000  0.0000  0.0000  0.0000  0.0000  0.0000  0.0000  0.0000  0.0000
      4s       0.0000  0.0000  0.0000  0.0000  0.0000  0.0000  0.0000  0.0000  0.0000  0.0000  0.0000  0.0000
      3d2+     0.0000  0.0000  0.0000  0.0000  0.0000  0.0000  0.0000  0.0000  0.0000  0.0000  0.0000  0.0000
      3d1+     0.0000  0.0000  0.0000  0.0000  0.0000  0.0000  0.0000  0.0000  0.0000  0.0000  0.0000  0.0000
      3d0      0.0000  0.0000  0.0000  0.0000  0.0000  0.0000  0.0000  0.0000  0.0000  0.0000  0.0000  0.0000
      3d1-     0.0000  0.0000  0.0000  0.0000  0.0000  0.0000  0.0000  0.0000  0.0000  0.0000  0.0000  0.0000
      3d2-     0.0000  0.0000  0.0000  0.0000  0.0000  0.0000  0.0000  0.0000  0.0000  0.0000  0.0000  0.0000
      *s       1.2903  1.2897  1.3519  1.2882  1.2875  1.3522  1.0043  1.0043  1.1055  1.0047  1.0049  1.1055
      *px      0.4324  0.2646  0.4437  0.4306  0.2653  0.4435  0.3620  0.4345  0.3952  0.3625  0.4345  0.3951
      *pz      0.6414  0.6453  0.5894  0.6415  0.6426  0.5904  0.5764  0.5773  0.5842  0.5702  0.5655  0.5847
      *py      0.1465  0.3151  0.3612  0.1486  0.3157  0.3617  0.4643  0.3917  0.3894  0.4631  0.3915  0.3894
      *d2+     0.0503  0.0544  0.0601  0.0501  0.0542  0.0601  0.0421  0.0388  0.0452  0.0425  0.0388  0.0452
      *d1+     0.0250  0.0269  0.0260  0.0252  0.0271  0.0260  0.0212  0.0234  0.0272  0.0211  0.0237  0.0270
      *d0      0.0059  0.0059  0.0032  0.0059  0.0060  0.0032  0.0086  0.0087  0.0059  0.0084  0.0086  0.0059
      *d1-     0.0255  0.0236  0.0256  0.0253  0.0234  0.0257  0.0271  0.0253  0.0234  0.0275  0.0252  0.0234
      *d2-     0.0531  0.0492  0.0631  0.0534  0.0493  0.0631  0.0372  0.0405  0.0507  0.0372  0.0409  0.0507
      *f3+     0.0021  0.0021  0.0021  0.0021  0.0021  0.0021  0.0021  0.0021  0.0022  0.0021  0.0021  0.0022
      *f2+     0.0009  0.0010  0.0011  0.0009  0.0010  0.0011  0.0010  0.0008  0.0009  0.0011  0.0008  0.0008
      *f1+     0.0011  0.0010  0.0011  0.0010  0.0010  0.0011  0.0010  0.0012  0.0011  0.0010  0.0012  0.0011
      *f0      0.0018  0.0018  0.0020  0.0018  0.0018  0.0020  0.0017  0.0017  0.0020  0.0017  0.0017  0.0020
      *f1-     0.0010  0.0011  0.0011  0.0011  0.0011  0.0011  0.0013  0.0010  0.0011  0.0013  0.0010  0.0011
      *f2-     0.0009  0.0009  0.0010  0.0009  0.0009  0.0010  0.0008  0.0011  0.0010  0.0008  0.0011  0.0010
      *f3-     0.0030  0.0030  0.0032  0.0030  0.0030  0.0032  0.0029  0.0029  0.0031  0.0029  0.0029  0.0031
      Total    5.8896  5.8959  6.1555  5.8879  5.8910  6.1573  5.7681  5.7698  5.8545  5.7578  5.7523  5.8548

      N-E      0.1104  0.1041 -0.1555  0.1121  0.1090 -0.1573  0.2319  0.2302  0.1455  0.2422  0.2477  0.1452

                C13     C14     C15     C16     C17     C18     C19     C20     C21     C22     C23     C24   
      1s       0.8548  0.8548  0.8548  0.8548  0.8548  0.8548  0.8548  0.8548  0.8548  0.8548  0.8548  0.8548
      2s       1.1233  1.1233  1.1232  1.1232  1.1232  1.1232  1.1233  1.1233  1.1232  1.1232  1.1232  1.1232
      2px      0.4474  0.4492  0.4718  0.4715  0.4576  0.4519  0.4480  0.4485  0.4717  0.4715  0.4576  0.4520
      2pz      0.3134  0.3146  0.3165  0.3125  0.3124  0.3154  0.3162  0.3159  0.3163  0.3107  0.3111  0.3152
      2py      0.4578  0.4561  0.4482  0.4483  0.4621  0.4679  0.4576  0.4568  0.4481  0.4482  0.4622  0.4680
      3s       0.0000  0.0000  0.0000  0.0000  0.0000  0.0000  0.0000  0.0000  0.0000  0.0000  0.0000  0.0000
      3px      0.0000  0.0000  0.0000  0.0000  0.0000  0.0000  0.0000  0.0000  0.0000  0.0000  0.0000  0.0000
      3pz      0.0000  0.0000  0.0000  0.0000  0.0000  0.0000  0.0000  0.0000  0.0000  0.0000  0.0000  0.0000
      3py      0.0000  0.0000  0.0000  0.0000  0.0000  0.0000  0.0000  0.0000  0.0000  0.0000  0.0000  0.0000
      4s       0.0000  0.0000  0.0000  0.0000  0.0000  0.0000  0.0000  0.0000  0.0000  0.0000  0.0000  0.0000
      3d2+     0.0000  0.0000  0.0000  0.0000  0.0000  0.0000  0.0000  0.0000  0.0000  0.0000  0.0000  0.0000
      3d1+     0.0000  0.0000  0.0000  0.0000  0.0000  0.0000  0.0000  0.0000  0.0000  0.0000  0.0000  0.0000
      3d0      0.0000  0.0000  0.0000  0.0000  0.0000  0.0000  0.0000  0.0000  0.0000  0.0000  0.0000  0.0000
      3d1-     0.0000  0.0000  0.0000  0.0000  0.0000  0.0000  0.0000  0.0000  0.0000  0.0000  0.0000  0.0000
      3d2-     0.0000  0.0000  0.0000  0.0000  0.0000  0.0000  0.0000  0.0000  0.0000  0.0000  0.0000  0.0000
      *s       1.2138  1.2124  1.2433  1.2166  1.2164  1.2432  1.2143  1.2103  1.2435  1.2162  1.2168  1.2430
      *px      0.5337  0.5054  0.5059  0.5127  0.4936  0.5327  0.5343  0.5034  0.5058  0.5127  0.4937  0.5329
      *pz      0.6339  0.6372  0.6551  0.6551  0.6558  0.6521  0.6430  0.6419  0.6535  0.6526  0.6526  0.6524
      *py      0.4919  0.5200  0.5192  0.5127  0.5317  0.4918  0.4912  0.5204  0.5191  0.5125  0.5318  0.4920
      *d2+     0.0278  0.0284  0.0278  0.0280  0.0314  0.0311  0.0277  0.0283  0.0278  0.0280  0.0315  0.0311
      *d1+     0.0120  0.0209  0.0244  0.0236  0.0206  0.0067  0.0119  0.0212  0.0239  0.0236  0.0204  0.0067
      *d0      0.0101  0.0101  0.0052  0.0048  0.0048  0.0052  0.0101  0.0101  0.0052  0.0048  0.0048  0.0052
      *d1-     0.0269  0.0177  0.0111  0.0101  0.0132  0.0285  0.0269  0.0176  0.0110  0.0102  0.0131  0.0286
      *d2-     0.0268  0.0260  0.0330  0.0321  0.0286  0.0297  0.0269  0.0261  0.0330  0.0321  0.0286  0.0297
      *f3+     0.0019  0.0019  0.0019  0.0019  0.0019  0.0019  0.0019  0.0019  0.0019  0.0019  0.0019  0.0019
      *f2+     0.0005  0.0009  0.0009  0.0009  0.0008  0.0003  0.0005  0.0009  0.0009  0.0009  0.0008  0.0003
      *f1+     0.0009  0.0009  0.0009  0.0009  0.0009  0.0009  0.0009  0.0009  0.0009  0.0009  0.0009  0.0009
      *f0      0.0014  0.0014  0.0016  0.0016  0.0016  0.0016  0.0014  0.0014  0.0016  0.0016  0.0016  0.0016
      *f1-     0.0009  0.0008  0.0009  0.0008  0.0009  0.0010  0.0009  0.0009  0.0009  0.0008  0.0009  0.0010
      *f2-     0.0011  0.0006  0.0006  0.0005  0.0005  0.0011  0.0011  0.0006  0.0005  0.0005  0.0005  0.0011
      *f3-     0.0017  0.0017  0.0019  0.0020  0.0020  0.0019  0.0017  0.0017  0.0019  0.0020  0.0020  0.0019
      Total    6.1819  6.1844  6.2481  6.2147  6.2148  6.2430  6.1942  6.1867  6.2456  6.2097  6.2108  6.2435

      N-E     -0.1819 -0.1844 -0.2481 -0.2147 -0.2148 -0.2430 -0.1942 -0.1867 -0.2456 -0.2097 -0.2108 -0.2435

                H25     H26     H27     H28     H29     H30     H31     H32     H33     H34     H35     H36   
      1s       0.2626  0.2626  0.2635  0.2638  0.2638  0.2635  0.2627  0.2627  0.2635  0.2638  0.2638  0.2635
      2s       0.0000  0.0000  0.0000  0.0000  0.0000  0.0000  0.0000  0.0000  0.0000  0.0000  0.0000  0.0000
      2px      0.0000  0.0000  0.0000  0.0000  0.0000  0.0000  0.0000  0.0000  0.0000  0.0000  0.0000  0.0000
      2pz      0.0000  0.0000  0.0000  0.0000  0.0000  0.0000  0.0000  0.0000  0.0000  0.0000  0.0000  0.0000
      2py      0.0000  0.0000  0.0000  0.0000  0.0000  0.0000  0.0000  0.0000  0.0000  0.0000  0.0000  0.0000
      3s       0.0000  0.0000  0.0000  0.0000  0.0000  0.0000  0.0000  0.0000  0.0000  0.0000  0.0000  0.0000
      3px      0.0000  0.0000  0.0000  0.0000  0.0000  0.0000  0.0000  0.0000  0.0000  0.0000  0.0000  0.0000
      3pz      0.0000  0.0000  0.0000  0.0000  0.0000  0.0000  0.0000  0.0000  0.0000  0.0000  0.0000  0.0000
      3py      0.0000  0.0000  0.0000  0.0000  0.0000  0.0000  0.0000  0.0000  0.0000  0.0000  0.0000  0.0000
      4s       0.0000  0.0000  0.0000  0.0000  0.0000  0.0000  0.0000  0.0000  0.0000  0.0000  0.0000  0.0000
      3d2+     0.0000  0.0000  0.0000  0.0000  0.0000  0.0000  0.0000  0.0000  0.0000  0.0000  0.0000  0.0000
      3d1+     0.0000  0.0000  0.0000  0.0000  0.0000  0.0000  0.0000  0.0000  0.0000  0.0000  0.0000  0.0000
      3d0      0.0000  0.0000  0.0000  0.0000  0.0000  0.0000  0.0000  0.0000  0.0000  0.0000  0.0000  0.0000
      3d1-     0.0000  0.0000  0.0000  0.0000  0.0000  0.0000  0.0000  0.0000  0.0000  0.0000  0.0000  0.0000
      3d2-     0.0000  0.0000  0.0000  0.0000  0.0000  0.0000  0.0000  0.0000  0.0000  0.0000  0.0000  0.0000
      *s       0.5669  0.5669  0.5809  0.5780  0.5780  0.5811  0.5674  0.5673  0.5810  0.5780  0.5780  0.5810
      *px      0.0166  0.0066  0.0061  0.0061  0.0064  0.0163  0.0166  0.0066  0.0061  0.0061  0.0064  0.0163
      *pz      0.0044  0.0044  0.0041  0.0042  0.0042  0.0041  0.0045  0.0045  0.0041  0.0042  0.0042  0.0041
      *py      0.0030  0.0131  0.0131  0.0130  0.0127  0.0029  0.0030  0.0131  0.0131  0.0130  0.0127  0.0029
      *d2+     0.0000  0.0000  0.0000  0.0000  0.0000  0.0000  0.0000  0.0000  0.0000  0.0000  0.0000  0.0000
      *d1+     0.0000  0.0000  0.0000  0.0000  0.0000  0.0000  0.0000  0.0000  0.0000  0.0000  0.0000  0.0000
      *d0      0.0000  0.0000  0.0000  0.0000  0.0000  0.0000  0.0000  0.0000  0.0000  0.0000  0.0000  0.0000
      *d1-     0.0000  0.0000  0.0000  0.0000  0.0000  0.0000  0.0000  0.0000  0.0000  0.0000  0.0000  0.0000
      *d2-     0.0000  0.0000  0.0000  0.0000  0.0000  0.0000  0.0000  0.0000  0.0000  0.0000  0.0000  0.0000
      *f3+     0.0000  0.0000  0.0000  0.0000  0.0000  0.0000  0.0000  0.0000  0.0000  0.0000  0.0000  0.0000
      *f2+     0.0000  0.0000  0.0000  0.0000  0.0000  0.0000  0.0000  0.0000  0.0000  0.0000  0.0000  0.0000
      *f1+     0.0000  0.0000  0.0000  0.0000  0.0000  0.0000  0.0000  0.0000  0.0000  0.0000  0.0000  0.0000
      *f0      0.0000  0.0000  0.0000  0.0000  0.0000  0.0000  0.0000  0.0000  0.0000  0.0000  0.0000  0.0000
      *f1-     0.0000  0.0000  0.0000  0.0000  0.0000  0.0000  0.0000  0.0000  0.0000  0.0000  0.0000  0.0000
      *f2-     0.0000  0.0000  0.0000  0.0000  0.0000  0.0000  0.0000  0.0000  0.0000  0.0000  0.0000  0.0000
      *f3-     0.0000  0.0000  0.0000  0.0000  0.0000  0.0000  0.0000  0.0000  0.0000  0.0000  0.0000  0.0000
      Total    0.8536  0.8536  0.8677  0.8651  0.8651  0.8679  0.8542  0.8540  0.8678  0.8651  0.8651  0.8677

      N-E      0.1464  0.1464  0.1323  0.1349  0.1349  0.1321  0.1458  0.1460  0.1322  0.1349  0.1349  0.1323

                NI37    NI38  
      1s       1.9997  1.9997
      2s       2.0007  2.0007
      2px      1.9958  1.9958
      2pz      1.9958  1.9958
      2py      1.9957  1.9957
      3s       1.1580  1.1582
      3px      1.5692  1.5696
      3pz      1.5738  1.5735
      3py      1.5676  1.5673
      4s       0.8152  0.8149
      3d2+     0.9343  0.9352
      3d1+     0.7252  0.9158
      3d0      0.9883  0.9828
      3d1-     0.8007  0.6405
      3d2-     0.9551  0.9574
      *s       1.1246  1.1150
      *px      0.4880  0.4909
      *pz      0.5366  0.5353
      *py      0.4807  0.4820
      *d2+     0.9894  0.9876
      *d1+     0.7221  0.8939
      *d0      0.9926  0.9929
      *d1-     0.7964  0.6500
      *d2-     0.9931  0.9922
      *f3+     0.0000  0.0000
      *f2+     0.0000  0.0000
      *f1+     0.0000  0.0000
      *f0      0.0000  0.0001
      *f1-     0.0000  0.0000
      *f2-     0.0000  0.0000
      *f3-     0.0000  0.0000
      Total   28.1986 28.2429

      N-E     -0.1986 -0.2429

      Total electronic charge=  212.000000

      Total            charge=   -0.000000
--



      Expectation values of various properties for root number:  3
      -----------------------------------------------------------


++    Molecular properties:
      ---------------------

      Charge (e):
                      =   -0.0000
      Dipole Moment (Debye):
      Origin of the operator (Ang)=    0.0000    0.0000    0.0000
                   X=  5.2607E-01               Y= -2.1449E-02               Z= -8.3321E+00           Total=  8.3487E+00
      Quadrupole Moment (Debye*Ang):
      Origin of the operator (Ang)=    0.0000   -0.0000    0.5165
                  XX= -1.3948E+02              XY= -2.4549E+00              XZ=  8.3146E-01              YY= -1.3674E+02
                  YZ=  5.5799E-01              ZZ= -2.0049E+02
      In traceless form (Debye*Ang)
                  XX=  2.9131E+01              XY= -3.6823E+00              XZ=  1.2472E+00              YY=  3.3246E+01
                  YZ=  8.3698E-01              ZZ= -6.2377E+01
--


      Mulliken spin population analysis for root number:  3
      ---------------------------------------------------


++    Molecular charges:
      ------------------

      Mulliken spin population per centre and basis function type
      ---------------------------------------------------

                C1      C2      C3      C4      C5      C6      C7      C8      C9      C10     C11     C12   
      1s       0.0001  0.0000  0.0000  0.0000  0.0000  0.0000  0.0000  0.0000  0.0000  0.0000  0.0000  0.0000
      2s      -0.0001 -0.0001 -0.0000 -0.0001 -0.0001 -0.0000 -0.0000 -0.0000 -0.0000 -0.0001 -0.0001 -0.0000
      2px      0.0001  0.0004  0.0001  0.0007  0.0002  0.0001  0.0004  0.0004  0.0000  0.0003  0.0002  0.0000
      2pz      0.0046  0.0026  0.0023  0.0029  0.0026  0.0024  0.0115  0.0109  0.0007  0.0162  0.0184  0.0017
      2py      0.0005  0.0001  0.0000  0.0001  0.0004  0.0001  0.0001  0.0001  0.0000  0.0004  0.0004  0.0000
      3s       0.0000  0.0000  0.0000  0.0000  0.0000  0.0000  0.0000  0.0000  0.0000  0.0000  0.0000  0.0000
      3px      0.0000  0.0000  0.0000  0.0000  0.0000  0.0000  0.0000  0.0000  0.0000  0.0000  0.0000  0.0000
      3pz      0.0000  0.0000  0.0000  0.0000  0.0000  0.0000  0.0000  0.0000  0.0000  0.0000  0.0000  0.0000
      3py      0.0000  0.0000  0.0000  0.0000  0.0000  0.0000  0.0000  0.0000  0.0000  0.0000  0.0000  0.0000
      4s       0.0000  0.0000  0.0000  0.0000  0.0000  0.0000  0.0000  0.0000  0.0000  0.0000  0.0000  0.0000
      3d2+     0.0000  0.0000  0.0000  0.0000  0.0000  0.0000  0.0000  0.0000  0.0000  0.0000  0.0000  0.0000
      3d1+     0.0000  0.0000  0.0000  0.0000  0.0000  0.0000  0.0000  0.0000  0.0000  0.0000  0.0000  0.0000
      3d0      0.0000  0.0000  0.0000  0.0000  0.0000  0.0000  0.0000  0.0000  0.0000  0.0000  0.0000  0.0000
      3d1-     0.0000  0.0000  0.0000  0.0000  0.0000  0.0000  0.0000  0.0000  0.0000  0.0000  0.0000  0.0000
      3d2-     0.0000  0.0000  0.0000  0.0000  0.0000  0.0000  0.0000  0.0000  0.0000  0.0000  0.0000  0.0000
      *s       0.0042  0.0046 -0.0340  0.0064  0.0069 -0.0343 -0.0033 -0.0028  0.0015 -0.0023 -0.0019  0.0016
      *px     -0.0002 -0.0016  0.0006  0.0004 -0.0023 -0.0004 -0.0016  0.0004 -0.0004 -0.0021  0.0014 -0.0003
      *pz      0.0055  0.0008 -0.0021  0.0031  0.0033 -0.0019  0.0011 -0.0001 -0.0002  0.0065  0.0119  0.0012
      *py     -0.0028 -0.0008  0.0002 -0.0044 -0.0023  0.0007 -0.0011 -0.0032  0.0024  0.0010 -0.0029  0.0024
      *d2+    -0.0000  0.0001  0.0001  0.0003  0.0005  0.0000  0.0001 -0.0000 -0.0000 -0.0002  0.0001 -0.0000
      *d1+     0.0007  0.0003  0.0002  0.0006  0.0001  0.0003  0.0003  0.0004  0.0010  0.0002  0.0001  0.0010
      *d0      0.0015  0.0015  0.0005  0.0014  0.0014  0.0005  0.0003  0.0003  0.0000  0.0005  0.0004  0.0000
      *d1-     0.0002  0.0007  0.0001  0.0004  0.0010  0.0002  0.0007  0.0001  0.0003  0.0000  0.0001  0.0007
      *d2-     0.0003 -0.0000  0.0001  0.0001  0.0000  0.0001 -0.0001  0.0001 -0.0000 -0.0000 -0.0003 -0.0000
      *f3+     0.0000  0.0000  0.0000  0.0000  0.0000  0.0000  0.0000 -0.0000 -0.0000  0.0000  0.0000 -0.0000
      *f2+     0.0000  0.0000  0.0000  0.0000  0.0000  0.0000  0.0000  0.0000  0.0000  0.0000  0.0000  0.0000
      *f1+     0.0000  0.0000  0.0000  0.0000  0.0000  0.0000  0.0000  0.0000  0.0000  0.0000 -0.0000  0.0000
      *f0      0.0001  0.0001  0.0000  0.0000  0.0000  0.0000  0.0000  0.0000  0.0000  0.0001  0.0001  0.0000
      *f1-     0.0000  0.0000  0.0000  0.0000  0.0000  0.0000  0.0000  0.0000 -0.0000  0.0000  0.0000  0.0000
      *f2-     0.0000  0.0000  0.0000  0.0000  0.0000  0.0000  0.0000  0.0000  0.0000 -0.0000  0.0000  0.0000
      *f3-     0.0000  0.0000  0.0000  0.0000  0.0000  0.0000  0.0000  0.0000  0.0000  0.0000  0.0000  0.0000
      Total    0.0145  0.0088 -0.0318  0.0123  0.0118 -0.0321  0.0085  0.0066  0.0052  0.0205  0.0279  0.0082

                C13     C14     C15     C16     C17     C18     C19     C20     C21     C22     C23     C24   
      1s       0.0001  0.0001  0.0000  0.0000  0.0000  0.0000  0.0000  0.0001  0.0000  0.0000  0.0000  0.0000
      2s      -0.0001 -0.0001 -0.0000 -0.0000 -0.0000 -0.0000 -0.0001 -0.0001 -0.0000 -0.0000 -0.0000 -0.0000
      2px      0.0008  0.0002  0.0000  0.0000  0.0000  0.0000  0.0001  0.0011  0.0001  0.0000  0.0000  0.0000
      2pz      0.0057  0.0041  0.0012  0.0040  0.0051  0.0012  0.0007  0.0023  0.0014  0.0071  0.0058  0.0028
      2py      0.0004  0.0009  0.0000  0.0000  0.0000  0.0002  0.0008  0.0001  0.0001  0.0000  0.0000  0.0000
      3s       0.0000  0.0000  0.0000  0.0000  0.0000  0.0000  0.0000  0.0000  0.0000  0.0000  0.0000  0.0000
      3px      0.0000  0.0000  0.0000  0.0000  0.0000  0.0000  0.0000  0.0000  0.0000  0.0000  0.0000  0.0000
      3pz      0.0000  0.0000  0.0000  0.0000  0.0000  0.0000  0.0000  0.0000  0.0000  0.0000  0.0000  0.0000
      3py      0.0000  0.0000  0.0000  0.0000  0.0000  0.0000  0.0000  0.0000  0.0000  0.0000  0.0000  0.0000
      4s       0.0000  0.0000  0.0000  0.0000  0.0000  0.0000  0.0000  0.0000  0.0000  0.0000  0.0000  0.0000
      3d2+     0.0000  0.0000  0.0000  0.0000  0.0000  0.0000  0.0000  0.0000  0.0000  0.0000  0.0000  0.0000
      3d1+     0.0000  0.0000  0.0000  0.0000  0.0000  0.0000  0.0000  0.0000  0.0000  0.0000  0.0000  0.0000
      3d0      0.0000  0.0000  0.0000  0.0000  0.0000  0.0000  0.0000  0.0000  0.0000  0.0000  0.0000  0.0000
      3d1-     0.0000  0.0000  0.0000  0.0000  0.0000  0.0000  0.0000  0.0000  0.0000  0.0000  0.0000  0.0000
      3d2-     0.0000  0.0000  0.0000  0.0000  0.0000  0.0000  0.0000  0.0000  0.0000  0.0000  0.0000  0.0000
      *s      -0.0212 -0.0190 -0.0060  0.0022  0.0019 -0.0061 -0.0218 -0.0193 -0.0062  0.0020  0.0021 -0.0059
      *px     -0.0001  0.0000 -0.0006 -0.0004  0.0002 -0.0004 -0.0013  0.0019 -0.0006 -0.0003  0.0002 -0.0006
      *pz      0.0064  0.0039  0.0001  0.0096  0.0120  0.0000 -0.0063 -0.0027  0.0006  0.0159  0.0131  0.0032
      *py      0.0004  0.0008 -0.0019  0.0004 -0.0001 -0.0017  0.0014 -0.0002 -0.0017  0.0004 -0.0001 -0.0017
      *d2+     0.0001  0.0000  0.0001  0.0000  0.0000 -0.0000  0.0005  0.0002  0.0000  0.0000  0.0000  0.0000
      *d1+     0.0001  0.0008  0.0013  0.0001 -0.0000  0.0000  0.0001  0.0004  0.0020  0.0002  0.0003  0.0000
      *d0      0.0020  0.0020  0.0001  0.0000  0.0000  0.0001  0.0021  0.0021  0.0001  0.0000  0.0000  0.0001
      *d1-     0.0006  0.0001  0.0006  0.0001  0.0001  0.0022  0.0005  0.0001  0.0007  0.0000  0.0002  0.0020
      *d2-     0.0000  0.0005 -0.0000 -0.0000 -0.0000 -0.0000  0.0000  0.0005 -0.0000  0.0000  0.0000  0.0000
      *f3+     0.0000  0.0000 -0.0000  0.0000  0.0000  0.0000  0.0000  0.0000  0.0000  0.0000  0.0000 -0.0000
      *f2+     0.0000  0.0000  0.0000  0.0000  0.0000  0.0000  0.0000  0.0000  0.0000  0.0000  0.0000  0.0000
      *f1+     0.0001  0.0000  0.0000  0.0000  0.0000  0.0000  0.0000  0.0001  0.0000  0.0000  0.0000  0.0000
      *f0      0.0000  0.0000  0.0000 -0.0000 -0.0000  0.0000  0.0000  0.0000  0.0000 -0.0000 -0.0000  0.0000
      *f1-     0.0000  0.0001  0.0000  0.0000  0.0000  0.0000  0.0000  0.0000  0.0000  0.0000  0.0000  0.0000
      *f2-     0.0000  0.0000  0.0000  0.0000  0.0000  0.0001  0.0000  0.0000  0.0000  0.0000  0.0000  0.0001
      *f3-     0.0000  0.0000  0.0000 -0.0000  0.0000  0.0000  0.0000 -0.0000  0.0000  0.0000  0.0000  0.0000
      Total   -0.0045 -0.0055 -0.0052  0.0160  0.0193 -0.0044 -0.0232 -0.0133 -0.0035  0.0255  0.0216  0.0002

                H25     H26     H27     H28     H29     H30     H31     H32     H33     H34     H35     H36   
      1s       0.0001  0.0002  0.0000  0.0000  0.0000  0.0000  0.0001  0.0002  0.0000  0.0000  0.0000  0.0000
      2s       0.0000  0.0000  0.0000  0.0000  0.0000  0.0000  0.0000  0.0000  0.0000  0.0000  0.0000  0.0000
      2px      0.0000  0.0000  0.0000  0.0000  0.0000  0.0000  0.0000  0.0000  0.0000  0.0000  0.0000  0.0000
      2pz      0.0000  0.0000  0.0000  0.0000  0.0000  0.0000  0.0000  0.0000  0.0000  0.0000  0.0000  0.0000
      2py      0.0000  0.0000  0.0000  0.0000  0.0000  0.0000  0.0000  0.0000  0.0000  0.0000  0.0000  0.0000
      3s       0.0000  0.0000  0.0000  0.0000  0.0000  0.0000  0.0000  0.0000  0.0000  0.0000  0.0000  0.0000
      3px      0.0000  0.0000  0.0000  0.0000  0.0000  0.0000  0.0000  0.0000  0.0000  0.0000  0.0000  0.0000
      3pz      0.0000  0.0000  0.0000  0.0000  0.0000  0.0000  0.0000  0.0000  0.0000  0.0000  0.0000  0.0000
      3py      0.0000  0.0000  0.0000  0.0000  0.0000  0.0000  0.0000  0.0000  0.0000  0.0000  0.0000  0.0000
      4s       0.0000  0.0000  0.0000  0.0000  0.0000  0.0000  0.0000  0.0000  0.0000  0.0000  0.0000  0.0000
      3d2+     0.0000  0.0000  0.0000  0.0000  0.0000  0.0000  0.0000  0.0000  0.0000  0.0000  0.0000  0.0000
      3d1+     0.0000  0.0000  0.0000  0.0000  0.0000  0.0000  0.0000  0.0000  0.0000  0.0000  0.0000  0.0000
      3d0      0.0000  0.0000  0.0000  0.0000  0.0000  0.0000  0.0000  0.0000  0.0000  0.0000  0.0000  0.0000
      3d1-     0.0000  0.0000  0.0000  0.0000  0.0000  0.0000  0.0000  0.0000  0.0000  0.0000  0.0000  0.0000
      3d2-     0.0000  0.0000  0.0000  0.0000  0.0000  0.0000  0.0000  0.0000  0.0000  0.0000  0.0000  0.0000
      *s      -0.0018 -0.0018  0.0000 -0.0000 -0.0000 -0.0000 -0.0018 -0.0018 -0.0000 -0.0000 -0.0000  0.0000
      *px      0.0000  0.0000  0.0000  0.0000  0.0000  0.0000  0.0000  0.0000  0.0000  0.0000  0.0000  0.0000
      *pz      0.0001  0.0001  0.0000  0.0001  0.0001  0.0000  0.0000  0.0000  0.0000  0.0002  0.0001  0.0000
      *py      0.0000  0.0000  0.0000  0.0000  0.0000  0.0000  0.0000  0.0000  0.0000  0.0000  0.0000  0.0000
      *d2+     0.0000  0.0000  0.0000  0.0000  0.0000  0.0000  0.0000  0.0000  0.0000  0.0000  0.0000  0.0000
      *d1+     0.0000  0.0000  0.0000  0.0000  0.0000  0.0000  0.0000  0.0000  0.0000  0.0000  0.0000  0.0000
      *d0      0.0000  0.0000  0.0000  0.0000  0.0000  0.0000  0.0000  0.0000  0.0000  0.0000  0.0000  0.0000
      *d1-     0.0000  0.0000  0.0000  0.0000  0.0000  0.0000  0.0000  0.0000  0.0000  0.0000  0.0000  0.0000
      *d2-     0.0000  0.0000  0.0000  0.0000  0.0000  0.0000  0.0000  0.0000  0.0000  0.0000  0.0000  0.0000
      *f3+     0.0000  0.0000  0.0000  0.0000  0.0000  0.0000  0.0000  0.0000  0.0000  0.0000  0.0000  0.0000
      *f2+     0.0000  0.0000  0.0000  0.0000  0.0000  0.0000  0.0000  0.0000  0.0000  0.0000  0.0000  0.0000
      *f1+     0.0000  0.0000  0.0000  0.0000  0.0000  0.0000  0.0000  0.0000  0.0000  0.0000  0.0000  0.0000
      *f0      0.0000  0.0000  0.0000  0.0000  0.0000  0.0000  0.0000  0.0000  0.0000  0.0000  0.0000  0.0000
      *f1-     0.0000  0.0000  0.0000  0.0000  0.0000  0.0000  0.0000  0.0000  0.0000  0.0000  0.0000  0.0000
      *f2-     0.0000  0.0000  0.0000  0.0000  0.0000  0.0000  0.0000  0.0000  0.0000  0.0000  0.0000  0.0000
      *f3-     0.0000  0.0000  0.0000  0.0000  0.0000  0.0000  0.0000  0.0000  0.0000  0.0000  0.0000  0.0000
      Total   -0.0015 -0.0015  0.0001  0.0001  0.0001  0.0000 -0.0017 -0.0016  0.0000  0.0001  0.0001  0.0001

                NI37    NI38  
      1s       0.0000  0.0000
      2s       0.0001  0.0001
      2px      0.0000  0.0000
      2pz      0.0000  0.0000
      2py      0.0000  0.0000
      3s       0.0070  0.0069
      3px      0.0002  0.0001
      3pz      0.0026  0.0025
      3py      0.0001  0.0004
      4s      -0.0116 -0.0115
      3d2+     0.0028  0.0033
      3d1+     0.2823  0.0929
      3d0      0.0014  0.0034
      3d1-     0.2023  0.3622
      3d2-     0.0010  0.0004
      *s       1.0022  0.9863
      *px      0.0022  0.0007
      *pz      0.0509  0.0503
      *py      0.0007 -0.0002
      *d2+     0.0026  0.0030
      *d1+     0.2595  0.0875
      *d0      0.0019  0.0038
      *d1-     0.1864  0.3348
      *d2-     0.0006  0.0004
      *f3+     0.0000  0.0000
      *f2+     0.0000  0.0000
      *f1+     0.0000  0.0000
      *f0      0.0000  0.0000
      *f1-     0.0000  0.0000
      *f2-     0.0000  0.0000
      *f3-     0.0000  0.0000
      Total    1.9953  1.9272

      Total electronic spin=    4.000000
--


      Von Neumann Entropy (Root   4) =  2.26448


      Mulliken population analysis for root number:  4
      -----------------------------------------------


++    Molecular charges:
      ------------------

      Mulliken charges per centre and basis function type
      ---------------------------------------------------

                C1      C2      C3      C4      C5      C6      C7      C8      C9      C10     C11     C12   
      1s       0.8546  0.8547  0.8547  0.8546  0.8546  0.8547  0.8547  0.8547  0.8547  0.8547  0.8547  0.8547
      2s       1.1234  1.1233  1.1232  1.1233  1.1233  1.1232  1.1233  1.1233  1.1232  1.1233  1.1233  1.1232
      2px      0.4566  0.4601  0.4576  0.4568  0.4599  0.4576  0.4496  0.4542  0.4649  0.4496  0.4543  0.4649
      2pz      0.3264  0.3280  0.3244  0.3246  0.3259  0.3253  0.3370  0.3361  0.3129  0.3360  0.3357  0.3120
      2py      0.4565  0.4531  0.4613  0.4563  0.4532  0.4613  0.4638  0.4592  0.4599  0.4638  0.4591  0.4599
      3s       0.0000  0.0000  0.0000  0.0000  0.0000  0.0000  0.0000  0.0000  0.0000  0.0000  0.0000  0.0000
      3px      0.0000  0.0000  0.0000  0.0000  0.0000  0.0000  0.0000  0.0000  0.0000  0.0000  0.0000  0.0000
      3pz      0.0000  0.0000  0.0000  0.0000  0.0000  0.0000  0.0000  0.0000  0.0000  0.0000  0.0000  0.0000
      3py      0.0000  0.0000  0.0000  0.0000  0.0000  0.0000  0.0000  0.0000  0.0000  0.0000  0.0000  0.0000
      4s       0.0000  0.0000  0.0000  0.0000  0.0000  0.0000  0.0000  0.0000  0.0000  0.0000  0.0000  0.0000
      3d2+     0.0000  0.0000  0.0000  0.0000  0.0000  0.0000  0.0000  0.0000  0.0000  0.0000  0.0000  0.0000
      3d1+     0.0000  0.0000  0.0000  0.0000  0.0000  0.0000  0.0000  0.0000  0.0000  0.0000  0.0000  0.0000
      3d0      0.0000  0.0000  0.0000  0.0000  0.0000  0.0000  0.0000  0.0000  0.0000  0.0000  0.0000  0.0000
      3d1-     0.0000  0.0000  0.0000  0.0000  0.0000  0.0000  0.0000  0.0000  0.0000  0.0000  0.0000  0.0000
      3d2-     0.0000  0.0000  0.0000  0.0000  0.0000  0.0000  0.0000  0.0000  0.0000  0.0000  0.0000  0.0000
      *s       1.2876  1.2871  1.3491  1.2821  1.2821  1.3491  1.0071  1.0067  1.1066  1.0069  1.0072  1.1066
      *px      0.4304  0.2665  0.4502  0.4314  0.2654  0.4508  0.3630  0.4364  0.3939  0.3627  0.4375  0.3936
      *pz      0.6520  0.6561  0.5952  0.6483  0.6509  0.5969  0.6199  0.6184  0.5831  0.6123  0.6119  0.5817
      *py      0.1476  0.3129  0.3640  0.1470  0.3142  0.3639  0.4669  0.3931  0.3891  0.4677  0.3929  0.3892
      *d2+     0.0502  0.0544  0.0602  0.0506  0.0543  0.0602  0.0421  0.0388  0.0452  0.0423  0.0390  0.0453
      *d1+     0.0262  0.0272  0.0272  0.0263  0.0270  0.0273  0.0221  0.0238  0.0310  0.0216  0.0234  0.0311
      *d0      0.0051  0.0051  0.0032  0.0054  0.0054  0.0032  0.0084  0.0085  0.0059  0.0085  0.0085  0.0059
      *d1-     0.0267  0.0256  0.0262  0.0263  0.0255  0.0261  0.0284  0.0273  0.0249  0.0283  0.0266  0.0250
      *d2-     0.0531  0.0492  0.0632  0.0532  0.0494  0.0632  0.0372  0.0405  0.0507  0.0372  0.0406  0.0507
      *f3+     0.0021  0.0021  0.0021  0.0021  0.0021  0.0021  0.0021  0.0021  0.0022  0.0021  0.0021  0.0022
      *f2+     0.0010  0.0010  0.0011  0.0010  0.0010  0.0011  0.0010  0.0008  0.0010  0.0010  0.0008  0.0010
      *f1+     0.0011  0.0010  0.0011  0.0011  0.0010  0.0011  0.0010  0.0012  0.0011  0.0010  0.0012  0.0011
      *f0      0.0018  0.0018  0.0020  0.0018  0.0018  0.0020  0.0017  0.0017  0.0020  0.0017  0.0017  0.0020
      *f1-     0.0010  0.0011  0.0011  0.0010  0.0011  0.0011  0.0013  0.0010  0.0011  0.0013  0.0010  0.0011
      *f2-     0.0010  0.0009  0.0010  0.0009  0.0009  0.0010  0.0008  0.0011  0.0011  0.0008  0.0011  0.0011
      *f3-     0.0030  0.0030  0.0032  0.0030  0.0030  0.0032  0.0029  0.0029  0.0031  0.0029  0.0029  0.0031
      Total    5.9074  5.9144  6.1714  5.8971  5.9022  6.1746  5.8344  5.8318  5.8576  5.8259  5.8256  5.8552

      N-E      0.0926  0.0856 -0.1714  0.1029  0.0978 -0.1746  0.1656  0.1682  0.1424  0.1741  0.1744  0.1448

                C13     C14     C15     C16     C17     C18     C19     C20     C21     C22     C23     C24   
      1s       0.8547  0.8547  0.8548  0.8548  0.8548  0.8548  0.8547  0.8547  0.8548  0.8548  0.8548  0.8548
      2s       1.1234  1.1234  1.1232  1.1232  1.1232  1.1232  1.1233  1.1233  1.1232  1.1232  1.1232  1.1232
      2px      0.4475  0.4496  0.4718  0.4716  0.4576  0.4520  0.4475  0.4495  0.4718  0.4716  0.4576  0.4520
      2pz      0.3212  0.3244  0.3212  0.3370  0.3356  0.3180  0.3218  0.3216  0.3179  0.3366  0.3370  0.3202
      2py      0.4581  0.4561  0.4482  0.4483  0.4622  0.4681  0.4584  0.4563  0.4482  0.4483  0.4622  0.4680
      3s       0.0000  0.0000  0.0000  0.0000  0.0000  0.0000  0.0000  0.0000  0.0000  0.0000  0.0000  0.0000
      3px      0.0000  0.0000  0.0000  0.0000  0.0000  0.0000  0.0000  0.0000  0.0000  0.0000  0.0000  0.0000
      3pz      0.0000  0.0000  0.0000  0.0000  0.0000  0.0000  0.0000  0.0000  0.0000  0.0000  0.0000  0.0000
      3py      0.0000  0.0000  0.0000  0.0000  0.0000  0.0000  0.0000  0.0000  0.0000  0.0000  0.0000  0.0000
      4s       0.0000  0.0000  0.0000  0.0000  0.0000  0.0000  0.0000  0.0000  0.0000  0.0000  0.0000  0.0000
      3d2+     0.0000  0.0000  0.0000  0.0000  0.0000  0.0000  0.0000  0.0000  0.0000  0.0000  0.0000  0.0000
      3d1+     0.0000  0.0000  0.0000  0.0000  0.0000  0.0000  0.0000  0.0000  0.0000  0.0000  0.0000  0.0000
      3d0      0.0000  0.0000  0.0000  0.0000  0.0000  0.0000  0.0000  0.0000  0.0000  0.0000  0.0000  0.0000
      3d1-     0.0000  0.0000  0.0000  0.0000  0.0000  0.0000  0.0000  0.0000  0.0000  0.0000  0.0000  0.0000
      3d2-     0.0000  0.0000  0.0000  0.0000  0.0000  0.0000  0.0000  0.0000  0.0000  0.0000  0.0000  0.0000
      *s       1.2258  1.2240  1.2477  1.2173  1.2178  1.2456  1.2199  1.2199  1.2458  1.2178  1.2175  1.2475
      *px      0.5353  0.5066  0.5062  0.5131  0.4939  0.5329  0.5343  0.5062  0.5059  0.5130  0.4939  0.5332
      *pz      0.6465  0.6542  0.6676  0.6983  0.6961  0.6606  0.6452  0.6452  0.6605  0.6983  0.6986  0.6658
      *py      0.4923  0.5209  0.5206  0.5131  0.5324  0.4928  0.4927  0.5208  0.5199  0.5133  0.5324  0.4934
      *d2+     0.0280  0.0285  0.0277  0.0280  0.0315  0.0312  0.0280  0.0286  0.0277  0.0280  0.0315  0.0313
      *d1+     0.0119  0.0230  0.0291  0.0239  0.0202  0.0069  0.0118  0.0230  0.0291  0.0234  0.0202  0.0069
      *d0      0.0087  0.0087  0.0052  0.0048  0.0048  0.0053  0.0091  0.0091  0.0053  0.0048  0.0048  0.0052
      *d1-     0.0305  0.0188  0.0115  0.0102  0.0135  0.0334  0.0299  0.0188  0.0114  0.0101  0.0135  0.0339
      *d2-     0.0268  0.0261  0.0332  0.0321  0.0286  0.0297  0.0269  0.0264  0.0332  0.0321  0.0286  0.0297
      *f3+     0.0019  0.0019  0.0019  0.0019  0.0019  0.0019  0.0019  0.0019  0.0019  0.0019  0.0019  0.0019
      *f2+     0.0005  0.0010  0.0010  0.0009  0.0008  0.0003  0.0005  0.0010  0.0010  0.0009  0.0008  0.0003
      *f1+     0.0008  0.0009  0.0009  0.0009  0.0009  0.0009  0.0008  0.0010  0.0009  0.0009  0.0009  0.0009
      *f0      0.0014  0.0014  0.0016  0.0016  0.0016  0.0016  0.0014  0.0014  0.0016  0.0016  0.0016  0.0016
      *f1-     0.0009  0.0008  0.0009  0.0008  0.0009  0.0010  0.0009  0.0008  0.0009  0.0008  0.0009  0.0010
      *f2-     0.0011  0.0006  0.0006  0.0005  0.0005  0.0013  0.0011  0.0006  0.0006  0.0005  0.0005  0.0013
      *f3-     0.0017  0.0017  0.0019  0.0020  0.0020  0.0019  0.0017  0.0017  0.0019  0.0020  0.0020  0.0019
      Total    6.2191  6.2272  6.2769  6.2842  6.2808  6.2633  6.2118  6.2117  6.2636  6.2838  6.2845  6.2738

      N-E     -0.2191 -0.2272 -0.2769 -0.2842 -0.2808 -0.2633 -0.2118 -0.2117 -0.2636 -0.2838 -0.2845 -0.2738

                H25     H26     H27     H28     H29     H30     H31     H32     H33     H34     H35     H36   
      1s       0.2626  0.2626  0.2635  0.2638  0.2638  0.2635  0.2627  0.2627  0.2635  0.2638  0.2638  0.2635
      2s       0.0000  0.0000  0.0000  0.0000  0.0000  0.0000  0.0000  0.0000  0.0000  0.0000  0.0000  0.0000
      2px      0.0000  0.0000  0.0000  0.0000  0.0000  0.0000  0.0000  0.0000  0.0000  0.0000  0.0000  0.0000
      2pz      0.0000  0.0000  0.0000  0.0000  0.0000  0.0000  0.0000  0.0000  0.0000  0.0000  0.0000  0.0000
      2py      0.0000  0.0000  0.0000  0.0000  0.0000  0.0000  0.0000  0.0000  0.0000  0.0000  0.0000  0.0000
      3s       0.0000  0.0000  0.0000  0.0000  0.0000  0.0000  0.0000  0.0000  0.0000  0.0000  0.0000  0.0000
      3px      0.0000  0.0000  0.0000  0.0000  0.0000  0.0000  0.0000  0.0000  0.0000  0.0000  0.0000  0.0000
      3pz      0.0000  0.0000  0.0000  0.0000  0.0000  0.0000  0.0000  0.0000  0.0000  0.0000  0.0000  0.0000
      3py      0.0000  0.0000  0.0000  0.0000  0.0000  0.0000  0.0000  0.0000  0.0000  0.0000  0.0000  0.0000
      4s       0.0000  0.0000  0.0000  0.0000  0.0000  0.0000  0.0000  0.0000  0.0000  0.0000  0.0000  0.0000
      3d2+     0.0000  0.0000  0.0000  0.0000  0.0000  0.0000  0.0000  0.0000  0.0000  0.0000  0.0000  0.0000
      3d1+     0.0000  0.0000  0.0000  0.0000  0.0000  0.0000  0.0000  0.0000  0.0000  0.0000  0.0000  0.0000
      3d0      0.0000  0.0000  0.0000  0.0000  0.0000  0.0000  0.0000  0.0000  0.0000  0.0000  0.0000  0.0000
      3d1-     0.0000  0.0000  0.0000  0.0000  0.0000  0.0000  0.0000  0.0000  0.0000  0.0000  0.0000  0.0000
      3d2-     0.0000  0.0000  0.0000  0.0000  0.0000  0.0000  0.0000  0.0000  0.0000  0.0000  0.0000  0.0000
      *s       0.5678  0.5678  0.5808  0.5780  0.5780  0.5809  0.5678  0.5677  0.5809  0.5780  0.5780  0.5808
      *px      0.0166  0.0066  0.0061  0.0061  0.0064  0.0163  0.0167  0.0066  0.0061  0.0061  0.0064  0.0163
      *pz      0.0046  0.0046  0.0043  0.0048  0.0047  0.0042  0.0045  0.0045  0.0042  0.0048  0.0048  0.0043
      *py      0.0030  0.0131  0.0131  0.0130  0.0127  0.0029  0.0030  0.0131  0.0131  0.0130  0.0127  0.0029
      *d2+     0.0000  0.0000  0.0000  0.0000  0.0000  0.0000  0.0000  0.0000  0.0000  0.0000  0.0000  0.0000
      *d1+     0.0000  0.0000  0.0000  0.0000  0.0000  0.0000  0.0000  0.0000  0.0000  0.0000  0.0000  0.0000
      *d0      0.0000  0.0000  0.0000  0.0000  0.0000  0.0000  0.0000  0.0000  0.0000  0.0000  0.0000  0.0000
      *d1-     0.0000  0.0000  0.0000  0.0000  0.0000  0.0000  0.0000  0.0000  0.0000  0.0000  0.0000  0.0000
      *d2-     0.0000  0.0000  0.0000  0.0000  0.0000  0.0000  0.0000  0.0000  0.0000  0.0000  0.0000  0.0000
      *f3+     0.0000  0.0000  0.0000  0.0000  0.0000  0.0000  0.0000  0.0000  0.0000  0.0000  0.0000  0.0000
      *f2+     0.0000  0.0000  0.0000  0.0000  0.0000  0.0000  0.0000  0.0000  0.0000  0.0000  0.0000  0.0000
      *f1+     0.0000  0.0000  0.0000  0.0000  0.0000  0.0000  0.0000  0.0000  0.0000  0.0000  0.0000  0.0000
      *f0      0.0000  0.0000  0.0000  0.0000  0.0000  0.0000  0.0000  0.0000  0.0000  0.0000  0.0000  0.0000
      *f1-     0.0000  0.0000  0.0000  0.0000  0.0000  0.0000  0.0000  0.0000  0.0000  0.0000  0.0000  0.0000
      *f2-     0.0000  0.0000  0.0000  0.0000  0.0000  0.0000  0.0000  0.0000  0.0000  0.0000  0.0000  0.0000
      *f3-     0.0000  0.0000  0.0000  0.0000  0.0000  0.0000  0.0000  0.0000  0.0000  0.0000  0.0000  0.0000
      Total    0.8547  0.8547  0.8678  0.8657  0.8657  0.8678  0.8547  0.8547  0.8677  0.8657  0.8657  0.8678

      N-E      0.1453  0.1453  0.1322  0.1343  0.1343  0.1322  0.1453  0.1453  0.1323  0.1343  0.1343  0.1322

                NI37    NI38  
      1s       1.9997  1.9997
      2s       2.0006  2.0006
      2px      1.9958  1.9958
      2pz      1.9958  1.9958
      2py      1.9957  1.9958
      3s       1.1538  1.1554
      3px      1.5692  1.5695
      3pz      1.5726  1.5730
      3py      1.5676  1.5675
      4s       0.8223  0.8195
      3d2+     0.9381  0.9397
      3d1+     0.7339  0.6153
      3d0      0.9877  0.9804
      3d1-     0.7973  0.9084
      3d2-     0.9602  0.9611
      *s       0.6191  0.8375
      *px      0.4879  0.4893
      *pz      0.5063  0.5162
      *py      0.4805  0.4809
      *d2+     0.9906  0.9901
      *d1+     0.7300  0.6169
      *d0      0.9906  0.9895
      *d1-     0.7930  0.8989
      *d2-     0.9926  0.9910
      *f3+     0.0000  0.0000
      *f2+     0.0000  0.0000
      *f1+     0.0000  0.0000
      *f0      0.0000  0.0001
      *f1-     0.0000  0.0000
      *f2-     0.0000  0.0000
      *f3-     0.0000  0.0000
      Total   27.6809 27.8881

      N-E      0.3191  0.1119

      Total electronic charge=  212.000000

      Total            charge=   -0.000000
--



      Expectation values of various properties for root number:  4
      -----------------------------------------------------------


++    Molecular properties:
      ---------------------

      Charge (e):
                      =   -0.0000
      Dipole Moment (Debye):
      Origin of the operator (Ang)=    0.0000    0.0000    0.0000
                   X=  1.2345E+00               Y=  6.8071E-01               Z=  1.6750E+00           Total=  2.1893E+00
      Quadrupole Moment (Debye*Ang):
      Origin of the operator (Ang)=    0.0000   -0.0000    0.5165
                  XX= -1.3779E+02              XY=  1.0685E+01              XZ=  4.3453E+00              YY= -1.5063E+02
                  YZ=  2.5152E+00              ZZ= -1.8321E+02
      In traceless form (Debye*Ang)
                  XX=  2.9129E+01              XY=  1.6027E+01              XZ=  6.5179E+00              YY=  9.8737E+00
                  YZ=  3.7729E+00              ZZ= -3.9003E+01
--


      Mulliken spin population analysis for root number:  4
      ---------------------------------------------------


++    Molecular charges:
      ------------------

      Mulliken spin population per centre and basis function type
      ---------------------------------------------------

                C1      C2      C3      C4      C5      C6      C7      C8      C9      C10     C11     C12   
      1s       0.0000  0.0000  0.0000  0.0000  0.0000  0.0000  0.0000  0.0000  0.0000  0.0000  0.0000  0.0000
      2s      -0.0001 -0.0000 -0.0000 -0.0001 -0.0001 -0.0000 -0.0000 -0.0000 -0.0000 -0.0000 -0.0000 -0.0000
      2px      0.0001  0.0004  0.0002  0.0000  0.0005  0.0002  0.0004  0.0007  0.0000  0.0003  0.0006  0.0000
      2pz      0.0148  0.0113  0.0009  0.0104  0.0113  0.0010  0.0216  0.0216  0.0003  0.0226  0.0220  0.0012
      2py      0.0005  0.0001  0.0001  0.0006  0.0001  0.0001  0.0004  0.0001  0.0000  0.0005  0.0001  0.0000
      3s       0.0000  0.0000  0.0000  0.0000  0.0000  0.0000  0.0000  0.0000  0.0000  0.0000  0.0000  0.0000
      3px      0.0000  0.0000  0.0000  0.0000  0.0000  0.0000  0.0000  0.0000  0.0000  0.0000  0.0000  0.0000
      3pz      0.0000  0.0000  0.0000  0.0000  0.0000  0.0000  0.0000  0.0000  0.0000  0.0000  0.0000  0.0000
      3py      0.0000  0.0000  0.0000  0.0000  0.0000  0.0000  0.0000  0.0000  0.0000  0.0000  0.0000  0.0000
      4s       0.0000  0.0000  0.0000  0.0000  0.0000  0.0000  0.0000  0.0000  0.0000  0.0000  0.0000  0.0000
      3d2+     0.0000  0.0000  0.0000  0.0000  0.0000  0.0000  0.0000  0.0000  0.0000  0.0000  0.0000  0.0000
      3d1+     0.0000  0.0000  0.0000  0.0000  0.0000  0.0000  0.0000  0.0000  0.0000  0.0000  0.0000  0.0000
      3d0      0.0000  0.0000  0.0000  0.0000  0.0000  0.0000  0.0000  0.0000  0.0000  0.0000  0.0000  0.0000
      3d1-     0.0000  0.0000  0.0000  0.0000  0.0000  0.0000  0.0000  0.0000  0.0000  0.0000  0.0000  0.0000
      3d2-     0.0000  0.0000  0.0000  0.0000  0.0000  0.0000  0.0000  0.0000  0.0000  0.0000  0.0000  0.0000
      *s       0.0016  0.0019 -0.0370 -0.0016 -0.0023 -0.0371 -0.0008 -0.0006  0.0028 -0.0002 -0.0002  0.0028
      *px     -0.0013  0.0002  0.0068 -0.0010 -0.0009  0.0070 -0.0011  0.0020 -0.0017 -0.0012  0.0022 -0.0018
      *pz      0.0183  0.0114 -0.0026  0.0096  0.0109 -0.0024  0.0365  0.0367 -0.0010  0.0349  0.0337  0.0004
      *py     -0.0014 -0.0023  0.0033 -0.0016 -0.0018  0.0031  0.0013 -0.0020  0.0024  0.0011 -0.0024  0.0025
      *d2+     0.0000  0.0001  0.0000 -0.0001  0.0004  0.0000  0.0001 -0.0001  0.0000  0.0001 -0.0001  0.0000
      *d1+     0.0016  0.0001  0.0015  0.0020  0.0001  0.0018  0.0013  0.0008  0.0044  0.0009  0.0008  0.0047
      *d0      0.0007  0.0008  0.0005  0.0010  0.0010  0.0005  0.0001  0.0001  0.0000  0.0001  0.0002  0.0000
      *d1-     0.0010  0.0027  0.0004  0.0007  0.0024  0.0007  0.0019  0.0022  0.0017  0.0015  0.0020  0.0015
      *d2-     0.0003  0.0000  0.0000  0.0004  0.0000  0.0000 -0.0001  0.0001  0.0000 -0.0001  0.0001  0.0000
      *f3+     0.0000  0.0000  0.0000  0.0000  0.0000  0.0000  0.0000  0.0000  0.0000  0.0000  0.0000 -0.0000
      *f2+     0.0001  0.0000  0.0001  0.0001  0.0000  0.0001  0.0000  0.0000  0.0001  0.0000  0.0000  0.0001
      *f1+     0.0000  0.0000  0.0000  0.0000  0.0000  0.0000  0.0000 -0.0000  0.0000  0.0000 -0.0000  0.0000
      *f0      0.0000  0.0000  0.0000  0.0000  0.0000  0.0000 -0.0000 -0.0000  0.0000  0.0000  0.0000  0.0000
      *f1-     0.0000  0.0000  0.0000  0.0000  0.0000  0.0000 -0.0000  0.0000  0.0000 -0.0000  0.0000  0.0000
      *f2-     0.0000  0.0001  0.0000  0.0000  0.0001  0.0000  0.0001  0.0000  0.0000  0.0000  0.0000  0.0000
      *f3-     0.0000  0.0000  0.0000  0.0000  0.0000  0.0000  0.0000  0.0000  0.0000  0.0000  0.0000  0.0000
      Total    0.0366  0.0268 -0.0255  0.0205  0.0219 -0.0250  0.0618  0.0618  0.0091  0.0606  0.0592  0.0117

                C13     C14     C15     C16     C17     C18     C19     C20     C21     C22     C23     C24   
      1s       0.0000  0.0000  0.0000  0.0000  0.0000  0.0000  0.0000  0.0000  0.0000  0.0000  0.0000  0.0000
      2s      -0.0001 -0.0001 -0.0000 -0.0000 -0.0000 -0.0000 -0.0001 -0.0001 -0.0000 -0.0000 -0.0000 -0.0000
      2px      0.0007  0.0003  0.0000  0.0000  0.0000  0.0000  0.0006  0.0003  0.0000  0.0000  0.0000  0.0000
      2pz      0.0114  0.0123  0.0076  0.0280  0.0272  0.0057  0.0107  0.0116  0.0074  0.0269  0.0289  0.0077
      2py      0.0005  0.0009  0.0000  0.0001  0.0001  0.0000  0.0002  0.0007  0.0000  0.0001  0.0001  0.0000
      3s       0.0000  0.0000  0.0000  0.0000  0.0000  0.0000  0.0000  0.0000  0.0000  0.0000  0.0000  0.0000
      3px      0.0000  0.0000  0.0000  0.0000  0.0000  0.0000  0.0000  0.0000  0.0000  0.0000  0.0000  0.0000
      3pz      0.0000  0.0000  0.0000  0.0000  0.0000  0.0000  0.0000  0.0000  0.0000  0.0000  0.0000  0.0000
      3py      0.0000  0.0000  0.0000  0.0000  0.0000  0.0000  0.0000  0.0000  0.0000  0.0000  0.0000  0.0000
      4s       0.0000  0.0000  0.0000  0.0000  0.0000  0.0000  0.0000  0.0000  0.0000  0.0000  0.0000  0.0000
      3d2+     0.0000  0.0000  0.0000  0.0000  0.0000  0.0000  0.0000  0.0000  0.0000  0.0000  0.0000  0.0000
      3d1+     0.0000  0.0000  0.0000  0.0000  0.0000  0.0000  0.0000  0.0000  0.0000  0.0000  0.0000  0.0000
      3d0      0.0000  0.0000  0.0000  0.0000  0.0000  0.0000  0.0000  0.0000  0.0000  0.0000  0.0000  0.0000
      3d1-     0.0000  0.0000  0.0000  0.0000  0.0000  0.0000  0.0000  0.0000  0.0000  0.0000  0.0000  0.0000
      3d2-     0.0000  0.0000  0.0000  0.0000  0.0000  0.0000  0.0000  0.0000  0.0000  0.0000  0.0000  0.0000
      *s      -0.0089 -0.0071 -0.0019  0.0028  0.0033 -0.0032 -0.0134 -0.0138 -0.0032  0.0033  0.0028 -0.0017
      *px      0.0010  0.0006 -0.0002 -0.0000  0.0004 -0.0005  0.0010  0.0002 -0.0004 -0.0001  0.0004 -0.0003
      *pz      0.0128  0.0150  0.0182  0.0527  0.0510  0.0135  0.0084  0.0106  0.0170  0.0504  0.0545  0.0185
      *py      0.0005  0.0016 -0.0006  0.0008  0.0004 -0.0009  0.0003  0.0010 -0.0010  0.0010  0.0004 -0.0005
      *d2+     0.0002  0.0001 -0.0000  0.0000 -0.0000  0.0002  0.0003  0.0001 -0.0000  0.0000  0.0000  0.0002
      *d1+    -0.0000  0.0026  0.0059  0.0008  0.0000  0.0002  0.0001  0.0025  0.0058  0.0008  0.0002  0.0002
      *d0      0.0006  0.0006  0.0001  0.0001  0.0000  0.0001  0.0010  0.0010  0.0001  0.0001  0.0001  0.0001
      *d1-     0.0039  0.0012  0.0008  0.0001  0.0006  0.0065  0.0037  0.0011  0.0008  0.0001  0.0007  0.0066
      *d2-     0.0000  0.0005  0.0002 -0.0000 -0.0000  0.0000  0.0000  0.0002  0.0002 -0.0000  0.0000 -0.0000
      *f3+     0.0000  0.0000  0.0000  0.0000  0.0000 -0.0000  0.0000  0.0000  0.0000  0.0000  0.0000  0.0000
      *f2+     0.0000  0.0001  0.0001  0.0000  0.0000  0.0000  0.0000  0.0001  0.0001  0.0000  0.0000  0.0000
      *f1+     0.0000  0.0000 -0.0000  0.0000  0.0000  0.0000  0.0001  0.0000 -0.0000  0.0000  0.0000  0.0000
      *f0      0.0000  0.0000  0.0000 -0.0000 -0.0000  0.0000  0.0000  0.0000  0.0000 -0.0000 -0.0000  0.0000
      *f1-     0.0000  0.0001  0.0000  0.0000  0.0000  0.0000  0.0000  0.0001  0.0000  0.0000  0.0000  0.0000
      *f2-     0.0001  0.0000  0.0001  0.0000  0.0000  0.0002  0.0001  0.0000  0.0001  0.0000  0.0000  0.0002
      *f3-     0.0000  0.0000  0.0000  0.0000  0.0000  0.0000  0.0000  0.0000  0.0000  0.0000  0.0000  0.0000
      Total    0.0230  0.0288  0.0303  0.0853  0.0831  0.0218  0.0131  0.0155  0.0269  0.0826  0.0880  0.0312

                H25     H26     H27     H28     H29     H30     H31     H32     H33     H34     H35     H36   
      1s       0.0002  0.0002  0.0000  0.0000  0.0000  0.0000  0.0002  0.0002  0.0000  0.0000  0.0000  0.0000
      2s       0.0000  0.0000  0.0000  0.0000  0.0000  0.0000  0.0000  0.0000  0.0000  0.0000  0.0000  0.0000
      2px      0.0000  0.0000  0.0000  0.0000  0.0000  0.0000  0.0000  0.0000  0.0000  0.0000  0.0000  0.0000
      2pz      0.0000  0.0000  0.0000  0.0000  0.0000  0.0000  0.0000  0.0000  0.0000  0.0000  0.0000  0.0000
      2py      0.0000  0.0000  0.0000  0.0000  0.0000  0.0000  0.0000  0.0000  0.0000  0.0000  0.0000  0.0000
      3s       0.0000  0.0000  0.0000  0.0000  0.0000  0.0000  0.0000  0.0000  0.0000  0.0000  0.0000  0.0000
      3px      0.0000  0.0000  0.0000  0.0000  0.0000  0.0000  0.0000  0.0000  0.0000  0.0000  0.0000  0.0000
      3pz      0.0000  0.0000  0.0000  0.0000  0.0000  0.0000  0.0000  0.0000  0.0000  0.0000  0.0000  0.0000
      3py      0.0000  0.0000  0.0000  0.0000  0.0000  0.0000  0.0000  0.0000  0.0000  0.0000  0.0000  0.0000
      4s       0.0000  0.0000  0.0000  0.0000  0.0000  0.0000  0.0000  0.0000  0.0000  0.0000  0.0000  0.0000
      3d2+     0.0000  0.0000  0.0000  0.0000  0.0000  0.0000  0.0000  0.0000  0.0000  0.0000  0.0000  0.0000
      3d1+     0.0000  0.0000  0.0000  0.0000  0.0000  0.0000  0.0000  0.0000  0.0000  0.0000  0.0000  0.0000
      3d0      0.0000  0.0000  0.0000  0.0000  0.0000  0.0000  0.0000  0.0000  0.0000  0.0000  0.0000  0.0000
      3d1-     0.0000  0.0000  0.0000  0.0000  0.0000  0.0000  0.0000  0.0000  0.0000  0.0000  0.0000  0.0000
      3d2-     0.0000  0.0000  0.0000  0.0000  0.0000  0.0000  0.0000  0.0000  0.0000  0.0000  0.0000  0.0000
      *s      -0.0010 -0.0010 -0.0001 -0.0000 -0.0000 -0.0001 -0.0014 -0.0014 -0.0001 -0.0000 -0.0000 -0.0001
      *px      0.0001  0.0000  0.0000  0.0000  0.0000  0.0000  0.0001  0.0000  0.0000  0.0000  0.0000  0.0000
      *pz      0.0002  0.0002  0.0002  0.0007  0.0006  0.0001  0.0002  0.0002  0.0002  0.0006  0.0007  0.0002
      *py      0.0000  0.0000  0.0000  0.0000  0.0000  0.0000  0.0000  0.0000  0.0000  0.0000  0.0000  0.0000
      *d2+     0.0000  0.0000  0.0000  0.0000  0.0000  0.0000  0.0000  0.0000  0.0000  0.0000  0.0000  0.0000
      *d1+     0.0000  0.0000  0.0000  0.0000  0.0000  0.0000  0.0000  0.0000  0.0000  0.0000  0.0000  0.0000
      *d0      0.0000  0.0000  0.0000  0.0000  0.0000  0.0000  0.0000  0.0000  0.0000  0.0000  0.0000  0.0000
      *d1-     0.0000  0.0000  0.0000  0.0000  0.0000  0.0000  0.0000  0.0000  0.0000  0.0000  0.0000  0.0000
      *d2-     0.0000  0.0000  0.0000  0.0000  0.0000  0.0000  0.0000  0.0000  0.0000  0.0000  0.0000  0.0000
      *f3+     0.0000  0.0000  0.0000  0.0000  0.0000  0.0000  0.0000  0.0000  0.0000  0.0000  0.0000  0.0000
      *f2+     0.0000  0.0000  0.0000  0.0000  0.0000  0.0000  0.0000  0.0000  0.0000  0.0000  0.0000  0.0000
      *f1+     0.0000  0.0000  0.0000  0.0000  0.0000  0.0000  0.0000  0.0000  0.0000  0.0000  0.0000  0.0000
      *f0      0.0000  0.0000  0.0000  0.0000  0.0000  0.0000  0.0000  0.0000  0.0000  0.0000  0.0000  0.0000
      *f1-     0.0000  0.0000  0.0000  0.0000  0.0000  0.0000  0.0000  0.0000  0.0000  0.0000  0.0000  0.0000
      *f2-     0.0000  0.0000  0.0000  0.0000  0.0000  0.0000  0.0000  0.0000  0.0000  0.0000  0.0000  0.0000
      *f3-     0.0000  0.0000  0.0000  0.0000  0.0000  0.0000  0.0000  0.0000  0.0000  0.0000  0.0000  0.0000
      Total   -0.0006 -0.0005  0.0001  0.0007  0.0006  0.0001 -0.0010 -0.0010  0.0001  0.0006  0.0007  0.0001

                NI37    NI38  
      1s       0.0000  0.0000
      2s       0.0000  0.0001
      2px      0.0000  0.0000
      2pz      0.0000  0.0000
      2py      0.0000  0.0000
      3s       0.0027  0.0042
      3px      0.0001  0.0002
      3pz      0.0015  0.0021
      3py      0.0001  0.0001
      4s      -0.0046 -0.0070
      3d2+     0.0041  0.0010
      3d1+     0.2740  0.3948
      3d0      0.0009  0.0053
      3d1-     0.2071  0.0950
      3d2-     0.0044  0.0034
      *s       0.4951  0.7113
      *px      0.0021  0.0024
      *pz      0.0207  0.0311
      *py      0.0007  0.0009
      *d2+     0.0024 -0.0005
      *d1+     0.2512  0.3645
      *d0      0.0001  0.0045
      *d1-     0.1904  0.0865
      *d2-    -0.0009 -0.0012
      *f3+    -0.0000 -0.0000
      *f2+     0.0000  0.0000
      *f1+    -0.0000  0.0000
      *f0      0.0000  0.0000
      *f1-    -0.0000 -0.0000
      *f2-     0.0000  0.0000
      *f3-     0.0000  0.0000
      Total    1.4523  1.6986

      Total electronic spin=    4.000000
--


      Von Neumann Entropy (Root   5) =  2.83509


      Mulliken population analysis for root number:  5
      -----------------------------------------------


++    Molecular charges:
      ------------------

      Mulliken charges per centre and basis function type
      ---------------------------------------------------

                C1      C2      C3      C4      C5      C6      C7      C8      C9      C10     C11     C12   
      1s       0.8546  0.8547  0.8547  0.8546  0.8546  0.8547  0.8547  0.8547  0.8547  0.8547  0.8547  0.8547
      2s       1.1234  1.1233  1.1232  1.1233  1.1233  1.1232  1.1233  1.1233  1.1232  1.1233  1.1233  1.1232
      2px      0.4567  0.4601  0.4575  0.4568  0.4599  0.4575  0.4496  0.4540  0.4649  0.4496  0.4540  0.4649
      2pz      0.3264  0.3300  0.3295  0.3304  0.3302  0.3317  0.3226  0.3220  0.3374  0.3222  0.3225  0.3364
      2py      0.4565  0.4532  0.4614  0.4563  0.4532  0.4613  0.4636  0.4592  0.4600  0.4635  0.4591  0.4600
      3s       0.0000  0.0000  0.0000  0.0000  0.0000  0.0000  0.0000  0.0000  0.0000  0.0000  0.0000  0.0000
      3px      0.0000  0.0000  0.0000  0.0000  0.0000  0.0000  0.0000  0.0000  0.0000  0.0000  0.0000  0.0000
      3pz      0.0000  0.0000  0.0000  0.0000  0.0000  0.0000  0.0000  0.0000  0.0000  0.0000  0.0000  0.0000
      3py      0.0000  0.0000  0.0000  0.0000  0.0000  0.0000  0.0000  0.0000  0.0000  0.0000  0.0000  0.0000
      4s       0.0000  0.0000  0.0000  0.0000  0.0000  0.0000  0.0000  0.0000  0.0000  0.0000  0.0000  0.0000
      3d2+     0.0000  0.0000  0.0000  0.0000  0.0000  0.0000  0.0000  0.0000  0.0000  0.0000  0.0000  0.0000
      3d1+     0.0000  0.0000  0.0000  0.0000  0.0000  0.0000  0.0000  0.0000  0.0000  0.0000  0.0000  0.0000
      3d0      0.0000  0.0000  0.0000  0.0000  0.0000  0.0000  0.0000  0.0000  0.0000  0.0000  0.0000  0.0000
      3d1-     0.0000  0.0000  0.0000  0.0000  0.0000  0.0000  0.0000  0.0000  0.0000  0.0000  0.0000  0.0000
      3d2-     0.0000  0.0000  0.0000  0.0000  0.0000  0.0000  0.0000  0.0000  0.0000  0.0000  0.0000  0.0000
      *s       1.2770  1.2766  1.3760  1.2762  1.2764  1.3760  1.0125  1.0123  1.1039  1.0127  1.0130  1.1038
      *px      0.4286  0.2659  0.4472  0.4281  0.2662  0.4467  0.3666  0.4342  0.3935  0.3673  0.4354  0.3934
      *pz      0.6549  0.6622  0.6063  0.6622  0.6622  0.6105  0.5865  0.5853  0.6245  0.5861  0.5867  0.6230
      *py      0.1486  0.3123  0.3621  0.1489  0.3121  0.3627  0.4630  0.3951  0.3870  0.4641  0.3960  0.3870
      *d2+     0.0502  0.0543  0.0602  0.0506  0.0543  0.0602  0.0421  0.0388  0.0452  0.0423  0.0390  0.0452
      *d1+     0.0255  0.0283  0.0289  0.0253  0.0287  0.0291  0.0227  0.0278  0.0271  0.0230  0.0284  0.0274
      *d0      0.0052  0.0052  0.0028  0.0050  0.0050  0.0028  0.0088  0.0089  0.0059  0.0089  0.0089  0.0059
      *d1-     0.0271  0.0238  0.0287  0.0271  0.0240  0.0281  0.0315  0.0267  0.0243  0.0320  0.0263  0.0243
      *d2-     0.0530  0.0492  0.0633  0.0532  0.0493  0.0633  0.0372  0.0405  0.0507  0.0372  0.0405  0.0507
      *f3+     0.0021  0.0021  0.0021  0.0021  0.0021  0.0021  0.0021  0.0022  0.0022  0.0022  0.0022  0.0022
      *f2+     0.0009  0.0010  0.0011  0.0009  0.0010  0.0011  0.0011  0.0008  0.0008  0.0011  0.0009  0.0008
      *f1+     0.0011  0.0010  0.0011  0.0011  0.0010  0.0011  0.0010  0.0012  0.0011  0.0010  0.0012  0.0011
      *f0      0.0018  0.0018  0.0020  0.0018  0.0018  0.0020  0.0017  0.0017  0.0020  0.0017  0.0017  0.0020
      *f1-     0.0010  0.0011  0.0011  0.0010  0.0011  0.0011  0.0013  0.0010  0.0011  0.0013  0.0010  0.0011
      *f2-     0.0010  0.0009  0.0011  0.0010  0.0009  0.0011  0.0009  0.0011  0.0010  0.0009  0.0011  0.0010
      *f3-     0.0030  0.0030  0.0032  0.0030  0.0030  0.0032  0.0029  0.0029  0.0031  0.0029  0.0029  0.0031
      Total    5.8986  5.9098  6.2135  5.9087  5.9104  6.2196  5.7956  5.7937  5.9137  5.7979  5.7988  5.9114

      N-E      0.1014  0.0902 -0.2135  0.0913  0.0896 -0.2196  0.2044  0.2063  0.0863  0.2021  0.2012  0.0886

                C13     C14     C15     C16     C17     C18     C19     C20     C21     C22     C23     C24   
      1s       0.8548  0.8547  0.8548  0.8548  0.8548  0.8548  0.8547  0.8547  0.8548  0.8548  0.8548  0.8548
      2s       1.1233  1.1233  1.1232  1.1232  1.1232  1.1232  1.1233  1.1233  1.1232  1.1232  1.1232  1.1232
      2px      0.4479  0.4501  0.4719  0.4715  0.4576  0.4520  0.4481  0.4502  0.4719  0.4715  0.4576  0.4520
      2pz      0.3328  0.3336  0.3335  0.3104  0.3094  0.3330  0.3370  0.3363  0.3316  0.3105  0.3102  0.3334
      2py      0.4582  0.4562  0.4482  0.4482  0.4622  0.4682  0.4587  0.4563  0.4483  0.4482  0.4622  0.4681
      3s       0.0000  0.0000  0.0000  0.0000  0.0000  0.0000  0.0000  0.0000  0.0000  0.0000  0.0000  0.0000
      3px      0.0000  0.0000  0.0000  0.0000  0.0000  0.0000  0.0000  0.0000  0.0000  0.0000  0.0000  0.0000
      3pz      0.0000  0.0000  0.0000  0.0000  0.0000  0.0000  0.0000  0.0000  0.0000  0.0000  0.0000  0.0000
      3py      0.0000  0.0000  0.0000  0.0000  0.0000  0.0000  0.0000  0.0000  0.0000  0.0000  0.0000  0.0000
      4s       0.0000  0.0000  0.0000  0.0000  0.0000  0.0000  0.0000  0.0000  0.0000  0.0000  0.0000  0.0000
      3d2+     0.0000  0.0000  0.0000  0.0000  0.0000  0.0000  0.0000  0.0000  0.0000  0.0000  0.0000  0.0000
      3d1+     0.0000  0.0000  0.0000  0.0000  0.0000  0.0000  0.0000  0.0000  0.0000  0.0000  0.0000  0.0000
      3d0      0.0000  0.0000  0.0000  0.0000  0.0000  0.0000  0.0000  0.0000  0.0000  0.0000  0.0000  0.0000
      3d1-     0.0000  0.0000  0.0000  0.0000  0.0000  0.0000  0.0000  0.0000  0.0000  0.0000  0.0000  0.0000
      3d2-     0.0000  0.0000  0.0000  0.0000  0.0000  0.0000  0.0000  0.0000  0.0000  0.0000  0.0000  0.0000
      *s       1.2228  1.2212  1.2454  1.2165  1.2161  1.2456  1.2242  1.2240  1.2459  1.2161  1.2166  1.2452
      *px      0.5356  0.5075  0.5065  0.5131  0.4934  0.5328  0.5355  0.5082  0.5064  0.5132  0.4935  0.5328
      *pz      0.6796  0.6821  0.6895  0.6502  0.6481  0.6881  0.6915  0.6898  0.6851  0.6504  0.6500  0.6892
      *py      0.4925  0.5202  0.5200  0.5127  0.5324  0.4936  0.4930  0.5204  0.5201  0.5126  0.5324  0.4935
      *d2+     0.0280  0.0284  0.0277  0.0280  0.0315  0.0310  0.0281  0.0285  0.0277  0.0280  0.0315  0.0311
      *d1+     0.0119  0.0219  0.0239  0.0280  0.0244  0.0071  0.0117  0.0222  0.0240  0.0278  0.0244  0.0071
      *d0      0.0093  0.0092  0.0052  0.0048  0.0048  0.0052  0.0091  0.0091  0.0052  0.0048  0.0048  0.0052
      *d1-     0.0285  0.0184  0.0114  0.0113  0.0149  0.0282  0.0289  0.0186  0.0113  0.0112  0.0148  0.0282
      *d2-     0.0268  0.0261  0.0330  0.0321  0.0287  0.0297  0.0268  0.0265  0.0330  0.0321  0.0287  0.0297
      *f3+     0.0019  0.0019  0.0019  0.0019  0.0019  0.0019  0.0019  0.0019  0.0019  0.0019  0.0019  0.0019
      *f2+     0.0005  0.0010  0.0009  0.0010  0.0010  0.0003  0.0005  0.0010  0.0009  0.0009  0.0009  0.0003
      *f1+     0.0008  0.0009  0.0009  0.0009  0.0009  0.0009  0.0008  0.0010  0.0009  0.0009  0.0009  0.0009
      *f0      0.0014  0.0014  0.0016  0.0016  0.0016  0.0016  0.0014  0.0014  0.0016  0.0016  0.0016  0.0016
      *f1-     0.0009  0.0008  0.0009  0.0009  0.0009  0.0010  0.0009  0.0008  0.0009  0.0009  0.0009  0.0010
      *f2-     0.0011  0.0006  0.0005  0.0005  0.0005  0.0011  0.0011  0.0006  0.0006  0.0005  0.0005  0.0011
      *f3-     0.0017  0.0017  0.0019  0.0020  0.0020  0.0019  0.0017  0.0017  0.0019  0.0020  0.0020  0.0019
      Total    6.2601  6.2612  6.3029  6.2137  6.2101  6.3011  6.2791  6.2764  6.2971  6.2132  6.2132  6.3021

      N-E     -0.2601 -0.2612 -0.3029 -0.2137 -0.2101 -0.3011 -0.2791 -0.2764 -0.2971 -0.2132 -0.2132 -0.3021

                H25     H26     H27     H28     H29     H30     H31     H32     H33     H34     H35     H36   
      1s       0.2626  0.2626  0.2635  0.2638  0.2638  0.2635  0.2627  0.2627  0.2635  0.2638  0.2638  0.2635
      2s       0.0000  0.0000  0.0000  0.0000  0.0000  0.0000  0.0000  0.0000  0.0000  0.0000  0.0000  0.0000
      2px      0.0000  0.0000  0.0000  0.0000  0.0000  0.0000  0.0000  0.0000  0.0000  0.0000  0.0000  0.0000
      2pz      0.0000  0.0000  0.0000  0.0000  0.0000  0.0000  0.0000  0.0000  0.0000  0.0000  0.0000  0.0000
      2py      0.0000  0.0000  0.0000  0.0000  0.0000  0.0000  0.0000  0.0000  0.0000  0.0000  0.0000  0.0000
      3s       0.0000  0.0000  0.0000  0.0000  0.0000  0.0000  0.0000  0.0000  0.0000  0.0000  0.0000  0.0000
      3px      0.0000  0.0000  0.0000  0.0000  0.0000  0.0000  0.0000  0.0000  0.0000  0.0000  0.0000  0.0000
      3pz      0.0000  0.0000  0.0000  0.0000  0.0000  0.0000  0.0000  0.0000  0.0000  0.0000  0.0000  0.0000
      3py      0.0000  0.0000  0.0000  0.0000  0.0000  0.0000  0.0000  0.0000  0.0000  0.0000  0.0000  0.0000
      4s       0.0000  0.0000  0.0000  0.0000  0.0000  0.0000  0.0000  0.0000  0.0000  0.0000  0.0000  0.0000
      3d2+     0.0000  0.0000  0.0000  0.0000  0.0000  0.0000  0.0000  0.0000  0.0000  0.0000  0.0000  0.0000
      3d1+     0.0000  0.0000  0.0000  0.0000  0.0000  0.0000  0.0000  0.0000  0.0000  0.0000  0.0000  0.0000
      3d0      0.0000  0.0000  0.0000  0.0000  0.0000  0.0000  0.0000  0.0000  0.0000  0.0000  0.0000  0.0000
      3d1-     0.0000  0.0000  0.0000  0.0000  0.0000  0.0000  0.0000  0.0000  0.0000  0.0000  0.0000  0.0000
      3d2-     0.0000  0.0000  0.0000  0.0000  0.0000  0.0000  0.0000  0.0000  0.0000  0.0000  0.0000  0.0000
      *s       0.5680  0.5679  0.5810  0.5781  0.5781  0.5811  0.5686  0.5686  0.5811  0.5781  0.5781  0.5810
      *px      0.0167  0.0066  0.0061  0.0061  0.0064  0.0163  0.0167  0.0066  0.0061  0.0061  0.0064  0.0163
      *pz      0.0050  0.0050  0.0046  0.0041  0.0041  0.0046  0.0051  0.0051  0.0045  0.0041  0.0041  0.0046
      *py      0.0030  0.0131  0.0131  0.0130  0.0127  0.0029  0.0030  0.0131  0.0131  0.0130  0.0127  0.0029
      *d2+     0.0000  0.0000  0.0000  0.0000  0.0000  0.0000  0.0000  0.0000  0.0000  0.0000  0.0000  0.0000
      *d1+     0.0000  0.0000  0.0000  0.0000  0.0000  0.0000  0.0000  0.0000  0.0000  0.0000  0.0000  0.0000
      *d0      0.0000  0.0000  0.0000  0.0000  0.0000  0.0000  0.0000  0.0000  0.0000  0.0000  0.0000  0.0000
      *d1-     0.0000  0.0000  0.0000  0.0000  0.0000  0.0000  0.0000  0.0000  0.0000  0.0000  0.0000  0.0000
      *d2-     0.0000  0.0000  0.0000  0.0000  0.0000  0.0000  0.0000  0.0000  0.0000  0.0000  0.0000  0.0000
      *f3+     0.0000  0.0000  0.0000  0.0000  0.0000  0.0000  0.0000  0.0000  0.0000  0.0000  0.0000  0.0000
      *f2+     0.0000  0.0000  0.0000  0.0000  0.0000  0.0000  0.0000  0.0000  0.0000  0.0000  0.0000  0.0000
      *f1+     0.0000  0.0000  0.0000  0.0000  0.0000  0.0000  0.0000  0.0000  0.0000  0.0000  0.0000  0.0000
      *f0      0.0000  0.0000  0.0000  0.0000  0.0000  0.0000  0.0000  0.0000  0.0000  0.0000  0.0000  0.0000
      *f1-     0.0000  0.0000  0.0000  0.0000  0.0000  0.0000  0.0000  0.0000  0.0000  0.0000  0.0000  0.0000
      *f2-     0.0000  0.0000  0.0000  0.0000  0.0000  0.0000  0.0000  0.0000  0.0000  0.0000  0.0000  0.0000
      *f3-     0.0000  0.0000  0.0000  0.0000  0.0000  0.0000  0.0000  0.0000  0.0000  0.0000  0.0000  0.0000
      Total    0.8552  0.8552  0.8683  0.8651  0.8652  0.8683  0.8561  0.8560  0.8683  0.8652  0.8651  0.8683

      N-E      0.1448  0.1448  0.1317  0.1349  0.1348  0.1317  0.1439  0.1440  0.1317  0.1348  0.1349  0.1317

                NI37    NI38  
      1s       1.9997  1.9997
      2s       2.0006  2.0006
      2px      1.9958  1.9958
      2pz      1.9958  1.9958
      2py      1.9957  1.9958
      3s       1.1552  1.1547
      3px      1.5692  1.5695
      3pz      1.5728  1.5723
      3py      1.5679  1.5678
      4s       0.8201  0.8210
      3d2+     0.9391  0.9449
      3d1+     0.7326  0.6193
      3d0      0.9877  0.9801
      3d1-     0.8009  0.9076
      3d2-     0.9570  0.9599
      *s       0.7165  0.6073
      *px      0.4868  0.4879
      *pz      0.5145  0.5083
      *py      0.4788  0.4790
      *d2+     0.9882  0.9893
      *d1+     0.7288  0.6208
      *d0      0.9924  0.9906
      *d1-     0.7957  0.8972
      *d2-     0.9929  0.9916
      *f3+     0.0000  0.0000
      *f2+     0.0000  0.0000
      *f1+     0.0000  0.0000
      *f0      0.0000  0.0001
      *f1-     0.0000  0.0000
      *f2-     0.0000  0.0000
      *f3-     0.0000  0.0000
      Total   27.7848 27.6569

      N-E      0.2152  0.3431

      Total electronic charge=  212.000000

      Total            charge=   -0.000000
--



      Expectation values of various properties for root number:  5
      -----------------------------------------------------------


++    Molecular properties:
      ---------------------

      Charge (e):
                      =   -0.0000
      Dipole Moment (Debye):
      Origin of the operator (Ang)=    0.0000    0.0000    0.0000
                   X= -6.3370E-01               Y= -4.3874E-01               Z=  2.6591E+00           Total=  2.7685E+00
      Quadrupole Moment (Debye*Ang):
      Origin of the operator (Ang)=    0.0000   -0.0000    0.5165
                  XX= -1.4480E+02              XY=  2.8312E+00              XZ= -2.4012E+00              YY= -1.4796E+02
                  YZ= -1.3962E+00              ZZ= -1.8007E+02
      In traceless form (Debye*Ang)
                  XX=  1.9210E+01              XY=  4.2468E+00              XZ= -3.6018E+00              YY=  1.4473E+01
                  YZ= -2.0943E+00              ZZ= -3.3683E+01
--


      Mulliken spin population analysis for root number:  5
      ---------------------------------------------------


++    Molecular charges:
      ------------------

      Mulliken spin population per centre and basis function type
      ---------------------------------------------------

                C1      C2      C3      C4      C5      C6      C7      C8      C9      C10     C11     C12   
      1s       0.0000  0.0000  0.0000  0.0000  0.0000  0.0000  0.0000  0.0000  0.0000  0.0000  0.0000  0.0000
      2s      -0.0001 -0.0001 -0.0000 -0.0001 -0.0001 -0.0000 -0.0000 -0.0000 -0.0000 -0.0000 -0.0000 -0.0000
      2px      0.0001  0.0003  0.0001  0.0000  0.0004  0.0002  0.0004  0.0004  0.0000  0.0003  0.0004  0.0001
      2pz      0.0148  0.0132  0.0069  0.0156  0.0148  0.0080  0.0082  0.0080  0.0247  0.0078  0.0082  0.0256
      2py      0.0004  0.0001  0.0002  0.0005  0.0001  0.0002  0.0001  0.0001  0.0001  0.0002  0.0001  0.0001
      3s       0.0000  0.0000  0.0000  0.0000  0.0000  0.0000  0.0000  0.0000  0.0000  0.0000  0.0000  0.0000
      3px      0.0000  0.0000  0.0000  0.0000  0.0000  0.0000  0.0000  0.0000  0.0000  0.0000  0.0000  0.0000
      3pz      0.0000  0.0000  0.0000  0.0000  0.0000  0.0000  0.0000  0.0000  0.0000  0.0000  0.0000  0.0000
      3py      0.0000  0.0000  0.0000  0.0000  0.0000  0.0000  0.0000  0.0000  0.0000  0.0000  0.0000  0.0000
      4s       0.0000  0.0000  0.0000  0.0000  0.0000  0.0000  0.0000  0.0000  0.0000  0.0000  0.0000  0.0000
      3d2+     0.0000  0.0000  0.0000  0.0000  0.0000  0.0000  0.0000  0.0000  0.0000  0.0000  0.0000  0.0000
      3d1+     0.0000  0.0000  0.0000  0.0000  0.0000  0.0000  0.0000  0.0000  0.0000  0.0000  0.0000  0.0000
      3d0      0.0000  0.0000  0.0000  0.0000  0.0000  0.0000  0.0000  0.0000  0.0000  0.0000  0.0000  0.0000
      3d1-     0.0000  0.0000  0.0000  0.0000  0.0000  0.0000  0.0000  0.0000  0.0000  0.0000  0.0000  0.0000
      3d2-     0.0000  0.0000  0.0000  0.0000  0.0000  0.0000  0.0000  0.0000  0.0000  0.0000  0.0000  0.0000
      *s      -0.0089 -0.0089 -0.0099 -0.0079 -0.0085 -0.0101  0.0047  0.0050  0.0000  0.0055  0.0056  0.0000
      *px     -0.0033 -0.0005  0.0039 -0.0041 -0.0001  0.0031  0.0027 -0.0001 -0.0021  0.0034  0.0001 -0.0020
      *pz      0.0212  0.0173  0.0101  0.0223  0.0207  0.0121  0.0047  0.0042  0.0403  0.0064  0.0071  0.0417
      *py     -0.0005 -0.0031  0.0015  0.0004 -0.0037  0.0019 -0.0025  0.0001  0.0003 -0.0026  0.0007  0.0003
      *d2+     0.0000  0.0001  0.0000 -0.0001  0.0003  0.0000  0.0001 -0.0001 -0.0000  0.0001 -0.0001 -0.0000
      *d1+     0.0010  0.0014  0.0031  0.0009  0.0019  0.0035  0.0019  0.0049  0.0007  0.0021  0.0059  0.0010
      *d0      0.0008  0.0008  0.0001  0.0006  0.0006  0.0001  0.0005  0.0004  0.0000  0.0005  0.0005  0.0000
      *d1-     0.0015  0.0008  0.0030  0.0015  0.0008  0.0026  0.0051  0.0017  0.0011  0.0052  0.0015  0.0010
      *d2-     0.0003  0.0000  0.0000  0.0003  0.0000  0.0000 -0.0001  0.0001 -0.0000 -0.0001  0.0001 -0.0000
      *f3+     0.0000  0.0000  0.0000  0.0000  0.0000  0.0000  0.0000  0.0000  0.0000  0.0000  0.0000  0.0000
      *f2+     0.0000  0.0001  0.0001  0.0000  0.0001  0.0001  0.0000  0.0001  0.0000  0.0000  0.0001  0.0000
      *f1+     0.0000  0.0000  0.0000  0.0000  0.0000  0.0000  0.0000  0.0000  0.0000  0.0000  0.0000  0.0000
      *f0      0.0000  0.0000  0.0000  0.0000  0.0000 -0.0000  0.0000  0.0000 -0.0000  0.0000  0.0000 -0.0000
      *f1-     0.0000  0.0000  0.0000  0.0000  0.0000  0.0000  0.0000  0.0000 -0.0000  0.0000  0.0000 -0.0000
      *f2-     0.0000  0.0000  0.0001  0.0000  0.0000  0.0001  0.0001  0.0001  0.0000  0.0001  0.0001  0.0000
      *f3-     0.0000  0.0000  0.0000  0.0000  0.0000  0.0000  0.0000  0.0000  0.0000  0.0000  0.0000  0.0000
      Total    0.0274  0.0217  0.0193  0.0302  0.0275  0.0219  0.0260  0.0250  0.0653  0.0289  0.0302  0.0678

                C13     C14     C15     C16     C17     C18     C19     C20     C21     C22     C23     C24   
      1s       0.0000  0.0001  0.0000  0.0000  0.0000  0.0000  0.0000  0.0000  0.0000  0.0000  0.0000  0.0000
      2s      -0.0001 -0.0001 -0.0000 -0.0000 -0.0000 -0.0000 -0.0001 -0.0001 -0.0000 -0.0000 -0.0000 -0.0000
      2px      0.0011  0.0008  0.0001  0.0000  0.0000  0.0000  0.0011  0.0010  0.0001  0.0000  0.0000  0.0000
      2pz      0.0237  0.0224  0.0200  0.0015  0.0012  0.0196  0.0260  0.0260  0.0199  0.0014  0.0019  0.0212
      2py      0.0007  0.0010  0.0000  0.0000  0.0000  0.0001  0.0005  0.0007  0.0000  0.0000  0.0000  0.0002
      3s       0.0000  0.0000  0.0000  0.0000  0.0000  0.0000  0.0000  0.0000  0.0000  0.0000  0.0000  0.0000
      3px      0.0000  0.0000  0.0000  0.0000  0.0000  0.0000  0.0000  0.0000  0.0000  0.0000  0.0000  0.0000
      3pz      0.0000  0.0000  0.0000  0.0000  0.0000  0.0000  0.0000  0.0000  0.0000  0.0000  0.0000  0.0000
      3py      0.0000  0.0000  0.0000  0.0000  0.0000  0.0000  0.0000  0.0000  0.0000  0.0000  0.0000  0.0000
      4s       0.0000  0.0000  0.0000  0.0000  0.0000  0.0000  0.0000  0.0000  0.0000  0.0000  0.0000  0.0000
      3d2+     0.0000  0.0000  0.0000  0.0000  0.0000  0.0000  0.0000  0.0000  0.0000  0.0000  0.0000  0.0000
      3d1+     0.0000  0.0000  0.0000  0.0000  0.0000  0.0000  0.0000  0.0000  0.0000  0.0000  0.0000  0.0000
      3d0      0.0000  0.0000  0.0000  0.0000  0.0000  0.0000  0.0000  0.0000  0.0000  0.0000  0.0000  0.0000
      3d1-     0.0000  0.0000  0.0000  0.0000  0.0000  0.0000  0.0000  0.0000  0.0000  0.0000  0.0000  0.0000
      3d2-     0.0000  0.0000  0.0000  0.0000  0.0000  0.0000  0.0000  0.0000  0.0000  0.0000  0.0000  0.0000
      *s      -0.0118 -0.0101 -0.0041  0.0020  0.0016 -0.0032 -0.0089 -0.0095 -0.0033  0.0017  0.0019 -0.0040
      *px      0.0015  0.0018  0.0000 -0.0000 -0.0001 -0.0006  0.0022  0.0023  0.0000  0.0000  0.0000 -0.0006
      *pz      0.0480  0.0456  0.0401  0.0046  0.0035  0.0387  0.0548  0.0544  0.0394  0.0040  0.0055  0.0426
      *py      0.0008  0.0009 -0.0012  0.0004  0.0004 -0.0002  0.0007  0.0006 -0.0009  0.0003  0.0004 -0.0003
      *d2+     0.0003  0.0000  0.0000  0.0001  0.0000 -0.0000  0.0004 -0.0000 -0.0000  0.0001  0.0000 -0.0000
      *d1+    -0.0001  0.0015  0.0008  0.0049  0.0042  0.0004  0.0000  0.0017  0.0008  0.0051  0.0044  0.0004
      *d0      0.0012  0.0012  0.0001  0.0000  0.0000  0.0001  0.0010  0.0010  0.0001  0.0000  0.0000  0.0001
      *d1-     0.0021  0.0008  0.0007  0.0012  0.0019  0.0011  0.0025  0.0008  0.0007  0.0012  0.0020  0.0011
      *d2-    -0.0000  0.0006 -0.0000  0.0000  0.0000 -0.0000 -0.0000  0.0003 -0.0000  0.0000  0.0000 -0.0000
      *f3+     0.0000  0.0000  0.0000  0.0000  0.0000  0.0000  0.0000  0.0000  0.0000  0.0000  0.0000  0.0000
      *f2+     0.0000  0.0000  0.0000  0.0001  0.0001  0.0000  0.0000  0.0000  0.0000  0.0001  0.0001  0.0000
      *f1+     0.0000  0.0000  0.0000  0.0000  0.0000  0.0000  0.0001  0.0000  0.0000  0.0000  0.0000  0.0000
      *f0      0.0000  0.0000 -0.0000 -0.0000 -0.0000 -0.0000  0.0000  0.0000 -0.0000 -0.0000 -0.0000 -0.0000
      *f1-     0.0000  0.0001  0.0000  0.0000  0.0000  0.0000  0.0000  0.0001  0.0000  0.0000  0.0000  0.0000
      *f2-     0.0001  0.0001  0.0000  0.0000  0.0000  0.0000  0.0001  0.0001  0.0000  0.0001  0.0000  0.0000
      *f3-     0.0000  0.0000  0.0000  0.0000  0.0000  0.0000  0.0000  0.0000  0.0000  0.0000  0.0000  0.0000
      Total    0.0676  0.0667  0.0566  0.0148  0.0130  0.0559  0.0805  0.0796  0.0569  0.0139  0.0164  0.0607

                H25     H26     H27     H28     H29     H30     H31     H32     H33     H34     H35     H36   
      1s       0.0001  0.0002  0.0000  0.0000  0.0000  0.0000  0.0001  0.0001  0.0000  0.0000  0.0000  0.0000
      2s       0.0000  0.0000  0.0000  0.0000  0.0000  0.0000  0.0000  0.0000  0.0000  0.0000  0.0000  0.0000
      2px      0.0000  0.0000  0.0000  0.0000  0.0000  0.0000  0.0000  0.0000  0.0000  0.0000  0.0000  0.0000
      2pz      0.0000  0.0000  0.0000  0.0000  0.0000  0.0000  0.0000  0.0000  0.0000  0.0000  0.0000  0.0000
      2py      0.0000  0.0000  0.0000  0.0000  0.0000  0.0000  0.0000  0.0000  0.0000  0.0000  0.0000  0.0000
      3s       0.0000  0.0000  0.0000  0.0000  0.0000  0.0000  0.0000  0.0000  0.0000  0.0000  0.0000  0.0000
      3px      0.0000  0.0000  0.0000  0.0000  0.0000  0.0000  0.0000  0.0000  0.0000  0.0000  0.0000  0.0000
      3pz      0.0000  0.0000  0.0000  0.0000  0.0000  0.0000  0.0000  0.0000  0.0000  0.0000  0.0000  0.0000
      3py      0.0000  0.0000  0.0000  0.0000  0.0000  0.0000  0.0000  0.0000  0.0000  0.0000  0.0000  0.0000
      4s       0.0000  0.0000  0.0000  0.0000  0.0000  0.0000  0.0000  0.0000  0.0000  0.0000  0.0000  0.0000
      3d2+     0.0000  0.0000  0.0000  0.0000  0.0000  0.0000  0.0000  0.0000  0.0000  0.0000  0.0000  0.0000
      3d1+     0.0000  0.0000  0.0000  0.0000  0.0000  0.0000  0.0000  0.0000  0.0000  0.0000  0.0000  0.0000
      3d0      0.0000  0.0000  0.0000  0.0000  0.0000  0.0000  0.0000  0.0000  0.0000  0.0000  0.0000  0.0000
      3d1-     0.0000  0.0000  0.0000  0.0000  0.0000  0.0000  0.0000  0.0000  0.0000  0.0000  0.0000  0.0000
      3d2-     0.0000  0.0000  0.0000  0.0000  0.0000  0.0000  0.0000  0.0000  0.0000  0.0000  0.0000  0.0000
      *s      -0.0008 -0.0008  0.0001  0.0001  0.0001  0.0001 -0.0006 -0.0006  0.0001  0.0001  0.0000  0.0001
      *px      0.0001  0.0000  0.0000  0.0000  0.0000  0.0000  0.0001  0.0000  0.0000  0.0000 -0.0000  0.0000
      *pz      0.0007  0.0006  0.0005  0.0000  0.0000  0.0005  0.0007  0.0007  0.0005  0.0000  0.0000  0.0005
      *py      0.0000  0.0000  0.0000  0.0000  0.0000  0.0000  0.0000  0.0000  0.0000  0.0000  0.0000  0.0000
      *d2+     0.0000  0.0000  0.0000  0.0000  0.0000  0.0000  0.0000  0.0000  0.0000  0.0000  0.0000  0.0000
      *d1+     0.0000  0.0000  0.0000  0.0000  0.0000  0.0000  0.0000  0.0000  0.0000  0.0000  0.0000  0.0000
      *d0      0.0000  0.0000  0.0000  0.0000  0.0000  0.0000  0.0000  0.0000  0.0000  0.0000  0.0000  0.0000
      *d1-     0.0000  0.0000  0.0000  0.0000  0.0000  0.0000  0.0000  0.0000  0.0000  0.0000  0.0000  0.0000
      *d2-     0.0000  0.0000  0.0000  0.0000  0.0000  0.0000  0.0000  0.0000  0.0000  0.0000  0.0000  0.0000
      *f3+     0.0000  0.0000  0.0000  0.0000  0.0000  0.0000  0.0000  0.0000  0.0000  0.0000  0.0000  0.0000
      *f2+     0.0000  0.0000  0.0000  0.0000  0.0000  0.0000  0.0000  0.0000  0.0000  0.0000  0.0000  0.0000
      *f1+     0.0000  0.0000  0.0000  0.0000  0.0000  0.0000  0.0000  0.0000  0.0000  0.0000  0.0000  0.0000
      *f0      0.0000  0.0000  0.0000  0.0000  0.0000  0.0000  0.0000  0.0000  0.0000  0.0000  0.0000  0.0000
      *f1-     0.0000  0.0000  0.0000  0.0000  0.0000  0.0000  0.0000  0.0000  0.0000  0.0000  0.0000  0.0000
      *f2-     0.0000  0.0000  0.0000  0.0000  0.0000  0.0000  0.0000  0.0000  0.0000  0.0000  0.0000  0.0000
      *f3-     0.0000  0.0000  0.0000  0.0000  0.0000  0.0000  0.0000  0.0000  0.0000  0.0000  0.0000  0.0000
      Total    0.0001  0.0001  0.0006  0.0001  0.0001  0.0006  0.0003  0.0003  0.0006  0.0001  0.0001  0.0006

                NI37    NI38  
      1s       0.0000  0.0000
      2s       0.0001  0.0001
      2px      0.0000  0.0000
      2pz      0.0000  0.0000
      2py      0.0000  0.0000
      3s       0.0042  0.0034
      3px      0.0002  0.0002
      3pz      0.0017  0.0013
      3py      0.0004  0.0004
      4s      -0.0067 -0.0055
      3d2+     0.0064  0.0062
      3d1+     0.2770  0.3920
      3d0      0.0009  0.0048
      3d1-     0.2071  0.0990
      3d2-     0.0018  0.0021
      *s       0.5926  0.4796
      *px      0.0010  0.0011
      *pz      0.0289  0.0232
      *py     -0.0011 -0.0010
      *d2+     0.0007 -0.0013
      *d1+     0.2540  0.3621
      *d0      0.0019  0.0056
      *d1-     0.1898  0.0894
      *d2-    -0.0004 -0.0006
      *f3+     0.0000  0.0000
      *f2+     0.0000  0.0000
      *f1+    -0.0000  0.0000
      *f0      0.0000  0.0000
      *f1-     0.0000  0.0000
      *f2-     0.0000  0.0000
      *f3-     0.0000  0.0000
      Total    1.5605  1.4621

      Total electronic spin=    4.000000
--



      Input file to MOLDEN was generated!


      Input file to MOLDEN was generated!


      Input file to MOLDEN was generated!


      Input file to MOLDEN was generated!


      Input file to MOLDEN was generated!


      Input file to MOLDEN was generated!

      Canonical orbitals are written to the RASORB file
      Natural orbitals for root   1 are written to the RASORB.1 file
      Natural orbitals for root   2 are written to the RASORB.2 file
      Natural orbitals for root   3 are written to the RASORB.3 file
      Natural orbitals for root   4 are written to the RASORB.4 file
      Natural orbitals for root   5 are written to the RASORB.5 file
      Spin density orbitals for root   1 are written to the SPDORB.1 file
      Spin density orbitals for root   2 are written to the SPDORB.2 file
      Spin density orbitals for root   3 are written to the SPDORB.3 file
      Spin density orbitals for root   4 are written to the SPDORB.4 file
      Spin density orbitals for root   5 are written to the SPDORB.5 file

Note: The following floating-point exceptions are signalling: IEEE_UNDERFLOW_FLAG IEEE_DENORMAL
--- Stop Module: rasscf at Wed Jul  1 19:13:16 2026 /rc=_RC_ALL_IS_WELL_ ---
*** files: caspt2_Q_ipea00.rasscf.molden caspt2_Q_ipea00.rasscf.molden.1 caspt2_Q_ipea00.rasscf.molden.2 caspt2_Q_ipea00.rasscf.molden.3 caspt2_Q_ipea00.rasscf.molden.4
           caspt2_Q_ipea00.rasscf.molden.5 caspt2_Q_ipea00.RasOrb caspt2_Q_ipea00.RasOrb.1 caspt2_Q_ipea00.RasOrb.2 caspt2_Q_ipea00.RasOrb.3 caspt2_Q_ipea00.RasOrb.4
           caspt2_Q_ipea00.RasOrb.5 caspt2_Q_ipea00.rasscf.h5 caspt2_Q_ipea00.SpdOrb.1 caspt2_Q_ipea00.SpdOrb.2 caspt2_Q_ipea00.SpdOrb.3 caspt2_Q_ipea00.SpdOrb.4
           caspt2_Q_ipea00.SpdOrb.5 xmldump
    saved to directory <scratch-path-omitted>
--- Module rasscf spent 35 minutes 1 second ---

*** symbolic link created: INPORB -> caspt2_Q_ipea00.RasOrb
--- Start Module: caspt2 at Wed Jul  1 19:13:16 2026 ---

()()()()()()()()()()()()()()()()()()()()()()()()()()()()()()()()()()()()()()()()()()()()()()()()()()

                                              &CASPT2

                       only a single process is used, running in SERIAL mode
                       available to each process: 12 GB of memory, 1 thread?
                                            pid: 1995441
()()()()()()()()()()()()()()()()()()()()()()()()()()()()()()()()()()()()()()()()()()()()()()()()()()


++    Wave function specifications:
      -----------------------------

      Number of closed shell electrons         128
      Number of electrons in active shells      12
      Max number of holes in RAS1 space          0
      Max number of electrons in RAS3 space      0
      Number of inactive orbitals               64
      Number of active orbitals                 12
      Number of secondary orbitals             794
      Spin quantum number                      2.0
      State symmetry                             1
      Number of CSFs                        196625
      Number of CASSCF root(s) available         5
      CASPT2 state passed to geometry opt.       5
      A file JOBMIX will be created
      This is a MULTI-STATE CASSCF reference
      Number of CI roots used                    5
      These are:                                 1   2   3   4   5
      Off-diagonal elements of Heff are computed
--

++    Orbital specifications:
      -----------------------

      Symmetry species                           1
                                                 a
      Frozen orbitals                           36
      Inactive orbitals                         64
      Active orbitals                           12
      Secondary orbitals                       794
      Deleted orbitals                           0
      Number of basis functions                906
--

++    CASPT2 specifications:
      ----------------------

      Type of calculation                        MS-CASPT2
      Fock operator                              state-specific
      IPEA shift                                 0.00
      Real shift                                 0.00
      Imaginary shift                            0.20
      The input orbitals will be transformed to quasi-canonical
--

--------------------------------------------------------------------------------
 Estimated memory requirements:
  POLY3 :                 47249703
  RHS:                  1316236000
  SIGMA :               1313208400
  PRPCTL:                        0
 Available workspace:   1348288997

++ CASPT2 computation for group   1

********************************************************************************
 Multi-State initialization phase begins for group   1
--------------------------------------------------------------------------------
********************************************************************************
 Compute H0 matrices for state    1
--------------------------------------------------------------------------------
--------------------------------------------------------------------------------
 H0 matrices have been computed.

********************************************************************************
  CASPT2 EQUATION SOLUTION
--------------------------------------------------------------------------------

  Total nr of CASPT2 parameters:
   Before reduction:  1876168956
   After  reduction:  1876168956

 Variance of |WF0>:      23.3883391039

 The contributions to the second order correlation energy in atomic units.
-----------------------------------------------------------------------------------------------------------------------------
  IT.      VJTU        VJTI        ATVX        AIVX        VJAI        BVAT        BJAT        BJAI        TOTAL       RNORM  
-----------------------------------------------------------------------------------------------------------------------------
   1    -0.042136   -0.027872   -0.016194   -0.153469   -0.382131   -0.088708   -0.776456   -3.504436   -4.991403    0.014711
   2    -0.043880   -0.027986   -0.016378   -0.154301   -0.382525   -0.089011   -0.777769   -3.505125   -4.996976    0.002959
   3    -0.043989   -0.027994   -0.016401   -0.154293   -0.382530   -0.089050   -0.777872   -3.505151   -4.997279    0.000403
   4    -0.044002   -0.027991   -0.016394   -0.154260   -0.382515   -0.089039   -0.777814   -3.505120   -4.997134    0.000062
   5    -0.044004   -0.027990   -0.016393   -0.154258   -0.382515   -0.089038   -0.777812   -3.505119   -4.997129    0.000009
   6    -0.044004   -0.027990   -0.016393   -0.154259   -0.382515   -0.089039   -0.777813   -3.505120   -4.997132    0.000001
-----------------------------------------------------------------------------------------------------------------------------

  FINAL CASPT2 RESULT:

      Reference energy:       -3929.6856830532
      E2 (Non-variational):      -4.9971323494
      Shift correction:          -0.0364328725
      E2 (Variational):          -5.0335652218
      Total energy:           -3934.7192482750
      Residual norm:              0.0000002228
      Reference weight:           0.37467

      Contributions to the CASPT2 correlation energy
      Active & Virtual Only:         -0.1054318250
      One Inactive Excited:          -0.9760750466
      Two Inactive Excited:          -3.9156254777


++ Denominators, etc.
--------------------------------------------------------------------------------------------------------------
 Report on small energy denominators, large coefficients, and large energy contributions.
CASE  SYMM ACTIVE-MIX  NON-ACTIVE INDICES          DENOMINATOR     RHS VALUE       COEFFICIENT     CONTRIBUTION
VJTU     1  Mu1.0001  In1.089                       0.39698657      0.01315169     -0.02730208     -0.00035907
VJTU     1  Mu1.0002  In1.092                       0.36453949      0.03627125     -0.07295387     -0.00264613
VJTU     1  Mu1.0004  In1.092                       0.37959851      0.01571425     -0.03187208     -0.00050085
VJTU     1  Mu1.0001  In1.094                       0.34931861      0.01320262     -0.02936036     -0.00038763
VJTU     1  Mu1.0002  In1.096                       0.34445017      0.03985978     -0.08333625     -0.00332176
VJTU     1  Mu1.0004  In1.096                       0.35950919      0.02044465     -0.04001125     -0.00081802
VJTU     1  Mu1.0001  In1.097                       0.33738387      0.02031093     -0.04484736     -0.00091089
VJTU     1  Mu1.0002  In1.097                       0.34668830     -0.02543709      0.04983852     -0.00126775
VJTU     1  Mu1.0004  In1.097                       0.36174731     -0.01507151      0.02772652     -0.00041788
VJTU     1  Mu1.0002  In1.099                       0.31929292     -0.04583978      0.10027470     -0.00459657
VJTU     1  Mu1.0004  In1.099                       0.33435193     -0.02034642      0.04543956     -0.00092453
VJTU     1  Mu1.0013  In1.099                       0.38190274     -0.01627983      0.03284522     -0.00053471
VJTU     1  Mu1.0001  In1.100                       0.28537464      0.00247960     -0.00564078     -0.00001399
VJTU     1  Mu1.0002  In1.100                       0.29467906      0.01042070     -0.02251701     -0.00023464
ATVX     1  Mu1.0001  Se1.113                       0.08175723      0.00014366     -0.00023153     -0.00000003
ATVX     1  Mu1.0002  Se1.113                       0.09194604      0.00084699     -0.00195945     -0.00000166
ATVX     1  Mu1.0003  Se1.113                       0.09847189     -0.00003716     -0.00000399      0.00000000
ATVX     1  Mu1.0004  Se1.113                       0.10679822     -0.00153482      0.00336874     -0.00000517
ATVX     1  Mu1.0005  Se1.113                       0.13816676     -0.00001883      0.00009911     -0.00000000
ATVX     1  Mu1.0006  Se1.113                       0.14518948     -0.00003563      0.00002308     -0.00000000
ATVX     1  Mu1.0007  Se1.113                       0.15085068     -0.00002335     -0.00001882      0.00000000
ATVX     1  Mu1.0008  Se1.113                       0.15513566     -0.00230923      0.00549087     -0.00001268
ATVX     1  Mu1.0009  Se1.113                       0.16169431     -0.00014832      0.00031019     -0.00000005
ATVX     1  Mu1.0010  Se1.113                       0.16350890      0.00025865     -0.00053101     -0.00000014
ATVX     1  Mu1.0011  Se1.113                       0.16786260     -0.00046482      0.00101926     -0.00000047
ATVX     1  Mu1.0012  Se1.113                       0.16961462      0.00007650     -0.00025736     -0.00000002
ATVX     1  Mu1.0013  Se1.113                       0.17303242     -0.00159202      0.00384332     -0.00000612
ATVX     1  Mu1.0014  Se1.113                       0.17562144     -0.00004919     -0.00000825      0.00000000
ATVX     1  Mu1.0015  Se1.113                       0.17874199      0.00002643      0.00000650      0.00000000
ATVX     1  Mu1.0016  Se1.113                       0.18572435     -0.00004632     -0.00006456      0.00000000
ATVX     1  Mu1.0017  Se1.113                       0.19319701     -0.00002800      0.00007982     -0.00000000
ATVX     1  Mu1.0018  Se1.113                       0.19639582      0.00008338     -0.00014195     -0.00000001
ATVX     1  Mu1.0019  Se1.113                       0.19957737     -0.00054699      0.00121179     -0.00000066
ATVX     1  Mu1.0020  Se1.113                       0.20250327     -0.00001973      0.00004471     -0.00000000
ATVX     1  Mu1.0021  Se1.113                       0.20811051      0.00005904     -0.00013209     -0.00000001
ATVX     1  Mu1.0022  Se1.113                       0.20927716      0.00000713     -0.00013771     -0.00000000
ATVX     1  Mu1.0023  Se1.113                       0.21675047     -0.00002437      0.00007717     -0.00000000
ATVX     1  Mu1.0024  Se1.113                       0.22001496      0.00003546     -0.00006163     -0.00000000
ATVX     1  Mu1.0025  Se1.113                       0.22544528      0.00119072     -0.00297800     -0.00000355
ATVX     1  Mu1.0026  Se1.113                       0.22678451      0.00089127     -0.00223576     -0.00000199
ATVX     1  Mu1.0027  Se1.113                       0.23217755      0.00010473     -0.00018606     -0.00000002
ATVX     1  Mu1.0028  Se1.113                       0.23337589     -0.00005205      0.00012640     -0.00000001
ATVX     1  Mu1.0001  Se1.114                       0.11502341     -0.00034348      0.00077959     -0.00000027
ATVX     1  Mu1.0002  Se1.114                       0.12521221      0.00021139     -0.00055753     -0.00000012
ATVX     1  Mu1.0003  Se1.114                       0.13173807      0.00065691     -0.00187488     -0.00000123
ATVX     1  Mu1.0004  Se1.114                       0.14006440     -0.00038245      0.00109381     -0.00000042
ATVX     1  Mu1.0005  Se1.114                       0.17143294      0.00059913     -0.00147572     -0.00000088
ATVX     1  Mu1.0006  Se1.114                       0.17845565     -0.00006313      0.00011075     -0.00000001
ATVX     1  Mu1.0007  Se1.114                       0.18411685     -0.00133512      0.00334421     -0.00000446
ATVX     1  Mu1.0008  Se1.114                       0.18840184      0.00008358     -0.00020832     -0.00000002
ATVX     1  Mu1.0009  Se1.114                       0.19496048      0.00024507     -0.00080375     -0.00000020
ATVX     1  Mu1.0010  Se1.114                       0.19677508     -0.00029448      0.00062262     -0.00000018
ATVX     1  Mu1.0011  Se1.114                       0.20112878     -0.00000162      0.00001058     -0.00000000
ATVX     1  Mu1.0012  Se1.114                       0.20288079     -0.00004314      0.00006462     -0.00000000
ATVX     1  Mu1.0013  Se1.114                       0.20629859     -0.00015297      0.00030506     -0.00000005
ATVX     1  Mu1.0014  Se1.114                       0.20888762      0.00042567     -0.00095010     -0.00000040
ATVX     1  Mu1.0015  Se1.114                       0.21200816      0.00017615     -0.00047607     -0.00000008
ATVX     1  Mu1.0016  Se1.114                       0.21899052      0.00001116     -0.00009099     -0.00000000
ATVX     1  Mu1.0017  Se1.114                       0.22646319      0.00001493     -0.00007247     -0.00000000
ATVX     1  Mu1.0018  Se1.114                       0.22966200      0.00012979     -0.00025878     -0.00000003
ATVX     1  Mu1.0019  Se1.114                       0.23284355      0.00006494     -0.00022940     -0.00000001
ATVX     1  Mu1.0020  Se1.114                       0.23576945     -0.00130341      0.00312920     -0.00000408
ATVX     1  Mu1.0021  Se1.114                       0.24137668     -0.00000086      0.00016409     -0.00000000
ATVX     1  Mu1.0022  Se1.114                       0.24254334     -0.00018590      0.00041102     -0.00000008
ATVX     1  Mu1.0023  Se1.114                       0.25001665      0.00000465      0.00004028      0.00000000
ATVX     1  Mu1.0024  Se1.114                       0.25328113      0.00001844     -0.00005992     -0.00000000
ATVX     1  Mu1.0025  Se1.114                       0.25871146      0.00007144     -0.00018490     -0.00000001
ATVX     1  Mu1.0026  Se1.114                       0.26005068     -0.00007453      0.00021539     -0.00000002
ATVX     1  Mu1.0027  Se1.114                       0.26544373     -0.00002477      0.00001837     -0.00000000
ATVX     1  Mu1.0028  Se1.114                       0.26664207      0.00006609     -0.00003495     -0.00000000
ATVX     1  Mu1.0001  Se1.115                       0.11889014      0.00003984      0.00005912      0.00000000
ATVX     1  Mu1.0002  Se1.115                       0.12907894      0.00020163     -0.00107771     -0.00000022
ATVX     1  Mu1.0003  Se1.115                       0.13560479      0.00019442     -0.00042503     -0.00000008
ATVX     1  Mu1.0004  Se1.115                       0.14393113     -0.00064007      0.00125218     -0.00000080
ATVX     1  Mu1.0005  Se1.115                       0.17529967     -0.00001161      0.00003361     -0.00000000
ATVX     1  Mu1.0006  Se1.115                       0.18232238     -0.00005186      0.00008533     -0.00000000
ATVX     1  Mu1.0007  Se1.115                       0.18798358      0.00001776     -0.00004029     -0.00000000
ATVX     1  Mu1.0008  Se1.115                       0.19226857     -0.00056896      0.00120765     -0.00000069
ATVX     1  Mu1.0009  Se1.115                       0.19882721     -0.00002194      0.00004289     -0.00000000
ATVX     1  Mu1.0010  Se1.115                       0.20064180      0.00008638     -0.00017110     -0.00000001
ATVX     1  Mu1.0011  Se1.115                       0.20499550      0.00001696      0.00001322      0.00000000
ATVX     1  Mu1.0012  Se1.115                       0.20674752      0.00012683     -0.00021518     -0.00000003
ATVX     1  Mu1.0013  Se1.115                       0.21016532     -0.00042187      0.00098915     -0.00000042
ATVX     1  Mu1.0014  Se1.115                       0.21275434      0.00000778     -0.00000331     -0.00000000
ATVX     1  Mu1.0015  Se1.115                       0.21587489      0.00008105     -0.00015782     -0.00000001
ATVX     1  Mu1.0016  Se1.115                       0.22285725      0.00012964     -0.00028799     -0.00000004
ATVX     1  Mu1.0017  Se1.115                       0.23032991     -0.00002642      0.00004982     -0.00000000
ATVX     1  Mu1.0018  Se1.115                       0.23352872      0.00001048      0.00000489      0.00000000
ATVX     1  Mu1.0019  Se1.115                       0.23671027      0.00009626     -0.00023002     -0.00000002
ATVX     1  Mu1.0020  Se1.115                       0.23963617      0.00001205     -0.00003734     -0.00000000
ATVX     1  Mu1.0021  Se1.115                       0.24524341      0.00003115     -0.00005227     -0.00000000
ATVX     1  Mu1.0022  Se1.115                       0.24641007      0.00004430     -0.00009316     -0.00000000
ATVX     1  Mu1.0023  Se1.115                       0.25388337     -0.00003104      0.00009122     -0.00000000
ATVX     1  Mu1.0024  Se1.115                       0.25714786      0.00000838      0.00001766      0.00000000
ATVX     1  Mu1.0025  Se1.115                       0.26257818      0.00025793     -0.00048997     -0.00000013
ATVX     1  Mu1.0026  Se1.115                       0.26391741      0.00017490     -0.00032647     -0.00000006
ATVX     1  Mu1.0027  Se1.115                       0.26931046      0.00004177     -0.00007703     -0.00000000
ATVX     1  Mu1.0028  Se1.115                       0.27050879     -0.00001733      0.00005029     -0.00000000
ATVX     1  Mu1.0001  Se1.116                       0.12409949      0.00043925     -0.00021780     -0.00000010
ATVX     1  Mu1.0002  Se1.116                       0.13428829     -0.00009009      0.00009209     -0.00000001
ATVX     1  Mu1.0003  Se1.116                       0.14081414      0.00096582     -0.00215366     -0.00000208
ATVX     1  Mu1.0004  Se1.116                       0.14914047     -0.00015313      0.00037439     -0.00000006
ATVX     1  Mu1.0005  Se1.116                       0.18050902     -0.00001669      0.00004522     -0.00000000
ATVX     1  Mu1.0006  Se1.116                       0.18753173     -0.00014084      0.00029073     -0.00000004
ATVX     1  Mu1.0007  Se1.116                       0.19319293      0.00015889     -0.00035478     -0.00000006
ATVX     1  Mu1.0008  Se1.116                       0.19747792      0.00000546     -0.00007686     -0.00000000
ATVX     1  Mu1.0009  Se1.116                       0.20403656     -0.00014078      0.00030535     -0.00000004
ATVX     1  Mu1.0010  Se1.116                       0.20585115      0.00014802     -0.00032481     -0.00000005
ATVX     1  Mu1.0011  Se1.116                       0.21020485     -0.00002677      0.00003865     -0.00000000
ATVX     1  Mu1.0012  Se1.116                       0.21195687      0.00007392     -0.00018929     -0.00000001
ATVX     1  Mu1.0013  Se1.116                       0.21537467      0.00000471     -0.00002192     -0.00000000
ATVX     1  Mu1.0014  Se1.116                       0.21796369     -0.00002627      0.00006949     -0.00000000
ATVX     1  Mu1.0015  Se1.116                       0.22108424      0.00009221     -0.00026809     -0.00000002
ATVX     1  Mu1.0016  Se1.116                       0.22806660     -0.00000818      0.00001013     -0.00000000
ATVX     1  Mu1.0017  Se1.116                       0.23553926     -0.00006145      0.00013132     -0.00000001
ATVX     1  Mu1.0018  Se1.116                       0.23873807     -0.00001134      0.00002367     -0.00000000
ATVX     1  Mu1.0019  Se1.116                       0.24191962      0.00000901     -0.00004294     -0.00000000
ATVX     1  Mu1.0020  Se1.116                       0.24484552      0.00007079     -0.00010214     -0.00000001
ATVX     1  Mu1.0021  Se1.116                       0.25045276      0.00037143     -0.00080824     -0.00000030
ATVX     1  Mu1.0022  Se1.116                       0.25161942      0.00049591     -0.00110138     -0.00000055
ATVX     1  Mu1.0023  Se1.116                       0.25909272     -0.00062388      0.00147720     -0.00000092
ATVX     1  Mu1.0024  Se1.116                       0.26235721      0.00011759     -0.00027771     -0.00000003
ATVX     1  Mu1.0025  Se1.116                       0.26778753      0.00000769      0.00002741      0.00000000
ATVX     1  Mu1.0026  Se1.116                       0.26912676      0.00001116     -0.00002479     -0.00000000
ATVX     1  Mu1.0027  Se1.116                       0.27451981      0.00004910     -0.00010433     -0.00000001
ATVX     1  Mu1.0028  Se1.116                       0.27571814     -0.00006614      0.00013610     -0.00000001
ATVX     1  Mu1.0001  Se1.117                       0.12766322      0.00001313     -0.00003097     -0.00000000
ATVX     1  Mu1.0002  Se1.117                       0.13785202     -0.00003632      0.00009456     -0.00000000
ATVX     1  Mu1.0003  Se1.117                       0.14437788     -0.00000764      0.00001732     -0.00000000
ATVX     1  Mu1.0004  Se1.117                       0.15270421      0.00003203     -0.00005426     -0.00000000
ATVX     1  Mu1.0005  Se1.117                       0.18407275     -0.00001183      0.00002048     -0.00000000
ATVX     1  Mu1.0006  Se1.117                       0.19109546     -0.00007956      0.00021264     -0.00000002
ATVX     1  Mu1.0007  Se1.117                       0.19675666      0.00003146     -0.00006641     -0.00000000
ATVX     1  Mu1.0008  Se1.117                       0.20104165      0.00004207     -0.00010637     -0.00000000
ATVX     1  Mu1.0009  Se1.117                       0.20760029     -0.00000969      0.00001935     -0.00000000
ATVX     1  Mu1.0010  Se1.117                       0.20941489     -0.00001968      0.00003732     -0.00000000
ATVX     1  Mu1.0011  Se1.117                       0.21376859     -0.00012350      0.00030151     -0.00000004
ATVX     1  Mu1.0012  Se1.117                       0.21552060      0.00018658     -0.00047395     -0.00000009
ATVX     1  Mu1.0013  Se1.117                       0.21893840     -0.00003114      0.00008192     -0.00000000
ATVX     1  Mu1.0014  Se1.117                       0.22152743     -0.00001055      0.00001823     -0.00000000
ATVX     1  Mu1.0015  Se1.117                       0.22464797      0.00001710     -0.00004389     -0.00000000
ATVX     1  Mu1.0016  Se1.117                       0.23163034      0.00000271     -0.00001183     -0.00000000
ATVX     1  Mu1.0017  Se1.117                       0.23910300     -0.00001631      0.00004336     -0.00000000
ATVX     1  Mu1.0018  Se1.117                       0.24230181      0.00014926     -0.00035087     -0.00000005
ATVX     1  Mu1.0019  Se1.117                       0.24548336     -0.00000158      0.00000252     -0.00000000
ATVX     1  Mu1.0020  Se1.117                       0.24840926      0.00002226     -0.00005706     -0.00000000
ATVX     1  Mu1.0021  Se1.117                       0.25401650     -0.00007980      0.00020475     -0.00000002
ATVX     1  Mu1.0022  Se1.117                       0.25518315      0.00007304     -0.00018752     -0.00000001
ATVX     1  Mu1.0023  Se1.117                       0.26265646      0.00000201     -0.00001304     -0.00000000
ATVX     1  Mu1.0024  Se1.117                       0.26592094      0.00015115     -0.00035019     -0.00000005
ATVX     1  Mu1.0025  Se1.117                       0.27135127      0.00000419     -0.00003287     -0.00000000
ATVX     1  Mu1.0026  Se1.117                       0.27269049      0.00003098     -0.00005454     -0.00000000
ATVX     1  Mu1.0027  Se1.117                       0.27808354      0.00004683     -0.00010827     -0.00000001
ATVX     1  Mu1.0028  Se1.117                       0.27928188      0.00003298     -0.00007845     -0.00000000
ATVX     1  Mu1.0001  Se1.118                       0.13698154     -0.00002589      0.00005363     -0.00000000
ATVX     1  Mu1.0002  Se1.118                       0.14717034      0.00002241     -0.00003604     -0.00000000
ATVX     1  Mu1.0003  Se1.118                       0.15369620      0.00009344     -0.00025558     -0.00000002
ATVX     1  Mu1.0004  Se1.118                       0.16202253     -0.00005152      0.00018065     -0.00000001
ATVX     1  Mu1.0005  Se1.118                       0.19339107      0.00016139     -0.00039170     -0.00000006
ATVX     1  Mu1.0006  Se1.118                       0.20041378     -0.00001563      0.00001909     -0.00000000
ATVX     1  Mu1.0007  Se1.118                       0.20607498     -0.00043827      0.00110599     -0.00000048
ATVX     1  Mu1.0008  Se1.118                       0.21035997      0.00005450     -0.00013413     -0.00000001
ATVX     1  Mu1.0009  Se1.118                       0.21691861      0.00014559     -0.00039295     -0.00000006
ATVX     1  Mu1.0010  Se1.118                       0.21873321     -0.00015033      0.00037882     -0.00000006
ATVX     1  Mu1.0011  Se1.118                       0.22308690      0.00001506     -0.00003019     -0.00000000
ATVX     1  Mu1.0012  Se1.118                       0.22483892     -0.00002356      0.00003005     -0.00000000
ATVX     1  Mu1.0013  Se1.118                       0.22825672      0.00002763     -0.00006512     -0.00000000
ATVX     1  Mu1.0014  Se1.118                       0.23084575      0.00010129     -0.00023211     -0.00000002
ATVX     1  Mu1.0015  Se1.118                       0.23396629     -0.00002032      0.00003477     -0.00000000
ATVX     1  Mu1.0016  Se1.118                       0.24094865     -0.00001033      0.00000530     -0.00000000
ATVX     1  Mu1.0017  Se1.118                       0.24842132      0.00000912     -0.00002563     -0.00000000
ATVX     1  Mu1.0018  Se1.118                       0.25162012      0.00004448     -0.00008312     -0.00000000
ATVX     1  Mu1.0019  Se1.118                       0.25480168      0.00003048     -0.00009303     -0.00000000
ATVX     1  Mu1.0020  Se1.118                       0.25772758     -0.00045570      0.00107364     -0.00000049
ATVX     1  Mu1.0021  Se1.118                       0.26333481      0.00000656      0.00002988      0.00000000
ATVX     1  Mu1.0022  Se1.118                       0.26450147     -0.00006405      0.00012581     -0.00000001
ATVX     1  Mu1.0023  Se1.118                       0.27197478     -0.00000387      0.00001231     -0.00000000
ATVX     1  Mu1.0024  Se1.118                       0.27523926      0.00001325     -0.00003032     -0.00000000
ATVX     1  Mu1.0025  Se1.118                       0.28066959      0.00003526     -0.00011117     -0.00000000
ATVX     1  Mu1.0026  Se1.118                       0.28200881     -0.00006816      0.00018628     -0.00000001
ATVX     1  Mu1.0027  Se1.118                       0.28740186     -0.00000271      0.00000965     -0.00000000
ATVX     1  Mu1.0028  Se1.118                       0.28860019      0.00002401     -0.00003829     -0.00000000
ATVX     1  Mu1.0001  Se1.119                       0.13675610     -0.00000709      0.00000757     -0.00000000
ATVX     1  Mu1.0002  Se1.119                       0.14694491      0.00009671     -0.00045275     -0.00000004
ATVX     1  Mu1.0003  Se1.119                       0.15347076      0.00012175     -0.00020249     -0.00000002
ATVX     1  Mu1.0004  Se1.119                       0.16179709     -0.00012324     -0.00018495      0.00000002
ATVX     1  Mu1.0005  Se1.119                       0.19316563      0.00000535     -0.00001993     -0.00000000
ATVX     1  Mu1.0006  Se1.119                       0.20018835     -0.00001065      0.00000321     -0.00000000
ATVX     1  Mu1.0007  Se1.119                       0.20584955     -0.00006321      0.00017312     -0.00000001
ATVX     1  Mu1.0008  Se1.119                       0.21013453     -0.00050485      0.00118513     -0.00000060
ATVX     1  Mu1.0009  Se1.119                       0.21669318      0.00002047     -0.00001083     -0.00000000
ATVX     1  Mu1.0010  Se1.119                       0.21850777      0.00004043     -0.00007641     -0.00000000
ATVX     1  Mu1.0011  Se1.119                       0.22286147      0.00009254     -0.00009167     -0.00000001
ATVX     1  Mu1.0012  Se1.119                       0.22461349      0.00013724     -0.00023194     -0.00000003
ATVX     1  Mu1.0013  Se1.119                       0.22803129     -0.00017302      0.00041134     -0.00000007
ATVX     1  Mu1.0014  Se1.119                       0.23062031      0.00003296     -0.00003612     -0.00000000
ATVX     1  Mu1.0015  Se1.119                       0.23374086      0.00006536     -0.00011907     -0.00000001
ATVX     1  Mu1.0016  Se1.119                       0.24072322      0.00009974     -0.00018323     -0.00000002
ATVX     1  Mu1.0017  Se1.119                       0.24819588     -0.00001170      0.00002379     -0.00000000
ATVX     1  Mu1.0018  Se1.119                       0.25139469      0.00001577     -0.00002214     -0.00000000
ATVX     1  Mu1.0019  Se1.119                       0.25457624     -0.00002813      0.00007560     -0.00000000
ATVX     1  Mu1.0020  Se1.119                       0.25750214     -0.00007112      0.00015111     -0.00000001
ATVX     1  Mu1.0021  Se1.119                       0.26310938     -0.00001170      0.00002562     -0.00000000
ATVX     1  Mu1.0022  Se1.119                       0.26427603      0.00000283     -0.00000400     -0.00000000
ATVX     1  Mu1.0023  Se1.119                       0.27174934     -0.00000216      0.00000830     -0.00000000
ATVX     1  Mu1.0024  Se1.119                       0.27501382     -0.00000007      0.00001177     -0.00000000
ATVX     1  Mu1.0025  Se1.119                       0.28044415      0.00009551     -0.00015969     -0.00000002
ATVX     1  Mu1.0026  Se1.119                       0.28178338      0.00005076     -0.00006058     -0.00000000
ATVX     1  Mu1.0027  Se1.119                       0.28717642      0.00004251     -0.00005516     -0.00000000
ATVX     1  Mu1.0028  Se1.119                       0.28837476      0.00000544     -0.00000258     -0.00000000
ATVX     1  Mu1.0001  Se1.120                       0.14322076      0.00000897     -0.00002379     -0.00000000
ATVX     1  Mu1.0002  Se1.120                       0.15340956     -0.00003104      0.00005183     -0.00000000
ATVX     1  Mu1.0003  Se1.120                       0.15993542     -0.00000531     -0.00000945      0.00000000
ATVX     1  Mu1.0004  Se1.120                       0.16826175      0.00000392      0.00003886      0.00000000
ATVX     1  Mu1.0005  Se1.120                       0.19963029     -0.00001081      0.00001152     -0.00000000
ATVX     1  Mu1.0006  Se1.120                       0.20665300     -0.00015942      0.00042610     -0.00000007
ATVX     1  Mu1.0007  Se1.120                       0.21231420      0.00003231     -0.00005656     -0.00000000
ATVX     1  Mu1.0008  Se1.120                       0.21659919      0.00004854     -0.00013431     -0.00000001
ATVX     1  Mu1.0009  Se1.120                       0.22315783     -0.00001251      0.00001021     -0.00000000
ATVX     1  Mu1.0010  Se1.120                       0.22497243     -0.00004105      0.00008196     -0.00000000
ATVX     1  Mu1.0011  Se1.120                       0.22932612     -0.00020440      0.00049574     -0.00000010
ATVX     1  Mu1.0012  Se1.120                       0.23107814      0.00031505     -0.00079968     -0.00000025
ATVX     1  Mu1.0013  Se1.120                       0.23449594     -0.00007782      0.00019308     -0.00000002
ATVX     1  Mu1.0014  Se1.120                       0.23708497     -0.00001626      0.00002341     -0.00000000
ATVX     1  Mu1.0015  Se1.120                       0.24020551      0.00003179     -0.00008139     -0.00000000
ATVX     1  Mu1.0016  Se1.120                       0.24718787      0.00001111     -0.00003674     -0.00000000
ATVX     1  Mu1.0017  Se1.120                       0.25466054     -0.00002087      0.00005477     -0.00000000
ATVX     1  Mu1.0018  Se1.120                       0.25785934      0.00020612     -0.00047068     -0.00000010
ATVX     1  Mu1.0019  Se1.120                       0.26104090      0.00000357     -0.00000916     -0.00000000
ATVX     1  Mu1.0020  Se1.120                       0.26396679      0.00001350     -0.00004093     -0.00000000
ATVX     1  Mu1.0021  Se1.120                       0.26957403     -0.00016646      0.00042111     -0.00000007
ATVX     1  Mu1.0022  Se1.120                       0.27074069      0.00013842     -0.00034814     -0.00000005
ATVX     1  Mu1.0023  Se1.120                       0.27821399      0.00001673     -0.00005148     -0.00000000
ATVX     1  Mu1.0024  Se1.120                       0.28147848      0.00027957     -0.00064121     -0.00000018
ATVX     1  Mu1.0025  Se1.120                       0.28690880      0.00001658     -0.00007144     -0.00000000
ATVX     1  Mu1.0026  Se1.120                       0.28824803      0.00005756     -0.00009320     -0.00000001
ATVX     1  Mu1.0027  Se1.120                       0.29364108      0.00008698     -0.00019599     -0.00000002
ATVX     1  Mu1.0028  Se1.120                       0.29483941      0.00006685     -0.00014096     -0.00000001
ATVX     1  Mu1.0001  Se1.121                       0.15333233      0.00012469     -0.00030404     -0.00000004
ATVX     1  Mu1.0002  Se1.121                       0.16352113     -0.00006841      0.00006342     -0.00000000
ATVX     1  Mu1.0003  Se1.121                       0.17004699     -0.00030274      0.00072452     -0.00000022
ATVX     1  Mu1.0004  Se1.121                       0.17837332      0.00019340     -0.00033223     -0.00000006
ATVX     1  Mu1.0005  Se1.121                       0.20974186     -0.00004028      0.00007774     -0.00000000
ATVX     1  Mu1.0006  Se1.121                       0.21676457     -0.00036946      0.00097714     -0.00000036
ATVX     1  Mu1.0007  Se1.121                       0.22242577      0.00007991     -0.00016021     -0.00000001
ATVX     1  Mu1.0008  Se1.121                       0.22671076      0.00006937     -0.00022604     -0.00000002
ATVX     1  Mu1.0009  Se1.121                       0.23326940     -0.00004155      0.00010621     -0.00000000
ATVX     1  Mu1.0010  Se1.121                       0.23508400     -0.00007312      0.00019141     -0.00000001
ATVX     1  Mu1.0011  Se1.121                       0.23943770     -0.00035210      0.00080360     -0.00000028
ATVX     1  Mu1.0012  Se1.121                       0.24118971      0.00046803     -0.00120313     -0.00000056
ATVX     1  Mu1.0013  Se1.121                       0.24460751     -0.00014856      0.00037924     -0.00000006
ATVX     1  Mu1.0014  Se1.121                       0.24719654     -0.00004461      0.00003721     -0.00000000
ATVX     1  Mu1.0015  Se1.121                       0.25031708      0.00004198     -0.00009524     -0.00000000
ATVX     1  Mu1.0016  Se1.121                       0.25729945     -0.00007480      0.00011003     -0.00000001
ATVX     1  Mu1.0017  Se1.121                       0.26477211     -0.00005399      0.00012268     -0.00000001
ATVX     1  Mu1.0018  Se1.121                       0.26797092      0.00039944     -0.00092178     -0.00000037
ATVX     1  Mu1.0019  Se1.121                       0.27115247     -0.00000659      0.00001665     -0.00000000
ATVX     1  Mu1.0020  Se1.121                       0.27407837      0.00005066     -0.00013752     -0.00000001
ATVX     1  Mu1.0021  Se1.121                       0.27968561     -0.00041059      0.00099012     -0.00000041
ATVX     1  Mu1.0022  Se1.121                       0.28085226      0.00028808     -0.00073086     -0.00000021
ATVX     1  Mu1.0023  Se1.121                       0.28832557      0.00006413     -0.00015172     -0.00000001
ATVX     1  Mu1.0024  Se1.121                       0.29159005      0.00050128     -0.00115296     -0.00000058
ATVX     1  Mu1.0025  Se1.121                       0.29702038      0.00000195     -0.00007517     -0.00000000
ATVX     1  Mu1.0026  Se1.121                       0.29835960      0.00008018     -0.00012082     -0.00000001
ATVX     1  Mu1.0001  Se1.122                       0.17059652     -0.00011047      0.00002173     -0.00000000
ATVX     1  Mu1.0002  Se1.122                       0.18078532      0.00051392     -0.00119500     -0.00000061
ATVX     1  Mu1.0003  Se1.122                       0.18731117      0.00022644     -0.00032131     -0.00000007
ATVX     1  Mu1.0004  Se1.122                       0.19563751     -0.00021394     -0.00074313      0.00000016
ATVX     1  Mu1.0005  Se1.122                       0.22700605     -0.00003583      0.00004675     -0.00000000
ATVX     1  Mu1.0006  Se1.122                       0.23402876      0.00016210     -0.00039736     -0.00000006
ATVX     1  Mu1.0007  Se1.122                       0.23968996     -0.00011068      0.00030081     -0.00000003
ATVX     1  Mu1.0008  Se1.122                       0.24397495     -0.00085118      0.00211199     -0.00000180
ATVX     1  Mu1.0009  Se1.122                       0.25053359      0.00003998      0.00003733      0.00000000
ATVX     1  Mu1.0010  Se1.122                       0.25234818     -0.00002901      0.00004552     -0.00000000
ATVX     1  Mu1.0011  Se1.122                       0.25670188     -0.00012441      0.00065977     -0.00000008
ATVX     1  Mu1.0012  Se1.122                       0.25845390     -0.00004435      0.00035287     -0.00000002
ATVX     1  Mu1.0013  Se1.122                       0.26187170     -0.00041290      0.00099573     -0.00000041
ATVX     1  Mu1.0014  Se1.122                       0.26446072     -0.00002746      0.00015623     -0.00000000
ATVX     1  Mu1.0015  Se1.122                       0.26758127      0.00016899     -0.00027327     -0.00000005
ATVX     1  Mu1.0016  Se1.122                       0.27456363      0.00020614     -0.00031749     -0.00000007
ATVX     1  Mu1.0017  Se1.122                       0.28203629      0.00001445     -0.00002254     -0.00000000
ATVX     1  Mu1.0018  Se1.122                       0.28523510      0.00001632     -0.00003618     -0.00000000
ATVX     1  Mu1.0019  Se1.122                       0.28841665     -0.00056027      0.00132612     -0.00000074
ATVX     1  Mu1.0020  Se1.122                       0.29134255     -0.00017510      0.00033230     -0.00000006
ATVX     1  Mu1.0021  Se1.122                       0.29694979     -0.00002430     -0.00000484      0.00000000
ATVX     1  Mu1.0022  Se1.122                       0.29811645     -0.00001229      0.00002512     -0.00000000
ATVX     1  Mu1.0001  Se1.123                       0.16148501      0.00041129     -0.00084410     -0.00000035
ATVX     1  Mu1.0002  Se1.123                       0.17167382     -0.00002136      0.00005885     -0.00000000
ATVX     1  Mu1.0003  Se1.123                       0.17819967      0.00034561     -0.00033665     -0.00000012
ATVX     1  Mu1.0004  Se1.123                       0.18652600     -0.00014853      0.00018307     -0.00000003
ATVX     1  Mu1.0005  Se1.123                       0.21789454     -0.00000925      0.00002992     -0.00000000
ATVX     1  Mu1.0006  Se1.123                       0.22491725     -0.00004015      0.00009035     -0.00000000
ATVX     1  Mu1.0007  Se1.123                       0.23057846      0.00008244     -0.00018144     -0.00000001
ATVX     1  Mu1.0008  Se1.123                       0.23486344     -0.00000806      0.00001632     -0.00000000
ATVX     1  Mu1.0009  Se1.123                       0.24142209      0.00001018      0.00011545      0.00000000
ATVX     1  Mu1.0010  Se1.123                       0.24323668      0.00009235     -0.00011774     -0.00000001
ATVX     1  Mu1.0011  Se1.123                       0.24759038      0.00000942      0.00000864      0.00000000
ATVX     1  Mu1.0012  Se1.123                       0.24934239      0.00002715     -0.00004330     -0.00000000
ATVX     1  Mu1.0013  Se1.123                       0.25276019     -0.00001680      0.00002101     -0.00000000
ATVX     1  Mu1.0014  Se1.123                       0.25534922      0.00002283     -0.00005617     -0.00000000
ATVX     1  Mu1.0015  Se1.123                       0.25846976     -0.00010004      0.00022937     -0.00000002
ATVX     1  Mu1.0016  Se1.123                       0.26545213     -0.00000418      0.00001016     -0.00000000
ATVX     1  Mu1.0017  Se1.123                       0.27292479     -0.00004120      0.00010131     -0.00000000
ATVX     1  Mu1.0018  Se1.123                       0.27612360     -0.00002534      0.00005357     -0.00000000
ATVX     1  Mu1.0019  Se1.123                       0.27930515      0.00000271     -0.00001061     -0.00000000
ATVX     1  Mu1.0020  Se1.123                       0.28223105      0.00003961     -0.00005857     -0.00000000
ATVX     1  Mu1.0021  Se1.123                       0.28783829      0.00013463     -0.00028361     -0.00000004
ATVX     1  Mu1.0022  Se1.123                       0.28900494      0.00017642     -0.00036775     -0.00000006
ATVX     1  Mu1.0023  Se1.123                       0.29647825     -0.00031074      0.00068587     -0.00000021
ATVX     1  Mu1.0024  Se1.123                       0.29974273      0.00003517     -0.00008697     -0.00000000
ATVX     1  Mu1.0001  Se1.124                       0.16311029      0.00013367     -0.00030567     -0.00000004
ATVX     1  Mu1.0002  Se1.124                       0.17329909     -0.00037045      0.00082718     -0.00000031
ATVX     1  Mu1.0003  Se1.124                       0.17982495      0.00010976     -0.00037396     -0.00000004
ATVX     1  Mu1.0004  Se1.124                       0.18815128     -0.00009135      0.00029073     -0.00000003
ATVX     1  Mu1.0005  Se1.124                       0.21951982     -0.00003592      0.00004746     -0.00000000
ATVX     1  Mu1.0006  Se1.124                       0.22654253     -0.00031798      0.00088822     -0.00000028
ATVX     1  Mu1.0007  Se1.124                       0.23220373      0.00011658     -0.00023891     -0.00000003
ATVX     1  Mu1.0008  Se1.124                       0.23648872      0.00009590     -0.00028396     -0.00000003
ATVX     1  Mu1.0009  Se1.124                       0.24304736     -0.00005461      0.00005002     -0.00000000
ATVX     1  Mu1.0010  Se1.124                       0.24486196     -0.00010466      0.00017756     -0.00000002
ATVX     1  Mu1.0011  Se1.124                       0.24921565     -0.00078775      0.00192164     -0.00000151
ATVX     1  Mu1.0012  Se1.124                       0.25096767      0.00142127     -0.00349637     -0.00000497
ATVX     1  Mu1.0013  Se1.124                       0.25438547     -0.00036077      0.00086690     -0.00000031
ATVX     1  Mu1.0014  Se1.124                       0.25697450     -0.00006220      0.00010774     -0.00000001
ATVX     1  Mu1.0015  Se1.124                       0.26009504      0.00015925     -0.00039302     -0.00000006
ATVX     1  Mu1.0016  Se1.124                       0.26707740      0.00007377     -0.00020268     -0.00000001
ATVX     1  Mu1.0017  Se1.124                       0.27455007     -0.00012835      0.00033685     -0.00000004
ATVX     1  Mu1.0018  Se1.124                       0.27774887      0.00123632     -0.00283485     -0.00000350
ATVX     1  Mu1.0019  Se1.124                       0.28093043      0.00002699     -0.00006491     -0.00000000
ATVX     1  Mu1.0020  Se1.124                       0.28385632      0.00011217     -0.00026955     -0.00000003
ATVX     1  Mu1.0021  Se1.124                       0.28946356     -0.00050307      0.00124018     -0.00000062
ATVX     1  Mu1.0022  Se1.124                       0.29063022      0.00046387     -0.00111044     -0.00000052
ATVX     1  Mu1.0023  Se1.124                       0.29810352     -0.00001511     -0.00004393      0.00000000
ATVX     1  Mu1.0001  Se1.125                       0.17253497     -0.00001456     -0.00000870      0.00000000
ATVX     1  Mu1.0002  Se1.125                       0.18272377      0.00002149     -0.00005023     -0.00000000
ATVX     1  Mu1.0003  Se1.125                       0.18924963      0.00002047      0.00000669      0.00000000
ATVX     1  Mu1.0004  Se1.125                       0.19757596     -0.00001409     -0.00000773      0.00000000
ATVX     1  Mu1.0005  Se1.125                       0.22894450      0.00013047     -0.00031675     -0.00000004
ATVX     1  Mu1.0006  Se1.125                       0.23596721     -0.00001588      0.00001559     -0.00000000
ATVX     1  Mu1.0007  Se1.125                       0.24162841     -0.00041914      0.00104924     -0.00000044
ATVX     1  Mu1.0008  Se1.125                       0.24591340     -0.00001085      0.00001275     -0.00000000
ATVX     1  Mu1.0009  Se1.125                       0.25247204      0.00015849     -0.00037729     -0.00000006
ATVX     1  Mu1.0010  Se1.125                       0.25428664     -0.00014840      0.00039729     -0.00000006
ATVX     1  Mu1.0011  Se1.125                       0.25864033      0.00003498     -0.00005325     -0.00000000
ATVX     1  Mu1.0012  Se1.125                       0.26039235     -0.00000744      0.00000149     -0.00000000
ATVX     1  Mu1.0013  Se1.125                       0.26381015      0.00004899     -0.00009738     -0.00000000
ATVX     1  Mu1.0014  Se1.125                       0.26639918      0.00006097     -0.00014558     -0.00000001
ATVX     1  Mu1.0015  Se1.125                       0.26951972     -0.00004622      0.00010427     -0.00000000
ATVX     1  Mu1.0016  Se1.125                       0.27650208     -0.00001001      0.00001220     -0.00000000
ATVX     1  Mu1.0017  Se1.125                       0.28397475      0.00000465     -0.00001093     -0.00000000
ATVX     1  Mu1.0018  Se1.125                       0.28717355      0.00004504     -0.00007970     -0.00000000
ATVX     1  Mu1.0019  Se1.125                       0.29035511      0.00003589     -0.00010275     -0.00000000
ATVX     1  Mu1.0020  Se1.125                       0.29328100     -0.00047461      0.00107915     -0.00000051
ATVX     1  Mu1.0021  Se1.125                       0.29888824      0.00000338      0.00002874      0.00000000
ATVX     1  Mu1.0001  Se1.126                       0.17799907     -0.00021909      0.00021195     -0.00000005
ATVX     1  Mu1.0002  Se1.126                       0.18818787      0.00123137     -0.00293953     -0.00000362
ATVX     1  Mu1.0003  Se1.126                       0.19471372      0.00019877     -0.00029807     -0.00000006
ATVX     1  Mu1.0004  Se1.126                       0.20304005     -0.00061131      0.00039389     -0.00000024
ATVX     1  Mu1.0005  Se1.126                       0.23440860     -0.00004733      0.00006802     -0.00000000
ATVX     1  Mu1.0006  Se1.126                       0.24143131      0.00028563     -0.00066527     -0.00000019
ATVX     1  Mu1.0007  Se1.126                       0.24709251     -0.00015679      0.00039937     -0.00000006
ATVX     1  Mu1.0008  Se1.126                       0.25137750     -0.00069131      0.00173949     -0.00000120
ATVX     1  Mu1.0009  Se1.126                       0.25793614      0.00009276     -0.00006223     -0.00000001
ATVX     1  Mu1.0010  Se1.126                       0.25975073     -0.00013410      0.00028022     -0.00000004
ATVX     1  Mu1.0011  Se1.126                       0.26410443     -0.00051847      0.00158685     -0.00000082
ATVX     1  Mu1.0012  Se1.126                       0.26585645     -0.00041390      0.00124160     -0.00000051
ATVX     1  Mu1.0013  Se1.126                       0.26927425     -0.00080581      0.00190555     -0.00000154
ATVX     1  Mu1.0014  Se1.126                       0.27186327     -0.00011538      0.00033687     -0.00000004
ATVX     1  Mu1.0015  Se1.126                       0.27498382      0.00019423     -0.00028379     -0.00000006
ATVX     1  Mu1.0016  Se1.126                       0.28196618      0.00026777     -0.00044691     -0.00000012
ATVX     1  Mu1.0017  Se1.126                       0.28943884      0.00003602     -0.00006978     -0.00000000
ATVX     1  Mu1.0018  Se1.126                       0.29263765      0.00000422     -0.00001347     -0.00000000
ATVX     1  Mu1.0019  Se1.126                       0.29581920     -0.00084953      0.00198230     -0.00000168
ATVX     1  Mu1.0020  Se1.126                       0.29874510     -0.00027046      0.00051557     -0.00000014
ATVX     1  Mu1.0001  Se1.127                       0.19976350      0.00017195     -0.00024072     -0.00000004
ATVX     1  Mu1.0002  Se1.127                       0.20995230     -0.00012424      0.00026407     -0.00000003
ATVX     1  Mu1.0003  Se1.127                       0.21647816      0.00008530     -0.00052929     -0.00000005
ATVX     1  Mu1.0004  Se1.127                       0.22480449     -0.00002596      0.00029313     -0.00000001
ATVX     1  Mu1.0005  Se1.127                       0.25617303     -0.00024398      0.00055426     -0.00000014
ATVX     1  Mu1.0006  Se1.127                       0.26319574      0.00003008     -0.00000874     -0.00000000
ATVX     1  Mu1.0007  Se1.127                       0.26885694      0.00126173     -0.00306469     -0.00000387
ATVX     1  Mu1.0008  Se1.127                       0.27314193      0.00002875     -0.00003201     -0.00000000
ATVX     1  Mu1.0009  Se1.127                       0.27970057     -0.00043006      0.00094917     -0.00000041
ATVX     1  Mu1.0010  Se1.127                       0.28151517      0.00034114     -0.00092735     -0.00000032
ATVX     1  Mu1.0011  Se1.127                       0.28586887     -0.00009127      0.00010519     -0.00000001
ATVX     1  Mu1.0012  Se1.127                       0.28762088      0.00000664      0.00000669      0.00000000
ATVX     1  Mu1.0013  Se1.127                       0.29103868     -0.00018473      0.00035334     -0.00000007
ATVX     1  Mu1.0014  Se1.127                       0.29362771     -0.00018280      0.00042565     -0.00000008
ATVX     1  Mu1.0015  Se1.127                       0.29674825      0.00021097     -0.00047135     -0.00000010
ATVX     1  Mu1.0001  Se1.128                       0.19010494     -0.00067590      0.00154881     -0.00000105
ATVX     1  Mu1.0002  Se1.128                       0.20029374      0.00008168     -0.00030650     -0.00000003
ATVX     1  Mu1.0003  Se1.128                       0.20681960     -0.00017812     -0.00053030      0.00000009
ATVX     1  Mu1.0004  Se1.128                       0.21514593      0.00018463     -0.00004998     -0.00000001
ATVX     1  Mu1.0005  Se1.128                       0.24651447      0.00000075     -0.00001101     -0.00000000
ATVX     1  Mu1.0006  Se1.128                       0.25353718      0.00004610     -0.00011305     -0.00000001
ATVX     1  Mu1.0007  Se1.128                       0.25919838     -0.00011768      0.00025622     -0.00000003
ATVX     1  Mu1.0008  Se1.128                       0.26348337     -0.00000130     -0.00002325      0.00000000
ATVX     1  Mu1.0009  Se1.128                       0.27004201     -0.00004741     -0.00018626      0.00000001
ATVX     1  Mu1.0010  Se1.128                       0.27185661     -0.00015127      0.00017533     -0.00000003
ATVX     1  Mu1.0011  Se1.128                       0.27621031     -0.00001506     -0.00004559      0.00000000
ATVX     1  Mu1.0012  Se1.128                       0.27796232     -0.00008969      0.00017060     -0.00000002
ATVX     1  Mu1.0013  Se1.128                       0.28138012      0.00000038      0.00003168      0.00000000
ATVX     1  Mu1.0014  Se1.128                       0.28396915     -0.00009019      0.00020512     -0.00000002
ATVX     1  Mu1.0015  Se1.128                       0.28708969      0.00016354     -0.00037944     -0.00000006
ATVX     1  Mu1.0016  Se1.128                       0.29407205      0.00004208     -0.00007387     -0.00000000
ATVX     1  Mu1.0001  Se1.129                       0.19156234     -0.00003192      0.00012969     -0.00000000
ATVX     1  Mu1.0002  Se1.129                       0.20175115      0.00003001     -0.00013455     -0.00000000
ATVX     1  Mu1.0003  Se1.129                       0.20827700      0.00021333     -0.00068933     -0.00000015
ATVX     1  Mu1.0004  Se1.129                       0.21660333     -0.00034664      0.00095085     -0.00000033
ATVX     1  Mu1.0005  Se1.129                       0.24797187     -0.00000968      0.00003156     -0.00000000
ATVX     1  Mu1.0006  Se1.129                       0.25499458      0.00013570     -0.00040032     -0.00000005
ATVX     1  Mu1.0007  Se1.129                       0.26065579     -0.00001358      0.00002049     -0.00000000
ATVX     1  Mu1.0008  Se1.129                       0.26494077     -0.00004034      0.00009248     -0.00000000
ATVX     1  Mu1.0009  Se1.129                       0.27149942      0.00002648     -0.00008383     -0.00000000
ATVX     1  Mu1.0010  Se1.129                       0.27331401      0.00002281     -0.00008441     -0.00000000
ATVX     1  Mu1.0011  Se1.129                       0.27766771      0.00005451     -0.00015104     -0.00000001
ATVX     1  Mu1.0012  Se1.129                       0.27941972      0.00003352     -0.00007799     -0.00000000
ATVX     1  Mu1.0013  Se1.129                       0.28283752     -0.00014827      0.00034158     -0.00000005
ATVX     1  Mu1.0014  Se1.129                       0.28542655      0.00001514     -0.00001186     -0.00000000
ATVX     1  Mu1.0015  Se1.129                       0.28854709      0.00008417     -0.00020123     -0.00000002
ATVX     1  Mu1.0016  Se1.129                       0.29552946      0.00008279     -0.00016758     -0.00000001
ATVX     1  Mu1.0001  Se1.130                       0.20279672     -0.00002830     -0.00016402      0.00000000
ATVX     1  Mu1.0002  Se1.130                       0.21298553     -0.00003877      0.00006303     -0.00000000
ATVX     1  Mu1.0003  Se1.130                       0.21951138     -0.00032343      0.00015559     -0.00000005
ATVX     1  Mu1.0004  Se1.130                       0.22783771      0.00015904     -0.00018472     -0.00000003
ATVX     1  Mu1.0005  Se1.130                       0.25920625     -0.00000081      0.00002345     -0.00000000
ATVX     1  Mu1.0006  Se1.130                       0.26622896     -0.00002567      0.00007271     -0.00000000
ATVX     1  Mu1.0007  Se1.130                       0.27189017     -0.00001810     -0.00001188      0.00000000
ATVX     1  Mu1.0008  Se1.130                       0.27617515     -0.00000158     -0.00000827      0.00000000
ATVX     1  Mu1.0009  Se1.130                       0.28273380      0.00006655     -0.00027279     -0.00000002
ATVX     1  Mu1.0010  Se1.130                       0.28454839      0.00003036     -0.00015425     -0.00000000
ATVX     1  Mu1.0011  Se1.130                       0.28890209     -0.00001162     -0.00001572      0.00000000
ATVX     1  Mu1.0012  Se1.130                       0.29065410     -0.00001763      0.00000592     -0.00000000
ATVX     1  Mu1.0013  Se1.130                       0.29407190      0.00004282     -0.00007060     -0.00000000
ATVX     1  Mu1.0014  Se1.130                       0.29666093     -0.00002933      0.00008555     -0.00000000
ATVX     1  Mu1.0015  Se1.130                       0.29978147      0.00036466     -0.00082954     -0.00000030
ATVX     1  Mu1.0001  Se1.131                       0.20426365      0.00003122     -0.00006781     -0.00000000
ATVX     1  Mu1.0002  Se1.131                       0.21445246     -0.00002858      0.00005503     -0.00000000
ATVX     1  Mu1.0003  Se1.131                       0.22097831     -0.00001271      0.00000598     -0.00000000
ATVX     1  Mu1.0004  Se1.131                       0.22930464     -0.00003370      0.00010028     -0.00000000
ATVX     1  Mu1.0005  Se1.131                       0.26067318     -0.00000059      0.00000428     -0.00000000
ATVX     1  Mu1.0006  Se1.131                       0.26769589      0.00004548     -0.00010559     -0.00000000
ATVX     1  Mu1.0007  Se1.131                       0.27335710     -0.00000548      0.00000737     -0.00000000
ATVX     1  Mu1.0008  Se1.131                       0.27764208     -0.00002303      0.00004922     -0.00000000
ATVX     1  Mu1.0009  Se1.131                       0.28420073      0.00001061     -0.00000997     -0.00000000
ATVX     1  Mu1.0010  Se1.131                       0.28601532      0.00000709     -0.00000899     -0.00000000
ATVX     1  Mu1.0011  Se1.131                       0.29036902     -0.00003495      0.00007066     -0.00000000
ATVX     1  Mu1.0012  Se1.131                       0.29212103      0.00007589     -0.00017258     -0.00000001
ATVX     1  Mu1.0013  Se1.131                       0.29553883     -0.00004891      0.00011485     -0.00000001
ATVX     1  Mu1.0014  Se1.131                       0.29812786      0.00000034      0.00000008      0.00000000
ATVX     1  Mu1.0001  Se1.132                       0.21172700     -0.00012235     -0.00008850      0.00000001
ATVX     1  Mu1.0002  Se1.132                       0.22191580      0.00211561     -0.00490021     -0.00001037
ATVX     1  Mu1.0003  Se1.132                       0.22844165      0.00031176     -0.00040157     -0.00000013
ATVX     1  Mu1.0004  Se1.132                       0.23676799      0.00008403     -0.00174195     -0.00000015
ATVX     1  Mu1.0005  Se1.132                       0.26813653     -0.00010086      0.00021722     -0.00000002
ATVX     1  Mu1.0006  Se1.132                       0.27515924      0.00012155     -0.00030416     -0.00000004
ATVX     1  Mu1.0007  Se1.132                       0.28082044     -0.00014966      0.00038330     -0.00000006
ATVX     1  Mu1.0008  Se1.132                       0.28510543     -0.00410148      0.00977897     -0.00004011
ATVX     1  Mu1.0009  Se1.132                       0.29166407     -0.00002647      0.00028090     -0.00000001
ATVX     1  Mu1.0010  Se1.132                       0.29347866      0.00037947     -0.00083405     -0.00000032
ATVX     1  Mu1.0011  Se1.132                       0.29783236      0.00025877     -0.00014475     -0.00000004
ATVX     1  Mu1.0012  Se1.132                       0.29958438      0.00050787     -0.00093442     -0.00000047
ATVX     1  Mu1.0001  Se1.133                       0.21247578      0.00044431     -0.00161380     -0.00000072
ATVX     1  Mu1.0002  Se1.133                       0.22266458     -0.00018813      0.00042016     -0.00000008
ATVX     1  Mu1.0003  Se1.133                       0.22919044     -0.00043327      0.00048815     -0.00000021
ATVX     1  Mu1.0004  Se1.133                       0.23751677      0.00011343      0.00000043      0.00000000
ATVX     1  Mu1.0005  Se1.133                       0.26888531     -0.00001435      0.00007887     -0.00000000
ATVX     1  Mu1.0006  Se1.133                       0.27590802     -0.00007116      0.00019062     -0.00000001
ATVX     1  Mu1.0007  Se1.133                       0.28156922      0.00005289     -0.00020828     -0.00000001
ATVX     1  Mu1.0008  Se1.133                       0.28585421      0.00025943     -0.00063143     -0.00000016
ATVX     1  Mu1.0009  Se1.133                       0.29241285      0.00017851     -0.00048987     -0.00000009
ATVX     1  Mu1.0010  Se1.133                       0.29422745      0.00008951     -0.00025608     -0.00000002
ATVX     1  Mu1.0011  Se1.133                       0.29858115     -0.00003848      0.00001283     -0.00000000
ATVX     1  Mu1.0001  Se1.134                       0.22282166      0.00012699      0.00005269      0.00000001
ATVX     1  Mu1.0002  Se1.134                       0.23301046     -0.00050684     -0.00045627      0.00000023
ATVX     1  Mu1.0003  Se1.134                       0.23953631      0.00017173     -0.00016737     -0.00000003
ATVX     1  Mu1.0004  Se1.134                       0.24786265      0.00006682     -0.00141188     -0.00000009
ATVX     1  Mu1.0005  Se1.134                       0.27923119      0.00003807     -0.00004463     -0.00000000
ATVX     1  Mu1.0006  Se1.134                       0.28625390     -0.00027597      0.00056790     -0.00000016
ATVX     1  Mu1.0007  Se1.134                       0.29191510      0.00017105     -0.00035005     -0.00000006
ATVX     1  Mu1.0008  Se1.134                       0.29620009      0.00082841     -0.00238658     -0.00000198
ATVX     1  Mu1.0001  Se1.135                       0.22928259     -0.00002953      0.00007665     -0.00000000
ATVX     1  Mu1.0002  Se1.135                       0.23947140      0.00001474     -0.00003905     -0.00000000
ATVX     1  Mu1.0003  Se1.135                       0.24599725     -0.00000303      0.00000284     -0.00000000
ATVX     1  Mu1.0004  Se1.135                       0.25432358      0.00000156      0.00000272      0.00000000
ATVX     1  Mu1.0005  Se1.135                       0.28569212     -0.00002364      0.00006691     -0.00000000
ATVX     1  Mu1.0006  Se1.135                       0.29271484      0.00000296     -0.00000366     -0.00000000
ATVX     1  Mu1.0007  Se1.135                       0.29837604      0.00002251     -0.00006197     -0.00000000
ATVX     1  Mu1.0001  Se1.136                       0.25310232      0.00082018     -0.00130364     -0.00000107
ATVX     1  Mu1.0002  Se1.136                       0.26329112     -0.00006678      0.00014268     -0.00000001
ATVX     1  Mu1.0003  Se1.136                       0.26981698      0.00283480     -0.00493974     -0.00001400
ATVX     1  Mu1.0004  Se1.136                       0.27814331     -0.00094690      0.00138775     -0.00000131
ATVX     1  Mu1.0001  Se1.137                       0.25030817     -0.00008514      0.00019524     -0.00000002
ATVX     1  Mu1.0002  Se1.137                       0.26049697      0.00013142     -0.00023484     -0.00000003
ATVX     1  Mu1.0003  Se1.137                       0.26702283      0.00004860      0.00010285      0.00000000
ATVX     1  Mu1.0004  Se1.137                       0.27534916      0.00005674     -0.00033648     -0.00000002
ATVX     1  Mu1.0001  Se1.138                       0.24546853     -0.00005053      0.00025762     -0.00000001
ATVX     1  Mu1.0002  Se1.138                       0.25565733      0.00040516     -0.00100523     -0.00000041
ATVX     1  Mu1.0003  Se1.138                       0.26218318     -0.00012526     -0.00005488      0.00000001
ATVX     1  Mu1.0004  Se1.138                       0.27050951     -0.00059690      0.00279837     -0.00000167
ATVX     1  Mu1.0001  Se1.139                       0.25672940     -0.00012372     -0.00029569      0.00000004
ATVX     1  Mu1.0002  Se1.139                       0.26691820      0.00005548      0.00133087      0.00000007
ATVX     1  Mu1.0003  Se1.139                       0.27344406      0.00006592      0.00031809      0.00000002
ATVX     1  Mu1.0004  Se1.139                       0.28177039      0.00202344     -0.00633719     -0.00001282
ATVX     1  Mu1.0001  Se1.140                       0.25582249     -0.00004680      0.00002097     -0.00000000
ATVX     1  Mu1.0002  Se1.140                       0.26601129      0.00002371     -0.00011396     -0.00000000
ATVX     1  Mu1.0003  Se1.140                       0.27253715     -0.00019610      0.00055159     -0.00000011
ATVX     1  Mu1.0004  Se1.140                       0.28086348     -0.00009953      0.00022293     -0.00000002
ATVX     1  Mu1.0001  Se1.141                       0.27195218      0.00020111     -0.00187228     -0.00000038
ATVX     1  Mu1.0002  Se1.141                       0.28214098      0.00010514     -0.00008794     -0.00000001
ATVX     1  Mu1.0003  Se1.141                       0.28866684     -0.00007162     -0.00016552      0.00000001
ATVX     1  Mu1.0004  Se1.141                       0.29699317      0.00006305     -0.00018560     -0.00000001
ATVX     1  Mu1.0001  Se1.142                       0.27822455     -0.00003106      0.00004930     -0.00000000
ATVX     1  Mu1.0002  Se1.142                       0.28841335      0.00010681     -0.00025340     -0.00000003
ATVX     1  Mu1.0003  Se1.142                       0.29493921     -0.00011353      0.00034762     -0.00000004
ATVX     1  Mu1.0001  Se1.143                       0.28128575     -0.00081015     -0.00000197      0.00000000
ATVX     1  Mu1.0002  Se1.143                       0.29147455      0.00012312     -0.00021666     -0.00000003
ATVX     1  Mu1.0003  Se1.143                       0.29800040      0.00067229     -0.00297630     -0.00000200
ATVX     1  Mu1.0001  Se1.144                       0.28201835      0.00008579     -0.00013224     -0.00000001
ATVX     1  Mu1.0002  Se1.144                       0.29220715     -0.00002617     -0.00015513      0.00000000
ATVX     1  Mu1.0003  Se1.144                       0.29873301      0.00014804     -0.00028263     -0.00000004
ATVX     1  Mu1.0001  Se1.145                       0.28241163     -0.00004328      0.00007554     -0.00000000
ATVX     1  Mu1.0002  Se1.145                       0.29260043     -0.00011820      0.00058817     -0.00000007
ATVX     1  Mu1.0003  Se1.145                       0.29912629     -0.00010108     -0.00016908      0.00000002
BVATM    1  Mu1.0001  Se1.114 Se1.113               0.25414792      0.00003251     -0.00006463     -0.00000000
BVATM    1  Mu1.0002  Se1.114 Se1.113               0.26041589     -0.00002862      0.00010057     -0.00000000
BVATM    1  Mu1.0003  Se1.114 Se1.113               0.26686031     -0.00013907      0.00028804     -0.00000004
BVATM    1  Mu1.0004  Se1.114 Se1.113               0.27714510     -0.00015138      0.00035677     -0.00000005
BVATM    1  Mu1.0005  Se1.114 Se1.113               0.28363605     -0.00002271      0.00007111     -0.00000000
BVATM    1  Mu1.0006  Se1.114 Se1.113               0.28984546      0.00013110     -0.00030494     -0.00000004
BVATM    1  Mu1.0001  Se1.115 Se1.113               0.25801465      0.00000006      0.00001633      0.00000000
BVATM    1  Mu1.0002  Se1.115 Se1.113               0.26428262     -0.00039261      0.00093639     -0.00000037
BVATM    1  Mu1.0003  Se1.115 Se1.113               0.27072703     -0.00006390      0.00012475     -0.00000001
BVATM    1  Mu1.0004  Se1.115 Se1.113               0.28101183      0.00000575     -0.00000053     -0.00000000
BVATM    1  Mu1.0005  Se1.115 Se1.113               0.28750278     -0.00023886      0.00061515     -0.00000015
BVATM    1  Mu1.0006  Se1.115 Se1.113               0.29371218      0.00001398     -0.00003308     -0.00000000
BVATM    1  Mu1.0001  Se1.115 Se1.114               0.29128082      0.00002397     -0.00004682     -0.00000000
BVATM    1  Mu1.0002  Se1.115 Se1.114               0.29754879      0.00001480     -0.00004475     -0.00000000
BVATM    1  Mu1.0001  Se1.116 Se1.113               0.26322400     -0.00039692      0.00092072     -0.00000037
BVATM    1  Mu1.0002  Se1.116 Se1.113               0.26949197     -0.00001404      0.00003729     -0.00000000
BVATM    1  Mu1.0003  Se1.116 Se1.113               0.27593638     -0.00021895      0.00050603     -0.00000011
BVATM    1  Mu1.0004  Se1.116 Se1.113               0.28622118      0.00001123      0.00001053      0.00000000
BVATM    1  Mu1.0005  Se1.116 Se1.113               0.29271213     -0.00000282      0.00000251     -0.00000000
BVATM    1  Mu1.0006  Se1.116 Se1.113               0.29892153      0.00004385     -0.00010332     -0.00000000
BVATM    1  Mu1.0001  Se1.116 Se1.114               0.29649017      0.00000124      0.00001652      0.00000000
BVATM    1  Mu1.0001  Se1.117 Se1.113               0.26678773     -0.00000351      0.00000441     -0.00000000
BVATM    1  Mu1.0002  Se1.117 Se1.113               0.27305570      0.00000585     -0.00001170     -0.00000000
BVATM    1  Mu1.0003  Se1.117 Se1.113               0.27950012     -0.00000913      0.00001967     -0.00000000
BVATM    1  Mu1.0004  Se1.117 Se1.113               0.28978491     -0.00000327      0.00000180     -0.00000000
BVATM    1  Mu1.0005  Se1.117 Se1.113               0.29627586      0.00002088     -0.00004748     -0.00000000
BVATM    1  Mu1.0001  Se1.118 Se1.113               0.27610605      0.00000502     -0.00001153     -0.00000000
BVATM    1  Mu1.0002  Se1.118 Se1.113               0.28237402      0.00005273     -0.00010146     -0.00000001
BVATM    1  Mu1.0003  Se1.118 Se1.113               0.28881844     -0.00001725      0.00003366     -0.00000000
BVATM    1  Mu1.0004  Se1.118 Se1.113               0.29910323     -0.00000160      0.00000412     -0.00000000
BVATM    1  Mu1.0001  Se1.119 Se1.113               0.27588062      0.00001953     -0.00003071     -0.00000000
BVATM    1  Mu1.0002  Se1.119 Se1.113               0.28214859     -0.00032389      0.00075551     -0.00000024
BVATM    1  Mu1.0003  Se1.119 Se1.113               0.28859300     -0.00004655      0.00008387     -0.00000000
BVATM    1  Mu1.0004  Se1.119 Se1.113               0.29887780      0.00000643     -0.00000774     -0.00000000
BVATM    1  Mu1.0001  Se1.120 Se1.113               0.28234527     -0.00000046     -0.00000381      0.00000000
BVATM    1  Mu1.0002  Se1.120 Se1.113               0.28861324     -0.00000932      0.00002227     -0.00000000
BVATM    1  Mu1.0003  Se1.120 Se1.113               0.29505765     -0.00001587      0.00003210     -0.00000000
BVATM    1  Mu1.0001  Se1.121 Se1.113               0.29245684     -0.00002026      0.00003471     -0.00000000
BVATM    1  Mu1.0002  Se1.121 Se1.113               0.29872481      0.00007396     -0.00014589     -0.00000001
BJATM    1  Mu1.0006  In1.100 Se1.114 Se1.113       0.91229185     -0.02330499      0.02667077     -0.00062156
--

   (Skipping property calculation,
    use PROP keyword to activate)
--

++ CASPT2 computation for group   2

********************************************************************************
 Multi-State initialization phase begins for group   2
--------------------------------------------------------------------------------
********************************************************************************
 Compute H0 matrices for state    2
--------------------------------------------------------------------------------
--------------------------------------------------------------------------------
 H0 matrices have been computed.

********************************************************************************
  CASPT2 EQUATION SOLUTION
--------------------------------------------------------------------------------

  Total nr of CASPT2 parameters:
   Before reduction:  1876168956
   After  reduction:  1876168956

 Variance of |WF0>:      23.4839801155

 The contributions to the second order correlation energy in atomic units.
-----------------------------------------------------------------------------------------------------------------------------
  IT.      VJTU        VJTI        ATVX        AIVX        VJAI        BVAT        BJAT        BJAI        TOTAL       RNORM  
-----------------------------------------------------------------------------------------------------------------------------
   1    -0.038833   -0.022828   -0.025502   -0.161026   -0.349389   -0.092361   -0.835983   -3.502083   -5.028005    0.017833
   2    -0.041444   -0.022950   -0.026334   -0.162064   -0.349830   -0.092690   -0.837482   -3.503085   -5.035879    0.005968
   3    -0.041621   -0.022964   -0.026414   -0.162054   -0.349853   -0.092737   -0.837529   -3.503111   -5.036283    0.000933
   4    -0.041646   -0.022956   -0.026386   -0.161975   -0.349818   -0.092708   -0.837410   -3.503024   -5.035924    0.000189
   5    -0.041647   -0.022956   -0.026385   -0.161971   -0.349817   -0.092706   -0.837406   -3.503023   -5.035911    0.000030
   6    -0.041647   -0.022956   -0.026384   -0.161973   -0.349818   -0.092707   -0.837410   -3.503026   -5.035921    0.000007
   7    -0.041647   -0.022956   -0.026384   -0.161973   -0.349818   -0.092707   -0.837410   -3.503026   -5.035922    0.000001
-----------------------------------------------------------------------------------------------------------------------------

  FINAL CASPT2 RESULT:

      Reference energy:       -3929.6506391904
      E2 (Non-variational):      -5.0359213789
      Shift correction:          -0.0419917294
      E2 (Variational):          -5.0779131083
      Total energy:           -3934.7285522986
      Residual norm:              0.0000002623
      Reference weight:           0.36783

      Contributions to the CASPT2 correlation energy
      Active & Virtual Only:         -0.1190915069
      One Inactive Excited:          -1.0410297575
      Two Inactive Excited:          -3.8758001146


++ Denominators, etc.
--------------------------------------------------------------------------------------------------------------
 Report on small energy denominators, large coefficients, and large energy contributions.
CASE  SYMM ACTIVE-MIX  NON-ACTIVE INDICES          DENOMINATOR     RHS VALUE       COEFFICIENT     CONTRIBUTION
VJTU     1  Mu1.0002  In1.073                       0.48507726     -0.01603899      0.02930228     -0.00046998
VJTU     1  Mu1.0001  In1.086                       0.38974247      0.01630357     -0.03515552     -0.00057316
VJTU     1  Mu1.0001  In1.087                       0.38433281     -0.01184152      0.02640171     -0.00031264
VJTU     1  Mu1.0002  In1.087                       0.39438202     -0.01295895      0.02831348     -0.00036691
VJTU     1  Mu1.0002  In1.092                       0.35123913     -0.01107747      0.02566264     -0.00028428
VJTU     1  Mu1.0001  In1.095                       0.31064450      0.01127030     -0.02996940     -0.00033776
VJTU     1  Mu1.0001  In1.096                       0.31898308      0.01370705     -0.03355028     -0.00045988
VJTU     1  Mu1.0002  In1.096                       0.32903229     -0.01550821      0.03769620     -0.00058460
VJTU     1  Mu1.0001  In1.097                       0.27848425      0.03309806     -0.08203018     -0.00271504
VJTU     1  Mu1.0002  In1.097                       0.28853346      0.04463395     -0.10755057     -0.00480041
VJTU     1  Mu1.0007  In1.097                       0.35173031      0.01242046     -0.02598338     -0.00032273
VJTU     1  Mu1.0001  In1.098                       0.26377259      0.00405537     -0.01072023     -0.00004347
VJTU     1  Mu1.0002  In1.098                       0.27382180      0.00041567     -0.00198980     -0.00000083
VJTU     1  Mu1.0001  In1.099                       0.23978416      0.01787071     -0.04692435     -0.00083857
VJTU     1  Mu1.0002  In1.099                       0.24983337      0.03942165     -0.10353105     -0.00408136
VJTU     1  Mu1.0003  In1.099                       0.27668988      0.00013444     -0.00023663     -0.00000003
VJTU     1  Mu1.0004  In1.099                       0.28567237      0.00073712     -0.00215426     -0.00000159
VJTU     1  Mu1.0005  In1.099                       0.29321139      0.00175342     -0.00433201     -0.00000760
VJTU     1  Mu1.0001  In1.100                       0.22373273     -0.00119944      0.00248632     -0.00000298
VJTU     1  Mu1.0002  In1.100                       0.23378194     -0.01455201      0.03810087     -0.00055444
VJTU     1  Mu1.0003  In1.100                       0.26063844      0.00053438     -0.00153227     -0.00000082
VJTU     1  Mu1.0004  In1.100                       0.26962093     -0.00882166      0.02161838     -0.00019071
VJTU     1  Mu1.0005  In1.100                       0.27715995     -0.00676507      0.01769281     -0.00011969
VJTU     1  Mu1.0006  In1.100                       0.28751430     -0.00092183      0.00231794     -0.00000214
VJTU     1  Mu1.0007  In1.100                       0.29697879     -0.00441472      0.01028088     -0.00004539
ATVX     1  Mu1.0001  Se1.113                       0.10395195     -0.00064062      0.00122109     -0.00000078
ATVX     1  Mu1.0002  Se1.113                       0.13184259     -0.00860011      0.01861748     -0.00016011
ATVX     1  Mu1.0003  Se1.113                       0.15886318      0.00052453     -0.00183438     -0.00000096
ATVX     1  Mu1.0004  Se1.113                       0.16866518      0.00139847     -0.00548977     -0.00000768
ATVX     1  Mu1.0005  Se1.113                       0.17455211     -0.00020171      0.00061161     -0.00000012
ATVX     1  Mu1.0006  Se1.113                       0.20909359     -0.00009936      0.00034238     -0.00000003
ATVX     1  Mu1.0007  Se1.113                       0.21141557     -0.00007989      0.00021507     -0.00000002
ATVX     1  Mu1.0008  Se1.113                       0.21820829      0.00023922     -0.00065723     -0.00000016
ATVX     1  Mu1.0009  Se1.113                       0.23342985     -0.00221065      0.00599517     -0.00001325
ATVX     1  Mu1.0010  Se1.113                       0.24165521      0.00064464     -0.00145670     -0.00000094
ATVX     1  Mu1.0011  Se1.113                       0.24212322     -0.00063616      0.00147129     -0.00000094
ATVX     1  Mu1.0012  Se1.113                       0.24430711     -0.00041110      0.00118583     -0.00000049
ATVX     1  Mu1.0013  Se1.113                       0.25324296     -0.00002184      0.00003594     -0.00000000
ATVX     1  Mu1.0014  Se1.113                       0.25419920     -0.00059625      0.00147906     -0.00000088
ATVX     1  Mu1.0015  Se1.113                       0.27450268      0.00214224     -0.00576864     -0.00001236
ATVX     1  Mu1.0016  Se1.113                       0.27623493      0.00250193     -0.00683727     -0.00001711
ATVX     1  Mu1.0017  Se1.113                       0.27674167     -0.00000623     -0.00002620      0.00000000
ATVX     1  Mu1.0018  Se1.113                       0.28379545     -0.00080701      0.00189142     -0.00000153
ATVX     1  Mu1.0019  Se1.113                       0.28529111      0.00116309     -0.00277058     -0.00000322
ATVX     1  Mu1.0020  Se1.113                       0.28584370     -0.00036599      0.00064175     -0.00000023
ATVX     1  Mu1.0021  Se1.113                       0.29586073      0.00031703     -0.00086501     -0.00000027
ATVX     1  Mu1.0046  Se1.113                       0.41410960      0.01503848     -0.03347432     -0.00050340
ATVX     1  Mu1.0001  Se1.114                       0.13103491     -0.00060586      0.00209361     -0.00000127
ATVX     1  Mu1.0002  Se1.114                       0.15892555      0.00052190     -0.00139580     -0.00000073
ATVX     1  Mu1.0003  Se1.114                       0.18594615      0.00185083     -0.00472908     -0.00000875
ATVX     1  Mu1.0004  Se1.114                       0.19574814     -0.00220124      0.00536327     -0.00001181
ATVX     1  Mu1.0005  Se1.114                       0.20163507     -0.01917057      0.05171176     -0.00099134
ATVX     1  Mu1.0006  Se1.114                       0.23617655      0.00132793     -0.00336813     -0.00000447
ATVX     1  Mu1.0007  Se1.114                       0.23849853     -0.00575524      0.01485622     -0.00008550
ATVX     1  Mu1.0008  Se1.114                       0.24529125      0.00306204     -0.00792617     -0.00002427
ATVX     1  Mu1.0009  Se1.114                       0.26051281     -0.00042079      0.00078082     -0.00000033
ATVX     1  Mu1.0010  Se1.114                       0.26873817     -0.00038915      0.00103647     -0.00000040
ATVX     1  Mu1.0011  Se1.114                       0.26920618      0.00053147     -0.00151908     -0.00000081
ATVX     1  Mu1.0012  Se1.114                       0.27139007      0.00095658     -0.00213837     -0.00000205
ATVX     1  Mu1.0013  Se1.114                       0.28032592      0.00006397     -0.00015681     -0.00000001
ATVX     1  Mu1.0014  Se1.114                       0.28128216     -0.00281981      0.00669348     -0.00001887
ATVX     1  Mu1.0048  Se1.114                       0.44585883     -0.01500092      0.03170927     -0.00047567
ATVX     1  Mu1.0050  Se1.114                       0.44925995     -0.01527811      0.03364069     -0.00051397
ATVX     1  Mu1.0091  Se1.114                       0.51711449     -0.01661153      0.03028094     -0.00050301
ATVX     1  Mu1.0001  Se1.115                       0.13060264     -0.00010022      0.00036105     -0.00000004
ATVX     1  Mu1.0002  Se1.115                       0.15849328     -0.00413559      0.01062457     -0.00004394
ATVX     1  Mu1.0003  Se1.115                       0.18551388      0.00049296     -0.00091903     -0.00000045
ATVX     1  Mu1.0004  Se1.115                       0.19531587     -0.00134202      0.00347699     -0.00000467
ATVX     1  Mu1.0005  Se1.115                       0.20120280     -0.00254961      0.00688751     -0.00001756
ATVX     1  Mu1.0006  Se1.115                       0.23574428      0.00018703     -0.00048471     -0.00000009
ATVX     1  Mu1.0007  Se1.115                       0.23806626     -0.00080425      0.00207199     -0.00000167
ATVX     1  Mu1.0008  Se1.115                       0.24485899      0.00037069     -0.00096245     -0.00000036
ATVX     1  Mu1.0009  Se1.115                       0.26008054      0.00161556     -0.00383192     -0.00000619
ATVX     1  Mu1.0010  Se1.115                       0.26830590     -0.00010901      0.00024840     -0.00000003
ATVX     1  Mu1.0011  Se1.115                       0.26877392      0.00067684     -0.00149287     -0.00000101
ATVX     1  Mu1.0012  Se1.115                       0.27095781      0.00018377     -0.00046029     -0.00000008
ATVX     1  Mu1.0013  Se1.115                       0.27989366      0.00004797     -0.00010112     -0.00000000
ATVX     1  Mu1.0014  Se1.115                       0.28084989     -0.00028553      0.00067466     -0.00000019
ATVX     1  Mu1.0001  Se1.116                       0.13573819     -0.00001317      0.00000349     -0.00000000
ATVX     1  Mu1.0002  Se1.116                       0.16362883      0.00218617     -0.00544614     -0.00001191
ATVX     1  Mu1.0003  Se1.116                       0.19064943      0.00049089     -0.00118180     -0.00000058
ATVX     1  Mu1.0004  Se1.116                       0.20045142     -0.00003069     -0.00000945      0.00000000
ATVX     1  Mu1.0005  Se1.116                       0.20633835      0.00008829     -0.00023395     -0.00000002
ATVX     1  Mu1.0006  Se1.116                       0.24087983     -0.00002819      0.00005720     -0.00000000
ATVX     1  Mu1.0007  Se1.116                       0.24320181      0.00002983     -0.00006861     -0.00000000
ATVX     1  Mu1.0008  Se1.116                       0.24999454      0.00001048     -0.00001954     -0.00000000
ATVX     1  Mu1.0009  Se1.116                       0.26521610     -0.00066361      0.00153192     -0.00000102
ATVX     1  Mu1.0010  Se1.116                       0.27344145      0.00036292     -0.00076930     -0.00000028
ATVX     1  Mu1.0011  Se1.116                       0.27390947      0.00006949     -0.00012464     -0.00000001
ATVX     1  Mu1.0012  Se1.116                       0.27609336     -0.00003184      0.00007733     -0.00000000
ATVX     1  Mu1.0013  Se1.116                       0.28502921      0.00006778     -0.00015154     -0.00000001
ATVX     1  Mu1.0014  Se1.116                       0.28598544     -0.00004735      0.00010784     -0.00000001
ATVX     1  Mu1.0001  Se1.117                       0.14326623      0.00324606     -0.00676635     -0.00002196
ATVX     1  Mu1.0002  Se1.117                       0.17115687      0.00025249     -0.00063743     -0.00000016
ATVX     1  Mu1.0003  Se1.117                       0.19817747     -0.00016187      0.00019477     -0.00000003
ATVX     1  Mu1.0004  Se1.117                       0.20797946      0.00006423     -0.00016577     -0.00000001
ATVX     1  Mu1.0005  Se1.117                       0.21386639     -0.00071167      0.00192658     -0.00000137
ATVX     1  Mu1.0006  Se1.117                       0.24840787      0.00030014     -0.00069717     -0.00000021
ATVX     1  Mu1.0007  Se1.117                       0.25072985     -0.00005750      0.00021876     -0.00000001
ATVX     1  Mu1.0008  Se1.117                       0.25752257     -0.00004943      0.00007153     -0.00000000
ATVX     1  Mu1.0009  Se1.117                       0.27274413     -0.00013853      0.00025844     -0.00000004
ATVX     1  Mu1.0010  Se1.117                       0.28096949      0.00011698     -0.00026339     -0.00000003
ATVX     1  Mu1.0011  Se1.117                       0.28143751     -0.00001949     -0.00000258      0.00000000
ATVX     1  Mu1.0012  Se1.117                       0.28362139     -0.00001054     -0.00000824      0.00000000
ATVX     1  Mu1.0013  Se1.117                       0.29255724     -0.00289146      0.00689738     -0.00001994
ATVX     1  Mu1.0014  Se1.117                       0.29351348     -0.00013256      0.00029863     -0.00000004
ATVX     1  Mu1.0001  Se1.118                       0.15062739     -0.00194829      0.00394088     -0.00000768
ATVX     1  Mu1.0002  Se1.118                       0.17851803     -0.00012602      0.00031651     -0.00000004
ATVX     1  Mu1.0003  Se1.118                       0.20553863      0.00019635     -0.00036079     -0.00000007
ATVX     1  Mu1.0004  Se1.118                       0.21534063     -0.00016049      0.00039595     -0.00000006
ATVX     1  Mu1.0005  Se1.118                       0.22122756     -0.00026748      0.00058409     -0.00000016
ATVX     1  Mu1.0006  Se1.118                       0.25576903     -0.00021891      0.00050790     -0.00000011
ATVX     1  Mu1.0007  Se1.118                       0.25809101     -0.00065905      0.00157135     -0.00000104
ATVX     1  Mu1.0008  Se1.118                       0.26488374      0.00012032     -0.00026564     -0.00000003
ATVX     1  Mu1.0009  Se1.118                       0.28010530      0.00004337     -0.00009689     -0.00000000
ATVX     1  Mu1.0010  Se1.118                       0.28833065     -0.00009846      0.00023206     -0.00000002
ATVX     1  Mu1.0011  Se1.118                       0.28879867      0.00008507     -0.00017013     -0.00000001
ATVX     1  Mu1.0012  Se1.118                       0.29098256     -0.00006638      0.00020917     -0.00000001
ATVX     1  Mu1.0013  Se1.118                       0.29991841      0.00162266     -0.00384112     -0.00000623
ATVX     1  Mu1.0001  Se1.119                       0.15177534      0.00041597     -0.00075937     -0.00000032
ATVX     1  Mu1.0002  Se1.119                       0.17966598     -0.00610274      0.01647898     -0.00010057
ATVX     1  Mu1.0003  Se1.119                       0.20668658      0.00026274     -0.00033702     -0.00000009
ATVX     1  Mu1.0004  Se1.119                       0.21648858     -0.00001730      0.00014588     -0.00000000
ATVX     1  Mu1.0005  Se1.119                       0.22237551     -0.00004319      0.00012811     -0.00000001
ATVX     1  Mu1.0006  Se1.119                       0.25691699      0.00005246     -0.00011498     -0.00000001
ATVX     1  Mu1.0007  Se1.119                       0.25923896     -0.00007680      0.00019772     -0.00000002
ATVX     1  Mu1.0008  Se1.119                       0.26603169     -0.00005513      0.00012202     -0.00000001
ATVX     1  Mu1.0009  Se1.119                       0.28125325      0.00216455     -0.00484617     -0.00001049
ATVX     1  Mu1.0010  Se1.119                       0.28947860     -0.00020518      0.00041639     -0.00000009
ATVX     1  Mu1.0011  Se1.119                       0.28994662      0.00074966     -0.00158510     -0.00000119
ATVX     1  Mu1.0012  Se1.119                       0.29213051      0.00002414     -0.00009677     -0.00000000
ATVX     1  Mu1.0001  Se1.120                       0.15187423      0.00397294     -0.00801291     -0.00003183
ATVX     1  Mu1.0002  Se1.120                       0.17976487      0.00093873     -0.00250219     -0.00000235
ATVX     1  Mu1.0003  Se1.120                       0.20678546     -0.00022586      0.00021950     -0.00000005
ATVX     1  Mu1.0004  Se1.120                       0.21658746      0.00000079     -0.00006387     -0.00000000
ATVX     1  Mu1.0005  Se1.120                       0.22247439     -0.00138379      0.00360406     -0.00000499
ATVX     1  Mu1.0006  Se1.120                       0.25701587      0.00044016     -0.00101971     -0.00000045
ATVX     1  Mu1.0007  Se1.120                       0.25933785     -0.00072537      0.00186342     -0.00000135
ATVX     1  Mu1.0008  Se1.120                       0.26613057     -0.00007986      0.00012532     -0.00000001
ATVX     1  Mu1.0009  Se1.120                       0.28135213     -0.00045115      0.00091637     -0.00000041
ATVX     1  Mu1.0010  Se1.120                       0.28957749      0.00015315     -0.00033339     -0.00000005
ATVX     1  Mu1.0011  Se1.120                       0.29004550     -0.00007325      0.00009547     -0.00000001
ATVX     1  Mu1.0012  Se1.120                       0.29222939      0.00001343     -0.00012834     -0.00000000
ATVX     1  Mu1.0001  Se1.121                       0.16086604      0.00176656     -0.00254880     -0.00000450
ATVX     1  Mu1.0002  Se1.121                       0.18875668      0.00223555     -0.00619768     -0.00001386
ATVX     1  Mu1.0003  Se1.121                       0.21577728     -0.00024112      0.00033005     -0.00000008
ATVX     1  Mu1.0004  Se1.121                       0.22557927      0.00032660     -0.00083743     -0.00000027
ATVX     1  Mu1.0005  Se1.121                       0.23146620     -0.00047338      0.00129791     -0.00000061
ATVX     1  Mu1.0006  Se1.121                       0.26600768      0.00028097     -0.00061038     -0.00000017
ATVX     1  Mu1.0007  Se1.121                       0.26832966     -0.00004541      0.00017601     -0.00000001
ATVX     1  Mu1.0008  Se1.121                       0.27512238     -0.00007896      0.00012747     -0.00000001
ATVX     1  Mu1.0009  Se1.121                       0.29034394     -0.00065121      0.00136107     -0.00000089
ATVX     1  Mu1.0010  Se1.121                       0.29856930      0.00012498     -0.00026346     -0.00000003
ATVX     1  Mu1.0011  Se1.121                       0.29903731     -0.00022436      0.00042622     -0.00000010
ATVX     1  Mu1.0001  Se1.122                       0.16109515      0.00024850     -0.00010475     -0.00000003
ATVX     1  Mu1.0002  Se1.122                       0.18898579     -0.01057944      0.02944074     -0.00031147
ATVX     1  Mu1.0003  Se1.122                       0.21600639      0.00018127     -0.00008746     -0.00000002
ATVX     1  Mu1.0004  Se1.122                       0.22580839     -0.00092320      0.00196416     -0.00000181
ATVX     1  Mu1.0005  Se1.122                       0.23169532      0.00000379      0.00003984      0.00000000
ATVX     1  Mu1.0006  Se1.122                       0.26623679      0.00004278     -0.00007258     -0.00000000
ATVX     1  Mu1.0007  Se1.122                       0.26855877     -0.00004017      0.00011391     -0.00000000
ATVX     1  Mu1.0008  Se1.122                       0.27535150     -0.00007157      0.00014470     -0.00000001
ATVX     1  Mu1.0009  Se1.122                       0.29057306      0.00287286     -0.00615031     -0.00001767
ATVX     1  Mu1.0010  Se1.122                       0.29879841     -0.00011438      0.00017403     -0.00000002
ATVX     1  Mu1.0011  Se1.122                       0.29926643      0.00099450     -0.00202616     -0.00000202
ATVX     1  Mu1.0001  Se1.123                       0.17657690      0.00004722     -0.00012431     -0.00000001
ATVX     1  Mu1.0002  Se1.123                       0.20446754      0.00093714     -0.00246594     -0.00000231
ATVX     1  Mu1.0003  Se1.123                       0.23148814     -0.00042045      0.00090182     -0.00000038
ATVX     1  Mu1.0004  Se1.123                       0.24129013      0.00001994     -0.00024094     -0.00000000
ATVX     1  Mu1.0005  Se1.123                       0.24717707      0.00008670     -0.00020577     -0.00000002
ATVX     1  Mu1.0006  Se1.123                       0.28171854     -0.00003205      0.00005224     -0.00000000
ATVX     1  Mu1.0007  Se1.123                       0.28404052      0.00002297     -0.00005124     -0.00000000
ATVX     1  Mu1.0008  Se1.123                       0.29083325      0.00000650     -0.00001446     -0.00000000
ATVX     1  Mu1.0001  Se1.124                       0.17979703     -0.00799210      0.02143929     -0.00017134
ATVX     1  Mu1.0002  Se1.124                       0.20768767      0.00021692     -0.00058215     -0.00000013
ATVX     1  Mu1.0003  Se1.124                       0.23470827      0.00039180     -0.00086013     -0.00000034
ATVX     1  Mu1.0004  Se1.124                       0.24451026     -0.00012225      0.00030454     -0.00000004
ATVX     1  Mu1.0005  Se1.124                       0.25039719     -0.00022806      0.00087358     -0.00000020
ATVX     1  Mu1.0006  Se1.124                       0.28493867     -0.00077584      0.00199760     -0.00000155
ATVX     1  Mu1.0007  Se1.124                       0.28726065      0.00009764     -0.00012179     -0.00000001
ATVX     1  Mu1.0008  Se1.124                       0.29405337      0.00050701     -0.00126692     -0.00000064
ATVX     1  Mu1.0001  Se1.125                       0.18293489     -0.00033715      0.00095266     -0.00000032
ATVX     1  Mu1.0002  Se1.125                       0.21082553     -0.00009365      0.00024224     -0.00000002
ATVX     1  Mu1.0003  Se1.125                       0.23784613     -0.00021676      0.00047650     -0.00000010
ATVX     1  Mu1.0004  Se1.125                       0.24764812      0.00017633     -0.00051774     -0.00000009
ATVX     1  Mu1.0005  Se1.125                       0.25353505      0.00293080     -0.00790209     -0.00002316
ATVX     1  Mu1.0006  Se1.125                       0.28807653     -0.00033746      0.00081588     -0.00000028
ATVX     1  Mu1.0007  Se1.125                       0.29039851     -0.00059005      0.00130587     -0.00000077
ATVX     1  Mu1.0008  Se1.125                       0.29719123     -0.00050755      0.00123710     -0.00000063
ATVX     1  Mu1.0001  Se1.126                       0.18888350     -0.00013539      0.00035683     -0.00000005
ATVX     1  Mu1.0002  Se1.126                       0.21677413     -0.00190972      0.00525780     -0.00001004
ATVX     1  Mu1.0003  Se1.126                       0.24379473     -0.00024912      0.00049832     -0.00000012
ATVX     1  Mu1.0004  Se1.126                       0.25359673     -0.00072511      0.00156818     -0.00000114
ATVX     1  Mu1.0005  Se1.126                       0.25948366     -0.00000725      0.00001439     -0.00000000
ATVX     1  Mu1.0006  Se1.126                       0.29402514     -0.00002673      0.00006087     -0.00000000
ATVX     1  Mu1.0007  Se1.126                       0.29634711     -0.00001953      0.00004385     -0.00000000
ATVX     1  Mu1.0001  Se1.127                       0.19539317      0.00002852     -0.00006460     -0.00000000
ATVX     1  Mu1.0002  Se1.127                       0.22328380      0.00009831     -0.00026165     -0.00000003
ATVX     1  Mu1.0003  Se1.127                       0.25030440      0.00023246     -0.00055038     -0.00000013
ATVX     1  Mu1.0004  Se1.127                       0.26010640     -0.00021338      0.00059660     -0.00000013
ATVX     1  Mu1.0005  Se1.127                       0.26599333     -0.00291735      0.00776029     -0.00002264
ATVX     1  Mu1.0001  Se1.128                       0.20522984      0.00003212     -0.00002286     -0.00000000
ATVX     1  Mu1.0002  Se1.128                       0.23312048     -0.00131366      0.00338301     -0.00000444
ATVX     1  Mu1.0003  Se1.128                       0.26014108      0.00021520     -0.00048809     -0.00000011
ATVX     1  Mu1.0004  Se1.128                       0.26994307      0.00035733     -0.00018760     -0.00000007
ATVX     1  Mu1.0005  Se1.128                       0.27583000     -0.00022157      0.00053078     -0.00000012
ATVX     1  Mu1.0001  Se1.129                       0.21490583     -0.00322376      0.00657679     -0.00002120
ATVX     1  Mu1.0002  Se1.129                       0.24279647     -0.00241516      0.00551892     -0.00001333
ATVX     1  Mu1.0003  Se1.129                       0.26981707      0.00048928     -0.00092888     -0.00000045
ATVX     1  Mu1.0004  Se1.129                       0.27961906     -0.00056362      0.00156520     -0.00000088
ATVX     1  Mu1.0005  Se1.129                       0.28550599      0.00040758     -0.00102665     -0.00000042
ATVX     1  Mu1.0001  Se1.130                       0.21801116      0.00001425     -0.00009106     -0.00000000
ATVX     1  Mu1.0002  Se1.130                       0.24590180      0.00488800     -0.01104516     -0.00005399
ATVX     1  Mu1.0003  Se1.130                       0.27292240     -0.00093207      0.00222141     -0.00000207
ATVX     1  Mu1.0004  Se1.130                       0.28272439      0.00017511     -0.00041642     -0.00000007
ATVX     1  Mu1.0005  Se1.130                       0.28861132      0.00000895     -0.00002426     -0.00000000
ATVX     1  Mu1.0001  Se1.131                       0.21857945      0.00089997     -0.00143013     -0.00000129
ATVX     1  Mu1.0002  Se1.131                       0.24647008     -0.00001717     -0.00000007      0.00000000
ATVX     1  Mu1.0003  Se1.131                       0.27349068     -0.00018977      0.00034764     -0.00000007
ATVX     1  Mu1.0004  Se1.131                       0.28329268      0.00019352     -0.00050493     -0.00000010
ATVX     1  Mu1.0005  Se1.131                       0.28917961     -0.00002765      0.00005692     -0.00000000
ATVX     1  Mu1.0001  Se1.132                       0.21606719      0.00034476     -0.00054406     -0.00000019
ATVX     1  Mu1.0002  Se1.132                       0.24395783     -0.01455098      0.03320435     -0.00048316
ATVX     1  Mu1.0003  Se1.132                       0.27097843      0.00036586     -0.00048106     -0.00000018
ATVX     1  Mu1.0004  Se1.132                       0.28078043      0.00137900     -0.00289159     -0.00000399
ATVX     1  Mu1.0005  Se1.132                       0.28666736     -0.00018853      0.00041553     -0.00000008
ATVX     1  Mu1.0001  Se1.133                       0.22672170     -0.00005021      0.00017129     -0.00000001
ATVX     1  Mu1.0002  Se1.133                       0.25461234     -0.00427865      0.01150194     -0.00004921
ATVX     1  Mu1.0003  Se1.133                       0.28163294     -0.00119671      0.00272873     -0.00000327
ATVX     1  Mu1.0004  Se1.133                       0.29143493      0.00065782     -0.00136563     -0.00000090
ATVX     1  Mu1.0005  Se1.133                       0.29732187     -0.00011283      0.00028214     -0.00000003
ATVX     1  Mu1.0001  Se1.134                       0.22781181      0.00015212     -0.00041213     -0.00000006
ATVX     1  Mu1.0002  Se1.134                       0.25570245      0.00567144     -0.01492626     -0.00008465
ATVX     1  Mu1.0003  Se1.134                       0.28272305     -0.00096817      0.00228596     -0.00000221
ATVX     1  Mu1.0004  Se1.134                       0.29252504      0.00062583     -0.00121947     -0.00000076
ATVX     1  Mu1.0005  Se1.134                       0.29841197      0.00007428     -0.00022098     -0.00000002
ATVX     1  Mu1.0001  Se1.135                       0.24400131     -0.00006639      0.00022078     -0.00000001
ATVX     1  Mu1.0002  Se1.135                       0.27189194      0.00000766     -0.00002032     -0.00000000
ATVX     1  Mu1.0003  Se1.135                       0.29891254      0.00005464     -0.00011870     -0.00000001
ATVX     1  Mu1.0001  Se1.136                       0.23968173     -0.00014127      0.00039896     -0.00000006
ATVX     1  Mu1.0002  Se1.136                       0.26757237      0.00236075     -0.00548996     -0.00001296
ATVX     1  Mu1.0003  Se1.136                       0.29459297      0.00243077     -0.00565816     -0.00001375
ATVX     1  Mu1.0001  Se1.137                       0.25397040     -0.00164439      0.00268847     -0.00000442
ATVX     1  Mu1.0002  Se1.137                       0.28186104     -0.00000793     -0.00000629      0.00000000
ATVX     1  Mu1.0001  Se1.138                       0.26472820     -0.00018327      0.00041157     -0.00000008
ATVX     1  Mu1.0002  Se1.138                       0.29261884     -0.00100943      0.00316766     -0.00000320
ATVX     1  Mu1.0001  Se1.139                       0.27386408      0.00053007     -0.00121103     -0.00000064
ATVX     1  Mu1.0001  Se1.140                       0.27920665      0.00008651     -0.00040416     -0.00000003
ATVX     1  Mu1.0001  Se1.141                       0.27221971      0.00005364     -0.00003877     -0.00000000
ATVX     1  Mu1.0001  Se1.142                       0.28912680      0.00190312     -0.00484444     -0.00000922
ATVX     1  Mu1.0001  Se1.143                       0.29449315     -0.00014581      0.00036711     -0.00000005
ATVX     1  Mu1.0001  Se1.145                       0.29590293      0.00020221     -0.00048989     -0.00000010
AIVX     1  Mu1.0006  In1.100 Se1.114               0.45032951      0.01073587     -0.02662693     -0.00028586
AIVX     1  Mu1.0007  In1.100 Se1.114               0.45889154      0.01855172     -0.03935152     -0.00073004
--

   (Skipping property calculation,
    use PROP keyword to activate)
--

++ CASPT2 computation for group   3

********************************************************************************
 Multi-State initialization phase begins for group   3
--------------------------------------------------------------------------------
********************************************************************************
 Compute H0 matrices for state    3
--------------------------------------------------------------------------------
--------------------------------------------------------------------------------
 H0 matrices have been computed.

********************************************************************************
  CASPT2 EQUATION SOLUTION
--------------------------------------------------------------------------------

  Total nr of CASPT2 parameters:
   Before reduction:  1876168956
   After  reduction:  1876168956

 Variance of |WF0>:      23.4920623215

 The contributions to the second order correlation energy in atomic units.
-----------------------------------------------------------------------------------------------------------------------------
  IT.      VJTU        VJTI        ATVX        AIVX        VJAI        BVAT        BJAT        BJAI        TOTAL       RNORM  
-----------------------------------------------------------------------------------------------------------------------------
   1    -0.075665   -0.030608   -0.017432   -0.161076   -0.394371   -0.089798   -0.778790   -3.505463   -5.053203    0.024009
   2    -0.079870   -0.030849   -0.017546   -0.161686   -0.394983   -0.090152   -0.780494   -3.506471   -5.062052    0.005618
   3    -0.080245   -0.030868   -0.017592   -0.161647   -0.395003   -0.090214   -0.780713   -3.506578   -5.062860    0.000958
   4    -0.080282   -0.030859   -0.017579   -0.161578   -0.394958   -0.090193   -0.780601   -3.506510   -5.062561    0.000175
   5    -0.080287   -0.030858   -0.017578   -0.161572   -0.394955   -0.090190   -0.780590   -3.506504   -5.062535    0.000031
   6    -0.080288   -0.030858   -0.017578   -0.161573   -0.394956   -0.090190   -0.780594   -3.506507   -5.062544    0.000005
-----------------------------------------------------------------------------------------------------------------------------

  FINAL CASPT2 RESULT:

      Reference energy:       -3929.6479040074
      E2 (Non-variational):      -5.0625449912
      Shift correction:          -0.0472948489
      E2 (Variational):          -5.1098398401
      Total energy:           -3934.7577438475
      Residual norm:              0.0000009032
      Reference weight:           0.36156

      Contributions to the CASPT2 correlation energy
      Active & Virtual Only:         -0.1077685304
      One Inactive Excited:          -1.0224552538
      Two Inactive Excited:          -3.9323212070


++ Denominators, etc.
--------------------------------------------------------------------------------------------------------------
 Report on small energy denominators, large coefficients, and large energy contributions.
CASE  SYMM ACTIVE-MIX  NON-ACTIVE INDICES          DENOMINATOR     RHS VALUE       COEFFICIENT     CONTRIBUTION
VJTU     1  Mu1.0001  In1.089                       0.40445985     -0.01752308      0.03124102     -0.00054744
VJTU     1  Mu1.0002  In1.089                       0.41160874     -0.01702009      0.03277064     -0.00055776
VJTU     1  Mu1.0001  In1.090                       0.40132676     -0.02131236      0.03978457     -0.00084790
VJTU     1  Mu1.0001  In1.091                       0.29226178      0.00961305     -0.02547490     -0.00024489
VJTU     1  Mu1.0002  In1.091                       0.29941066      0.01662195     -0.03796040     -0.00063098
VJTU     1  Mu1.0001  In1.093                       0.34445208     -0.03277724      0.07241719     -0.00237364
VJTU     1  Mu1.0001  In1.094                       0.29892225      0.01052217     -0.02895194     -0.00030464
VJTU     1  Mu1.0001  In1.097                       0.32561515      0.04635888     -0.09990826     -0.00463163
VJTU     1  Mu1.0002  In1.097                       0.33276404     -0.01858265      0.04078280     -0.00075785
VJTU     1  Mu1.0003  In1.097                       0.34765141     -0.01522726      0.03134414     -0.00047729
VJTU     1  Mu1.0014  In1.097                       0.40355993     -0.01500241      0.02804937     -0.00042081
VJTU     1  Mu1.0017  In1.097                       0.40966335     -0.01419562      0.02733160     -0.00038799
VJTU     1  Mu1.0001  In1.098                       0.31828552      0.01763581     -0.03517663     -0.00062037
VJTU     1  Mu1.0001  In1.099                       0.30211509      0.02014825     -0.04816532     -0.00097045
VJTU     1  Mu1.0002  In1.099                       0.30926398     -0.03250567      0.07620496     -0.00247709
VJTU     1  Mu1.0003  In1.099                       0.32415135     -0.01456635      0.03436746     -0.00050061
VJTU     1  Mu1.0024  In1.099                       0.39695961      0.01315223     -0.02725370     -0.00035845
VJTU     1  Mu1.0001  In1.100                       0.25495033      0.06153164     -0.13690858     -0.00842421
VJTU     1  Mu1.0002  In1.100                       0.26209922      0.05587419     -0.12501498     -0.00698511
VJTU     1  Mu1.0003  In1.100                       0.27698659      0.00935625     -0.02126134     -0.00019893
VJTU     1  Mu1.0004  In1.100                       0.28275050     -0.00386339      0.00896706     -0.00003464
VJTU     1  Mu1.0008  In1.100                       0.32160120      0.02148707     -0.04509464     -0.00096895
VJTU     1  Mu1.0009  In1.100                       0.32705637     -0.01858111      0.04612700     -0.00085709
VJTU     1  Mu1.0012  In1.100                       0.32949675     -0.01923367      0.04117287     -0.00079191
VJTU     1  Mu1.0013  In1.100                       0.33247691      0.01211802     -0.02636164     -0.00031945
VJTU     1  Mu1.0014  In1.100                       0.33289511     -0.03634757      0.07644419     -0.00277856
VJTU     1  Mu1.0017  In1.100                       0.33899852     -0.04198696      0.08807007     -0.00369779
VJTU     1  Mu1.0024  In1.100                       0.34979485     -0.01602866      0.03276593     -0.00052519
VJTU     1  Mu1.0089  In1.100                       0.42797919      0.01312709     -0.02541521     -0.00033363
ATVX     1  Mu1.0001  Se1.113                       0.07117944     -0.00095118      0.00085925     -0.00000082
ATVX     1  Mu1.0002  Se1.113                       0.07945898     -0.00015931      0.00072677     -0.00000012
ATVX     1  Mu1.0003  Se1.113                       0.09239933     -0.00057917      0.00148721     -0.00000086
ATVX     1  Mu1.0004  Se1.113                       0.09906337      0.00102157     -0.00178725     -0.00000183
ATVX     1  Mu1.0005  Se1.113                       0.13148774      0.00007839     -0.00011532     -0.00000001
ATVX     1  Mu1.0006  Se1.113                       0.14436134      0.00089757     -0.00188260     -0.00000169
ATVX     1  Mu1.0007  Se1.113                       0.14726735     -0.00270870      0.00645910     -0.00001750
ATVX     1  Mu1.0008  Se1.113                       0.15139445     -0.00008463      0.00003825     -0.00000000
ATVX     1  Mu1.0009  Se1.113                       0.16048257      0.00004929      0.00003682      0.00000000
ATVX     1  Mu1.0010  Se1.113                       0.16151937     -0.00129182      0.00301388     -0.00000389
ATVX     1  Mu1.0011  Se1.113                       0.16634707     -0.00040113      0.00086707     -0.00000035
ATVX     1  Mu1.0012  Se1.113                       0.16886634     -0.00190322      0.00448883     -0.00000854
ATVX     1  Mu1.0013  Se1.113                       0.17264312     -0.00065835      0.00158145     -0.00000104
ATVX     1  Mu1.0014  Se1.113                       0.17962307     -0.00117313      0.00284089     -0.00000333
ATVX     1  Mu1.0015  Se1.113                       0.18413680     -0.00117907      0.00255633     -0.00000301
ATVX     1  Mu1.0016  Se1.113                       0.18526794      0.00038809     -0.00086998     -0.00000034
ATVX     1  Mu1.0017  Se1.113                       0.19014016     -0.00010695      0.00024760     -0.00000003
ATVX     1  Mu1.0018  Se1.113                       0.19079905      0.00036431     -0.00059926     -0.00000022
ATVX     1  Mu1.0019  Se1.113                       0.19499557     -0.00031798      0.00041963     -0.00000013
ATVX     1  Mu1.0020  Se1.113                       0.19913627     -0.00013470      0.00007593     -0.00000001
ATVX     1  Mu1.0021  Se1.113                       0.20384750     -0.00055313      0.00129660     -0.00000072
ATVX     1  Mu1.0022  Se1.113                       0.20710991      0.00022708     -0.00037785     -0.00000009
ATVX     1  Mu1.0023  Se1.113                       0.21428597     -0.00034002      0.00083017     -0.00000028
ATVX     1  Mu1.0024  Se1.113                       0.21918556      0.00009591     -0.00031539     -0.00000003
ATVX     1  Mu1.0025  Se1.113                       0.22190733     -0.00111138      0.00280388     -0.00000312
ATVX     1  Mu1.0026  Se1.113                       0.22582382     -0.00038348      0.00089485     -0.00000034
ATVX     1  Mu1.0027  Se1.113                       0.23337182      0.00013666     -0.00020234     -0.00000003
ATVX     1  Mu1.0028  Se1.113                       0.23667201      0.00014688     -0.00046411     -0.00000007
ATVX     1  Mu1.0001  Se1.114                       0.10448034     -0.00048753      0.00088062     -0.00000043
ATVX     1  Mu1.0002  Se1.114                       0.11275989     -0.00029831      0.00106491     -0.00000032
ATVX     1  Mu1.0003  Se1.114                       0.12570024     -0.00056430      0.00455772     -0.00000257
ATVX     1  Mu1.0004  Se1.114                       0.13236428      0.00043967      0.00092727      0.00000041
ATVX     1  Mu1.0005  Se1.114                       0.16478865      0.00049425     -0.00122491     -0.00000061
ATVX     1  Mu1.0006  Se1.114                       0.17766225      0.00074603     -0.00199101     -0.00000149
ATVX     1  Mu1.0007  Se1.114                       0.18056826      0.00015172     -0.00045537     -0.00000007
ATVX     1  Mu1.0008  Se1.114                       0.18469536      0.00088875     -0.00210347     -0.00000187
ATVX     1  Mu1.0009  Se1.114                       0.19378347      0.00005517      0.00056634      0.00000003
ATVX     1  Mu1.0010  Se1.114                       0.19482028     -0.00023413      0.00049671     -0.00000012
ATVX     1  Mu1.0011  Se1.114                       0.19964798      0.00020685      0.00006136      0.00000001
ATVX     1  Mu1.0012  Se1.114                       0.20216724      0.00007157     -0.00029555     -0.00000002
ATVX     1  Mu1.0013  Se1.114                       0.20594403      0.00093476     -0.00239771     -0.00000224
ATVX     1  Mu1.0014  Se1.114                       0.21292398     -0.00047370      0.00122993     -0.00000058
ATVX     1  Mu1.0015  Se1.114                       0.21743771      0.00028392     -0.00008005     -0.00000002
ATVX     1  Mu1.0016  Se1.114                       0.21856885     -0.00002904      0.00013997     -0.00000000
ATVX     1  Mu1.0017  Se1.114                       0.22344106     -0.00032616      0.00077048     -0.00000025
ATVX     1  Mu1.0018  Se1.114                       0.22409996      0.00043543     -0.00097035     -0.00000042
ATVX     1  Mu1.0019  Se1.114                       0.22829647      0.00051500     -0.00162523     -0.00000084
ATVX     1  Mu1.0020  Se1.114                       0.23243717     -0.00004999      0.00004360     -0.00000000
ATVX     1  Mu1.0021  Se1.114                       0.23714841     -0.00000604      0.00003380     -0.00000000
ATVX     1  Mu1.0022  Se1.114                       0.24041081      0.00121701     -0.00277871     -0.00000338
ATVX     1  Mu1.0023  Se1.114                       0.24758688     -0.00035875      0.00080471     -0.00000029
ATVX     1  Mu1.0024  Se1.114                       0.25248646     -0.00002957      0.00006657     -0.00000000
ATVX     1  Mu1.0025  Se1.114                       0.25520824      0.00002004     -0.00005306     -0.00000000
ATVX     1  Mu1.0026  Se1.114                       0.25912472      0.00013410     -0.00034952     -0.00000005
ATVX     1  Mu1.0027  Se1.114                       0.26667273     -0.00038862      0.00054827     -0.00000021
ATVX     1  Mu1.0028  Se1.114                       0.26997291     -0.00016277      0.00019748     -0.00000003
ATVX     1  Mu1.0001  Se1.115                       0.10818839      0.00008629     -0.00037552     -0.00000003
ATVX     1  Mu1.0002  Se1.115                       0.11646794     -0.00010702      0.00085812     -0.00000009
ATVX     1  Mu1.0003  Se1.115                       0.12940829     -0.00041486      0.00084126     -0.00000035
ATVX     1  Mu1.0004  Se1.115                       0.13607233      0.00051720     -0.00118942     -0.00000062
ATVX     1  Mu1.0005  Se1.115                       0.16849670      0.00000935     -0.00000721     -0.00000000
ATVX     1  Mu1.0006  Se1.115                       0.18137030      0.00023501     -0.00051321     -0.00000012
ATVX     1  Mu1.0007  Se1.115                       0.18427631     -0.00057891      0.00135429     -0.00000078
ATVX     1  Mu1.0008  Se1.115                       0.18840341     -0.00018910      0.00041145     -0.00000008
ATVX     1  Mu1.0009  Se1.115                       0.19749152     -0.00005713      0.00009011     -0.00000001
ATVX     1  Mu1.0010  Se1.115                       0.19852833     -0.00022067      0.00033888     -0.00000007
ATVX     1  Mu1.0011  Se1.115                       0.20335603      0.00001889     -0.00003396     -0.00000000
ATVX     1  Mu1.0012  Se1.115                       0.20587530     -0.00047013      0.00082226     -0.00000039
ATVX     1  Mu1.0013  Se1.115                       0.20965208     -0.00014711      0.00032348     -0.00000005
ATVX     1  Mu1.0014  Se1.115                       0.21663203     -0.00033011      0.00075838     -0.00000025
ATVX     1  Mu1.0015  Se1.115                       0.22114576     -0.00021860      0.00048880     -0.00000011
ATVX     1  Mu1.0016  Se1.115                       0.22227690     -0.00000643      0.00002642     -0.00000000
ATVX     1  Mu1.0017  Se1.115                       0.22714911     -0.00000990      0.00000669     -0.00000000
ATVX     1  Mu1.0018  Se1.115                       0.22780801     -0.00003885      0.00007722     -0.00000000
ATVX     1  Mu1.0019  Se1.115                       0.23200452      0.00006330     -0.00013175     -0.00000001
ATVX     1  Mu1.0020  Se1.115                       0.23614522     -0.00001264      0.00003409     -0.00000000
ATVX     1  Mu1.0021  Se1.115                       0.24085646      0.00016912     -0.00041260     -0.00000007
ATVX     1  Mu1.0022  Se1.115                       0.24411887     -0.00007688      0.00020060     -0.00000002
ATVX     1  Mu1.0023  Se1.115                       0.25129493     -0.00013091      0.00025338     -0.00000003
ATVX     1  Mu1.0024  Se1.115                       0.25619451     -0.00035200      0.00067618     -0.00000024
ATVX     1  Mu1.0025  Se1.115                       0.25891629     -0.00031003      0.00064464     -0.00000020
ATVX     1  Mu1.0026  Se1.115                       0.26283277     -0.00021888      0.00041427     -0.00000009
ATVX     1  Mu1.0027  Se1.115                       0.27038078      0.00000442     -0.00001827     -0.00000000
ATVX     1  Mu1.0028  Se1.115                       0.27368096      0.00010941     -0.00020766     -0.00000002
ATVX     1  Mu1.0001  Se1.116                       0.11410113      0.00116893     -0.00140997     -0.00000165
ATVX     1  Mu1.0002  Se1.116                       0.12238067     -0.00019652     -0.00004951      0.00000001
ATVX     1  Mu1.0003  Se1.116                       0.13532102     -0.00035883      0.00070874     -0.00000025
ATVX     1  Mu1.0004  Se1.116                       0.14198506      0.00043436     -0.00122640     -0.00000053
ATVX     1  Mu1.0005  Se1.116                       0.17440943      0.00004621     -0.00010840     -0.00000001
ATVX     1  Mu1.0006  Se1.116                       0.18728303      0.00065312     -0.00143446     -0.00000094
ATVX     1  Mu1.0007  Se1.116                       0.19018905     -0.00007746      0.00039195     -0.00000003
ATVX     1  Mu1.0008  Se1.116                       0.19431614     -0.00088791      0.00189795     -0.00000169
ATVX     1  Mu1.0009  Se1.116                       0.20340426      0.00024751     -0.00057129     -0.00000014
ATVX     1  Mu1.0010  Se1.116                       0.20444106      0.00046148     -0.00104344     -0.00000048
ATVX     1  Mu1.0011  Se1.116                       0.20926876     -0.00013116      0.00021599     -0.00000003
ATVX     1  Mu1.0012  Se1.116                       0.21178803      0.00037338     -0.00078284     -0.00000029
ATVX     1  Mu1.0013  Se1.116                       0.21556481      0.00007820     -0.00014305     -0.00000001
ATVX     1  Mu1.0014  Se1.116                       0.22254476     -0.00003849      0.00013848     -0.00000001
ATVX     1  Mu1.0015  Se1.116                       0.22705849     -0.00011871      0.00032614     -0.00000004
ATVX     1  Mu1.0016  Se1.116                       0.22818963     -0.00009015      0.00016620     -0.00000001
ATVX     1  Mu1.0017  Se1.116                       0.23306185      0.00002517     -0.00004967     -0.00000000
ATVX     1  Mu1.0018  Se1.116                       0.23372075     -0.00000653      0.00002938     -0.00000000
ATVX     1  Mu1.0019  Se1.116                       0.23791726      0.00012695     -0.00025910     -0.00000003
ATVX     1  Mu1.0020  Se1.116                       0.24205796      0.00028407     -0.00053456     -0.00000015
ATVX     1  Mu1.0021  Se1.116                       0.24676919      0.00041814     -0.00092681     -0.00000039
ATVX     1  Mu1.0022  Se1.116                       0.25003160     -0.00030553      0.00061820     -0.00000019
ATVX     1  Mu1.0023  Se1.116                       0.25720766     -0.00010750      0.00023695     -0.00000003
ATVX     1  Mu1.0024  Se1.116                       0.26210725      0.00017263     -0.00040571     -0.00000007
ATVX     1  Mu1.0025  Se1.116                       0.26482902     -0.00033757      0.00087403     -0.00000030
ATVX     1  Mu1.0026  Se1.116                       0.26874551     -0.00004632      0.00015826     -0.00000001
ATVX     1  Mu1.0027  Se1.116                       0.27629351      0.00002072     -0.00004262     -0.00000000
ATVX     1  Mu1.0028  Se1.116                       0.27959370      0.00010727     -0.00020977     -0.00000002
ATVX     1  Mu1.0001  Se1.117                       0.11669404      0.00001825      0.00002138      0.00000000
ATVX     1  Mu1.0002  Se1.117                       0.12497358      0.00004287     -0.00020551     -0.00000001
ATVX     1  Mu1.0003  Se1.117                       0.13791393     -0.00006862     -0.00003145      0.00000000
ATVX     1  Mu1.0004  Se1.117                       0.14457797     -0.00010998      0.00010563     -0.00000001
ATVX     1  Mu1.0005  Se1.117                       0.17700234      0.00001306     -0.00002730     -0.00000000
ATVX     1  Mu1.0006  Se1.117                       0.18987594     -0.00000436      0.00005228     -0.00000000
ATVX     1  Mu1.0007  Se1.117                       0.19278195      0.00005674     -0.00010308     -0.00000001
ATVX     1  Mu1.0008  Se1.117                       0.19690905     -0.00010415      0.00021000     -0.00000002
ATVX     1  Mu1.0009  Se1.117                       0.20599717     -0.00000518     -0.00005351      0.00000000
ATVX     1  Mu1.0010  Se1.117                       0.20703397      0.00019145     -0.00046816     -0.00000009
ATVX     1  Mu1.0011  Se1.117                       0.21186167     -0.00005854      0.00007344     -0.00000000
ATVX     1  Mu1.0012  Se1.117                       0.21438094     -0.00002618      0.00010366     -0.00000000
ATVX     1  Mu1.0013  Se1.117                       0.21815772     -0.00019897      0.00044855     -0.00000009
ATVX     1  Mu1.0014  Se1.117                       0.22513767      0.00004127     -0.00008496     -0.00000000
ATVX     1  Mu1.0015  Se1.117                       0.22965140     -0.00000725     -0.00000388      0.00000000
ATVX     1  Mu1.0016  Se1.117                       0.23078254     -0.00001768      0.00004019     -0.00000000
ATVX     1  Mu1.0017  Se1.117                       0.23565475     -0.00014544      0.00035637     -0.00000005
ATVX     1  Mu1.0018  Se1.117                       0.23631365     -0.00005103      0.00011626     -0.00000001
ATVX     1  Mu1.0019  Se1.117                       0.24051017      0.00001691     -0.00002602     -0.00000000
ATVX     1  Mu1.0020  Se1.117                       0.24465087     -0.00001903      0.00006344     -0.00000000
ATVX     1  Mu1.0021  Se1.117                       0.24936210     -0.00001183      0.00003754     -0.00000000
ATVX     1  Mu1.0022  Se1.117                       0.25262451     -0.00007724      0.00019215     -0.00000001
ATVX     1  Mu1.0023  Se1.117                       0.25980057      0.00008511     -0.00021865     -0.00000002
ATVX     1  Mu1.0024  Se1.117                       0.26470015      0.00005830     -0.00013268     -0.00000001
ATVX     1  Mu1.0025  Se1.117                       0.26742193     -0.00000490      0.00003274     -0.00000000
ATVX     1  Mu1.0026  Se1.117                       0.27133842     -0.00013725      0.00031525     -0.00000004
ATVX     1  Mu1.0027  Se1.117                       0.27888642      0.00003382     -0.00005015     -0.00000000
ATVX     1  Mu1.0028  Se1.117                       0.28218661      0.00002008     -0.00003763     -0.00000000
ATVX     1  Mu1.0001  Se1.118                       0.12618752     -0.00005040      0.00022814     -0.00000001
ATVX     1  Mu1.0002  Se1.118                       0.13446707      0.00001970     -0.00025565     -0.00000001
ATVX     1  Mu1.0003  Se1.118                       0.14740742     -0.00009199      0.00025326     -0.00000002
ATVX     1  Mu1.0004  Se1.118                       0.15407146      0.00003995     -0.00021811     -0.00000001
ATVX     1  Mu1.0005  Se1.118                       0.18649583      0.00011077     -0.00027674     -0.00000003
ATVX     1  Mu1.0006  Se1.118                       0.19936943      0.00013303     -0.00037753     -0.00000005
ATVX     1  Mu1.0007  Se1.118                       0.20227544      0.00022099     -0.00054745     -0.00000012
ATVX     1  Mu1.0008  Se1.118                       0.20640254      0.00020623     -0.00051410     -0.00000011
ATVX     1  Mu1.0009  Se1.118                       0.21549065     -0.00016475      0.00032075     -0.00000005
ATVX     1  Mu1.0010  Se1.118                       0.21652746      0.00003982      0.00004347      0.00000000
ATVX     1  Mu1.0011  Se1.118                       0.22135516     -0.00011680      0.00021498     -0.00000003
ATVX     1  Mu1.0012  Se1.118                       0.22387443      0.00033893     -0.00068659     -0.00000023
ATVX     1  Mu1.0013  Se1.118                       0.22765121      0.00005168     -0.00011665     -0.00000001
ATVX     1  Mu1.0014  Se1.118                       0.23463116      0.00008132     -0.00015613     -0.00000001
ATVX     1  Mu1.0015  Se1.118                       0.23914489      0.00006271     -0.00005462     -0.00000000
ATVX     1  Mu1.0016  Se1.118                       0.24027603     -0.00001659      0.00004003     -0.00000000
ATVX     1  Mu1.0017  Se1.118                       0.24514824     -0.00003108      0.00007033     -0.00000000
ATVX     1  Mu1.0018  Se1.118                       0.24580714      0.00009197     -0.00017085     -0.00000002
ATVX     1  Mu1.0019  Se1.118                       0.25000366      0.00015755     -0.00041521     -0.00000007
ATVX     1  Mu1.0020  Se1.118                       0.25414435      0.00001773     -0.00006404     -0.00000000
ATVX     1  Mu1.0021  Se1.118                       0.25885559      0.00002266     -0.00005474     -0.00000000
ATVX     1  Mu1.0022  Se1.118                       0.26211800      0.00032983     -0.00075208     -0.00000025
ATVX     1  Mu1.0023  Se1.118                       0.26929406     -0.00003123      0.00008164     -0.00000000
ATVX     1  Mu1.0024  Se1.118                       0.27419364      0.00011554     -0.00020396     -0.00000002
ATVX     1  Mu1.0025  Se1.118                       0.27691542     -0.00000590      0.00006240     -0.00000000
ATVX     1  Mu1.0026  Se1.118                       0.28083190      0.00015031     -0.00033015     -0.00000005
ATVX     1  Mu1.0027  Se1.118                       0.28837991     -0.00005921      0.00014960     -0.00000001
ATVX     1  Mu1.0028  Se1.118                       0.29168009     -0.00005560      0.00010309     -0.00000001
ATVX     1  Mu1.0001  Se1.119                       0.12614051     -0.00003320     -0.00018986      0.00000001
ATVX     1  Mu1.0002  Se1.119                       0.13442005     -0.00011081      0.00066026     -0.00000007
ATVX     1  Mu1.0003  Se1.119                       0.14736040     -0.00013976      0.00012195     -0.00000002
ATVX     1  Mu1.0004  Se1.119                       0.15402444      0.00006812     -0.00009802     -0.00000001
ATVX     1  Mu1.0005  Se1.119                       0.18644881      0.00006929     -0.00016610     -0.00000001
ATVX     1  Mu1.0006  Se1.119                       0.19932241      0.00028674     -0.00070831     -0.00000020
ATVX     1  Mu1.0007  Se1.119                       0.20222842     -0.00041479      0.00094503     -0.00000039
ATVX     1  Mu1.0008  Se1.119                       0.20635552      0.00000880     -0.00003099     -0.00000000
ATVX     1  Mu1.0009  Se1.119                       0.21544364     -0.00023996      0.00045005     -0.00000011
ATVX     1  Mu1.0010  Se1.119                       0.21648044     -0.00022691      0.00047638     -0.00000011
ATVX     1  Mu1.0011  Se1.119                       0.22130814      0.00005444     -0.00014424     -0.00000001
ATVX     1  Mu1.0012  Se1.119                       0.22382741     -0.00023201      0.00040769     -0.00000009
ATVX     1  Mu1.0013  Se1.119                       0.22760419     -0.00006590      0.00016895     -0.00000001
ATVX     1  Mu1.0014  Se1.119                       0.23458414     -0.00008014      0.00015016     -0.00000001
ATVX     1  Mu1.0015  Se1.119                       0.23909787     -0.00009129      0.00013988     -0.00000001
ATVX     1  Mu1.0016  Se1.119                       0.24022901      0.00000521     -0.00000547     -0.00000000
ATVX     1  Mu1.0017  Se1.119                       0.24510122     -0.00004682      0.00009558     -0.00000000
ATVX     1  Mu1.0018  Se1.119                       0.24576012     -0.00000395      0.00000572     -0.00000000
ATVX     1  Mu1.0019  Se1.119                       0.24995664      0.00009433     -0.00023048     -0.00000002
ATVX     1  Mu1.0020  Se1.119                       0.25409734     -0.00005950      0.00009121     -0.00000001
ATVX     1  Mu1.0021  Se1.119                       0.25880857      0.00000707     -0.00001454     -0.00000000
ATVX     1  Mu1.0022  Se1.119                       0.26207098      0.00017593     -0.00036602     -0.00000006
ATVX     1  Mu1.0023  Se1.119                       0.26924704     -0.00004655      0.00008195     -0.00000000
ATVX     1  Mu1.0024  Se1.119                       0.27414662     -0.00028909      0.00058180     -0.00000017
ATVX     1  Mu1.0025  Se1.119                       0.27686840     -0.00005722      0.00007081     -0.00000000
ATVX     1  Mu1.0026  Se1.119                       0.28078488     -0.00007953      0.00010539     -0.00000001
ATVX     1  Mu1.0027  Se1.119                       0.28833289     -0.00004427      0.00009893     -0.00000000
ATVX     1  Mu1.0028  Se1.119                       0.29163308      0.00005568     -0.00007493     -0.00000000
ATVX     1  Mu1.0001  Se1.120                       0.13260943     -0.00010226      0.00018559     -0.00000002
ATVX     1  Mu1.0002  Se1.120                       0.14088898      0.00006284     -0.00023607     -0.00000001
ATVX     1  Mu1.0003  Se1.120                       0.15382933     -0.00015145     -0.00018719      0.00000003
ATVX     1  Mu1.0004  Se1.120                       0.16049337     -0.00011136     -0.00015667      0.00000002
ATVX     1  Mu1.0005  Se1.120                       0.19291774      0.00004235     -0.00009329     -0.00000000
ATVX     1  Mu1.0006  Se1.120                       0.20579134     -0.00000341      0.00007718     -0.00000000
ATVX     1  Mu1.0007  Se1.120                       0.20869735      0.00004013     -0.00006278     -0.00000000
ATVX     1  Mu1.0008  Se1.120                       0.21282445     -0.00010501      0.00018298     -0.00000002
ATVX     1  Mu1.0009  Se1.120                       0.22191256     -0.00010981      0.00003312     -0.00000000
ATVX     1  Mu1.0010  Se1.120                       0.22294937      0.00024918     -0.00061783     -0.00000015
ATVX     1  Mu1.0011  Se1.120                       0.22777707     -0.00012707      0.00012114     -0.00000002
ATVX     1  Mu1.0012  Se1.120                       0.23029634     -0.00010686      0.00028199     -0.00000003
ATVX     1  Mu1.0013  Se1.120                       0.23407312     -0.00033369      0.00076121     -0.00000025
ATVX     1  Mu1.0014  Se1.120                       0.24105307      0.00001634     -0.00002937     -0.00000000
ATVX     1  Mu1.0015  Se1.120                       0.24556680     -0.00004082      0.00004617     -0.00000000
ATVX     1  Mu1.0016  Se1.120                       0.24669794     -0.00001905      0.00004535     -0.00000000
ATVX     1  Mu1.0017  Se1.120                       0.25157015     -0.00020915      0.00049759     -0.00000010
ATVX     1  Mu1.0018  Se1.120                       0.25222905     -0.00007705      0.00018363     -0.00000001
ATVX     1  Mu1.0019  Se1.120                       0.25642557      0.00004490     -0.00007843     -0.00000000
ATVX     1  Mu1.0020  Se1.120                       0.26056626     -0.00007195      0.00017245     -0.00000001
ATVX     1  Mu1.0021  Se1.120                       0.26527750     -0.00003547      0.00009152     -0.00000000
ATVX     1  Mu1.0022  Se1.120                       0.26853991     -0.00006725      0.00019706     -0.00000001
ATVX     1  Mu1.0023  Se1.120                       0.27571597      0.00010756     -0.00027819     -0.00000003
ATVX     1  Mu1.0024  Se1.120                       0.28061555      0.00003754     -0.00009968     -0.00000000
ATVX     1  Mu1.0025  Se1.120                       0.28333733     -0.00000657      0.00003135     -0.00000000
ATVX     1  Mu1.0026  Se1.120                       0.28725381     -0.00026020      0.00056853     -0.00000015
ATVX     1  Mu1.0027  Se1.120                       0.29480182      0.00004496     -0.00002090     -0.00000000
ATVX     1  Mu1.0028  Se1.120                       0.29810200      0.00004942     -0.00006812     -0.00000000
ATVX     1  Mu1.0001  Se1.121                       0.14374037     -0.00017297      0.00021217     -0.00000004
ATVX     1  Mu1.0002  Se1.121                       0.15201991      0.00017177     -0.00068656     -0.00000012
ATVX     1  Mu1.0003  Se1.121                       0.16496026     -0.00018368     -0.00226852      0.00000042
ATVX     1  Mu1.0004  Se1.121                       0.17162430     -0.00052909     -0.00063016      0.00000033
ATVX     1  Mu1.0005  Se1.121                       0.20404867      0.00003417     -0.00007131     -0.00000000
ATVX     1  Mu1.0006  Se1.121                       0.21692227     -0.00010182      0.00035952     -0.00000004
ATVX     1  Mu1.0007  Se1.121                       0.21982828      0.00003804      0.00000863      0.00000000
ATVX     1  Mu1.0008  Se1.121                       0.22395538     -0.00027794      0.00055798     -0.00000016
ATVX     1  Mu1.0009  Se1.121                       0.23304350     -0.00067581      0.00062768     -0.00000042
ATVX     1  Mu1.0010  Se1.121                       0.23408030      0.00048205     -0.00112725     -0.00000054
ATVX     1  Mu1.0011  Se1.121                       0.23890800     -0.00049088      0.00046278     -0.00000023
ATVX     1  Mu1.0012  Se1.121                       0.24142727     -0.00016610      0.00045640     -0.00000008
ATVX     1  Mu1.0013  Se1.121                       0.24520405     -0.00125199      0.00285900     -0.00000358
ATVX     1  Mu1.0014  Se1.121                       0.25218400      0.00023014     -0.00049902     -0.00000011
ATVX     1  Mu1.0015  Se1.121                       0.25669773     -0.00009101     -0.00004055      0.00000000
ATVX     1  Mu1.0016  Se1.121                       0.25782887     -0.00001147      0.00001773     -0.00000000
ATVX     1  Mu1.0017  Se1.121                       0.26270108     -0.00047286      0.00111468     -0.00000053
ATVX     1  Mu1.0018  Se1.121                       0.26335998      0.00018237     -0.00019187     -0.00000003
ATVX     1  Mu1.0019  Se1.121                       0.26755650     -0.00030568      0.00064686     -0.00000020
ATVX     1  Mu1.0020  Se1.121                       0.27169720     -0.00012076      0.00033085     -0.00000004
ATVX     1  Mu1.0021  Se1.121                       0.27640843     -0.00005873      0.00018448     -0.00000001
ATVX     1  Mu1.0022  Se1.121                       0.27967084     -0.00028068      0.00071866     -0.00000020
ATVX     1  Mu1.0023  Se1.121                       0.28684690      0.00017633     -0.00047556     -0.00000008
ATVX     1  Mu1.0024  Se1.121                       0.29174648      0.00002418     -0.00009705     -0.00000000
ATVX     1  Mu1.0025  Se1.121                       0.29446826      0.00000941      0.00004498      0.00000000
ATVX     1  Mu1.0026  Se1.121                       0.29838474     -0.00052428      0.00113383     -0.00000059
ATVX     1  Mu1.0001  Se1.122                       0.16858540      0.00100018     -0.00148726     -0.00000149
ATVX     1  Mu1.0002  Se1.122                       0.17686495     -0.00147923      0.00412899     -0.00000611
ATVX     1  Mu1.0003  Se1.122                       0.18980530     -0.00033699      0.00024362     -0.00000008
ATVX     1  Mu1.0004  Se1.122                       0.19646934      0.00045214     -0.00075586     -0.00000034
ATVX     1  Mu1.0005  Se1.122                       0.22889371      0.00019533     -0.00048049     -0.00000009
ATVX     1  Mu1.0006  Se1.122                       0.24176731      0.00192293     -0.00443616     -0.00000853
ATVX     1  Mu1.0007  Se1.122                       0.24467332     -0.00086486      0.00207564     -0.00000180
ATVX     1  Mu1.0008  Se1.122                       0.24880042     -0.00135781      0.00296607     -0.00000403
ATVX     1  Mu1.0009  Se1.122                       0.25788853      0.00039599     -0.00110041     -0.00000044
ATVX     1  Mu1.0010  Se1.122                       0.25892534      0.00007855     -0.00038406     -0.00000003
ATVX     1  Mu1.0011  Se1.122                       0.26375304     -0.00036964      0.00095933     -0.00000035
ATVX     1  Mu1.0012  Se1.122                       0.26627230      0.00064564     -0.00176263     -0.00000114
ATVX     1  Mu1.0013  Se1.122                       0.27004909      0.00006707     -0.00008789     -0.00000001
ATVX     1  Mu1.0014  Se1.122                       0.27702904     -0.00071290      0.00149536     -0.00000107
ATVX     1  Mu1.0015  Se1.122                       0.28154277      0.00001833     -0.00043837     -0.00000001
ATVX     1  Mu1.0016  Se1.122                       0.28267391      0.00002769     -0.00008818     -0.00000000
ATVX     1  Mu1.0017  Se1.122                       0.28754612     -0.00001046      0.00000865     -0.00000000
ATVX     1  Mu1.0018  Se1.122                       0.28820502      0.00005116     -0.00013390     -0.00000001
ATVX     1  Mu1.0019  Se1.122                       0.29240153     -0.00009444      0.00021826     -0.00000002
ATVX     1  Mu1.0020  Se1.122                       0.29654223     -0.00008221      0.00008560     -0.00000001
ATVX     1  Mu1.0001  Se1.123                       0.15080700      0.00052725     -0.00072110     -0.00000038
ATVX     1  Mu1.0002  Se1.123                       0.15908654      0.00008924     -0.00048076     -0.00000004
ATVX     1  Mu1.0003  Se1.123                       0.17202689     -0.00011421      0.00018949     -0.00000002
ATVX     1  Mu1.0004  Se1.123                       0.17869093      0.00024842     -0.00042663     -0.00000011
ATVX     1  Mu1.0005  Se1.123                       0.21111530      0.00001498     -0.00002945     -0.00000000
ATVX     1  Mu1.0006  Se1.123                       0.22398890      0.00022208     -0.00046072     -0.00000010
ATVX     1  Mu1.0007  Se1.123                       0.22689491     -0.00011064      0.00038359     -0.00000004
ATVX     1  Mu1.0008  Se1.123                       0.23102201     -0.00027956      0.00055812     -0.00000016
ATVX     1  Mu1.0009  Se1.123                       0.24011013      0.00003123     -0.00008911     -0.00000000
ATVX     1  Mu1.0010  Se1.123                       0.24114693      0.00013893     -0.00030244     -0.00000004
ATVX     1  Mu1.0011  Se1.123                       0.24597463     -0.00001938      0.00002071     -0.00000000
ATVX     1  Mu1.0012  Se1.123                       0.24849390      0.00004830     -0.00005911     -0.00000000
ATVX     1  Mu1.0013  Se1.123                       0.25227068      0.00007312     -0.00013497     -0.00000001
ATVX     1  Mu1.0014  Se1.123                       0.25925063      0.00004928     -0.00012535     -0.00000001
ATVX     1  Mu1.0015  Se1.123                       0.26376436     -0.00010205      0.00011311     -0.00000001
ATVX     1  Mu1.0016  Se1.123                       0.26489550     -0.00005535      0.00010735     -0.00000001
ATVX     1  Mu1.0017  Se1.123                       0.26976771      0.00001784     -0.00003897     -0.00000000
ATVX     1  Mu1.0018  Se1.123                       0.27042661     -0.00000488      0.00001240     -0.00000000
ATVX     1  Mu1.0019  Se1.123                       0.27462313      0.00003881     -0.00005949     -0.00000000
ATVX     1  Mu1.0020  Se1.123                       0.27876383      0.00017532     -0.00032381     -0.00000006
ATVX     1  Mu1.0021  Se1.123                       0.28347506      0.00011213     -0.00019700     -0.00000002
ATVX     1  Mu1.0022  Se1.123                       0.28673747     -0.00013562      0.00024343     -0.00000003
ATVX     1  Mu1.0023  Se1.123                       0.29391353     -0.00007187      0.00015559     -0.00000001
ATVX     1  Mu1.0024  Se1.123                       0.29881312      0.00004988     -0.00011904     -0.00000001
ATVX     1  Mu1.0001  Se1.124                       0.15244119     -0.00019979      0.00025976     -0.00000005
ATVX     1  Mu1.0002  Se1.124                       0.16072074      0.00040027     -0.00085830     -0.00000034
ATVX     1  Mu1.0003  Se1.124                       0.17366109     -0.00057487      0.00124733     -0.00000072
ATVX     1  Mu1.0004  Se1.124                       0.18032513     -0.00019556      0.00037756     -0.00000007
ATVX     1  Mu1.0005  Se1.124                       0.21274950      0.00017930     -0.00038535     -0.00000007
ATVX     1  Mu1.0006  Se1.124                       0.22562310      0.00015710     -0.00013402     -0.00000002
ATVX     1  Mu1.0007  Se1.124                       0.22852911     -0.00005528      0.00019275     -0.00000001
ATVX     1  Mu1.0008  Se1.124                       0.23265621     -0.00028553      0.00050536     -0.00000014
ATVX     1  Mu1.0009  Se1.124                       0.24174432     -0.00009336      0.00007347     -0.00000001
ATVX     1  Mu1.0010  Se1.124                       0.24278113      0.00087840     -0.00231213     -0.00000203
ATVX     1  Mu1.0011  Se1.124                       0.24760883     -0.00020035      0.00028138     -0.00000006
ATVX     1  Mu1.0012  Se1.124                       0.25012810     -0.00070158      0.00165042     -0.00000116
ATVX     1  Mu1.0013  Se1.124                       0.25390488     -0.00144291      0.00317866     -0.00000459
ATVX     1  Mu1.0014  Se1.124                       0.26088483     -0.00000542      0.00004633     -0.00000000
ATVX     1  Mu1.0015  Se1.124                       0.26539856     -0.00025834      0.00047259     -0.00000012
ATVX     1  Mu1.0016  Se1.124                       0.26652970     -0.00010359      0.00026580     -0.00000003
ATVX     1  Mu1.0017  Se1.124                       0.27140191     -0.00123481      0.00291723     -0.00000360
ATVX     1  Mu1.0018  Se1.124                       0.27206081     -0.00044351      0.00090817     -0.00000040
ATVX     1  Mu1.0019  Se1.124                       0.27625733      0.00016884     -0.00034539     -0.00000006
ATVX     1  Mu1.0020  Se1.124                       0.28039803     -0.00028975      0.00068859     -0.00000020
ATVX     1  Mu1.0021  Se1.124                       0.28510926     -0.00009227      0.00024291     -0.00000002
ATVX     1  Mu1.0022  Se1.124                       0.28837167     -0.00028284      0.00076264     -0.00000022
ATVX     1  Mu1.0023  Se1.124                       0.29554773      0.00064841     -0.00171793     -0.00000111
ATVX     1  Mu1.0001  Se1.125                       0.16187942     -0.00012852      0.00024170     -0.00000003
ATVX     1  Mu1.0002  Se1.125                       0.17015897      0.00002613     -0.00015008     -0.00000000
ATVX     1  Mu1.0003  Se1.125                       0.18309931     -0.00016304     -0.00018004      0.00000003
ATVX     1  Mu1.0004  Se1.125                       0.18976336     -0.00007104     -0.00017026      0.00000001
ATVX     1  Mu1.0005  Se1.125                       0.22218772      0.00010973     -0.00027134     -0.00000003
ATVX     1  Mu1.0006  Se1.125                       0.23506133      0.00017631     -0.00046922     -0.00000008
ATVX     1  Mu1.0007  Se1.125                       0.23796734      0.00002255     -0.00009128     -0.00000000
ATVX     1  Mu1.0008  Se1.125                       0.24209444      0.00018533     -0.00047803     -0.00000009
ATVX     1  Mu1.0009  Se1.125                       0.25118255     -0.00030942      0.00046614     -0.00000014
ATVX     1  Mu1.0010  Se1.125                       0.25221936     -0.00001715      0.00015484     -0.00000000
ATVX     1  Mu1.0011  Se1.125                       0.25704706     -0.00010905      0.00010724     -0.00000001
ATVX     1  Mu1.0012  Se1.125                       0.25956632      0.00020825     -0.00040407     -0.00000008
ATVX     1  Mu1.0013  Se1.125                       0.26334311     -0.00015848      0.00037391     -0.00000006
ATVX     1  Mu1.0014  Se1.125                       0.27032306      0.00013436     -0.00029110     -0.00000004
ATVX     1  Mu1.0015  Se1.125                       0.27483678      0.00001138     -0.00004729     -0.00000000
ATVX     1  Mu1.0016  Se1.125                       0.27596793     -0.00001726      0.00004064     -0.00000000
ATVX     1  Mu1.0017  Se1.125                       0.28084014     -0.00009784      0.00021897     -0.00000002
ATVX     1  Mu1.0018  Se1.125                       0.28149904      0.00000484      0.00000830      0.00000000
ATVX     1  Mu1.0019  Se1.125                       0.28569555      0.00013979     -0.00033823     -0.00000005
ATVX     1  Mu1.0020  Se1.125                       0.28983625     -0.00003257      0.00002473     -0.00000000
ATVX     1  Mu1.0021  Se1.125                       0.29454748      0.00001800     -0.00004158     -0.00000000
ATVX     1  Mu1.0022  Se1.125                       0.29780989      0.00036628     -0.00078093     -0.00000029
ATVX     1  Mu1.0001  Se1.126                       0.16039122     -0.00062081      0.00124166     -0.00000077
ATVX     1  Mu1.0002  Se1.126                       0.16867077      0.00069292     -0.00220139     -0.00000153
ATVX     1  Mu1.0003  Se1.126                       0.18161112      0.00016572      0.00004066      0.00000001
ATVX     1  Mu1.0004  Se1.126                       0.18827516     -0.00010168     -0.00008489      0.00000001
ATVX     1  Mu1.0005  Se1.126                       0.22069953     -0.00011673      0.00028855     -0.00000003
ATVX     1  Mu1.0006  Se1.126                       0.23357313     -0.00119276      0.00278472     -0.00000332
ATVX     1  Mu1.0007  Se1.126                       0.23647914      0.00077712     -0.00183506     -0.00000143
ATVX     1  Mu1.0008  Se1.126                       0.24060624      0.00081911     -0.00182108     -0.00000149
ATVX     1  Mu1.0009  Se1.126                       0.24969435     -0.00006570      0.00026858     -0.00000002
ATVX     1  Mu1.0010  Se1.126                       0.25073116      0.00014108     -0.00017500     -0.00000002
ATVX     1  Mu1.0011  Se1.126                       0.25555886      0.00003179     -0.00011985     -0.00000000
ATVX     1  Mu1.0012  Se1.126                       0.25807812     -0.00006263      0.00036327     -0.00000002
ATVX     1  Mu1.0013  Se1.126                       0.26185491     -0.00003550      0.00003272     -0.00000000
ATVX     1  Mu1.0014  Se1.126                       0.26883486      0.00025882     -0.00049826     -0.00000013
ATVX     1  Mu1.0015  Se1.126                       0.27334859      0.00003699      0.00017492      0.00000001
ATVX     1  Mu1.0016  Se1.126                       0.27447973     -0.00003132      0.00007972     -0.00000000
ATVX     1  Mu1.0017  Se1.126                       0.27935194      0.00001985     -0.00003095     -0.00000000
ATVX     1  Mu1.0018  Se1.126                       0.28001084      0.00001674     -0.00001587     -0.00000000
ATVX     1  Mu1.0019  Se1.126                       0.28420735      0.00002764     -0.00006882     -0.00000000
ATVX     1  Mu1.0020  Se1.126                       0.28834805      0.00003203      0.00000811      0.00000000
ATVX     1  Mu1.0021  Se1.126                       0.29305929      0.00013055     -0.00038811     -0.00000005
ATVX     1  Mu1.0022  Se1.126                       0.29632169     -0.00009532      0.00018888     -0.00000002
ATVX     1  Mu1.0001  Se1.127                       0.18927181      0.00050221     -0.00094309     -0.00000047
ATVX     1  Mu1.0002  Se1.127                       0.19755136      0.00007582      0.00019270      0.00000001
ATVX     1  Mu1.0003  Se1.127                       0.21049170      0.00043912      0.00194717      0.00000086
ATVX     1  Mu1.0004  Se1.127                       0.21715575      0.00036449      0.00089775      0.00000033
ATVX     1  Mu1.0005  Se1.127                       0.24958011     -0.00009055      0.00019252     -0.00000002
ATVX     1  Mu1.0006  Se1.127                       0.26245372     -0.00050328      0.00131724     -0.00000066
ATVX     1  Mu1.0007  Se1.127                       0.26535973     -0.00012787      0.00042128     -0.00000005
ATVX     1  Mu1.0008  Se1.127                       0.26948683     -0.00060115      0.00149781     -0.00000090
ATVX     1  Mu1.0009  Se1.127                       0.27857494      0.00134600     -0.00197959     -0.00000266
ATVX     1  Mu1.0010  Se1.127                       0.27961175     -0.00001960     -0.00034255      0.00000001
ATVX     1  Mu1.0011  Se1.127                       0.28443945      0.00055490     -0.00061958     -0.00000034
ATVX     1  Mu1.0012  Se1.127                       0.28695871     -0.00073056      0.00139504     -0.00000102
ATVX     1  Mu1.0013  Se1.127                       0.29073550      0.00071492     -0.00168963     -0.00000121
ATVX     1  Mu1.0014  Se1.127                       0.29771545     -0.00059092      0.00129704     -0.00000077
ATVX     1  Mu1.0001  Se1.128                       0.17916917     -0.00125064      0.00225264     -0.00000282
ATVX     1  Mu1.0002  Se1.128                       0.18744872     -0.00012639      0.00077434     -0.00000010
ATVX     1  Mu1.0003  Se1.128                       0.20038907     -0.00007323      0.00019801     -0.00000001
ATVX     1  Mu1.0004  Se1.128                       0.20705311     -0.00016705      0.00007898     -0.00000001
ATVX     1  Mu1.0005  Se1.128                       0.23947748     -0.00003658      0.00007724     -0.00000000
ATVX     1  Mu1.0006  Se1.128                       0.25235108     -0.00030684      0.00064693     -0.00000020
ATVX     1  Mu1.0007  Se1.128                       0.25525709      0.00014457     -0.00054303     -0.00000008
ATVX     1  Mu1.0008  Se1.128                       0.25938419      0.00038667     -0.00079413     -0.00000031
ATVX     1  Mu1.0009  Se1.128                       0.26847230      0.00006351     -0.00004177     -0.00000000
ATVX     1  Mu1.0010  Se1.128                       0.26950911     -0.00037385      0.00081039     -0.00000030
ATVX     1  Mu1.0011  Se1.128                       0.27433681      0.00004668     -0.00001735     -0.00000000
ATVX     1  Mu1.0012  Se1.128                       0.27685608     -0.00019947      0.00033374     -0.00000007
ATVX     1  Mu1.0013  Se1.128                       0.28063286     -0.00014783      0.00028663     -0.00000004
ATVX     1  Mu1.0014  Se1.128                       0.28761281     -0.00015990      0.00038532     -0.00000006
ATVX     1  Mu1.0015  Se1.128                       0.29212654      0.00006193      0.00010513      0.00000001
ATVX     1  Mu1.0016  Se1.128                       0.29325768     -0.00000156      0.00001382     -0.00000000
ATVX     1  Mu1.0017  Se1.128                       0.29812989     -0.00006703      0.00013863     -0.00000001
ATVX     1  Mu1.0018  Se1.128                       0.29878879     -0.00005887      0.00007427     -0.00000000
ATVX     1  Mu1.0001  Se1.129                       0.18111674      0.00012202     -0.00034886     -0.00000004
ATVX     1  Mu1.0002  Se1.129                       0.18939629     -0.00011200      0.00015197     -0.00000002
ATVX     1  Mu1.0003  Se1.129                       0.20233663     -0.00054492     -0.00018005      0.00000010
ATVX     1  Mu1.0004  Se1.129                       0.20900067      0.00007412     -0.00136017     -0.00000010
ATVX     1  Mu1.0005  Se1.129                       0.24142504     -0.00001282     -0.00000671      0.00000000
ATVX     1  Mu1.0006  Se1.129                       0.25429864      0.00001467     -0.00018166     -0.00000000
ATVX     1  Mu1.0007  Se1.129                       0.25720466     -0.00005812      0.00017570     -0.00000001
ATVX     1  Mu1.0008  Se1.129                       0.26133175      0.00010305     -0.00021448     -0.00000002
ATVX     1  Mu1.0009  Se1.129                       0.27041987     -0.00023211     -0.00003730      0.00000001
ATVX     1  Mu1.0010  Se1.129                       0.27145668      0.00002403      0.00002142      0.00000000
ATVX     1  Mu1.0011  Se1.129                       0.27628437     -0.00006624     -0.00017265      0.00000001
ATVX     1  Mu1.0012  Se1.129                       0.27880364      0.00005538     -0.00014615     -0.00000001
ATVX     1  Mu1.0013  Se1.129                       0.28258042     -0.00058826      0.00141792     -0.00000083
ATVX     1  Mu1.0014  Se1.129                       0.28956037     -0.00006167      0.00010852     -0.00000001
ATVX     1  Mu1.0015  Se1.129                       0.29407410     -0.00010571      0.00021614     -0.00000002
ATVX     1  Mu1.0016  Se1.129                       0.29520524     -0.00003326      0.00006669     -0.00000000
ATVX     1  Mu1.0001  Se1.130                       0.19217601      0.00058706     -0.00193954     -0.00000114
ATVX     1  Mu1.0002  Se1.130                       0.20045556     -0.00033300      0.00077694     -0.00000026
ATVX     1  Mu1.0003  Se1.130                       0.21339591      0.00011866     -0.00017043     -0.00000002
ATVX     1  Mu1.0004  Se1.130                       0.22005995     -0.00030074      0.00038562     -0.00000012
ATVX     1  Mu1.0005  Se1.130                       0.25248432      0.00002153     -0.00006514     -0.00000000
ATVX     1  Mu1.0006  Se1.130                       0.26535792      0.00031963     -0.00090967     -0.00000029
ATVX     1  Mu1.0007  Se1.130                       0.26826393      0.00009332     -0.00019208     -0.00000002
ATVX     1  Mu1.0008  Se1.130                       0.27239103     -0.00037647      0.00107554     -0.00000040
ATVX     1  Mu1.0009  Se1.130                       0.28147914     -0.00008940      0.00004761     -0.00000000
ATVX     1  Mu1.0010  Se1.130                       0.28251595      0.00002091     -0.00007030     -0.00000000
ATVX     1  Mu1.0011  Se1.130                       0.28734365      0.00000651     -0.00008224     -0.00000000
ATVX     1  Mu1.0012  Se1.130                       0.28986292      0.00009819     -0.00026815     -0.00000003
ATVX     1  Mu1.0013  Se1.130                       0.29363970     -0.00006039      0.00015918     -0.00000001
ATVX     1  Mu1.0001  Se1.131                       0.19371460      0.00002825     -0.00008964     -0.00000000
ATVX     1  Mu1.0002  Se1.131                       0.20199414      0.00003039     -0.00011057     -0.00000000
ATVX     1  Mu1.0003  Se1.131                       0.21493449      0.00001331     -0.00053557     -0.00000001
ATVX     1  Mu1.0004  Se1.131                       0.22159853      0.00003472     -0.00042404     -0.00000001
ATVX     1  Mu1.0005  Se1.131                       0.25402290      0.00001120     -0.00002389     -0.00000000
ATVX     1  Mu1.0006  Se1.131                       0.26689650      0.00004930     -0.00012045     -0.00000001
ATVX     1  Mu1.0007  Se1.131                       0.26980252     -0.00002030      0.00005908     -0.00000000
ATVX     1  Mu1.0008  Se1.131                       0.27392961      0.00002955     -0.00007032     -0.00000000
ATVX     1  Mu1.0009  Se1.131                       0.28301773     -0.00016296      0.00020381     -0.00000003
ATVX     1  Mu1.0010  Se1.131                       0.28405453      0.00004371     -0.00007474     -0.00000000
ATVX     1  Mu1.0011  Se1.131                       0.28888223     -0.00006486      0.00005673     -0.00000000
ATVX     1  Mu1.0012  Se1.131                       0.29140150     -0.00000495      0.00001821     -0.00000000
ATVX     1  Mu1.0013  Se1.131                       0.29517828     -0.00032451      0.00072905     -0.00000024
ATVX     1  Mu1.0001  Se1.132                       0.20183055      0.00062187     -0.00149640     -0.00000093
ATVX     1  Mu1.0002  Se1.132                       0.21011010     -0.00209499      0.00539118     -0.00001129
ATVX     1  Mu1.0003  Se1.132                       0.22305044      0.00007588     -0.00088735     -0.00000007
ATVX     1  Mu1.0004  Se1.132                       0.22971448      0.00009074      0.00015966      0.00000001
ATVX     1  Mu1.0005  Se1.132                       0.26213885      0.00010741     -0.00024462     -0.00000003
ATVX     1  Mu1.0006  Se1.132                       0.27501246      0.00208357     -0.00472193     -0.00000984
ATVX     1  Mu1.0007  Se1.132                       0.27791847     -0.00429862      0.01023762     -0.00004401
ATVX     1  Mu1.0008  Se1.132                       0.28204557     -0.00081337      0.00165775     -0.00000135
ATVX     1  Mu1.0009  Se1.132                       0.29113368     -0.00064941      0.00127513     -0.00000083
ATVX     1  Mu1.0010  Se1.132                       0.29217049     -0.00146071      0.00329972     -0.00000482
ATVX     1  Mu1.0011  Se1.132                       0.29699819      0.00031518     -0.00071707     -0.00000023
ATVX     1  Mu1.0012  Se1.132                       0.29951745     -0.00183589      0.00411759     -0.00000756
ATVX     1  Mu1.0001  Se1.133                       0.20201829      0.00097946     -0.00314205     -0.00000308
ATVX     1  Mu1.0002  Se1.133                       0.21029784      0.00020746     -0.00095191     -0.00000020
ATVX     1  Mu1.0003  Se1.133                       0.22323818      0.00011697      0.00009138      0.00000001
ATVX     1  Mu1.0004  Se1.133                       0.22990222     -0.00043569      0.00063178     -0.00000028
ATVX     1  Mu1.0005  Se1.133                       0.26232659      0.00000695     -0.00004005     -0.00000000
ATVX     1  Mu1.0006  Se1.133                       0.27520020      0.00007726     -0.00046136     -0.00000004
ATVX     1  Mu1.0007  Se1.133                       0.27810621      0.00109796     -0.00248936     -0.00000273
ATVX     1  Mu1.0008  Se1.133                       0.28223331     -0.00050085      0.00151400     -0.00000076
ATVX     1  Mu1.0009  Se1.133                       0.29132142     -0.00000048     -0.00019034      0.00000000
ATVX     1  Mu1.0010  Se1.133                       0.29235823      0.00033228     -0.00075290     -0.00000025
ATVX     1  Mu1.0011  Se1.133                       0.29718593     -0.00000627     -0.00008421      0.00000000
ATVX     1  Mu1.0012  Se1.133                       0.29970519      0.00046668     -0.00105524     -0.00000049
ATVX     1  Mu1.0001  Se1.134                       0.21246011     -0.00116483      0.00126295     -0.00000147
ATVX     1  Mu1.0002  Se1.134                       0.22073966      0.00129369     -0.00115889     -0.00000150
ATVX     1  Mu1.0003  Se1.134                       0.23368001     -0.00012565     -0.00020358      0.00000003
ATVX     1  Mu1.0004  Se1.134                       0.24034405      0.00007337      0.00025222      0.00000002
ATVX     1  Mu1.0005  Se1.134                       0.27276842     -0.00011607      0.00029822     -0.00000003
ATVX     1  Mu1.0006  Se1.134                       0.28564202     -0.00141981      0.00306203     -0.00000435
ATVX     1  Mu1.0007  Se1.134                       0.28854803      0.00098001     -0.00266075     -0.00000261
ATVX     1  Mu1.0008  Se1.134                       0.29267513      0.00089740     -0.00169625     -0.00000152
ATVX     1  Mu1.0001  Se1.135                       0.21859730     -0.00002175      0.00004926     -0.00000000
ATVX     1  Mu1.0002  Se1.135                       0.22687685     -0.00004417      0.00010917     -0.00000000
ATVX     1  Mu1.0003  Se1.135                       0.23981720     -0.00010993      0.00013770     -0.00000002
ATVX     1  Mu1.0004  Se1.135                       0.24648124     -0.00008147      0.00008845     -0.00000001
ATVX     1  Mu1.0005  Se1.135                       0.27890561     -0.00004130      0.00010903     -0.00000000
ATVX     1  Mu1.0006  Se1.135                       0.29177921     -0.00002549      0.00006722     -0.00000000
ATVX     1  Mu1.0007  Se1.135                       0.29468522     -0.00001287      0.00002594     -0.00000000
ATVX     1  Mu1.0008  Se1.135                       0.29881232      0.00000616     -0.00000393     -0.00000000
ATVX     1  Mu1.0001  Se1.136                       0.24501580      0.00077059     -0.00065997     -0.00000051
ATVX     1  Mu1.0002  Se1.136                       0.25329535      0.00026650     -0.00106357     -0.00000028
ATVX     1  Mu1.0003  Se1.136                       0.26623570     -0.00126803      0.00235709     -0.00000299
ATVX     1  Mu1.0004  Se1.136                       0.27289974      0.00213372     -0.00550487     -0.00001175
ATVX     1  Mu1.0001  Se1.137                       0.24003629      0.00029823     -0.00041918     -0.00000013
ATVX     1  Mu1.0002  Se1.137                       0.24831583     -0.00017130      0.00073241     -0.00000013
ATVX     1  Mu1.0003  Se1.137                       0.26125618      0.00096424      0.00093661      0.00000090
ATVX     1  Mu1.0004  Se1.137                       0.26792022      0.00069097      0.00072049      0.00000050
ATVX     1  Mu1.0001  Se1.138                       0.23491833     -0.00042435      0.00132242     -0.00000056
ATVX     1  Mu1.0002  Se1.138                       0.24319788     -0.00017849      0.00004817     -0.00000001
ATVX     1  Mu1.0003  Se1.138                       0.25613822     -0.00014794      0.00092939     -0.00000014
ATVX     1  Mu1.0004  Se1.138                       0.26280226      0.00026652     -0.00115251     -0.00000031
ATVX     1  Mu1.0005  Se1.138                       0.29522663     -0.00002015      0.00004576     -0.00000000
ATVX     1  Mu1.0001  Se1.139                       0.24645373      0.00137845     -0.00152867     -0.00000211
ATVX     1  Mu1.0002  Se1.139                       0.25473328     -0.00080415      0.00064837     -0.00000052
ATVX     1  Mu1.0003  Se1.139                       0.26767362      0.00025313     -0.00101489     -0.00000026
ATVX     1  Mu1.0004  Se1.139                       0.27433766     -0.00018347      0.00109764     -0.00000020
ATVX     1  Mu1.0001  Se1.140                       0.24543107     -0.00060111      0.00057891     -0.00000035
ATVX     1  Mu1.0002  Se1.140                       0.25371062     -0.00001637     -0.00000683      0.00000000
ATVX     1  Mu1.0003  Se1.140                       0.26665096      0.00078238     -0.00368640     -0.00000288
ATVX     1  Mu1.0004  Se1.140                       0.27331500     -0.00088375      0.00101476     -0.00000090
ATVX     1  Mu1.0001  Se1.141                       0.26166794     -0.00119592      0.00119849     -0.00000143
ATVX     1  Mu1.0002  Se1.141                       0.26994748      0.00072555     -0.00169144     -0.00000123
ATVX     1  Mu1.0003  Se1.141                       0.28288783      0.00016037     -0.00010731     -0.00000002
ATVX     1  Mu1.0004  Se1.141                       0.28955187      0.00008420     -0.00013095     -0.00000001
ATVX     1  Mu1.0001  Se1.142                       0.26744732     -0.00012132      0.00030251     -0.00000004
ATVX     1  Mu1.0002  Se1.142                       0.27572686     -0.00002705      0.00006044     -0.00000000
ATVX     1  Mu1.0003  Se1.142                       0.28866721      0.00008445     -0.00023876     -0.00000002
ATVX     1  Mu1.0004  Se1.142                       0.29533125     -0.00018995      0.00043743     -0.00000008
ATVX     1  Mu1.0001  Se1.143                       0.27087335     -0.00152598      0.00170938     -0.00000261
ATVX     1  Mu1.0002  Se1.143                       0.27915289      0.00025424     -0.00066321     -0.00000017
ATVX     1  Mu1.0003  Se1.143                       0.29209324     -0.00010322      0.00129846     -0.00000013
ATVX     1  Mu1.0004  Se1.143                       0.29875728      0.00066529     -0.00180420     -0.00000120
ATVX     1  Mu1.0001  Se1.144                       0.27127096     -0.00075476      0.00022160     -0.00000017
ATVX     1  Mu1.0002  Se1.144                       0.27955051      0.00016927     -0.00029219     -0.00000005
ATVX     1  Mu1.0003  Se1.144                       0.29249085     -0.00009059     -0.00107048      0.00000010
ATVX     1  Mu1.0004  Se1.144                       0.29915489      0.00038243     -0.00207919     -0.00000080
ATVX     1  Mu1.0001  Se1.145                       0.27206106      0.00069475     -0.00003275     -0.00000002
ATVX     1  Mu1.0002  Se1.145                       0.28034061     -0.00007799     -0.00062871      0.00000005
ATVX     1  Mu1.0003  Se1.145                       0.29328095     -0.00024238      0.00049488     -0.00000012
ATVX     1  Mu1.0004  Se1.145                       0.29994499      0.00019294     -0.00096700     -0.00000019
ATVX     1  Mu1.0001  Se1.146                       0.29058375     -0.00029420      0.00164483     -0.00000048
ATVX     1  Mu1.0002  Se1.146                       0.29886330     -0.00122390      0.00087370     -0.00000107
ATVX     1  Mu1.0001  Se1.147                       0.29892249     -0.00040285      0.00066494     -0.00000027
BVATM    1  Mu1.0001  Se1.114 Se1.113               0.24616882      0.00001534     -0.00001417     -0.00000000
BVATM    1  Mu1.0002  Se1.114 Se1.113               0.25541784      0.00064540     -0.00135770     -0.00000088
BVATM    1  Mu1.0003  Se1.114 Se1.113               0.26325507      0.00033479     -0.00074047     -0.00000025
BVATM    1  Mu1.0004  Se1.114 Se1.113               0.27486095      0.00026457     -0.00062271     -0.00000016
BVATM    1  Mu1.0005  Se1.114 Se1.113               0.28124201      0.00004137     -0.00006170     -0.00000000
BVATM    1  Mu1.0006  Se1.114 Se1.113               0.29225028     -0.00085398      0.00164919     -0.00000141
BVATM    1  Mu1.0001  Se1.115 Se1.113               0.24987688      0.00002416     -0.00003998     -0.00000000
BVATM    1  Mu1.0002  Se1.115 Se1.113               0.25912589     -0.00005814      0.00014042     -0.00000001
BVATM    1  Mu1.0003  Se1.115 Se1.113               0.26696312      0.00029975     -0.00068914     -0.00000021
BVATM    1  Mu1.0004  Se1.115 Se1.113               0.27856900      0.00007034     -0.00017972     -0.00000001
BVATM    1  Mu1.0005  Se1.115 Se1.113               0.28495006     -0.00019396      0.00050484     -0.00000010
BVATM    1  Mu1.0006  Se1.115 Se1.113               0.29595833     -0.00000996      0.00002596     -0.00000000
BVATM    1  Mu1.0001  Se1.115 Se1.114               0.28317778      0.00001394     -0.00003762     -0.00000000
BVATM    1  Mu1.0002  Se1.115 Se1.114               0.29242680     -0.00000532     -0.00001867      0.00000000
BVATM    1  Mu1.0001  Se1.116 Se1.113               0.25578961      0.00042112     -0.00090352     -0.00000038
BVATM    1  Mu1.0002  Se1.116 Se1.113               0.26503863     -0.00006161      0.00012383     -0.00000001
BVATM    1  Mu1.0003  Se1.116 Se1.113               0.27287586      0.00010460     -0.00023620     -0.00000002
BVATM    1  Mu1.0004  Se1.116 Se1.113               0.28448173     -0.00000424     -0.00000238      0.00000000
BVATM    1  Mu1.0005  Se1.116 Se1.113               0.29086280     -0.00001708      0.00005712     -0.00000000
BVATM    1  Mu1.0001  Se1.116 Se1.114               0.28909052      0.00001115     -0.00003785     -0.00000000
BVATM    1  Mu1.0002  Se1.116 Se1.114               0.29833953      0.00017287     -0.00052997     -0.00000009
BVATM    1  Mu1.0001  Se1.116 Se1.115               0.29279857      0.00033621     -0.00075960     -0.00000026
BVATM    1  Mu1.0001  Se1.117 Se1.113               0.25838252      0.00001197     -0.00002755     -0.00000000
BVATM    1  Mu1.0002  Se1.117 Se1.113               0.26763154     -0.00012346      0.00024065     -0.00000003
BVATM    1  Mu1.0003  Se1.117 Se1.113               0.27546877     -0.00005378      0.00010953     -0.00000001
BVATM    1  Mu1.0004  Se1.117 Se1.113               0.28707464      0.00004091     -0.00007839     -0.00000000
BVATM    1  Mu1.0005  Se1.117 Se1.113               0.29345571      0.00003713     -0.00009322     -0.00000000
BVATM    1  Mu1.0001  Se1.117 Se1.114               0.29168342      0.00047498     -0.00111052     -0.00000053
BVATM    1  Mu1.0001  Se1.117 Se1.115               0.29539147      0.00002087     -0.00004772     -0.00000000
BVATM    1  Mu1.0001  Se1.118 Se1.113               0.26787601      0.00006227     -0.00013634     -0.00000001
BVATM    1  Mu1.0002  Se1.118 Se1.113               0.27712502      0.00010095     -0.00021657     -0.00000002
BVATM    1  Mu1.0003  Se1.118 Se1.113               0.28496225     -0.00005948      0.00012810     -0.00000001
BVATM    1  Mu1.0004  Se1.118 Se1.113               0.29656813     -0.00014633      0.00028753     -0.00000004
BVATM    1  Mu1.0001  Se1.119 Se1.113               0.26782899     -0.00008610      0.00019919     -0.00000002
BVATM    1  Mu1.0002  Se1.119 Se1.113               0.27707801      0.00001893     -0.00001098     -0.00000000
BVATM    1  Mu1.0003  Se1.119 Se1.113               0.28491524      0.00023812     -0.00052913     -0.00000013
BVATM    1  Mu1.0004  Se1.119 Se1.113               0.29652111     -0.00001592     -0.00001035      0.00000000
BVATM    1  Mu1.0001  Se1.120 Se1.113               0.27429792     -0.00001220      0.00002298     -0.00000000
BVATM    1  Mu1.0002  Se1.120 Se1.113               0.28354693     -0.00018615      0.00035425     -0.00000007
BVATM    1  Mu1.0003  Se1.120 Se1.113               0.29138416     -0.00005127      0.00009653     -0.00000000
BVATM    1  Mu1.0001  Se1.121 Se1.113               0.28542885      0.00005720     -0.00012210     -0.00000001
BVATM    1  Mu1.0002  Se1.121 Se1.113               0.29467787      0.00019478     -0.00048945     -0.00000010
BVATM    1  Mu1.0001  Se1.123 Se1.113               0.29249548      0.00008533     -0.00015928     -0.00000001
BVATM    1  Mu1.0001  Se1.124 Se1.113               0.29412968     -0.00009386      0.00018992     -0.00000002
--

   (Skipping property calculation,
    use PROP keyword to activate)
--

++ CASPT2 computation for group   4

********************************************************************************
 Multi-State initialization phase begins for group   4
--------------------------------------------------------------------------------
********************************************************************************
 Compute H0 matrices for state    4
--------------------------------------------------------------------------------
--------------------------------------------------------------------------------
 H0 matrices have been computed.

********************************************************************************
  CASPT2 EQUATION SOLUTION
--------------------------------------------------------------------------------

  Total nr of CASPT2 parameters:
   Before reduction:  1876168956
   After  reduction:  1876168956

 Variance of |WF0>:      23.4723286235

 The contributions to the second order correlation energy in atomic units.
-----------------------------------------------------------------------------------------------------------------------------
  IT.      VJTU        VJTI        ATVX        AIVX        VJAI        BVAT        BJAT        BJAI        TOTAL       RNORM  
-----------------------------------------------------------------------------------------------------------------------------
   1    -0.039309   -0.022532   -0.024975   -0.164907   -0.349793   -0.090584   -0.830816   -3.501866   -5.024783    0.017301
   2    -0.041818   -0.022657   -0.025727   -0.165954   -0.350259   -0.090890   -0.832296   -3.502869   -5.032469    0.005591
   3    -0.041988   -0.022675   -0.025793   -0.165945   -0.350291   -0.090931   -0.832344   -3.502893   -5.032861    0.000858
   4    -0.042010   -0.022668   -0.025769   -0.165869   -0.350257   -0.090906   -0.832233   -3.502811   -5.032523    0.000174
   5    -0.042011   -0.022668   -0.025768   -0.165866   -0.350257   -0.090904   -0.832230   -3.502810   -5.032512    0.000027
   6    -0.042011   -0.022668   -0.025767   -0.165867   -0.350258   -0.090904   -0.832233   -3.502813   -5.032522    0.000006
   7    -0.042011   -0.022668   -0.025767   -0.165868   -0.350258   -0.090904   -0.832234   -3.502813   -5.032522    0.000001
-----------------------------------------------------------------------------------------------------------------------------

  FINAL CASPT2 RESULT:

      Reference energy:       -3929.6430664999
      E2 (Non-variational):      -5.0325217774
      Shift correction:          -0.0412371125
      E2 (Variational):          -5.0737588899
      Total energy:           -3934.7168253897
      Residual norm:              0.0000002317
      Reference weight:           0.36850

      Contributions to the CASPT2 correlation energy
      Active & Virtual Only:         -0.1166718557
      One Inactive Excited:          -1.0401117404
      Two Inactive Excited:          -3.8757381813


++ Denominators, etc.
--------------------------------------------------------------------------------------------------------------
 Report on small energy denominators, large coefficients, and large energy contributions.
CASE  SYMM ACTIVE-MIX  NON-ACTIVE INDICES          DENOMINATOR     RHS VALUE       COEFFICIENT     CONTRIBUTION
VJTU     1  Mu1.0001  In1.087                       0.38071046      0.01813503     -0.04043123     -0.00073322
VJTU     1  Mu1.0002  In1.088                       0.37422860     -0.01205799      0.02688819     -0.00032422
VJTU     1  Mu1.0002  In1.089                       0.38100974     -0.01150250      0.02582716     -0.00029708
VJTU     1  Mu1.0001  In1.096                       0.31776509     -0.01362893      0.03364368     -0.00045853
VJTU     1  Mu1.0002  In1.096                       0.34123416     -0.01703084      0.04064093     -0.00069215
VJTU     1  Mu1.0001  In1.097                       0.28125088     -0.04463503      0.11048230     -0.00493138
VJTU     1  Mu1.0002  In1.097                       0.30471996      0.03451499     -0.08107102     -0.00279817
VJTU     1  Mu1.0001  In1.098                       0.25887591     -0.00693170      0.01831708     -0.00012697
VJTU     1  Mu1.0002  In1.098                       0.28234499      0.00188369     -0.00533457     -0.00001005
VJTU     1  Mu1.0001  In1.099                       0.23390688     -0.02583988      0.06936971     -0.00179251
VJTU     1  Mu1.0002  In1.099                       0.25737596      0.03054616     -0.08027268     -0.00245202
VJTU     1  Mu1.0003  In1.099                       0.27843991     -0.00534086      0.01346989     -0.00007194
VJTU     1  Mu1.0004  In1.099                       0.27896423     -0.00098706      0.00244972     -0.00000242
VJTU     1  Mu1.0005  In1.099                       0.29979933     -0.00052930      0.00117962     -0.00000062
VJTU     1  Mu1.0001  In1.100                       0.21789403      0.00523038     -0.01338957     -0.00007003
VJTU     1  Mu1.0002  In1.100                       0.24136311     -0.01361629      0.03594898     -0.00048949
VJTU     1  Mu1.0003  In1.100                       0.26242706     -0.00033482      0.00028216     -0.00000009
VJTU     1  Mu1.0004  In1.100                       0.26295138      0.00081216     -0.00216257     -0.00000176
VJTU     1  Mu1.0005  In1.100                       0.28378648     -0.00025321      0.00043524     -0.00000011
VJTU     1  Mu1.0006  In1.100                       0.28617524      0.00386577     -0.00913463     -0.00003531
VJTU     1  Mu1.0007  In1.100                       0.29217668      0.00277595     -0.00661750     -0.00001837
VJTU     1  Mu1.0008  In1.100                       0.29549545      0.00015494     -0.00087447     -0.00000014
ATVX     1  Mu1.0001  Se1.113                       0.10264764      0.00021860     -0.00126742     -0.00000028
ATVX     1  Mu1.0002  Se1.113                       0.13555135      0.00914087     -0.01994673     -0.00018233
ATVX     1  Mu1.0003  Se1.113                       0.15743034     -0.00322374      0.00725128     -0.00002338
ATVX     1  Mu1.0004  Se1.113                       0.17552205      0.01341394     -0.03513778     -0.00047134
ATVX     1  Mu1.0005  Se1.113                       0.18069607      0.00493449     -0.01180876     -0.00005827
ATVX     1  Mu1.0006  Se1.113                       0.20049777     -0.00009301      0.00021282     -0.00000002
ATVX     1  Mu1.0007  Se1.113                       0.20444652      0.00118200     -0.00301412     -0.00000356
ATVX     1  Mu1.0008  Se1.113                       0.22557040     -0.00016798      0.00055870     -0.00000009
ATVX     1  Mu1.0009  Se1.113                       0.22757188     -0.00151658      0.00397453     -0.00000603
ATVX     1  Mu1.0010  Se1.113                       0.23261081      0.00109354     -0.00278791     -0.00000305
ATVX     1  Mu1.0011  Se1.113                       0.24787410      0.00009221     -0.00036079     -0.00000003
ATVX     1  Mu1.0012  Se1.113                       0.24856205      0.00050884     -0.00133871     -0.00000068
ATVX     1  Mu1.0013  Se1.113                       0.24914688      0.00027829     -0.00079537     -0.00000022
ATVX     1  Mu1.0014  Se1.113                       0.25562427      0.00180108     -0.00420020     -0.00000756
ATVX     1  Mu1.0015  Se1.113                       0.25930984      0.00014007     -0.00032026     -0.00000004
ATVX     1  Mu1.0016  Se1.113                       0.27457438      0.00054216     -0.00118329     -0.00000064
ATVX     1  Mu1.0017  Se1.113                       0.27925294      0.00260859     -0.00638094     -0.00001665
ATVX     1  Mu1.0018  Se1.113                       0.28244555     -0.00013934      0.00028896     -0.00000004
ATVX     1  Mu1.0019  Se1.113                       0.28540995      0.00040162     -0.00099565     -0.00000040
ATVX     1  Mu1.0020  Se1.113                       0.29748787     -0.00019509      0.00054573     -0.00000011
ATVX     1  Mu1.0048  Se1.113                       0.42488876     -0.01460566      0.03007626     -0.00043928
ATVX     1  Mu1.0001  Se1.114                       0.13009025     -0.00018644      0.00046963     -0.00000009
ATVX     1  Mu1.0002  Se1.114                       0.16299396      0.00012167     -0.00035516     -0.00000004
ATVX     1  Mu1.0003  Se1.114                       0.18487295      0.00075387     -0.00134529     -0.00000101
ATVX     1  Mu1.0004  Se1.114                       0.20296466      0.00003099     -0.00003491     -0.00000000
ATVX     1  Mu1.0005  Se1.114                       0.20813868      0.00153197     -0.00314689     -0.00000482
ATVX     1  Mu1.0006  Se1.114                       0.22794038     -0.00069535      0.00144878     -0.00000101
ATVX     1  Mu1.0007  Se1.114                       0.23188913     -0.00001411      0.00000471     -0.00000000
ATVX     1  Mu1.0008  Se1.114                       0.25301301      0.00247682     -0.00606128     -0.00001501
ATVX     1  Mu1.0009  Se1.114                       0.25501448     -0.00014443      0.00036784     -0.00000005
ATVX     1  Mu1.0010  Se1.114                       0.26005342      0.00018978     -0.00017077     -0.00000003
ATVX     1  Mu1.0011  Se1.114                       0.27531670     -0.00052258      0.00134740     -0.00000070
ATVX     1  Mu1.0012  Se1.114                       0.27600466      0.00350948     -0.00863660     -0.00003031
ATVX     1  Mu1.0013  Se1.114                       0.27658949     -0.00078473      0.00194650     -0.00000153
ATVX     1  Mu1.0014  Se1.114                       0.28306688      0.00084196     -0.00183021     -0.00000154
ATVX     1  Mu1.0015  Se1.114                       0.28675245     -0.00040944      0.00105651     -0.00000043
ATVX     1  Mu1.0051  Se1.114                       0.45805411      0.01154894     -0.02581701     -0.00029816
ATVX     1  Mu1.0080  Se1.114                       0.51544804      0.01683616     -0.03074828     -0.00051768
ATVX     1  Mu1.0001  Se1.115                       0.12619323      0.00140070     -0.00360062     -0.00000504
ATVX     1  Mu1.0002  Se1.115                       0.15909694      0.00278916     -0.00742609     -0.00002071
ATVX     1  Mu1.0003  Se1.115                       0.18097594      0.00078979     -0.00160457     -0.00000127
ATVX     1  Mu1.0004  Se1.115                       0.19906764     -0.00331384      0.00840519     -0.00002785
ATVX     1  Mu1.0005  Se1.115                       0.20424167     -0.00014729      0.00035981     -0.00000005
ATVX     1  Mu1.0006  Se1.115                       0.22404336      0.00002487     -0.00007771     -0.00000000
ATVX     1  Mu1.0007  Se1.115                       0.22799211     -0.00032200      0.00084968     -0.00000027
ATVX     1  Mu1.0008  Se1.115                       0.24911600      0.00005888     -0.00017565     -0.00000001
ATVX     1  Mu1.0009  Se1.115                       0.25111747      0.00015165     -0.00028617     -0.00000004
ATVX     1  Mu1.0010  Se1.115                       0.25615641     -0.00113302      0.00263233     -0.00000298
ATVX     1  Mu1.0011  Se1.115                       0.27141969      0.00022031     -0.00054399     -0.00000012
ATVX     1  Mu1.0012  Se1.115                       0.27210765      0.00004322     -0.00008870     -0.00000000
ATVX     1  Mu1.0013  Se1.115                       0.27269248      0.00021266     -0.00055122     -0.00000012
ATVX     1  Mu1.0014  Se1.115                       0.27916987     -0.00105393      0.00230811     -0.00000243
ATVX     1  Mu1.0015  Se1.115                       0.28285544      0.00003628     -0.00008031     -0.00000000
ATVX     1  Mu1.0016  Se1.115                       0.29811998     -0.00011733      0.00029142     -0.00000003
ATVX     1  Mu1.0001  Se1.116                       0.13295141      0.00300778     -0.00782297     -0.00002353
ATVX     1  Mu1.0002  Se1.116                       0.16585512     -0.00246236      0.00633944     -0.00001561
ATVX     1  Mu1.0003  Se1.116                       0.18773411     -0.00001513      0.00003105     -0.00000000
ATVX     1  Mu1.0004  Se1.116                       0.20582582      0.00182396     -0.00465328     -0.00000849
ATVX     1  Mu1.0005  Se1.116                       0.21099984      0.00034775     -0.00079066     -0.00000027
ATVX     1  Mu1.0006  Se1.116                       0.23080154      0.00001059     -0.00002007     -0.00000000
ATVX     1  Mu1.0007  Se1.116                       0.23475029     -0.00003005      0.00018012     -0.00000001
ATVX     1  Mu1.0008  Se1.116                       0.25587417     -0.00000255      0.00002647     -0.00000000
ATVX     1  Mu1.0009  Se1.116                       0.25787565     -0.00014843      0.00041390     -0.00000006
ATVX     1  Mu1.0010  Se1.116                       0.26291458      0.00083792     -0.00192735     -0.00000161
ATVX     1  Mu1.0011  Se1.116                       0.27817787      0.00014913     -0.00037007     -0.00000006
ATVX     1  Mu1.0012  Se1.116                       0.27886582      0.00010766     -0.00022900     -0.00000002
ATVX     1  Mu1.0013  Se1.116                       0.27945065      0.00025651     -0.00060440     -0.00000016
ATVX     1  Mu1.0014  Se1.116                       0.28592804      0.00051516     -0.00110796     -0.00000057
ATVX     1  Mu1.0015  Se1.116                       0.28961362      0.00010702     -0.00019321     -0.00000002
ATVX     1  Mu1.0001  Se1.117                       0.14208909     -0.00007967      0.00019307     -0.00000002
ATVX     1  Mu1.0002  Se1.117                       0.17499280     -0.00023069      0.00056245     -0.00000013
ATVX     1  Mu1.0003  Se1.117                       0.19687180     -0.00012998      0.00021028     -0.00000003
ATVX     1  Mu1.0004  Se1.117                       0.21496350     -0.00002280      0.00006119     -0.00000000
ATVX     1  Mu1.0005  Se1.117                       0.22013752     -0.00032761      0.00077890     -0.00000026
ATVX     1  Mu1.0006  Se1.117                       0.23993922     -0.00005046      0.00004321     -0.00000000
ATVX     1  Mu1.0007  Se1.117                       0.24388797      0.00001047     -0.00001317     -0.00000000
ATVX     1  Mu1.0008  Se1.117                       0.26501186      0.00015633     -0.00035442     -0.00000006
ATVX     1  Mu1.0009  Se1.117                       0.26701333      0.00001173     -0.00003576     -0.00000000
ATVX     1  Mu1.0010  Se1.117                       0.27205227      0.00008632     -0.00015862     -0.00000001
ATVX     1  Mu1.0011  Se1.117                       0.28731555     -0.00161926      0.00378968     -0.00000614
ATVX     1  Mu1.0012  Se1.117                       0.28800350      0.00019921     -0.00053515     -0.00000011
ATVX     1  Mu1.0013  Se1.117                       0.28858834      0.00103887     -0.00242209     -0.00000252
ATVX     1  Mu1.0014  Se1.117                       0.29506572      0.00020956     -0.00043356     -0.00000009
ATVX     1  Mu1.0015  Se1.117                       0.29875130     -0.00059875      0.00136329     -0.00000082
ATVX     1  Mu1.0001  Se1.118                       0.14943733      0.00000486     -0.00001647     -0.00000000
ATVX     1  Mu1.0002  Se1.118                       0.18234104      0.00009776     -0.00025601     -0.00000003
ATVX     1  Mu1.0003  Se1.118                       0.20422004      0.00005989     -0.00019701     -0.00000001
ATVX     1  Mu1.0004  Se1.118                       0.22231174     -0.00003773      0.00010764     -0.00000000
ATVX     1  Mu1.0005  Se1.118                       0.22748577      0.00016163     -0.00039518     -0.00000006
ATVX     1  Mu1.0006  Se1.118                       0.24728746     -0.00016848      0.00042482     -0.00000007
ATVX     1  Mu1.0007  Se1.118                       0.25123621     -0.00000215      0.00001486     -0.00000000
ATVX     1  Mu1.0008  Se1.118                       0.27236010     -0.00007251      0.00019203     -0.00000001
ATVX     1  Mu1.0009  Se1.118                       0.27436157      0.00000477      0.00000171      0.00000000
ATVX     1  Mu1.0010  Se1.118                       0.27940051      0.00004988     -0.00006264     -0.00000000
ATVX     1  Mu1.0011  Se1.118                       0.29466379     -0.00034635      0.00079645     -0.00000028
ATVX     1  Mu1.0012  Se1.118                       0.29535175     -0.00005465      0.00014066     -0.00000001
ATVX     1  Mu1.0013  Se1.118                       0.29593658      0.00029911     -0.00069625     -0.00000021
ATVX     1  Mu1.0001  Se1.119                       0.15508733     -0.00040503      0.00102992     -0.00000042
ATVX     1  Mu1.0002  Se1.119                       0.18799103      0.00758325     -0.02118574     -0.00016066
ATVX     1  Mu1.0003  Se1.119                       0.20987003      0.00104397     -0.00208142     -0.00000217
ATVX     1  Mu1.0004  Se1.119                       0.22796173     -0.00332333      0.00806589     -0.00002681
ATVX     1  Mu1.0005  Se1.119                       0.23313576     -0.00060161      0.00134874     -0.00000081
ATVX     1  Mu1.0006  Se1.119                       0.25293745      0.00004507     -0.00012148     -0.00000001
ATVX     1  Mu1.0007  Se1.119                       0.25688620     -0.00016183      0.00035263     -0.00000006
ATVX     1  Mu1.0008  Se1.119                       0.27801009      0.00003653     -0.00010733     -0.00000000
ATVX     1  Mu1.0009  Se1.119                       0.28001156     -0.00007259      0.00029601     -0.00000002
ATVX     1  Mu1.0010  Se1.119                       0.28505050     -0.00234737      0.00512244     -0.00001202
ATVX     1  Mu1.0001  Se1.120                       0.16293799      0.00002843     -0.00007791     -0.00000000
ATVX     1  Mu1.0002  Se1.120                       0.19584170      0.00003689     -0.00005936     -0.00000000
ATVX     1  Mu1.0003  Se1.120                       0.21772070      0.00007021     -0.00010190     -0.00000001
ATVX     1  Mu1.0004  Se1.120                       0.23581240      0.00009095     -0.00022572     -0.00000002
ATVX     1  Mu1.0005  Se1.120                       0.24098643      0.00014089     -0.00031622     -0.00000004
ATVX     1  Mu1.0006  Se1.120                       0.26078812      0.00002854     -0.00003060     -0.00000000
ATVX     1  Mu1.0007  Se1.120                       0.26473687     -0.00000055     -0.00000105      0.00000000
ATVX     1  Mu1.0008  Se1.120                       0.28586076     -0.00013084      0.00034374     -0.00000004
ATVX     1  Mu1.0009  Se1.120                       0.28786223     -0.00001166      0.00002994     -0.00000000
ATVX     1  Mu1.0010  Se1.120                       0.29290117     -0.00001802      0.00002164     -0.00000000
ATVX     1  Mu1.0001  Se1.121                       0.15434841     -0.00006676      0.00016561     -0.00000001
ATVX     1  Mu1.0002  Se1.121                       0.18725212     -0.00014591      0.00032155     -0.00000005
ATVX     1  Mu1.0003  Se1.121                       0.20913112     -0.00014963      0.00019142     -0.00000003
ATVX     1  Mu1.0004  Se1.121                       0.22722282     -0.00016902      0.00042732     -0.00000007
ATVX     1  Mu1.0005  Se1.121                       0.23239684     -0.00029446      0.00067916     -0.00000020
ATVX     1  Mu1.0006  Se1.121                       0.25219854     -0.00015130      0.00028163     -0.00000004
ATVX     1  Mu1.0007  Se1.121                       0.25614729      0.00000022      0.00001468      0.00000000
ATVX     1  Mu1.0008  Se1.121                       0.27727118      0.00019628     -0.00048856     -0.00000010
ATVX     1  Mu1.0009  Se1.121                       0.27927265      0.00001904     -0.00005130     -0.00000000
ATVX     1  Mu1.0010  Se1.121                       0.28431159      0.00012197     -0.00020679     -0.00000003
ATVX     1  Mu1.0011  Se1.121                       0.29957487     -0.00237705      0.00547308     -0.00001301
ATVX     1  Mu1.0001  Se1.122                       0.16162793     -0.00023859      0.00052986     -0.00000013
ATVX     1  Mu1.0002  Se1.122                       0.19453164      0.00816475     -0.02322283     -0.00018961
ATVX     1  Mu1.0003  Se1.122                       0.21641064      0.00036148     -0.00054832     -0.00000020
ATVX     1  Mu1.0004  Se1.122                       0.23450234     -0.00235759      0.00545818     -0.00001287
ATVX     1  Mu1.0005  Se1.122                       0.23967637      0.00056984     -0.00134744     -0.00000077
ATVX     1  Mu1.0006  Se1.122                       0.25947806      0.00003435     -0.00009940     -0.00000000
ATVX     1  Mu1.0007  Se1.122                       0.26342681      0.00001158     -0.00009473     -0.00000000
ATVX     1  Mu1.0008  Se1.122                       0.28455070      0.00004632     -0.00011830     -0.00000001
ATVX     1  Mu1.0009  Se1.122                       0.28655217     -0.00030836      0.00090744     -0.00000028
ATVX     1  Mu1.0010  Se1.122                       0.29159111     -0.00197300      0.00416429     -0.00000822
ATVX     1  Mu1.0001  Se1.123                       0.17646823      0.00155899     -0.00405786     -0.00000633
ATVX     1  Mu1.0002  Se1.123                       0.20937194     -0.00124947      0.00342210     -0.00000428
ATVX     1  Mu1.0003  Se1.123                       0.23125093     -0.00061192      0.00120838     -0.00000074
ATVX     1  Mu1.0004  Se1.123                       0.24934264      0.00043665     -0.00104799     -0.00000046
ATVX     1  Mu1.0005  Se1.123                       0.25451666     -0.00037259      0.00091567     -0.00000034
ATVX     1  Mu1.0006  Se1.123                       0.27431836      0.00000149     -0.00000332     -0.00000000
ATVX     1  Mu1.0007  Se1.123                       0.27826711     -0.00003169      0.00012906     -0.00000000
ATVX     1  Mu1.0008  Se1.123                       0.29939099      0.00000365     -0.00000541     -0.00000000
ATVX     1  Mu1.0001  Se1.124                       0.17936666      0.00016837     -0.00037815     -0.00000006
ATVX     1  Mu1.0002  Se1.124                       0.21227037     -0.00010727      0.00019870     -0.00000002
ATVX     1  Mu1.0003  Se1.124                       0.23414937      0.00032219     -0.00067187     -0.00000022
ATVX     1  Mu1.0004  Se1.124                       0.25224107      0.00021166     -0.00042814     -0.00000009
ATVX     1  Mu1.0005  Se1.124                       0.25741509      0.00056101     -0.00146875     -0.00000082
ATVX     1  Mu1.0006  Se1.124                       0.27721679     -0.00003710      0.00004848     -0.00000000
ATVX     1  Mu1.0007  Se1.124                       0.28116554     -0.00002897      0.00001998     -0.00000000
ATVX     1  Mu1.0001  Se1.125                       0.18438635      0.00004278     -0.00013022     -0.00000001
ATVX     1  Mu1.0002  Se1.125                       0.21729006      0.00008696     -0.00018661     -0.00000002
ATVX     1  Mu1.0003  Se1.125                       0.23916905     -0.00009998     -0.00000983      0.00000000
ATVX     1  Mu1.0004  Se1.125                       0.25726076      0.00001072      0.00000977      0.00000000
ATVX     1  Mu1.0005  Se1.125                       0.26243478      0.00004073     -0.00023394     -0.00000001
ATVX     1  Mu1.0006  Se1.125                       0.28223648      0.00000093      0.00010774      0.00000000
ATVX     1  Mu1.0007  Se1.125                       0.28618523     -0.00000461      0.00003898     -0.00000000
ATVX     1  Mu1.0001  Se1.126                       0.18820196      0.00024434     -0.00068929     -0.00000017
ATVX     1  Mu1.0002  Se1.126                       0.22110567      0.00178950     -0.00472748     -0.00000846
ATVX     1  Mu1.0003  Se1.126                       0.24298466     -0.00048902      0.00106815     -0.00000052
ATVX     1  Mu1.0004  Se1.126                       0.26107637     -0.00072232      0.00180305     -0.00000130
ATVX     1  Mu1.0005  Se1.126                       0.26625039      0.00071399     -0.00163214     -0.00000117
ATVX     1  Mu1.0006  Se1.126                       0.28605209      0.00000767     -0.00002332     -0.00000000
ATVX     1  Mu1.0007  Se1.126                       0.29000084      0.00005243     -0.00013040     -0.00000001
ATVX     1  Mu1.0001  Se1.127                       0.19634385     -0.00004677      0.00013638     -0.00000001
ATVX     1  Mu1.0002  Se1.127                       0.22924756     -0.00006942      0.00015599     -0.00000001
ATVX     1  Mu1.0003  Se1.127                       0.25112655      0.00008221     -0.00000570     -0.00000000
ATVX     1  Mu1.0004  Se1.127                       0.26921826     -0.00002801      0.00004782     -0.00000000
ATVX     1  Mu1.0005  Se1.127                       0.27439228     -0.00004084      0.00021060     -0.00000001
ATVX     1  Mu1.0006  Se1.127                       0.29419398     -0.00019279      0.00034536     -0.00000007
ATVX     1  Mu1.0007  Se1.127                       0.29814273      0.00000857     -0.00004213     -0.00000000
ATVX     1  Mu1.0001  Se1.128                       0.20408710     -0.00585056      0.01518058     -0.00008881
ATVX     1  Mu1.0002  Se1.128                       0.23699081      0.00163323     -0.00453909     -0.00000741
ATVX     1  Mu1.0003  Se1.128                       0.25886980      0.00063858     -0.00109683     -0.00000070
ATVX     1  Mu1.0004  Se1.128                       0.27696151     -0.00048850      0.00110560     -0.00000054
ATVX     1  Mu1.0005  Se1.128                       0.28213553      0.00022075     -0.00078061     -0.00000017
ATVX     1  Mu1.0001  Se1.129                       0.21455234      0.00010058     -0.00028627     -0.00000003
ATVX     1  Mu1.0002  Se1.129                       0.24745605      0.00244936     -0.00566900     -0.00001389
ATVX     1  Mu1.0003  Se1.129                       0.26933504      0.00012874     -0.00031727     -0.00000004
ATVX     1  Mu1.0004  Se1.129                       0.28742675     -0.00048450      0.00131087     -0.00000064
ATVX     1  Mu1.0005  Se1.129                       0.29260077      0.00013803     -0.00027537     -0.00000004
ATVX     1  Mu1.0001  Se1.130                       0.21896159      0.00484272     -0.01088574     -0.00005272
ATVX     1  Mu1.0002  Se1.130                       0.25186529     -0.00495645      0.01122872     -0.00005565
ATVX     1  Mu1.0003  Se1.130                       0.27374429     -0.00112380      0.00256482     -0.00000288
ATVX     1  Mu1.0004  Se1.130                       0.29183599      0.00128974     -0.00340990     -0.00000440
ATVX     1  Mu1.0005  Se1.130                       0.29701002     -0.00035901      0.00082272     -0.00000030
ATVX     1  Mu1.0001  Se1.131                       0.21741742      0.00011411     -0.00019792     -0.00000002
ATVX     1  Mu1.0002  Se1.131                       0.25032113      0.00021779     -0.00047697     -0.00000010
ATVX     1  Mu1.0003  Se1.131                       0.27220013     -0.00005935      0.00010177     -0.00000001
ATVX     1  Mu1.0004  Se1.131                       0.29029183     -0.00005717      0.00016353     -0.00000001
ATVX     1  Mu1.0005  Se1.131                       0.29546585     -0.00022149      0.00044352     -0.00000010
ATVX     1  Mu1.0001  Se1.132                       0.21565025      0.00154298     -0.00304274     -0.00000469
ATVX     1  Mu1.0002  Se1.132                       0.24855396      0.01394975     -0.03230697     -0.00045067
ATVX     1  Mu1.0003  Se1.132                       0.27043295      0.00120808     -0.00244156     -0.00000295
ATVX     1  Mu1.0004  Se1.132                       0.28852466     -0.00227460      0.00650410     -0.00001479
ATVX     1  Mu1.0005  Se1.132                       0.29369868     -0.00146422      0.00307193     -0.00000450
ATVX     1  Mu1.0001  Se1.133                       0.22806036      0.00329693     -0.00684821     -0.00002258
ATVX     1  Mu1.0002  Se1.133                       0.26096407      0.00263591     -0.00774644     -0.00002042
ATVX     1  Mu1.0003  Se1.133                       0.28284306     -0.00112691      0.00239983     -0.00000270
ATVX     1  Mu1.0001  Se1.134                       0.23012823      0.00208327     -0.00453439     -0.00000945
ATVX     1  Mu1.0002  Se1.134                       0.26303194     -0.00437227      0.01216442     -0.00005319
ATVX     1  Mu1.0003  Se1.134                       0.28491093     -0.00047864      0.00127445     -0.00000061
ATVX     1  Mu1.0001  Se1.135                       0.24486892      0.00005398     -0.00014785     -0.00000001
ATVX     1  Mu1.0002  Se1.135                       0.27777263      0.00001061     -0.00002462     -0.00000000
ATVX     1  Mu1.0003  Se1.135                       0.29965163      0.00003770     -0.00008779     -0.00000000
ATVX     1  Mu1.0001  Se1.136                       0.23805452      0.00239638     -0.00546470     -0.00001310
ATVX     1  Mu1.0002  Se1.136                       0.27095823     -0.00388510      0.00913298     -0.00003548
ATVX     1  Mu1.0003  Se1.136                       0.29283723      0.00109345     -0.00288055     -0.00000315
ATVX     1  Mu1.0001  Se1.137                       0.25582879      0.00002139     -0.00001688     -0.00000000
ATVX     1  Mu1.0002  Se1.137                       0.28873250     -0.00003459      0.00012418     -0.00000000
ATVX     1  Mu1.0001  Se1.138                       0.26318680     -0.00015951      0.00016361     -0.00000003
ATVX     1  Mu1.0002  Se1.138                       0.29609051      0.00011157     -0.00076882     -0.00000009
ATVX     1  Mu1.0001  Se1.139                       0.27062245     -0.00058620      0.00214792     -0.00000126
ATVX     1  Mu1.0001  Se1.140                       0.27839942     -0.00022571      0.00056679     -0.00000013
ATVX     1  Mu1.0001  Se1.141                       0.27401256      0.00059885      0.00033022      0.00000020
ATVX     1  Mu1.0001  Se1.142                       0.28915307      0.00010436     -0.00023460     -0.00000002
ATVX     1  Mu1.0001  Se1.143                       0.29242354     -0.00073836      0.00167254     -0.00000123
ATVX     1  Mu1.0001  Se1.145                       0.29638754      0.00152374     -0.00374699     -0.00000571
AIVX     1  Mu1.0008  In1.100 Se1.114               0.46563065      0.01563602     -0.03185442     -0.00049808
--

   (Skipping property calculation,
    use PROP keyword to activate)
--

++ CASPT2 computation for group   5

********************************************************************************
 Multi-State initialization phase begins for group   5
--------------------------------------------------------------------------------
********************************************************************************
 Compute H0 matrices for state    5
--------------------------------------------------------------------------------
--------------------------------------------------------------------------------
 H0 matrices have been computed.

********************************************************************************
  CASPT2 EQUATION SOLUTION
--------------------------------------------------------------------------------

  Total nr of CASPT2 parameters:
   Before reduction:  1876168956
   After  reduction:  1876168956

 Variance of |WF0>:      23.4900789226

 The contributions to the second order correlation energy in atomic units.
-----------------------------------------------------------------------------------------------------------------------------
  IT.      VJTU        VJTI        ATVX        AIVX        VJAI        BVAT        BJAT        BJAI        TOTAL       RNORM  
-----------------------------------------------------------------------------------------------------------------------------
   1    -0.038181   -0.022880   -0.024889   -0.162494   -0.349565   -0.092900   -0.838809   -3.502103   -5.031822    0.017627
   2    -0.040693   -0.023005   -0.025601   -0.163503   -0.350003   -0.093233   -0.840292   -3.503089   -5.039418    0.005817
   3    -0.040877   -0.023020   -0.025671   -0.163494   -0.350033   -0.093282   -0.840354   -3.503126   -5.039856    0.000924
   4    -0.040902   -0.023013   -0.025644   -0.163415   -0.349998   -0.093254   -0.840237   -3.503040   -5.039503    0.000180
   5    -0.040903   -0.023013   -0.025642   -0.163411   -0.349997   -0.093251   -0.840233   -3.503039   -5.039489    0.000028
   6    -0.040903   -0.023013   -0.025642   -0.163413   -0.349999   -0.093252   -0.840236   -3.503041   -5.039499    0.000007
   7    -0.040903   -0.023013   -0.025642   -0.163413   -0.349999   -0.093252   -0.840237   -3.503042   -5.039499    0.000001
-----------------------------------------------------------------------------------------------------------------------------

  FINAL CASPT2 RESULT:

      Reference energy:       -3929.6316509593
      E2 (Non-variational):      -5.0394987890
      Shift correction:          -0.0419729709
      E2 (Variational):          -5.0814717599
      Total energy:           -3934.7131227191
      Residual norm:              0.0000002608
      Reference weight:           0.36766

      Contributions to the CASPT2 correlation energy
      Active & Virtual Only:         -0.1188937907
      One Inactive Excited:          -1.0445520328
      Two Inactive Excited:          -3.8760529654


++ Denominators, etc.
--------------------------------------------------------------------------------------------------------------
 Report on small energy denominators, large coefficients, and large energy contributions.
CASE  SYMM ACTIVE-MIX  NON-ACTIVE INDICES          DENOMINATOR     RHS VALUE       COEFFICIENT     CONTRIBUTION
VJTU     1  Mu1.0004  In1.074                       0.48378993     -0.01477845      0.02685508     -0.00039688
VJTU     1  Mu1.0001  In1.095                       0.29875674     -0.02221164      0.05756126     -0.00127853
VJTU     1  Mu1.0001  In1.096                       0.25462733     -0.00264950      0.00638889     -0.00001693
VJTU     1  Mu1.0002  In1.096                       0.25966744      0.00073674     -0.00149450     -0.00000110
VJTU     1  Mu1.0003  In1.096                       0.26622069     -0.00130948      0.00269884     -0.00000353
VJTU     1  Mu1.0004  In1.096                       0.27431891      0.00145557     -0.00430316     -0.00000626
VJTU     1  Mu1.0005  In1.096                       0.28008430     -0.00123067      0.00210234     -0.00000259
VJTU     1  Mu1.0006  In1.096                       0.28656223     -0.00053043      0.00124021     -0.00000066
VJTU     1  Mu1.0001  In1.097                       0.26794669      0.01144229     -0.02878420     -0.00032936
VJTU     1  Mu1.0002  In1.097                       0.27298680      0.00022593     -0.00012208     -0.00000003
VJTU     1  Mu1.0003  In1.097                       0.27954005      0.00660466     -0.01487121     -0.00009822
VJTU     1  Mu1.0004  In1.097                       0.28763827      0.04914693     -0.11858579     -0.00582813
VJTU     1  Mu1.0005  In1.097                       0.29340366      0.00222147     -0.00535810     -0.00001190
VJTU     1  Mu1.0006  In1.097                       0.29988159     -0.01350767      0.03074401     -0.00041528
VJTU     1  Mu1.0031  In1.097                       0.38603810     -0.01318790      0.02781228     -0.00036679
VJTU     1  Mu1.0001  In1.098                       0.21465317      0.00939441     -0.02554609     -0.00023999
VJTU     1  Mu1.0002  In1.098                       0.21969328     -0.00397264      0.00910620     -0.00003618
VJTU     1  Mu1.0003  In1.098                       0.22624653      0.00326756     -0.00731975     -0.00002392
VJTU     1  Mu1.0004  In1.098                       0.23434474      0.00964958     -0.02458533     -0.00023724
VJTU     1  Mu1.0005  In1.098                       0.24011013     -0.00261579      0.00487059     -0.00001274
VJTU     1  Mu1.0006  In1.098                       0.24658806     -0.00251312      0.00632580     -0.00001590
VJTU     1  Mu1.0007  In1.098                       0.28224526     -0.00047049      0.00118882     -0.00000056
VJTU     1  Mu1.0008  In1.098                       0.28260043     -0.00035202      0.00048205     -0.00000017
VJTU     1  Mu1.0009  In1.098                       0.28470838     -0.00177459      0.00432084     -0.00000767
VJTU     1  Mu1.0010  In1.098                       0.28939392      0.00125794     -0.00316465     -0.00000398
VJTU     1  Mu1.0011  In1.098                       0.29015045     -0.00078548      0.00229826     -0.00000181
VJTU     1  Mu1.0012  In1.098                       0.29203041     -0.00019188      0.00029607     -0.00000006
VJTU     1  Mu1.0013  In1.098                       0.29255466      0.00036879     -0.00115535     -0.00000043
VJTU     1  Mu1.0014  In1.098                       0.29390673     -0.00071075      0.00193561     -0.00000138
VJTU     1  Mu1.0015  In1.098                       0.29562245     -0.00046754      0.00115858     -0.00000054
VJTU     1  Mu1.0016  In1.098                       0.29655795      0.00003079     -0.00005561     -0.00000000
VJTU     1  Mu1.0001  In1.099                       0.23169545      0.01833301     -0.05003672     -0.00091732
VJTU     1  Mu1.0002  In1.099                       0.23673556     -0.00125351      0.00366102     -0.00000459
VJTU     1  Mu1.0003  In1.099                       0.24328881      0.00515453     -0.01194795     -0.00006159
VJTU     1  Mu1.0004  In1.099                       0.25138702      0.03670623     -0.09527874     -0.00349732
VJTU     1  Mu1.0005  In1.099                       0.25715242      0.00260530     -0.00652923     -0.00001701
VJTU     1  Mu1.0006  In1.099                       0.26363035     -0.00892964      0.02177476     -0.00019444
VJTU     1  Mu1.0007  In1.099                       0.29928754     -0.00126911      0.00305244     -0.00000387
VJTU     1  Mu1.0008  In1.099                       0.29964271     -0.00025298      0.00073133     -0.00000019
VJTU     1  Mu1.0004  In1.100                       0.41030813     -0.01787232      0.03711160     -0.00066327
ATVX     1  Mu1.0001  Se1.113                       0.08652640     -0.00038536      0.00056391     -0.00000022
ATVX     1  Mu1.0002  Se1.113                       0.09371049     -0.00042039      0.00063950     -0.00000027
ATVX     1  Mu1.0003  Se1.113                       0.09591295     -0.00016035      0.00031599     -0.00000005
ATVX     1  Mu1.0004  Se1.113                       0.14555183      0.00061345     -0.00240134     -0.00000147
ATVX     1  Mu1.0005  Se1.113                       0.15481858     -0.00001841      0.00001276     -0.00000000
ATVX     1  Mu1.0006  Se1.113                       0.15828253     -0.00124792      0.00323658     -0.00000404
ATVX     1  Mu1.0007  Se1.113                       0.15980521      0.00012307     -0.00028366     -0.00000003
ATVX     1  Mu1.0008  Se1.113                       0.16476917      0.00079935     -0.00350601     -0.00000280
ATVX     1  Mu1.0009  Se1.113                       0.17391025      0.00005560     -0.00011214     -0.00000001
ATVX     1  Mu1.0010  Se1.113                       0.17728936     -0.00073028      0.00208340     -0.00000152
ATVX     1  Mu1.0011  Se1.113                       0.17904654     -0.00318301      0.00624114     -0.00001987
ATVX     1  Mu1.0012  Se1.113                       0.20387944      0.00007582     -0.00015345     -0.00000001
ATVX     1  Mu1.0013  Se1.113                       0.21749218      0.00061102     -0.00164960     -0.00000101
ATVX     1  Mu1.0014  Se1.113                       0.22252063     -0.00067405      0.00184622     -0.00000124
ATVX     1  Mu1.0015  Se1.113                       0.22783973      0.00018296     -0.00045972     -0.00000008
ATVX     1  Mu1.0016  Se1.113                       0.23486133      0.00006810     -0.00021433     -0.00000001
ATVX     1  Mu1.0017  Se1.113                       0.23710572      0.00002192     -0.00021427     -0.00000000
ATVX     1  Mu1.0018  Se1.113                       0.23812455      0.00202199     -0.00561435     -0.00001135
ATVX     1  Mu1.0019  Se1.113                       0.24206059      0.00103788     -0.00274142     -0.00000285
ATVX     1  Mu1.0020  Se1.113                       0.24465214     -0.00081820      0.00186911     -0.00000153
ATVX     1  Mu1.0021  Se1.113                       0.24542552     -0.00075999      0.00195032     -0.00000148
ATVX     1  Mu1.0022  Se1.113                       0.24825075     -0.00009129      0.00026485     -0.00000002
ATVX     1  Mu1.0023  Se1.113                       0.25742944      0.00123664     -0.00367864     -0.00000455
ATVX     1  Mu1.0024  Se1.113                       0.26200883      0.00039330     -0.00089146     -0.00000035
ATVX     1  Mu1.0025  Se1.113                       0.26391796      0.00065261     -0.00128535     -0.00000084
ATVX     1  Mu1.0026  Se1.113                       0.26479028      0.00072718     -0.00136979     -0.00000100
ATVX     1  Mu1.0027  Se1.113                       0.26630261      0.00010205     -0.00028193     -0.00000003
ATVX     1  Mu1.0028  Se1.113                       0.27713560     -0.00014788      0.00036346     -0.00000005
ATVX     1  Mu1.0029  Se1.113                       0.28185346      0.00005764      0.00006875      0.00000000
ATVX     1  Mu1.0030  Se1.113                       0.28596390     -0.00000732      0.00000151     -0.00000000
ATVX     1  Mu1.0031  Se1.113                       0.29803482     -0.00007396      0.00016790     -0.00000001
ATVX     1  Mu1.0055  Se1.113                       0.40708248      0.01143319     -0.02558261     -0.00029249
ATVX     1  Mu1.0001  Se1.114                       0.11252493      0.00001631      0.00157068      0.00000003
ATVX     1  Mu1.0002  Se1.114                       0.11970902      0.00276011     -0.00666689     -0.00001840
ATVX     1  Mu1.0003  Se1.114                       0.12191148     -0.02016444      0.04753099     -0.00095844
ATVX     1  Mu1.0004  Se1.114                       0.17155037     -0.00264367      0.00646945     -0.00001710
ATVX     1  Mu1.0005  Se1.114                       0.18081711      0.00194266     -0.00537442     -0.00001044
ATVX     1  Mu1.0006  Se1.114                       0.18428107      0.00109298     -0.00320701     -0.00000351
ATVX     1  Mu1.0007  Se1.114                       0.18580374      0.00015360     -0.00028618     -0.00000004
ATVX     1  Mu1.0008  Se1.114                       0.19076771      0.00009907     -0.00044701     -0.00000004
ATVX     1  Mu1.0009  Se1.114                       0.19990879      0.00118049     -0.00309825     -0.00000366
ATVX     1  Mu1.0010  Se1.114                       0.20328790     -0.00037770      0.00082085     -0.00000031
ATVX     1  Mu1.0011  Se1.114                       0.20504508      0.00017591     -0.00034974     -0.00000006
ATVX     1  Mu1.0012  Se1.114                       0.22987797      0.00230399     -0.00616381     -0.00001420
ATVX     1  Mu1.0013  Se1.114                       0.24349072      0.00195875     -0.00478571     -0.00000937
ATVX     1  Mu1.0014  Se1.114                       0.24851917      0.00013761     -0.00034449     -0.00000005
ATVX     1  Mu1.0015  Se1.114                       0.25383826      0.00010268     -0.00028994     -0.00000003
ATVX     1  Mu1.0016  Se1.114                       0.26085987      0.00007856     -0.00027226     -0.00000002
ATVX     1  Mu1.0017  Se1.114                       0.26310426     -0.00294769      0.00699075     -0.00002061
ATVX     1  Mu1.0018  Se1.114                       0.26412308     -0.00053191      0.00106577     -0.00000057
ATVX     1  Mu1.0019  Se1.114                       0.26805912     -0.00004435      0.00002439     -0.00000000
ATVX     1  Mu1.0020  Se1.114                       0.27065067     -0.00091158      0.00222816     -0.00000203
ATVX     1  Mu1.0021  Se1.114                       0.27142405      0.00030393     -0.00075105     -0.00000023
ATVX     1  Mu1.0022  Se1.114                       0.27424929     -0.00036516      0.00100579     -0.00000037
ATVX     1  Mu1.0023  Se1.114                       0.28342798      0.00016783     -0.00045927     -0.00000008
ATVX     1  Mu1.0024  Se1.114                       0.28800736     -0.00313637      0.00727724     -0.00002282
ATVX     1  Mu1.0025  Se1.114                       0.28991649     -0.00057595      0.00156648     -0.00000090
ATVX     1  Mu1.0026  Se1.114                       0.29078881      0.00016984     -0.00048798     -0.00000008
ATVX     1  Mu1.0027  Se1.114                       0.29230114     -0.00025182      0.00058242     -0.00000015
ATVX     1  Mu1.0058  Se1.114                       0.43730089      0.01243972     -0.02682435     -0.00033369
ATVX     1  Mu1.0098  Se1.114                       0.49582871      0.01750116     -0.03285056     -0.00057492
ATVX     1  Mu1.0001  Se1.115                       0.11336577      0.00005131     -0.00008253     -0.00000000
ATVX     1  Mu1.0002  Se1.115                       0.12054986      0.00044230     -0.00074387     -0.00000033
ATVX     1  Mu1.0003  Se1.115                       0.12275232      0.00039281     -0.00087565     -0.00000034
ATVX     1  Mu1.0004  Se1.115                       0.17239120     -0.00056071      0.00117982     -0.00000066
ATVX     1  Mu1.0005  Se1.115                       0.18165795     -0.00004028      0.00009602     -0.00000000
ATVX     1  Mu1.0006  Se1.115                       0.18512190      0.00071738     -0.00153259     -0.00000110
ATVX     1  Mu1.0007  Se1.115                       0.18664458      0.00003555     -0.00008088     -0.00000000
ATVX     1  Mu1.0008  Se1.115                       0.19160854     -0.00087111      0.00262857     -0.00000229
ATVX     1  Mu1.0009  Se1.115                       0.20074962     -0.00003858      0.00008730     -0.00000000
ATVX     1  Mu1.0010  Se1.115                       0.20412873      0.00069760     -0.00150647     -0.00000105
ATVX     1  Mu1.0011  Se1.115                       0.20588591      0.00040065     -0.00163719     -0.00000066
ATVX     1  Mu1.0012  Se1.115                       0.23071880     -0.00003587      0.00011089     -0.00000000
ATVX     1  Mu1.0013  Se1.115                       0.24433155     -0.00013885      0.00035836     -0.00000005
ATVX     1  Mu1.0014  Se1.115                       0.24936000     -0.00013977      0.00039254     -0.00000005
ATVX     1  Mu1.0015  Se1.115                       0.25467909     -0.00001271      0.00003228     -0.00000000
ATVX     1  Mu1.0016  Se1.115                       0.26170070     -0.00005593      0.00014214     -0.00000001
ATVX     1  Mu1.0017  Se1.115                       0.26394509      0.00005592     -0.00010438     -0.00000001
ATVX     1  Mu1.0018  Se1.115                       0.26496392     -0.00022944      0.00069677     -0.00000016
ATVX     1  Mu1.0019  Se1.115                       0.26889996      0.00038482     -0.00093648     -0.00000036
ATVX     1  Mu1.0020  Se1.115                       0.27149150     -0.00013356      0.00017388     -0.00000002
ATVX     1  Mu1.0021  Se1.115                       0.27226488     -0.00008627      0.00017733     -0.00000002
ATVX     1  Mu1.0022  Se1.115                       0.27509012     -0.00003319      0.00007887     -0.00000000
ATVX     1  Mu1.0023  Se1.115                       0.28426881      0.00002977      0.00006115      0.00000000
ATVX     1  Mu1.0024  Se1.115                       0.28884820     -0.00000926      0.00002542     -0.00000000
ATVX     1  Mu1.0025  Se1.115                       0.29075732      0.00016753     -0.00051183     -0.00000009
ATVX     1  Mu1.0026  Se1.115                       0.29162965      0.00038217     -0.00101765     -0.00000039
ATVX     1  Mu1.0027  Se1.115                       0.29314197     -0.00013302      0.00034018     -0.00000005
ATVX     1  Mu1.0001  Se1.116                       0.11815690     -0.00016838      0.00030862     -0.00000005
ATVX     1  Mu1.0002  Se1.116                       0.12534099     -0.00194834      0.00334876     -0.00000652
ATVX     1  Mu1.0003  Se1.116                       0.12754345     -0.00007323     -0.00002224      0.00000000
ATVX     1  Mu1.0004  Se1.116                       0.17718233     -0.00118352      0.00287926     -0.00000341
ATVX     1  Mu1.0005  Se1.116                       0.18644908     -0.00005544      0.00013760     -0.00000001
ATVX     1  Mu1.0006  Se1.116                       0.18991303      0.00037006     -0.00084955     -0.00000031
ATVX     1  Mu1.0007  Se1.116                       0.19143571      0.00006351     -0.00015277     -0.00000001
ATVX     1  Mu1.0008  Se1.116                       0.19639967      0.00020651     -0.00051841     -0.00000011
ATVX     1  Mu1.0009  Se1.116                       0.20554075     -0.00001689      0.00004154     -0.00000000
ATVX     1  Mu1.0010  Se1.116                       0.20891986     -0.00010328      0.00028320     -0.00000003
ATVX     1  Mu1.0011  Se1.116                       0.21067704      0.00023428     -0.00054954     -0.00000013
ATVX     1  Mu1.0012  Se1.116                       0.23550993      0.00000945     -0.00003698     -0.00000000
ATVX     1  Mu1.0013  Se1.116                       0.24912268     -0.00001366      0.00004812     -0.00000000
ATVX     1  Mu1.0014  Se1.116                       0.25415113     -0.00027432      0.00074627     -0.00000020
ATVX     1  Mu1.0015  Se1.116                       0.25947023      0.00004196     -0.00010318     -0.00000000
ATVX     1  Mu1.0016  Se1.116                       0.26649183      0.00002483     -0.00004727     -0.00000000
ATVX     1  Mu1.0017  Se1.116                       0.26873622      0.00001838     -0.00003172     -0.00000000
ATVX     1  Mu1.0018  Se1.116                       0.26975505     -0.00006474      0.00015740     -0.00000001
ATVX     1  Mu1.0019  Se1.116                       0.27369109      0.00001990      0.00003500      0.00000000
ATVX     1  Mu1.0020  Se1.116                       0.27628264     -0.00021038      0.00048860     -0.00000010
ATVX     1  Mu1.0021  Se1.116                       0.27705602     -0.00041333      0.00087971     -0.00000036
ATVX     1  Mu1.0022  Se1.116                       0.27988125     -0.00000117      0.00000068     -0.00000000
ATVX     1  Mu1.0023  Se1.116                       0.28905994     -0.00007996      0.00025168     -0.00000002
ATVX     1  Mu1.0024  Se1.116                       0.29363933      0.00003916     -0.00009941     -0.00000000
ATVX     1  Mu1.0025  Se1.116                       0.29554846      0.00006295     -0.00010513     -0.00000001
ATVX     1  Mu1.0026  Se1.116                       0.29642078     -0.00003239      0.00002066     -0.00000000
ATVX     1  Mu1.0027  Se1.116                       0.29793311      0.00031105     -0.00077068     -0.00000024
ATVX     1  Mu1.0001  Se1.117                       0.12461502      0.00352616     -0.00743170     -0.00002621
ATVX     1  Mu1.0002  Se1.117                       0.13179911     -0.00010821      0.00035034     -0.00000004
ATVX     1  Mu1.0003  Se1.117                       0.13400157      0.00063714     -0.00193277     -0.00000123
ATVX     1  Mu1.0004  Se1.117                       0.18364045      0.00024081     -0.00043690     -0.00000011
ATVX     1  Mu1.0005  Se1.117                       0.19290720     -0.00021517      0.00058810     -0.00000013
ATVX     1  Mu1.0006  Se1.117                       0.19637115     -0.00014307      0.00030957     -0.00000004
ATVX     1  Mu1.0007  Se1.117                       0.19789383     -0.00158306      0.00409561     -0.00000648
ATVX     1  Mu1.0008  Se1.117                       0.20285779     -0.00009163      0.00008521     -0.00000001
ATVX     1  Mu1.0009  Se1.117                       0.21199887      0.00025249     -0.00059146     -0.00000015
ATVX     1  Mu1.0010  Se1.117                       0.21537798     -0.00004615      0.00005100     -0.00000000
ATVX     1  Mu1.0011  Se1.117                       0.21713516      0.00006847     -0.00014846     -0.00000001
ATVX     1  Mu1.0012  Se1.117                       0.24196805      0.00011299     -0.00025537     -0.00000003
ATVX     1  Mu1.0013  Se1.117                       0.25558080      0.00000905     -0.00001964     -0.00000000
ATVX     1  Mu1.0014  Se1.117                       0.26060925     -0.00021825      0.00047933     -0.00000010
ATVX     1  Mu1.0015  Se1.117                       0.26592835      0.00010442     -0.00024038     -0.00000003
ATVX     1  Mu1.0016  Se1.117                       0.27294995      0.00001523     -0.00003317     -0.00000000
ATVX     1  Mu1.0017  Se1.117                       0.27519434      0.00032524     -0.00075153     -0.00000024
ATVX     1  Mu1.0018  Se1.117                       0.27621317      0.00008229     -0.00019483     -0.00000002
ATVX     1  Mu1.0019  Se1.117                       0.28014921      0.00003932     -0.00012497     -0.00000000
ATVX     1  Mu1.0020  Se1.117                       0.28274076      0.00036960     -0.00087347     -0.00000032
ATVX     1  Mu1.0021  Se1.117                       0.28351414     -0.00010149      0.00038393     -0.00000004
ATVX     1  Mu1.0022  Se1.117                       0.28633937     -0.00006758      0.00015621     -0.00000001
ATVX     1  Mu1.0023  Se1.117                       0.29551806      0.00002312     -0.00005920     -0.00000000
ATVX     1  Mu1.0001  Se1.118                       0.13342295     -0.00350902      0.00751997     -0.00002639
ATVX     1  Mu1.0002  Se1.118                       0.14060704      0.00015990     -0.00046619     -0.00000007
ATVX     1  Mu1.0003  Se1.118                       0.14280950     -0.00139197      0.00357880     -0.00000498
ATVX     1  Mu1.0004  Se1.118                       0.19244838     -0.00032518      0.00060819     -0.00000020
ATVX     1  Mu1.0005  Se1.118                       0.20171513      0.00034636     -0.00088861     -0.00000031
ATVX     1  Mu1.0006  Se1.118                       0.20517908      0.00023779     -0.00054266     -0.00000013
ATVX     1  Mu1.0007  Se1.118                       0.20670176      0.00151494     -0.00392663     -0.00000595
ATVX     1  Mu1.0008  Se1.118                       0.21166572      0.00009632     -0.00013054     -0.00000001
ATVX     1  Mu1.0009  Se1.118                       0.22080680     -0.00021319      0.00048416     -0.00000010
ATVX     1  Mu1.0010  Se1.118                       0.22418591     -0.00004660      0.00013935     -0.00000001
ATVX     1  Mu1.0011  Se1.118                       0.22594310     -0.00004969      0.00012128     -0.00000001
ATVX     1  Mu1.0012  Se1.118                       0.25077599      0.00139334     -0.00347522     -0.00000484
ATVX     1  Mu1.0013  Se1.118                       0.26438874     -0.00003951      0.00008458     -0.00000000
ATVX     1  Mu1.0014  Se1.118                       0.26941719      0.00029364     -0.00066506     -0.00000020
ATVX     1  Mu1.0015  Se1.118                       0.27473628     -0.00014766      0.00034832     -0.00000005
ATVX     1  Mu1.0016  Se1.118                       0.28175789     -0.00000029     -0.00000369      0.00000000
ATVX     1  Mu1.0017  Se1.118                       0.28400227     -0.00014600      0.00029520     -0.00000004
ATVX     1  Mu1.0018  Se1.118                       0.28502110     -0.00008344      0.00020531     -0.00000002
ATVX     1  Mu1.0019  Se1.118                       0.28895714     -0.00004041      0.00010700     -0.00000000
ATVX     1  Mu1.0020  Se1.118                       0.29154869     -0.00071650      0.00170888     -0.00000122
ATVX     1  Mu1.0021  Se1.118                       0.29232207      0.00040138     -0.00112691     -0.00000045
ATVX     1  Mu1.0022  Se1.118                       0.29514730      0.00015126     -0.00034901     -0.00000005
ATVX     1  Mu1.0001  Se1.119                       0.13210349     -0.00051768      0.00111636     -0.00000058
ATVX     1  Mu1.0002  Se1.119                       0.13928758     -0.00031980      0.00037547     -0.00000012
ATVX     1  Mu1.0003  Se1.119                       0.14149004      0.00005316     -0.00010658     -0.00000001
ATVX     1  Mu1.0004  Se1.119                       0.19112892     -0.00039901      0.00065138     -0.00000026
ATVX     1  Mu1.0005  Se1.119                       0.20039567      0.00000026     -0.00002882     -0.00000000
ATVX     1  Mu1.0006  Se1.119                       0.20385962      0.00115812     -0.00255671     -0.00000296
ATVX     1  Mu1.0007  Se1.119                       0.20538230      0.00030781     -0.00078497     -0.00000024
ATVX     1  Mu1.0008  Se1.119                       0.21034626     -0.00007029      0.00075388     -0.00000005
ATVX     1  Mu1.0009  Se1.119                       0.21948734     -0.00011610      0.00026303     -0.00000003
ATVX     1  Mu1.0010  Se1.119                       0.22286645      0.00102875     -0.00218306     -0.00000225
ATVX     1  Mu1.0011  Se1.119                       0.22462364      0.00008242     -0.00067662     -0.00000006
ATVX     1  Mu1.0012  Se1.119                       0.24945653     -0.00012195      0.00029613     -0.00000004
ATVX     1  Mu1.0013  Se1.119                       0.26306928     -0.00006591      0.00016845     -0.00000001
ATVX     1  Mu1.0014  Se1.119                       0.26809773     -0.00030638      0.00080775     -0.00000025
ATVX     1  Mu1.0015  Se1.119                       0.27341682     -0.00003752      0.00007915     -0.00000000
ATVX     1  Mu1.0016  Se1.119                       0.28043843     -0.00007025      0.00016487     -0.00000001
ATVX     1  Mu1.0017  Se1.119                       0.28268281     -0.00001556      0.00005509     -0.00000000
ATVX     1  Mu1.0018  Se1.119                       0.28370164     -0.00008567      0.00034036     -0.00000003
ATVX     1  Mu1.0019  Se1.119                       0.28763768      0.00054111     -0.00121650     -0.00000066
ATVX     1  Mu1.0020  Se1.119                       0.29022923     -0.00025056      0.00040877     -0.00000010
ATVX     1  Mu1.0021  Se1.119                       0.29100261     -0.00007932      0.00008827     -0.00000001
ATVX     1  Mu1.0022  Se1.119                       0.29382784     -0.00001872      0.00003786     -0.00000000
ATVX     1  Mu1.0001  Se1.120                       0.13169354      0.00417516     -0.00878858     -0.00003669
ATVX     1  Mu1.0002  Se1.120                       0.13887763     -0.00006822      0.00023032     -0.00000002
ATVX     1  Mu1.0003  Se1.120                       0.14108009      0.00001422     -0.00063638     -0.00000001
ATVX     1  Mu1.0004  Se1.120                       0.19071897      0.00014909     -0.00022664     -0.00000003
ATVX     1  Mu1.0005  Se1.120                       0.19998572     -0.00022807      0.00060878     -0.00000014
ATVX     1  Mu1.0006  Se1.120                       0.20344967      0.00006905     -0.00019389     -0.00000001
ATVX     1  Mu1.0007  Se1.120                       0.20497235     -0.00173822      0.00454181     -0.00000789
ATVX     1  Mu1.0008  Se1.120                       0.20993631     -0.00016261      0.00027632     -0.00000004
ATVX     1  Mu1.0009  Se1.120                       0.21907739      0.00043881     -0.00103862     -0.00000046
ATVX     1  Mu1.0010  Se1.120                       0.22245650      0.00007218     -0.00022392     -0.00000002
ATVX     1  Mu1.0011  Se1.120                       0.22421368      0.00011357     -0.00033167     -0.00000004
ATVX     1  Mu1.0012  Se1.120                       0.24904657      0.00077038     -0.00188741     -0.00000145
ATVX     1  Mu1.0013  Se1.120                       0.26265932     -0.00007204      0.00020762     -0.00000001
ATVX     1  Mu1.0014  Se1.120                       0.26768777     -0.00024242      0.00053600     -0.00000013
ATVX     1  Mu1.0015  Se1.120                       0.27300686      0.00017802     -0.00041043     -0.00000007
ATVX     1  Mu1.0016  Se1.120                       0.28002847      0.00002566     -0.00006079     -0.00000000
ATVX     1  Mu1.0017  Se1.120                       0.28227286      0.00033527     -0.00073073     -0.00000024
ATVX     1  Mu1.0018  Se1.120                       0.28329169      0.00009285     -0.00021400     -0.00000002
ATVX     1  Mu1.0019  Se1.120                       0.28722773      0.00012033     -0.00031944     -0.00000004
ATVX     1  Mu1.0020  Se1.120                       0.28981928      0.00020681     -0.00047785     -0.00000010
ATVX     1  Mu1.0021  Se1.120                       0.29059266      0.00003031      0.00005680      0.00000000
ATVX     1  Mu1.0022  Se1.120                       0.29341789     -0.00019705      0.00045823     -0.00000009
ATVX     1  Mu1.0001  Se1.121                       0.14205337      0.00184729     -0.00305601     -0.00000565
ATVX     1  Mu1.0002  Se1.121                       0.14923746     -0.00002437      0.00007397     -0.00000000
ATVX     1  Mu1.0003  Se1.121                       0.15143992      0.00038591     -0.00138654     -0.00000054
ATVX     1  Mu1.0004  Se1.121                       0.20107880      0.00021255     -0.00048748     -0.00000010
ATVX     1  Mu1.0005  Se1.121                       0.21034555     -0.00015741      0.00038340     -0.00000006
ATVX     1  Mu1.0006  Se1.121                       0.21380950     -0.00001139      0.00001117     -0.00000000
ATVX     1  Mu1.0007  Se1.121                       0.21533218     -0.00134554      0.00356926     -0.00000480
ATVX     1  Mu1.0008  Se1.121                       0.22029614     -0.00012277      0.00017097     -0.00000002
ATVX     1  Mu1.0009  Se1.121                       0.22943722      0.00024838     -0.00054659     -0.00000014
ATVX     1  Mu1.0010  Se1.121                       0.23281633      0.00005410     -0.00014787     -0.00000001
ATVX     1  Mu1.0011  Se1.121                       0.23457351      0.00007102     -0.00019897     -0.00000001
ATVX     1  Mu1.0012  Se1.121                       0.25940641      0.00009538     -0.00021878     -0.00000002
ATVX     1  Mu1.0013  Se1.121                       0.27301916     -0.00008117      0.00023909     -0.00000002
ATVX     1  Mu1.0014  Se1.121                       0.27804761     -0.00019174      0.00043658     -0.00000008
ATVX     1  Mu1.0015  Se1.121                       0.28336670      0.00011033     -0.00026237     -0.00000003
ATVX     1  Mu1.0016  Se1.121                       0.29038830      0.00000934     -0.00002252     -0.00000000
ATVX     1  Mu1.0017  Se1.121                       0.29263269      0.00015835     -0.00030115     -0.00000005
ATVX     1  Mu1.0018  Se1.121                       0.29365152      0.00009361     -0.00023118     -0.00000002
ATVX     1  Mu1.0019  Se1.121                       0.29758756      0.00009345     -0.00023720     -0.00000002
ATVX     1  Mu1.0001  Se1.122                       0.14163861     -0.00000287     -0.00000113      0.00000000
ATVX     1  Mu1.0002  Se1.122                       0.14882271     -0.00053912      0.00063697     -0.00000034
ATVX     1  Mu1.0003  Se1.122                       0.15102517      0.00002274     -0.00015332     -0.00000000
ATVX     1  Mu1.0004  Se1.122                       0.20066405     -0.00074340      0.00123218     -0.00000092
ATVX     1  Mu1.0005  Se1.122                       0.20993079     -0.00003225      0.00004734     -0.00000000
ATVX     1  Mu1.0006  Se1.122                       0.21339475      0.00125631     -0.00264906     -0.00000333
ATVX     1  Mu1.0007  Se1.122                       0.21491742      0.00014375     -0.00035487     -0.00000005
ATVX     1  Mu1.0008  Se1.122                       0.21988139     -0.00077399      0.00244093     -0.00000189
ATVX     1  Mu1.0009  Se1.122                       0.22902247     -0.00004868      0.00009835     -0.00000000
ATVX     1  Mu1.0010  Se1.122                       0.23240158      0.00113989     -0.00224399     -0.00000256
ATVX     1  Mu1.0011  Se1.122                       0.23415876     -0.00016036      0.00001239     -0.00000000
ATVX     1  Mu1.0012  Se1.122                       0.25899165     -0.00006254      0.00013759     -0.00000001
ATVX     1  Mu1.0013  Se1.122                       0.27260440     -0.00007167      0.00018067     -0.00000001
ATVX     1  Mu1.0014  Se1.122                       0.27763285     -0.00059034      0.00150230     -0.00000089
ATVX     1  Mu1.0015  Se1.122                       0.28295194      0.00000213     -0.00001869     -0.00000000
ATVX     1  Mu1.0016  Se1.122                       0.28997355     -0.00008246      0.00018847     -0.00000002
ATVX     1  Mu1.0017  Se1.122                       0.29221794      0.00003805     -0.00005959     -0.00000000
ATVX     1  Mu1.0018  Se1.122                       0.29323677     -0.00011189      0.00043423     -0.00000005
ATVX     1  Mu1.0019  Se1.122                       0.29717280      0.00094563     -0.00215367     -0.00000204
ATVX     1  Mu1.0020  Se1.122                       0.29976435     -0.00062241      0.00115334     -0.00000072
ATVX     1  Mu1.0001  Se1.123                       0.15795969      0.00010748     -0.00029992     -0.00000003
ATVX     1  Mu1.0002  Se1.123                       0.16514378     -0.00053873      0.00103901     -0.00000056
ATVX     1  Mu1.0003  Se1.123                       0.16734625     -0.00002463      0.00003136     -0.00000000
ATVX     1  Mu1.0004  Se1.123                       0.21698513     -0.00028485      0.00047375     -0.00000013
ATVX     1  Mu1.0005  Se1.123                       0.22625187     -0.00003522      0.00007113     -0.00000000
ATVX     1  Mu1.0006  Se1.123                       0.22971583      0.00053567     -0.00120636     -0.00000065
ATVX     1  Mu1.0007  Se1.123                       0.23123850      0.00004389     -0.00010049     -0.00000000
ATVX     1  Mu1.0008  Se1.123                       0.23620247     -0.00025517      0.00023686     -0.00000006
ATVX     1  Mu1.0009  Se1.123                       0.24534355      0.00004649     -0.00010043     -0.00000000
ATVX     1  Mu1.0010  Se1.123                       0.24872266     -0.00078685      0.00176888     -0.00000139
ATVX     1  Mu1.0011  Se1.123                       0.25047984      0.00001222      0.00002235      0.00000000
ATVX     1  Mu1.0012  Se1.123                       0.27531273     -0.00004467      0.00010168     -0.00000000
ATVX     1  Mu1.0013  Se1.123                       0.28892548      0.00005862     -0.00011610     -0.00000001
ATVX     1  Mu1.0014  Se1.123                       0.29395393     -0.00026948      0.00069814     -0.00000019
ATVX     1  Mu1.0015  Se1.123                       0.29927302      0.00003687     -0.00008799     -0.00000000
ATVX     1  Mu1.0001  Se1.124                       0.15990081     -0.01207103      0.03230571     -0.00038996
ATVX     1  Mu1.0002  Se1.124                       0.16708490      0.00015030     -0.00059967     -0.00000009
ATVX     1  Mu1.0003  Se1.124                       0.16928736      0.00242595     -0.00581302     -0.00001410
ATVX     1  Mu1.0004  Se1.124                       0.21892624      0.00028244     -0.00092322     -0.00000026
ATVX     1  Mu1.0005  Se1.124                       0.22819299      0.00067367     -0.00182821     -0.00000123
ATVX     1  Mu1.0006  Se1.124                       0.23165694     -0.00034352      0.00070460     -0.00000024
ATVX     1  Mu1.0007  Se1.124                       0.23317962     -0.00156838      0.00404829     -0.00000635
ATVX     1  Mu1.0008  Se1.124                       0.23814358      0.00027707     -0.00072492     -0.00000020
ATVX     1  Mu1.0009  Se1.124                       0.24728466     -0.00099130      0.00252406     -0.00000250
ATVX     1  Mu1.0010  Se1.124                       0.25066377     -0.00007392      0.00012012     -0.00000001
ATVX     1  Mu1.0011  Se1.124                       0.25242095      0.00010268     -0.00028093     -0.00000003
ATVX     1  Mu1.0012  Se1.124                       0.27725385      0.00046040     -0.00109426     -0.00000050
ATVX     1  Mu1.0013  Se1.124                       0.29086660      0.00040051     -0.00097228     -0.00000039
ATVX     1  Mu1.0014  Se1.124                       0.29589504     -0.00013763      0.00031517     -0.00000004
ATVX     1  Mu1.0001  Se1.125                       0.16353169      0.00104019     -0.00327412     -0.00000341
ATVX     1  Mu1.0002  Se1.125                       0.17071578     -0.00071504      0.00198020     -0.00000142
ATVX     1  Mu1.0003  Se1.125                       0.17291824      0.00315985     -0.00895278     -0.00002829
ATVX     1  Mu1.0004  Se1.125                       0.22255712      0.00011453     -0.00042612     -0.00000005
ATVX     1  Mu1.0005  Se1.125                       0.23182387     -0.00015501      0.00055846     -0.00000009
ATVX     1  Mu1.0006  Se1.125                       0.23528782      0.00012569     -0.00013274     -0.00000002
ATVX     1  Mu1.0007  Se1.125                       0.23681050      0.00042653     -0.00108209     -0.00000046
ATVX     1  Mu1.0008  Se1.125                       0.24177446     -0.00011016      0.00020629     -0.00000002
ATVX     1  Mu1.0009  Se1.125                       0.25091554      0.00012548     -0.00028455     -0.00000004
ATVX     1  Mu1.0010  Se1.125                       0.25429465     -0.00003534      0.00003770     -0.00000000
ATVX     1  Mu1.0011  Se1.125                       0.25605183     -0.00000451      0.00001586     -0.00000000
ATVX     1  Mu1.0012  Se1.125                       0.28088472      0.00325003     -0.00772690     -0.00002511
ATVX     1  Mu1.0013  Se1.125                       0.29449747     -0.00065463      0.00151587     -0.00000099
ATVX     1  Mu1.0014  Se1.125                       0.29952592      0.00023392     -0.00053242     -0.00000012
ATVX     1  Mu1.0001  Se1.126                       0.17062776     -0.00007812      0.00019925     -0.00000002
ATVX     1  Mu1.0002  Se1.126                       0.17781185     -0.00007945      0.00012030     -0.00000001
ATVX     1  Mu1.0003  Se1.126                       0.18001431     -0.00003641      0.00006143     -0.00000000
ATVX     1  Mu1.0004  Se1.126                       0.22965319     -0.00025534      0.00065378     -0.00000017
ATVX     1  Mu1.0005  Se1.126                       0.23891994      0.00000820     -0.00001865     -0.00000000
ATVX     1  Mu1.0006  Se1.126                       0.24238389     -0.00040144      0.00094635     -0.00000038
ATVX     1  Mu1.0007  Se1.126                       0.24390657      0.00000745     -0.00001963     -0.00000000
ATVX     1  Mu1.0008  Se1.126                       0.24887053     -0.00062690      0.00140124     -0.00000088
ATVX     1  Mu1.0009  Se1.126                       0.25801161      0.00002751     -0.00006447     -0.00000000
ATVX     1  Mu1.0010  Se1.126                       0.26139072     -0.00025120      0.00065042     -0.00000016
ATVX     1  Mu1.0011  Se1.126                       0.26314791     -0.00044991      0.00108828     -0.00000049
ATVX     1  Mu1.0012  Se1.126                       0.28798080      0.00000559     -0.00001651     -0.00000000
ATVX     1  Mu1.0001  Se1.127                       0.17608009     -0.00018321      0.00078669     -0.00000014
ATVX     1  Mu1.0002  Se1.127                       0.18326418      0.00065534     -0.00183679     -0.00000120
ATVX     1  Mu1.0003  Se1.127                       0.18546664     -0.00318042      0.00896859     -0.00002852
ATVX     1  Mu1.0004  Se1.127                       0.23510552     -0.00016894      0.00054741     -0.00000009
ATVX     1  Mu1.0005  Se1.127                       0.24437227      0.00019352     -0.00061806     -0.00000012
ATVX     1  Mu1.0006  Se1.127                       0.24783622     -0.00002291     -0.00007641      0.00000000
ATVX     1  Mu1.0007  Se1.127                       0.24935890     -0.00014534      0.00035574     -0.00000005
ATVX     1  Mu1.0008  Se1.127                       0.25432286      0.00007494     -0.00014993     -0.00000001
ATVX     1  Mu1.0009  Se1.127                       0.26346394      0.00003362     -0.00011653     -0.00000000
ATVX     1  Mu1.0010  Se1.127                       0.26684305      0.00001429      0.00000883      0.00000000
ATVX     1  Mu1.0011  Se1.127                       0.26860024     -0.00000519      0.00000799     -0.00000000
ATVX     1  Mu1.0012  Se1.127                       0.29343313     -0.00264206      0.00619021     -0.00001635
ATVX     1  Mu1.0001  Se1.128                       0.18666819      0.00013936     -0.00024611     -0.00000003
ATVX     1  Mu1.0002  Se1.128                       0.19385229      0.00082498     -0.00159412     -0.00000132
ATVX     1  Mu1.0003  Se1.128                       0.19605475     -0.00014601      0.00043061     -0.00000006
ATVX     1  Mu1.0004  Se1.128                       0.24569363      0.00124770     -0.00208747     -0.00000260
ATVX     1  Mu1.0005  Se1.128                       0.25496038      0.00007737     -0.00014039     -0.00000001
ATVX     1  Mu1.0006  Se1.128                       0.25842433     -0.00118473      0.00250714     -0.00000297
ATVX     1  Mu1.0007  Se1.128                       0.25994701     -0.00010060      0.00021426     -0.00000002
ATVX     1  Mu1.0008  Se1.128                       0.26491097      0.00004331      0.00070961      0.00000003
ATVX     1  Mu1.0009  Se1.128                       0.27405205     -0.00005728      0.00010540     -0.00000001
ATVX     1  Mu1.0010  Se1.128                       0.27743116      0.00160624     -0.00337527     -0.00000542
ATVX     1  Mu1.0011  Se1.128                       0.27918834     -0.00002605     -0.00016355      0.00000000
ATVX     1  Mu1.0001  Se1.129                       0.19551152     -0.00315836      0.00705195     -0.00002227
ATVX     1  Mu1.0002  Se1.129                       0.20269561      0.00011030     -0.00036851     -0.00000004
ATVX     1  Mu1.0003  Se1.129                       0.20489807      0.00028481     -0.00029889     -0.00000009
ATVX     1  Mu1.0004  Se1.129                       0.25453695     -0.00082887      0.00201300     -0.00000167
ATVX     1  Mu1.0005  Se1.129                       0.26380370      0.00037287     -0.00092166     -0.00000034
ATVX     1  Mu1.0006  Se1.129                       0.26726765     -0.00020552      0.00039050     -0.00000008
ATVX     1  Mu1.0007  Se1.129                       0.26879033      0.00073498     -0.00190989     -0.00000140
ATVX     1  Mu1.0008  Se1.129                       0.27375429     -0.00006334      0.00036546     -0.00000002
ATVX     1  Mu1.0009  Se1.129                       0.28289537     -0.00056426      0.00130907     -0.00000074
ATVX     1  Mu1.0010  Se1.129                       0.28627448      0.00001909     -0.00002731     -0.00000000
ATVX     1  Mu1.0011  Se1.129                       0.28803166     -0.00041094      0.00070946     -0.00000029
ATVX     1  Mu1.0001  Se1.130                       0.19955730     -0.00003549      0.00004029     -0.00000000
ATVX     1  Mu1.0002  Se1.130                       0.20674139     -0.00395070      0.00827774     -0.00003270
ATVX     1  Mu1.0003  Se1.130                       0.20894385     -0.00063826      0.00129244     -0.00000082
ATVX     1  Mu1.0004  Se1.130                       0.25858273      0.00163443     -0.00395154     -0.00000646
ATVX     1  Mu1.0005  Se1.130                       0.26784948      0.00001649     -0.00004254     -0.00000000
ATVX     1  Mu1.0006  Se1.130                       0.27131343     -0.00001216     -0.00001046      0.00000000
ATVX     1  Mu1.0007  Se1.130                       0.27283611      0.00006170     -0.00009853     -0.00000001
ATVX     1  Mu1.0008  Se1.130                       0.27780007     -0.00048264      0.00145145     -0.00000070
ATVX     1  Mu1.0009  Se1.130                       0.28694115     -0.00001923      0.00002534     -0.00000000
ATVX     1  Mu1.0010  Se1.130                       0.29032026      0.00096348     -0.00197807     -0.00000191
ATVX     1  Mu1.0011  Se1.130                       0.29207744     -0.00160522      0.00284355     -0.00000456
ATVX     1  Mu1.0001  Se1.131                       0.20057381      0.00097984     -0.00200793     -0.00000197
ATVX     1  Mu1.0002  Se1.131                       0.20775790      0.00000587      0.00000022      0.00000000
ATVX     1  Mu1.0003  Se1.131                       0.20996036     -0.00020310      0.00034874     -0.00000007
ATVX     1  Mu1.0004  Se1.131                       0.25959925      0.00019006     -0.00041372     -0.00000008
ATVX     1  Mu1.0005  Se1.131                       0.26886599     -0.00006962      0.00016271     -0.00000001
ATVX     1  Mu1.0006  Se1.131                       0.27232995      0.00002906     -0.00006263     -0.00000000
ATVX     1  Mu1.0007  Se1.131                       0.27385262     -0.00029148      0.00076589     -0.00000022
ATVX     1  Mu1.0008  Se1.131                       0.27881659     -0.00004901      0.00004125     -0.00000000
ATVX     1  Mu1.0009  Se1.131                       0.28795767      0.00013444     -0.00029749     -0.00000004
ATVX     1  Mu1.0010  Se1.131                       0.29133678      0.00001460     -0.00003222     -0.00000000
ATVX     1  Mu1.0011  Se1.131                       0.29309396      0.00002113     -0.00005515     -0.00000000
ATVX     1  Mu1.0001  Se1.132                       0.19722261      0.00043522     -0.00092878     -0.00000040
ATVX     1  Mu1.0002  Se1.132                       0.20440670      0.00202357     -0.00459602     -0.00000930
ATVX     1  Mu1.0003  Se1.132                       0.20660916      0.00033064     -0.00081799     -0.00000027
ATVX     1  Mu1.0004  Se1.132                       0.25624804     -0.00050132      0.00087981     -0.00000044
ATVX     1  Mu1.0005  Se1.132                       0.26551479     -0.00009241      0.00019450     -0.00000002
ATVX     1  Mu1.0006  Se1.132                       0.26897874      0.00108391     -0.00252193     -0.00000273
ATVX     1  Mu1.0007  Se1.132                       0.27050142      0.00004002     -0.00004118     -0.00000000
ATVX     1  Mu1.0008  Se1.132                       0.27546538      0.00067583     -0.00138922     -0.00000094
ATVX     1  Mu1.0009  Se1.132                       0.28460646      0.00002983     -0.00007663     -0.00000000
ATVX     1  Mu1.0010  Se1.132                       0.28798557      0.00058218     -0.00118000     -0.00000069
ATVX     1  Mu1.0011  Se1.132                       0.28974276     -0.00393397      0.00723057     -0.00002844
ATVX     1  Mu1.0001  Se1.133                       0.20863601     -0.00000758     -0.00001690      0.00000000
ATVX     1  Mu1.0002  Se1.133                       0.21582010     -0.00337287      0.00670250     -0.00002261
ATVX     1  Mu1.0003  Se1.133                       0.21802256     -0.00060402      0.00121647     -0.00000073
ATVX     1  Mu1.0004  Se1.133                       0.26766144      0.00268560     -0.00588999     -0.00001582
ATVX     1  Mu1.0005  Se1.133                       0.27692819      0.00007354     -0.00014887     -0.00000001
ATVX     1  Mu1.0006  Se1.133                       0.28039214     -0.00086588      0.00179854     -0.00000156
ATVX     1  Mu1.0007  Se1.133                       0.28191482      0.00002599     -0.00003482     -0.00000000
ATVX     1  Mu1.0008  Se1.133                       0.28687878     -0.00117717      0.00301584     -0.00000355
ATVX     1  Mu1.0009  Se1.133                       0.29601986      0.00001256     -0.00004570     -0.00000000
ATVX     1  Mu1.0010  Se1.133                       0.29939897      0.00050452     -0.00089061     -0.00000045
ATVX     1  Mu1.0001  Se1.134                       0.20654063      0.00000660     -0.00003681     -0.00000000
ATVX     1  Mu1.0002  Se1.134                       0.21372472     -0.00115836      0.00317514     -0.00000368
ATVX     1  Mu1.0003  Se1.134                       0.21592718     -0.00018764      0.00048977     -0.00000009
ATVX     1  Mu1.0004  Se1.134                       0.26556606      0.00094542     -0.00226064     -0.00000214
ATVX     1  Mu1.0005  Se1.134                       0.27483281      0.00002064     -0.00004612     -0.00000000
ATVX     1  Mu1.0006  Se1.134                       0.27829676      0.00019782     -0.00041067     -0.00000008
ATVX     1  Mu1.0007  Se1.134                       0.27981944     -0.00004345      0.00009263     -0.00000000
ATVX     1  Mu1.0008  Se1.134                       0.28478340     -0.00041183      0.00109103     -0.00000045
ATVX     1  Mu1.0009  Se1.134                       0.29392448     -0.00003556      0.00007557     -0.00000000
ATVX     1  Mu1.0010  Se1.134                       0.29730360      0.00067300     -0.00147170     -0.00000099
ATVX     1  Mu1.0011  Se1.134                       0.29906078      0.00169755     -0.00386156     -0.00000656
ATVX     1  Mu1.0001  Se1.135                       0.22551403      0.00000455      0.00009075      0.00000000
ATVX     1  Mu1.0002  Se1.135                       0.23269812      0.00012159     -0.00037660     -0.00000005
ATVX     1  Mu1.0003  Se1.135                       0.23490059     -0.00121415      0.00340737     -0.00000414
ATVX     1  Mu1.0004  Se1.135                       0.28453947     -0.00007490      0.00015103     -0.00000001
ATVX     1  Mu1.0005  Se1.135                       0.29380621      0.00000445     -0.00005056     -0.00000000
ATVX     1  Mu1.0006  Se1.135                       0.29727017      0.00007107     -0.00020661     -0.00000001
ATVX     1  Mu1.0007  Se1.135                       0.29879284      0.00001967     -0.00004577     -0.00000000
ATVX     1  Mu1.0001  Se1.136                       0.21997568     -0.00055473      0.00126258     -0.00000070
ATVX     1  Mu1.0002  Se1.136                       0.22715977     -0.00890214      0.01868114     -0.00016630
ATVX     1  Mu1.0003  Se1.136                       0.22936224     -0.00130547      0.00272013     -0.00000355
ATVX     1  Mu1.0004  Se1.136                       0.27900112     -0.00238835      0.00530201     -0.00001266
ATVX     1  Mu1.0005  Se1.136                       0.28826786     -0.00008674      0.00016851     -0.00000001
ATVX     1  Mu1.0006  Se1.136                       0.29173182      0.00061074     -0.00117799     -0.00000072
ATVX     1  Mu1.0007  Se1.136                       0.29325449      0.00003294     -0.00007311     -0.00000000
ATVX     1  Mu1.0008  Se1.136                       0.29821846      0.00115574     -0.00330190     -0.00000382
ATVX     1  Mu1.0001  Se1.137                       0.23417808     -0.00148127      0.00220835     -0.00000327
ATVX     1  Mu1.0002  Se1.137                       0.24136217     -0.00009941      0.00023554     -0.00000002
ATVX     1  Mu1.0003  Se1.137                       0.24356463      0.00038303     -0.00070710     -0.00000027
ATVX     1  Mu1.0004  Se1.137                       0.29320352     -0.00000542     -0.00006885      0.00000000
ATVX     1  Mu1.0001  Se1.138                       0.24679721     -0.00012900      0.00029577     -0.00000004
ATVX     1  Mu1.0002  Se1.138                       0.25398130     -0.00019997      0.00034570     -0.00000007
ATVX     1  Mu1.0003  Se1.138                       0.25618377     -0.00009776      0.00022235     -0.00000002
ATVX     1  Mu1.0001  Se1.139                       0.25573755      0.00046526     -0.00111316     -0.00000052
ATVX     1  Mu1.0002  Se1.139                       0.26292164     -0.00156733      0.00342055     -0.00000536
ATVX     1  Mu1.0003  Se1.139                       0.26512410     -0.00013312      0.00026971     -0.00000004
ATVX     1  Mu1.0001  Se1.140                       0.26106313      0.00002301     -0.00040002     -0.00000001
ATVX     1  Mu1.0002  Se1.140                       0.26824722     -0.00085500      0.00240034     -0.00000205
ATVX     1  Mu1.0003  Se1.140                       0.27044968      0.00535561     -0.01490672     -0.00007983
ATVX     1  Mu1.0001  Se1.141                       0.25275969     -0.00032053      0.00083491     -0.00000027
ATVX     1  Mu1.0002  Se1.141                       0.25994378     -0.00337088      0.00883028     -0.00002977
ATVX     1  Mu1.0003  Se1.141                       0.26214624     -0.00065505      0.00172029     -0.00000113
ATVX     1  Mu1.0001  Se1.142                       0.26899305      0.00246154     -0.00627699     -0.00001545
ATVX     1  Mu1.0002  Se1.142                       0.27617714     -0.00012086      0.00040372     -0.00000005
ATVX     1  Mu1.0003  Se1.142                       0.27837961     -0.00031510      0.00049934     -0.00000016
ATVX     1  Mu1.0001  Se1.143                       0.27668656     -0.00006748      0.00020698     -0.00000001
ATVX     1  Mu1.0002  Se1.143                       0.28387065     -0.00193306      0.00570648     -0.00001103
ATVX     1  Mu1.0003  Se1.143                       0.28607311     -0.00027573      0.00083152     -0.00000023
ATVX     1  Mu1.0001  Se1.144                       0.28492875      0.00052334     -0.00106268     -0.00000056
ATVX     1  Mu1.0002  Se1.144                       0.29211284      0.00003307     -0.00009674     -0.00000000
ATVX     1  Mu1.0003  Se1.144                       0.29431530     -0.00037510      0.00090355     -0.00000034
ATVX     1  Mu1.0001  Se1.145                       0.27768572      0.00022892     -0.00057181     -0.00000013
ATVX     1  Mu1.0002  Se1.145                       0.28486981      0.00112998     -0.00259840     -0.00000294
ATVX     1  Mu1.0003  Se1.145                       0.28707228      0.00031357     -0.00073135     -0.00000023
ATVX     1  Mu1.0001  Se1.146                       0.28712734     -0.00003985      0.00007261     -0.00000000
ATVX     1  Mu1.0002  Se1.146                       0.29431143     -0.00094183      0.00198230     -0.00000187
ATVX     1  Mu1.0003  Se1.146                       0.29651389     -0.00016518      0.00035219     -0.00000006
ATVX     1  Mu1.0001  Se1.147                       0.29094582     -0.00006888      0.00036154     -0.00000002
ATVX     1  Mu1.0002  Se1.147                       0.29812991      0.00409171     -0.00998767     -0.00004087
ATVX     1  Mu1.0001  Se1.148                       0.29521452     -0.00015187      0.00035220     -0.00000005
ATVX     1  Mu1.0001  Se1.149                       0.29123490      0.00020078     -0.00076998     -0.00000015
ATVX     1  Mu1.0002  Se1.149                       0.29841899      0.00347136     -0.00829765     -0.00002880
AIVX     1  Mu1.0008  In1.098 Se1.114               0.45066690     -0.01610022      0.03425059     -0.00055144
BVATM    1  Mu1.0001  Se1.114 Se1.113               0.25879011      0.00819615     -0.01960023     -0.00016065
BVATM    1  Mu1.0001  Se1.115 Se1.113               0.25963095     -0.00012836      0.00030587     -0.00000004
BVATM    1  Mu1.0001  Se1.115 Se1.114               0.28562948     -0.00144865      0.00367966     -0.00000533
BVATM    1  Mu1.0001  Se1.116 Se1.113               0.26442208     -0.00007035      0.00016691     -0.00000001
BVATM    1  Mu1.0001  Se1.116 Se1.114               0.29042061     -0.00055429      0.00142773     -0.00000079
BVATM    1  Mu1.0001  Se1.116 Se1.115               0.29126145     -0.00000412      0.00001226     -0.00000000
BVATM    1  Mu1.0001  Se1.117 Se1.113               0.27088020     -0.00021505      0.00054533     -0.00000012
BVATM    1  Mu1.0001  Se1.117 Se1.114               0.29687873      0.00011969     -0.00022825     -0.00000003
BVATM    1  Mu1.0001  Se1.117 Se1.115               0.29771957     -0.00015747      0.00040060     -0.00000006
BVATM    1  Mu1.0001  Se1.118 Se1.113               0.27968813      0.00185160     -0.00441996     -0.00000818
BVATM    1  Mu1.0001  Se1.119 Se1.113               0.27836867     -0.00011659      0.00026513     -0.00000003
BVATM    1  Mu1.0001  Se1.120 Se1.113               0.27795872      0.00059322     -0.00137974     -0.00000082
BVATM    1  Mu1.0001  Se1.121 Se1.113               0.28831855     -0.00005364      0.00014254     -0.00000001
BVATM    1  Mu1.0001  Se1.122 Se1.113               0.28790380     -0.00007176      0.00015454     -0.00000001
--

   (Skipping property calculation,
    use PROP keyword to activate)
--

  Total CASPT2 energies:
::    CASPT2 Root  1     Total energy:  -3934.71924828
::    CASPT2 Root  2     Total energy:  -3934.72855230
::    CASPT2 Root  3     Total energy:  -3934.75774385
::    CASPT2 Root  4     Total energy:  -3934.71682539
::    CASPT2 Root  5     Total energy:  -3934.71312272

++ Multi-State CASPT2 section:
********************************************************************************
  MULTI-STATE CASPT2 SECTION
--------------------------------------------------------------------------------

  Output diagonal energies have been shifted. Add   -3934.0000000000000     

  Effective Hamiltonian matrix (Symmetric):

                1               2               3               4               5
   1        -0.71924828
   2         0.00017192     -0.72855230
   3         0.00137764     -0.00485306     -0.75774385
   4        -0.01510450      0.00035188      0.00051698     -0.71682539
   5         0.00006574      0.00419524     -0.00118459     -0.00005856     -0.71312272

       Total MS-CASPT2 energies:
::    MS-CASPT2 Root  1     Total energy:  -3934.75861751
::    MS-CASPT2 Root  2     Total energy:  -3934.73311722
::    MS-CASPT2 Root  3     Total energy:  -3934.72894830
::    MS-CASPT2 Root  4     Total energy:  -3934.71193291
::    MS-CASPT2 Root  5     Total energy:  -3934.70287658

       Eigenvectors:
           -0.04688928      0.73245497      0.03117047     -0.00031973     -0.67848318
            0.15819404     -0.02401031      0.95256093      0.25880450      0.00678712
            0.98576113      0.05954182     -0.14791118     -0.05233854     -0.01061729
           -0.03045726      0.67773277      0.01622170      0.00252500      0.73449379
            0.01110814      0.00814221     -0.26365740      0.96450735     -0.00454507

--

  THE ORIGINAL CI ARRAYS ARE NOW MIXED AS LINEAR
  COMBINATIONS, GIVEN BY THE EIGENVECTORS.
  A NEW JOBIPH FILE NAMED 'JOBMIX' IS PREPARED.
********************************************************************************

++ Mixed CI coefficients:
  The CI coefficients for the MIXED state nr.   1
--------------------------------------------------------------------------------
 CI COEFFICIENTS LARGER THAN  5.00E-02
  Occupation of active orbitals, and spin coupling
  of open shells. (u,d: Spin up or down).
  SGUGA info is (Midvert:IsyUp:UpperWalk/LowerWalk)
        Conf  SGUGA info        Occupation       Coefficient         Weight
           1  ( 1:1:   1/   1)   2222uuuu0000      -0.058215       0.003389
          16  ( 1:1:   1/   2)   222u2uuu0000      -0.668898       0.447424
          19  ( 1:1:   4/   2)   222u2uu00u00      -0.176024       0.030984
          31  ( 1:1:   1/   3)   22u22uuu0000       0.107700       0.011599
          46  ( 1:1:   1/   4)   2u222uuu0000       0.629917       0.396795
          49  ( 1:1:   4/   4)   2u222uu00u00       0.172911       0.029898
          61  ( 1:1:   1/   5)   u2222uuu0000      -0.163205       0.026636
         136  ( 1:1:   1/  10)   22uu22uu0000      -0.053704       0.002884
         181  ( 1:1:   1/  13)   2uu222uu0000      -0.054771       0.003000
         256  ( 2:1:  11/   2)   222u20uu000u       0.051792       0.002682

  The CI coefficients for the MIXED state nr.   2
--------------------------------------------------------------------------------
 CI COEFFICIENTS LARGER THAN  5.00E-02
  Occupation of active orbitals, and spin coupling
  of open shells. (u,d: Spin up or down).
  SGUGA info is (Midvert:IsyUp:UpperWalk/LowerWalk)
        Conf  SGUGA info        Occupation       Coefficient         Weight
           1  ( 1:1:   1/   1)   2222uuuu0000       0.876190       0.767708
           4  ( 1:1:   4/   1)   2222uuu00u00      -0.388250       0.150738
           5  ( 1:1:   5/   1)   2222uu0u0u00      -0.072680       0.005282
          12  ( 1:1:  12/   1)   2222uu0u000u       0.071704       0.005141
          31  ( 1:1:   1/   3)   22u22uuu0000       0.119210       0.014211
          91  ( 1:1:   1/   7)   22u2u2uu0000       0.060928       0.003712
         226  ( 2:1:   1/   1)   2222u0uuu000      -0.060114       0.003614
         227  ( 2:1:   2/   1)   2222u0uu0u00      -0.072483       0.005254
         236  ( 2:1:  11/   1)   2222u0uu000u      -0.063688       0.004056

  The CI coefficients for the MIXED state nr.   3
--------------------------------------------------------------------------------
 CI COEFFICIENTS LARGER THAN  5.00E-02
  Occupation of active orbitals, and spin coupling
  of open shells. (u,d: Spin up or down).
  SGUGA info is (Midvert:IsyUp:UpperWalk/LowerWalk)
        Conf  SGUGA info        Occupation       Coefficient         Weight
           2  ( 1:1:   2/   1)   2222uuu0u000       0.927771       0.860759
           3  ( 1:1:   3/   1)   2222uu0uu000      -0.168274       0.028316
           6  ( 1:1:   6/   1)   2222uu00uu00       0.073176       0.005355
           7  ( 1:1:   7/   1)   2222uuu000u0      -0.115424       0.013323
           8  ( 1:1:   8/   1)   2222uu0u00u0       0.152536       0.023267
          10  ( 1:1:  10/   1)   2222uu000uu0       0.084121       0.007076
          32  ( 1:1:   2/   3)   22u22uu0u000       0.111817       0.012503
          92  ( 1:1:   2/   7)   22u2u2u0u000       0.062923       0.003959
         226  ( 2:1:   1/   1)   2222u0uuu000       0.059139       0.003497
         237  ( 2:1:  12/   1)   2222u0u0u00u      -0.070714       0.005000
         337  ( 2:1:  12/   6)   22220uu0u00u       0.051889       0.002692

  The CI coefficients for the MIXED state nr.   4
--------------------------------------------------------------------------------
 CI COEFFICIENTS LARGER THAN  5.00E-02
  Occupation of active orbitals, and spin coupling
  of open shells. (u,d: Spin up or down).
  SGUGA info is (Midvert:IsyUp:UpperWalk/LowerWalk)
        Conf  SGUGA info        Occupation       Coefficient         Weight
           2  ( 1:1:   2/   1)   2222uuu0u000       0.208626       0.043525
           3  ( 1:1:   3/   1)   2222uu0uu000       0.748978       0.560968
           6  ( 1:1:   6/   1)   2222uu00uu00      -0.386801       0.149615
           7  ( 1:1:   7/   1)   2222uuu000u0       0.423064       0.178983
          33  ( 1:1:   3/   3)   22u22u0uu000       0.091314       0.008338
          37  ( 1:1:   7/   3)   22u22uu000u0       0.055311       0.003059
         226  ( 2:1:   1/   1)   2222u0uuu000       0.082593       0.006822
         238  ( 2:1:  13/   1)   2222u00uu00u      -0.058853       0.003464

  The CI coefficients for the MIXED state nr.   5
--------------------------------------------------------------------------------
 CI COEFFICIENTS LARGER THAN  5.00E-02
  Occupation of active orbitals, and spin coupling
  of open shells. (u,d: Spin up or down).
  SGUGA info is (Midvert:IsyUp:UpperWalk/LowerWalk)
        Conf  SGUGA info        Occupation       Coefficient         Weight
           1  ( 1:1:   1/   1)   2222uuuu0000      -0.404227       0.163400
           4  ( 1:1:   4/   1)   2222uuu00u00      -0.873802       0.763530
           5  ( 1:1:   5/   1)   2222uu0u0u00      -0.051813       0.002685
          12  ( 1:1:  12/   1)   2222uu0u000u       0.052096       0.002714
          31  ( 1:1:   1/   3)   22u22uuu0000      -0.060437       0.003653
          34  ( 1:1:   4/   3)   22u22uu00u00      -0.113757       0.012941
          94  ( 1:1:   4/   7)   22u2u2u00u00      -0.060439       0.003653
         227  ( 2:1:   2/   1)   2222u0uu0u00      -0.058961       0.003476
         228  ( 2:1:   3/   1)   2222u0u0uu00      -0.059793       0.003575
         239  ( 2:1:  14/   1)   2222u0u00u0u       0.072752       0.005293
         339  ( 2:1:  14/   6)   22220uu00u0u      -0.050498       0.002550

--

Note: The following floating-point exceptions are signalling: IEEE_UNDERFLOW_FLAG IEEE_DENORMAL
--- Stop Module: caspt2 at Thu Jul  2 18:34:55 2026 /rc=_RC_ALL_IS_WELL_ ---
*** files: xmldump
    saved to directory <scratch-path-omitted>
--- Module caspt2 spent 23 hours 21 minutes 38 seconds ---

.##################.
.# Happy landing! #.
.##################.

    Timing: Wall=86806.46 User=78898.71 System=7728.37
