   This run of MOLCAS is using the pymolcas driver

                             OPE
                             OPE          NMOL  CASOP  ENMOLC A   SO
                 OPE        NMOLC        AS  OP EN  MO LC     AS  OP
                OPENM       OL CA        SO  PE NM  OL CA     SOP EN
                OP EN      MO   LC       AS  OP ENMOL  CASO   PENMOL
                OP  EN     MO   LC       AS  OP EN     MO     LC ASO
               OP   E  NMOL  C  AS       OP  EN MO     LC     AS  OP
               OP  E   NMO   LC AS        OPEN  MO     LCASOP EN   M
               O  PEN   MO  LCA  SO
            OPE   NMO   L   CAS    OP
        OPENMOL  CASOP     ENMOL   CASOPE
     OPENMOLCA   SOPENMOLCASOPEN   MOLCASOPE
    OPENMOLCAS   OP           EN   MOL    CAS
    OPENMOLCAS       OP  ENM        O     LCA
    OPENMOLCAS    OPEN  MOLCASO     P  E  NMO
    OPENMOLCAS     OP               E  N  MOL
    OPENMOLCA   SO           PENM   O  L  CAS    OPEN    MO    LCAS
    OPENMOLCA   SOP           ENM   O  L  CAS   OP  EN  MOLC  AS   O
    OPENMOLCA   SOPE           NM      O  LCA   S      OP  EN MO
    OPENMOLC                AS         O  PEN   M      OL  CA  SOPE
    OPENMO        LCASOPE  NMOL        C  ASO   P      ENMOLC     AS
    OPE     NMO      LCA  SO     P     E   NM   OL  CA SO  PE N   MO
          OPENMOLCA            SOPE   NMO        LCAS  O    P  ENMO
     OPENMOLCASOPENMOLCASOPENMOLCASOPENMOLCA
        OPENMOLCASOPENMOLCASOPENMOLCASOPE
            OPENMOLCASOPENMOLCASOPENM
               OPENMOLCASOPENMOLCA        version: v24.02
                   OPENMOLCASO
                       OPE                tag:

 OpenMolcas is free software; you can redistribute it and/or modify it
 under the terms of the GNU Lesser General Public License version 2.1.
 OpenMolcas is distributed in the hope that it will be useful, but it
 is provided "as is" and without any express or implied warranties.
 For more details see the full text of the license in the file
 LICENSE or in <http://www.gnu.org/licenses/>.

                 Copyright (C) The OpenMolcas Authors
           For the author list and the recommended citation,
                   consult the file CONTRIBUTORS.md

           *************************************************
           * pymolcas version py2.28                       *
           *   build c4a6d18ded8cb6cad61d2372a9abd97c      *
           *   (after the EMIL interpreter by V. Veryazov) *
           *************************************************

configuration info
------------------
Host name: login02 (Linux)
C Compiler ID: GNU
C flags: -std=gnu99
Fortran Compiler ID: GNU
Fortran flags: -fno-aggressive-loop-optimizations -cpp -fdefault-integer-8 -fmax-stack-var-size=1048576
Definitions: _MOLCAS_;_I8_;_LINUX_;_MOLCAS_MPP_;_SCALAPACK_;_GA_
Parallel: ON (GA=ON)


   -------------------------------------------------------------------------------------------------------------------------------
  |
  |                 Project: caspt2_Q_imag10
  |          Submitted from: <scratch-path-omitted>
  |            Scratch area: <scratch-path-omitted>
  |         Save outputs to: <scratch-path-omitted>
  |                  Molcas: /opt/bwhpc/common/chem/openmolcas/24.02_gnu-system_openmpi-4.1_mkl-2023.1.0
  |
  | Scratch area is empty
  |
  |             MOLCAS_BIN = /opt/bwhpc/common/chem/openmolcas/24.02_gnu-system_openmpi-4.1_mkl-2023.1.0/bin
  |         MOLCAS_DOC_DIR = /opt/bwhpc/common/chem/openmolcas/24.02_gnu-system_openmpi-4.1_mkl-2023.1.0/doc
  |          MOLCAS_DRIVER = <OpenMolcas-executable-path-omitted>
  |         MOLCAS_EXA_DIR = /opt/bwhpc/common/chem/openmolcas/24.02_gnu-system_openmpi-4.1_mkl-2023.1.0/bwhpc-examples
  |            MOLCAS_HOME = /opt/bwhpc/common/chem/openmolcas/24.02_gnu-system_openmpi-4.1_mkl-2023.1.0
  | MOLCAS_JUSTUS2_EXA_DIR = /opt/bwhpc/common/chem/openmolcas/24.02_gnu-system_openmpi-4.1_mkl-2023.1.0/bwhpc-examples
  |          MOLCAS_NPROCS = 1
  |           MOLCAS_PRINT = 2
  |            MOLCAS_SBIN = /opt/bwhpc/common/chem/openmolcas/24.02_gnu-system_openmpi-4.1_mkl-2023.1.0/sbin
  |          MOLCAS_SOURCE = /opt/bwhpc/common/chem/openmolcas/24.02_gnu-system_openmpi-4.1_mkl-2023.1.0
  |       MOLCAS_STRUCTURE = 0
  |         MOLCAS_VERSION = 24.02
  |
   -------------------------------------------------------------------------------------------------------------------------------

++ ---------   Input file   ---------

&GATEWAY
 coord = opt_optimized.xyz
 basis = Def2-TZVP
 group = nosym
 amfi
 RICD

&SEWARD

&RASSCF
 fileorb = rasscf.RasOrb
 cionly
 charge = 0
 spin = 5
 nactel = 12 0 0
 inactive = 100
 ras2 = 12
 ciroot = 5 5 1
 thrs = 1.0d-7 1.0d-5 1.0d-5
 outorbital = canonical

&CASPT2
 multistate = 5 1 2 3 4 5
 imag = 0.1
 ipeashift = 0.25

-- ----------------------------------

--- Start Module: gateway at Wed Jul  1 18:43:18 2026 ---

()()()()()()()()()()()()()()()()()()()()()()()()()()()()()()()()()()()()()()()()()()()()()()()()()()

                                              &GATEWAY

                       only a single process is used, running in SERIAL mode
                       available to each process: 12 GB of memory, 1 thread?
                                            pid: 3816515
()()()()()()()()()()()()()()()()()()()()()()()()()()()()()()()()()()()()()()()()()()()()()()()()()()


++    Symmetry information:
      ---------------------

                    Character Table for C1 

                             E  
                    a        1  x, y, xy, Rz, z, xz, Ry, yz, Rx, I
--


++    Basis set information:
      ----------------------


      Basis set label: C.DEF2-TZVP.........

      Electronic valence basis set:
      ------------------
      Associated Effective Charge   6.000000 au
      Associated Actual Charge      6.000000 au
      Nuclear Model: Point charge

      Shell  nPrim  nBasis  Cartesian Spherical Contaminant
         s      11       5        X                  
         p       6       3        X                  
         d       2       2                 X         
         f       1       1                 X         


      Basis set label: H.DEF2-TZVP.........

      Electronic valence basis set:
      ------------------
      Associated Effective Charge   1.000000 au
      Associated Actual Charge      1.000000 au
      Nuclear Model: Point charge

      Shell  nPrim  nBasis  Cartesian Spherical Contaminant
         s       5       3        X                  
         p       1       1        X                  


      Basis set label: NI.DEF2-TZVP.........

      Electronic valence basis set:
      ------------------
      Associated Effective Charge  28.000000 au
      Associated Actual Charge     28.000000 au
      Nuclear Model: Point charge

      Shell  nPrim  nBasis  Cartesian Spherical Contaminant
         s      17       6        X                  
         p      11       4        X                  
         d       7       4                 X         
         f       1       1                 X         
--


++    Molecular structure info:
      -------------------------

                    ************************************************ 
                    **** Cartesian Coordinates / Bohr, Angstrom **** 
                    ************************************************ 

     Center  Label                x              y              z                     x              y              z
        1      C1               2.700873      -0.014140       0.053364              1.429240      -0.007483       0.028239
        2      C2               1.338269       2.346166       0.052986              0.708181       1.241537       0.028039
        3      C3              -1.358013       2.352197      -0.050975             -0.718630       1.244729      -0.026975
        4      C4              -2.700873       0.014140       0.053364             -1.429240       0.007483       0.028239
        5      C5              -1.338269      -2.346166       0.052987             -0.708182      -1.241537       0.028039
        6      C6               1.358013      -2.352197      -0.050975              0.718630      -1.244729      -0.026975
        7      C7               5.430022      -0.032061       0.005879              2.873444      -0.016966       0.003111
        8      C8               2.687271       4.718649       0.004773              1.422042       2.497001       0.002526
        9      C9              -2.703012       4.681857      -0.225865             -1.430373       2.477532      -0.119522
       10      C10             -5.430022       0.032061       0.005880             -2.873444       0.016966       0.003112
       11      C11             -2.687271      -4.718649       0.004773             -1.422043      -2.497001       0.002526
       12      C12              2.703013      -4.681856      -0.225865              1.430373      -2.477532      -0.119522
       13      C13              6.688107       2.329532       0.479888              3.539194       1.232735       0.253946
       14      C14              5.361458       4.627420       0.479616              2.837161       2.448725       0.253802
       15      C15              1.300790       6.993476      -0.166046              0.688348       3.700788      -0.087868
       16      C16             -1.309145       6.977593      -0.300660             -0.692770       3.692383      -0.159102
       17      C17             -5.388209       4.622601      -0.299453             -2.851317       2.446175      -0.158464
       18      C18             -6.706853       2.370347      -0.163978             -3.549114       1.254334      -0.086773
       19      C19             -6.688107      -2.329532       0.479889             -3.539194      -1.232735       0.253946
       20      C20             -5.361458      -4.627420       0.479617             -2.837162      -2.448725       0.253802
       21      C21             -1.300790      -6.993477      -0.166047             -0.688348      -3.700788      -0.087868
       22      C22              1.309146      -6.977593      -0.300660              0.692770      -3.692383      -0.159102
       23      C23              5.388209      -4.622601      -0.299453              2.851317      -2.446175      -0.158464
       24      C24              6.706853      -2.370347      -0.163978              3.549114      -1.254333      -0.086773
       25      H25              8.733391       2.331530       0.746766              4.621511       1.233793       0.395171
       26      H26              6.385836       6.397697       0.746357              3.379239       3.385516       0.394955
       27      H27              2.329212       8.782631      -0.158987              1.232566       4.647568      -0.084132
       28      H28             -2.345120       8.756381      -0.445095             -1.240984       4.633677      -0.235534
       29      H29             -6.410729       6.409185      -0.443523             -3.392412       3.391595      -0.234702
       30      H30             -8.770518       2.374354      -0.156216             -4.641158       1.256454      -0.082666
       31      H31             -8.733391      -2.331530       0.746766             -4.621512      -1.233793       0.395172
       32      H32             -6.385836      -6.397698       0.746357             -3.379239      -3.385516       0.394955
       33      H33             -2.329212      -8.782632      -0.158988             -1.232566      -4.647569      -0.084133
       34      H34              2.345121      -8.756381      -0.445095              1.240985      -4.633677      -0.235534
       35      H35              6.410729      -6.409185      -0.443522              3.392412      -3.391594      -0.234702
       36      H36              8.770518      -2.374354      -0.156216              4.641158      -1.256454      -0.082666
       37      NI37             3.989534       2.304908       3.526133              2.111171       1.219705       1.865949
       38      NI38            -3.989534      -2.304908       3.526134             -2.111171      -1.219705       1.865950

                    ************************************************* 
                    **** InterNuclear Distances / Bohr, Angstrom **** 
                    ************************************************* 

     Atom centers         Bohr        Angstrom
   25 H25      13 C13     2.062615        1.091489
   26 H26      14 C14   
   31 H31      19 C19   
   32 H32      20 C20   
   28 H28      16 C16     2.063537        1.091977
   29 H29      17 C17   
   34 H34      22 C22   
   35 H35      23 C23   
   27 H27      15 C15     2.063681        1.092053
   30 H30      18 C18   
   33 H33      21 C21   
   36 H36      24 C24   
   18 C18      17 C17     2.613394        1.382948
   24 C24      23 C23   
   16 C16      15 C15     2.613452        1.382979
   22 C22      21 C21   
   14 C14      13 C13     2.653354        1.404094
   20 C20      19 C19   
   15 C15       8 C8      2.669523        1.412650
   21 C21      11 C11   
   18 C18      10 C10     2.669593        1.412688
   24 C24       7 C7    
   16 C16       9 C9      2.686795        1.421790
   22 C22      12 C12   
   17 C17       9 C9      2.686858        1.421824
   23 C23      12 C12   
    9 C9        3 C3      2.695723        1.426515
   12 C12       6 C6    
    4 C4        3 C3      2.698271        1.427864
    6 C6        1 C1    
    3 C3        2 C2      2.698292        1.427875
    6 C6        5 C5    
   13 C13       7 C7      2.717459        1.438017
   19 C19      10 C10   
   14 C14       8 C8      2.717550        1.438065
   20 C20      11 C11   
    2 C2        1 C1      2.725387        1.442212
    5 C5        4 C4    
    7 C7        1 C1      2.729616        1.444451
    8 C8        2 C2    
   10 C10       4 C4    
   11 C11       5 C5    
   29 H29      18 C18     4.059316        2.148097
   35 H35      24 C24   
   28 H28      15 C15     4.059355        2.148118
   34 H34      21 C21   
   30 H30      17 C17     4.063883        2.150514
   36 H36      23 C23   
   27 H27      16 C16     4.063973        2.150562
   33 H33      22 C22   
   37 NI37     14 C14     4.069091        2.153270
   38 NI38     20 C20   
   37 NI37     13 C13     4.069706        2.153596
   38 NI38     19 C19   
   27 H27       8 C8      4.083011        2.160636
   33 H33      11 C11   
   30 H30      10 C10     4.083077        2.160671
   36 H36       7 C7    
   25 H25      14 C14     4.088073        2.163315
   26 H26      13 C13   
   31 H31      20 C20   
   32 H32      19 C19   
   28 H28       9 C9      4.096083        2.167554
   34 H34      12 C12   
   29 H29       9 C9      4.096120        2.167573
   35 H35      12 C12   
   25 H25       7 C7      4.128888        2.184914
   31 H31      10 C10   
   26 H26       8 C8      4.128987        2.184966
   32 H32      11 C11   
   37 NI37      2 C2      4.369629        2.312308
   38 NI38      5 C5    
   37 NI37      1 C1      4.370212        2.312617
   38 NI38      4 C4    
   37 NI37      8 C8      4.463408        2.361934
   38 NI38     11 C11   
   37 NI37      7 C7      4.464147        2.362325
   38 NI38     10 C10   
   16 C16       8 C8      4.600811        2.434644
   22 C22      11 C11   
   17 C17      10 C10     4.600873        2.434677
   23 C23       7 C7    
   15 C15       9 C9      4.623591        2.446699
   18 C18       9 C9    
   21 C21      12 C12   
   24 C24      12 C12   
   16 C16       3 C3      4.632381        2.451350
   17 C17       3 C3    
   22 C22       6 C6    
   23 C23       6 C6    
   14 C14       2 C2      4.644587        2.457809
   20 C20       5 C5    
   13 C13       1 C1      4.644649        2.457842
   19 C19       4 C4    
   15 C15       2 C2      4.652615        2.462058
   18 C18       4 C4    
   21 C21       5 C5    
   24 C24       1 C1    
    4 C4        2 C2      4.664012        2.468089
    5 C5        1 C1    
    9 C9        2 C2      4.676020        2.474443
   12 C12       5 C5    
    9 C9        4 C4      4.676061        2.474465
   12 C12       1 C1    
   30 H30      29 H29     4.683055        2.478166
   36 H36      35 H35   
   28 H28      27 H27     4.683154        2.478218
   34 H34      33 H33   
   14 C14       7 C7      4.684004        2.478668
   20 C20      10 C10   
   13 C13       8 C8      4.684048        2.478691
   19 C19      11 C11   
    7 C7        6 C6      4.686952        2.480228
    8 C8        3 C3    
   10 C10       3 C3    
   11 C11       6 C6    
   29 H29      28 H28     4.694518        2.484232
   35 H35      34 H34   
   26 H26      25 H25     4.695182        2.484583
   32 H32      31 H31   
    3 C3        1 C1      4.699467        2.486851
    6 C6        4 C4    
    5 C5        3 C3      4.699554        2.486897
    6 C6        2 C2    
   17 C17      16 C16     4.710068        2.492461
   23 C23      22 C22   
    7 C7        2 C2      4.732930        2.504559
   10 C10       5 C5    
    8 C8        1 C1      4.733058        2.504626
   11 C11       4 C4    
   19 C19      18 C18     4.743814        2.510318
   24 C24      13 C13   
   15 C15      14 C14     4.743852        2.510338
   21 C21      20 C20   
   31 H31      30 H30     4.791878        2.535753
   36 H36      25 H25   
   27 H27      26 H26     4.792051        2.535844
   33 H33      32 H32   
   28 H28      17 C17     5.135139        2.717399
   29 H29      16 C16   
   34 H34      23 C23   
   35 H35      22 C22   
   30 H30      19 C19     5.183397        2.742936
   36 H36      13 C13   
   27 H27      14 C14     5.183446        2.742961
   33 H33      20 C20   
   25 H25      24 C24     5.200380        2.751922
   31 H31      18 C18   
   26 H26      15 C15     5.200493        2.751982
   32 H32      21 C21   
   16 C16       2 C2      5.346399        2.829193
   22 C22       5 C5    
   17 C17       4 C4      5.346416        2.829202
   23 C23       1 C1    
   18 C18       3 C3      5.350065        2.831132
   24 C24       6 C6    
   15 C15       3 C3      5.350136        2.831170
   21 C21       6 C6    
   13 C13       2 C2      5.366870        2.840025
   19 C19       5 C5    
   14 C14       1 C1      5.366981        2.840084
   20 C20       4 C4    
    9 C9        8 C8      5.395341        2.855091
   12 C12      11 C11   
   10 C10       9 C9      5.395450        2.855149
   12 C12       7 C7    
    4 C4        1 C1      5.401820        2.858520
    5 C5        2 C2      5.402021        2.858626
    6 C6        3 C3      5.432137        2.874563
    8 C8        7 C7      5.485611        2.902860
   11 C11      10 C10   
   37 NI37     26 H26     5.497303        2.909047
   38 NI38     32 H32   
   37 NI37     25 H25     5.498160        2.909501
   38 NI38     31 H31   
--


            Nuclear Potential Energy           3152.76180619 au

--- Stop Module: gateway at Wed Jul  1 18:43:20 2026 /rc=_RC_ALL_IS_WELL_ ---
*** files: caspt2_Q_imag10.RICDLib xmldump
    saved to directory <scratch-path-omitted>
--- Module gateway spent 1 second ---

--- Start Module: seward at Wed Jul  1 18:43:20 2026 ---

()()()()()()()()()()()()()()()()()()()()()()()()()()()()()()()()()()()()()()()()()()()()()()()()()()

                                              &SEWARD

                       only a single process is used, running in SERIAL mode
                       available to each process: 12 GB of memory, 1 thread?
                                            pid: 3816518
()()()()()()()()()()()()()()()()()()()()()()()()()()()()()()()()()()()()()()()()()()()()()()()()()()

               SEWARD will generate:
                  Multipole Moment integrals up to order  2
                  Kinetic Energy integrals
                  Nuclear Attraction integrals (point charge)
                  One-Electron Hamiltonian integrals
                  Velocity integrals
                  Orbital angular momentum around ( 0.0000 -0.0000  0.9761 )
                  Velocity quadrupole around ( 0.0000 -0.0000  0.9761 )
                  Atomic mean-field integrals
                  RI decomposed two-electron repulsion integrals stored Cholesky style
                   - acCD auxiliary basis
                   - CD Threshold:   0.10E-03

                   Integrals are discarded if absolute value <: 1.00E-14
                   Integral cutoff threshold is set to       <: 1.00E-16

            Nuclear Potential Energy           3152.76180619 au


      Basis set specifications :
      Symmetry species         a  
      Basis functions          906


      Input file to MOLDEN was generated!

Note: The following floating-point exceptions are signalling: IEEE_UNDERFLOW_FLAG IEEE_DENORMAL
--- Stop Module: seward at Wed Jul  1 18:53:19 2026 /rc=_RC_ALL_IS_WELL_ ---
*** files: caspt2_Q_imag10.GssOrb caspt2_Q_imag10.guessorb.h5 caspt2_Q_imag10.guessorb.molden xmldump
    saved to directory <scratch-path-omitted>
--- Module seward spent 9 minutes 59 seconds ---

*** symbolic link created: INPORB -> caspt2_Q_imag10.GssOrb
--- Start Module: rasscf at Wed Jul  1 18:53:20 2026 ---

()()()()()()()()()()()()()()()()()()()()()()()()()()()()()()()()()()()()()()()()()()()()()()()()()()

                                              &RASSCF

                       only a single process is used, running in SERIAL mode
                       available to each process: 12 GB of memory, 1 thread?
                                            pid: 3817697
()()()()()()()()()()()()()()()()()()()()()()()()()()()()()()()()()()()()()()()()()()()()()()()()()()

 ###############################################################################
 ###############################################################################
 ###                                                                         ###
 ###                                                                         ###
 ###    WARNING: CHARGE and NACTEL are only compatible if INACTIVE           ###
 ###    is not given and the symmetry group is C1. Hence the                 ###
 ###    CHARGE command will be ignored.                                      ###
 ###                                                                         ###
 ###                                                                         ###
 ###############################################################################
 ###############################################################################

      Header of the ONEINT file:
      --------------------------
      
      Integrals generated by Gateway/Seward, Wed Jul  1 18:43:20 2026


      OrdInt status: non-squared


      Cartesian coordinates in Angstrom:
      -----------------------------------------------------
      No.  Label        X            Y            Z        
      -----------------------------------------------------
       1   C1         1.42924031  -0.00748264   0.02823884
       2   C2         0.70818144   1.24153737   0.02803895
       3   C3        -0.71862965   1.24472889  -0.02697471
       4   C4        -1.42924039   0.00748259   0.02823911
       5   C5        -0.70818155  -1.24153741   0.02803927
       6   C6         0.71862970  -1.24472887  -0.02697464
       7   C7         2.87344400  -0.01696604   0.00311114
       8   C8         1.42204247   2.49700128   0.00252559
       9   C9        -1.43037261   2.47753183  -0.11952247
      10   C10       -2.87344406   0.01696604   0.00311162
      11   C11       -1.42204255  -2.49700134   0.00252593
      12   C12        1.43037277  -2.47753176  -0.11952240
      13   C13        3.53919385   1.23273526   0.25394576
      14   C14        2.83716140   2.44872530   0.25380206
      15   C15        0.68834830   3.70078833  -0.08786789
      16   C16       -0.69276978   3.69238306  -0.15910225
      17   C17       -2.85131717   2.44617531  -0.15846379
      18   C18       -3.54911399   1.25433361  -0.08677346
      19   C19       -3.53919402  -1.23273526   0.25394612
      20   C20       -2.83716156  -2.44872541   0.25380223
      21   C21       -0.68834819  -3.70078845  -0.08786807
      22   C22        0.69276997  -3.69238305  -0.15910229
      23   C23        2.85131735  -2.44617519  -0.15846363
      24   C24        3.54911402  -1.25433341  -0.08677335
      25   H25        4.62151125   1.23379255   0.39517136
      26   H26        3.37923869   3.38551561   0.39495519
      27   H27        1.23256597   4.64756844  -0.08413234
      28   H28       -1.24098431   4.63367705  -0.23553410
      29   H29       -3.39241163   3.39159450  -0.23470201
      30   H30       -4.64115822   1.25645421  -0.08266621
      31   H31       -4.62151158  -1.23379256   0.39517159
      32   H32       -3.37923899  -3.38551587   0.39495488
      33   H33       -1.23256583  -4.64756868  -0.08413285
      34   H34        1.24098454  -4.63367703  -0.23553430
      35   H35        3.39241183  -3.39159438  -0.23470162
      36   H36        4.64115818  -1.25645388  -0.08266582
      37   NI37       2.11117059   1.21970454   1.86594902
      38   NI38      -2.11117054  -1.21970457   1.86594954
      -----------------------------------------------------
      Nuclear repulsion energy = 3152.76180619

++    Wave function specifications:
      -----------------------------

      Number of closed shell electrons         200
      Number of electrons in active shells      12
      Max number of holes in RAS1 space          0
      Max nr of electrons in RAS3 space          0
      Number of inactive orbitals              100
      Number of active orbitals                 12
      Number of secondary orbitals             794
      Spin quantum number                      2.0
      State symmetry                             1
--

++    Orbital specifications:
      -----------------------

      Symmetry species                           1
                                                 a
      Frozen orbitals                            0
      Inactive orbitals                        100
      Active orbitals                           12
      RAS1 orbitals                              0
      RAS2 orbitals                             12
      RAS3 orbitals                              0
      Secondary orbitals                       794
      Deleted orbitals                           0
      Number of basis functions                906
--

++    CI expansion specifications:
      ----------------------------

      Number of CSFs                        196625
      Number of determinants                245025
      Number of root(s) required                 5
      Root chosen for geometry opt.              5
      CI roots used                              1     2     3     4     5
      weights                                0.200 0.200 0.200 0.200 0.200
      highest root included in the CI            5
      max. size of the explicit Hamiltonian    200
--

++    Optimization specifications:
      ----------------------------

      RASSCF algorithm: LK RI/DF
      Maximum number of macro iterations       200
      Maximum number of SX iterations          100
      Threshold for RASSCF energy            1.000E-07
      Threshold for max MO rotation          1.000E-05
      Threshold for max BLB element          1.000E-05
      Level shift parameter                  5.000E-01
      Make Quasi-Newton update
--

      The MO-coefficients are taken from the file:
      <scratch-path-omitted>                                                                                                                                                                                           
      Title: B1 Ni2/coronene CAS(26,15) quintet natural orbitals (regenerated from rasscf.r

      Total molecular charge    0.00

      ************************************************************************************************************************
      *                                                                                                                      *
      *                                            Wave function control section                                             *
      *                                                                                                                      *
      ************************************************************************************************************************


                                         CASCI only, no orbital optimization will be done.
                                         -------------------------------------------------

      Iter CI   SX   CI       RASSCF       Energy    max ROT     max BLB   max BLB  Level Ln srch  Step   QN   Walltime
          iter iter root      energy       change     param      element    value   shift minimum  type update hh:mm:ss
 Nr of preliminary CI iterations:  33
        1   1    0    0 -3929.65178874    0.00E+00   0.00E+00   10 104 1  6.27E-02*  0.00   0.00    SX    NO    0:18:09

      ************************************************************************************************************************
                                                      Wave function printout:
                       occupation of active orbitals, and spin coupling of open shells (u,d: Spin up or down)
      ************************************************************************************************************************

      Note: transformation to natural orbitals
      has been made, which may change the order of the CSFs.

      printout of CI-coefficients larger than  0.05 for root  1
      energy=   -3929.685683
      conf/sym  111111111111     Coeff  Weight
             1  2222uuuu0000   0.91896 0.84449
             4  2222uuu00u00   0.30840 0.09511
            31  22u22uuu0000   0.12314 0.01516
            91  22u2u2uu0000   0.06724 0.00452
           226  2222u0uuu000  -0.05911 0.00349
           236  2222u0uu000u  -0.07045 0.00496
           336  22220uuu000u   0.05271 0.00278

      printout of CI-coefficients larger than  0.05 for root  2
      energy=   -3929.650639
      conf/sym  111111111111     Coeff  Weight
             2  2222uuu0u000   0.94429 0.89168
             8  2222uu0u00u0   0.15156 0.02297
            10  2222uu000uu0   0.08567 0.00734
            16  222u2uuu0000  -0.07679 0.00590
            32  22u22uu0u000   0.11647 0.01357
            46  2u222uuu0000   0.07176 0.00515
            92  22u2u2u0u000   0.06256 0.00391
           226  2222u0uuu000   0.08068 0.00651
           237  2222u0u0u00u  -0.07409 0.00549
           337  22220uu0u00u   0.05119 0.00262

      printout of CI-coefficients larger than  0.05 for root  3
      energy=   -3929.647904
      conf/sym  111111111111     Coeff  Weight
             2  2222uuu0u000  -0.10646 0.01133
            16  222u2uuu0000  -0.66635 0.44402
            19  222u2uu00u00  -0.17595 0.03096
            31  22u22uuu0000   0.11461 0.01314
            46  2u222uuu0000   0.62614 0.39206
            49  2u222uu00u00   0.17290 0.02989
            61  u2222uuu0000  -0.16257 0.02643
           136  22uu22uu0000  -0.05347 0.00286
           181  2uu222uu0000  -0.05458 0.00298
           256  222u20uu000u   0.05173 0.00268

      printout of CI-coefficients larger than  0.05 for root  4
      energy=   -3929.643066
      conf/sym  111111111111     Coeff  Weight
             1  2222uuuu0000   0.29877 0.08926
             4  2222uuu00u00  -0.90502 0.81907
             5  2222uu0u0u00  -0.08734 0.00763
            12  2222uu0u000u   0.08711 0.00759
            14  2222uu000u0u   0.05316 0.00283
            34  22u22uu00u00  -0.11372 0.01293
            94  22u2u2u00u00  -0.05950 0.00354
           227  2222u0uu0u00  -0.09251 0.00856
           228  2222u0u0uu00  -0.06461 0.00417
           239  2222u0u00u0u   0.07984 0.00638
           339  22220uu00u0u  -0.05438 0.00296
          3217  222uuu0udu00  -0.05547 0.00308

      printout of CI-coefficients larger than  0.05 for root  5
      energy=   -3929.631651
      conf/sym  111111111111     Coeff  Weight
             3  2222uu0uu000   0.76688 0.58811
             6  2222uu00uu00  -0.39239 0.15397
             7  2222uuu000u0   0.43836 0.19216
            33  22u22u0uu000   0.09222 0.00851
            37  22u22uu000u0   0.05634 0.00317
           226  2222u0uuu000   0.06357 0.00404
           238  2222u00uu00u  -0.05853 0.00343

      Natural orbitals and occupation numbers for root  1
      sym 1:   1.996112   1.998695   1.983916   1.986284   1.000184   0.999982   0.999377   0.999827   0.016829   0.010362
               0.004405   0.004027

      Natural orbitals and occupation numbers for root  2
      sym 1:   1.996837   1.990387   1.985716   1.982954   1.012626   1.000124   0.958911   0.055042   0.957917   0.012030
               0.040241   0.007214

      Natural orbitals and occupation numbers for root  3
      sym 1:   1.996161   1.986664   1.981832   1.012903   1.987315   1.000063   0.999059   0.986798   0.029696   0.010006
               0.004498   0.005005

      Natural orbitals and occupation numbers for root  4
      sym 1:   1.998550   1.995294   1.984848   1.983779   1.000389   1.000241   0.979679   0.023735   0.019566   0.989192
               0.008276   0.016450

      Natural orbitals and occupation numbers for root  5
      sym 1:   1.998025   1.995455   1.986462   1.987501   1.001493   1.000938   0.213764   0.789467   0.799812   0.010739
               0.209581   0.006763

      ************************************************************************************************************************
      *                                                                                                                      *
      *                                                    Final results                                                     *
      *                                                                                                                      *
      ************************************************************************************************************************


++    Wave function specifications:
      -----------------------------

      Number of closed shell electrons         200
      Number of electrons in active shells      12
      Max number of holes in RAS1 space          0
      Max nr of electrons in RAS3 space          0
      Number of inactive orbitals              100
      Number of active orbitals                 12
      Number of secondary orbitals             794
      Spin quantum number                      2.0
      State symmetry                             1
--

++    Orbital specifications:
      -----------------------

      Symmetry species                           1
                                                 a
      Frozen orbitals                            0
      Inactive orbitals                        100
      Active orbitals                           12
      RAS1 orbitals                              0
      RAS2 orbitals                             12
      RAS3 orbitals                              0
      Secondary orbitals                       794
      Deleted orbitals                           0
      Number of basis functions                906
--

++    CI expansion specifications:
      ----------------------------

      Number of CSFs                        196625
      Number of determinants                245025
      Number of root(s) required                 5
      CI roots used                              1     2     3     4     5
      weights                                0.200 0.200 0.200 0.200 0.200
      highest root included in the CI            5
      Root passed to geometry opt.               5
--

++    Final optimization conditions:
      ------------------------------

      Average CI energy                           -3929.65178857
      RASSCF energy for state  5                  -3929.63165078
      Super-CI energy                                 0.00000000
      RASSCF energy change                            0.00000000
      Max change in MO coefficients               0.000E+00
      Max non-diagonal density matrix element     0.000E+00
      Maximum BLB matrix element                  6.275E-02
      (orbital pair  10, 104 in symmetry   1)
      Norm of electronic gradient            2.877E-01
--


      Final state energy(ies):
      ------------------------

::    RASSCF root number  1 Total energy:  -3929.68568287
::    RASSCF root number  2 Total energy:  -3929.65063902
::    RASSCF root number  3 Total energy:  -3929.64790382
::    RASSCF root number  4 Total energy:  -3929.64306635
::    RASSCF root number  5 Total energy:  -3929.63165078

++    Molecular orbitals:
      -------------------

      All orbitals are eigenfunctions of the PT2 Fock matrix


      MOLECULAR ORBITALS FOR SYMMETRY SPECIES 1: a  

      INDEX  OCCUPATION  COEFFICIENTS ...
          1 -305.3997                                                                                                                     
               817 NI37   1s     ( 0.9977)
          2 -305.3942                                                                                                                     
               862 NI38   1s     (-0.9977)
          3  -37.6782                                                                                                                     
               817 NI37   1s     (-0.3187) 818 NI37   2s     ( 1.0382)
          4  -37.6729                                                                                                                     
               862 NI38   1s     ( 0.3187) 863 NI38   2s     (-1.0383)
          5  -32.7143                                                                                                                     
               823 NI37   2px    (-0.7438) 827 NI37   2py    (-0.6492)
          6  -32.7097                                                                                                                     
               823 NI37   2px    (-0.1136) 831 NI37   2pz    (-0.9847)
          7  -32.7053                                                                                                                     
               868 NI38   2px    ( 0.6715) 872 NI38   2py    ( 0.3194) 876 NI38   2pz    (-0.6553)
          8  -32.7042                                                                                                                     
               868 NI38   2px    ( 0.5918) 872 NI38   2py    ( 0.2815) 876 NI38   2pz    ( 0.7436)
          9  -32.6946                                                                                                                     
               823 NI37   2px    (-0.6448) 827 NI37   2py    ( 0.7485)
         10  -32.6935                                                                                                                     
               868 NI38   2px    ( 0.4255) 872 NI38   2py    (-0.8946)
         11  -11.2739                                                                                                                     
                 1 C1     1s     ( 0.4642)   2 C1     2s     ( 0.6081)
         12  -11.2726                                                                                                                     
                94 C4     1s     ( 0.3825)  95 C4     2s     ( 0.5010) 125 C5     1s     ( 0.2676) 126 C5     2s     ( 0.3505)
      
         13  -11.2716                                                                                                                     
                94 C4     1s     (-0.2676)  95 C4     2s     (-0.3506) 125 C5     1s     ( 0.3823) 126 C5     2s     ( 0.5008)
      
         14  -11.2695                                                                                                                     
                32 C2     1s     (-0.4638)  33 C2     2s     (-0.6076)
         15  -11.2658                                                                                                                     
               373 C13    1s     ( 0.3706) 374 C13    2s     ( 0.4855) 404 C14    1s     ( 0.2809) 405 C14    2s     ( 0.3680)
      
         16  -11.2646                                                                                                                     
               373 C13    1s     (-0.2786) 374 C13    2s     (-0.3650) 404 C14    1s     ( 0.3706) 405 C14    2s     ( 0.4855)
      
         17  -11.2629                                                                                                                     
               311 C11    1s     ( 0.4409) 312 C11    2s     ( 0.5776) 590 C20    1s     ( 0.1485) 591 C20    2s     ( 0.1945)
      
         18  -11.2620                                                                                                                     
               280 C10    1s     (-0.4243) 281 C10    2s     (-0.5558) 559 C19    1s     (-0.1605) 560 C19    2s     (-0.2102)
               591 C20    2s     (-0.1242)
         19  -11.2614                                                                                                                     
               187 C7     1s     ( 0.4631) 188 C7     2s     ( 0.6066)
         20  -11.2614                                                                                                                     
               280 C10    1s     (-0.1613) 281 C10    2s     (-0.2113) 311 C11    1s     (-0.1380) 312 C11    2s     (-0.1807)
               559 C19    1s     ( 0.1485) 560 C19    2s     ( 0.1945) 590 C20    1s     ( 0.3891) 591 C20    2s     ( 0.5097)
      
         21  -11.2601                                                                                                                     
               218 C8     1s     (-0.4644) 219 C8     2s     (-0.6083)
         22  -11.2600                                                                                                                     
               280 C10    1s     (-0.1085) 281 C10    2s     (-0.1421) 559 C19    1s     ( 0.4118) 560 C19    2s     ( 0.5394)
               590 C20    1s     (-0.1903) 591 C20    2s     (-0.2492)
         23  -11.2555                                                                                                                     
               156 C6     1s     ( 0.4667) 157 C6     2s     ( 0.6113)
         24  -11.2553                                                                                                                     
                63 C3     1s     (-0.4666)  64 C3     2s     (-0.6113)
         25  -11.2401                                                                                                                     
               342 C12    1s     ( 0.4496) 343 C12    2s     ( 0.5889) 653 C22    2s     ( 0.1145) 684 C23    2s     ( 0.1103)
      
         26  -11.2387                                                                                                                     
               621 C21    1s     (-0.4313) 622 C21    2s     (-0.5650) 652 C22    1s     (-0.1676) 653 C22    2s     (-0.2196)
      
         27  -11.2383                                                                                                                     
               249 C9     1s     ( 0.4222) 250 C9     2s     ( 0.5530) 497 C17    1s     ( 0.1620) 498 C17    2s     ( 0.2123)
               529 C18    2s     ( 0.1208)
         28  -11.2380                                                                                                                     
               683 C23    1s     ( 0.2642) 684 C23    2s     ( 0.3461) 714 C24    1s     ( 0.3784) 715 C24    2s     ( 0.4957)
      
         29  -11.2375                                                                                                                     
               249 C9     1s     (-0.1535) 250 C9     2s     (-0.2011) 497 C17    1s     ( 0.1927) 498 C17    2s     ( 0.2524)
               528 C18    1s     ( 0.3953) 529 C18    2s     ( 0.5179)
         30  -11.2369                                                                                                                     
               621 C21    1s     ( 0.1694) 622 C21    2s     ( 0.2219) 652 C22    1s     (-0.4097) 653 C22    2s     (-0.5368)
               683 C23    1s     ( 0.1001) 684 C23    2s     ( 0.1311) 715 C24    2s     (-0.1260)
         31  -11.2366                                                                                                                     
               343 C12    2s     (-0.1004) 652 C22    1s     ( 0.1207) 653 C22    2s     ( 0.1581) 683 C23    1s     ( 0.3619)
               684 C23    2s     ( 0.4741) 714 C24    1s     (-0.2557) 715 C24    2s     (-0.3350)
         32  -11.2361                                                                                                                     
               435 C15    1s     ( 0.1492) 436 C15    2s     ( 0.1955) 466 C16    1s     ( 0.1328) 467 C16    2s     ( 0.1740)
               497 C17    1s     (-0.3582) 498 C17    2s     (-0.4693) 528 C18    1s     ( 0.2156) 529 C18    2s     ( 0.2825)
      
         33  -11.2359                                                                                                                     
               250 C9     2s     ( 0.1240) 435 C15    1s     (-0.3565) 436 C15    2s     (-0.4670) 466 C16    1s     (-0.2206)
               467 C16    2s     (-0.2890) 497 C17    1s     (-0.1629) 498 C17    2s     (-0.2134) 529 C18    2s     ( 0.1113)
      
         34  -11.2345                                                                                                                     
               435 C15    1s     (-0.2622) 436 C15    2s     (-0.3435) 466 C16    1s     ( 0.3819) 467 C16    2s     ( 0.5003)
      
         35   -4.6630                                                                                                                     
               818 NI37   2s     (-0.3894) 819 NI37   3s     ( 0.5266) 820 NI37   4s     ( 0.4018) 863 NI38   2s     ( 0.2499)
               864 NI38   3s     (-0.3382) 865 NI38   4s     (-0.2581)
         36   -4.6572                                                                                                                     
               818 NI37   2s     (-0.2493) 819 NI37   3s     ( 0.3371) 820 NI37   4s     ( 0.2571) 863 NI38   2s     (-0.3892)
               864 NI38   3s     ( 0.5264) 865 NI38   4s     ( 0.4014)
         37   -3.0781                                                                                                                     
               823 NI37   2px    (-0.2135) 824 NI37   3px    ( 0.4870) 825 NI37   *px    ( 0.1531) 827 NI37   2py    (-0.1954)
               828 NI37   3py    ( 0.4456) 829 NI37   *py    ( 0.1403) 831 NI37   2pz    ( 0.2440) 832 NI37   3pz    (-0.5567)
               833 NI37   *pz    (-0.1747)
         38   -3.0757                                                                                                                     
               823 NI37   2px    (-0.1836) 824 NI37   3px    ( 0.4189) 825 NI37   *px    ( 0.1319) 827 NI37   2py    (-0.1495)
               828 NI37   3py    ( 0.3411) 829 NI37   *py    ( 0.1075) 831 NI37   2pz    (-0.2795) 832 NI37   3pz    ( 0.6376)
               833 NI37   *pz    ( 0.2005) 877 NI38   3pz    (-0.2111)
         39   -3.0707                                                                                                                     
               832 NI37   3pz    ( 0.1271) 868 NI38   2px    ( 0.1547) 869 NI38   3px    (-0.3530) 870 NI38   *px    (-0.1110)
               873 NI38   3py    (-0.1675) 876 NI38   2pz    (-0.3301) 877 NI38   3pz    ( 0.7529) 878 NI38   *pz    ( 0.2368)
      
         40   -3.0674                                                                                                                     
               824 NI37   3px    ( 0.1199) 832 NI37   3pz    ( 0.1096) 868 NI38   2px    (-0.2955) 869 NI38   3px    ( 0.6738)
               870 NI38   *px    ( 0.2118) 872 NI38   2py    (-0.1585) 873 NI38   3py    ( 0.3613) 874 NI38   *py    ( 0.1135)
               876 NI38   2pz    (-0.1595) 877 NI38   3pz    ( 0.3638) 878 NI38   *pz    ( 0.1141)
         41   -3.0609                                                                                                                     
               823 NI37   2px    (-0.2247) 824 NI37   3px    ( 0.5122) 825 NI37   *px    ( 0.1615) 827 NI37   2py    ( 0.2628)
               828 NI37   3py    (-0.5990) 829 NI37   *py    (-0.1890) 869 NI38   3px    ( 0.1079) 872 NI38   2py    ( 0.1454)
               873 NI38   3py    (-0.3314) 874 NI38   *py    (-0.1045)
         42   -3.0584                                                                                                                     
               824 NI37   3px    (-0.2214) 827 NI37   2py    (-0.1134) 828 NI37   3py    ( 0.2585) 868 NI38   2px    (-0.1704)
               869 NI38   3px    ( 0.3883) 870 NI38   *px    ( 0.1226) 872 NI38   2py    ( 0.3022) 873 NI38   3py    (-0.6887)
               874 NI38   *py    (-0.2174)
         43   -1.2269                                                                                                                     
                 3 C1     *s     ( 0.1125)   4 C1     *s     ( 0.1070)  34 C2     *s     ( 0.1110)  35 C2     *s     ( 0.1056)
                65 C3     *s     ( 0.1022)  96 C4     *s     ( 0.1113)  97 C4     *s     ( 0.1057) 127 C5     *s     ( 0.1119)
               128 C5     *s     ( 0.1062) 158 C6     *s     ( 0.1040)
         44   -1.1864                                                                                                                     
                 5 C1     *s     (-0.1039)  36 C2     *s     (-0.1019)  70 C3     *px    ( 0.1176)  98 C4     *s     ( 0.1005)
               129 C5     *s     ( 0.1019) 163 C6     *px    ( 0.1125) 189 C7     *s     (-0.1029) 220 C8     *s     (-0.1001)
               282 C10    *s     ( 0.1007) 313 C11    *s     ( 0.1016)
         45   -1.1703                                                                                                                     
                11 C1     *py    (-0.1264)  39 C2     *px    ( 0.1072)  65 C3     *s     ( 0.1041)  67 C3     *s     ( 0.1365)
               104 C4     *py    (-0.1116) 158 C6     *s     (-0.1029) 160 C6     *s     (-0.1358) 251 C9     *s     ( 0.1131)
               252 C9     *s     ( 0.1037) 344 C12    *s     (-0.1139) 345 C12    *s     (-0.1046)
         46   -1.1202                                                                                                                     
                67 C3     *s     ( 0.1349) 160 C6     *s     ( 0.1329) 252 C9     *s     ( 0.1045) 345 C12    *s     ( 0.1045)
               375 C13    *s     (-0.1145) 376 C13    *s     (-0.1073) 406 C14    *s     (-0.1108) 407 C14    *s     (-0.1043)
               561 C19    *s     (-0.1121) 562 C19    *s     (-0.1048) 592 C20    *s     (-0.1094) 593 C20    *s     (-0.1024)
      
         47   -1.1147                                                                                                                     
                 5 C1     *s     ( 0.1341)  11 C1     *py    ( 0.1540)  36 C2     *s     (-0.1350)  39 C2     *px    (-0.1089)
                42 C2     *py    ( 0.1163)  98 C4     *s     ( 0.1200) 104 C4     *py    (-0.1583) 129 C5     *s     (-0.1215)
               132 C5     *px    ( 0.1167) 135 C5     *py    (-0.1100) 189 C7     *s     ( 0.1004) 190 C7     *s     ( 0.1064)
               220 C8     *s     (-0.1067) 221 C8     *s     (-0.1125) 282 C10    *s     ( 0.1009) 283 C10    *s     ( 0.1063)
               313 C11    *s     (-0.1040) 314 C11    *s     (-0.1093) 437 C15    *s     (-0.1012) 530 C18    *s     ( 0.1043)
               623 C21    *s     (-0.1026) 716 C24    *s     ( 0.1035)
         48   -1.0961                                                                                                                     
      
         49   -1.0565                                                                                                                     
               375 C13    *s     (-0.1055) 376 C13    *s     (-0.1094) 406 C14    *s     (-0.1051) 407 C14    *s     (-0.1090)
               561 C19    *s     ( 0.1068) 562 C19    *s     ( 0.1097) 592 C20    *s     ( 0.1086) 593 C20    *s     ( 0.1123)
      
         50   -1.0426                                                                                                                     
                 5 C1     *s     (-0.1686)  36 C2     *s     ( 0.1661)  67 C3     *s     (-0.1260)  98 C4     *s     ( 0.1632)
               129 C5     *s     (-0.1624) 160 C6     *s     ( 0.1267) 189 C7     *s     ( 0.1096) 190 C7     *s     ( 0.1131)
               220 C8     *s     (-0.1089) 221 C8     *s     (-0.1123) 251 C9     *s     ( 0.1127) 252 C9     *s     ( 0.1109)
               282 C10    *s     (-0.1088) 283 C10    *s     (-0.1119) 313 C11    *s     ( 0.1093) 314 C11    *s     ( 0.1128)
               344 C12    *s     (-0.1131) 345 C12    *s     (-0.1113)
         51   -1.0269                                                                                                                     
                 3 C1     *s     (-0.1252)   4 C1     *s     (-0.1349)  34 C2     *s     (-0.1207)  35 C2     *s     (-0.1299)
                96 C4     *s     ( 0.1240)  97 C4     *s     ( 0.1329) 127 C5     *s     ( 0.1216) 128 C5     *s     ( 0.1302)
      
         52   -1.0167                                                                                                                     
                65 C3     *s     ( 0.1451)  66 C3     *s     ( 0.1484) 158 C6     *s     (-0.1453) 159 C6     *s     (-0.1488)
      
         53   -0.9754                                                                                                                     
                11 C1     *py    ( 0.1127) 104 C4     *py    (-0.1148) 221 C8     *s     (-0.1048) 314 C11    *s     (-0.1032)
               375 C13    *s     ( 0.1032) 376 C13    *s     ( 0.1190) 530 C18    *s     (-0.1122) 531 C18    *s     (-0.1062)
               561 C19    *s     ( 0.1062) 562 C19    *s     ( 0.1210) 716 C24    *s     (-0.1123) 717 C24    *s     (-0.1061)
      
         54   -0.9740                                                                                                                     
                11 C1     *py    (-0.1014)  39 C2     *px    ( 0.1196) 104 C4     *py    ( 0.1064) 132 C5     *px    (-0.1283)
               190 C7     *s     (-0.1055) 282 C10    *s     (-0.1011) 283 C10    *s     (-0.1074) 406 C14    *s     ( 0.1006)
               407 C14    *s     ( 0.1156) 437 C15    *s     (-0.1092) 438 C15    *s     (-0.1041) 592 C20    *s     ( 0.1030)
               593 C20    *s     ( 0.1162) 623 C21    *s     (-0.1046) 624 C21    *s     (-0.1007)
         55   -0.8745                                                                                                                     
               252 C9     *s     (-0.1123) 345 C12    *s     ( 0.1215) 376 C13    *s     ( 0.1119) 407 C14    *s     (-0.1291)
               562 C19    *s     (-0.1020) 593 C20    *s     ( 0.1004) 623 C21    *s     (-0.1026) 624 C21    *s     (-0.1092)
      
         56   -0.8730                                                                                                                     
               190 C7     *s     ( 0.1034) 221 C8     *s     ( 0.1086) 283 C10    *s     (-0.1001) 314 C11    *s     (-0.1154)
               499 C17    *s     ( 0.1050) 500 C17    *s     ( 0.1167) 654 C22    *s     ( 0.1093) 655 C22    *s     ( 0.1221)
               686 C23    *s     (-0.1019)
         57   -0.8720                                                                                                                     
                 4 C1     *s     (-0.1074)   5 C1     *s     (-0.1912)  11 C1     *py    (-0.1656)  34 C2     *s     ( 0.1057)
                35 C2     *s     ( 0.1385)  36 C2     *s     ( 0.1862)  39 C2     *px    ( 0.1652)  70 C3     *px    ( 0.1146)
                96 C4     *s     (-0.1044)  97 C4     *s     (-0.1321)  98 C4     *s     (-0.1903) 104 C4     *py    ( 0.1815)
               128 C5     *s     ( 0.1203) 129 C5     *s     ( 0.2030) 132 C5     *px    (-0.1484) 593 C20    *s     (-0.1040)
      
         58   -0.8711                                                                                                                     
                65 C3     *s     ( 0.1166)  66 C3     *s     ( 0.1472) 158 C6     *s     ( 0.1099) 159 C6     *s     ( 0.1375)
      
         59   -0.8526                                                                                                                     
      
         60   -0.7878                                                                                                                     
                11 C1     *py    (-0.1491)  39 C2     *px    ( 0.1320)  70 C3     *px    ( 0.1408) 104 C4     *py    ( 0.1520)
               132 C5     *px    (-0.1368) 163 C6     *px    (-0.1446) 376 C13    *s     (-0.1188) 377 C13    *s     (-0.1291)
               407 C14    *s     ( 0.1207) 408 C14    *s     ( 0.1314) 438 C15    *s     (-0.1006) 439 C15    *s     (-0.1147)
               469 C16    *s     ( 0.1127) 470 C16    *s     ( 0.1263) 500 C17    *s     (-0.1114) 501 C17    *s     (-0.1250)
               531 C18    *s     ( 0.1018) 532 C18    *s     ( 0.1153) 562 C19    *s     (-0.1198) 563 C19    *s     (-0.1296)
               593 C20    *s     ( 0.1194) 594 C20    *s     ( 0.1289) 624 C21    *s     (-0.1025) 625 C21    *s     (-0.1145)
               655 C22    *s     ( 0.1110) 656 C22    *s     ( 0.1243) 686 C23    *s     (-0.1121) 687 C23    *s     (-0.1249)
               717 C24    *s     ( 0.1011) 718 C24    *s     ( 0.1126)
         61   -0.7705                                                                                                                     
                 4 C1     *s     (-0.1019)  35 C2     *s     ( 0.1031)  66 C3     *s     (-0.1141)  97 C4     *s     ( 0.1037)
               128 C5     *s     (-0.1039) 129 C5     *s     (-0.1006) 159 C6     *s     ( 0.1130)
         62   -0.7523                                                                                                                     
      
         63   -0.7482                                                                                                                     
                 5 C1     *s     (-0.1091)  36 C2     *s     ( 0.1124)  98 C4     *s     ( 0.1097) 129 C5     *s     (-0.1100)
               252 C9     *s     (-0.1160) 253 C9     *s     (-0.1151) 345 C12    *s     ( 0.1159) 346 C12    *s     ( 0.1150)
      
         64   -0.7326                                                                                                                     
                 9 C1     2py    ( 0.1113) 102 C4     2py    ( 0.1120)
         65   -0.7081                                                                                                                     
      
         66   -0.6655                                                                                                                     
                66 C3     *s     ( 0.1028) 159 C6     *s     ( 0.1027) 378 C13    2px    (-0.1175) 409 C14    2px    (-0.1050)
               564 C19    2px    ( 0.1113) 595 C20    2px    ( 0.1082)
         67   -0.6552                                                                                                                     
                 4 C1     *s     ( 0.1039)   5 C1     *s     ( 0.1293)  35 C2     *s     (-0.1025)  36 C2     *s     (-0.1218)
                97 C4     *s     ( 0.1043)  98 C4     *s     ( 0.1117) 128 C5     *s     (-0.1011) 129 C5     *s     (-0.1114)
               443 C15    2py    (-0.1190) 474 C16    2py    (-0.1064) 629 C21    2py    ( 0.1191) 660 C22    2py    ( 0.1072)
      
         68   -0.6490                                                                                                                     
                 5 C1     *s     ( 0.1730)  36 C2     *s     (-0.1852)  68 C3     2px    (-0.1130)  98 C4     *s     ( 0.1973)
               129 C5     *s     (-0.1971) 161 C6     2px    ( 0.1115) 190 C7     *s     (-0.1048) 191 C7     *s     (-0.1269)
               221 C8     *s     ( 0.1052) 222 C8     *s     ( 0.1275) 283 C10    *s     (-0.1071) 284 C10    *s     (-0.1239)
               314 C11    *s     ( 0.1025) 315 C11    *s     ( 0.1246) 377 C13    *s     ( 0.1084) 408 C14    *s     (-0.1038)
               563 C19    *s     ( 0.1047) 594 C20    *s     (-0.1042)
         69   -0.6454                                                                                                                     
               381 C13    2py    ( 0.1303) 382 C13    *py    ( 0.1023) 412 C14    2py    (-0.1446) 413 C14    *py    (-0.1151)
               567 C19    2py    ( 0.1241) 598 C20    2py    (-0.1393) 599 C20    *py    (-0.1112)
         70   -0.6428                                                                                                                     
                 9 C1     2py    ( 0.1170) 102 C4     2py    (-0.1177) 252 C9     *s     ( 0.1256) 345 C12    *s     ( 0.1259)
      
         71   -0.6398                                                                                                                     
               440 C15    2px    ( 0.1357) 441 C15    *px    ( 0.1045) 471 C16    2px    (-0.1218) 505 C17    2py    ( 0.1030)
               536 C18    2py    (-0.1140) 626 C21    2px    ( 0.1356) 627 C21    *px    ( 0.1044) 657 C22    2px    (-0.1226)
               691 C23    2py    ( 0.1030) 722 C24    2py    (-0.1135)
         72   -0.6022                                                                                                                     
                12 C1     2pz    ( 0.1008)  43 C2     2pz    ( 0.1019)  44 C2     *pz    ( 0.1006) 136 C5     2pz    ( 0.1005)
               253 C9     *s     (-0.1043) 346 C12    *s     (-0.1022)
         73   -0.5994                                                                                                                     
                 5 C1     *s     ( 0.2225)  36 C2     *s     (-0.1284)  98 C4     *s     (-0.2353) 129 C5     *s     ( 0.1244)
               135 C5     *py    ( 0.1211) 164 C6     2py    ( 0.1268) 165 C6     *py    ( 0.1017) 166 C6     *py    (-0.1085)
               346 C12    *s     (-0.1255) 629 C21    2py    ( 0.1373) 752 H26    *s     (-0.1050) 794 H33    *s     (-0.1090)
      
         74   -0.5990                                                                                                                     
                36 C2     *s     ( 0.2041)  37 C2     2px    (-0.1317)  38 C2     *px    (-0.1059)  68 C3     2px    ( 0.1330)
                69 C3     *px    ( 0.1069) 129 C5     *s     (-0.2044) 130 C5     2px    (-0.1266) 131 C5     *px    (-0.1036)
               161 C6     2px    ( 0.1286) 162 C6     *px    ( 0.1026) 378 C13    2px    (-0.1280) 379 C13    *px    (-0.1076)
               533 C18    2px    ( 0.1253) 564 C19    2px    (-0.1143) 719 C24    2px    ( 0.1096) 746 H25    *s     (-0.1002)
      
         75   -0.5969                                                                                                                     
               443 C15    2py    ( 0.1048) 598 C20    2py    (-0.1102)
         76   -0.5896                                                                                                                     
                 9 C1     2py    ( 0.1030)  40 C2     2py    (-0.1244) 102 C4     2py    ( 0.1028) 133 C5     2py    (-0.1209)
               474 C16    2py    (-0.1212) 660 C22    2py    (-0.1171)
         77   -0.5739                                                                                                                     
               253 C9     *s     (-0.1062) 346 C12    *s     (-0.1079) 381 C13    2py    ( 0.1349) 382 C13    *py    ( 0.1100)
               412 C14    2py    (-0.1178) 440 C15    2px    ( 0.1046) 567 C19    2py    (-0.1341) 568 C19    *py    (-0.1085)
               598 C20    2py    ( 0.1178) 626 C21    2px    (-0.1015)
         78   -0.5689                                                                                                                     
                 8 C1     *px    ( 0.1152)  11 C1     *py    (-0.1372)  42 C2     *py    (-0.1728) 104 C4     *py    ( 0.1440)
               135 C5     *py    ( 0.1585) 440 C15    2px    (-0.1313) 441 C15    *px    (-0.1006) 471 C16    2px    ( 0.1433)
               472 C16    *px    ( 0.1125) 505 C17    2py    ( 0.1316) 506 C17    *py    ( 0.1025) 536 C18    2py    (-0.1235)
               626 C21    2px    ( 0.1341) 627 C21    *px    ( 0.1029) 657 C22    2px    (-0.1453) 658 C22    *px    (-0.1135)
               691 C23    2py    (-0.1340) 692 C23    *py    (-0.1041) 722 C24    2py    ( 0.1259)
         79   -0.5552                                                                                                                     
               198 C7     2pz    (-0.1063) 199 C7     *pz    (-0.1038) 229 C8     2pz    (-0.1008) 322 C11    2pz    ( 0.1078)
               323 C11    *pz    ( 0.1049)
         80   -0.5426                                                                                                                     
                 5 C1     *s     (-0.1523)  36 C2     *s     ( 0.1555) 223 C8     2px    (-0.1180) 378 C13    2px    (-0.1128)
               409 C14    2px    ( 0.1165) 502 C17    2px    ( 0.1011) 533 C18    2px    (-0.1091) 629 C21    2py    ( 0.1131)
               660 C22    2py    (-0.1093) 746 H25    *s     (-0.1101) 752 H26    *s     ( 0.1115) 776 H30    *s     ( 0.1042)
               794 H33    *s     (-0.1027)
         81   -0.5417                                                                                                                     
                 5 C1     *s     ( 0.1122)  36 C2     *s     (-0.1108)  98 C4     *s     (-0.1801) 129 C5     *s     ( 0.1881)
               316 C11    2px    ( 0.1099) 443 C15    2py    (-0.1099) 474 C16    2py    ( 0.1112) 564 C19    2px    ( 0.1105)
               595 C20    2px    (-0.1086) 688 C23    2px    (-0.1030) 719 C24    2px    ( 0.1053) 758 H27    *s     (-0.1016)
               782 H31    *s     (-0.1078) 788 H32    *s     ( 0.1091) 812 H36    *s     ( 0.1024)
         82   -0.5319                                                                                                                     
      
         83   -0.5276                                                                                                                     
               195 C7     2py    ( 0.1003) 288 C10    2py    ( 0.1015) 536 C18    2py    (-0.1131) 722 C24    2py    (-0.1110)
      
         84   -0.5181                                                                                                                     
                71 C3     2py    (-0.1074) 164 C6     2py    (-0.1100)
         85   -0.5159                                                                                                                     
               254 C9     2px    ( 0.1236) 347 C12    2px    ( 0.1233) 470 C16    *s     ( 0.1193) 471 C16    2px    (-0.1013)
               501 C17    *s     (-0.1186) 502 C17    2px    (-0.1201) 533 C18    2px    ( 0.1038) 656 C22    *s     (-0.1189)
               687 C23    *s     ( 0.1210) 688 C23    2px    (-0.1201) 719 C24    2px    ( 0.1035)
         86   -0.4825                                                                                                                     
               835 NI37   3d2-   (-0.2718) 836 NI37   *d2-   (-0.1825) 837 NI37   *d2-   (-0.1189) 843 NI37   3d0    ( 0.4674)
               844 NI37   *d0    ( 0.3113) 845 NI37   *d0    ( 0.2009)
         87   -0.4749                                                                                                                     
                39 C2     *px    ( 0.1130) 843 NI37   3d0    ( 0.1506) 844 NI37   *d0    ( 0.1004) 880 NI38   3d2-   ( 0.1607)
               881 NI38   *d2-   ( 0.1078) 888 NI38   3d0    (-0.2668) 889 NI38   *d0    (-0.1777) 890 NI38   *d0    (-0.1153)
               896 NI38   3d2+   ( 0.1109)
         88   -0.4713                                                                                                                     
                37 C2     2px    ( 0.1074)  68 C3     2px    (-0.1051)  99 C4     2px    ( 0.1055) 104 C4     *py    (-0.1038)
               191 C7     *s     (-0.1556) 222 C8     *s     ( 0.1123) 284 C10    *s     (-0.1765) 285 C10    2px    (-0.1050)
               315 C11    *s     ( 0.1031) 888 NI38   3d0    ( 0.1533) 889 NI38   *d0    ( 0.1021)
         89   -0.4708                                                                                                                     
                11 C1     *py    ( 0.1435)  39 C2     *px    (-0.1265)  70 C3     *px    (-0.1343)  73 C3     *py    (-0.1049)
               104 C4     *py    (-0.1538) 129 C5     *s     ( 0.1297) 132 C5     *px    ( 0.1163) 163 C6     *px    ( 0.1244)
               843 NI37   3d0    ( 0.1118) 888 NI38   3d0    ( 0.3460) 889 NI38   *d0    ( 0.2306) 890 NI38   *d0    ( 0.1502)
      
         90   -0.4670                                                                                                                     
                11 C1     *py    ( 0.3841)  39 C2     *px    (-0.3640)  42 C2     *py    ( 0.1433)  70 C3     *px    (-0.3582)
                73 C3     *py    (-0.2421)  98 C4     *s     (-0.1426) 101 C4     *px    (-0.1164) 104 C4     *py    (-0.4057)
               129 C5     *s     ( 0.1245) 132 C5     *px    ( 0.4149) 163 C6     *px    ( 0.3930) 166 C6     *py    ( 0.1955)
               292 C10    *pz    ( 0.1004) 880 NI38   3d2-   ( 0.1536) 881 NI38   *d2-   ( 0.1029) 888 NI38   3d0    (-0.2162)
               889 NI38   *d0    (-0.1441)
         91   -0.4630                                                                                                                     
                11 C1     *py    ( 0.1396)  39 C2     *px    (-0.1539)  70 C3     *px    (-0.1611) 104 C4     *py    (-0.1722)
               132 C5     *px    ( 0.1799) 163 C6     *px    ( 0.1630) 260 C9     2pz    ( 0.1255) 261 C9     *pz    ( 0.1257)
               353 C12    2pz    ( 0.1216) 354 C12    *pz    ( 0.1216) 415 C14    2pz    (-0.1051) 416 C14    *pz    (-0.1042)
               843 NI37   3d0    (-0.1113) 880 NI38   3d2-   (-0.1010) 896 NI38   3d2+   (-0.1045)
         92   -0.4387                                                                                                                     
                67 C3     *s     ( 0.1511) 439 C15    *s     (-0.1115) 835 NI37   3d2-   ( 0.2443) 836 NI37   *d2-   ( 0.1635)
               837 NI37   *d2-   ( 0.1061) 843 NI37   3d0    ( 0.1753) 844 NI37   *d0    ( 0.1170) 851 NI37   3d2+   ( 0.2935)
               852 NI37   *d2+   ( 0.1973) 853 NI37   *d2+   ( 0.1292) 880 NI38   3d2-   (-0.1023)
         93   -0.4361                                                                                                                     
               851 NI37   3d2+   ( 0.1254) 880 NI38   3d2-   (-0.3032) 881 NI38   *d2-   (-0.2034) 882 NI38   *d2-   (-0.1327)
               888 NI38   3d0    (-0.1930) 889 NI38   *d0    (-0.1289) 896 NI38   3d2+   (-0.1079)
         94   -0.4282                                                                                                                     
                 5 C1     *s     ( 0.1004)  36 C2     *s     (-0.1146)  67 C3     *s     ( 0.1473) 132 C5     *px    ( 0.1309)
               160 C6     *s     (-0.2102) 835 NI37   3d2-   (-0.1201) 888 NI38   3d0    (-0.1083) 896 NI38   3d2+   (-0.4919)
               897 NI38   *d2+   (-0.3313) 898 NI38   *d2+   (-0.2174)
         95   -0.4270                                                                                                                     
                67 C3     *s     ( 0.1153) 835 NI37   3d2-   ( 0.2641) 836 NI37   *d2-   ( 0.1773) 837 NI37   *d2-   ( 0.1150)
               843 NI37   3d0    ( 0.1540) 844 NI37   *d0    ( 0.1027) 880 NI38   3d2-   ( 0.3585) 881 NI38   *d2-   ( 0.2408)
               882 NI38   *d2-   ( 0.1566) 888 NI38   3d0    ( 0.1002) 896 NI38   3d2+   (-0.1244)
         96   -0.4182                                                                                                                     
                 8 C1     *px    (-0.1020)  39 C2     *px    ( 0.1043)  67 C3     *s     ( 0.1722) 160 C6     *s     (-0.1389)
               168 C6     *pz    (-0.1015) 835 NI37   3d2-   (-0.2612) 836 NI37   *d2-   (-0.1762) 837 NI37   *d2-   (-0.1164)
               851 NI37   3d2+   ( 0.3670) 852 NI37   *d2+   ( 0.2478) 853 NI37   *d2+   ( 0.1637) 880 NI38   3d2-   ( 0.1040)
      
         97   -0.3968                                                                                                                     
                 5 C1     *s     (-0.1836)  12 C1     2pz    ( 0.1142)  13 C1     *pz    ( 0.1176)  36 C2     *s     (-0.1397)
                39 C2     *px    ( 0.1170)  43 C2     2pz    ( 0.1015)  44 C2     *pz    ( 0.1049)  70 C3     *px    ( 0.1407)
                98 C4     *s     ( 0.1710) 105 C4     2pz    (-0.1245) 106 C4     *pz    (-0.1286) 129 C5     *s     ( 0.1294)
               136 C5     2pz    (-0.1018) 137 C5     *pz    (-0.1042) 163 C6     *px    ( 0.1030) 384 C13    2pz    (-0.1207)
               385 C13    *pz    (-0.1223) 415 C14    2pz    (-0.1331) 416 C14    *pz    (-0.1356) 570 C19    2pz    ( 0.1232)
               571 C19    *pz    ( 0.1253) 601 C20    2pz    ( 0.1370) 602 C20    *pz    ( 0.1393)
         98   -0.3833                                                                                                                     
                 5 C1     *s     (-0.2126)   8 C1     *px    ( 0.2009)  36 C2     *s     ( 0.2464)  39 C2     *px    (-0.1495)
                42 C2     *py    (-0.1555)  67 C3     *s     (-0.2374)  70 C3     *px    (-0.1398)  73 C3     *py    ( 0.1273)
                98 C4     *s     ( 0.1930) 101 C4     *px    ( 0.1742) 129 C5     *s     (-0.2243) 135 C5     *py    (-0.1680)
               160 C6     *s     ( 0.2479) 166 C6     *py    ( 0.1679) 191 C7     *s     (-0.1804) 198 C7     2pz    ( 0.1110)
               199 C7     *pz    ( 0.1140) 222 C8     *s     ( 0.1742) 229 C8     2pz    (-0.1117) 230 C8     *pz    (-0.1156)
               253 C9     *s     (-0.1401) 260 C9     2pz    ( 0.1267) 261 C9     *pz    ( 0.1276) 284 C10    *s     ( 0.1537)
               291 C10    2pz    (-0.1080) 292 C10    *pz    (-0.1111) 315 C11    *s     (-0.1574) 322 C11    2pz    ( 0.1065)
               323 C11    *pz    ( 0.1093) 346 C12    *s     ( 0.1311) 353 C12    2pz    (-0.1245) 354 C12    *pz    (-0.1255)
               477 C16    2pz    ( 0.1169) 478 C16    *pz    ( 0.1157) 718 C24    *s     ( 0.1069)
         99   -0.3608                                                                                                                     
               446 C15    2pz    (-0.1459) 447 C15    *pz    (-0.1452) 477 C16    2pz    (-0.1139) 478 C16    *pz    (-0.1142)
               508 C17    2pz    ( 0.1168) 509 C17    *pz    ( 0.1162) 632 C21    2pz    ( 0.1254) 633 C21    *pz    ( 0.1250)
               663 C22    2pz    ( 0.1076) 664 C22    *pz    ( 0.1077) 694 C23    2pz    (-0.1124) 695 C23    *pz    (-0.1121)
      
        100   -0.3377                                                                                                                     
                 5 C1     *s     (-0.1130)  11 C1     *py    (-0.3368)  39 C2     *px    ( 0.3005)  42 C2     *py    (-0.1666)
                67 C3     *s     (-0.1236)  70 C3     *px    ( 0.2754)  73 C3     *py    ( 0.2584)  98 C4     *s     ( 0.1682)
               101 C4     *px    ( 0.1787) 104 C4     *py    ( 0.3276) 129 C5     *s     (-0.2221) 132 C5     *px    (-0.4053)
               160 C6     *s     ( 0.1867) 163 C6     *px    (-0.3862) 284 C10    *s     ( 0.1478) 315 C11    *s     (-0.1356)
               446 C15    2pz    (-0.1033) 447 C15    *pz    (-0.1028) 477 C16    2pz    (-0.1152) 478 C16    *pz    (-0.1152)
               694 C23    2pz    ( 0.1407) 695 C23    *pz    ( 0.1411) 696 C23    *pz    ( 0.1046) 725 C24    2pz    ( 0.1503)
               726 C24    *pz    ( 0.1497) 727 C24    *pz    ( 0.1085) 839 NI37   3d1-   (-0.1432) 847 NI37   3d1+   ( 0.1103)
               884 NI38   3d1-   ( 0.1007)
        101   -0.4047                                                                                                                     
                 5 C1     *s     (-0.4260)   8 C1     *px    ( 0.2050)  11 C1     *py    (-0.1895)  36 C2     *s     ( 0.4730)
                42 C2     *py    (-0.2687)  70 C3     *px    (-0.1088)  73 C3     *py    ( 0.1178)  98 C4     *s     ( 0.3175)
               104 C4     *py    (-0.1336) 129 C5     *s     (-0.3030) 135 C5     *py    (-0.1491) 166 C6     *py    ( 0.1353)
               197 C7     *py    ( 0.1569) 225 C8     *px    (-0.1539) 253 C9     *s     (-0.1242) 346 C12    *s     ( 0.1350)
               377 C13    *s     (-0.2623) 408 C14    *s     ( 0.2377) 439 C15    *s     (-0.1195) 718 C24    *s     ( 0.1387)
               839 NI37   3d1-   ( 0.3962) 840 NI37   *d1-   ( 0.2635) 841 NI37   *d1-   ( 0.1637) 847 NI37   3d1+   (-0.3313)
               848 NI37   *d1+   (-0.2203) 849 NI37   *d1+   (-0.1364) 851 NI37   3d2+   (-0.1086)
        102   -0.3757                                                                                                                     
                 5 C1     *s     ( 0.1565)   8 C1     *px    (-0.1640)  11 C1     *py    (-0.3525)  39 C2     *px    ( 0.3080)
                67 C3     *s     ( 0.1599)  70 C3     *px    ( 0.2299) 104 C4     *py    ( 0.1277) 132 C5     *px    (-0.1039)
               160 C6     *s     (-0.3127) 163 C6     *px    (-0.1924) 166 C6     *py    (-0.2273) 167 C6     2pz    ( 0.1059)
               168 C6     *pz    ( 0.1077) 222 C8     *s     (-0.1085) 532 C18    *s     (-0.1145) 563 C19    *s     ( 0.1463)
               594 C20    *s     (-0.1563) 625 C21    *s     ( 0.1184) 835 NI37   3d2-   (-0.1156) 851 NI37   3d2+   ( 0.1503)
               852 NI37   *d2+   ( 0.1015) 884 NI38   3d1-   ( 0.3749) 885 NI38   *d1-   ( 0.2505) 886 NI38   *d1-   ( 0.1586)
               892 NI38   3d1+   (-0.1599) 893 NI38   *d1+   (-0.1067)
        103   -0.3325                                                                                                                     
                 5 C1     *s     ( 0.1365)  36 C2     *s     ( 0.1845)  39 C2     *px    (-0.1321)  67 C3     *s     (-0.3881)
                73 C3     *py    ( 0.1123)  98 C4     *s     ( 0.2110) 104 C4     *py    ( 0.1256) 129 C5     *s     ( 0.1744)
               132 C5     *px    ( 0.1122) 160 C6     *s     (-0.2821) 260 C9     2pz    ( 0.1178) 261 C9     *pz    ( 0.1199)
               290 C10    *py    (-0.1171) 384 C13    2pz    ( 0.1060) 385 C13    *pz    ( 0.1097) 415 C14    2pz    ( 0.1023)
               416 C14    *pz    ( 0.1065) 532 C18    *s     ( 0.1224) 539 C18    2pz    (-0.1181) 540 C18    *pz    (-0.1171)
               570 C19    2pz    ( 0.1178) 571 C19    *pz    ( 0.1232) 601 C20    2pz    ( 0.1200) 602 C20    *pz    ( 0.1248)
               892 NI38   3d1+   ( 0.1219)
        104   -0.3102                                                                                                                     
                 5 C1     *s     ( 0.1528)  11 C1     *py    (-0.2846)  36 C2     *s     (-0.1151)  39 C2     *px    ( 0.2718)
                67 C3     *s     ( 0.1103)  70 C3     *px    ( 0.2740)  98 C4     *s     (-0.3344) 101 C4     *px    (-0.1360)
               104 C4     *py    ( 0.4001) 129 C5     *s     ( 0.3321) 132 C5     *px    (-0.2815) 135 C5     *py    ( 0.3169)
               160 C6     *s     (-0.1314) 163 C6     *px    (-0.1803) 166 C6     *py    (-0.2358) 290 C10    *py    (-0.1380)
               318 C11    *px    ( 0.1503) 563 C19    *s     (-0.2129) 594 C20    *s     ( 0.2189) 839 NI37   3d1-   ( 0.1108)
               847 NI37   3d1+   (-0.1200) 851 NI37   3d2+   ( 0.1021) 884 NI38   3d1-   (-0.3410) 885 NI38   *d1-   (-0.2262)
               886 NI38   *d1-   (-0.1393) 892 NI38   3d1+   ( 0.1750) 893 NI38   *d1+   ( 0.1162)
        105   -0.1198                                                                                                                     
                98 C4     *s     ( 0.1264) 129 C5     *s     ( 0.1798) 884 NI38   3d1-   ( 0.2585) 885 NI38   *d1-   ( 0.1715)
               886 NI38   *d1-   ( 0.1039) 892 NI38   3d1+   ( 0.5193) 893 NI38   *d1+   ( 0.3449) 894 NI38   *d1+   ( 0.2101)
      
        106   -0.0591                                                                                                                     
                 5 C1     *s     ( 0.2095)  36 C2     *s     ( 0.1252)  67 C3     *s     (-0.1320) 439 C15    *s     ( 0.1241)
               822 NI37   *s     (-0.1764) 839 NI37   3d1-   (-0.3697) 840 NI37   *d1-   (-0.2460) 841 NI37   *d1-   (-0.1511)
               847 NI37   3d1+   (-0.4326) 848 NI37   *d1+   (-0.2877) 849 NI37   *d1+   (-0.1761)
        107   -0.0270                                                                                                                     
                 5 C1     *s     ( 0.1078)  36 C2     *s     ( 0.1035)  67 C3     *s     (-0.4109) 160 C6     *s     (-0.3985)
               377 C13    *s     (-0.1241) 408 C14    *s     (-0.1280) 563 C19    *s     (-0.1293) 594 C20    *s     (-0.1298)
               820 NI37   4s     (-0.1207) 821 NI37   *s     ( 0.1323) 822 NI37   *s     ( 0.8410) 865 NI38   4s     (-0.1246)
               866 NI38   *s     ( 0.1377) 867 NI38   *s     ( 0.8632)
        108    0.0021                                                                                                                     
                 5 C1     *s     (-0.1341)  36 C2     *s     (-0.1369)  98 C4     *s     ( 0.1011) 129 C5     *s     ( 0.1240)
               194 C7     *px    (-0.1088) 200 C7     *pz    ( 0.1512) 231 C8     *pz    ( 0.1441) 287 C10    *px    (-0.1009)
               293 C10    *pz    (-0.1509) 324 C11    *pz    (-0.1389) 479 C16    *pz    (-0.1181) 510 C17    *pz    ( 0.1218)
               665 C22    *pz    ( 0.1243) 696 C23    *pz    (-0.1170) 820 NI37   4s     ( 0.1157) 821 NI37   *s     (-0.1267)
               822 NI37   *s     (-0.7439) 865 NI38   4s     (-0.1140) 866 NI38   *s     ( 0.1278) 867 NI38   *s     ( 0.7245)
      
        109    0.0147                                                                                                                     
                 5 C1     *s     (-0.1787)   8 C1     *px    ( 0.2926)  36 C2     *s     ( 0.1219)  42 C2     *py    (-0.2933)
                67 C3     *s     (-0.1429)  73 C3     *py    ( 0.1814)  76 C3     *pz    (-0.1553)  98 C4     *s     ( 0.1663)
               101 C4     *px    ( 0.2922) 129 C5     *s     (-0.1469) 135 C5     *py    (-0.2876) 160 C6     *s     ( 0.1832)
               166 C6     *py    ( 0.1790) 169 C6     *pz    ( 0.1505) 191 C7     *s     (-0.2216) 194 C7     *px    ( 0.1898)
               197 C7     *py    (-0.1430) 200 C7     *pz    (-0.1361) 222 C8     *s     ( 0.2502) 228 C8     *py    (-0.2428)
               231 C8     *pz    ( 0.1501) 253 C9     *s     (-0.1318) 260 C9     2pz    ( 0.1291) 261 C9     *pz    ( 0.1320)
               262 C9     *pz    ( 0.1989) 284 C10    *s     ( 0.2288) 287 C10    *px    ( 0.1915) 290 C10    *py    (-0.1361)
               293 C10    *pz    ( 0.1390) 315 C11    *s     (-0.2296) 321 C11    *py    (-0.2413) 324 C11    *pz    (-0.1500)
               346 C12    *s     ( 0.1111) 353 C12    2pz    (-0.1265) 354 C12    *pz    (-0.1291) 355 C12    *pz    (-0.2001)
               384 C13    2pz    (-0.1070) 385 C13    *pz    (-0.1145) 386 C13    *pz    (-0.2200) 415 C14    2pz    ( 0.1104)
               416 C14    *pz    ( 0.1179) 417 C14    *pz    ( 0.2216) 439 C15    *s     ( 0.1759) 446 C15    2pz    (-0.1071)
               447 C15    *pz    (-0.1028) 448 C15    *pz    (-0.2053) 532 C18    *s     ( 0.1812) 539 C18    2pz    (-0.1119)
               540 C18    *pz    (-0.1075) 541 C18    *pz    (-0.2127) 570 C19    2pz    ( 0.1108) 571 C19    *pz    ( 0.1185)
               572 C19    *pz    ( 0.2233) 601 C20    2pz    (-0.1080) 602 C20    *pz    (-0.1154) 603 C20    *pz    (-0.2176)
               625 C21    *s     (-0.1872) 632 C21    2pz    ( 0.1042) 633 C21    *pz    ( 0.1002) 634 C21    *pz    ( 0.1980)
               718 C24    *s     (-0.1888) 725 C24    2pz    ( 0.1079) 726 C24    *pz    ( 0.1038) 727 C24    *pz    ( 0.2041)
      
        110    0.0357                                                                                                                     
                 5 C1     *s     ( 0.6835)   8 C1     *px    ( 0.1901)  11 C1     *py    (-0.1233)  14 C1     *pz    ( 0.1290)
                36 C2     *s     ( 0.6875)  42 C2     *py    ( 0.2190)  45 C2     *pz    ( 0.1267)  70 C3     *px    (-0.2644)
                73 C3     *py    (-0.1487)  98 C4     *s     (-0.6934) 101 C4     *px    ( 0.1906) 104 C4     *py    (-0.1268)
               107 C4     *pz    (-0.1257) 129 C5     *s     (-0.6982) 135 C5     *py    ( 0.2223) 138 C5     *pz    (-0.1264)
               163 C6     *px    (-0.2619) 166 C6     *py    (-0.1499) 191 C7     *s     (-0.3043) 194 C7     *px    ( 0.2287)
               200 C7     *pz    (-0.1284) 222 C8     *s     (-0.2978) 225 C8     *px    ( 0.1684) 228 C8     *py    ( 0.1607)
               231 C8     *pz    (-0.1248) 256 C9     *px    ( 0.1756) 259 C9     *py    ( 0.1036) 284 C10    *s     ( 0.3134)
               287 C10    *px    ( 0.2295) 293 C10    *pz    ( 0.1295) 315 C11    *s     ( 0.3092) 318 C11    *px    ( 0.1712)
               321 C11    *py    ( 0.1619) 324 C11    *pz    ( 0.1250) 349 C12    *px    ( 0.1779) 352 C12    *py    ( 0.1018)
               386 C13    *pz    ( 0.1355) 417 C14    *pz    ( 0.1427) 439 C15    *s     ( 0.1357) 470 C16    *s     (-0.2496)
               477 C16    2pz    ( 0.1044) 478 C16    *pz    ( 0.1021) 479 C16    *pz    ( 0.1862) 501 C17    *s     ( 0.2543)
               508 C17    2pz    (-0.1023) 509 C17    *pz    (-0.1003) 510 C17    *pz    (-0.1783) 532 C18    *s     (-0.1374)
               572 C19    *pz    (-0.1377) 603 C20    *pz    (-0.1422) 625 C21    *s     (-0.1425) 656 C22    *s     ( 0.2547)
               663 C22    2pz    (-0.1025) 664 C22    *pz    (-0.1004) 665 C22    *pz    (-0.1793) 687 C23    *s     (-0.2517)
               694 C23    2pz    ( 0.1049) 695 C23    *pz    ( 0.1026) 696 C23    *pz    ( 0.1868) 718 C24    *s     ( 0.1334)
               822 NI37   *s     (-0.7156) 867 NI38   *s     ( 0.7277)
        111    0.0831                                                                                                                     
                 5 C1     *s     ( 0.3947)   8 C1     *px    ( 0.1414)  12 C1     2pz    ( 0.1578)  13 C1     *pz    ( 0.1707)
                14 C1     *pz    ( 0.3009)  36 C2     *s     (-0.4282)  42 C2     *py    (-0.1779)  43 C2     2pz    (-0.1509)
                44 C2     *pz    (-0.1632)  45 C2     *pz    (-0.2860)  70 C3     *px    ( 0.2382)  73 C3     *py    ( 0.1585)
                98 C4     *s     ( 0.4093) 101 C4     *px    (-0.1378) 105 C4     2pz    ( 0.1603) 106 C4     *pz    ( 0.1735)
               107 C4     *pz    ( 0.3034) 129 C5     *s     (-0.4305) 135 C5     *py    ( 0.1698) 136 C5     2pz    (-0.1506)
               137 C5     *pz    (-0.1630) 138 C5     *pz    (-0.2850) 163 C6     *px    (-0.2372) 166 C6     *py    (-0.1529)
               194 C7     *px    ( 0.1176) 197 C7     *py    ( 0.1575) 200 C7     *pz    ( 0.1137) 225 C8     *px    (-0.2043)
               231 C8     *pz    (-0.1033) 256 C9     *px    (-0.1873) 287 C10    *px    (-0.1191) 290 C10    *py    (-0.1551)
               293 C10    *pz    ( 0.1103) 318 C11    *px    ( 0.1995) 324 C11    *pz    (-0.1050) 349 C12    *px    ( 0.1856)
               377 C13    *s     (-0.1963) 380 C13    *px    ( 0.1676) 383 C13    *py    ( 0.2181) 386 C13    *pz    (-0.3078)
               408 C14    *s     ( 0.1919) 411 C14    *px    (-0.2657) 417 C14    *pz    ( 0.3028) 448 C15    *pz    ( 0.1572)
               470 C16    *s     ( 0.1162) 479 C16    *pz    (-0.1148) 501 C17    *s     (-0.1078) 510 C17    *pz    ( 0.1448)
               541 C18    *pz    (-0.1833) 563 C19    *s     (-0.1940) 566 C19    *px    (-0.1660) 569 C19    *py    (-0.2178)
               572 C19    *pz    (-0.3086) 594 C20    *s     ( 0.1869) 597 C20    *px    ( 0.2645) 603 C20    *pz    ( 0.3052)
               634 C21    *pz    ( 0.1554) 656 C22    *s     ( 0.1127) 665 C22    *pz    (-0.1118) 687 C23    *s     (-0.1071)
               696 C23    *pz    ( 0.1427) 727 C24    *pz    (-0.1823)
        112    0.0901                                                                                                                     
                 5 C1     *s     ( 0.2831)   8 C1     *px    ( 0.1059)  11 C1     *py    (-0.1913)  14 C1     *pz    (-0.1541)
                36 C2     *s     ( 0.2546)  39 C2     *px    (-0.1021)  42 C2     *py    ( 0.1571)  45 C2     *pz    (-0.1811)
                67 C3     *s     (-1.0622)  70 C3     *px    ( 0.1835)  73 C3     *py    (-0.2802)  74 C3     2pz    ( 0.1739)
                75 C3     *pz    ( 0.1791)  76 C3     *pz    ( 0.3101)  98 C4     *s     ( 0.2876) 104 C4     *py    ( 0.1868)
               107 C4     *pz    (-0.1531) 129 C5     *s     ( 0.2414) 132 C5     *px    ( 0.1078) 135 C5     *py    (-0.1629)
               138 C5     *pz    (-0.1818) 160 C6     *s     (-1.0640) 163 C6     *px    (-0.1834) 166 C6     *py    ( 0.2844)
               167 C6     2pz    ( 0.1745) 168 C6     *pz    ( 0.1796) 169 C6     *pz    ( 0.3123) 191 C7     *s     (-0.4160)
               222 C8     *s     (-0.4098) 253 C9     *s     ( 0.6613) 256 C9     *px    ( 0.1886) 259 C9     *py    (-0.3487)
               262 C9     *pz    ( 0.1416) 284 C10    *s     (-0.4088) 315 C11    *s     (-0.4076) 346 C12    *s     ( 0.6657)
               349 C12    *px    (-0.1879) 352 C12    *py    ( 0.3497) 355 C12    *pz    ( 0.1398) 380 C13    *px    (-0.1136)
               414 C14    *py    (-0.1028) 439 C15    *s     ( 0.2414) 448 C15    *pz    ( 0.2725) 473 C16    *px    (-0.1150)
               479 C16    *pz    (-0.3091) 507 C17    *py    ( 0.1161) 510 C17    *pz    (-0.2983) 532 C18    *s     ( 0.2490)
               541 C18    *pz    ( 0.2565) 566 C19    *px    ( 0.1135) 625 C21    *s     ( 0.2412) 634 C21    *pz    ( 0.2750)
               659 C22    *px    ( 0.1144) 665 C22    *pz    (-0.3112) 693 C23    *py    (-0.1176) 696 C23    *pz    (-0.2960)
               718 C24    *s     ( 0.2512) 727 C24    *pz    ( 0.2578) 821 NI37   *s     (-0.1175) 822 NI37   *s     ( 0.1640)
               866 NI38   *s     (-0.1160) 867 NI38   *s     ( 0.1829)
        113    0.1104                                                                                                                     
                 5 C1     *s     ( 0.1923)   8 C1     *px    (-0.2920)  11 C1     *py    (-0.1063)  36 C2     *s     ( 0.1937)
                39 C2     *px    (-0.2261)  42 C2     *py    (-0.1829)  67 C3     *s     (-0.3604)  70 C3     *px    (-0.2823)
                73 C3     *py    ( 0.4769)  76 C3     *pz    ( 0.1054)  98 C4     *s     ( 0.1861) 101 C4     *px    ( 0.2789)
               129 C5     *s     ( 0.1981) 132 C5     *px    ( 0.2588) 135 C5     *py    ( 0.1970) 160 C6     *s     (-0.4032)
               163 C6     *px    ( 0.2993) 166 C6     *py    (-0.4902) 169 C6     *pz    ( 0.1053) 191 C7     *s     (-0.1120)
               197 C7     *py    (-0.1649) 198 C7     2pz    (-0.1289) 199 C7     *pz    (-0.1268) 200 C7     *pz    (-0.4223)
               222 C8     *s     (-0.1389) 225 C8     *px    (-0.1650) 229 C8     2pz    (-0.1285) 230 C8     *pz    (-0.1266)
               231 C8     *pz    (-0.4213) 253 C9     *s     (-0.4390) 259 C9     *py    ( 0.1301) 260 C9     2pz    (-0.1290)
               261 C9     *pz    (-0.1242) 262 C9     *pz    (-0.3982) 284 C10    *s     (-0.1201) 290 C10    *py    ( 0.1660)
               291 C10    2pz    (-0.1283) 292 C10    *pz    (-0.1270) 293 C10    *pz    (-0.4179) 315 C11    *s     (-0.1035)
               318 C11    *px    ( 0.1574) 322 C11    2pz    (-0.1288) 323 C11    *pz    (-0.1275) 324 C11    *pz    (-0.4175)
               346 C12    *s     (-0.4484) 352 C12    *py    (-0.1390) 353 C12    2pz    (-0.1297) 354 C12    *pz    (-0.1248)
               355 C12    *pz    (-0.4021) 376 C13    *s     (-0.1048) 377 C13    *s     ( 0.3125) 380 C13    *px    (-0.3069)
               386 C13    *pz    ( 0.1980) 407 C14    *s     (-0.1063) 408 C14    *s     ( 0.3435) 411 C14    *px    (-0.2178)
               414 C14    *py    (-0.2398) 417 C14    *pz    ( 0.1963) 439 C15    *s     (-0.1092) 448 C15    *pz    ( 0.1974)
               479 C16    *pz    ( 0.1768) 510 C17    *pz    ( 0.1777) 532 C18    *s     (-0.1108) 541 C18    *pz    ( 0.1958)
               563 C19    *s     ( 0.3431) 566 C19    *px    ( 0.2979) 572 C19    *pz    ( 0.1943) 594 C20    *s     ( 0.3210)
               597 C20    *px    ( 0.2090) 600 C20    *py    ( 0.2152) 603 C20    *pz    ( 0.1987) 634 C21    *pz    ( 0.1941)
               665 C22    *pz    ( 0.1812) 696 C23    *pz    ( 0.1782) 718 C24    *s     (-0.1143) 727 C24    *pz    ( 0.1982)
               747 H25    *s     ( 0.2254) 753 H26    *s     ( 0.2263) 783 H31    *s     ( 0.2069) 789 H32    *s     ( 0.2055)
               822 NI37   *s     (-0.1448) 867 NI38   *s     (-0.1502)
        114    0.1400                                                                                                                     
                 5 C1     *s     ( 0.5199)   8 C1     *px    ( 0.7632)  11 C1     *py    ( 0.9941)  36 C2     *s     (-0.5503)
                39 C2     *px    (-1.2557)  42 C2     *py    (-0.1839)  70 C3     *px    (-0.7348)  73 C3     *py    (-0.4489)
                98 C4     *s     ( 0.5351) 101 C4     *px    (-0.8208) 104 C4     *py    (-1.0418) 129 C5     *s     (-0.5058)
               132 C5     *px    ( 1.3444) 135 C5     *py    ( 0.1966) 163 C6     *px    ( 0.7911) 166 C6     *py    ( 0.3990)
               191 C7     *s     (-1.2839) 194 C7     *px    ( 0.5337) 197 C7     *py    (-0.5022) 222 C8     *s     ( 1.2997)
               225 C8     *px    ( 0.1664) 228 C8     *py    (-0.7074) 256 C9     *px    ( 0.1299) 284 C10    *s     (-1.3472)
               287 C10    *px    (-0.5318) 290 C10    *py    ( 0.5336) 315 C11    *s     ( 1.3501) 318 C11    *px    (-0.2016)
               321 C11    *py    ( 0.7451) 349 C12    *px    (-0.1196) 377 C13    *s     ( 0.1896) 380 C13    *px    (-0.3219)
               383 C13    *py    (-0.1129) 384 C13    2pz    (-0.1142) 385 C13    *pz    (-0.1278) 386 C13    *pz    (-0.4158)
               408 C14    *s     (-0.2098) 411 C14    *px    ( 0.2462) 414 C14    *py    ( 0.1942) 415 C14    2pz    ( 0.1130)
               416 C14    *pz    ( 0.1284) 417 C14    *pz    ( 0.4141) 439 C15    *s     ( 0.3403) 442 C15    *px    ( 0.2168)
               446 C15    2pz    (-0.1106) 447 C15    *pz    (-0.1104) 448 C15    *pz    (-0.2837) 470 C16    *s     ( 0.1075)
               477 C16    2pz    ( 0.1156) 478 C16    *pz    ( 0.1093) 479 C16    *pz    ( 0.3150) 501 C17    *s     (-0.1027)
               508 C17    2pz    (-0.1159) 509 C17    *pz    (-0.1100) 510 C17    *pz    (-0.3163) 532 C18    *s     (-0.3487)
               535 C18    *px    ( 0.1741) 538 C18    *py    ( 0.1529) 539 C18    2pz    ( 0.1113) 540 C18    *pz    ( 0.1107)
               541 C18    *pz    ( 0.2893) 563 C19    *s     ( 0.3013) 566 C19    *px    ( 0.3356) 569 C19    *py    ( 0.1150)
               570 C19    2pz    (-0.1117) 571 C19    *pz    (-0.1255) 572 C19    *pz    (-0.4036) 594 C20    *s     (-0.3057)
               597 C20    *px    (-0.2674) 600 C20    *py    (-0.2323) 601 C20    2pz    ( 0.1108) 602 C20    *pz    ( 0.1252)
               603 C20    *pz    ( 0.4014) 625 C21    *s     ( 0.3584) 628 C21    *px    (-0.2244) 632 C21    2pz    (-0.1128)
               633 C21    *pz    (-0.1119) 634 C21    *pz    (-0.2946) 663 C22    2pz    ( 0.1162) 664 C22    *pz    ( 0.1103)
               665 C22    *pz    ( 0.3186) 687 C23    *s     (-0.1287) 694 C23    2pz    (-0.1166) 695 C23    *pz    (-0.1105)
               696 C23    *pz    (-0.3178) 718 C24    *s     (-0.3498) 721 C24    *px    (-0.1967) 724 C24    *py    (-0.1547)
               725 C24    2pz    ( 0.1111) 726 C24    *pz    ( 0.1111) 727 C24    *pz    ( 0.2852) 747 H25    *s     ( 0.2971)
               753 H26    *s     (-0.2486) 759 H27    *s     (-0.2149) 777 H30    *s     ( 0.2197) 783 H31    *s     ( 0.2730)
               789 H32    *s     (-0.2669) 795 H33    *s     (-0.2143) 813 H36    *s     ( 0.2435)
        115    0.1416                                                                                                                     
                 4 C1     *s     ( 0.4335)   5 C1     *s     ( 0.7465)   7 C1     *px    ( 0.1542)   8 C1     *px    ( 0.1473)
                11 C1     *py    (-0.2733)  14 C1     *pz    (-0.1849)  35 C2     *s     ( 0.4319)  36 C2     *s     ( 0.6833)
                38 C2     *px    ( 0.1014)  39 C2     *px    (-0.1379)  41 C2     *py    ( 0.1141)  42 C2     *py    ( 0.2925)
                45 C2     *pz    (-0.1844)  66 C3     *s     ( 0.2621)  67 C3     *s     (-1.8422)  70 C3     *px    ( 0.3028)
                73 C3     *py    (-0.1137)  97 C4     *s     ( 0.3082)  98 C4     *s     ( 0.6913) 104 C4     *py    ( 0.4807)
               107 C4     *pz    (-0.1210) 128 C5     *s     ( 0.3110) 129 C5     *s     ( 0.7763) 132 C5     *px    ( 0.3838)
               135 C5     *py    (-0.1552) 138 C5     *pz    (-0.1196) 159 C6     *s     ( 0.2677) 160 C6     *s     (-1.8240)
               166 C6     *py    ( 0.2848) 190 C7     *s     ( 0.1681) 191 C7     *s     (-0.8864) 193 C7     *px    ( 0.2152)
               194 C7     *px    ( 1.0097) 210 C7     *d2+   (-0.1192) 221 C8     *s     ( 0.1712) 222 C8     *s     (-0.8799)
               224 C8     *px    ( 0.1643) 225 C8     *px    ( 0.5652) 227 C8     *py    ( 0.1471) 228 C8     *py    ( 0.8428)
               252 C9     *s     ( 0.1181) 253 C9     *s     ( 1.4942) 258 C9     *py    ( 0.1363) 259 C9     *py    (-0.2221)
               283 C10    *s     ( 0.1277) 284 C10    *s     (-0.6520) 286 C10    *px    (-0.1281) 287 C10    *px    (-0.3956)
               290 C10    *py    (-0.2844) 314 C11    *s     ( 0.1267) 315 C11    *s     (-0.7273) 318 C11    *px    (-0.4377)
               320 C11    *py    (-0.1030) 321 C11    *py    (-0.2226) 345 C12    *s     ( 0.1197) 346 C12    *s     ( 1.5066)
               348 C12    *px    ( 0.1060) 349 C12    *px    (-0.1987) 351 C12    *py    (-0.1068) 376 C13    *s     (-0.1725)
               377 C13    *s     (-1.4730) 379 C13    *px    ( 0.1501) 380 C13    *px    (-1.1216) 383 C13    *py    ( 0.3232)
               386 C13    *pz    (-0.1398) 407 C14    *s     (-0.1683) 408 C14    *s     (-1.4751) 410 C14    *px    ( 0.1635)
               411 C14    *px    (-0.2721) 414 C14    *py    (-1.1075) 417 C14    *pz    (-0.1430) 438 C15    *s     (-0.1684)
               439 C15    *s     (-0.1164) 442 C15    *px    (-0.7711) 445 C15    *py    (-0.8532) 470 C16    *s     (-1.2396)
               475 C16    *py    ( 0.1115) 476 C16    *py    ( 0.1270) 501 C17    *s     (-1.1244) 504 C17    *px    (-0.1647)
               532 C18    *s     ( 0.2171) 535 C18    *px    ( 0.7310) 562 C19    *s     (-0.1209) 563 C19    *s     (-0.7975)
               566 C19    *px    ( 0.5595) 569 C19    *py    (-0.1561) 593 C20    *s     (-0.1230) 594 C20    *s     (-0.7551)
               597 C20    *px    ( 0.1718) 600 C20    *py    ( 0.6008) 625 C21    *s     ( 0.1961) 628 C21    *px    ( 0.3836)
               631 C21    *py    ( 0.6552) 656 C22    *s     (-1.1599) 662 C22    *py    (-0.1525) 687 C23    *s     (-1.2904)
               689 C23    *px    ( 0.1331) 693 C23    *py    (-0.1027) 717 C24    *s     (-0.1771) 718 C24    *s     (-0.1113)
               720 C24    *px    ( 0.1056) 721 C24    *px    (-1.1599) 724 C24    *py    (-0.2320) 746 H25    *s     (-0.2553)
               747 H25    *s     ( 1.8954) 752 H26    *s     (-0.2526) 753 H26    *s     ( 1.8715) 758 H27    *s     (-0.1583)
               759 H27    *s     ( 1.2773) 765 H28    *s     ( 0.4428) 771 H29    *s     ( 0.3872) 777 H30    *s     ( 0.7895)
               782 H31    *s     (-0.1517) 783 H31    *s     ( 1.0165) 788 H32    *s     (-0.1540) 789 H32    *s     ( 1.0511)
               795 H33    *s     ( 0.8296) 801 H34    *s     ( 0.4218) 807 H35    *s     ( 0.4853) 812 H36    *s     (-0.1645)
               813 H36    *s     ( 1.3222) 822 NI37   *s     ( 0.2673) 834 NI37   *pz    (-0.1231) 850 NI37   *d1+   ( 0.1577)
               867 NI38   *s     ( 0.1386) 895 NI38   *d1+   (-0.1168)
        116    0.1459                                                                                                                     
                 4 C1     *s     ( 0.1646)   7 C1     *px    ( 0.1395)   8 C1     *px    ( 0.4341)  11 C1     *py    ( 0.3544)
                35 C2     *s     ( 0.1661)  38 C2     *px    ( 0.1383)  39 C2     *px    ( 0.5750)  42 C2     *py    ( 0.2005)
                67 C3     *s     ( 0.2958)  69 C3     *px    ( 0.1588)  70 C3     *px    ( 0.5737)  73 C3     *py    ( 0.3999)
                97 C4     *s     (-0.3420)  98 C4     *s     (-0.1553) 100 C4     *px    ( 0.1855) 101 C4     *px    ( 0.5040)
               104 C4     *py    ( 0.2437) 107 C4     *pz    ( 0.1627) 128 C5     *s     (-0.3408) 129 C5     *s     (-0.3056)
               131 C5     *px    ( 0.1604) 132 C5     *px    ( 0.4756) 134 C5     *py    ( 0.1279) 135 C5     *py    ( 0.2687)
               138 C5     *pz    ( 0.1593) 160 C6     *s     ( 0.2688) 162 C6     *px    ( 0.1332) 163 C6     *px    ( 0.5916)
               165 C6     *py    ( 0.1117) 166 C6     *py    ( 0.2715) 191 C7     *s     (-0.3375) 193 C7     *px    ( 0.1402)
               194 C7     *px    ( 1.1298) 197 C7     *py    (-0.3793) 222 C8     *s     (-0.3279) 224 C8     *px    ( 0.1299)
               225 C8     *px    ( 0.2234) 228 C8     *py    ( 1.1778) 253 C9     *s     (-0.2831) 255 C9     *px    ( 0.1686)
               256 C9     *px    (-0.5482) 259 C9     *py    (-0.3396) 283 C10    *s     (-0.1278) 284 C10    *s     ( 0.6172)
               286 C10    *px    ( 0.2149) 287 C10    *px    ( 1.4448) 290 C10    *py    (-0.3055) 303 C10    *d2+   ( 0.1155)
               314 C11    *s     (-0.1205) 315 C11    *s     ( 0.7202) 317 C11    *px    ( 0.1731) 318 C11    *px    ( 0.4488)
               320 C11    *py    ( 0.1552) 321 C11    *py    ( 1.4091) 346 C12    *s     (-0.3004) 348 C12    *px    ( 0.1318)
               349 C12    *px    (-0.5420) 351 C12    *py    ( 0.1264) 352 C12    *py    (-0.2823) 377 C13    *s     (-1.2331)
               380 C13    *px    (-0.9120) 383 C13    *py    ( 0.2924) 386 C13    *pz    (-0.1350) 408 C14    *s     (-1.2270)
               410 C14    *px    ( 0.1083) 411 C14    *px    (-0.1956) 414 C14    *py    (-0.9288) 417 C14    *pz    (-0.1358)
               438 C15    *s     (-0.1507) 439 C15    *s     (-0.5738) 442 C15    *px    (-0.7460) 445 C15    *py    (-0.3811)
               472 C16    *px    ( 0.1086) 473 C16    *px    (-0.3051) 501 C17    *s     ( 0.6248) 503 C17    *px    ( 0.1606)
               504 C17    *px    (-0.1684) 507 C17    *py    (-0.1648) 531 C18    *s     ( 0.2187) 532 C18    *s     ( 0.6620)
               534 C18    *px    ( 0.1240) 535 C18    *px    (-1.1190) 538 C18    *py    (-0.5152) 562 C19    *s     ( 0.1174)
               563 C19    *s     ( 1.7548) 565 C19    *px    ( 0.1464) 566 C19    *px    (-1.2242) 568 C19    *py    ( 0.1002)
               569 C19    *py    ( 0.3950) 572 C19    *pz    ( 0.1740) 593 C20    *s     ( 0.1235) 594 C20    *s     ( 1.6657)
               596 C20    *px    ( 0.1570) 597 C20    *px    (-0.3176) 600 C20    *py    (-1.3177) 603 C20    *pz    ( 0.1826)
               624 C21    *s     ( 0.2298) 625 C21    *s     ( 0.6320) 628 C21    *px    (-1.0231) 630 C21    *py    ( 0.1011)
               631 C21    *py    (-0.7605) 656 C22    *s     ( 0.6932) 658 C22    *px    ( 0.1243) 659 C22    *px    (-0.2237)
               661 C22    *py    ( 0.1211) 689 C23    *px    ( 0.1113) 690 C23    *px    (-0.1866) 693 C23    *py    (-0.2546)
               717 C24    *s     (-0.1528) 718 C24    *s     (-0.5452) 721 C24    *px    (-0.7260) 724 C24    *py    (-0.4551)
               746 H25    *s     (-0.1697) 747 H25    *s     ( 1.4612) 752 H26    *s     (-0.1686) 753 H26    *s     ( 1.4508)
               758 H27    *s     (-0.1109) 759 H27    *s     ( 0.8476) 771 H29    *s     (-0.3063) 776 H30    *s     ( 0.1753)
               777 H30    *s     (-1.3623) 782 H31    *s     ( 0.2528) 783 H31    *s     (-2.0472) 788 H32    *s     ( 0.2563)
               789 H32    *s     (-2.0957) 794 H33    *s     ( 0.1823) 795 H33    *s     (-1.4137) 801 H34    *s     (-0.3214)
               812 H36    *s     (-0.1129) 813 H36    *s     ( 0.8649) 822 NI37   *s     ( 0.2138) 846 NI37   *d0    (-0.1088)
               867 NI38   *s     (-0.2994) 879 NI38   *pz    ( 0.1354) 891 NI38   *d0    ( 0.1347) 895 NI38   *d1+   ( 0.1023)
      
--

      Von Neumann Entropy (Root   1) =  2.16011


      Mulliken population analysis for root number:  1
      -----------------------------------------------


++    Molecular charges:
      ------------------

      Mulliken charges per centre and basis function type
      ---------------------------------------------------

                C1      C2      C3      C4      C5      C6      C7      C8      C9      C10     C11     C12   
      1s       0.8547  0.8547  0.8547  0.8547  0.8547  0.8547  0.8547  0.8547  0.8547  0.8547  0.8547  0.8547
      2s       1.1233  1.1233  1.1232  1.1233  1.1233  1.1232  1.1233  1.1233  1.1232  1.1233  1.1233  1.1232
      2px      0.4567  0.4601  0.4575  0.4568  0.4600  0.4575  0.4496  0.4539  0.4649  0.4496  0.4540  0.4649
      2pz      0.3162  0.3188  0.3230  0.3177  0.3182  0.3236  0.3226  0.3227  0.3143  0.3228  0.3229  0.3136
      2py      0.4565  0.4531  0.4613  0.4563  0.4532  0.4613  0.4635  0.4592  0.4598  0.4635  0.4591  0.4599
      3s       0.0000  0.0000  0.0000  0.0000  0.0000  0.0000  0.0000  0.0000  0.0000  0.0000  0.0000  0.0000
      3px      0.0000  0.0000  0.0000  0.0000  0.0000  0.0000  0.0000  0.0000  0.0000  0.0000  0.0000  0.0000
      3pz      0.0000  0.0000  0.0000  0.0000  0.0000  0.0000  0.0000  0.0000  0.0000  0.0000  0.0000  0.0000
      3py      0.0000  0.0000  0.0000  0.0000  0.0000  0.0000  0.0000  0.0000  0.0000  0.0000  0.0000  0.0000
      4s       0.0000  0.0000  0.0000  0.0000  0.0000  0.0000  0.0000  0.0000  0.0000  0.0000  0.0000  0.0000
      3d2+     0.0000  0.0000  0.0000  0.0000  0.0000  0.0000  0.0000  0.0000  0.0000  0.0000  0.0000  0.0000
      3d1+     0.0000  0.0000  0.0000  0.0000  0.0000  0.0000  0.0000  0.0000  0.0000  0.0000  0.0000  0.0000
      3d0      0.0000  0.0000  0.0000  0.0000  0.0000  0.0000  0.0000  0.0000  0.0000  0.0000  0.0000  0.0000
      3d1-     0.0000  0.0000  0.0000  0.0000  0.0000  0.0000  0.0000  0.0000  0.0000  0.0000  0.0000  0.0000
      3d2-     0.0000  0.0000  0.0000  0.0000  0.0000  0.0000  0.0000  0.0000  0.0000  0.0000  0.0000  0.0000
      *s       1.2894  1.2889  1.3519  1.2838  1.2842  1.3520  1.0053  1.0054  1.1055  1.0072  1.0074  1.1055
      *px      0.4315  0.2647  0.4446  0.4310  0.2647  0.4447  0.3620  0.4342  0.3949  0.3626  0.4351  0.3947
      *pz      0.6395  0.6448  0.5904  0.6415  0.6429  0.5917  0.5769  0.5765  0.5851  0.5766  0.5765  0.5843
      *py      0.1469  0.3144  0.3618  0.1468  0.3145  0.3619  0.4641  0.3918  0.3891  0.4651  0.3925  0.3893
      *d2+     0.0502  0.0544  0.0602  0.0506  0.0543  0.0602  0.0421  0.0388  0.0452  0.0423  0.0390  0.0452
      *d1+     0.0250  0.0269  0.0260  0.0250  0.0269  0.0259  0.0210  0.0233  0.0270  0.0211  0.0232  0.0270
      *d0      0.0059  0.0059  0.0032  0.0059  0.0059  0.0032  0.0086  0.0087  0.0059  0.0087  0.0087  0.0059
      *d1-     0.0255  0.0236  0.0257  0.0255  0.0237  0.0257  0.0272  0.0252  0.0234  0.0274  0.0251  0.0235
      *d2-     0.0531  0.0492  0.0632  0.0532  0.0493  0.0633  0.0372  0.0405  0.0507  0.0372  0.0405  0.0507
      *f3+     0.0021  0.0021  0.0021  0.0021  0.0021  0.0021  0.0021  0.0021  0.0022  0.0021  0.0021  0.0022
      *f2+     0.0009  0.0010  0.0011  0.0009  0.0010  0.0011  0.0010  0.0007  0.0009  0.0010  0.0008  0.0009
      *f1+     0.0011  0.0010  0.0011  0.0011  0.0010  0.0011  0.0010  0.0012  0.0011  0.0010  0.0012  0.0011
      *f0      0.0018  0.0018  0.0020  0.0018  0.0018  0.0020  0.0017  0.0017  0.0020  0.0017  0.0017  0.0020
      *f1-     0.0010  0.0011  0.0011  0.0010  0.0011  0.0011  0.0013  0.0010  0.0011  0.0013  0.0010  0.0011
      *f2-     0.0009  0.0009  0.0010  0.0009  0.0009  0.0010  0.0008  0.0011  0.0010  0.0008  0.0011  0.0010
      *f3-     0.0030  0.0030  0.0032  0.0030  0.0030  0.0032  0.0029  0.0029  0.0031  0.0029  0.0029  0.0031
      Total    5.8853  5.8936  6.1584  5.8828  5.8865  6.1604  5.7690  5.7689  5.8551  5.7728  5.7729  5.8537

      N-E      0.1147  0.1064 -0.1584  0.1172  0.1135 -0.1604  0.2310  0.2311  0.1449  0.2272  0.2271  0.1463

                C13     C14     C15     C16     C17     C18     C19     C20     C21     C22     C23     C24   
      1s       0.8548  0.8548  0.8548  0.8548  0.8548  0.8548  0.8548  0.8548  0.8548  0.8548  0.8548  0.8548
      2s       1.1233  1.1233  1.1232  1.1232  1.1232  1.1232  1.1233  1.1233  1.1232  1.1232  1.1232  1.1232
      2px      0.4475  0.4493  0.4718  0.4715  0.4576  0.4520  0.4476  0.4493  0.4718  0.4715  0.4576  0.4520
      2pz      0.3139  0.3142  0.3156  0.3119  0.3114  0.3159  0.3150  0.3145  0.3151  0.3118  0.3117  0.3153
      2py      0.4578  0.4561  0.4482  0.4482  0.4622  0.4681  0.4583  0.4563  0.4482  0.4482  0.4622  0.4680
      3s       0.0000  0.0000  0.0000  0.0000  0.0000  0.0000  0.0000  0.0000  0.0000  0.0000  0.0000  0.0000
      3px      0.0000  0.0000  0.0000  0.0000  0.0000  0.0000  0.0000  0.0000  0.0000  0.0000  0.0000  0.0000
      3pz      0.0000  0.0000  0.0000  0.0000  0.0000  0.0000  0.0000  0.0000  0.0000  0.0000  0.0000  0.0000
      3py      0.0000  0.0000  0.0000  0.0000  0.0000  0.0000  0.0000  0.0000  0.0000  0.0000  0.0000  0.0000
      4s       0.0000  0.0000  0.0000  0.0000  0.0000  0.0000  0.0000  0.0000  0.0000  0.0000  0.0000  0.0000
      3d2+     0.0000  0.0000  0.0000  0.0000  0.0000  0.0000  0.0000  0.0000  0.0000  0.0000  0.0000  0.0000
      3d1+     0.0000  0.0000  0.0000  0.0000  0.0000  0.0000  0.0000  0.0000  0.0000  0.0000  0.0000  0.0000
      3d0      0.0000  0.0000  0.0000  0.0000  0.0000  0.0000  0.0000  0.0000  0.0000  0.0000  0.0000  0.0000
      3d1-     0.0000  0.0000  0.0000  0.0000  0.0000  0.0000  0.0000  0.0000  0.0000  0.0000  0.0000  0.0000
      3d2-     0.0000  0.0000  0.0000  0.0000  0.0000  0.0000  0.0000  0.0000  0.0000  0.0000  0.0000  0.0000
      *s       1.2134  1.2121  1.2431  1.2167  1.2169  1.2425  1.2124  1.2118  1.2427  1.2168  1.2168  1.2428
      *px      0.5337  0.5053  0.5060  0.5128  0.4937  0.5328  0.5330  0.5054  0.5060  0.5128  0.4937  0.5329
      *pz      0.6345  0.6357  0.6527  0.6537  0.6527  0.6535  0.6369  0.6352  0.6516  0.6536  0.6534  0.6519
      *py      0.4919  0.5199  0.5191  0.5127  0.5319  0.4922  0.4923  0.5198  0.5190  0.5127  0.5319  0.4921
      *d2+     0.0278  0.0284  0.0278  0.0280  0.0315  0.0311  0.0279  0.0285  0.0278  0.0280  0.0315  0.0311
      *d1+     0.0120  0.0209  0.0242  0.0235  0.0205  0.0067  0.0119  0.0210  0.0242  0.0233  0.0204  0.0067
      *d0      0.0101  0.0101  0.0052  0.0048  0.0048  0.0052  0.0101  0.0101  0.0052  0.0048  0.0048  0.0052
      *d1-     0.0267  0.0177  0.0111  0.0102  0.0132  0.0285  0.0268  0.0178  0.0111  0.0101  0.0131  0.0285
      *d2-     0.0268  0.0260  0.0330  0.0321  0.0286  0.0297  0.0269  0.0264  0.0330  0.0321  0.0286  0.0297
      *f3+     0.0019  0.0019  0.0019  0.0019  0.0019  0.0019  0.0019  0.0019  0.0019  0.0019  0.0019  0.0019
      *f2+     0.0005  0.0009  0.0009  0.0009  0.0008  0.0003  0.0005  0.0009  0.0009  0.0009  0.0008  0.0003
      *f1+     0.0009  0.0009  0.0009  0.0009  0.0009  0.0009  0.0008  0.0010  0.0009  0.0009  0.0009  0.0009
      *f0      0.0014  0.0014  0.0016  0.0016  0.0016  0.0016  0.0014  0.0014  0.0016  0.0016  0.0016  0.0016
      *f1-     0.0009  0.0008  0.0009  0.0008  0.0009  0.0010  0.0009  0.0008  0.0009  0.0008  0.0009  0.0010
      *f2-     0.0011  0.0006  0.0006  0.0005  0.0005  0.0011  0.0011  0.0006  0.0006  0.0005  0.0005  0.0011
      *f3-     0.0017  0.0017  0.0019  0.0020  0.0020  0.0019  0.0017  0.0017  0.0019  0.0020  0.0020  0.0019
      Total    6.1824  6.1819  6.2444  6.2127  6.2115  6.2448  6.1852  6.1823  6.2423  6.2123  6.2122  6.2429

      N-E     -0.1824 -0.1819 -0.2444 -0.2127 -0.2115 -0.2448 -0.1852 -0.1823 -0.2423 -0.2123 -0.2122 -0.2429

                H25     H26     H27     H28     H29     H30     H31     H32     H33     H34     H35     H36   
      1s       0.2626  0.2626  0.2635  0.2638  0.2638  0.2635  0.2627  0.2627  0.2635  0.2638  0.2638  0.2635
      2s       0.0000  0.0000  0.0000  0.0000  0.0000  0.0000  0.0000  0.0000  0.0000  0.0000  0.0000  0.0000
      2px      0.0000  0.0000  0.0000  0.0000  0.0000  0.0000  0.0000  0.0000  0.0000  0.0000  0.0000  0.0000
      2pz      0.0000  0.0000  0.0000  0.0000  0.0000  0.0000  0.0000  0.0000  0.0000  0.0000  0.0000  0.0000
      2py      0.0000  0.0000  0.0000  0.0000  0.0000  0.0000  0.0000  0.0000  0.0000  0.0000  0.0000  0.0000
      3s       0.0000  0.0000  0.0000  0.0000  0.0000  0.0000  0.0000  0.0000  0.0000  0.0000  0.0000  0.0000
      3px      0.0000  0.0000  0.0000  0.0000  0.0000  0.0000  0.0000  0.0000  0.0000  0.0000  0.0000  0.0000
      3pz      0.0000  0.0000  0.0000  0.0000  0.0000  0.0000  0.0000  0.0000  0.0000  0.0000  0.0000  0.0000
      3py      0.0000  0.0000  0.0000  0.0000  0.0000  0.0000  0.0000  0.0000  0.0000  0.0000  0.0000  0.0000
      4s       0.0000  0.0000  0.0000  0.0000  0.0000  0.0000  0.0000  0.0000  0.0000  0.0000  0.0000  0.0000
      3d2+     0.0000  0.0000  0.0000  0.0000  0.0000  0.0000  0.0000  0.0000  0.0000  0.0000  0.0000  0.0000
      3d1+     0.0000  0.0000  0.0000  0.0000  0.0000  0.0000  0.0000  0.0000  0.0000  0.0000  0.0000  0.0000
      3d0      0.0000  0.0000  0.0000  0.0000  0.0000  0.0000  0.0000  0.0000  0.0000  0.0000  0.0000  0.0000
      3d1-     0.0000  0.0000  0.0000  0.0000  0.0000  0.0000  0.0000  0.0000  0.0000  0.0000  0.0000  0.0000
      3d2-     0.0000  0.0000  0.0000  0.0000  0.0000  0.0000  0.0000  0.0000  0.0000  0.0000  0.0000  0.0000
      *s       0.5668  0.5668  0.5809  0.5780  0.5780  0.5810  0.5673  0.5672  0.5810  0.5780  0.5780  0.5810
      *px      0.0166  0.0066  0.0061  0.0061  0.0064  0.0163  0.0166  0.0066  0.0061  0.0061  0.0064  0.0163
      *pz      0.0044  0.0044  0.0041  0.0042  0.0042  0.0041  0.0044  0.0044  0.0041  0.0042  0.0042  0.0041
      *py      0.0030  0.0131  0.0131  0.0130  0.0127  0.0029  0.0030  0.0131  0.0131  0.0130  0.0127  0.0029
      *d2+     0.0000  0.0000  0.0000  0.0000  0.0000  0.0000  0.0000  0.0000  0.0000  0.0000  0.0000  0.0000
      *d1+     0.0000  0.0000  0.0000  0.0000  0.0000  0.0000  0.0000  0.0000  0.0000  0.0000  0.0000  0.0000
      *d0      0.0000  0.0000  0.0000  0.0000  0.0000  0.0000  0.0000  0.0000  0.0000  0.0000  0.0000  0.0000
      *d1-     0.0000  0.0000  0.0000  0.0000  0.0000  0.0000  0.0000  0.0000  0.0000  0.0000  0.0000  0.0000
      *d2-     0.0000  0.0000  0.0000  0.0000  0.0000  0.0000  0.0000  0.0000  0.0000  0.0000  0.0000  0.0000
      *f3+     0.0000  0.0000  0.0000  0.0000  0.0000  0.0000  0.0000  0.0000  0.0000  0.0000  0.0000  0.0000
      *f2+     0.0000  0.0000  0.0000  0.0000  0.0000  0.0000  0.0000  0.0000  0.0000  0.0000  0.0000  0.0000
      *f1+     0.0000  0.0000  0.0000  0.0000  0.0000  0.0000  0.0000  0.0000  0.0000  0.0000  0.0000  0.0000
      *f0      0.0000  0.0000  0.0000  0.0000  0.0000  0.0000  0.0000  0.0000  0.0000  0.0000  0.0000  0.0000
      *f1-     0.0000  0.0000  0.0000  0.0000  0.0000  0.0000  0.0000  0.0000  0.0000  0.0000  0.0000  0.0000
      *f2-     0.0000  0.0000  0.0000  0.0000  0.0000  0.0000  0.0000  0.0000  0.0000  0.0000  0.0000  0.0000
      *f3-     0.0000  0.0000  0.0000  0.0000  0.0000  0.0000  0.0000  0.0000  0.0000  0.0000  0.0000  0.0000
      Total    0.8535  0.8535  0.8677  0.8651  0.8651  0.8678  0.8541  0.8540  0.8678  0.8651  0.8651  0.8677

      N-E      0.1465  0.1465  0.1323  0.1349  0.1349  0.1322  0.1459  0.1460  0.1322  0.1349  0.1349  0.1323

                NI37    NI38  
      1s       1.9997  1.9997
      2s       2.0007  2.0007
      2px      1.9958  1.9958
      2pz      1.9958  1.9958
      2py      1.9957  1.9958
      3s       1.1581  1.1582
      3px      1.5692  1.5695
      3pz      1.5738  1.5737
      3py      1.5676  1.5675
      4s       0.8150  0.8148
      3d2+     0.9340  0.9389
      3d1+     0.7276  0.6155
      3d0      0.9882  0.9808
      3d1-     0.7997  0.9059
      3d2-     0.9552  0.9576
      *s       1.1436  1.1529
      *px      0.4881  0.4894
      *pz      0.5373  0.5366
      *py      0.4808  0.4811
      *d2+     0.9893  0.9908
      *d1+     0.7245  0.6172
      *d0      0.9925  0.9910
      *d1-     0.7955  0.8965
      *d2-     0.9933  0.9923
      *f3+     0.0000  0.0000
      *f2+     0.0000  0.0000
      *f1+     0.0000  0.0000
      *f0      0.0000  0.0001
      *f1-     0.0000  0.0000
      *f2-     0.0000  0.0000
      *f3-     0.0000  0.0000
      Total   28.2211 28.2179

      N-E     -0.2211 -0.2179

      Total electronic charge=  212.000000

      Total            charge=   -0.000000
--



      Expectation values of various properties for root number:  1
      -----------------------------------------------------------


++    Molecular properties:
      ---------------------

      Charge (e):
                      =   -0.0000
      Dipole Moment (Debye):
      Origin of the operator (Ang)=    0.0000    0.0000    0.0000
                   X=  1.2868E-01               Y= -4.4011E-02               Z= -8.4424E+00           Total=  8.4435E+00
      Quadrupole Moment (Debye*Ang):
      Origin of the operator (Ang)=    0.0000   -0.0000    0.5165
                  XX= -1.3930E+02              XY= -1.7623E+00              XZ=  1.4164E-02              YY= -1.3721E+02
                  YZ=  3.6009E-02              ZZ= -2.0138E+02
      In traceless form (Debye*Ang)
                  XX=  2.9993E+01              XY= -2.6435E+00              XZ=  2.1246E-02              YY=  3.3136E+01
                  YZ=  5.4014E-02              ZZ= -6.3128E+01
--


      Mulliken spin population analysis for root number:  1
      ---------------------------------------------------


++    Molecular charges:
      ------------------

      Mulliken spin population per centre and basis function type
      ---------------------------------------------------

                C1      C2      C3      C4      C5      C6      C7      C8      C9      C10     C11     C12   
      1s       0.0001  0.0000  0.0000  0.0001  0.0001  0.0000  0.0000  0.0000  0.0000  0.0000  0.0000  0.0000
      2s      -0.0001 -0.0001 -0.0000 -0.0001 -0.0001 -0.0000 -0.0000 -0.0000 -0.0000 -0.0000 -0.0000 -0.0000
      2px      0.0001  0.0004  0.0001  0.0000  0.0005  0.0002  0.0004  0.0004  0.0000  0.0003  0.0003  0.0000
      2pz      0.0049  0.0024  0.0021  0.0034  0.0030  0.0019  0.0095  0.0094 -0.0003  0.0086  0.0089  0.0007
      2py      0.0005  0.0001  0.0001  0.0006  0.0001  0.0001  0.0000  0.0001  0.0000  0.0001  0.0001  0.0000
      3s       0.0000  0.0000  0.0000  0.0000  0.0000  0.0000  0.0000  0.0000  0.0000  0.0000  0.0000  0.0000
      3px      0.0000  0.0000  0.0000  0.0000  0.0000  0.0000  0.0000  0.0000  0.0000  0.0000  0.0000  0.0000
      3pz      0.0000  0.0000  0.0000  0.0000  0.0000  0.0000  0.0000  0.0000  0.0000  0.0000  0.0000  0.0000
      3py      0.0000  0.0000  0.0000  0.0000  0.0000  0.0000  0.0000  0.0000  0.0000  0.0000  0.0000  0.0000
      4s       0.0000  0.0000  0.0000  0.0000  0.0000  0.0000  0.0000  0.0000  0.0000  0.0000  0.0000  0.0000
      3d2+     0.0000  0.0000  0.0000  0.0000  0.0000  0.0000  0.0000  0.0000  0.0000  0.0000  0.0000  0.0000
      3d1+     0.0000  0.0000  0.0000  0.0000  0.0000  0.0000  0.0000  0.0000  0.0000  0.0000  0.0000  0.0000
      3d0      0.0000  0.0000  0.0000  0.0000  0.0000  0.0000  0.0000  0.0000  0.0000  0.0000  0.0000  0.0000
      3d1-     0.0000  0.0000  0.0000  0.0000  0.0000  0.0000  0.0000  0.0000  0.0000  0.0000  0.0000  0.0000
      3d2-     0.0000  0.0000  0.0000  0.0000  0.0000  0.0000  0.0000  0.0000  0.0000  0.0000  0.0000  0.0000
      *s       0.0037  0.0041 -0.0345  0.0003 -0.0003 -0.0346 -0.0024 -0.0021  0.0016 -0.0005 -0.0004  0.0017
      *px     -0.0008 -0.0015  0.0012 -0.0006 -0.0018  0.0011 -0.0018  0.0001 -0.0008 -0.0014  0.0000 -0.0007
      *pz      0.0061  0.0005 -0.0024  0.0021  0.0014 -0.0029 -0.0025 -0.0026 -0.0017 -0.0037 -0.0029 -0.0002
      *py     -0.0026 -0.0012  0.0010 -0.0016 -0.0008  0.0007 -0.0012 -0.0032  0.0023 -0.0013 -0.0028  0.0024
      *d2+     0.0000  0.0001  0.0000 -0.0001  0.0003  0.0000  0.0001 -0.0001 -0.0000  0.0001 -0.0001 -0.0000
      *d1+     0.0006  0.0003  0.0002  0.0006  0.0003  0.0003  0.0003  0.0003  0.0006  0.0003  0.0005  0.0006
      *d0      0.0015  0.0015  0.0005  0.0015  0.0015  0.0005  0.0003  0.0003  0.0000  0.0002  0.0003  0.0000
      *d1-     0.0002  0.0005  0.0001  0.0002  0.0005  0.0002  0.0003  0.0001  0.0003  0.0000  0.0000  0.0003
      *d2-     0.0003  0.0000  0.0000  0.0003  0.0000  0.0000 -0.0001  0.0001  0.0000 -0.0000  0.0001  0.0000
      *f3+     0.0000  0.0000  0.0000  0.0000  0.0000  0.0000  0.0000 -0.0000  0.0000 -0.0000 -0.0000 -0.0000
      *f2+     0.0000  0.0000  0.0000  0.0000  0.0000  0.0000  0.0000  0.0000  0.0000  0.0000  0.0000  0.0000
      *f1+     0.0000  0.0000  0.0000  0.0000  0.0000  0.0000  0.0000  0.0000  0.0000  0.0000  0.0000  0.0000
      *f0      0.0001  0.0001  0.0000  0.0001  0.0000  0.0000  0.0000  0.0000  0.0000  0.0000  0.0000  0.0000
      *f1-     0.0000  0.0000  0.0000  0.0000  0.0000  0.0000  0.0000  0.0000  0.0000 -0.0000  0.0000  0.0000
      *f2-     0.0000  0.0000  0.0000  0.0000  0.0000  0.0000  0.0000  0.0000  0.0000 -0.0000  0.0000  0.0000
      *f3-     0.0000  0.0000  0.0000  0.0000  0.0000  0.0000  0.0000  0.0000  0.0000  0.0000  0.0000  0.0000
      Total    0.0146  0.0073 -0.0315  0.0067  0.0048 -0.0325  0.0030  0.0028  0.0021  0.0026  0.0040  0.0049

                C13     C14     C15     C16     C17     C18     C19     C20     C21     C22     C23     C24   
      1s       0.0001  0.0001  0.0000  0.0000  0.0000  0.0000  0.0001  0.0001  0.0000  0.0000  0.0000  0.0000
      2s      -0.0001 -0.0001 -0.0000 -0.0000 -0.0000 -0.0000 -0.0001 -0.0001 -0.0000 -0.0000 -0.0000 -0.0000
      2px      0.0007  0.0001  0.0000  0.0000  0.0000  0.0000  0.0005  0.0001  0.0000  0.0000  0.0000  0.0000
      2pz      0.0038  0.0034  0.0005  0.0028  0.0031 -0.0003  0.0024  0.0034  0.0009  0.0031  0.0033  0.0009
      2py      0.0004  0.0009  0.0000  0.0000  0.0000 -0.0000  0.0001  0.0007  0.0000  0.0000  0.0000  0.0000
      3s       0.0000  0.0000  0.0000  0.0000  0.0000  0.0000  0.0000  0.0000  0.0000  0.0000  0.0000  0.0000
      3px      0.0000  0.0000  0.0000  0.0000  0.0000  0.0000  0.0000  0.0000  0.0000  0.0000  0.0000  0.0000
      3pz      0.0000  0.0000  0.0000  0.0000  0.0000  0.0000  0.0000  0.0000  0.0000  0.0000  0.0000  0.0000
      3py      0.0000  0.0000  0.0000  0.0000  0.0000  0.0000  0.0000  0.0000  0.0000  0.0000  0.0000  0.0000
      4s       0.0000  0.0000  0.0000  0.0000  0.0000  0.0000  0.0000  0.0000  0.0000  0.0000  0.0000  0.0000
      3d2+     0.0000  0.0000  0.0000  0.0000  0.0000  0.0000  0.0000  0.0000  0.0000  0.0000  0.0000  0.0000
      3d1+     0.0000  0.0000  0.0000  0.0000  0.0000  0.0000  0.0000  0.0000  0.0000  0.0000  0.0000  0.0000
      3d0      0.0000  0.0000  0.0000  0.0000  0.0000  0.0000  0.0000  0.0000  0.0000  0.0000  0.0000  0.0000
      3d1-     0.0000  0.0000  0.0000  0.0000  0.0000  0.0000  0.0000  0.0000  0.0000  0.0000  0.0000  0.0000
      3d2-     0.0000  0.0000  0.0000  0.0000  0.0000  0.0000  0.0000  0.0000  0.0000  0.0000  0.0000  0.0000
      *s      -0.0214 -0.0194 -0.0064  0.0022  0.0023 -0.0064 -0.0212 -0.0220 -0.0064  0.0023  0.0021 -0.0062
      *px     -0.0004 -0.0001 -0.0005 -0.0003  0.0002 -0.0007 -0.0003 -0.0004 -0.0005 -0.0003  0.0002 -0.0006
      *pz      0.0016  0.0014 -0.0007  0.0076  0.0081 -0.0022 -0.0024 -0.0005  0.0003  0.0081  0.0085 -0.0000
      *py      0.0003  0.0007 -0.0020  0.0004 -0.0001 -0.0018  0.0001  0.0001 -0.0020  0.0004 -0.0001 -0.0018
      *d2+     0.0001  0.0000  0.0001  0.0000 -0.0000  0.0000  0.0002 -0.0000  0.0001  0.0000  0.0000 -0.0000
      *d1+     0.0000  0.0006  0.0010  0.0000 -0.0001  0.0000  0.0002  0.0004  0.0010  0.0001  0.0001  0.0000
      *d0      0.0020  0.0020  0.0001  0.0000  0.0000  0.0001  0.0020  0.0020  0.0001  0.0000  0.0000  0.0001
      *d1-     0.0004  0.0000  0.0005 -0.0000 -0.0000  0.0013  0.0003 -0.0000  0.0004  0.0000  0.0001  0.0015
      *d2-     0.0000  0.0005 -0.0000 -0.0000 -0.0000  0.0000  0.0000  0.0002 -0.0000 -0.0000  0.0000  0.0000
      *f3+     0.0000  0.0000 -0.0000  0.0000  0.0000 -0.0000  0.0000  0.0000  0.0000  0.0000  0.0000  0.0000
      *f2+     0.0000  0.0000  0.0000  0.0000 -0.0000  0.0000  0.0000  0.0000  0.0000  0.0000  0.0000  0.0000
      *f1+     0.0001  0.0000  0.0000  0.0000 -0.0000  0.0000  0.0001  0.0000  0.0000  0.0000  0.0000  0.0000
      *f0      0.0000  0.0000  0.0000 -0.0000 -0.0000  0.0000  0.0000  0.0000  0.0000 -0.0000 -0.0000  0.0000
      *f1-     0.0000  0.0001  0.0000  0.0000  0.0000  0.0000  0.0000  0.0001  0.0000  0.0000  0.0000  0.0000
      *f2-     0.0000  0.0000  0.0000 -0.0000  0.0000  0.0000  0.0000  0.0000  0.0000  0.0000  0.0000  0.0001
      *f3-     0.0000  0.0000  0.0000  0.0000  0.0000  0.0000  0.0000 -0.0000  0.0000  0.0000  0.0000  0.0000
      Total   -0.0123 -0.0097 -0.0074  0.0128  0.0135 -0.0098 -0.0179 -0.0159 -0.0060  0.0138  0.0142 -0.0060

                H25     H26     H27     H28     H29     H30     H31     H32     H33     H34     H35     H36   
      1s       0.0001  0.0002  0.0000  0.0000  0.0000  0.0000  0.0001  0.0001  0.0000  0.0000  0.0000  0.0000
      2s       0.0000  0.0000  0.0000  0.0000  0.0000  0.0000  0.0000  0.0000  0.0000  0.0000  0.0000  0.0000
      2px      0.0000  0.0000  0.0000  0.0000  0.0000  0.0000  0.0000  0.0000  0.0000  0.0000  0.0000  0.0000
      2pz      0.0000  0.0000  0.0000  0.0000  0.0000  0.0000  0.0000  0.0000  0.0000  0.0000  0.0000  0.0000
      2py      0.0000  0.0000  0.0000  0.0000  0.0000  0.0000  0.0000  0.0000  0.0000  0.0000  0.0000  0.0000
      3s       0.0000  0.0000  0.0000  0.0000  0.0000  0.0000  0.0000  0.0000  0.0000  0.0000  0.0000  0.0000
      3px      0.0000  0.0000  0.0000  0.0000  0.0000  0.0000  0.0000  0.0000  0.0000  0.0000  0.0000  0.0000
      3pz      0.0000  0.0000  0.0000  0.0000  0.0000  0.0000  0.0000  0.0000  0.0000  0.0000  0.0000  0.0000
      3py      0.0000  0.0000  0.0000  0.0000  0.0000  0.0000  0.0000  0.0000  0.0000  0.0000  0.0000  0.0000
      4s       0.0000  0.0000  0.0000  0.0000  0.0000  0.0000  0.0000  0.0000  0.0000  0.0000  0.0000  0.0000
      3d2+     0.0000  0.0000  0.0000  0.0000  0.0000  0.0000  0.0000  0.0000  0.0000  0.0000  0.0000  0.0000
      3d1+     0.0000  0.0000  0.0000  0.0000  0.0000  0.0000  0.0000  0.0000  0.0000  0.0000  0.0000  0.0000
      3d0      0.0000  0.0000  0.0000  0.0000  0.0000  0.0000  0.0000  0.0000  0.0000  0.0000  0.0000  0.0000
      3d1-     0.0000  0.0000  0.0000  0.0000  0.0000  0.0000  0.0000  0.0000  0.0000  0.0000  0.0000  0.0000
      3d2-     0.0000  0.0000  0.0000  0.0000  0.0000  0.0000  0.0000  0.0000  0.0000  0.0000  0.0000  0.0000
      *s      -0.0019 -0.0019  0.0000 -0.0000 -0.0000 -0.0000 -0.0019 -0.0019 -0.0000 -0.0000 -0.0000  0.0000
      *px      0.0000  0.0000  0.0000  0.0000  0.0000  0.0000  0.0000  0.0000  0.0000  0.0000  0.0000  0.0000
      *pz      0.0001  0.0001  0.0000  0.0001  0.0001 -0.0000  0.0001  0.0001  0.0000  0.0001  0.0001  0.0000
      *py      0.0000  0.0000  0.0000  0.0000  0.0000  0.0000  0.0000  0.0000  0.0000  0.0000  0.0000 -0.0000
      *d2+     0.0000  0.0000  0.0000  0.0000  0.0000  0.0000  0.0000  0.0000  0.0000  0.0000  0.0000  0.0000
      *d1+     0.0000  0.0000  0.0000  0.0000  0.0000  0.0000  0.0000  0.0000  0.0000  0.0000  0.0000  0.0000
      *d0      0.0000  0.0000  0.0000  0.0000  0.0000  0.0000  0.0000  0.0000  0.0000  0.0000  0.0000  0.0000
      *d1-     0.0000  0.0000  0.0000  0.0000  0.0000  0.0000  0.0000  0.0000  0.0000  0.0000  0.0000  0.0000
      *d2-     0.0000  0.0000  0.0000  0.0000  0.0000  0.0000  0.0000  0.0000  0.0000  0.0000  0.0000  0.0000
      *f3+     0.0000  0.0000  0.0000  0.0000  0.0000  0.0000  0.0000  0.0000  0.0000  0.0000  0.0000  0.0000
      *f2+     0.0000  0.0000  0.0000  0.0000  0.0000  0.0000  0.0000  0.0000  0.0000  0.0000  0.0000  0.0000
      *f1+     0.0000  0.0000  0.0000  0.0000  0.0000  0.0000  0.0000  0.0000  0.0000  0.0000  0.0000  0.0000
      *f0      0.0000  0.0000  0.0000  0.0000  0.0000  0.0000  0.0000  0.0000  0.0000  0.0000  0.0000  0.0000
      *f1-     0.0000  0.0000  0.0000  0.0000  0.0000  0.0000  0.0000  0.0000  0.0000  0.0000  0.0000  0.0000
      *f2-     0.0000  0.0000  0.0000  0.0000  0.0000  0.0000  0.0000  0.0000  0.0000  0.0000  0.0000  0.0000
      *f3-     0.0000  0.0000  0.0000  0.0000  0.0000  0.0000  0.0000  0.0000  0.0000  0.0000  0.0000  0.0000
      Total   -0.0016 -0.0016  0.0000  0.0000  0.0000  0.0000 -0.0016 -0.0017  0.0000  0.0000  0.0000  0.0000

                NI37    NI38  
      1s       0.0000  0.0000
      2s       0.0001  0.0001
      2px      0.0000  0.0000
      2pz      0.0000  0.0000
      2py      0.0000  0.0000
      3s       0.0071  0.0071
      3px      0.0002  0.0002
      3pz      0.0026  0.0026
      3py      0.0001  0.0001
      4s      -0.0118 -0.0117
      3d2+     0.0025 -0.0001
      3d1+     0.2798  0.3945
      3d0      0.0016  0.0056
      3d1-     0.2031  0.0963
      3d2-     0.0005  0.0003
      *s       1.0214  1.0286
      *px      0.0021  0.0023
      *pz      0.0516  0.0514
      *py      0.0006  0.0008
      *d2+     0.0026 -0.0000
      *d1+     0.2570  0.3651
      *d0      0.0021  0.0059
      *d1-     0.1871  0.0881
      *d2-     0.0003  0.0003
      *f3+    -0.0000 -0.0000
      *f2+     0.0000  0.0000
      *f1+    -0.0000  0.0000
      *f0      0.0000  0.0000
      *f1-     0.0000 -0.0000
      *f2-     0.0000  0.0000
      *f3-     0.0000  0.0000
      Total    2.0107  2.0374

      Total electronic spin=    4.000000
--


      Von Neumann Entropy (Root   2) =  2.37565


      Mulliken population analysis for root number:  2
      -----------------------------------------------


++    Molecular charges:
      ------------------

      Mulliken charges per centre and basis function type
      ---------------------------------------------------

                C1      C2      C3      C4      C5      C6      C7      C8      C9      C10     C11     C12   
      1s       0.8546  0.8547  0.8547  0.8546  0.8546  0.8547  0.8547  0.8547  0.8547  0.8547  0.8547  0.8547
      2s       1.1233  1.1233  1.1232  1.1233  1.1233  1.1232  1.1233  1.1233  1.1232  1.1233  1.1233  1.1232
      2px      0.4567  0.4600  0.4575  0.4568  0.4599  0.4575  0.4496  0.4540  0.4649  0.4496  0.4541  0.4649
      2pz      0.3206  0.3239  0.3331  0.3212  0.3213  0.3353  0.3221  0.3216  0.3424  0.3216  0.3218  0.3415
      2py      0.4565  0.4532  0.4614  0.4563  0.4532  0.4613  0.4636  0.4592  0.4600  0.4635  0.4591  0.4600
      3s       0.0000  0.0000  0.0000  0.0000  0.0000  0.0000  0.0000  0.0000  0.0000  0.0000  0.0000  0.0000
      3px      0.0000  0.0000  0.0000  0.0000  0.0000  0.0000  0.0000  0.0000  0.0000  0.0000  0.0000  0.0000
      3pz      0.0000  0.0000  0.0000  0.0000  0.0000  0.0000  0.0000  0.0000  0.0000  0.0000  0.0000  0.0000
      3py      0.0000  0.0000  0.0000  0.0000  0.0000  0.0000  0.0000  0.0000  0.0000  0.0000  0.0000  0.0000
      4s       0.0000  0.0000  0.0000  0.0000  0.0000  0.0000  0.0000  0.0000  0.0000  0.0000  0.0000  0.0000
      3d2+     0.0000  0.0000  0.0000  0.0000  0.0000  0.0000  0.0000  0.0000  0.0000  0.0000  0.0000  0.0000
      3d1+     0.0000  0.0000  0.0000  0.0000  0.0000  0.0000  0.0000  0.0000  0.0000  0.0000  0.0000  0.0000
      3d0      0.0000  0.0000  0.0000  0.0000  0.0000  0.0000  0.0000  0.0000  0.0000  0.0000  0.0000  0.0000
      3d1-     0.0000  0.0000  0.0000  0.0000  0.0000  0.0000  0.0000  0.0000  0.0000  0.0000  0.0000  0.0000
      3d2-     0.0000  0.0000  0.0000  0.0000  0.0000  0.0000  0.0000  0.0000  0.0000  0.0000  0.0000  0.0000
      *s       1.2981  1.2973  1.3491  1.2927  1.2926  1.3491  1.0039  1.0036  1.1056  1.0043  1.0048  1.1055
      *px      0.4298  0.2663  0.4442  0.4299  0.2658  0.4445  0.3658  0.4349  0.3964  0.3658  0.4358  0.3963
      *pz      0.6459  0.6525  0.6090  0.6459  0.6465  0.6131  0.5897  0.5886  0.6319  0.5855  0.5861  0.6305
      *py      0.1469  0.3115  0.3621  0.1467  0.3121  0.3621  0.4643  0.3950  0.3901  0.4651  0.3952  0.3902
      *d2+     0.0502  0.0543  0.0602  0.0506  0.0543  0.0602  0.0421  0.0388  0.0452  0.0423  0.0390  0.0452
      *d1+     0.0252  0.0288  0.0271  0.0251  0.0289  0.0269  0.0215  0.0285  0.0271  0.0214  0.0282  0.0270
      *d0      0.0052  0.0052  0.0032  0.0053  0.0053  0.0032  0.0088  0.0089  0.0059  0.0089  0.0089  0.0059
      *d1-     0.0273  0.0232  0.0281  0.0268  0.0234  0.0280  0.0326  0.0259  0.0243  0.0326  0.0256  0.0247
      *d2-     0.0530  0.0492  0.0633  0.0532  0.0493  0.0633  0.0372  0.0405  0.0507  0.0372  0.0405  0.0507
      *f3+     0.0021  0.0021  0.0021  0.0021  0.0021  0.0021  0.0022  0.0022  0.0022  0.0022  0.0022  0.0022
      *f2+     0.0009  0.0010  0.0011  0.0009  0.0010  0.0011  0.0010  0.0009  0.0008  0.0010  0.0009  0.0008
      *f1+     0.0011  0.0010  0.0011  0.0011  0.0010  0.0011  0.0010  0.0012  0.0011  0.0010  0.0012  0.0011
      *f0      0.0018  0.0018  0.0020  0.0018  0.0018  0.0020  0.0017  0.0017  0.0019  0.0017  0.0017  0.0019
      *f1-     0.0010  0.0011  0.0011  0.0010  0.0011  0.0011  0.0013  0.0010  0.0011  0.0013  0.0010  0.0011
      *f2-     0.0010  0.0009  0.0011  0.0010  0.0009  0.0011  0.0009  0.0011  0.0010  0.0009  0.0011  0.0010
      *f3-     0.0030  0.0030  0.0032  0.0030  0.0030  0.0032  0.0029  0.0029  0.0031  0.0029  0.0029  0.0031
      Total    5.9042  5.9144  6.1879  5.8992  5.9014  6.1941  5.7902  5.7884  5.9340  5.7868  5.7881  5.9318

      N-E      0.0958  0.0856 -0.1879  0.1008  0.0986 -0.1941  0.2098  0.2116  0.0660  0.2132  0.2119  0.0682

                C13     C14     C15     C16     C17     C18     C19     C20     C21     C22     C23     C24   
      1s       0.8547  0.8547  0.8548  0.8548  0.8548  0.8548  0.8547  0.8547  0.8548  0.8548  0.8548  0.8548
      2s       1.1233  1.1234  1.1232  1.1232  1.1232  1.1232  1.1233  1.1233  1.1232  1.1232  1.1232  1.1232
      2px      0.4480  0.4502  0.4719  0.4715  0.4576  0.4520  0.4480  0.4501  0.4719  0.4715  0.4576  0.4520
      2pz      0.3360  0.3371  0.3354  0.3095  0.3092  0.3353  0.3364  0.3354  0.3343  0.3101  0.3094  0.3356
      2py      0.4583  0.4562  0.4482  0.4482  0.4622  0.4682  0.4587  0.4563  0.4483  0.4482  0.4622  0.4681
      3s       0.0000  0.0000  0.0000  0.0000  0.0000  0.0000  0.0000  0.0000  0.0000  0.0000  0.0000  0.0000
      3px      0.0000  0.0000  0.0000  0.0000  0.0000  0.0000  0.0000  0.0000  0.0000  0.0000  0.0000  0.0000
      3pz      0.0000  0.0000  0.0000  0.0000  0.0000  0.0000  0.0000  0.0000  0.0000  0.0000  0.0000  0.0000
      3py      0.0000  0.0000  0.0000  0.0000  0.0000  0.0000  0.0000  0.0000  0.0000  0.0000  0.0000  0.0000
      4s       0.0000  0.0000  0.0000  0.0000  0.0000  0.0000  0.0000  0.0000  0.0000  0.0000  0.0000  0.0000
      3d2+     0.0000  0.0000  0.0000  0.0000  0.0000  0.0000  0.0000  0.0000  0.0000  0.0000  0.0000  0.0000
      3d1+     0.0000  0.0000  0.0000  0.0000  0.0000  0.0000  0.0000  0.0000  0.0000  0.0000  0.0000  0.0000
      3d0      0.0000  0.0000  0.0000  0.0000  0.0000  0.0000  0.0000  0.0000  0.0000  0.0000  0.0000  0.0000
      3d1-     0.0000  0.0000  0.0000  0.0000  0.0000  0.0000  0.0000  0.0000  0.0000  0.0000  0.0000  0.0000
      3d2-     0.0000  0.0000  0.0000  0.0000  0.0000  0.0000  0.0000  0.0000  0.0000  0.0000  0.0000  0.0000
      *s       1.2250  1.2233  1.2495  1.2155  1.2159  1.2481  1.2214  1.2214  1.2483  1.2159  1.2157  1.2492
      *px      0.5355  0.5074  0.5060  0.5127  0.4938  0.5332  0.5345  0.5072  0.5059  0.5127  0.4937  0.5334
      *pz      0.6867  0.6904  0.6923  0.6477  0.6477  0.6921  0.6860  0.6842  0.6901  0.6495  0.6477  0.6927
      *py      0.4926  0.5204  0.5209  0.5125  0.5315  0.4932  0.4929  0.5202  0.5205  0.5126  0.5315  0.4934
      *d2+     0.0280  0.0284  0.0277  0.0280  0.0315  0.0311  0.0280  0.0285  0.0277  0.0280  0.0315  0.0311
      *d1+     0.0119  0.0221  0.0237  0.0289  0.0252  0.0070  0.0117  0.0221  0.0237  0.0287  0.0251  0.0070
      *d0      0.0088  0.0088  0.0052  0.0048  0.0048  0.0052  0.0090  0.0089  0.0052  0.0048  0.0048  0.0052
      *d1-     0.0289  0.0185  0.0114  0.0115  0.0152  0.0279  0.0287  0.0185  0.0113  0.0114  0.0152  0.0280
      *d2-     0.0268  0.0261  0.0330  0.0321  0.0287  0.0297  0.0268  0.0265  0.0330  0.0321  0.0287  0.0297
      *f3+     0.0019  0.0019  0.0019  0.0019  0.0019  0.0019  0.0019  0.0019  0.0019  0.0019  0.0019  0.0019
      *f2+     0.0005  0.0010  0.0009  0.0010  0.0010  0.0003  0.0005  0.0010  0.0009  0.0010  0.0010  0.0003
      *f1+     0.0008  0.0009  0.0009  0.0009  0.0009  0.0009  0.0008  0.0009  0.0009  0.0009  0.0009  0.0009
      *f0      0.0014  0.0014  0.0016  0.0016  0.0016  0.0016  0.0014  0.0014  0.0016  0.0016  0.0016  0.0016
      *f1-     0.0009  0.0008  0.0009  0.0009  0.0009  0.0010  0.0009  0.0008  0.0009  0.0009  0.0009  0.0010
      *f2-     0.0011  0.0006  0.0005  0.0005  0.0005  0.0011  0.0011  0.0006  0.0005  0.0005  0.0005  0.0011
      *f3-     0.0017  0.0017  0.0019  0.0020  0.0020  0.0019  0.0017  0.0017  0.0019  0.0020  0.0020  0.0019
      Total    6.2729  6.2752  6.3119  6.2098  6.2099  6.3095  6.2685  6.2657  6.3070  6.2124  6.2098  6.3120

      N-E     -0.2729 -0.2752 -0.3119 -0.2098 -0.2099 -0.3095 -0.2685 -0.2657 -0.3070 -0.2124 -0.2098 -0.3120

                H25     H26     H27     H28     H29     H30     H31     H32     H33     H34     H35     H36   
      1s       0.2626  0.2626  0.2635  0.2638  0.2638  0.2635  0.2627  0.2627  0.2635  0.2638  0.2638  0.2635
      2s       0.0000  0.0000  0.0000  0.0000  0.0000  0.0000  0.0000  0.0000  0.0000  0.0000  0.0000  0.0000
      2px      0.0000  0.0000  0.0000  0.0000  0.0000  0.0000  0.0000  0.0000  0.0000  0.0000  0.0000  0.0000
      2pz      0.0000  0.0000  0.0000  0.0000  0.0000  0.0000  0.0000  0.0000  0.0000  0.0000  0.0000  0.0000
      2py      0.0000  0.0000  0.0000  0.0000  0.0000  0.0000  0.0000  0.0000  0.0000  0.0000  0.0000  0.0000
      3s       0.0000  0.0000  0.0000  0.0000  0.0000  0.0000  0.0000  0.0000  0.0000  0.0000  0.0000  0.0000
      3px      0.0000  0.0000  0.0000  0.0000  0.0000  0.0000  0.0000  0.0000  0.0000  0.0000  0.0000  0.0000
      3pz      0.0000  0.0000  0.0000  0.0000  0.0000  0.0000  0.0000  0.0000  0.0000  0.0000  0.0000  0.0000
      3py      0.0000  0.0000  0.0000  0.0000  0.0000  0.0000  0.0000  0.0000  0.0000  0.0000  0.0000  0.0000
      4s       0.0000  0.0000  0.0000  0.0000  0.0000  0.0000  0.0000  0.0000  0.0000  0.0000  0.0000  0.0000
      3d2+     0.0000  0.0000  0.0000  0.0000  0.0000  0.0000  0.0000  0.0000  0.0000  0.0000  0.0000  0.0000
      3d1+     0.0000  0.0000  0.0000  0.0000  0.0000  0.0000  0.0000  0.0000  0.0000  0.0000  0.0000  0.0000
      3d0      0.0000  0.0000  0.0000  0.0000  0.0000  0.0000  0.0000  0.0000  0.0000  0.0000  0.0000  0.0000
      3d1-     0.0000  0.0000  0.0000  0.0000  0.0000  0.0000  0.0000  0.0000  0.0000  0.0000  0.0000  0.0000
      3d2-     0.0000  0.0000  0.0000  0.0000  0.0000  0.0000  0.0000  0.0000  0.0000  0.0000  0.0000  0.0000
      *s       0.5680  0.5680  0.5810  0.5780  0.5780  0.5811  0.5682  0.5682  0.5811  0.5780  0.5780  0.5811
      *px      0.0167  0.0066  0.0061  0.0061  0.0064  0.0163  0.0167  0.0066  0.0061  0.0061  0.0064  0.0163
      *pz      0.0050  0.0050  0.0046  0.0041  0.0041  0.0046  0.0050  0.0050  0.0046  0.0041  0.0041  0.0046
      *py      0.0030  0.0131  0.0131  0.0130  0.0127  0.0029  0.0030  0.0131  0.0131  0.0130  0.0127  0.0029
      *d2+     0.0000  0.0000  0.0000  0.0000  0.0000  0.0000  0.0000  0.0000  0.0000  0.0000  0.0000  0.0000
      *d1+     0.0000  0.0000  0.0000  0.0000  0.0000  0.0000  0.0000  0.0000  0.0000  0.0000  0.0000  0.0000
      *d0      0.0000  0.0000  0.0000  0.0000  0.0000  0.0000  0.0000  0.0000  0.0000  0.0000  0.0000  0.0000
      *d1-     0.0000  0.0000  0.0000  0.0000  0.0000  0.0000  0.0000  0.0000  0.0000  0.0000  0.0000  0.0000
      *d2-     0.0000  0.0000  0.0000  0.0000  0.0000  0.0000  0.0000  0.0000  0.0000  0.0000  0.0000  0.0000
      *f3+     0.0000  0.0000  0.0000  0.0000  0.0000  0.0000  0.0000  0.0000  0.0000  0.0000  0.0000  0.0000
      *f2+     0.0000  0.0000  0.0000  0.0000  0.0000  0.0000  0.0000  0.0000  0.0000  0.0000  0.0000  0.0000
      *f1+     0.0000  0.0000  0.0000  0.0000  0.0000  0.0000  0.0000  0.0000  0.0000  0.0000  0.0000  0.0000
      *f0      0.0000  0.0000  0.0000  0.0000  0.0000  0.0000  0.0000  0.0000  0.0000  0.0000  0.0000  0.0000
      *f1-     0.0000  0.0000  0.0000  0.0000  0.0000  0.0000  0.0000  0.0000  0.0000  0.0000  0.0000  0.0000
      *f2-     0.0000  0.0000  0.0000  0.0000  0.0000  0.0000  0.0000  0.0000  0.0000  0.0000  0.0000  0.0000
      *f3-     0.0000  0.0000  0.0000  0.0000  0.0000  0.0000  0.0000  0.0000  0.0000  0.0000  0.0000  0.0000
      Total    0.8553  0.8553  0.8683  0.8650  0.8651  0.8684  0.8556  0.8555  0.8683  0.8651  0.8650  0.8683

      N-E      0.1447  0.1447  0.1317  0.1350  0.1349  0.1316  0.1444  0.1445  0.1317  0.1349  0.1350  0.1317

                NI37    NI38  
      1s       1.9997  1.9997
      2s       2.0006  2.0006
      2px      1.9958  1.9958
      2pz      1.9958  1.9958
      2py      1.9957  1.9958
      3s       1.1542  1.1551
      3px      1.5693  1.5696
      3pz      1.5724  1.5725
      3py      1.5680  1.5679
      4s       0.8217  0.8201
      3d2+     0.9405  0.9434
      3d1+     0.7331  0.6210
      3d0      0.9877  0.9804
      3d1-     0.8007  0.9058
      3d2-     0.9576  0.9592
      *s       0.6089  0.7302
      *px      0.4873  0.4886
      *pz      0.5099  0.5149
      *py      0.4786  0.4790
      *d2+     0.9896  0.9902
      *d1+     0.7290  0.6219
      *d0      0.9906  0.9893
      *d1-     0.7953  0.8953
      *d2-     0.9935  0.9922
      *f3+     0.0000  0.0000
      *f2+     0.0000  0.0000
      *f1+     0.0000  0.0000
      *f0      0.0000  0.0001
      *f1-     0.0000  0.0000
      *f2-     0.0000  0.0000
      *f3-     0.0000  0.0000
      Total   27.6754 27.7843

      N-E      0.3246  0.2157

      Total electronic charge=  212.000000

      Total            charge=   -0.000000
--



      Expectation values of various properties for root number:  2
      -----------------------------------------------------------


++    Molecular properties:
      ---------------------

      Charge (e):
                      =   -0.0000
      Dipole Moment (Debye):
      Origin of the operator (Ang)=    0.0000    0.0000    0.0000
                   X=  7.2834E-01               Y=  3.9395E-01               Z=  2.4447E+00           Total=  2.5812E+00
      Quadrupole Moment (Debye*Ang):
      Origin of the operator (Ang)=    0.0000   -0.0000    0.5165
                  XX= -1.4135E+02              XY=  5.8442E+00              XZ=  2.3063E+00              YY= -1.4802E+02
                  YZ=  1.3237E+00              ZZ= -1.8032E+02
      In traceless form (Debye*Ang)
                  XX=  2.2818E+01              XY=  8.7663E+00              XZ=  3.4595E+00              YY=  1.2812E+01
                  YZ=  1.9856E+00              ZZ= -3.5629E+01
--


      Mulliken spin population analysis for root number:  2
      ---------------------------------------------------


++    Molecular charges:
      ------------------

      Mulliken spin population per centre and basis function type
      ---------------------------------------------------

                C1      C2      C3      C4      C5      C6      C7      C8      C9      C10     C11     C12   
      1s       0.0000  0.0000  0.0000  0.0000  0.0000  0.0000  0.0000  0.0000  0.0000  0.0000  0.0000  0.0000
      2s      -0.0001 -0.0001 -0.0000 -0.0001 -0.0001 -0.0000 -0.0000 -0.0000 -0.0000 -0.0000 -0.0000 -0.0000
      2px      0.0001  0.0003  0.0001  0.0000  0.0004  0.0002  0.0004  0.0005  0.0001  0.0003  0.0004  0.0001
      2pz      0.0090  0.0071  0.0095  0.0061  0.0056  0.0108  0.0070  0.0066  0.0301  0.0081  0.0084  0.0310
      2py      0.0004  0.0001  0.0002  0.0005  0.0001  0.0002  0.0002  0.0001  0.0002  0.0002  0.0001  0.0002
      3s       0.0000  0.0000  0.0000  0.0000  0.0000  0.0000  0.0000  0.0000  0.0000  0.0000  0.0000  0.0000
      3px      0.0000  0.0000  0.0000  0.0000  0.0000  0.0000  0.0000  0.0000  0.0000  0.0000  0.0000  0.0000
      3pz      0.0000  0.0000  0.0000  0.0000  0.0000  0.0000  0.0000  0.0000  0.0000  0.0000  0.0000  0.0000
      3py      0.0000  0.0000  0.0000  0.0000  0.0000  0.0000  0.0000  0.0000  0.0000  0.0000  0.0000  0.0000
      4s       0.0000  0.0000  0.0000  0.0000  0.0000  0.0000  0.0000  0.0000  0.0000  0.0000  0.0000  0.0000
      3d2+     0.0000  0.0000  0.0000  0.0000  0.0000  0.0000  0.0000  0.0000  0.0000  0.0000  0.0000  0.0000
      3d1+     0.0000  0.0000  0.0000  0.0000  0.0000  0.0000  0.0000  0.0000  0.0000  0.0000  0.0000  0.0000
      3d0      0.0000  0.0000  0.0000  0.0000  0.0000  0.0000  0.0000  0.0000  0.0000  0.0000  0.0000  0.0000
      3d1-     0.0000  0.0000  0.0000  0.0000  0.0000  0.0000  0.0000  0.0000  0.0000  0.0000  0.0000  0.0000
      3d2-     0.0000  0.0000  0.0000  0.0000  0.0000  0.0000  0.0000  0.0000  0.0000  0.0000  0.0000  0.0000
      *s       0.0119  0.0119 -0.0367  0.0088  0.0078 -0.0368 -0.0039 -0.0036  0.0017 -0.0028 -0.0025  0.0017
      *px     -0.0020  0.0001  0.0009 -0.0025 -0.0006  0.0008  0.0017  0.0005  0.0009  0.0020  0.0006  0.0009
      *pz      0.0122  0.0078  0.0110  0.0056  0.0046  0.0135  0.0066  0.0059  0.0482  0.0076  0.0082  0.0497
      *py     -0.0020 -0.0038  0.0015 -0.0020 -0.0041  0.0014 -0.0012 -0.0001  0.0035 -0.0014  0.0000  0.0035
      *d2+     0.0000  0.0000  0.0000 -0.0001  0.0003  0.0000  0.0001 -0.0001 -0.0000  0.0001 -0.0001 -0.0000
      *d1+     0.0006  0.0017  0.0014  0.0008  0.0020  0.0013  0.0007  0.0056  0.0005  0.0005  0.0057  0.0006
      *d0      0.0008  0.0009  0.0005  0.0010  0.0010  0.0005  0.0005  0.0005  0.0000  0.0005  0.0005  0.0001
      *d1-     0.0016  0.0002  0.0024  0.0012  0.0002  0.0026  0.0062  0.0008  0.0011  0.0060  0.0009  0.0013
      *d2-     0.0003  0.0000  0.0000  0.0003  0.0000  0.0001 -0.0001  0.0000 -0.0000 -0.0001  0.0000 -0.0000
      *f3+     0.0000  0.0000  0.0000  0.0000  0.0000  0.0000  0.0000  0.0000  0.0000  0.0000  0.0000  0.0000
      *f2+     0.0000  0.0001  0.0000  0.0000  0.0001  0.0000  0.0000  0.0001  0.0000  0.0000  0.0001  0.0000
      *f1+     0.0000  0.0000  0.0000  0.0000  0.0000  0.0000  0.0000  0.0000 -0.0000  0.0000  0.0000 -0.0000
      *f0      0.0000  0.0000  0.0000  0.0000  0.0000  0.0000  0.0000  0.0000 -0.0000  0.0000  0.0000 -0.0000
      *f1-     0.0000  0.0000  0.0000  0.0000  0.0000  0.0000  0.0000  0.0000 -0.0000  0.0000  0.0000 -0.0000
      *f2-     0.0001  0.0000  0.0001  0.0000  0.0000  0.0001  0.0001  0.0000  0.0000  0.0001  0.0000  0.0000
      *f3-     0.0000  0.0000  0.0000  0.0000  0.0000  0.0000  0.0000  0.0000  0.0000  0.0000  0.0000  0.0000
      Total    0.0329  0.0265 -0.0090  0.0196  0.0175 -0.0054  0.0182  0.0169  0.0862  0.0211  0.0224  0.0890

                C13     C14     C15     C16     C17     C18     C19     C20     C21     C22     C23     C24   
      1s       0.0000  0.0001  0.0000  0.0000  0.0000  0.0000  0.0000  0.0000  0.0000  0.0000  0.0000  0.0000
      2s      -0.0001 -0.0001 -0.0000 -0.0000 -0.0000 -0.0000 -0.0001 -0.0001 -0.0000 -0.0000 -0.0000 -0.0000
      2px      0.0012  0.0009  0.0001  0.0000  0.0000  0.0000  0.0011  0.0010  0.0002  0.0000  0.0000  0.0000
      2pz      0.0265  0.0254  0.0219  0.0005  0.0007  0.0233  0.0259  0.0259  0.0236  0.0009  0.0011  0.0236
      2py      0.0008  0.0010  0.0000  0.0000  0.0000  0.0002  0.0005  0.0007  0.0000  0.0000  0.0000  0.0002
      3s       0.0000  0.0000  0.0000  0.0000  0.0000  0.0000  0.0000  0.0000  0.0000  0.0000  0.0000  0.0000
      3px      0.0000  0.0000  0.0000  0.0000  0.0000  0.0000  0.0000  0.0000  0.0000  0.0000  0.0000  0.0000
      3pz      0.0000  0.0000  0.0000  0.0000  0.0000  0.0000  0.0000  0.0000  0.0000  0.0000  0.0000  0.0000
      3py      0.0000  0.0000  0.0000  0.0000  0.0000  0.0000  0.0000  0.0000  0.0000  0.0000  0.0000  0.0000
      4s       0.0000  0.0000  0.0000  0.0000  0.0000  0.0000  0.0000  0.0000  0.0000  0.0000  0.0000  0.0000
      3d2+     0.0000  0.0000  0.0000  0.0000  0.0000  0.0000  0.0000  0.0000  0.0000  0.0000  0.0000  0.0000
      3d1+     0.0000  0.0000  0.0000  0.0000  0.0000  0.0000  0.0000  0.0000  0.0000  0.0000  0.0000  0.0000
      3d0      0.0000  0.0000  0.0000  0.0000  0.0000  0.0000  0.0000  0.0000  0.0000  0.0000  0.0000  0.0000
      3d1-     0.0000  0.0000  0.0000  0.0000  0.0000  0.0000  0.0000  0.0000  0.0000  0.0000  0.0000  0.0000
      3d2-     0.0000  0.0000  0.0000  0.0000  0.0000  0.0000  0.0000  0.0000  0.0000  0.0000  0.0000  0.0000
      *s      -0.0095 -0.0077 -0.0002  0.0011  0.0014 -0.0007 -0.0117 -0.0121 -0.0008  0.0014  0.0010 -0.0000
      *px      0.0012  0.0015 -0.0004 -0.0004  0.0003 -0.0002  0.0012  0.0014 -0.0004 -0.0004  0.0003 -0.0001
      *pz      0.0537  0.0521  0.0433  0.0021  0.0023  0.0457  0.0505  0.0503  0.0464  0.0028  0.0033  0.0468
      *py      0.0008  0.0011 -0.0003  0.0002 -0.0005 -0.0006  0.0007  0.0004 -0.0004  0.0003 -0.0005 -0.0004
      *d2+     0.0002  0.0000  0.0000  0.0001  0.0000  0.0000  0.0004 -0.0000  0.0000  0.0001  0.0000  0.0000
      *d1+    -0.0001  0.0017  0.0004  0.0058  0.0051  0.0003  0.0000  0.0017  0.0005  0.0061  0.0051  0.0002
      *d0      0.0007  0.0007  0.0001  0.0000  0.0000  0.0001  0.0009  0.0009  0.0001  0.0000  0.0000  0.0001
      *d1-     0.0024  0.0008  0.0006  0.0014  0.0023  0.0010  0.0025  0.0008  0.0008  0.0015  0.0024  0.0009
      *d2-    -0.0000  0.0006 -0.0000  0.0000  0.0000  0.0000 -0.0000  0.0002 -0.0000  0.0000  0.0000  0.0000
      *f3+     0.0000  0.0000  0.0000  0.0000  0.0000  0.0000  0.0000  0.0000  0.0000  0.0000  0.0000  0.0000
      *f2+     0.0000  0.0001  0.0000  0.0001  0.0001  0.0000  0.0000  0.0001  0.0000  0.0001  0.0001  0.0000
      *f1+     0.0000  0.0000  0.0000  0.0000  0.0000  0.0000  0.0001  0.0000  0.0000  0.0000  0.0000  0.0000
      *f0      0.0000  0.0000 -0.0000  0.0000  0.0000 -0.0000  0.0000  0.0000 -0.0000  0.0000  0.0000 -0.0000
      *f1-     0.0000  0.0001  0.0000  0.0000  0.0000  0.0000  0.0000  0.0000  0.0000  0.0000  0.0000  0.0000
      *f2-     0.0001  0.0001  0.0000  0.0001  0.0000  0.0000  0.0001  0.0001  0.0000  0.0001  0.0000  0.0000
      *f3-     0.0000  0.0000  0.0000  0.0000  0.0000  0.0000  0.0000  0.0000  0.0000  0.0000  0.0000  0.0000
      Total    0.0779  0.0783  0.0657  0.0109  0.0118  0.0690  0.0721  0.0714  0.0699  0.0129  0.0130  0.0713

                H25     H26     H27     H28     H29     H30     H31     H32     H33     H34     H35     H36   
      1s       0.0001  0.0001  0.0000  0.0000  0.0000  0.0000  0.0001  0.0001  0.0000  0.0000  0.0000  0.0000
      2s       0.0000  0.0000  0.0000  0.0000  0.0000  0.0000  0.0000  0.0000  0.0000  0.0000  0.0000  0.0000
      2px      0.0000  0.0000  0.0000  0.0000  0.0000  0.0000  0.0000  0.0000  0.0000  0.0000  0.0000  0.0000
      2pz      0.0000  0.0000  0.0000  0.0000  0.0000  0.0000  0.0000  0.0000  0.0000  0.0000  0.0000  0.0000
      2py      0.0000  0.0000  0.0000  0.0000  0.0000  0.0000  0.0000  0.0000  0.0000  0.0000  0.0000  0.0000
      3s       0.0000  0.0000  0.0000  0.0000  0.0000  0.0000  0.0000  0.0000  0.0000  0.0000  0.0000  0.0000
      3px      0.0000  0.0000  0.0000  0.0000  0.0000  0.0000  0.0000  0.0000  0.0000  0.0000  0.0000  0.0000
      3pz      0.0000  0.0000  0.0000  0.0000  0.0000  0.0000  0.0000  0.0000  0.0000  0.0000  0.0000  0.0000
      3py      0.0000  0.0000  0.0000  0.0000  0.0000  0.0000  0.0000  0.0000  0.0000  0.0000  0.0000  0.0000
      4s       0.0000  0.0000  0.0000  0.0000  0.0000  0.0000  0.0000  0.0000  0.0000  0.0000  0.0000  0.0000
      3d2+     0.0000  0.0000  0.0000  0.0000  0.0000  0.0000  0.0000  0.0000  0.0000  0.0000  0.0000  0.0000
      3d1+     0.0000  0.0000  0.0000  0.0000  0.0000  0.0000  0.0000  0.0000  0.0000  0.0000  0.0000  0.0000
      3d0      0.0000  0.0000  0.0000  0.0000  0.0000  0.0000  0.0000  0.0000  0.0000  0.0000  0.0000  0.0000
      3d1-     0.0000  0.0000  0.0000  0.0000  0.0000  0.0000  0.0000  0.0000  0.0000  0.0000  0.0000  0.0000
      3d2-     0.0000  0.0000  0.0000  0.0000  0.0000  0.0000  0.0000  0.0000  0.0000  0.0000  0.0000  0.0000
      *s      -0.0008 -0.0008  0.0001 -0.0000 -0.0000  0.0001 -0.0010 -0.0010  0.0001 -0.0000 -0.0000  0.0001
      *px      0.0001  0.0000  0.0000  0.0000  0.0000  0.0000  0.0001  0.0000  0.0000  0.0000  0.0000  0.0000
      *pz      0.0007  0.0007  0.0005  0.0000  0.0000  0.0006  0.0007  0.0007  0.0006  0.0000  0.0000  0.0006
      *py      0.0000  0.0000  0.0000  0.0000  0.0000  0.0000  0.0000  0.0000  0.0000  0.0000  0.0000  0.0000
      *d2+     0.0000  0.0000  0.0000  0.0000  0.0000  0.0000  0.0000  0.0000  0.0000  0.0000  0.0000  0.0000
      *d1+     0.0000  0.0000  0.0000  0.0000  0.0000  0.0000  0.0000  0.0000  0.0000  0.0000  0.0000  0.0000
      *d0      0.0000  0.0000  0.0000  0.0000  0.0000  0.0000  0.0000  0.0000  0.0000  0.0000  0.0000  0.0000
      *d1-     0.0000  0.0000  0.0000  0.0000  0.0000  0.0000  0.0000  0.0000  0.0000  0.0000  0.0000  0.0000
      *d2-     0.0000  0.0000  0.0000  0.0000  0.0000  0.0000  0.0000  0.0000  0.0000  0.0000  0.0000  0.0000
      *f3+     0.0000  0.0000  0.0000  0.0000  0.0000  0.0000  0.0000  0.0000  0.0000  0.0000  0.0000  0.0000
      *f2+     0.0000  0.0000  0.0000  0.0000  0.0000  0.0000  0.0000  0.0000  0.0000  0.0000  0.0000  0.0000
      *f1+     0.0000  0.0000  0.0000  0.0000  0.0000  0.0000  0.0000  0.0000  0.0000  0.0000  0.0000  0.0000
      *f0      0.0000  0.0000  0.0000  0.0000  0.0000  0.0000  0.0000  0.0000  0.0000  0.0000  0.0000  0.0000
      *f1-     0.0000  0.0000  0.0000  0.0000  0.0000  0.0000  0.0000  0.0000  0.0000  0.0000  0.0000  0.0000
      *f2-     0.0000  0.0000  0.0000  0.0000  0.0000  0.0000  0.0000  0.0000  0.0000  0.0000  0.0000  0.0000
      *f3-     0.0000  0.0000  0.0000  0.0000  0.0000  0.0000  0.0000  0.0000  0.0000  0.0000  0.0000  0.0000
      Total    0.0001  0.0001  0.0007 -0.0000 -0.0000  0.0007 -0.0001 -0.0001  0.0007 -0.0000 -0.0000  0.0007

                NI37    NI38  
      1s       0.0000  0.0000
      2s       0.0000  0.0001
      2px      0.0000  0.0000
      2pz      0.0000  0.0000
      2py      0.0000  0.0000
      3s       0.0030  0.0038
      3px      0.0002  0.0003
      3pz      0.0013  0.0016
      3py      0.0004  0.0005
      4s      -0.0051 -0.0063
      3d2+     0.0069  0.0046
      3d1+     0.2763  0.3901
      3d0      0.0009  0.0051
      3d1-     0.2074  0.1011
      3d2-     0.0020  0.0014
      *s       0.4843  0.6026
      *px      0.0015  0.0017
      *pz      0.0243  0.0298
      *py     -0.0012 -0.0011
      *d2+     0.0017 -0.0004
      *d1+     0.2530  0.3599
      *d0      0.0000  0.0042
      *d1-     0.1899  0.0910
      *d2-     0.0001 -0.0000
      *f3+     0.0000  0.0000
      *f2+     0.0000  0.0000
      *f1+    -0.0000  0.0000
      *f0      0.0000  0.0000
      *f1-     0.0000  0.0000
      *f2-     0.0000  0.0000
      *f3-     0.0000  0.0000
      Total    1.4470  1.5901

      Total electronic spin=    4.000000
--


      Von Neumann Entropy (Root   3) =  2.20449


      Mulliken population analysis for root number:  3
      -----------------------------------------------


++    Molecular charges:
      ------------------

      Mulliken charges per centre and basis function type
      ---------------------------------------------------

                C1      C2      C3      C4      C5      C6      C7      C8      C9      C10     C11     C12   
      1s       0.8547  0.8547  0.8547  0.8547  0.8547  0.8547  0.8547  0.8547  0.8547  0.8547  0.8547  0.8547
      2s       1.1233  1.1233  1.1232  1.1233  1.1233  1.1232  1.1233  1.1233  1.1232  1.1233  1.1233  1.1232
      2px      0.4567  0.4601  0.4574  0.4561  0.4602  0.4576  0.4496  0.4539  0.4649  0.4496  0.4541  0.4649
      2pz      0.3173  0.3192  0.3226  0.3172  0.3180  0.3229  0.3229  0.3234  0.3137  0.3190  0.3170  0.3139
      2py      0.4565  0.4531  0.4614  0.4568  0.4529  0.4613  0.4635  0.4591  0.4599  0.4632  0.4588  0.4599
      3s       0.0000  0.0000  0.0000  0.0000  0.0000  0.0000  0.0000  0.0000  0.0000  0.0000  0.0000  0.0000
      3px      0.0000  0.0000  0.0000  0.0000  0.0000  0.0000  0.0000  0.0000  0.0000  0.0000  0.0000  0.0000
      3pz      0.0000  0.0000  0.0000  0.0000  0.0000  0.0000  0.0000  0.0000  0.0000  0.0000  0.0000  0.0000
      3py      0.0000  0.0000  0.0000  0.0000  0.0000  0.0000  0.0000  0.0000  0.0000  0.0000  0.0000  0.0000
      4s       0.0000  0.0000  0.0000  0.0000  0.0000  0.0000  0.0000  0.0000  0.0000  0.0000  0.0000  0.0000
      3d2+     0.0000  0.0000  0.0000  0.0000  0.0000  0.0000  0.0000  0.0000  0.0000  0.0000  0.0000  0.0000
      3d1+     0.0000  0.0000  0.0000  0.0000  0.0000  0.0000  0.0000  0.0000  0.0000  0.0000  0.0000  0.0000
      3d0      0.0000  0.0000  0.0000  0.0000  0.0000  0.0000  0.0000  0.0000  0.0000  0.0000  0.0000  0.0000
      3d1-     0.0000  0.0000  0.0000  0.0000  0.0000  0.0000  0.0000  0.0000  0.0000  0.0000  0.0000  0.0000
      3d2-     0.0000  0.0000  0.0000  0.0000  0.0000  0.0000  0.0000  0.0000  0.0000  0.0000  0.0000  0.0000
      *s       1.2903  1.2897  1.3519  1.2882  1.2875  1.3522  1.0043  1.0043  1.1055  1.0047  1.0049  1.1055
      *px      0.4324  0.2646  0.4437  0.4306  0.2653  0.4435  0.3620  0.4345  0.3952  0.3625  0.4345  0.3951
      *pz      0.6414  0.6453  0.5894  0.6415  0.6426  0.5904  0.5764  0.5773  0.5842  0.5702  0.5655  0.5847
      *py      0.1465  0.3151  0.3612  0.1486  0.3157  0.3617  0.4643  0.3917  0.3894  0.4631  0.3915  0.3894
      *d2+     0.0503  0.0544  0.0601  0.0501  0.0542  0.0601  0.0421  0.0388  0.0452  0.0425  0.0388  0.0452
      *d1+     0.0250  0.0269  0.0260  0.0252  0.0271  0.0260  0.0212  0.0234  0.0272  0.0211  0.0237  0.0270
      *d0      0.0059  0.0059  0.0032  0.0059  0.0060  0.0032  0.0086  0.0087  0.0059  0.0084  0.0086  0.0059
      *d1-     0.0255  0.0236  0.0256  0.0253  0.0234  0.0257  0.0271  0.0253  0.0234  0.0275  0.0252  0.0234
      *d2-     0.0531  0.0492  0.0631  0.0534  0.0493  0.0631  0.0372  0.0405  0.0507  0.0372  0.0409  0.0507
      *f3+     0.0021  0.0021  0.0021  0.0021  0.0021  0.0021  0.0021  0.0021  0.0022  0.0021  0.0021  0.0022
      *f2+     0.0009  0.0010  0.0011  0.0009  0.0010  0.0011  0.0010  0.0008  0.0009  0.0011  0.0008  0.0008
      *f1+     0.0011  0.0010  0.0011  0.0010  0.0010  0.0011  0.0010  0.0012  0.0011  0.0010  0.0012  0.0011
      *f0      0.0018  0.0018  0.0020  0.0018  0.0018  0.0020  0.0017  0.0017  0.0020  0.0017  0.0017  0.0020
      *f1-     0.0010  0.0011  0.0011  0.0011  0.0011  0.0011  0.0013  0.0010  0.0011  0.0013  0.0010  0.0011
      *f2-     0.0009  0.0009  0.0010  0.0009  0.0009  0.0010  0.0008  0.0011  0.0010  0.0008  0.0011  0.0010
      *f3-     0.0030  0.0030  0.0032  0.0030  0.0030  0.0032  0.0029  0.0029  0.0031  0.0029  0.0029  0.0031
      Total    5.8896  5.8959  6.1555  5.8879  5.8910  6.1573  5.7681  5.7698  5.8545  5.7578  5.7523  5.8548

      N-E      0.1104  0.1041 -0.1555  0.1121  0.1090 -0.1573  0.2319  0.2302  0.1455  0.2422  0.2477  0.1452

                C13     C14     C15     C16     C17     C18     C19     C20     C21     C22     C23     C24   
      1s       0.8548  0.8548  0.8548  0.8548  0.8548  0.8548  0.8548  0.8548  0.8548  0.8548  0.8548  0.8548
      2s       1.1233  1.1233  1.1232  1.1232  1.1232  1.1232  1.1233  1.1233  1.1232  1.1232  1.1232  1.1232
      2px      0.4474  0.4492  0.4718  0.4715  0.4576  0.4519  0.4480  0.4485  0.4717  0.4715  0.4576  0.4520
      2pz      0.3134  0.3146  0.3165  0.3125  0.3124  0.3154  0.3162  0.3159  0.3163  0.3107  0.3111  0.3152
      2py      0.4578  0.4561  0.4482  0.4483  0.4621  0.4679  0.4576  0.4568  0.4481  0.4482  0.4622  0.4680
      3s       0.0000  0.0000  0.0000  0.0000  0.0000  0.0000  0.0000  0.0000  0.0000  0.0000  0.0000  0.0000
      3px      0.0000  0.0000  0.0000  0.0000  0.0000  0.0000  0.0000  0.0000  0.0000  0.0000  0.0000  0.0000
      3pz      0.0000  0.0000  0.0000  0.0000  0.0000  0.0000  0.0000  0.0000  0.0000  0.0000  0.0000  0.0000
      3py      0.0000  0.0000  0.0000  0.0000  0.0000  0.0000  0.0000  0.0000  0.0000  0.0000  0.0000  0.0000
      4s       0.0000  0.0000  0.0000  0.0000  0.0000  0.0000  0.0000  0.0000  0.0000  0.0000  0.0000  0.0000
      3d2+     0.0000  0.0000  0.0000  0.0000  0.0000  0.0000  0.0000  0.0000  0.0000  0.0000  0.0000  0.0000
      3d1+     0.0000  0.0000  0.0000  0.0000  0.0000  0.0000  0.0000  0.0000  0.0000  0.0000  0.0000  0.0000
      3d0      0.0000  0.0000  0.0000  0.0000  0.0000  0.0000  0.0000  0.0000  0.0000  0.0000  0.0000  0.0000
      3d1-     0.0000  0.0000  0.0000  0.0000  0.0000  0.0000  0.0000  0.0000  0.0000  0.0000  0.0000  0.0000
      3d2-     0.0000  0.0000  0.0000  0.0000  0.0000  0.0000  0.0000  0.0000  0.0000  0.0000  0.0000  0.0000
      *s       1.2138  1.2124  1.2433  1.2166  1.2164  1.2432  1.2143  1.2103  1.2435  1.2162  1.2168  1.2430
      *px      0.5337  0.5054  0.5059  0.5127  0.4936  0.5327  0.5343  0.5034  0.5058  0.5127  0.4937  0.5329
      *pz      0.6339  0.6372  0.6551  0.6551  0.6558  0.6521  0.6430  0.6419  0.6535  0.6526  0.6526  0.6524
      *py      0.4919  0.5200  0.5192  0.5127  0.5317  0.4918  0.4912  0.5204  0.5191  0.5125  0.5318  0.4920
      *d2+     0.0278  0.0284  0.0278  0.0280  0.0314  0.0311  0.0277  0.0283  0.0278  0.0280  0.0315  0.0311
      *d1+     0.0120  0.0209  0.0244  0.0236  0.0206  0.0067  0.0119  0.0212  0.0239  0.0236  0.0204  0.0067
      *d0      0.0101  0.0101  0.0052  0.0048  0.0048  0.0052  0.0101  0.0101  0.0052  0.0048  0.0048  0.0052
      *d1-     0.0269  0.0177  0.0111  0.0101  0.0132  0.0285  0.0269  0.0176  0.0110  0.0102  0.0131  0.0286
      *d2-     0.0268  0.0260  0.0330  0.0321  0.0286  0.0297  0.0269  0.0261  0.0330  0.0321  0.0286  0.0297
      *f3+     0.0019  0.0019  0.0019  0.0019  0.0019  0.0019  0.0019  0.0019  0.0019  0.0019  0.0019  0.0019
      *f2+     0.0005  0.0009  0.0009  0.0009  0.0008  0.0003  0.0005  0.0009  0.0009  0.0009  0.0008  0.0003
      *f1+     0.0009  0.0009  0.0009  0.0009  0.0009  0.0009  0.0009  0.0009  0.0009  0.0009  0.0009  0.0009
      *f0      0.0014  0.0014  0.0016  0.0016  0.0016  0.0016  0.0014  0.0014  0.0016  0.0016  0.0016  0.0016
      *f1-     0.0009  0.0008  0.0009  0.0008  0.0009  0.0010  0.0009  0.0009  0.0009  0.0008  0.0009  0.0010
      *f2-     0.0011  0.0006  0.0006  0.0005  0.0005  0.0011  0.0011  0.0006  0.0005  0.0005  0.0005  0.0011
      *f3-     0.0017  0.0017  0.0019  0.0020  0.0020  0.0019  0.0017  0.0017  0.0019  0.0020  0.0020  0.0019
      Total    6.1819  6.1844  6.2481  6.2147  6.2148  6.2430  6.1942  6.1867  6.2456  6.2097  6.2108  6.2435

      N-E     -0.1819 -0.1844 -0.2481 -0.2147 -0.2148 -0.2430 -0.1942 -0.1867 -0.2456 -0.2097 -0.2108 -0.2435

                H25     H26     H27     H28     H29     H30     H31     H32     H33     H34     H35     H36   
      1s       0.2626  0.2626  0.2635  0.2638  0.2638  0.2635  0.2627  0.2627  0.2635  0.2638  0.2638  0.2635
      2s       0.0000  0.0000  0.0000  0.0000  0.0000  0.0000  0.0000  0.0000  0.0000  0.0000  0.0000  0.0000
      2px      0.0000  0.0000  0.0000  0.0000  0.0000  0.0000  0.0000  0.0000  0.0000  0.0000  0.0000  0.0000
      2pz      0.0000  0.0000  0.0000  0.0000  0.0000  0.0000  0.0000  0.0000  0.0000  0.0000  0.0000  0.0000
      2py      0.0000  0.0000  0.0000  0.0000  0.0000  0.0000  0.0000  0.0000  0.0000  0.0000  0.0000  0.0000
      3s       0.0000  0.0000  0.0000  0.0000  0.0000  0.0000  0.0000  0.0000  0.0000  0.0000  0.0000  0.0000
      3px      0.0000  0.0000  0.0000  0.0000  0.0000  0.0000  0.0000  0.0000  0.0000  0.0000  0.0000  0.0000
      3pz      0.0000  0.0000  0.0000  0.0000  0.0000  0.0000  0.0000  0.0000  0.0000  0.0000  0.0000  0.0000
      3py      0.0000  0.0000  0.0000  0.0000  0.0000  0.0000  0.0000  0.0000  0.0000  0.0000  0.0000  0.0000
      4s       0.0000  0.0000  0.0000  0.0000  0.0000  0.0000  0.0000  0.0000  0.0000  0.0000  0.0000  0.0000
      3d2+     0.0000  0.0000  0.0000  0.0000  0.0000  0.0000  0.0000  0.0000  0.0000  0.0000  0.0000  0.0000
      3d1+     0.0000  0.0000  0.0000  0.0000  0.0000  0.0000  0.0000  0.0000  0.0000  0.0000  0.0000  0.0000
      3d0      0.0000  0.0000  0.0000  0.0000  0.0000  0.0000  0.0000  0.0000  0.0000  0.0000  0.0000  0.0000
      3d1-     0.0000  0.0000  0.0000  0.0000  0.0000  0.0000  0.0000  0.0000  0.0000  0.0000  0.0000  0.0000
      3d2-     0.0000  0.0000  0.0000  0.0000  0.0000  0.0000  0.0000  0.0000  0.0000  0.0000  0.0000  0.0000
      *s       0.5669  0.5669  0.5809  0.5780  0.5780  0.5811  0.5674  0.5673  0.5810  0.5780  0.5780  0.5810
      *px      0.0166  0.0066  0.0061  0.0061  0.0064  0.0163  0.0166  0.0066  0.0061  0.0061  0.0064  0.0163
      *pz      0.0044  0.0044  0.0041  0.0042  0.0042  0.0041  0.0045  0.0045  0.0041  0.0042  0.0042  0.0041
      *py      0.0030  0.0131  0.0131  0.0130  0.0127  0.0029  0.0030  0.0131  0.0131  0.0130  0.0127  0.0029
      *d2+     0.0000  0.0000  0.0000  0.0000  0.0000  0.0000  0.0000  0.0000  0.0000  0.0000  0.0000  0.0000
      *d1+     0.0000  0.0000  0.0000  0.0000  0.0000  0.0000  0.0000  0.0000  0.0000  0.0000  0.0000  0.0000
      *d0      0.0000  0.0000  0.0000  0.0000  0.0000  0.0000  0.0000  0.0000  0.0000  0.0000  0.0000  0.0000
      *d1-     0.0000  0.0000  0.0000  0.0000  0.0000  0.0000  0.0000  0.0000  0.0000  0.0000  0.0000  0.0000
      *d2-     0.0000  0.0000  0.0000  0.0000  0.0000  0.0000  0.0000  0.0000  0.0000  0.0000  0.0000  0.0000
      *f3+     0.0000  0.0000  0.0000  0.0000  0.0000  0.0000  0.0000  0.0000  0.0000  0.0000  0.0000  0.0000
      *f2+     0.0000  0.0000  0.0000  0.0000  0.0000  0.0000  0.0000  0.0000  0.0000  0.0000  0.0000  0.0000
      *f1+     0.0000  0.0000  0.0000  0.0000  0.0000  0.0000  0.0000  0.0000  0.0000  0.0000  0.0000  0.0000
      *f0      0.0000  0.0000  0.0000  0.0000  0.0000  0.0000  0.0000  0.0000  0.0000  0.0000  0.0000  0.0000
      *f1-     0.0000  0.0000  0.0000  0.0000  0.0000  0.0000  0.0000  0.0000  0.0000  0.0000  0.0000  0.0000
      *f2-     0.0000  0.0000  0.0000  0.0000  0.0000  0.0000  0.0000  0.0000  0.0000  0.0000  0.0000  0.0000
      *f3-     0.0000  0.0000  0.0000  0.0000  0.0000  0.0000  0.0000  0.0000  0.0000  0.0000  0.0000  0.0000
      Total    0.8536  0.8536  0.8677  0.8651  0.8651  0.8679  0.8542  0.8540  0.8678  0.8651  0.8651  0.8677

      N-E      0.1464  0.1464  0.1323  0.1349  0.1349  0.1321  0.1458  0.1460  0.1322  0.1349  0.1349  0.1323

                NI37    NI38  
      1s       1.9997  1.9997
      2s       2.0007  2.0007
      2px      1.9958  1.9958
      2pz      1.9958  1.9958
      2py      1.9957  1.9957
      3s       1.1580  1.1582
      3px      1.5692  1.5696
      3pz      1.5738  1.5735
      3py      1.5676  1.5673
      4s       0.8152  0.8149
      3d2+     0.9343  0.9352
      3d1+     0.7252  0.9158
      3d0      0.9883  0.9828
      3d1-     0.8007  0.6405
      3d2-     0.9551  0.9574
      *s       1.1246  1.1150
      *px      0.4880  0.4909
      *pz      0.5366  0.5353
      *py      0.4807  0.4820
      *d2+     0.9894  0.9876
      *d1+     0.7221  0.8939
      *d0      0.9926  0.9929
      *d1-     0.7964  0.6500
      *d2-     0.9931  0.9922
      *f3+     0.0000  0.0000
      *f2+     0.0000  0.0000
      *f1+     0.0000  0.0000
      *f0      0.0000  0.0001
      *f1-     0.0000  0.0000
      *f2-     0.0000  0.0000
      *f3-     0.0000  0.0000
      Total   28.1986 28.2429

      N-E     -0.1986 -0.2429

      Total electronic charge=  212.000000

      Total            charge=   -0.000000
--



      Expectation values of various properties for root number:  3
      -----------------------------------------------------------


++    Molecular properties:
      ---------------------

      Charge (e):
                      =   -0.0000
      Dipole Moment (Debye):
      Origin of the operator (Ang)=    0.0000    0.0000    0.0000
                   X=  5.2607E-01               Y= -2.1449E-02               Z= -8.3321E+00           Total=  8.3487E+00
      Quadrupole Moment (Debye*Ang):
      Origin of the operator (Ang)=    0.0000   -0.0000    0.5165
                  XX= -1.3948E+02              XY= -2.4549E+00              XZ=  8.3146E-01              YY= -1.3674E+02
                  YZ=  5.5799E-01              ZZ= -2.0049E+02
      In traceless form (Debye*Ang)
                  XX=  2.9131E+01              XY= -3.6823E+00              XZ=  1.2472E+00              YY=  3.3246E+01
                  YZ=  8.3698E-01              ZZ= -6.2377E+01
--


      Mulliken spin population analysis for root number:  3
      ---------------------------------------------------


++    Molecular charges:
      ------------------

      Mulliken spin population per centre and basis function type
      ---------------------------------------------------

                C1      C2      C3      C4      C5      C6      C7      C8      C9      C10     C11     C12   
      1s       0.0001  0.0000  0.0000  0.0000  0.0000  0.0000  0.0000  0.0000  0.0000  0.0000  0.0000  0.0000
      2s      -0.0001 -0.0001 -0.0000 -0.0001 -0.0001 -0.0000 -0.0000 -0.0000 -0.0000 -0.0001 -0.0001 -0.0000
      2px      0.0001  0.0004  0.0001  0.0007  0.0002  0.0001  0.0004  0.0004  0.0000  0.0003  0.0002  0.0000
      2pz      0.0046  0.0026  0.0023  0.0029  0.0026  0.0024  0.0115  0.0109  0.0007  0.0162  0.0184  0.0017
      2py      0.0005  0.0001  0.0000  0.0001  0.0004  0.0001  0.0001  0.0001  0.0000  0.0004  0.0004  0.0000
      3s       0.0000  0.0000  0.0000  0.0000  0.0000  0.0000  0.0000  0.0000  0.0000  0.0000  0.0000  0.0000
      3px      0.0000  0.0000  0.0000  0.0000  0.0000  0.0000  0.0000  0.0000  0.0000  0.0000  0.0000  0.0000
      3pz      0.0000  0.0000  0.0000  0.0000  0.0000  0.0000  0.0000  0.0000  0.0000  0.0000  0.0000  0.0000
      3py      0.0000  0.0000  0.0000  0.0000  0.0000  0.0000  0.0000  0.0000  0.0000  0.0000  0.0000  0.0000
      4s       0.0000  0.0000  0.0000  0.0000  0.0000  0.0000  0.0000  0.0000  0.0000  0.0000  0.0000  0.0000
      3d2+     0.0000  0.0000  0.0000  0.0000  0.0000  0.0000  0.0000  0.0000  0.0000  0.0000  0.0000  0.0000
      3d1+     0.0000  0.0000  0.0000  0.0000  0.0000  0.0000  0.0000  0.0000  0.0000  0.0000  0.0000  0.0000
      3d0      0.0000  0.0000  0.0000  0.0000  0.0000  0.0000  0.0000  0.0000  0.0000  0.0000  0.0000  0.0000
      3d1-     0.0000  0.0000  0.0000  0.0000  0.0000  0.0000  0.0000  0.0000  0.0000  0.0000  0.0000  0.0000
      3d2-     0.0000  0.0000  0.0000  0.0000  0.0000  0.0000  0.0000  0.0000  0.0000  0.0000  0.0000  0.0000
      *s       0.0042  0.0046 -0.0340  0.0064  0.0069 -0.0343 -0.0033 -0.0028  0.0015 -0.0023 -0.0019  0.0016
      *px     -0.0002 -0.0016  0.0006  0.0004 -0.0023 -0.0004 -0.0016  0.0004 -0.0004 -0.0021  0.0014 -0.0003
      *pz      0.0055  0.0008 -0.0021  0.0031  0.0033 -0.0019  0.0011 -0.0001 -0.0002  0.0065  0.0119  0.0012
      *py     -0.0028 -0.0008  0.0002 -0.0044 -0.0023  0.0007 -0.0011 -0.0032  0.0024  0.0010 -0.0029  0.0024
      *d2+    -0.0000  0.0001  0.0001  0.0003  0.0005  0.0000  0.0001 -0.0000 -0.0000 -0.0002  0.0001 -0.0000
      *d1+     0.0007  0.0003  0.0002  0.0006  0.0001  0.0003  0.0003  0.0004  0.0010  0.0002  0.0001  0.0010
      *d0      0.0015  0.0015  0.0005  0.0014  0.0014  0.0005  0.0003  0.0003  0.0000  0.0005  0.0004  0.0000
      *d1-     0.0002  0.0007  0.0001  0.0004  0.0010  0.0002  0.0007  0.0001  0.0003  0.0000  0.0001  0.0007
      *d2-     0.0003 -0.0000  0.0001  0.0001  0.0000  0.0001 -0.0001  0.0001 -0.0000 -0.0000 -0.0003 -0.0000
      *f3+     0.0000  0.0000  0.0000  0.0000  0.0000  0.0000  0.0000 -0.0000 -0.0000  0.0000  0.0000 -0.0000
      *f2+     0.0000  0.0000  0.0000  0.0000  0.0000  0.0000  0.0000  0.0000  0.0000  0.0000  0.0000  0.0000
      *f1+     0.0000  0.0000  0.0000  0.0000  0.0000  0.0000  0.0000  0.0000  0.0000  0.0000 -0.0000  0.0000
      *f0      0.0001  0.0001  0.0000  0.0000  0.0000  0.0000  0.0000  0.0000  0.0000  0.0001  0.0001  0.0000
      *f1-     0.0000  0.0000  0.0000  0.0000  0.0000  0.0000  0.0000  0.0000 -0.0000  0.0000  0.0000  0.0000
      *f2-     0.0000  0.0000  0.0000  0.0000  0.0000  0.0000  0.0000  0.0000  0.0000 -0.0000  0.0000  0.0000
      *f3-     0.0000  0.0000  0.0000  0.0000  0.0000  0.0000  0.0000  0.0000  0.0000  0.0000  0.0000  0.0000
      Total    0.0145  0.0088 -0.0318  0.0123  0.0118 -0.0321  0.0085  0.0066  0.0052  0.0205  0.0279  0.0082

                C13     C14     C15     C16     C17     C18     C19     C20     C21     C22     C23     C24   
      1s       0.0001  0.0001  0.0000  0.0000  0.0000  0.0000  0.0000  0.0001  0.0000  0.0000  0.0000  0.0000
      2s      -0.0001 -0.0001 -0.0000 -0.0000 -0.0000 -0.0000 -0.0001 -0.0001 -0.0000 -0.0000 -0.0000 -0.0000
      2px      0.0008  0.0002  0.0000  0.0000  0.0000  0.0000  0.0001  0.0011  0.0001  0.0000  0.0000  0.0000
      2pz      0.0057  0.0041  0.0012  0.0040  0.0051  0.0012  0.0007  0.0023  0.0014  0.0071  0.0058  0.0028
      2py      0.0004  0.0009  0.0000  0.0000  0.0000  0.0002  0.0008  0.0001  0.0001  0.0000  0.0000  0.0000
      3s       0.0000  0.0000  0.0000  0.0000  0.0000  0.0000  0.0000  0.0000  0.0000  0.0000  0.0000  0.0000
      3px      0.0000  0.0000  0.0000  0.0000  0.0000  0.0000  0.0000  0.0000  0.0000  0.0000  0.0000  0.0000
      3pz      0.0000  0.0000  0.0000  0.0000  0.0000  0.0000  0.0000  0.0000  0.0000  0.0000  0.0000  0.0000
      3py      0.0000  0.0000  0.0000  0.0000  0.0000  0.0000  0.0000  0.0000  0.0000  0.0000  0.0000  0.0000
      4s       0.0000  0.0000  0.0000  0.0000  0.0000  0.0000  0.0000  0.0000  0.0000  0.0000  0.0000  0.0000
      3d2+     0.0000  0.0000  0.0000  0.0000  0.0000  0.0000  0.0000  0.0000  0.0000  0.0000  0.0000  0.0000
      3d1+     0.0000  0.0000  0.0000  0.0000  0.0000  0.0000  0.0000  0.0000  0.0000  0.0000  0.0000  0.0000
      3d0      0.0000  0.0000  0.0000  0.0000  0.0000  0.0000  0.0000  0.0000  0.0000  0.0000  0.0000  0.0000
      3d1-     0.0000  0.0000  0.0000  0.0000  0.0000  0.0000  0.0000  0.0000  0.0000  0.0000  0.0000  0.0000
      3d2-     0.0000  0.0000  0.0000  0.0000  0.0000  0.0000  0.0000  0.0000  0.0000  0.0000  0.0000  0.0000
      *s      -0.0212 -0.0190 -0.0060  0.0022  0.0019 -0.0061 -0.0218 -0.0193 -0.0062  0.0020  0.0021 -0.0059
      *px     -0.0001  0.0000 -0.0006 -0.0004  0.0002 -0.0004 -0.0013  0.0019 -0.0006 -0.0003  0.0002 -0.0006
      *pz      0.0064  0.0039  0.0001  0.0096  0.0120  0.0000 -0.0063 -0.0027  0.0006  0.0159  0.0131  0.0032
      *py      0.0004  0.0008 -0.0019  0.0004 -0.0001 -0.0017  0.0014 -0.0002 -0.0017  0.0004 -0.0001 -0.0017
      *d2+     0.0001  0.0000  0.0001  0.0000  0.0000 -0.0000  0.0005  0.0002  0.0000  0.0000  0.0000  0.0000
      *d1+     0.0001  0.0008  0.0013  0.0001 -0.0000  0.0000  0.0001  0.0004  0.0020  0.0002  0.0003  0.0000
      *d0      0.0020  0.0020  0.0001  0.0000  0.0000  0.0001  0.0021  0.0021  0.0001  0.0000  0.0000  0.0001
      *d1-     0.0006  0.0001  0.0006  0.0001  0.0001  0.0022  0.0005  0.0001  0.0007  0.0000  0.0002  0.0020
      *d2-     0.0000  0.0005 -0.0000 -0.0000 -0.0000 -0.0000  0.0000  0.0005 -0.0000  0.0000  0.0000  0.0000
      *f3+     0.0000  0.0000 -0.0000  0.0000  0.0000  0.0000  0.0000  0.0000  0.0000  0.0000  0.0000 -0.0000
      *f2+     0.0000  0.0000  0.0000  0.0000  0.0000  0.0000  0.0000  0.0000  0.0000  0.0000  0.0000  0.0000
      *f1+     0.0001  0.0000  0.0000  0.0000  0.0000  0.0000  0.0000  0.0001  0.0000  0.0000  0.0000  0.0000
      *f0      0.0000  0.0000  0.0000 -0.0000 -0.0000  0.0000  0.0000  0.0000  0.0000 -0.0000 -0.0000  0.0000
      *f1-     0.0000  0.0001  0.0000  0.0000  0.0000  0.0000  0.0000  0.0000  0.0000  0.0000  0.0000  0.0000
      *f2-     0.0000  0.0000  0.0000  0.0000  0.0000  0.0001  0.0000  0.0000  0.0000  0.0000  0.0000  0.0001
      *f3-     0.0000  0.0000  0.0000 -0.0000  0.0000  0.0000  0.0000 -0.0000  0.0000  0.0000  0.0000  0.0000
      Total   -0.0045 -0.0055 -0.0052  0.0160  0.0193 -0.0044 -0.0232 -0.0133 -0.0035  0.0255  0.0216  0.0002

                H25     H26     H27     H28     H29     H30     H31     H32     H33     H34     H35     H36   
      1s       0.0001  0.0002  0.0000  0.0000  0.0000  0.0000  0.0001  0.0002  0.0000  0.0000  0.0000  0.0000
      2s       0.0000  0.0000  0.0000  0.0000  0.0000  0.0000  0.0000  0.0000  0.0000  0.0000  0.0000  0.0000
      2px      0.0000  0.0000  0.0000  0.0000  0.0000  0.0000  0.0000  0.0000  0.0000  0.0000  0.0000  0.0000
      2pz      0.0000  0.0000  0.0000  0.0000  0.0000  0.0000  0.0000  0.0000  0.0000  0.0000  0.0000  0.0000
      2py      0.0000  0.0000  0.0000  0.0000  0.0000  0.0000  0.0000  0.0000  0.0000  0.0000  0.0000  0.0000
      3s       0.0000  0.0000  0.0000  0.0000  0.0000  0.0000  0.0000  0.0000  0.0000  0.0000  0.0000  0.0000
      3px      0.0000  0.0000  0.0000  0.0000  0.0000  0.0000  0.0000  0.0000  0.0000  0.0000  0.0000  0.0000
      3pz      0.0000  0.0000  0.0000  0.0000  0.0000  0.0000  0.0000  0.0000  0.0000  0.0000  0.0000  0.0000
      3py      0.0000  0.0000  0.0000  0.0000  0.0000  0.0000  0.0000  0.0000  0.0000  0.0000  0.0000  0.0000
      4s       0.0000  0.0000  0.0000  0.0000  0.0000  0.0000  0.0000  0.0000  0.0000  0.0000  0.0000  0.0000
      3d2+     0.0000  0.0000  0.0000  0.0000  0.0000  0.0000  0.0000  0.0000  0.0000  0.0000  0.0000  0.0000
      3d1+     0.0000  0.0000  0.0000  0.0000  0.0000  0.0000  0.0000  0.0000  0.0000  0.0000  0.0000  0.0000
      3d0      0.0000  0.0000  0.0000  0.0000  0.0000  0.0000  0.0000  0.0000  0.0000  0.0000  0.0000  0.0000
      3d1-     0.0000  0.0000  0.0000  0.0000  0.0000  0.0000  0.0000  0.0000  0.0000  0.0000  0.0000  0.0000
      3d2-     0.0000  0.0000  0.0000  0.0000  0.0000  0.0000  0.0000  0.0000  0.0000  0.0000  0.0000  0.0000
      *s      -0.0018 -0.0018  0.0000 -0.0000 -0.0000 -0.0000 -0.0018 -0.0018 -0.0000 -0.0000 -0.0000  0.0000
      *px      0.0000  0.0000  0.0000  0.0000  0.0000  0.0000  0.0000  0.0000  0.0000  0.0000  0.0000  0.0000
      *pz      0.0001  0.0001  0.0000  0.0001  0.0001  0.0000  0.0000  0.0000  0.0000  0.0002  0.0001  0.0000
      *py      0.0000  0.0000  0.0000  0.0000  0.0000  0.0000  0.0000  0.0000  0.0000  0.0000  0.0000  0.0000
      *d2+     0.0000  0.0000  0.0000  0.0000  0.0000  0.0000  0.0000  0.0000  0.0000  0.0000  0.0000  0.0000
      *d1+     0.0000  0.0000  0.0000  0.0000  0.0000  0.0000  0.0000  0.0000  0.0000  0.0000  0.0000  0.0000
      *d0      0.0000  0.0000  0.0000  0.0000  0.0000  0.0000  0.0000  0.0000  0.0000  0.0000  0.0000  0.0000
      *d1-     0.0000  0.0000  0.0000  0.0000  0.0000  0.0000  0.0000  0.0000  0.0000  0.0000  0.0000  0.0000
      *d2-     0.0000  0.0000  0.0000  0.0000  0.0000  0.0000  0.0000  0.0000  0.0000  0.0000  0.0000  0.0000
      *f3+     0.0000  0.0000  0.0000  0.0000  0.0000  0.0000  0.0000  0.0000  0.0000  0.0000  0.0000  0.0000
      *f2+     0.0000  0.0000  0.0000  0.0000  0.0000  0.0000  0.0000  0.0000  0.0000  0.0000  0.0000  0.0000
      *f1+     0.0000  0.0000  0.0000  0.0000  0.0000  0.0000  0.0000  0.0000  0.0000  0.0000  0.0000  0.0000
      *f0      0.0000  0.0000  0.0000  0.0000  0.0000  0.0000  0.0000  0.0000  0.0000  0.0000  0.0000  0.0000
      *f1-     0.0000  0.0000  0.0000  0.0000  0.0000  0.0000  0.0000  0.0000  0.0000  0.0000  0.0000  0.0000
      *f2-     0.0000  0.0000  0.0000  0.0000  0.0000  0.0000  0.0000  0.0000  0.0000  0.0000  0.0000  0.0000
      *f3-     0.0000  0.0000  0.0000  0.0000  0.0000  0.0000  0.0000  0.0000  0.0000  0.0000  0.0000  0.0000
      Total   -0.0015 -0.0015  0.0001  0.0001  0.0001  0.0000 -0.0017 -0.0016  0.0000  0.0001  0.0001  0.0001

                NI37    NI38  
      1s       0.0000  0.0000
      2s       0.0001  0.0001
      2px      0.0000  0.0000
      2pz      0.0000  0.0000
      2py      0.0000  0.0000
      3s       0.0070  0.0069
      3px      0.0002  0.0001
      3pz      0.0026  0.0025
      3py      0.0001  0.0004
      4s      -0.0116 -0.0115
      3d2+     0.0028  0.0033
      3d1+     0.2823  0.0929
      3d0      0.0014  0.0034
      3d1-     0.2023  0.3622
      3d2-     0.0010  0.0004
      *s       1.0022  0.9863
      *px      0.0022  0.0007
      *pz      0.0509  0.0503
      *py      0.0007 -0.0002
      *d2+     0.0026  0.0030
      *d1+     0.2595  0.0875
      *d0      0.0019  0.0038
      *d1-     0.1864  0.3348
      *d2-     0.0006  0.0004
      *f3+     0.0000  0.0000
      *f2+     0.0000  0.0000
      *f1+     0.0000  0.0000
      *f0      0.0000  0.0000
      *f1-     0.0000  0.0000
      *f2-     0.0000  0.0000
      *f3-     0.0000  0.0000
      Total    1.9953  1.9272

      Total electronic spin=    4.000000
--


      Von Neumann Entropy (Root   4) =  2.26448


      Mulliken population analysis for root number:  4
      -----------------------------------------------


++    Molecular charges:
      ------------------

      Mulliken charges per centre and basis function type
      ---------------------------------------------------

                C1      C2      C3      C4      C5      C6      C7      C8      C9      C10     C11     C12   
      1s       0.8546  0.8547  0.8547  0.8546  0.8546  0.8547  0.8547  0.8547  0.8547  0.8547  0.8547  0.8547
      2s       1.1234  1.1233  1.1232  1.1233  1.1233  1.1232  1.1233  1.1233  1.1232  1.1233  1.1233  1.1232
      2px      0.4566  0.4601  0.4576  0.4568  0.4599  0.4576  0.4496  0.4542  0.4649  0.4496  0.4543  0.4649
      2pz      0.3264  0.3280  0.3244  0.3246  0.3259  0.3253  0.3370  0.3361  0.3129  0.3360  0.3357  0.3120
      2py      0.4565  0.4531  0.4613  0.4563  0.4532  0.4613  0.4638  0.4592  0.4599  0.4638  0.4591  0.4599
      3s       0.0000  0.0000  0.0000  0.0000  0.0000  0.0000  0.0000  0.0000  0.0000  0.0000  0.0000  0.0000
      3px      0.0000  0.0000  0.0000  0.0000  0.0000  0.0000  0.0000  0.0000  0.0000  0.0000  0.0000  0.0000
      3pz      0.0000  0.0000  0.0000  0.0000  0.0000  0.0000  0.0000  0.0000  0.0000  0.0000  0.0000  0.0000
      3py      0.0000  0.0000  0.0000  0.0000  0.0000  0.0000  0.0000  0.0000  0.0000  0.0000  0.0000  0.0000
      4s       0.0000  0.0000  0.0000  0.0000  0.0000  0.0000  0.0000  0.0000  0.0000  0.0000  0.0000  0.0000
      3d2+     0.0000  0.0000  0.0000  0.0000  0.0000  0.0000  0.0000  0.0000  0.0000  0.0000  0.0000  0.0000
      3d1+     0.0000  0.0000  0.0000  0.0000  0.0000  0.0000  0.0000  0.0000  0.0000  0.0000  0.0000  0.0000
      3d0      0.0000  0.0000  0.0000  0.0000  0.0000  0.0000  0.0000  0.0000  0.0000  0.0000  0.0000  0.0000
      3d1-     0.0000  0.0000  0.0000  0.0000  0.0000  0.0000  0.0000  0.0000  0.0000  0.0000  0.0000  0.0000
      3d2-     0.0000  0.0000  0.0000  0.0000  0.0000  0.0000  0.0000  0.0000  0.0000  0.0000  0.0000  0.0000
      *s       1.2876  1.2871  1.3491  1.2821  1.2821  1.3491  1.0071  1.0067  1.1066  1.0069  1.0072  1.1066
      *px      0.4304  0.2665  0.4502  0.4314  0.2654  0.4508  0.3630  0.4364  0.3939  0.3627  0.4375  0.3936
      *pz      0.6520  0.6561  0.5952  0.6483  0.6509  0.5969  0.6199  0.6184  0.5831  0.6123  0.6119  0.5817
      *py      0.1476  0.3129  0.3640  0.1470  0.3142  0.3639  0.4669  0.3931  0.3891  0.4677  0.3929  0.3892
      *d2+     0.0502  0.0544  0.0602  0.0506  0.0543  0.0602  0.0421  0.0388  0.0452  0.0423  0.0390  0.0453
      *d1+     0.0262  0.0272  0.0272  0.0263  0.0270  0.0273  0.0221  0.0238  0.0310  0.0216  0.0234  0.0311
      *d0      0.0051  0.0051  0.0032  0.0054  0.0054  0.0032  0.0084  0.0085  0.0059  0.0085  0.0085  0.0059
      *d1-     0.0267  0.0256  0.0262  0.0263  0.0255  0.0261  0.0284  0.0273  0.0249  0.0283  0.0266  0.0250
      *d2-     0.0531  0.0492  0.0632  0.0532  0.0494  0.0632  0.0372  0.0405  0.0507  0.0372  0.0406  0.0507
      *f3+     0.0021  0.0021  0.0021  0.0021  0.0021  0.0021  0.0021  0.0021  0.0022  0.0021  0.0021  0.0022
      *f2+     0.0010  0.0010  0.0011  0.0010  0.0010  0.0011  0.0010  0.0008  0.0010  0.0010  0.0008  0.0010
      *f1+     0.0011  0.0010  0.0011  0.0011  0.0010  0.0011  0.0010  0.0012  0.0011  0.0010  0.0012  0.0011
      *f0      0.0018  0.0018  0.0020  0.0018  0.0018  0.0020  0.0017  0.0017  0.0020  0.0017  0.0017  0.0020
      *f1-     0.0010  0.0011  0.0011  0.0010  0.0011  0.0011  0.0013  0.0010  0.0011  0.0013  0.0010  0.0011
      *f2-     0.0010  0.0009  0.0010  0.0009  0.0009  0.0010  0.0008  0.0011  0.0011  0.0008  0.0011  0.0011
      *f3-     0.0030  0.0030  0.0032  0.0030  0.0030  0.0032  0.0029  0.0029  0.0031  0.0029  0.0029  0.0031
      Total    5.9074  5.9144  6.1714  5.8971  5.9022  6.1746  5.8344  5.8318  5.8576  5.8259  5.8256  5.8552

      N-E      0.0926  0.0856 -0.1714  0.1029  0.0978 -0.1746  0.1656  0.1682  0.1424  0.1741  0.1744  0.1448

                C13     C14     C15     C16     C17     C18     C19     C20     C21     C22     C23     C24   
      1s       0.8547  0.8547  0.8548  0.8548  0.8548  0.8548  0.8547  0.8547  0.8548  0.8548  0.8548  0.8548
      2s       1.1234  1.1234  1.1232  1.1232  1.1232  1.1232  1.1233  1.1233  1.1232  1.1232  1.1232  1.1232
      2px      0.4475  0.4496  0.4718  0.4716  0.4576  0.4520  0.4475  0.4495  0.4718  0.4716  0.4576  0.4520
      2pz      0.3212  0.3244  0.3212  0.3370  0.3356  0.3180  0.3218  0.3216  0.3179  0.3366  0.3370  0.3202
      2py      0.4581  0.4561  0.4482  0.4483  0.4622  0.4681  0.4584  0.4563  0.4482  0.4483  0.4622  0.4680
      3s       0.0000  0.0000  0.0000  0.0000  0.0000  0.0000  0.0000  0.0000  0.0000  0.0000  0.0000  0.0000
      3px      0.0000  0.0000  0.0000  0.0000  0.0000  0.0000  0.0000  0.0000  0.0000  0.0000  0.0000  0.0000
      3pz      0.0000  0.0000  0.0000  0.0000  0.0000  0.0000  0.0000  0.0000  0.0000  0.0000  0.0000  0.0000
      3py      0.0000  0.0000  0.0000  0.0000  0.0000  0.0000  0.0000  0.0000  0.0000  0.0000  0.0000  0.0000
      4s       0.0000  0.0000  0.0000  0.0000  0.0000  0.0000  0.0000  0.0000  0.0000  0.0000  0.0000  0.0000
      3d2+     0.0000  0.0000  0.0000  0.0000  0.0000  0.0000  0.0000  0.0000  0.0000  0.0000  0.0000  0.0000
      3d1+     0.0000  0.0000  0.0000  0.0000  0.0000  0.0000  0.0000  0.0000  0.0000  0.0000  0.0000  0.0000
      3d0      0.0000  0.0000  0.0000  0.0000  0.0000  0.0000  0.0000  0.0000  0.0000  0.0000  0.0000  0.0000
      3d1-     0.0000  0.0000  0.0000  0.0000  0.0000  0.0000  0.0000  0.0000  0.0000  0.0000  0.0000  0.0000
      3d2-     0.0000  0.0000  0.0000  0.0000  0.0000  0.0000  0.0000  0.0000  0.0000  0.0000  0.0000  0.0000
      *s       1.2258  1.2240  1.2477  1.2173  1.2178  1.2456  1.2199  1.2199  1.2458  1.2178  1.2175  1.2475
      *px      0.5353  0.5066  0.5062  0.5131  0.4939  0.5329  0.5343  0.5062  0.5059  0.5130  0.4939  0.5332
      *pz      0.6465  0.6542  0.6676  0.6983  0.6961  0.6606  0.6452  0.6452  0.6605  0.6983  0.6986  0.6658
      *py      0.4923  0.5209  0.5206  0.5131  0.5324  0.4928  0.4927  0.5208  0.5199  0.5133  0.5324  0.4934
      *d2+     0.0280  0.0285  0.0277  0.0280  0.0315  0.0312  0.0280  0.0286  0.0277  0.0280  0.0315  0.0313
      *d1+     0.0119  0.0230  0.0291  0.0239  0.0202  0.0069  0.0118  0.0230  0.0291  0.0234  0.0202  0.0069
      *d0      0.0087  0.0087  0.0052  0.0048  0.0048  0.0053  0.0091  0.0091  0.0053  0.0048  0.0048  0.0052
      *d1-     0.0305  0.0188  0.0115  0.0102  0.0135  0.0334  0.0299  0.0188  0.0114  0.0101  0.0135  0.0339
      *d2-     0.0268  0.0261  0.0332  0.0321  0.0286  0.0297  0.0269  0.0264  0.0332  0.0321  0.0286  0.0297
      *f3+     0.0019  0.0019  0.0019  0.0019  0.0019  0.0019  0.0019  0.0019  0.0019  0.0019  0.0019  0.0019
      *f2+     0.0005  0.0010  0.0010  0.0009  0.0008  0.0003  0.0005  0.0010  0.0010  0.0009  0.0008  0.0003
      *f1+     0.0008  0.0009  0.0009  0.0009  0.0009  0.0009  0.0008  0.0010  0.0009  0.0009  0.0009  0.0009
      *f0      0.0014  0.0014  0.0016  0.0016  0.0016  0.0016  0.0014  0.0014  0.0016  0.0016  0.0016  0.0016
      *f1-     0.0009  0.0008  0.0009  0.0008  0.0009  0.0010  0.0009  0.0008  0.0009  0.0008  0.0009  0.0010
      *f2-     0.0011  0.0006  0.0006  0.0005  0.0005  0.0013  0.0011  0.0006  0.0006  0.0005  0.0005  0.0013
      *f3-     0.0017  0.0017  0.0019  0.0020  0.0020  0.0019  0.0017  0.0017  0.0019  0.0020  0.0020  0.0019
      Total    6.2191  6.2272  6.2769  6.2842  6.2808  6.2633  6.2118  6.2117  6.2636  6.2838  6.2845  6.2738

      N-E     -0.2191 -0.2272 -0.2769 -0.2842 -0.2808 -0.2633 -0.2118 -0.2117 -0.2636 -0.2838 -0.2845 -0.2738

                H25     H26     H27     H28     H29     H30     H31     H32     H33     H34     H35     H36   
      1s       0.2626  0.2626  0.2635  0.2638  0.2638  0.2635  0.2627  0.2627  0.2635  0.2638  0.2638  0.2635
      2s       0.0000  0.0000  0.0000  0.0000  0.0000  0.0000  0.0000  0.0000  0.0000  0.0000  0.0000  0.0000
      2px      0.0000  0.0000  0.0000  0.0000  0.0000  0.0000  0.0000  0.0000  0.0000  0.0000  0.0000  0.0000
      2pz      0.0000  0.0000  0.0000  0.0000  0.0000  0.0000  0.0000  0.0000  0.0000  0.0000  0.0000  0.0000
      2py      0.0000  0.0000  0.0000  0.0000  0.0000  0.0000  0.0000  0.0000  0.0000  0.0000  0.0000  0.0000
      3s       0.0000  0.0000  0.0000  0.0000  0.0000  0.0000  0.0000  0.0000  0.0000  0.0000  0.0000  0.0000
      3px      0.0000  0.0000  0.0000  0.0000  0.0000  0.0000  0.0000  0.0000  0.0000  0.0000  0.0000  0.0000
      3pz      0.0000  0.0000  0.0000  0.0000  0.0000  0.0000  0.0000  0.0000  0.0000  0.0000  0.0000  0.0000
      3py      0.0000  0.0000  0.0000  0.0000  0.0000  0.0000  0.0000  0.0000  0.0000  0.0000  0.0000  0.0000
      4s       0.0000  0.0000  0.0000  0.0000  0.0000  0.0000  0.0000  0.0000  0.0000  0.0000  0.0000  0.0000
      3d2+     0.0000  0.0000  0.0000  0.0000  0.0000  0.0000  0.0000  0.0000  0.0000  0.0000  0.0000  0.0000
      3d1+     0.0000  0.0000  0.0000  0.0000  0.0000  0.0000  0.0000  0.0000  0.0000  0.0000  0.0000  0.0000
      3d0      0.0000  0.0000  0.0000  0.0000  0.0000  0.0000  0.0000  0.0000  0.0000  0.0000  0.0000  0.0000
      3d1-     0.0000  0.0000  0.0000  0.0000  0.0000  0.0000  0.0000  0.0000  0.0000  0.0000  0.0000  0.0000
      3d2-     0.0000  0.0000  0.0000  0.0000  0.0000  0.0000  0.0000  0.0000  0.0000  0.0000  0.0000  0.0000
      *s       0.5678  0.5678  0.5808  0.5780  0.5780  0.5809  0.5678  0.5677  0.5809  0.5780  0.5780  0.5808
      *px      0.0166  0.0066  0.0061  0.0061  0.0064  0.0163  0.0167  0.0066  0.0061  0.0061  0.0064  0.0163
      *pz      0.0046  0.0046  0.0043  0.0048  0.0047  0.0042  0.0045  0.0045  0.0042  0.0048  0.0048  0.0043
      *py      0.0030  0.0131  0.0131  0.0130  0.0127  0.0029  0.0030  0.0131  0.0131  0.0130  0.0127  0.0029
      *d2+     0.0000  0.0000  0.0000  0.0000  0.0000  0.0000  0.0000  0.0000  0.0000  0.0000  0.0000  0.0000
      *d1+     0.0000  0.0000  0.0000  0.0000  0.0000  0.0000  0.0000  0.0000  0.0000  0.0000  0.0000  0.0000
      *d0      0.0000  0.0000  0.0000  0.0000  0.0000  0.0000  0.0000  0.0000  0.0000  0.0000  0.0000  0.0000
      *d1-     0.0000  0.0000  0.0000  0.0000  0.0000  0.0000  0.0000  0.0000  0.0000  0.0000  0.0000  0.0000
      *d2-     0.0000  0.0000  0.0000  0.0000  0.0000  0.0000  0.0000  0.0000  0.0000  0.0000  0.0000  0.0000
      *f3+     0.0000  0.0000  0.0000  0.0000  0.0000  0.0000  0.0000  0.0000  0.0000  0.0000  0.0000  0.0000
      *f2+     0.0000  0.0000  0.0000  0.0000  0.0000  0.0000  0.0000  0.0000  0.0000  0.0000  0.0000  0.0000
      *f1+     0.0000  0.0000  0.0000  0.0000  0.0000  0.0000  0.0000  0.0000  0.0000  0.0000  0.0000  0.0000
      *f0      0.0000  0.0000  0.0000  0.0000  0.0000  0.0000  0.0000  0.0000  0.0000  0.0000  0.0000  0.0000
      *f1-     0.0000  0.0000  0.0000  0.0000  0.0000  0.0000  0.0000  0.0000  0.0000  0.0000  0.0000  0.0000
      *f2-     0.0000  0.0000  0.0000  0.0000  0.0000  0.0000  0.0000  0.0000  0.0000  0.0000  0.0000  0.0000
      *f3-     0.0000  0.0000  0.0000  0.0000  0.0000  0.0000  0.0000  0.0000  0.0000  0.0000  0.0000  0.0000
      Total    0.8547  0.8547  0.8678  0.8657  0.8657  0.8678  0.8547  0.8547  0.8677  0.8657  0.8657  0.8678

      N-E      0.1453  0.1453  0.1322  0.1343  0.1343  0.1322  0.1453  0.1453  0.1323  0.1343  0.1343  0.1322

                NI37    NI38  
      1s       1.9997  1.9997
      2s       2.0006  2.0006
      2px      1.9958  1.9958
      2pz      1.9958  1.9958
      2py      1.9957  1.9958
      3s       1.1538  1.1554
      3px      1.5692  1.5695
      3pz      1.5726  1.5730
      3py      1.5676  1.5675
      4s       0.8223  0.8195
      3d2+     0.9381  0.9397
      3d1+     0.7339  0.6153
      3d0      0.9877  0.9804
      3d1-     0.7973  0.9084
      3d2-     0.9602  0.9611
      *s       0.6191  0.8375
      *px      0.4879  0.4893
      *pz      0.5063  0.5162
      *py      0.4805  0.4809
      *d2+     0.9906  0.9901
      *d1+     0.7300  0.6169
      *d0      0.9906  0.9895
      *d1-     0.7930  0.8989
      *d2-     0.9926  0.9910
      *f3+     0.0000  0.0000
      *f2+     0.0000  0.0000
      *f1+     0.0000  0.0000
      *f0      0.0000  0.0001
      *f1-     0.0000  0.0000
      *f2-     0.0000  0.0000
      *f3-     0.0000  0.0000
      Total   27.6809 27.8881

      N-E      0.3191  0.1119

      Total electronic charge=  212.000000

      Total            charge=   -0.000000
--



      Expectation values of various properties for root number:  4
      -----------------------------------------------------------


++    Molecular properties:
      ---------------------

      Charge (e):
                      =   -0.0000
      Dipole Moment (Debye):
      Origin of the operator (Ang)=    0.0000    0.0000    0.0000
                   X=  1.2345E+00               Y=  6.8071E-01               Z=  1.6750E+00           Total=  2.1893E+00
      Quadrupole Moment (Debye*Ang):
      Origin of the operator (Ang)=    0.0000   -0.0000    0.5165
                  XX= -1.3779E+02              XY=  1.0685E+01              XZ=  4.3453E+00              YY= -1.5063E+02
                  YZ=  2.5152E+00              ZZ= -1.8321E+02
      In traceless form (Debye*Ang)
                  XX=  2.9129E+01              XY=  1.6027E+01              XZ=  6.5179E+00              YY=  9.8737E+00
                  YZ=  3.7729E+00              ZZ= -3.9003E+01
--


      Mulliken spin population analysis for root number:  4
      ---------------------------------------------------


++    Molecular charges:
      ------------------

      Mulliken spin population per centre and basis function type
      ---------------------------------------------------

                C1      C2      C3      C4      C5      C6      C7      C8      C9      C10     C11     C12   
      1s       0.0000  0.0000  0.0000  0.0000  0.0000  0.0000  0.0000  0.0000  0.0000  0.0000  0.0000  0.0000
      2s      -0.0001 -0.0000 -0.0000 -0.0001 -0.0001 -0.0000 -0.0000 -0.0000 -0.0000 -0.0000 -0.0000 -0.0000
      2px      0.0001  0.0004  0.0002  0.0000  0.0005  0.0002  0.0004  0.0007  0.0000  0.0003  0.0006  0.0000
      2pz      0.0148  0.0113  0.0009  0.0104  0.0113  0.0010  0.0216  0.0216  0.0003  0.0226  0.0220  0.0012
      2py      0.0005  0.0001  0.0001  0.0006  0.0001  0.0001  0.0004  0.0001  0.0000  0.0005  0.0001  0.0000
      3s       0.0000  0.0000  0.0000  0.0000  0.0000  0.0000  0.0000  0.0000  0.0000  0.0000  0.0000  0.0000
      3px      0.0000  0.0000  0.0000  0.0000  0.0000  0.0000  0.0000  0.0000  0.0000  0.0000  0.0000  0.0000
      3pz      0.0000  0.0000  0.0000  0.0000  0.0000  0.0000  0.0000  0.0000  0.0000  0.0000  0.0000  0.0000
      3py      0.0000  0.0000  0.0000  0.0000  0.0000  0.0000  0.0000  0.0000  0.0000  0.0000  0.0000  0.0000
      4s       0.0000  0.0000  0.0000  0.0000  0.0000  0.0000  0.0000  0.0000  0.0000  0.0000  0.0000  0.0000
      3d2+     0.0000  0.0000  0.0000  0.0000  0.0000  0.0000  0.0000  0.0000  0.0000  0.0000  0.0000  0.0000
      3d1+     0.0000  0.0000  0.0000  0.0000  0.0000  0.0000  0.0000  0.0000  0.0000  0.0000  0.0000  0.0000
      3d0      0.0000  0.0000  0.0000  0.0000  0.0000  0.0000  0.0000  0.0000  0.0000  0.0000  0.0000  0.0000
      3d1-     0.0000  0.0000  0.0000  0.0000  0.0000  0.0000  0.0000  0.0000  0.0000  0.0000  0.0000  0.0000
      3d2-     0.0000  0.0000  0.0000  0.0000  0.0000  0.0000  0.0000  0.0000  0.0000  0.0000  0.0000  0.0000
      *s       0.0016  0.0019 -0.0370 -0.0016 -0.0023 -0.0371 -0.0008 -0.0006  0.0028 -0.0002 -0.0002  0.0028
      *px     -0.0013  0.0002  0.0068 -0.0010 -0.0009  0.0070 -0.0011  0.0020 -0.0017 -0.0012  0.0022 -0.0018
      *pz      0.0183  0.0114 -0.0026  0.0096  0.0109 -0.0024  0.0365  0.0367 -0.0010  0.0349  0.0337  0.0004
      *py     -0.0014 -0.0023  0.0033 -0.0016 -0.0018  0.0031  0.0013 -0.0020  0.0024  0.0011 -0.0024  0.0025
      *d2+     0.0000  0.0001  0.0000 -0.0001  0.0004  0.0000  0.0001 -0.0001  0.0000  0.0001 -0.0001  0.0000
      *d1+     0.0016  0.0001  0.0015  0.0020  0.0001  0.0018  0.0013  0.0008  0.0044  0.0009  0.0008  0.0047
      *d0      0.0007  0.0008  0.0005  0.0010  0.0010  0.0005  0.0001  0.0001  0.0000  0.0001  0.0002  0.0000
      *d1-     0.0010  0.0027  0.0004  0.0007  0.0024  0.0007  0.0019  0.0022  0.0017  0.0015  0.0020  0.0015
      *d2-     0.0003  0.0000  0.0000  0.0004  0.0000  0.0000 -0.0001  0.0001  0.0000 -0.0001  0.0001  0.0000
      *f3+     0.0000  0.0000  0.0000  0.0000  0.0000  0.0000  0.0000  0.0000  0.0000  0.0000  0.0000 -0.0000
      *f2+     0.0001  0.0000  0.0001  0.0001  0.0000  0.0001  0.0000  0.0000  0.0001  0.0000  0.0000  0.0001
      *f1+     0.0000  0.0000  0.0000  0.0000  0.0000  0.0000  0.0000 -0.0000  0.0000  0.0000 -0.0000  0.0000
      *f0      0.0000  0.0000  0.0000  0.0000  0.0000  0.0000 -0.0000 -0.0000  0.0000  0.0000  0.0000  0.0000
      *f1-     0.0000  0.0000  0.0000  0.0000  0.0000  0.0000 -0.0000  0.0000  0.0000 -0.0000  0.0000  0.0000
      *f2-     0.0000  0.0001  0.0000  0.0000  0.0001  0.0000  0.0001  0.0000  0.0000  0.0000  0.0000  0.0000
      *f3-     0.0000  0.0000  0.0000  0.0000  0.0000  0.0000  0.0000  0.0000  0.0000  0.0000  0.0000  0.0000
      Total    0.0366  0.0268 -0.0255  0.0205  0.0219 -0.0250  0.0618  0.0618  0.0091  0.0606  0.0592  0.0117

                C13     C14     C15     C16     C17     C18     C19     C20     C21     C22     C23     C24   
      1s       0.0000  0.0000  0.0000  0.0000  0.0000  0.0000  0.0000  0.0000  0.0000  0.0000  0.0000  0.0000
      2s      -0.0001 -0.0001 -0.0000 -0.0000 -0.0000 -0.0000 -0.0001 -0.0001 -0.0000 -0.0000 -0.0000 -0.0000
      2px      0.0007  0.0003  0.0000  0.0000  0.0000  0.0000  0.0006  0.0003  0.0000  0.0000  0.0000  0.0000
      2pz      0.0114  0.0123  0.0076  0.0280  0.0272  0.0057  0.0107  0.0116  0.0074  0.0269  0.0289  0.0077
      2py      0.0005  0.0009  0.0000  0.0001  0.0001  0.0000  0.0002  0.0007  0.0000  0.0001  0.0001  0.0000
      3s       0.0000  0.0000  0.0000  0.0000  0.0000  0.0000  0.0000  0.0000  0.0000  0.0000  0.0000  0.0000
      3px      0.0000  0.0000  0.0000  0.0000  0.0000  0.0000  0.0000  0.0000  0.0000  0.0000  0.0000  0.0000
      3pz      0.0000  0.0000  0.0000  0.0000  0.0000  0.0000  0.0000  0.0000  0.0000  0.0000  0.0000  0.0000
      3py      0.0000  0.0000  0.0000  0.0000  0.0000  0.0000  0.0000  0.0000  0.0000  0.0000  0.0000  0.0000
      4s       0.0000  0.0000  0.0000  0.0000  0.0000  0.0000  0.0000  0.0000  0.0000  0.0000  0.0000  0.0000
      3d2+     0.0000  0.0000  0.0000  0.0000  0.0000  0.0000  0.0000  0.0000  0.0000  0.0000  0.0000  0.0000
      3d1+     0.0000  0.0000  0.0000  0.0000  0.0000  0.0000  0.0000  0.0000  0.0000  0.0000  0.0000  0.0000
      3d0      0.0000  0.0000  0.0000  0.0000  0.0000  0.0000  0.0000  0.0000  0.0000  0.0000  0.0000  0.0000
      3d1-     0.0000  0.0000  0.0000  0.0000  0.0000  0.0000  0.0000  0.0000  0.0000  0.0000  0.0000  0.0000
      3d2-     0.0000  0.0000  0.0000  0.0000  0.0000  0.0000  0.0000  0.0000  0.0000  0.0000  0.0000  0.0000
      *s      -0.0089 -0.0071 -0.0019  0.0028  0.0033 -0.0032 -0.0134 -0.0138 -0.0032  0.0033  0.0028 -0.0017
      *px      0.0010  0.0006 -0.0002 -0.0000  0.0004 -0.0005  0.0010  0.0002 -0.0004 -0.0001  0.0004 -0.0003
      *pz      0.0128  0.0150  0.0182  0.0527  0.0510  0.0135  0.0084  0.0106  0.0170  0.0504  0.0545  0.0185
      *py      0.0005  0.0016 -0.0006  0.0008  0.0004 -0.0009  0.0003  0.0010 -0.0010  0.0010  0.0004 -0.0005
      *d2+     0.0002  0.0001 -0.0000  0.0000 -0.0000  0.0002  0.0003  0.0001 -0.0000  0.0000  0.0000  0.0002
      *d1+    -0.0000  0.0026  0.0059  0.0008  0.0000  0.0002  0.0001  0.0025  0.0058  0.0008  0.0002  0.0002
      *d0      0.0006  0.0006  0.0001  0.0001  0.0000  0.0001  0.0010  0.0010  0.0001  0.0001  0.0001  0.0001
      *d1-     0.0039  0.0012  0.0008  0.0001  0.0006  0.0065  0.0037  0.0011  0.0008  0.0001  0.0007  0.0066
      *d2-     0.0000  0.0005  0.0002 -0.0000 -0.0000  0.0000  0.0000  0.0002  0.0002 -0.0000  0.0000 -0.0000
      *f3+     0.0000  0.0000  0.0000  0.0000  0.0000 -0.0000  0.0000  0.0000  0.0000  0.0000  0.0000  0.0000
      *f2+     0.0000  0.0001  0.0001  0.0000  0.0000  0.0000  0.0000  0.0001  0.0001  0.0000  0.0000  0.0000
      *f1+     0.0000  0.0000 -0.0000  0.0000  0.0000  0.0000  0.0001  0.0000 -0.0000  0.0000  0.0000  0.0000
      *f0      0.0000  0.0000  0.0000 -0.0000 -0.0000  0.0000  0.0000  0.0000  0.0000 -0.0000 -0.0000  0.0000
      *f1-     0.0000  0.0001  0.0000  0.0000  0.0000  0.0000  0.0000  0.0001  0.0000  0.0000  0.0000  0.0000
      *f2-     0.0001  0.0000  0.0001  0.0000  0.0000  0.0002  0.0001  0.0000  0.0001  0.0000  0.0000  0.0002
      *f3-     0.0000  0.0000  0.0000  0.0000  0.0000  0.0000  0.0000  0.0000  0.0000  0.0000  0.0000  0.0000
      Total    0.0230  0.0288  0.0303  0.0853  0.0831  0.0218  0.0131  0.0155  0.0269  0.0826  0.0880  0.0312

                H25     H26     H27     H28     H29     H30     H31     H32     H33     H34     H35     H36   
      1s       0.0002  0.0002  0.0000  0.0000  0.0000  0.0000  0.0002  0.0002  0.0000  0.0000  0.0000  0.0000
      2s       0.0000  0.0000  0.0000  0.0000  0.0000  0.0000  0.0000  0.0000  0.0000  0.0000  0.0000  0.0000
      2px      0.0000  0.0000  0.0000  0.0000  0.0000  0.0000  0.0000  0.0000  0.0000  0.0000  0.0000  0.0000
      2pz      0.0000  0.0000  0.0000  0.0000  0.0000  0.0000  0.0000  0.0000  0.0000  0.0000  0.0000  0.0000
      2py      0.0000  0.0000  0.0000  0.0000  0.0000  0.0000  0.0000  0.0000  0.0000  0.0000  0.0000  0.0000
      3s       0.0000  0.0000  0.0000  0.0000  0.0000  0.0000  0.0000  0.0000  0.0000  0.0000  0.0000  0.0000
      3px      0.0000  0.0000  0.0000  0.0000  0.0000  0.0000  0.0000  0.0000  0.0000  0.0000  0.0000  0.0000
      3pz      0.0000  0.0000  0.0000  0.0000  0.0000  0.0000  0.0000  0.0000  0.0000  0.0000  0.0000  0.0000
      3py      0.0000  0.0000  0.0000  0.0000  0.0000  0.0000  0.0000  0.0000  0.0000  0.0000  0.0000  0.0000
      4s       0.0000  0.0000  0.0000  0.0000  0.0000  0.0000  0.0000  0.0000  0.0000  0.0000  0.0000  0.0000
      3d2+     0.0000  0.0000  0.0000  0.0000  0.0000  0.0000  0.0000  0.0000  0.0000  0.0000  0.0000  0.0000
      3d1+     0.0000  0.0000  0.0000  0.0000  0.0000  0.0000  0.0000  0.0000  0.0000  0.0000  0.0000  0.0000
      3d0      0.0000  0.0000  0.0000  0.0000  0.0000  0.0000  0.0000  0.0000  0.0000  0.0000  0.0000  0.0000
      3d1-     0.0000  0.0000  0.0000  0.0000  0.0000  0.0000  0.0000  0.0000  0.0000  0.0000  0.0000  0.0000
      3d2-     0.0000  0.0000  0.0000  0.0000  0.0000  0.0000  0.0000  0.0000  0.0000  0.0000  0.0000  0.0000
      *s      -0.0010 -0.0010 -0.0001 -0.0000 -0.0000 -0.0001 -0.0014 -0.0014 -0.0001 -0.0000 -0.0000 -0.0001
      *px      0.0001  0.0000  0.0000  0.0000  0.0000  0.0000  0.0001  0.0000  0.0000  0.0000  0.0000  0.0000
      *pz      0.0002  0.0002  0.0002  0.0007  0.0006  0.0001  0.0002  0.0002  0.0002  0.0006  0.0007  0.0002
      *py      0.0000  0.0000  0.0000  0.0000  0.0000  0.0000  0.0000  0.0000  0.0000  0.0000  0.0000  0.0000
      *d2+     0.0000  0.0000  0.0000  0.0000  0.0000  0.0000  0.0000  0.0000  0.0000  0.0000  0.0000  0.0000
      *d1+     0.0000  0.0000  0.0000  0.0000  0.0000  0.0000  0.0000  0.0000  0.0000  0.0000  0.0000  0.0000
      *d0      0.0000  0.0000  0.0000  0.0000  0.0000  0.0000  0.0000  0.0000  0.0000  0.0000  0.0000  0.0000
      *d1-     0.0000  0.0000  0.0000  0.0000  0.0000  0.0000  0.0000  0.0000  0.0000  0.0000  0.0000  0.0000
      *d2-     0.0000  0.0000  0.0000  0.0000  0.0000  0.0000  0.0000  0.0000  0.0000  0.0000  0.0000  0.0000
      *f3+     0.0000  0.0000  0.0000  0.0000  0.0000  0.0000  0.0000  0.0000  0.0000  0.0000  0.0000  0.0000
      *f2+     0.0000  0.0000  0.0000  0.0000  0.0000  0.0000  0.0000  0.0000  0.0000  0.0000  0.0000  0.0000
      *f1+     0.0000  0.0000  0.0000  0.0000  0.0000  0.0000  0.0000  0.0000  0.0000  0.0000  0.0000  0.0000
      *f0      0.0000  0.0000  0.0000  0.0000  0.0000  0.0000  0.0000  0.0000  0.0000  0.0000  0.0000  0.0000
      *f1-     0.0000  0.0000  0.0000  0.0000  0.0000  0.0000  0.0000  0.0000  0.0000  0.0000  0.0000  0.0000
      *f2-     0.0000  0.0000  0.0000  0.0000  0.0000  0.0000  0.0000  0.0000  0.0000  0.0000  0.0000  0.0000
      *f3-     0.0000  0.0000  0.0000  0.0000  0.0000  0.0000  0.0000  0.0000  0.0000  0.0000  0.0000  0.0000
      Total   -0.0006 -0.0005  0.0001  0.0007  0.0006  0.0001 -0.0010 -0.0010  0.0001  0.0006  0.0007  0.0001

                NI37    NI38  
      1s       0.0000  0.0000
      2s       0.0000  0.0001
      2px      0.0000  0.0000
      2pz      0.0000  0.0000
      2py      0.0000  0.0000
      3s       0.0027  0.0042
      3px      0.0001  0.0002
      3pz      0.0015  0.0021
      3py      0.0001  0.0001
      4s      -0.0046 -0.0070
      3d2+     0.0041  0.0010
      3d1+     0.2740  0.3948
      3d0      0.0009  0.0053
      3d1-     0.2071  0.0950
      3d2-     0.0044  0.0034
      *s       0.4951  0.7113
      *px      0.0021  0.0024
      *pz      0.0207  0.0311
      *py      0.0007  0.0009
      *d2+     0.0024 -0.0005
      *d1+     0.2512  0.3645
      *d0      0.0001  0.0045
      *d1-     0.1904  0.0865
      *d2-    -0.0009 -0.0012
      *f3+    -0.0000 -0.0000
      *f2+     0.0000  0.0000
      *f1+    -0.0000  0.0000
      *f0      0.0000  0.0000
      *f1-    -0.0000 -0.0000
      *f2-     0.0000  0.0000
      *f3-     0.0000  0.0000
      Total    1.4523  1.6986

      Total electronic spin=    4.000000
--


      Von Neumann Entropy (Root   5) =  2.83509


      Mulliken population analysis for root number:  5
      -----------------------------------------------


++    Molecular charges:
      ------------------

      Mulliken charges per centre and basis function type
      ---------------------------------------------------

                C1      C2      C3      C4      C5      C6      C7      C8      C9      C10     C11     C12   
      1s       0.8546  0.8547  0.8547  0.8546  0.8546  0.8547  0.8547  0.8547  0.8547  0.8547  0.8547  0.8547
      2s       1.1234  1.1233  1.1232  1.1233  1.1233  1.1232  1.1233  1.1233  1.1232  1.1233  1.1233  1.1232
      2px      0.4567  0.4601  0.4575  0.4568  0.4599  0.4575  0.4496  0.4540  0.4649  0.4496  0.4540  0.4649
      2pz      0.3264  0.3300  0.3295  0.3304  0.3302  0.3317  0.3226  0.3220  0.3374  0.3222  0.3225  0.3364
      2py      0.4565  0.4532  0.4614  0.4563  0.4532  0.4613  0.4636  0.4592  0.4600  0.4635  0.4591  0.4600
      3s       0.0000  0.0000  0.0000  0.0000  0.0000  0.0000  0.0000  0.0000  0.0000  0.0000  0.0000  0.0000
      3px      0.0000  0.0000  0.0000  0.0000  0.0000  0.0000  0.0000  0.0000  0.0000  0.0000  0.0000  0.0000
      3pz      0.0000  0.0000  0.0000  0.0000  0.0000  0.0000  0.0000  0.0000  0.0000  0.0000  0.0000  0.0000
      3py      0.0000  0.0000  0.0000  0.0000  0.0000  0.0000  0.0000  0.0000  0.0000  0.0000  0.0000  0.0000
      4s       0.0000  0.0000  0.0000  0.0000  0.0000  0.0000  0.0000  0.0000  0.0000  0.0000  0.0000  0.0000
      3d2+     0.0000  0.0000  0.0000  0.0000  0.0000  0.0000  0.0000  0.0000  0.0000  0.0000  0.0000  0.0000
      3d1+     0.0000  0.0000  0.0000  0.0000  0.0000  0.0000  0.0000  0.0000  0.0000  0.0000  0.0000  0.0000
      3d0      0.0000  0.0000  0.0000  0.0000  0.0000  0.0000  0.0000  0.0000  0.0000  0.0000  0.0000  0.0000
      3d1-     0.0000  0.0000  0.0000  0.0000  0.0000  0.0000  0.0000  0.0000  0.0000  0.0000  0.0000  0.0000
      3d2-     0.0000  0.0000  0.0000  0.0000  0.0000  0.0000  0.0000  0.0000  0.0000  0.0000  0.0000  0.0000
      *s       1.2770  1.2766  1.3760  1.2762  1.2764  1.3760  1.0125  1.0123  1.1039  1.0127  1.0130  1.1038
      *px      0.4286  0.2659  0.4472  0.4281  0.2662  0.4467  0.3666  0.4342  0.3935  0.3673  0.4354  0.3934
      *pz      0.6549  0.6622  0.6063  0.6622  0.6622  0.6105  0.5865  0.5853  0.6245  0.5861  0.5867  0.6230
      *py      0.1486  0.3123  0.3621  0.1489  0.3121  0.3627  0.4630  0.3951  0.3870  0.4641  0.3960  0.3870
      *d2+     0.0502  0.0543  0.0602  0.0506  0.0543  0.0602  0.0421  0.0388  0.0452  0.0423  0.0390  0.0452
      *d1+     0.0255  0.0283  0.0289  0.0253  0.0287  0.0291  0.0227  0.0278  0.0271  0.0230  0.0284  0.0274
      *d0      0.0052  0.0052  0.0028  0.0050  0.0050  0.0028  0.0088  0.0089  0.0059  0.0089  0.0089  0.0059
      *d1-     0.0271  0.0238  0.0287  0.0271  0.0240  0.0281  0.0315  0.0267  0.0243  0.0320  0.0263  0.0243
      *d2-     0.0530  0.0492  0.0633  0.0532  0.0493  0.0633  0.0372  0.0405  0.0507  0.0372  0.0405  0.0507
      *f3+     0.0021  0.0021  0.0021  0.0021  0.0021  0.0021  0.0021  0.0022  0.0022  0.0022  0.0022  0.0022
      *f2+     0.0009  0.0010  0.0011  0.0009  0.0010  0.0011  0.0011  0.0008  0.0008  0.0011  0.0009  0.0008
      *f1+     0.0011  0.0010  0.0011  0.0011  0.0010  0.0011  0.0010  0.0012  0.0011  0.0010  0.0012  0.0011
      *f0      0.0018  0.0018  0.0020  0.0018  0.0018  0.0020  0.0017  0.0017  0.0020  0.0017  0.0017  0.0020
      *f1-     0.0010  0.0011  0.0011  0.0010  0.0011  0.0011  0.0013  0.0010  0.0011  0.0013  0.0010  0.0011
      *f2-     0.0010  0.0009  0.0011  0.0010  0.0009  0.0011  0.0009  0.0011  0.0010  0.0009  0.0011  0.0010
      *f3-     0.0030  0.0030  0.0032  0.0030  0.0030  0.0032  0.0029  0.0029  0.0031  0.0029  0.0029  0.0031
      Total    5.8986  5.9098  6.2135  5.9087  5.9104  6.2196  5.7956  5.7937  5.9137  5.7979  5.7988  5.9114

      N-E      0.1014  0.0902 -0.2135  0.0913  0.0896 -0.2196  0.2044  0.2063  0.0863  0.2021  0.2012  0.0886

                C13     C14     C15     C16     C17     C18     C19     C20     C21     C22     C23     C24   
      1s       0.8548  0.8547  0.8548  0.8548  0.8548  0.8548  0.8547  0.8547  0.8548  0.8548  0.8548  0.8548
      2s       1.1233  1.1233  1.1232  1.1232  1.1232  1.1232  1.1233  1.1233  1.1232  1.1232  1.1232  1.1232
      2px      0.4479  0.4501  0.4719  0.4715  0.4576  0.4520  0.4481  0.4502  0.4719  0.4715  0.4576  0.4520
      2pz      0.3328  0.3336  0.3335  0.3104  0.3094  0.3330  0.3370  0.3363  0.3316  0.3105  0.3102  0.3334
      2py      0.4582  0.4562  0.4482  0.4482  0.4622  0.4682  0.4587  0.4563  0.4483  0.4482  0.4622  0.4681
      3s       0.0000  0.0000  0.0000  0.0000  0.0000  0.0000  0.0000  0.0000  0.0000  0.0000  0.0000  0.0000
      3px      0.0000  0.0000  0.0000  0.0000  0.0000  0.0000  0.0000  0.0000  0.0000  0.0000  0.0000  0.0000
      3pz      0.0000  0.0000  0.0000  0.0000  0.0000  0.0000  0.0000  0.0000  0.0000  0.0000  0.0000  0.0000
      3py      0.0000  0.0000  0.0000  0.0000  0.0000  0.0000  0.0000  0.0000  0.0000  0.0000  0.0000  0.0000
      4s       0.0000  0.0000  0.0000  0.0000  0.0000  0.0000  0.0000  0.0000  0.0000  0.0000  0.0000  0.0000
      3d2+     0.0000  0.0000  0.0000  0.0000  0.0000  0.0000  0.0000  0.0000  0.0000  0.0000  0.0000  0.0000
      3d1+     0.0000  0.0000  0.0000  0.0000  0.0000  0.0000  0.0000  0.0000  0.0000  0.0000  0.0000  0.0000
      3d0      0.0000  0.0000  0.0000  0.0000  0.0000  0.0000  0.0000  0.0000  0.0000  0.0000  0.0000  0.0000
      3d1-     0.0000  0.0000  0.0000  0.0000  0.0000  0.0000  0.0000  0.0000  0.0000  0.0000  0.0000  0.0000
      3d2-     0.0000  0.0000  0.0000  0.0000  0.0000  0.0000  0.0000  0.0000  0.0000  0.0000  0.0000  0.0000
      *s       1.2228  1.2212  1.2454  1.2165  1.2161  1.2456  1.2242  1.2240  1.2459  1.2161  1.2166  1.2452
      *px      0.5356  0.5075  0.5065  0.5131  0.4934  0.5328  0.5355  0.5082  0.5064  0.5132  0.4935  0.5328
      *pz      0.6796  0.6821  0.6895  0.6502  0.6481  0.6881  0.6915  0.6898  0.6851  0.6504  0.6500  0.6892
      *py      0.4925  0.5202  0.5200  0.5127  0.5324  0.4936  0.4930  0.5204  0.5201  0.5126  0.5324  0.4935
      *d2+     0.0280  0.0284  0.0277  0.0280  0.0315  0.0310  0.0281  0.0285  0.0277  0.0280  0.0315  0.0311
      *d1+     0.0119  0.0219  0.0239  0.0280  0.0244  0.0071  0.0117  0.0222  0.0240  0.0278  0.0244  0.0071
      *d0      0.0093  0.0092  0.0052  0.0048  0.0048  0.0052  0.0091  0.0091  0.0052  0.0048  0.0048  0.0052
      *d1-     0.0285  0.0184  0.0114  0.0113  0.0149  0.0282  0.0289  0.0186  0.0113  0.0112  0.0148  0.0282
      *d2-     0.0268  0.0261  0.0330  0.0321  0.0287  0.0297  0.0268  0.0265  0.0330  0.0321  0.0287  0.0297
      *f3+     0.0019  0.0019  0.0019  0.0019  0.0019  0.0019  0.0019  0.0019  0.0019  0.0019  0.0019  0.0019
      *f2+     0.0005  0.0010  0.0009  0.0010  0.0010  0.0003  0.0005  0.0010  0.0009  0.0009  0.0009  0.0003
      *f1+     0.0008  0.0009  0.0009  0.0009  0.0009  0.0009  0.0008  0.0010  0.0009  0.0009  0.0009  0.0009
      *f0      0.0014  0.0014  0.0016  0.0016  0.0016  0.0016  0.0014  0.0014  0.0016  0.0016  0.0016  0.0016
      *f1-     0.0009  0.0008  0.0009  0.0009  0.0009  0.0010  0.0009  0.0008  0.0009  0.0009  0.0009  0.0010
      *f2-     0.0011  0.0006  0.0005  0.0005  0.0005  0.0011  0.0011  0.0006  0.0006  0.0005  0.0005  0.0011
      *f3-     0.0017  0.0017  0.0019  0.0020  0.0020  0.0019  0.0017  0.0017  0.0019  0.0020  0.0020  0.0019
      Total    6.2601  6.2612  6.3029  6.2137  6.2101  6.3011  6.2791  6.2764  6.2971  6.2132  6.2132  6.3021

      N-E     -0.2601 -0.2612 -0.3029 -0.2137 -0.2101 -0.3011 -0.2791 -0.2764 -0.2971 -0.2132 -0.2132 -0.3021

                H25     H26     H27     H28     H29     H30     H31     H32     H33     H34     H35     H36   
      1s       0.2626  0.2626  0.2635  0.2638  0.2638  0.2635  0.2627  0.2627  0.2635  0.2638  0.2638  0.2635
      2s       0.0000  0.0000  0.0000  0.0000  0.0000  0.0000  0.0000  0.0000  0.0000  0.0000  0.0000  0.0000
      2px      0.0000  0.0000  0.0000  0.0000  0.0000  0.0000  0.0000  0.0000  0.0000  0.0000  0.0000  0.0000
      2pz      0.0000  0.0000  0.0000  0.0000  0.0000  0.0000  0.0000  0.0000  0.0000  0.0000  0.0000  0.0000
      2py      0.0000  0.0000  0.0000  0.0000  0.0000  0.0000  0.0000  0.0000  0.0000  0.0000  0.0000  0.0000
      3s       0.0000  0.0000  0.0000  0.0000  0.0000  0.0000  0.0000  0.0000  0.0000  0.0000  0.0000  0.0000
      3px      0.0000  0.0000  0.0000  0.0000  0.0000  0.0000  0.0000  0.0000  0.0000  0.0000  0.0000  0.0000
      3pz      0.0000  0.0000  0.0000  0.0000  0.0000  0.0000  0.0000  0.0000  0.0000  0.0000  0.0000  0.0000
      3py      0.0000  0.0000  0.0000  0.0000  0.0000  0.0000  0.0000  0.0000  0.0000  0.0000  0.0000  0.0000
      4s       0.0000  0.0000  0.0000  0.0000  0.0000  0.0000  0.0000  0.0000  0.0000  0.0000  0.0000  0.0000
      3d2+     0.0000  0.0000  0.0000  0.0000  0.0000  0.0000  0.0000  0.0000  0.0000  0.0000  0.0000  0.0000
      3d1+     0.0000  0.0000  0.0000  0.0000  0.0000  0.0000  0.0000  0.0000  0.0000  0.0000  0.0000  0.0000
      3d0      0.0000  0.0000  0.0000  0.0000  0.0000  0.0000  0.0000  0.0000  0.0000  0.0000  0.0000  0.0000
      3d1-     0.0000  0.0000  0.0000  0.0000  0.0000  0.0000  0.0000  0.0000  0.0000  0.0000  0.0000  0.0000
      3d2-     0.0000  0.0000  0.0000  0.0000  0.0000  0.0000  0.0000  0.0000  0.0000  0.0000  0.0000  0.0000
      *s       0.5680  0.5679  0.5810  0.5781  0.5781  0.5811  0.5686  0.5686  0.5811  0.5781  0.5781  0.5810
      *px      0.0167  0.0066  0.0061  0.0061  0.0064  0.0163  0.0167  0.0066  0.0061  0.0061  0.0064  0.0163
      *pz      0.0050  0.0050  0.0046  0.0041  0.0041  0.0046  0.0051  0.0051  0.0045  0.0041  0.0041  0.0046
      *py      0.0030  0.0131  0.0131  0.0130  0.0127  0.0029  0.0030  0.0131  0.0131  0.0130  0.0127  0.0029
      *d2+     0.0000  0.0000  0.0000  0.0000  0.0000  0.0000  0.0000  0.0000  0.0000  0.0000  0.0000  0.0000
      *d1+     0.0000  0.0000  0.0000  0.0000  0.0000  0.0000  0.0000  0.0000  0.0000  0.0000  0.0000  0.0000
      *d0      0.0000  0.0000  0.0000  0.0000  0.0000  0.0000  0.0000  0.0000  0.0000  0.0000  0.0000  0.0000
      *d1-     0.0000  0.0000  0.0000  0.0000  0.0000  0.0000  0.0000  0.0000  0.0000  0.0000  0.0000  0.0000
      *d2-     0.0000  0.0000  0.0000  0.0000  0.0000  0.0000  0.0000  0.0000  0.0000  0.0000  0.0000  0.0000
      *f3+     0.0000  0.0000  0.0000  0.0000  0.0000  0.0000  0.0000  0.0000  0.0000  0.0000  0.0000  0.0000
      *f2+     0.0000  0.0000  0.0000  0.0000  0.0000  0.0000  0.0000  0.0000  0.0000  0.0000  0.0000  0.0000
      *f1+     0.0000  0.0000  0.0000  0.0000  0.0000  0.0000  0.0000  0.0000  0.0000  0.0000  0.0000  0.0000
      *f0      0.0000  0.0000  0.0000  0.0000  0.0000  0.0000  0.0000  0.0000  0.0000  0.0000  0.0000  0.0000
      *f1-     0.0000  0.0000  0.0000  0.0000  0.0000  0.0000  0.0000  0.0000  0.0000  0.0000  0.0000  0.0000
      *f2-     0.0000  0.0000  0.0000  0.0000  0.0000  0.0000  0.0000  0.0000  0.0000  0.0000  0.0000  0.0000
      *f3-     0.0000  0.0000  0.0000  0.0000  0.0000  0.0000  0.0000  0.0000  0.0000  0.0000  0.0000  0.0000
      Total    0.8552  0.8552  0.8683  0.8651  0.8652  0.8683  0.8561  0.8560  0.8683  0.8652  0.8651  0.8683

      N-E      0.1448  0.1448  0.1317  0.1349  0.1348  0.1317  0.1439  0.1440  0.1317  0.1348  0.1349  0.1317

                NI37    NI38  
      1s       1.9997  1.9997
      2s       2.0006  2.0006
      2px      1.9958  1.9958
      2pz      1.9958  1.9958
      2py      1.9957  1.9958
      3s       1.1552  1.1547
      3px      1.5692  1.5695
      3pz      1.5728  1.5723
      3py      1.5679  1.5678
      4s       0.8201  0.8210
      3d2+     0.9391  0.9449
      3d1+     0.7326  0.6193
      3d0      0.9877  0.9801
      3d1-     0.8009  0.9076
      3d2-     0.9570  0.9599
      *s       0.7165  0.6073
      *px      0.4868  0.4879
      *pz      0.5145  0.5083
      *py      0.4788  0.4790
      *d2+     0.9882  0.9893
      *d1+     0.7288  0.6208
      *d0      0.9924  0.9906
      *d1-     0.7957  0.8972
      *d2-     0.9929  0.9916
      *f3+     0.0000  0.0000
      *f2+     0.0000  0.0000
      *f1+     0.0000  0.0000
      *f0      0.0000  0.0001
      *f1-     0.0000  0.0000
      *f2-     0.0000  0.0000
      *f3-     0.0000  0.0000
      Total   27.7848 27.6569

      N-E      0.2152  0.3431

      Total electronic charge=  212.000000

      Total            charge=   -0.000000
--



      Expectation values of various properties for root number:  5
      -----------------------------------------------------------


++    Molecular properties:
      ---------------------

      Charge (e):
                      =   -0.0000
      Dipole Moment (Debye):
      Origin of the operator (Ang)=    0.0000    0.0000    0.0000
                   X= -6.3370E-01               Y= -4.3874E-01               Z=  2.6591E+00           Total=  2.7685E+00
      Quadrupole Moment (Debye*Ang):
      Origin of the operator (Ang)=    0.0000   -0.0000    0.5165
                  XX= -1.4480E+02              XY=  2.8312E+00              XZ= -2.4012E+00              YY= -1.4796E+02
                  YZ= -1.3962E+00              ZZ= -1.8007E+02
      In traceless form (Debye*Ang)
                  XX=  1.9210E+01              XY=  4.2468E+00              XZ= -3.6018E+00              YY=  1.4473E+01
                  YZ= -2.0943E+00              ZZ= -3.3683E+01
--


      Mulliken spin population analysis for root number:  5
      ---------------------------------------------------


++    Molecular charges:
      ------------------

      Mulliken spin population per centre and basis function type
      ---------------------------------------------------

                C1      C2      C3      C4      C5      C6      C7      C8      C9      C10     C11     C12   
      1s       0.0000  0.0000  0.0000  0.0000  0.0000  0.0000  0.0000  0.0000  0.0000  0.0000  0.0000  0.0000
      2s      -0.0001 -0.0001 -0.0000 -0.0001 -0.0001 -0.0000 -0.0000 -0.0000 -0.0000 -0.0000 -0.0000 -0.0000
      2px      0.0001  0.0003  0.0001  0.0000  0.0004  0.0002  0.0004  0.0004  0.0000  0.0003  0.0004  0.0001
      2pz      0.0148  0.0132  0.0069  0.0156  0.0148  0.0080  0.0082  0.0080  0.0247  0.0078  0.0082  0.0256
      2py      0.0004  0.0001  0.0002  0.0005  0.0001  0.0002  0.0001  0.0001  0.0001  0.0002  0.0001  0.0001
      3s       0.0000  0.0000  0.0000  0.0000  0.0000  0.0000  0.0000  0.0000  0.0000  0.0000  0.0000  0.0000
      3px      0.0000  0.0000  0.0000  0.0000  0.0000  0.0000  0.0000  0.0000  0.0000  0.0000  0.0000  0.0000
      3pz      0.0000  0.0000  0.0000  0.0000  0.0000  0.0000  0.0000  0.0000  0.0000  0.0000  0.0000  0.0000
      3py      0.0000  0.0000  0.0000  0.0000  0.0000  0.0000  0.0000  0.0000  0.0000  0.0000  0.0000  0.0000
      4s       0.0000  0.0000  0.0000  0.0000  0.0000  0.0000  0.0000  0.0000  0.0000  0.0000  0.0000  0.0000
      3d2+     0.0000  0.0000  0.0000  0.0000  0.0000  0.0000  0.0000  0.0000  0.0000  0.0000  0.0000  0.0000
      3d1+     0.0000  0.0000  0.0000  0.0000  0.0000  0.0000  0.0000  0.0000  0.0000  0.0000  0.0000  0.0000
      3d0      0.0000  0.0000  0.0000  0.0000  0.0000  0.0000  0.0000  0.0000  0.0000  0.0000  0.0000  0.0000
      3d1-     0.0000  0.0000  0.0000  0.0000  0.0000  0.0000  0.0000  0.0000  0.0000  0.0000  0.0000  0.0000
      3d2-     0.0000  0.0000  0.0000  0.0000  0.0000  0.0000  0.0000  0.0000  0.0000  0.0000  0.0000  0.0000
      *s      -0.0089 -0.0089 -0.0099 -0.0079 -0.0085 -0.0101  0.0047  0.0050  0.0000  0.0055  0.0056  0.0000
      *px     -0.0033 -0.0005  0.0039 -0.0041 -0.0001  0.0031  0.0027 -0.0001 -0.0021  0.0034  0.0001 -0.0020
      *pz      0.0212  0.0173  0.0101  0.0223  0.0207  0.0121  0.0047  0.0042  0.0403  0.0064  0.0071  0.0417
      *py     -0.0005 -0.0031  0.0015  0.0004 -0.0037  0.0019 -0.0025  0.0001  0.0003 -0.0026  0.0007  0.0003
      *d2+     0.0000  0.0001  0.0000 -0.0001  0.0003  0.0000  0.0001 -0.0001 -0.0000  0.0001 -0.0001 -0.0000
      *d1+     0.0010  0.0014  0.0031  0.0009  0.0019  0.0035  0.0019  0.0049  0.0007  0.0021  0.0059  0.0010
      *d0      0.0008  0.0008  0.0001  0.0006  0.0006  0.0001  0.0005  0.0004  0.0000  0.0005  0.0005  0.0000
      *d1-     0.0015  0.0008  0.0030  0.0015  0.0008  0.0026  0.0051  0.0017  0.0011  0.0052  0.0015  0.0010
      *d2-     0.0003  0.0000  0.0000  0.0003  0.0000  0.0000 -0.0001  0.0001 -0.0000 -0.0001  0.0001 -0.0000
      *f3+     0.0000  0.0000  0.0000  0.0000  0.0000  0.0000  0.0000  0.0000  0.0000  0.0000  0.0000  0.0000
      *f2+     0.0000  0.0001  0.0001  0.0000  0.0001  0.0001  0.0000  0.0001  0.0000  0.0000  0.0001  0.0000
      *f1+     0.0000  0.0000  0.0000  0.0000  0.0000  0.0000  0.0000  0.0000  0.0000  0.0000  0.0000  0.0000
      *f0      0.0000  0.0000  0.0000  0.0000  0.0000 -0.0000  0.0000  0.0000 -0.0000  0.0000  0.0000 -0.0000
      *f1-     0.0000  0.0000  0.0000  0.0000  0.0000  0.0000  0.0000  0.0000 -0.0000  0.0000  0.0000 -0.0000
      *f2-     0.0000  0.0000  0.0001  0.0000  0.0000  0.0001  0.0001  0.0001  0.0000  0.0001  0.0001  0.0000
      *f3-     0.0000  0.0000  0.0000  0.0000  0.0000  0.0000  0.0000  0.0000  0.0000  0.0000  0.0000  0.0000
      Total    0.0274  0.0217  0.0193  0.0302  0.0275  0.0219  0.0260  0.0250  0.0653  0.0289  0.0302  0.0678

                C13     C14     C15     C16     C17     C18     C19     C20     C21     C22     C23     C24   
      1s       0.0000  0.0001  0.0000  0.0000  0.0000  0.0000  0.0000  0.0000  0.0000  0.0000  0.0000  0.0000
      2s      -0.0001 -0.0001 -0.0000 -0.0000 -0.0000 -0.0000 -0.0001 -0.0001 -0.0000 -0.0000 -0.0000 -0.0000
      2px      0.0011  0.0008  0.0001  0.0000  0.0000  0.0000  0.0011  0.0010  0.0001  0.0000  0.0000  0.0000
      2pz      0.0237  0.0224  0.0200  0.0015  0.0012  0.0196  0.0260  0.0260  0.0199  0.0014  0.0019  0.0212
      2py      0.0007  0.0010  0.0000  0.0000  0.0000  0.0001  0.0005  0.0007  0.0000  0.0000  0.0000  0.0002
      3s       0.0000  0.0000  0.0000  0.0000  0.0000  0.0000  0.0000  0.0000  0.0000  0.0000  0.0000  0.0000
      3px      0.0000  0.0000  0.0000  0.0000  0.0000  0.0000  0.0000  0.0000  0.0000  0.0000  0.0000  0.0000
      3pz      0.0000  0.0000  0.0000  0.0000  0.0000  0.0000  0.0000  0.0000  0.0000  0.0000  0.0000  0.0000
      3py      0.0000  0.0000  0.0000  0.0000  0.0000  0.0000  0.0000  0.0000  0.0000  0.0000  0.0000  0.0000
      4s       0.0000  0.0000  0.0000  0.0000  0.0000  0.0000  0.0000  0.0000  0.0000  0.0000  0.0000  0.0000
      3d2+     0.0000  0.0000  0.0000  0.0000  0.0000  0.0000  0.0000  0.0000  0.0000  0.0000  0.0000  0.0000
      3d1+     0.0000  0.0000  0.0000  0.0000  0.0000  0.0000  0.0000  0.0000  0.0000  0.0000  0.0000  0.0000
      3d0      0.0000  0.0000  0.0000  0.0000  0.0000  0.0000  0.0000  0.0000  0.0000  0.0000  0.0000  0.0000
      3d1-     0.0000  0.0000  0.0000  0.0000  0.0000  0.0000  0.0000  0.0000  0.0000  0.0000  0.0000  0.0000
      3d2-     0.0000  0.0000  0.0000  0.0000  0.0000  0.0000  0.0000  0.0000  0.0000  0.0000  0.0000  0.0000
      *s      -0.0118 -0.0101 -0.0041  0.0020  0.0016 -0.0032 -0.0089 -0.0095 -0.0033  0.0017  0.0019 -0.0040
      *px      0.0015  0.0018  0.0000 -0.0000 -0.0001 -0.0006  0.0022  0.0023  0.0000  0.0000  0.0000 -0.0006
      *pz      0.0480  0.0456  0.0401  0.0046  0.0035  0.0387  0.0548  0.0544  0.0394  0.0040  0.0055  0.0426
      *py      0.0008  0.0009 -0.0012  0.0004  0.0004 -0.0002  0.0007  0.0006 -0.0009  0.0003  0.0004 -0.0003
      *d2+     0.0003  0.0000  0.0000  0.0001  0.0000 -0.0000  0.0004 -0.0000 -0.0000  0.0001  0.0000 -0.0000
      *d1+    -0.0001  0.0015  0.0008  0.0049  0.0042  0.0004  0.0000  0.0017  0.0008  0.0051  0.0044  0.0004
      *d0      0.0012  0.0012  0.0001  0.0000  0.0000  0.0001  0.0010  0.0010  0.0001  0.0000  0.0000  0.0001
      *d1-     0.0021  0.0008  0.0007  0.0012  0.0019  0.0011  0.0025  0.0008  0.0007  0.0012  0.0020  0.0011
      *d2-    -0.0000  0.0006 -0.0000  0.0000  0.0000 -0.0000 -0.0000  0.0003 -0.0000  0.0000  0.0000 -0.0000
      *f3+     0.0000  0.0000  0.0000  0.0000  0.0000  0.0000  0.0000  0.0000  0.0000  0.0000  0.0000  0.0000
      *f2+     0.0000  0.0000  0.0000  0.0001  0.0001  0.0000  0.0000  0.0000  0.0000  0.0001  0.0001  0.0000
      *f1+     0.0000  0.0000  0.0000  0.0000  0.0000  0.0000  0.0001  0.0000  0.0000  0.0000  0.0000  0.0000
      *f0      0.0000  0.0000 -0.0000 -0.0000 -0.0000 -0.0000  0.0000  0.0000 -0.0000 -0.0000 -0.0000 -0.0000
      *f1-     0.0000  0.0001  0.0000  0.0000  0.0000  0.0000  0.0000  0.0001  0.0000  0.0000  0.0000  0.0000
      *f2-     0.0001  0.0001  0.0000  0.0000  0.0000  0.0000  0.0001  0.0001  0.0000  0.0001  0.0000  0.0000
      *f3-     0.0000  0.0000  0.0000  0.0000  0.0000  0.0000  0.0000  0.0000  0.0000  0.0000  0.0000  0.0000
      Total    0.0676  0.0667  0.0566  0.0148  0.0130  0.0559  0.0805  0.0796  0.0569  0.0139  0.0164  0.0607

                H25     H26     H27     H28     H29     H30     H31     H32     H33     H34     H35     H36   
      1s       0.0001  0.0002  0.0000  0.0000  0.0000  0.0000  0.0001  0.0001  0.0000  0.0000  0.0000  0.0000
      2s       0.0000  0.0000  0.0000  0.0000  0.0000  0.0000  0.0000  0.0000  0.0000  0.0000  0.0000  0.0000
      2px      0.0000  0.0000  0.0000  0.0000  0.0000  0.0000  0.0000  0.0000  0.0000  0.0000  0.0000  0.0000
      2pz      0.0000  0.0000  0.0000  0.0000  0.0000  0.0000  0.0000  0.0000  0.0000  0.0000  0.0000  0.0000
      2py      0.0000  0.0000  0.0000  0.0000  0.0000  0.0000  0.0000  0.0000  0.0000  0.0000  0.0000  0.0000
      3s       0.0000  0.0000  0.0000  0.0000  0.0000  0.0000  0.0000  0.0000  0.0000  0.0000  0.0000  0.0000
      3px      0.0000  0.0000  0.0000  0.0000  0.0000  0.0000  0.0000  0.0000  0.0000  0.0000  0.0000  0.0000
      3pz      0.0000  0.0000  0.0000  0.0000  0.0000  0.0000  0.0000  0.0000  0.0000  0.0000  0.0000  0.0000
      3py      0.0000  0.0000  0.0000  0.0000  0.0000  0.0000  0.0000  0.0000  0.0000  0.0000  0.0000  0.0000
      4s       0.0000  0.0000  0.0000  0.0000  0.0000  0.0000  0.0000  0.0000  0.0000  0.0000  0.0000  0.0000
      3d2+     0.0000  0.0000  0.0000  0.0000  0.0000  0.0000  0.0000  0.0000  0.0000  0.0000  0.0000  0.0000
      3d1+     0.0000  0.0000  0.0000  0.0000  0.0000  0.0000  0.0000  0.0000  0.0000  0.0000  0.0000  0.0000
      3d0      0.0000  0.0000  0.0000  0.0000  0.0000  0.0000  0.0000  0.0000  0.0000  0.0000  0.0000  0.0000
      3d1-     0.0000  0.0000  0.0000  0.0000  0.0000  0.0000  0.0000  0.0000  0.0000  0.0000  0.0000  0.0000
      3d2-     0.0000  0.0000  0.0000  0.0000  0.0000  0.0000  0.0000  0.0000  0.0000  0.0000  0.0000  0.0000
      *s      -0.0008 -0.0008  0.0001  0.0001  0.0001  0.0001 -0.0006 -0.0006  0.0001  0.0001  0.0000  0.0001
      *px      0.0001  0.0000  0.0000  0.0000  0.0000  0.0000  0.0001  0.0000  0.0000  0.0000 -0.0000  0.0000
      *pz      0.0007  0.0006  0.0005  0.0000  0.0000  0.0005  0.0007  0.0007  0.0005  0.0000  0.0000  0.0005
      *py      0.0000  0.0000  0.0000  0.0000  0.0000  0.0000  0.0000  0.0000  0.0000  0.0000  0.0000  0.0000
      *d2+     0.0000  0.0000  0.0000  0.0000  0.0000  0.0000  0.0000  0.0000  0.0000  0.0000  0.0000  0.0000
      *d1+     0.0000  0.0000  0.0000  0.0000  0.0000  0.0000  0.0000  0.0000  0.0000  0.0000  0.0000  0.0000
      *d0      0.0000  0.0000  0.0000  0.0000  0.0000  0.0000  0.0000  0.0000  0.0000  0.0000  0.0000  0.0000
      *d1-     0.0000  0.0000  0.0000  0.0000  0.0000  0.0000  0.0000  0.0000  0.0000  0.0000  0.0000  0.0000
      *d2-     0.0000  0.0000  0.0000  0.0000  0.0000  0.0000  0.0000  0.0000  0.0000  0.0000  0.0000  0.0000
      *f3+     0.0000  0.0000  0.0000  0.0000  0.0000  0.0000  0.0000  0.0000  0.0000  0.0000  0.0000  0.0000
      *f2+     0.0000  0.0000  0.0000  0.0000  0.0000  0.0000  0.0000  0.0000  0.0000  0.0000  0.0000  0.0000
      *f1+     0.0000  0.0000  0.0000  0.0000  0.0000  0.0000  0.0000  0.0000  0.0000  0.0000  0.0000  0.0000
      *f0      0.0000  0.0000  0.0000  0.0000  0.0000  0.0000  0.0000  0.0000  0.0000  0.0000  0.0000  0.0000
      *f1-     0.0000  0.0000  0.0000  0.0000  0.0000  0.0000  0.0000  0.0000  0.0000  0.0000  0.0000  0.0000
      *f2-     0.0000  0.0000  0.0000  0.0000  0.0000  0.0000  0.0000  0.0000  0.0000  0.0000  0.0000  0.0000
      *f3-     0.0000  0.0000  0.0000  0.0000  0.0000  0.0000  0.0000  0.0000  0.0000  0.0000  0.0000  0.0000
      Total    0.0001  0.0001  0.0006  0.0001  0.0001  0.0006  0.0003  0.0003  0.0006  0.0001  0.0001  0.0006

                NI37    NI38  
      1s       0.0000  0.0000
      2s       0.0001  0.0001
      2px      0.0000  0.0000
      2pz      0.0000  0.0000
      2py      0.0000  0.0000
      3s       0.0042  0.0034
      3px      0.0002  0.0002
      3pz      0.0017  0.0013
      3py      0.0004  0.0004
      4s      -0.0067 -0.0055
      3d2+     0.0064  0.0062
      3d1+     0.2770  0.3920
      3d0      0.0009  0.0048
      3d1-     0.2071  0.0990
      3d2-     0.0018  0.0021
      *s       0.5926  0.4796
      *px      0.0010  0.0011
      *pz      0.0289  0.0232
      *py     -0.0011 -0.0010
      *d2+     0.0007 -0.0013
      *d1+     0.2540  0.3621
      *d0      0.0019  0.0056
      *d1-     0.1898  0.0894
      *d2-    -0.0004 -0.0006
      *f3+     0.0000  0.0000
      *f2+     0.0000  0.0000
      *f1+    -0.0000  0.0000
      *f0      0.0000  0.0000
      *f1-     0.0000  0.0000
      *f2-     0.0000  0.0000
      *f3-     0.0000  0.0000
      Total    1.5605  1.4621

      Total electronic spin=    4.000000
--



      Input file to MOLDEN was generated!


      Input file to MOLDEN was generated!


      Input file to MOLDEN was generated!


      Input file to MOLDEN was generated!


      Input file to MOLDEN was generated!


      Input file to MOLDEN was generated!

      Canonical orbitals are written to the RASORB file
      Natural orbitals for root   1 are written to the RASORB.1 file
      Natural orbitals for root   2 are written to the RASORB.2 file
      Natural orbitals for root   3 are written to the RASORB.3 file
      Natural orbitals for root   4 are written to the RASORB.4 file
      Natural orbitals for root   5 are written to the RASORB.5 file
      Spin density orbitals for root   1 are written to the SPDORB.1 file
      Spin density orbitals for root   2 are written to the SPDORB.2 file
      Spin density orbitals for root   3 are written to the SPDORB.3 file
      Spin density orbitals for root   4 are written to the SPDORB.4 file
      Spin density orbitals for root   5 are written to the SPDORB.5 file

Note: The following floating-point exceptions are signalling: IEEE_UNDERFLOW_FLAG IEEE_DENORMAL
--- Stop Module: rasscf at Wed Jul  1 19:28:21 2026 /rc=_RC_ALL_IS_WELL_ ---
*** files: caspt2_Q_imag10.rasscf.molden caspt2_Q_imag10.rasscf.molden.1 caspt2_Q_imag10.rasscf.molden.2 caspt2_Q_imag10.rasscf.molden.3 caspt2_Q_imag10.rasscf.molden.4
           caspt2_Q_imag10.rasscf.molden.5 caspt2_Q_imag10.RasOrb caspt2_Q_imag10.RasOrb.1 caspt2_Q_imag10.RasOrb.2 caspt2_Q_imag10.RasOrb.3 caspt2_Q_imag10.RasOrb.4
           caspt2_Q_imag10.RasOrb.5 caspt2_Q_imag10.rasscf.h5 caspt2_Q_imag10.SpdOrb.1 caspt2_Q_imag10.SpdOrb.2 caspt2_Q_imag10.SpdOrb.3 caspt2_Q_imag10.SpdOrb.4
           caspt2_Q_imag10.SpdOrb.5 xmldump
    saved to directory <scratch-path-omitted>
--- Module rasscf spent 35 minutes 1 second ---

*** symbolic link created: INPORB -> caspt2_Q_imag10.RasOrb
--- Start Module: caspt2 at Wed Jul  1 19:28:21 2026 ---

()()()()()()()()()()()()()()()()()()()()()()()()()()()()()()()()()()()()()()()()()()()()()()()()()()

                                              &CASPT2

                       only a single process is used, running in SERIAL mode
                       available to each process: 12 GB of memory, 1 thread?
                                            pid: 3821837
()()()()()()()()()()()()()()()()()()()()()()()()()()()()()()()()()()()()()()()()()()()()()()()()()()


++    Wave function specifications:
      -----------------------------

      Number of closed shell electrons         128
      Number of electrons in active shells      12
      Max number of holes in RAS1 space          0
      Max number of electrons in RAS3 space      0
      Number of inactive orbitals               64
      Number of active orbitals                 12
      Number of secondary orbitals             794
      Spin quantum number                      2.0
      State symmetry                             1
      Number of CSFs                        196625
      Number of CASSCF root(s) available         5
      CASPT2 state passed to geometry opt.       5
      A file JOBMIX will be created
      This is a MULTI-STATE CASSCF reference
      Number of CI roots used                    5
      These are:                                 1   2   3   4   5
      Off-diagonal elements of Heff are computed
--

++    Orbital specifications:
      -----------------------

      Symmetry species                           1
                                                 a
      Frozen orbitals                           36
      Inactive orbitals                         64
      Active orbitals                           12
      Secondary orbitals                       794
      Deleted orbitals                           0
      Number of basis functions                906
--

++    CASPT2 specifications:
      ----------------------

      Type of calculation                        MS-CASPT2
      Fock operator                              state-specific
      IPEA shift                                 0.25
      Real shift                                 0.00
      Imaginary shift                            0.10
      The input orbitals will be transformed to quasi-canonical
--

--------------------------------------------------------------------------------
 Estimated memory requirements:
  POLY3 :                 47249703
  RHS:                  1316236000
  SIGMA :               1313208400
  PRPCTL:                        0
 Available workspace:   1348288997

++ CASPT2 computation for group   1

********************************************************************************
 Multi-State initialization phase begins for group   1
--------------------------------------------------------------------------------
********************************************************************************
 Compute H0 matrices for state    1
--------------------------------------------------------------------------------
--------------------------------------------------------------------------------
 H0 matrices have been computed.

********************************************************************************
  CASPT2 EQUATION SOLUTION
--------------------------------------------------------------------------------

  Total nr of CASPT2 parameters:
   Before reduction:  1876168956
   After  reduction:  1876168956

 Variance of |WF0>:      23.3883391039

 The contributions to the second order correlation energy in atomic units.
-----------------------------------------------------------------------------------------------------------------------------
  IT.      VJTU        VJTI        ATVX        AIVX        VJAI        BVAT        BJAT        BJAI        TOTAL       RNORM  
-----------------------------------------------------------------------------------------------------------------------------
   1    -0.045933   -0.027626   -0.015775   -0.149925   -0.380728   -0.087318   -0.771746   -3.515236   -4.994287    0.015101
   2    -0.047965   -0.027742   -0.015941   -0.150721   -0.381124   -0.087616   -0.773077   -3.515950   -5.000136    0.003369
   3    -0.048098   -0.027747   -0.015962   -0.150701   -0.381125   -0.087654   -0.773174   -3.515971   -5.000431    0.000455
   4    -0.048111   -0.027743   -0.015955   -0.150665   -0.381108   -0.087643   -0.773109   -3.515936   -5.000270    0.000074
   5    -0.048112   -0.027743   -0.015954   -0.150663   -0.381108   -0.087642   -0.773106   -3.515935   -5.000263    0.000011
   6    -0.048113   -0.027743   -0.015954   -0.150664   -0.381108   -0.087642   -0.773108   -3.515936   -5.000267    0.000002
-----------------------------------------------------------------------------------------------------------------------------

  FINAL CASPT2 RESULT:

      Reference energy:       -3929.6856830532
      E2 (Non-variational):      -5.0002670750
      Shift correction:          -0.0093320172
      E2 (Variational):          -5.0095990922
      Total energy:           -3934.6952821454
      Residual norm:              0.0000003417
      Reference weight:           0.37238

      Contributions to the CASPT2 correlation energy
      Active & Virtual Only:         -0.1035962937
      One Inactive Excited:          -0.9718838073
      Two Inactive Excited:          -3.9247869739


++ Denominators, etc.
--------------------------------------------------------------------------------------------------------------
 Report on small energy denominators, large coefficients, and large energy contributions.
CASE  SYMM ACTIVE-MIX  NON-ACTIVE INDICES          DENOMINATOR     RHS VALUE       COEFFICIENT     CONTRIBUTION
VJTU     1  Mu1.0002  In1.074                       0.59237894      0.01733636     -0.02720030     -0.00047155
VJTU     1  Mu1.0001  In1.089                       0.42494255      0.01447141     -0.03374700     -0.00048837
VJTU     1  Mu1.0002  In1.089                       0.43584090     -0.01093800      0.02627918     -0.00028744
VJTU     1  Mu1.0001  In1.092                       0.38319105     -0.01289890      0.03114458     -0.00040173
VJTU     1  Mu1.0002  In1.092                       0.39408941      0.03965269     -0.09116643     -0.00361499
VJTU     1  Mu1.0004  In1.092                       0.41263647     -0.01612299      0.03738515     -0.00060276
VJTU     1  Mu1.0001  In1.094                       0.37727459      0.01486432     -0.03848925     -0.00057212
VJTU     1  Mu1.0002  In1.095                       0.38104035      0.01198421     -0.02763826     -0.00033122
VJTU     1  Mu1.0002  In1.096                       0.37400009      0.04350175     -0.10580521     -0.00460271
VJTU     1  Mu1.0004  In1.096                       0.39254715     -0.02175194      0.04803650     -0.00104489
VJTU     1  Mu1.0001  In1.097                       0.36533986      0.02274854     -0.05897184     -0.00134152
VJTU     1  Mu1.0002  In1.097                       0.37623821     -0.02829110      0.06506983     -0.00184090
VJTU     1  Mu1.0004  In1.097                       0.39478527      0.01586880     -0.03326390     -0.00052786
VJTU     1  Mu1.0002  In1.099                       0.34884283     -0.05050209      0.13201947     -0.00666726
VJTU     1  Mu1.0004  In1.099                       0.36738989      0.02020356     -0.05280784     -0.00106691
VJTU     1  Mu1.0002  In1.100                       0.32422898      0.01138041     -0.03061230     -0.00034838
VJTU     1  Mu1.0156  In1.100                       0.74410604      0.02332787     -0.03403274     -0.00079391
ATVX     1  Mu1.0001  Se1.113                       0.09827671      0.00012372     -0.00066447     -0.00000008
ATVX     1  Mu1.0002  Se1.113                       0.11695368      0.00078869     -0.00501180     -0.00000395
ATVX     1  Mu1.0003  Se1.113                       0.12385452     -0.00000864      0.00016435     -0.00000000
ATVX     1  Mu1.0004  Se1.113                       0.12682750      0.00137774     -0.00722510     -0.00000995
ATVX     1  Mu1.0005  Se1.113                       0.19325172     -0.00051525      0.00217648     -0.00000112
ATVX     1  Mu1.0006  Se1.113                       0.19956543     -0.00022295      0.00097072     -0.00000022
ATVX     1  Mu1.0007  Se1.113                       0.20304775      0.00047682     -0.00190084     -0.00000091
ATVX     1  Mu1.0008  Se1.113                       0.21290601      0.00218672     -0.00822926     -0.00001800
ATVX     1  Mu1.0009  Se1.113                       0.22351473      0.00128938     -0.00497777     -0.00000642
ATVX     1  Mu1.0010  Se1.113                       0.22529622     -0.00072631      0.00263917     -0.00000192
ATVX     1  Mu1.0011  Se1.113                       0.22665742     -0.00061970      0.00229343     -0.00000142
ATVX     1  Mu1.0012  Se1.113                       0.23183792      0.00115702     -0.00392835     -0.00000455
ATVX     1  Mu1.0013  Se1.113                       0.23961641      0.00024640     -0.00101665     -0.00000025
ATVX     1  Mu1.0014  Se1.113                       0.24098513      0.00005723     -0.00037510     -0.00000002
ATVX     1  Mu1.0015  Se1.113                       0.24320605      0.00116754     -0.00417319     -0.00000487
ATVX     1  Mu1.0016  Se1.113                       0.24822451      0.00023327     -0.00065601     -0.00000015
ATVX     1  Mu1.0017  Se1.113                       0.25234835     -0.00056499      0.00182205     -0.00000103
ATVX     1  Mu1.0018  Se1.113                       0.25722319      0.00002498     -0.00013365     -0.00000000
ATVX     1  Mu1.0019  Se1.113                       0.25870128     -0.00005965      0.00008521     -0.00000001
ATVX     1  Mu1.0020  Se1.113                       0.26448918      0.00005904     -0.00008472     -0.00000001
ATVX     1  Mu1.0021  Se1.113                       0.26960312      0.00007499     -0.00018581     -0.00000001
ATVX     1  Mu1.0022  Se1.113                       0.27482533     -0.00006530      0.00020143     -0.00000001
ATVX     1  Mu1.0023  Se1.113                       0.29728506      0.00021758     -0.00068916     -0.00000015
ATVX     1  Mu1.0024  Se1.113                       0.29980171     -0.00066225      0.00203065     -0.00000134
ATVX     1  Mu1.0001  Se1.114                       0.13154288     -0.00035307      0.00186078     -0.00000066
ATVX     1  Mu1.0002  Se1.114                       0.15021986      0.00035723     -0.00204272     -0.00000073
ATVX     1  Mu1.0003  Se1.114                       0.15712069     -0.00064633      0.00371733     -0.00000240
ATVX     1  Mu1.0004  Se1.114                       0.16009367      0.00025815     -0.00149564     -0.00000039
ATVX     1  Mu1.0005  Se1.114                       0.22651789      0.00133315     -0.00501769     -0.00000669
ATVX     1  Mu1.0006  Se1.114                       0.23283160      0.00048010     -0.00167830     -0.00000081
ATVX     1  Mu1.0007  Se1.114                       0.23631392      0.00072410     -0.00265410     -0.00000192
ATVX     1  Mu1.0008  Se1.114                       0.24617219      0.00032222     -0.00110142     -0.00000035
ATVX     1  Mu1.0009  Se1.114                       0.25678091     -0.00025971      0.00094221     -0.00000024
ATVX     1  Mu1.0010  Se1.114                       0.25856240     -0.00009252      0.00029581     -0.00000003
ATVX     1  Mu1.0011  Se1.114                       0.25992359     -0.00000904      0.00028080     -0.00000000
ATVX     1  Mu1.0012  Se1.114                       0.26510410      0.00001877      0.00003201      0.00000000
ATVX     1  Mu1.0013  Se1.114                       0.27288258      0.00021970     -0.00065889     -0.00000014
ATVX     1  Mu1.0014  Se1.114                       0.27425131      0.00052158     -0.00150956     -0.00000079
ATVX     1  Mu1.0015  Se1.114                       0.27647222     -0.00000326      0.00003156     -0.00000000
ATVX     1  Mu1.0016  Se1.114                       0.28149068      0.00003785     -0.00010354     -0.00000000
ATVX     1  Mu1.0017  Se1.114                       0.28561452     -0.00019418      0.00050002     -0.00000010
ATVX     1  Mu1.0018  Se1.114                       0.29048936      0.00045825     -0.00138623     -0.00000064
ATVX     1  Mu1.0019  Se1.114                       0.29196746     -0.00044465      0.00114332     -0.00000051
ATVX     1  Mu1.0020  Se1.114                       0.29775535      0.00011548     -0.00039145     -0.00000005
ATVX     1  Mu1.0001  Se1.115                       0.13540961      0.00003599      0.00012377      0.00000000
ATVX     1  Mu1.0002  Se1.115                       0.15408658      0.00028135     -0.00235877     -0.00000066
ATVX     1  Mu1.0003  Se1.115                       0.16098742     -0.00023224      0.00086656     -0.00000020
ATVX     1  Mu1.0004  Se1.115                       0.16396040      0.00057733     -0.00194979     -0.00000113
ATVX     1  Mu1.0005  Se1.115                       0.23038462     -0.00015037      0.00049780     -0.00000007
ATVX     1  Mu1.0006  Se1.115                       0.23669833      0.00001952     -0.00001981     -0.00000000
ATVX     1  Mu1.0007  Se1.115                       0.24018065      0.00011385     -0.00036300     -0.00000004
ATVX     1  Mu1.0008  Se1.115                       0.25003891      0.00043220     -0.00143722     -0.00000062
ATVX     1  Mu1.0009  Se1.115                       0.26064763      0.00036962     -0.00112745     -0.00000042
ATVX     1  Mu1.0010  Se1.115                       0.26242912     -0.00027282      0.00081131     -0.00000022
ATVX     1  Mu1.0011  Se1.115                       0.26379032     -0.00020400      0.00060971     -0.00000012
ATVX     1  Mu1.0012  Se1.115                       0.26897082      0.00018558     -0.00060506     -0.00000011
ATVX     1  Mu1.0013  Se1.115                       0.27674931      0.00006789     -0.00017834     -0.00000001
ATVX     1  Mu1.0014  Se1.115                       0.27811803      0.00000895     -0.00004778     -0.00000000
ATVX     1  Mu1.0015  Se1.115                       0.28033895      0.00036909     -0.00112405     -0.00000041
ATVX     1  Mu1.0016  Se1.115                       0.28535741     -0.00011032      0.00032649     -0.00000004
ATVX     1  Mu1.0017  Se1.115                       0.28948125      0.00004558     -0.00014870     -0.00000001
ATVX     1  Mu1.0018  Se1.115                       0.29435609      0.00001028     -0.00003871     -0.00000000
ATVX     1  Mu1.0019  Se1.115                       0.29583419     -0.00001481      0.00000288     -0.00000000
ATVX     1  Mu1.0001  Se1.116                       0.14061896      0.00045276     -0.00065366     -0.00000030
ATVX     1  Mu1.0002  Se1.116                       0.15929593      0.00004119     -0.00039971     -0.00000002
ATVX     1  Mu1.0003  Se1.116                       0.16619677     -0.00095100      0.00417341     -0.00000397
ATVX     1  Mu1.0004  Se1.116                       0.16916975      0.00008962     -0.00039268     -0.00000004
ATVX     1  Mu1.0005  Se1.116                       0.23559397     -0.00015357      0.00050681     -0.00000008
ATVX     1  Mu1.0006  Se1.116                       0.24190768      0.00007415     -0.00021875     -0.00000002
ATVX     1  Mu1.0007  Se1.116                       0.24539000     -0.00015638      0.00049298     -0.00000008
ATVX     1  Mu1.0008  Se1.116                       0.25524826      0.00000227      0.00005845      0.00000000
ATVX     1  Mu1.0009  Se1.116                       0.26585698      0.00001364      0.00000264      0.00000000
ATVX     1  Mu1.0010  Se1.116                       0.26763847     -0.00012981      0.00046305     -0.00000006
ATVX     1  Mu1.0011  Se1.116                       0.26899967      0.00015760     -0.00049849     -0.00000008
ATVX     1  Mu1.0012  Se1.116                       0.27418017     -0.00000823      0.00003792     -0.00000000
ATVX     1  Mu1.0013  Se1.116                       0.28195866      0.00001123     -0.00003066     -0.00000000
ATVX     1  Mu1.0014  Se1.116                       0.28332738     -0.00013519      0.00041282     -0.00000006
ATVX     1  Mu1.0015  Se1.116                       0.28554830      0.00007060     -0.00020768     -0.00000001
ATVX     1  Mu1.0016  Se1.116                       0.29056676     -0.00016859      0.00049793     -0.00000008
ATVX     1  Mu1.0017  Se1.116                       0.29469060     -0.00008512      0.00023032     -0.00000002
ATVX     1  Mu1.0018  Se1.116                       0.29956544     -0.00041901      0.00117647     -0.00000049
ATVX     1  Mu1.0001  Se1.117                       0.14418270      0.00001615     -0.00008290     -0.00000000
ATVX     1  Mu1.0002  Se1.117                       0.16285967     -0.00004493      0.00022103     -0.00000001
ATVX     1  Mu1.0003  Se1.117                       0.16976051      0.00000928     -0.00003424     -0.00000000
ATVX     1  Mu1.0004  Se1.117                       0.17273349     -0.00002159      0.00005423     -0.00000000
ATVX     1  Mu1.0005  Se1.117                       0.23915770     -0.00003622      0.00011613     -0.00000000
ATVX     1  Mu1.0006  Se1.117                       0.24547141      0.00006580     -0.00025377     -0.00000002
ATVX     1  Mu1.0007  Se1.117                       0.24895373     -0.00005760      0.00019340     -0.00000001
ATVX     1  Mu1.0008  Se1.117                       0.25881200     -0.00000940      0.00003557     -0.00000000
ATVX     1  Mu1.0009  Se1.117                       0.26942072     -0.00005204      0.00016861     -0.00000001
ATVX     1  Mu1.0010  Se1.117                       0.27120221     -0.00004901      0.00016139     -0.00000001
ATVX     1  Mu1.0011  Se1.117                       0.27256341      0.00000629     -0.00000589     -0.00000000
ATVX     1  Mu1.0012  Se1.117                       0.27774391      0.00000082     -0.00000245     -0.00000000
ATVX     1  Mu1.0013  Se1.117                       0.28552240      0.00021523     -0.00068200     -0.00000015
ATVX     1  Mu1.0014  Se1.117                       0.28689112     -0.00012793      0.00039708     -0.00000005
ATVX     1  Mu1.0015  Se1.117                       0.28911204      0.00005491     -0.00017836     -0.00000001
ATVX     1  Mu1.0016  Se1.117                       0.29413049      0.00002522     -0.00007200     -0.00000000
ATVX     1  Mu1.0017  Se1.117                       0.29825434     -0.00000158      0.00000931     -0.00000000
ATVX     1  Mu1.0001  Se1.118                       0.15350101     -0.00003306      0.00014944     -0.00000000
ATVX     1  Mu1.0002  Se1.118                       0.17217799      0.00005036     -0.00022917     -0.00000001
ATVX     1  Mu1.0003  Se1.118                       0.17907882     -0.00009063      0.00045179     -0.00000004
ATVX     1  Mu1.0004  Se1.118                       0.18205180      0.00002937     -0.00022138     -0.00000001
ATVX     1  Mu1.0005  Se1.118                       0.24847602      0.00042090     -0.00146971     -0.00000062
ATVX     1  Mu1.0006  Se1.118                       0.25478973      0.00014660     -0.00048018     -0.00000007
ATVX     1  Mu1.0007  Se1.118                       0.25827205      0.00024924     -0.00086408     -0.00000022
ATVX     1  Mu1.0008  Se1.118                       0.26813032      0.00004785     -0.00015103     -0.00000001
ATVX     1  Mu1.0009  Se1.118                       0.27873904     -0.00008927      0.00030238     -0.00000003
ATVX     1  Mu1.0010  Se1.118                       0.28052053      0.00007273     -0.00021781     -0.00000002
ATVX     1  Mu1.0011  Se1.118                       0.28188172     -0.00003144      0.00013000     -0.00000000
ATVX     1  Mu1.0012  Se1.118                       0.28706223     -0.00002726      0.00010122     -0.00000000
ATVX     1  Mu1.0013  Se1.118                       0.29484071      0.00005515     -0.00018365     -0.00000001
ATVX     1  Mu1.0014  Se1.118                       0.29620944      0.00013851     -0.00039403     -0.00000005
ATVX     1  Mu1.0015  Se1.118                       0.29843035     -0.00006964      0.00019974     -0.00000001
ATVX     1  Mu1.0001  Se1.119                       0.15327558     -0.00000945      0.00002532     -0.00000000
ATVX     1  Mu1.0002  Se1.119                       0.17195255      0.00006223     -0.00043726     -0.00000003
ATVX     1  Mu1.0003  Se1.119                       0.17885339     -0.00013270      0.00031915     -0.00000004
ATVX     1  Mu1.0004  Se1.119                       0.18182637      0.00009290      0.00045913      0.00000004
ATVX     1  Mu1.0005  Se1.119                       0.24825059     -0.00004457      0.00013544     -0.00000001
ATVX     1  Mu1.0006  Se1.119                       0.25456430     -0.00000525      0.00004583     -0.00000000
ATVX     1  Mu1.0007  Se1.119                       0.25804662      0.00018568     -0.00058964     -0.00000011
ATVX     1  Mu1.0008  Se1.119                       0.26790488      0.00028561     -0.00101619     -0.00000029
ATVX     1  Mu1.0009  Se1.119                       0.27851360      0.00038222     -0.00113047     -0.00000043
ATVX     1  Mu1.0010  Se1.119                       0.28029509     -0.00022345      0.00063360     -0.00000014
ATVX     1  Mu1.0011  Se1.119                       0.28165629     -0.00020436      0.00057301     -0.00000012
ATVX     1  Mu1.0012  Se1.119                       0.28683679      0.00002635     -0.00012544     -0.00000000
ATVX     1  Mu1.0013  Se1.119                       0.29461528      0.00004939     -0.00011920     -0.00000001
ATVX     1  Mu1.0014  Se1.119                       0.29598400      0.00001361     -0.00002317     -0.00000000
ATVX     1  Mu1.0015  Se1.119                       0.29820492      0.00015925     -0.00045322     -0.00000007
ATVX     1  Mu1.0001  Se1.120                       0.15974023      0.00001347     -0.00007054     -0.00000000
ATVX     1  Mu1.0002  Se1.120                       0.17841721     -0.00003712      0.00011295     -0.00000000
ATVX     1  Mu1.0003  Se1.120                       0.18531804      0.00000618      0.00001356      0.00000000
ATVX     1  Mu1.0004  Se1.120                       0.18829102      0.00000645     -0.00009300     -0.00000000
ATVX     1  Mu1.0005  Se1.120                       0.25471524     -0.00005238      0.00015096     -0.00000001
ATVX     1  Mu1.0006  Se1.120                       0.26102895      0.00013941     -0.00050948     -0.00000007
ATVX     1  Mu1.0007  Se1.120                       0.26451127     -0.00008591      0.00027282     -0.00000002
ATVX     1  Mu1.0008  Se1.120                       0.27436953      0.00001037     -0.00001866     -0.00000000
ATVX     1  Mu1.0009  Se1.120                       0.28497825     -0.00007467      0.00023847     -0.00000002
ATVX     1  Mu1.0010  Se1.120                       0.28675974     -0.00009309      0.00029027     -0.00000003
ATVX     1  Mu1.0011  Se1.120                       0.28812094     -0.00000073      0.00003516     -0.00000000
ATVX     1  Mu1.0012  Se1.120                       0.29330145      0.00001278     -0.00003408     -0.00000000
ATVX     1  Mu1.0001  Se1.121                       0.16985181      0.00012392     -0.00056530     -0.00000007
ATVX     1  Mu1.0002  Se1.121                       0.18852878     -0.00015210      0.00044805     -0.00000007
ATVX     1  Mu1.0003  Se1.121                       0.19542962      0.00030954     -0.00123372     -0.00000038
ATVX     1  Mu1.0004  Se1.121                       0.19840260     -0.00013825      0.00040547     -0.00000006
ATVX     1  Mu1.0005  Se1.121                       0.26482681     -0.00015039      0.00044774     -0.00000007
ATVX     1  Mu1.0006  Se1.121                       0.27114052      0.00030422     -0.00108747     -0.00000033
ATVX     1  Mu1.0007  Se1.121                       0.27462284     -0.00017622      0.00055655     -0.00000010
ATVX     1  Mu1.0008  Se1.121                       0.28448111      0.00001769      0.00000705      0.00000000
ATVX     1  Mu1.0009  Se1.121                       0.29508983     -0.00012958      0.00037905     -0.00000005
ATVX     1  Mu1.0010  Se1.121                       0.29687132     -0.00012863      0.00039546     -0.00000005
ATVX     1  Mu1.0011  Se1.121                       0.29823252     -0.00004289      0.00011494     -0.00000000
ATVX     1  Mu1.0001  Se1.122                       0.18711599     -0.00011377      0.00007731     -0.00000001
ATVX     1  Mu1.0002  Se1.122                       0.20579296      0.00040905     -0.00103562     -0.00000042
ATVX     1  Mu1.0003  Se1.122                       0.21269380     -0.00019712      0.00028351     -0.00000006
ATVX     1  Mu1.0004  Se1.122                       0.21566678      0.00001151      0.00174338      0.00000002
ATVX     1  Mu1.0005  Se1.122                       0.28209100     -0.00008512      0.00026791     -0.00000002
ATVX     1  Mu1.0006  Se1.122                       0.28840471     -0.00029920      0.00093275     -0.00000028
ATVX     1  Mu1.0007  Se1.122                       0.29188703      0.00032938     -0.00092731     -0.00000031
ATVX     1  Mu1.0001  Se1.123                       0.17800449      0.00042128     -0.00156409     -0.00000066
ATVX     1  Mu1.0002  Se1.123                       0.19668146      0.00003835      0.00000498      0.00000000
ATVX     1  Mu1.0003  Se1.123                       0.20358230     -0.00031642      0.00047181     -0.00000015
ATVX     1  Mu1.0004  Se1.123                       0.20655528      0.00012489     -0.00030336     -0.00000004
ATVX     1  Mu1.0005  Se1.123                       0.27297949     -0.00006498      0.00021822     -0.00000001
ATVX     1  Mu1.0006  Se1.123                       0.27929321      0.00000035     -0.00002513     -0.00000000
ATVX     1  Mu1.0007  Se1.123                       0.28277552     -0.00005330      0.00015695     -0.00000001
ATVX     1  Mu1.0008  Se1.123                       0.29263379     -0.00001702      0.00001823     -0.00000000
ATVX     1  Mu1.0001  Se1.124                       0.17962976      0.00014709     -0.00060220     -0.00000009
ATVX     1  Mu1.0002  Se1.124                       0.19830674     -0.00035764      0.00128419     -0.00000046
ATVX     1  Mu1.0003  Se1.124                       0.20520757     -0.00014655      0.00077495     -0.00000011
ATVX     1  Mu1.0004  Se1.124                       0.20818055      0.00019030     -0.00084866     -0.00000016
ATVX     1  Mu1.0005  Se1.124                       0.27460477     -0.00011525      0.00032292     -0.00000004
ATVX     1  Mu1.0006  Se1.124                       0.28091848      0.00027248     -0.00098922     -0.00000027
ATVX     1  Mu1.0007  Se1.124                       0.28440080     -0.00025258      0.00077950     -0.00000020
ATVX     1  Mu1.0008  Se1.124                       0.29425906      0.00002617     -0.00004715     -0.00000000
ATVX     1  Mu1.0001  Se1.125                       0.18905444     -0.00002251      0.00003236     -0.00000000
ATVX     1  Mu1.0002  Se1.125                       0.20773142      0.00002586     -0.00007699     -0.00000000
ATVX     1  Mu1.0003  Se1.125                       0.21463225     -0.00001457     -0.00004228      0.00000000
ATVX     1  Mu1.0004  Se1.125                       0.21760523      0.00000171      0.00004360      0.00000000
ATVX     1  Mu1.0005  Se1.125                       0.28402945      0.00037629     -0.00119417     -0.00000045
ATVX     1  Mu1.0006  Se1.125                       0.29034316      0.00013330     -0.00039925     -0.00000005
ATVX     1  Mu1.0007  Se1.125                       0.29382548      0.00026898     -0.00083750     -0.00000023
ATVX     1  Mu1.0001  Se1.126                       0.19451854     -0.00022434      0.00041424     -0.00000009
ATVX     1  Mu1.0002  Se1.126                       0.21319551      0.00119041     -0.00407272     -0.00000485
ATVX     1  Mu1.0003  Se1.126                       0.22009635     -0.00010781      0.00001436     -0.00000000
ATVX     1  Mu1.0004  Se1.126                       0.22306933      0.00019682      0.00078193      0.00000015
ATVX     1  Mu1.0005  Se1.126                       0.28949355     -0.00004747      0.00015962     -0.00000001
ATVX     1  Mu1.0006  Se1.126                       0.29580726     -0.00049419      0.00146766     -0.00000073
ATVX     1  Mu1.0007  Se1.126                       0.29928958      0.00028472     -0.00075995     -0.00000022
ATVX     1  Mu1.0001  Se1.127                       0.21628297      0.00019583     -0.00051976     -0.00000010
ATVX     1  Mu1.0002  Se1.127                       0.23495995     -0.00010709      0.00022019     -0.00000002
ATVX     1  Mu1.0003  Se1.127                       0.24186078     -0.00011053      0.00087573     -0.00000010
ATVX     1  Mu1.0004  Se1.127                       0.24483376      0.00006835     -0.00048658     -0.00000003
ATVX     1  Mu1.0001  Se1.128                       0.20662441     -0.00070240      0.00256418     -0.00000180
ATVX     1  Mu1.0002  Se1.128                       0.22530139      0.00004603     -0.00060833     -0.00000003
ATVX     1  Mu1.0003  Se1.128                       0.23220222      0.00010354      0.00102209      0.00000011
ATVX     1  Mu1.0004  Se1.128                       0.23517520     -0.00019666      0.00032957     -0.00000006
ATVX     1  Mu1.0001  Se1.129                       0.20808182     -0.00004446      0.00023767     -0.00000001
ATVX     1  Mu1.0002  Se1.129                       0.22675879      0.00013936     -0.00065413     -0.00000009
ATVX     1  Mu1.0003  Se1.129                       0.23365963     -0.00025955      0.00117490     -0.00000030
ATVX     1  Mu1.0004  Se1.129                       0.23663261      0.00032103     -0.00125125     -0.00000040
ATVX     1  Mu1.0001  Se1.130                       0.21931620     -0.00003870     -0.00024138      0.00000001
ATVX     1  Mu1.0002  Se1.130                       0.23799317     -0.00010422      0.00017976     -0.00000002
ATVX     1  Mu1.0003  Se1.130                       0.24489401      0.00029032     -0.00016120     -0.00000005
ATVX     1  Mu1.0004  Se1.130                       0.24786699     -0.00012014      0.00023464     -0.00000003
ATVX     1  Mu1.0001  Se1.131                       0.22078313      0.00002752     -0.00009055     -0.00000000
ATVX     1  Mu1.0002  Se1.131                       0.23946010     -0.00002254      0.00004551     -0.00000000
ATVX     1  Mu1.0003  Se1.131                       0.24636094     -0.00000046      0.00003988     -0.00000000
ATVX     1  Mu1.0004  Se1.131                       0.24933392      0.00004704     -0.00018187     -0.00000001
ATVX     1  Mu1.0001  Se1.132                       0.22824647     -0.00011860     -0.00010993      0.00000001
ATVX     1  Mu1.0002  Se1.132                       0.24692344      0.00145481     -0.00412739     -0.00000600
ATVX     1  Mu1.0003  Se1.132                       0.25382428     -0.00015501     -0.00006847      0.00000001
ATVX     1  Mu1.0004  Se1.132                       0.25679726     -0.00043742      0.00333391     -0.00000146
ATVX     1  Mu1.0001  Se1.133                       0.22899525      0.00042922     -0.00237568     -0.00000102
ATVX     1  Mu1.0002  Se1.133                       0.24767223     -0.00021482      0.00053604     -0.00000012
ATVX     1  Mu1.0003  Se1.133                       0.25457306      0.00039051     -0.00058418     -0.00000023
ATVX     1  Mu1.0004  Se1.133                       0.25754605     -0.00003567     -0.00016746      0.00000001
ATVX     1  Mu1.0001  Se1.134                       0.23934113      0.00013926     -0.00001189     -0.00000000
ATVX     1  Mu1.0002  Se1.134                       0.25801810     -0.00036195     -0.00046099      0.00000017
ATVX     1  Mu1.0003  Se1.134                       0.26491894     -0.00022105      0.00005081     -0.00000001
ATVX     1  Mu1.0004  Se1.134                       0.26789192     -0.00003207      0.00209985     -0.00000007
ATVX     1  Mu1.0001  Se1.135                       0.24580207     -0.00003014      0.00011236     -0.00000000
ATVX     1  Mu1.0002  Se1.135                       0.26447904      0.00001518     -0.00005787     -0.00000000
ATVX     1  Mu1.0003  Se1.135                       0.27137988      0.00000140      0.00000235      0.00000000
ATVX     1  Mu1.0004  Se1.135                       0.27435286     -0.00000876      0.00002464     -0.00000000
ATVX     1  Mu1.0001  Se1.136                       0.26962180      0.00093196     -0.00210359     -0.00000196
ATVX     1  Mu1.0002  Se1.136                       0.28829877      0.00038666     -0.00076178     -0.00000029
ATVX     1  Mu1.0003  Se1.136                       0.29519960     -0.00256926      0.00559397     -0.00001437
ATVX     1  Mu1.0004  Se1.136                       0.29817259      0.00070573     -0.00135295     -0.00000095
ATVX     1  Mu1.0001  Se1.137                       0.26682764     -0.00008148      0.00026489     -0.00000002
ATVX     1  Mu1.0002  Se1.137                       0.28550462      0.00013326     -0.00024153     -0.00000003
ATVX     1  Mu1.0003  Se1.137                       0.29240545     -0.00002114     -0.00022306      0.00000000
ATVX     1  Mu1.0004  Se1.137                       0.29537843     -0.00011700      0.00055613     -0.00000007
ATVX     1  Mu1.0001  Se1.138                       0.26198800     -0.00005607      0.00036331     -0.00000002
ATVX     1  Mu1.0002  Se1.138                       0.28066497      0.00063186     -0.00249901     -0.00000158
ATVX     1  Mu1.0003  Se1.138                       0.28756581      0.00015217      0.00008533      0.00000001
ATVX     1  Mu1.0004  Se1.138                       0.29053879      0.00052072     -0.00324089     -0.00000169
ATVX     1  Mu1.0001  Se1.139                       0.27324888     -0.00011909     -0.00034900      0.00000004
ATVX     1  Mu1.0002  Se1.139                       0.29192585     -0.00074956      0.00456091     -0.00000342
ATVX     1  Mu1.0003  Se1.139                       0.29882668      0.00003473     -0.00062467     -0.00000002
ATVX     1  Mu1.0001  Se1.140                       0.27234196     -0.00005949      0.00008223     -0.00000000
ATVX     1  Mu1.0002  Se1.140                       0.29101894      0.00004796     -0.00020233     -0.00000001
ATVX     1  Mu1.0003  Se1.140                       0.29791977      0.00019257     -0.00071248     -0.00000014
ATVX     1  Mu1.0001  Se1.141                       0.28847165      0.00024160     -0.00249124     -0.00000060
ATVX     1  Mu1.0001  Se1.142                       0.29474402     -0.00002625      0.00005254     -0.00000000
ATVX     1  Mu1.0001  Se1.143                       0.29780522     -0.00072855     -0.00015670      0.00000011
ATVX     1  Mu1.0001  Se1.144                       0.29853782      0.00008735     -0.00018540     -0.00000002
ATVX     1  Mu1.0001  Se1.145                       0.29893111     -0.00006105      0.00014950     -0.00000001
BJATM    1  Mu1.0006  In1.100 Se1.114 Se1.113       0.91543623      0.02330589     -0.02760906     -0.00064345
--

   (Skipping property calculation,
    use PROP keyword to activate)
--

++ CASPT2 computation for group   2

********************************************************************************
 Multi-State initialization phase begins for group   2
--------------------------------------------------------------------------------
********************************************************************************
 Compute H0 matrices for state    2
--------------------------------------------------------------------------------
--------------------------------------------------------------------------------
 H0 matrices have been computed.

********************************************************************************
  CASPT2 EQUATION SOLUTION
--------------------------------------------------------------------------------

  Total nr of CASPT2 parameters:
   Before reduction:  1876168956
   After  reduction:  1876168956

 Variance of |WF0>:      23.4839801155

 The contributions to the second order correlation energy in atomic units.
-----------------------------------------------------------------------------------------------------------------------------
  IT.      VJTU        VJTI        ATVX        AIVX        VJAI        BVAT        BJAT        BJAI        TOTAL       RNORM  
-----------------------------------------------------------------------------------------------------------------------------
   1    -0.043442   -0.022451   -0.026415   -0.154743   -0.346754   -0.090495   -0.827532   -3.512861   -5.024695    0.018935
   2    -0.046889   -0.022585   -0.027470   -0.155695   -0.347216   -0.090802   -0.829090   -3.513919   -5.033666    0.007924
   3    -0.047150   -0.022595   -0.027568   -0.155662   -0.347235   -0.090852   -0.829109   -3.513937   -5.034109    0.001203
   4    -0.047170   -0.022586   -0.027532   -0.155565   -0.347192   -0.090818   -0.828959   -3.513826   -5.033647    0.000288
   5    -0.047170   -0.022585   -0.027529   -0.155560   -0.347191   -0.090815   -0.828953   -3.513823   -5.033626    0.000045
   6    -0.047170   -0.022585   -0.027529   -0.155563   -0.347193   -0.090816   -0.828959   -3.513828   -5.033642    0.000013
   7    -0.047170   -0.022585   -0.027529   -0.155563   -0.347193   -0.090816   -0.828959   -3.513828   -5.033643    0.000002
-----------------------------------------------------------------------------------------------------------------------------

  FINAL CASPT2 RESULT:

      Reference energy:       -3929.6506391904
      E2 (Non-variational):      -5.0336424869
      Shift correction:          -0.0115394099
      E2 (Variational):          -5.0451818968
      Total energy:           -3934.6958210871
      Residual norm:              0.0000006507
      Reference weight:           0.36386

      Contributions to the CASPT2 correlation energy
      Active & Virtual Only:         -0.1183452010
      One Inactive Excited:          -1.0316919971
      Two Inactive Excited:          -3.8836052888


++ Denominators, etc.
--------------------------------------------------------------------------------------------------------------
 Report on small energy denominators, large coefficients, and large energy contributions.
CASE  SYMM ACTIVE-MIX  NON-ACTIVE INDICES          DENOMINATOR     RHS VALUE       COEFFICIENT     CONTRIBUTION
VJTU     1  Mu1.0002  In1.069                       0.55513747     -0.01460518      0.02617748     -0.00038233
VJTU     1  Mu1.0002  In1.073                       0.50926345     -0.01850052      0.03635203     -0.00067253
VJTU     1  Mu1.0007  In1.079                       0.55824057     -0.01596770      0.02512437     -0.00040118
VJTU     1  Mu1.0002  In1.082                       0.44288650      0.01159655     -0.02637516     -0.00030586
VJTU     1  Mu1.0001  In1.086                       0.41197455      0.01574850     -0.03872056     -0.00060979
VJTU     1  Mu1.0002  In1.087                       0.41856821     -0.01572744      0.03860163     -0.00060710
VJTU     1  Mu1.0002  In1.088                       0.38699103     -0.00989245      0.02601862     -0.00025739
VJTU     1  Mu1.0002  In1.092                       0.37542532     -0.01179476      0.03178804     -0.00037493
VJTU     1  Mu1.0002  In1.093                       0.35999251     -0.01067515      0.02971052     -0.00031716
VJTU     1  Mu1.0001  In1.095                       0.33287659      0.01321743     -0.04288490     -0.00056683
VJTU     1  Mu1.0001  In1.096                       0.34121516      0.01744779     -0.05222297     -0.00091118
VJTU     1  Mu1.0002  In1.096                       0.35321848     -0.01200448      0.03487615     -0.00041867
VJTU     1  Mu1.0001  In1.097                       0.30071633      0.02214949     -0.07208664     -0.00159668
VJTU     1  Mu1.0002  In1.097                       0.31271965      0.05225148     -0.16031901     -0.00837691
VJTU     1  Mu1.0008  In1.097                       0.40403141     -0.01434965      0.03316518     -0.00047591
VJTU     1  Mu1.0001  In1.098                       0.28600467      0.00394631     -0.01369313     -0.00005404
VJTU     1  Mu1.0002  In1.098                       0.29800799      0.00137227     -0.00565635     -0.00000776
VJTU     1  Mu1.0001  In1.099                       0.26201624      0.00824475     -0.03027245     -0.00024959
VJTU     1  Mu1.0002  In1.099                       0.27401956      0.04332797     -0.15496839     -0.00671446
VJTU     1  Mu1.0008  In1.099                       0.36533132     -0.01203018      0.03086320     -0.00037129
VJTU     1  Mu1.0001  In1.100                       0.24596481      0.00225222     -0.00968850     -0.00002182
VJTU     1  Mu1.0002  In1.100                       0.25796812     -0.01472586      0.05463499     -0.00080455
VJTU     1  Mu1.0003  In1.100                       0.29279689     -0.00060140      0.00221106     -0.00000133
VJTU     1  Mu1.0004  In1.100                       0.29856484      0.01070846     -0.03386012     -0.00036259
ATVX     1  Mu1.0001  Se1.113                       0.12264809     -0.00056874      0.00302909     -0.00000172
ATVX     1  Mu1.0002  Se1.113                       0.15057561     -0.00877292      0.04164999     -0.00036539
ATVX     1  Mu1.0003  Se1.113                       0.18788364     -0.00049186      0.00311426     -0.00000153
ATVX     1  Mu1.0004  Se1.113                       0.19558792     -0.00099464      0.00699435     -0.00000696
ATVX     1  Mu1.0005  Se1.113                       0.20354890      0.00033204     -0.00159958     -0.00000053
ATVX     1  Mu1.0006  Se1.113                       0.25884726      0.00007303     -0.00019342     -0.00000001
ATVX     1  Mu1.0007  Se1.113                       0.26747867     -0.00016602      0.00064126     -0.00000011
ATVX     1  Mu1.0008  Se1.113                       0.27445604      0.00010212     -0.00036715     -0.00000004
ATVX     1  Mu1.0009  Se1.113                       0.28672245     -0.00011529      0.00029067     -0.00000003
ATVX     1  Mu1.0010  Se1.113                       0.29025691      0.00215473     -0.00756825     -0.00001631
ATVX     1  Mu1.0011  Se1.113                       0.29718624      0.00173914     -0.00544596     -0.00000947
ATVX     1  Mu1.0033  Se1.113                       0.48044099     -0.01395975      0.03153655     -0.00044024
ATVX     1  Mu1.0001  Se1.114                       0.14973105     -0.00056173      0.00421787     -0.00000237
ATVX     1  Mu1.0002  Se1.114                       0.17765857      0.00062926     -0.00304041     -0.00000191
ATVX     1  Mu1.0003  Se1.114                       0.21496660     -0.00169664      0.00692173     -0.00001174
ATVX     1  Mu1.0004  Se1.114                       0.22267088      0.00266772     -0.01025189     -0.00002735
ATVX     1  Mu1.0005  Se1.114                       0.23063186      0.02078283     -0.08341090     -0.00173351
ATVX     1  Mu1.0006  Se1.114                       0.28593022      0.00219658     -0.00721044     -0.00001584
ATVX     1  Mu1.0007  Se1.114                       0.29456163     -0.00276408      0.00907033     -0.00002507
ATVX     1  Mu1.0028  Se1.114                       0.46483117      0.01408083     -0.03318302     -0.00046724
ATVX     1  Mu1.0057  Se1.114                       0.59163455      0.01615596     -0.02924037     -0.00047241
ATVX     1  Mu1.0001  Se1.115                       0.14929879     -0.00000473      0.00024918     -0.00000000
ATVX     1  Mu1.0002  Se1.115                       0.17722630     -0.00415124      0.01963275     -0.00008150
ATVX     1  Mu1.0003  Se1.115                       0.21453433     -0.00047955      0.00150773     -0.00000072
ATVX     1  Mu1.0004  Se1.115                       0.22223861      0.00133020     -0.00521176     -0.00000693
ATVX     1  Mu1.0005  Se1.115                       0.23019960      0.00276702     -0.01114033     -0.00003083
ATVX     1  Mu1.0006  Se1.115                       0.28549796      0.00020711     -0.00072054     -0.00000015
ATVX     1  Mu1.0007  Se1.115                       0.29412936     -0.00037711      0.00122337     -0.00000046
ATVX     1  Mu1.0001  Se1.116                       0.15443434     -0.00004837      0.00019637     -0.00000001
ATVX     1  Mu1.0002  Se1.116                       0.18236185      0.00222637     -0.01002775     -0.00002233
ATVX     1  Mu1.0003  Se1.116                       0.21966988     -0.00047102      0.00178790     -0.00000084
ATVX     1  Mu1.0004  Se1.116                       0.22737416      0.00011030     -0.00033447     -0.00000004
ATVX     1  Mu1.0005  Se1.116                       0.23533515     -0.00010676      0.00041397     -0.00000004
ATVX     1  Mu1.0006  Se1.116                       0.29063351      0.00001226     -0.00004125     -0.00000000
ATVX     1  Mu1.0007  Se1.116                       0.29926491      0.00000673     -0.00002684     -0.00000000
ATVX     1  Mu1.0001  Se1.117                       0.16196237      0.00331951     -0.01427007     -0.00004737
ATVX     1  Mu1.0002  Se1.117                       0.18988989      0.00029051     -0.00126017     -0.00000037
ATVX     1  Mu1.0003  Se1.117                       0.22719792      0.00016288     -0.00028872     -0.00000005
ATVX     1  Mu1.0004  Se1.117                       0.23490220     -0.00007530      0.00022298     -0.00000002
ATVX     1  Mu1.0005  Se1.117                       0.24286318      0.00076501     -0.00296796     -0.00000227
ATVX     1  Mu1.0006  Se1.117                       0.29816155      0.00025209     -0.00078345     -0.00000020
ATVX     1  Mu1.0001  Se1.118                       0.16932354     -0.00199475      0.00804487     -0.00001605
ATVX     1  Mu1.0002  Se1.118                       0.19725106     -0.00014323      0.00059697     -0.00000009
ATVX     1  Mu1.0003  Se1.118                       0.23455908     -0.00018325      0.00047954     -0.00000009
ATVX     1  Mu1.0004  Se1.118                       0.24226336      0.00018053     -0.00061333     -0.00000011
ATVX     1  Mu1.0005  Se1.118                       0.25022435      0.00030057     -0.00094662     -0.00000028
ATVX     1  Mu1.0001  Se1.119                       0.17047149      0.00053885     -0.00213005     -0.00000115
ATVX     1  Mu1.0002  Se1.119                       0.19839901     -0.00614005      0.02782100     -0.00017082
ATVX     1  Mu1.0003  Se1.119                       0.23570703     -0.00036873      0.00096314     -0.00000036
ATVX     1  Mu1.0004  Se1.119                       0.24341132     -0.00009675      0.00026859     -0.00000003
ATVX     1  Mu1.0005  Se1.119                       0.25137230      0.00006909     -0.00028203     -0.00000002
ATVX     1  Mu1.0001  Se1.120                       0.17057037      0.00403027     -0.01606306     -0.00006474
ATVX     1  Mu1.0002  Se1.120                       0.19849789      0.00099239     -0.00439060     -0.00000436
ATVX     1  Mu1.0003  Se1.120                       0.23580592      0.00024601     -0.00038021     -0.00000009
ATVX     1  Mu1.0004  Se1.120                       0.24351020     -0.00000546      0.00001277     -0.00000000
ATVX     1  Mu1.0005  Se1.120                       0.25147118      0.00149621     -0.00546353     -0.00000817
ATVX     1  Mu1.0001  Se1.121                       0.17956218      0.00176865     -0.00500990     -0.00000886
ATVX     1  Mu1.0002  Se1.121                       0.20748970      0.00226489     -0.01011078     -0.00002290
ATVX     1  Mu1.0003  Se1.121                       0.24479773      0.00024128     -0.00047228     -0.00000011
ATVX     1  Mu1.0004  Se1.121                       0.25250201     -0.00031600      0.00108467     -0.00000034
ATVX     1  Mu1.0005  Se1.121                       0.26046299      0.00050195     -0.00186988     -0.00000094
ATVX     1  Mu1.0001  Se1.122                       0.17979130      0.00045860     -0.00129950     -0.00000060
ATVX     1  Mu1.0002  Se1.122                       0.20771882     -0.01065087      0.04790183     -0.00051020
ATVX     1  Mu1.0003  Se1.122                       0.24502684     -0.00024622      0.00049460     -0.00000012
ATVX     1  Mu1.0004  Se1.122                       0.25273112      0.00077722     -0.00228896     -0.00000178
ATVX     1  Mu1.0005  Se1.122                       0.26069211      0.00002468     -0.00017780     -0.00000000
ATVX     1  Mu1.0001  Se1.123                       0.19527305      0.00003585     -0.00016301     -0.00000001
ATVX     1  Mu1.0002  Se1.123                       0.22320056      0.00094312     -0.00383048     -0.00000361
ATVX     1  Mu1.0003  Se1.123                       0.26050859      0.00047625     -0.00139751     -0.00000067
ATVX     1  Mu1.0004  Se1.123                       0.26821287     -0.00010470      0.00056827     -0.00000006
ATVX     1  Mu1.0005  Se1.123                       0.27617386     -0.00008201      0.00025814     -0.00000002
ATVX     1  Mu1.0001  Se1.124                       0.19849317     -0.00804345      0.03643580     -0.00029307
ATVX     1  Mu1.0002  Se1.124                       0.22642069      0.00009897     -0.00039826     -0.00000004
ATVX     1  Mu1.0003  Se1.124                       0.26372872     -0.00039529      0.00114182     -0.00000045
ATVX     1  Mu1.0004  Se1.124                       0.27143300      0.00025593     -0.00088070     -0.00000023
ATVX     1  Mu1.0005  Se1.124                       0.27939399      0.00023967     -0.00113665     -0.00000027
ATVX     1  Mu1.0001  Se1.125                       0.20163104     -0.00038614      0.00180700     -0.00000070
ATVX     1  Mu1.0002  Se1.125                       0.22955855     -0.00011146      0.00044411     -0.00000005
ATVX     1  Mu1.0003  Se1.125                       0.26686658      0.00022291     -0.00065089     -0.00000015
ATVX     1  Mu1.0004  Se1.125                       0.27457086     -0.00025471      0.00094840     -0.00000024
ATVX     1  Mu1.0005  Se1.125                       0.28253185     -0.00318443      0.01117424     -0.00003558
ATVX     1  Mu1.0001  Se1.126                       0.20757964     -0.00010467      0.00045207     -0.00000005
ATVX     1  Mu1.0002  Se1.126                       0.23550716     -0.00193226      0.00786454     -0.00001520
ATVX     1  Mu1.0003  Se1.126                       0.27281519      0.00032313     -0.00090233     -0.00000029
ATVX     1  Mu1.0004  Se1.126                       0.28051947      0.00074268     -0.00219811     -0.00000163
ATVX     1  Mu1.0005  Se1.126                       0.28848045      0.00000832     -0.00002770     -0.00000000
ATVX     1  Mu1.0001  Se1.127                       0.21408931      0.00007599     -0.00031350     -0.00000002
ATVX     1  Mu1.0002  Se1.127                       0.24201683      0.00011128     -0.00043354     -0.00000005
ATVX     1  Mu1.0003  Se1.127                       0.27932486     -0.00023324      0.00071469     -0.00000017
ATVX     1  Mu1.0004  Se1.127                       0.28702914      0.00029577     -0.00104663     -0.00000031
ATVX     1  Mu1.0005  Se1.127                       0.29499012      0.00317007     -0.01072778     -0.00003401
ATVX     1  Mu1.0001  Se1.128                       0.22392599      0.00004073     -0.00007883     -0.00000000
ATVX     1  Mu1.0002  Se1.128                       0.25185350     -0.00133976      0.00493507     -0.00000661
ATVX     1  Mu1.0003  Se1.128                       0.28916153     -0.00034734      0.00089121     -0.00000031
ATVX     1  Mu1.0004  Se1.128                       0.29686581     -0.00022282     -0.00009457      0.00000002
ATVX     1  Mu1.0001  Se1.129                       0.23360198     -0.00320798      0.01003856     -0.00003220
ATVX     1  Mu1.0002  Se1.129                       0.26152949     -0.00248872      0.00799112     -0.00001989
ATVX     1  Mu1.0003  Se1.129                       0.29883752     -0.00047368      0.00108949     -0.00000052
ATVX     1  Mu1.0001  Se1.130                       0.23670730     -0.00007456      0.00018133     -0.00000001
ATVX     1  Mu1.0002  Se1.130                       0.26463482      0.00492288     -0.01550398     -0.00007632
ATVX     1  Mu1.0001  Se1.131                       0.23727559      0.00091227     -0.00227526     -0.00000208
ATVX     1  Mu1.0002  Se1.131                       0.26520311     -0.00000935     -0.00000566      0.00000000
ATVX     1  Mu1.0001  Se1.132                       0.23476334      0.00057133     -0.00166172     -0.00000095
ATVX     1  Mu1.0002  Se1.132                       0.26269086     -0.01469020      0.04703421     -0.00069094
ATVX     1  Mu1.0003  Se1.132                       0.29999888     -0.00065507      0.00148262     -0.00000097
ATVX     1  Mu1.0001  Se1.133                       0.24541785     -0.00000339      0.00005164     -0.00000000
ATVX     1  Mu1.0002  Se1.133                       0.27334536     -0.00433891      0.01592270     -0.00006909
ATVX     1  Mu1.0001  Se1.134                       0.24650795      0.00005780     -0.00023578     -0.00000001
ATVX     1  Mu1.0002  Se1.134                       0.27443547      0.00569983     -0.02040394     -0.00011630
ATVX     1  Mu1.0001  Se1.135                       0.26269745     -0.00007154      0.00031977     -0.00000002
ATVX     1  Mu1.0002  Se1.135                       0.29062497      0.00001063     -0.00003422     -0.00000000
ATVX     1  Mu1.0001  Se1.136                       0.25837788     -0.00015382      0.00058097     -0.00000009
ATVX     1  Mu1.0002  Se1.136                       0.28630539      0.00238877     -0.00734656     -0.00001755
ATVX     1  Mu1.0001  Se1.137                       0.27266654     -0.00169784      0.00397839     -0.00000675
ATVX     1  Mu1.0001  Se1.138                       0.28342435     -0.00017471      0.00051402     -0.00000009
ATVX     1  Mu1.0001  Se1.139                       0.29256023      0.00061787     -0.00192330     -0.00000119
ATVX     1  Mu1.0001  Se1.140                       0.29790279      0.00008497     -0.00049322     -0.00000004
ATVX     1  Mu1.0001  Se1.141                       0.29091586      0.00009490     -0.00021019     -0.00000002
AIVX     1  Mu1.0001  In1.100 Se1.114               0.47440290      0.01184095     -0.03236529     -0.00038324
--

   (Skipping property calculation,
    use PROP keyword to activate)
--

++ CASPT2 computation for group   3

********************************************************************************
 Multi-State initialization phase begins for group   3
--------------------------------------------------------------------------------
********************************************************************************
 Compute H0 matrices for state    3
--------------------------------------------------------------------------------
--------------------------------------------------------------------------------
 H0 matrices have been computed.

********************************************************************************
  CASPT2 EQUATION SOLUTION
--------------------------------------------------------------------------------

  Total nr of CASPT2 parameters:
   Before reduction:  1876168956
   After  reduction:  1876168956

 Variance of |WF0>:      23.4920623215

 The contributions to the second order correlation energy in atomic units.
-----------------------------------------------------------------------------------------------------------------------------
  IT.      VJTU        VJTI        ATVX        AIVX        VJAI        BVAT        BJAT        BJAI        TOTAL       RNORM  
-----------------------------------------------------------------------------------------------------------------------------
   1    -0.087010   -0.029922   -0.016914   -0.155470   -0.390840   -0.088357   -0.773196   -3.516310   -5.058021    0.026061
   2    -0.092800   -0.030164   -0.017000   -0.155846   -0.391390   -0.088708   -0.774963   -3.517383   -5.068254    0.007332
   3    -0.093347   -0.030175   -0.017048   -0.155769   -0.391383   -0.088769   -0.775171   -3.517481   -5.069142    0.001275
   4    -0.093383   -0.030163   -0.017035   -0.155683   -0.391326   -0.088743   -0.775032   -3.517396   -5.068761    0.000259
   5    -0.093389   -0.030161   -0.017033   -0.155676   -0.391321   -0.088738   -0.775014   -3.517386   -5.068719    0.000048
   6    -0.093389   -0.030161   -0.017034   -0.155677   -0.391322   -0.088739   -0.775019   -3.517390   -5.068732    0.000010
   7    -0.093390   -0.030161   -0.017034   -0.155677   -0.391322   -0.088739   -0.775020   -3.517390   -5.068733    0.000002
-----------------------------------------------------------------------------------------------------------------------------

  FINAL CASPT2 RESULT:

      Reference energy:       -3929.6479040074
      E2 (Non-variational):      -5.0687329153
      Shift correction:          -0.0133392758
      E2 (Variational):          -5.0820721910
      Total energy:           -3934.7299761985
      Residual norm:              0.0000004363
      Reference weight:           0.35439

      Contributions to the CASPT2 correlation energy
      Active & Virtual Only:         -0.1057728531
      One Inactive Excited:          -1.0240864297
      Two Inactive Excited:          -3.9388736325


++ Denominators, etc.
--------------------------------------------------------------------------------------------------------------
 Report on small energy denominators, large coefficients, and large energy contributions.
CASE  SYMM ACTIVE-MIX  NON-ACTIVE INDICES          DENOMINATOR     RHS VALUE       COEFFICIENT     CONTRIBUTION
VJTU     1  Mu1.0001  In1.073                       0.57288331     -0.01582083      0.02512298     -0.00039747
VJTU     1  Mu1.0001  In1.079                       0.52296592      0.01614940     -0.02953336     -0.00047695
VJTU     1  Mu1.0001  In1.082                       0.50423301      0.01539820     -0.02683308     -0.00041318
VJTU     1  Mu1.0001  In1.083                       0.50039389      0.01403083     -0.02653457     -0.00037230
VJTU     1  Mu1.0001  In1.089                       0.43573814     -0.02274484      0.04569999     -0.00103944
VJTU     1  Mu1.0002  In1.089                       0.44264509     -0.01651527      0.03584282     -0.00059195
VJTU     1  Mu1.0001  In1.090                       0.43260506     -0.02620630      0.05408873     -0.00141747
VJTU     1  Mu1.0001  In1.091                       0.32354007      0.01375558     -0.04359938     -0.00059973
VJTU     1  Mu1.0002  In1.091                       0.33044702      0.01743365     -0.04838983     -0.00084361
VJTU     1  Mu1.0001  In1.093                       0.37573037     -0.03419394      0.08687209     -0.00297050
VJTU     1  Mu1.0002  In1.093                       0.38263732      0.01703568     -0.04447468     -0.00075766
VJTU     1  Mu1.0001  In1.094                       0.33020054      0.01333637     -0.04432478     -0.00059113
VJTU     1  Mu1.0002  In1.094                       0.33710749      0.00870185     -0.02603183     -0.00022653
VJTU     1  Mu1.0001  In1.097                       0.35689345      0.04813069     -0.12290110     -0.00591531
VJTU     1  Mu1.0002  In1.097                       0.36380040     -0.02934298      0.07501719     -0.00220123
VJTU     1  Mu1.0003  In1.097                       0.38111467     -0.01404418      0.03316467     -0.00046577
VJTU     1  Mu1.0001  In1.098                       0.34956381      0.02062424     -0.04878558     -0.00100617
VJTU     1  Mu1.0001  In1.099                       0.33339338      0.01615814     -0.04723395     -0.00076321
VJTU     1  Mu1.0002  In1.099                       0.34030033     -0.04031987      0.11393568     -0.00459387
VJTU     1  Mu1.0003  In1.099                       0.35761461     -0.01239890      0.03424557     -0.00042461
VJTU     1  Mu1.0001  In1.100                       0.28622862      0.08009292     -0.23762852     -0.01903236
VJTU     1  Mu1.0002  In1.100                       0.29313557      0.05341955     -0.15767842     -0.00842311
VJTU     1  Mu1.0006  In1.100                       0.34475301     -0.03016470      0.08676604     -0.00261727
VJTU     1  Mu1.0009  In1.100                       0.37944791     -0.01014050      0.02660600     -0.00026980
VJTU     1  Mu1.0010  In1.100                       0.38953964      0.01294587     -0.03125578     -0.00040463
VJTU     1  Mu1.0011  In1.100                       0.39016498     -0.01895163      0.04678127     -0.00088658
VJTU     1  Mu1.0014  In1.100                       0.41133130     -0.02837816      0.06304206     -0.00178902
VJTU     1  Mu1.0016  In1.100                       0.41525973     -0.01944671      0.04294409     -0.00083512
VJTU     1  Mu1.0020  In1.100                       0.43009162     -0.01747719      0.03811987     -0.00066623
VJTU     1  Mu1.0021  In1.100                       0.43527144      0.01205233     -0.02634274     -0.00031749
VJTU     1  Mu1.0132  In1.100                       0.66995766     -0.01643440      0.02585656     -0.00042494
VJTU     1  Mu1.0149  In1.100                       0.71432155      0.01817697     -0.02690597     -0.00048907
ATVX     1  Mu1.0001  Se1.113                       0.08726275     -0.00096234      0.00332910     -0.00000320
ATVX     1  Mu1.0002  Se1.113                       0.10511146     -0.00035327      0.00075364     -0.00000027
ATVX     1  Mu1.0003  Se1.113                       0.11469541      0.00051703     -0.00392823     -0.00000203
ATVX     1  Mu1.0004  Se1.113                       0.11936992     -0.00118981      0.00583084     -0.00000694
ATVX     1  Mu1.0005  Se1.113                       0.16526816      0.00021749     -0.00088488     -0.00000019
ATVX     1  Mu1.0006  Se1.113                       0.17927537     -0.00071607      0.00250494     -0.00000179
ATVX     1  Mu1.0007  Se1.113                       0.18597581      0.00065355     -0.00230589     -0.00000151
ATVX     1  Mu1.0008  Se1.113                       0.21072140      0.00110103     -0.00442736     -0.00000487
ATVX     1  Mu1.0009  Se1.113                       0.21392531     -0.00247029      0.00962835     -0.00002378
ATVX     1  Mu1.0010  Se1.113                       0.21871179      0.00087358     -0.00310511     -0.00000271
ATVX     1  Mu1.0011  Se1.113                       0.21936113      0.00029824     -0.00096257     -0.00000029
ATVX     1  Mu1.0012  Se1.113                       0.22475583      0.00190211     -0.00703750     -0.00001339
ATVX     1  Mu1.0013  Se1.113                       0.23071296      0.00141608     -0.00510282     -0.00000723
ATVX     1  Mu1.0014  Se1.113                       0.23301268     -0.00026288      0.00056275     -0.00000015
ATVX     1  Mu1.0015  Se1.113                       0.23749354      0.00179400     -0.00601553     -0.00001079
ATVX     1  Mu1.0016  Se1.113                       0.23943559     -0.00118590      0.00440008     -0.00000522
ATVX     1  Mu1.0017  Se1.113                       0.24734268     -0.00008499      0.00063059     -0.00000005
ATVX     1  Mu1.0018  Se1.113                       0.25156909     -0.00052203      0.00137506     -0.00000072
ATVX     1  Mu1.0019  Se1.113                       0.25272697      0.00006444      0.00001323      0.00000000
ATVX     1  Mu1.0020  Se1.113                       0.25817023     -0.00013472      0.00022856     -0.00000003
ATVX     1  Mu1.0021  Se1.113                       0.26444195     -0.00084360      0.00256135     -0.00000216
ATVX     1  Mu1.0022  Se1.113                       0.26550945     -0.00010498      0.00037081     -0.00000004
ATVX     1  Mu1.0023  Se1.113                       0.29385034     -0.00023382      0.00083083     -0.00000019
ATVX     1  Mu1.0024  Se1.113                       0.29573929     -0.00008244      0.00002029     -0.00000000
ATVX     1  Mu1.0025  Se1.113                       0.29614265     -0.00022269      0.00057851     -0.00000013
ATVX     1  Mu1.0001  Se1.114                       0.12056365     -0.00051020      0.00237584     -0.00000121
ATVX     1  Mu1.0002  Se1.114                       0.13841236      0.00028240     -0.00241717     -0.00000068
ATVX     1  Mu1.0003  Se1.114                       0.14799632      0.00047932     -0.00966405     -0.00000463
ATVX     1  Mu1.0004  Se1.114                       0.15267083     -0.00055756      0.00000122     -0.00000000
ATVX     1  Mu1.0005  Se1.114                       0.19856907      0.00057564     -0.00229204     -0.00000132
ATVX     1  Mu1.0006  Se1.114                       0.21257628     -0.00091726      0.00365378     -0.00000335
ATVX     1  Mu1.0007  Se1.114                       0.21927671     -0.00091049      0.00346095     -0.00000315
ATVX     1  Mu1.0008  Se1.114                       0.24402230      0.00001605     -0.00080552     -0.00000001
ATVX     1  Mu1.0009  Se1.114                       0.24722622     -0.00003514     -0.00015980      0.00000001
ATVX     1  Mu1.0010  Se1.114                       0.25201270      0.00010498     -0.00038254     -0.00000004
ATVX     1  Mu1.0011  Se1.114                       0.25266203     -0.00019024      0.00070727     -0.00000013
ATVX     1  Mu1.0012  Se1.114                       0.25805674     -0.00060751      0.00215444     -0.00000131
ATVX     1  Mu1.0013  Se1.114                       0.26401387      0.00083367     -0.00273851     -0.00000228
ATVX     1  Mu1.0014  Se1.114                       0.26631358     -0.00053336      0.00162728     -0.00000087
ATVX     1  Mu1.0015  Se1.114                       0.27079445     -0.00019843     -0.00001468      0.00000000
ATVX     1  Mu1.0016  Se1.114                       0.27273650     -0.00006587     -0.00014708      0.00000001
ATVX     1  Mu1.0017  Se1.114                       0.28064359     -0.00045253      0.00174982     -0.00000079
ATVX     1  Mu1.0018  Se1.114                       0.28487000      0.00020076     -0.00091171     -0.00000018
ATVX     1  Mu1.0019  Se1.114                       0.28602787      0.00043821     -0.00131670     -0.00000058
ATVX     1  Mu1.0020  Se1.114                       0.29147114     -0.00014665      0.00037394     -0.00000005
ATVX     1  Mu1.0021  Se1.114                       0.29774286     -0.00033945      0.00087542     -0.00000030
ATVX     1  Mu1.0022  Se1.114                       0.29881036      0.00122238     -0.00352741     -0.00000431
ATVX     1  Mu1.0001  Se1.115                       0.12427170      0.00008161     -0.00080528     -0.00000007
ATVX     1  Mu1.0002  Se1.115                       0.14212041      0.00004649     -0.00154030     -0.00000007
ATVX     1  Mu1.0003  Se1.115                       0.15170437      0.00033255     -0.00139980     -0.00000047
ATVX     1  Mu1.0004  Se1.115                       0.15637888     -0.00059777      0.00283402     -0.00000169
ATVX     1  Mu1.0005  Se1.115                       0.20227712      0.00002725     -0.00004023     -0.00000000
ATVX     1  Mu1.0006  Se1.115                       0.21628433     -0.00016411      0.00049288     -0.00000008
ATVX     1  Mu1.0007  Se1.115                       0.22298476      0.00029504     -0.00095699     -0.00000028
ATVX     1  Mu1.0008  Se1.115                       0.24773035      0.00025059     -0.00081244     -0.00000020
ATVX     1  Mu1.0009  Se1.115                       0.25093427     -0.00047642      0.00164933     -0.00000079
ATVX     1  Mu1.0010  Se1.115                       0.25572075      0.00004556     -0.00013169     -0.00000001
ATVX     1  Mu1.0011  Se1.115                       0.25637008      0.00002070     -0.00012553     -0.00000000
ATVX     1  Mu1.0012  Se1.115                       0.26176479      0.00038012     -0.00096297     -0.00000037
ATVX     1  Mu1.0013  Se1.115                       0.26772192      0.00032749     -0.00085227     -0.00000028
ATVX     1  Mu1.0014  Se1.115                       0.27002163      0.00004627     -0.00012972     -0.00000001
ATVX     1  Mu1.0015  Se1.115                       0.27450250      0.00030870     -0.00094228     -0.00000029
ATVX     1  Mu1.0016  Se1.115                       0.27644455     -0.00033334      0.00099883     -0.00000033
ATVX     1  Mu1.0017  Se1.115                       0.28435164     -0.00000834     -0.00000081      0.00000000
ATVX     1  Mu1.0018  Se1.115                       0.28857805     -0.00003966      0.00011044     -0.00000000
ATVX     1  Mu1.0019  Se1.115                       0.28973593      0.00003120     -0.00006813     -0.00000000
ATVX     1  Mu1.0020  Se1.115                       0.29517919     -0.00000316      0.00001846     -0.00000000
ATVX     1  Mu1.0001  Se1.116                       0.13018444      0.00118058     -0.00403582     -0.00000476
ATVX     1  Mu1.0002  Se1.116                       0.14803315      0.00040545     -0.00074687     -0.00000030
ATVX     1  Mu1.0003  Se1.116                       0.15761710      0.00025047     -0.00094499     -0.00000024
ATVX     1  Mu1.0004  Se1.116                       0.16229161     -0.00049461      0.00270983     -0.00000134
ATVX     1  Mu1.0005  Se1.116                       0.20818985     -0.00006566      0.00018779     -0.00000001
ATVX     1  Mu1.0006  Se1.116                       0.22219706     -0.00050696      0.00170717     -0.00000087
ATVX     1  Mu1.0007  Se1.116                       0.22889750      0.00081588     -0.00272899     -0.00000223
ATVX     1  Mu1.0008  Se1.116                       0.25364309      0.00004663     -0.00015580     -0.00000001
ATVX     1  Mu1.0009  Se1.116                       0.25684700     -0.00015986      0.00071933     -0.00000011
ATVX     1  Mu1.0010  Se1.116                       0.26163348     -0.00004702      0.00020872     -0.00000001
ATVX     1  Mu1.0011  Se1.116                       0.26228282      0.00038559     -0.00119721     -0.00000046
ATVX     1  Mu1.0012  Se1.116                       0.26767752     -0.00054859      0.00167904     -0.00000092
ATVX     1  Mu1.0013  Se1.116                       0.27363465     -0.00028181      0.00084281     -0.00000024
ATVX     1  Mu1.0014  Se1.116                       0.27593437      0.00001444     -0.00006662     -0.00000000
ATVX     1  Mu1.0015  Se1.116                       0.28041524      0.00008844     -0.00032203     -0.00000003
ATVX     1  Mu1.0016  Se1.116                       0.28235728      0.00011777     -0.00028593     -0.00000003
ATVX     1  Mu1.0017  Se1.116                       0.29026437      0.00003806     -0.00011836     -0.00000000
ATVX     1  Mu1.0018  Se1.116                       0.29449078      0.00009451     -0.00020844     -0.00000002
ATVX     1  Mu1.0019  Se1.116                       0.29564866     -0.00026634      0.00065797     -0.00000018
ATVX     1  Mu1.0001  Se1.117                       0.13277735      0.00003035     -0.00004245     -0.00000000
ATVX     1  Mu1.0002  Se1.117                       0.15062606     -0.00002574      0.00036226     -0.00000001
ATVX     1  Mu1.0003  Se1.117                       0.16021001      0.00009319     -0.00003999     -0.00000000
ATVX     1  Mu1.0004  Se1.117                       0.16488452      0.00010031     -0.00024537     -0.00000002
ATVX     1  Mu1.0005  Se1.117                       0.21078276      0.00001921     -0.00008866     -0.00000000
ATVX     1  Mu1.0006  Se1.117                       0.22478997      0.00002104     -0.00013773     -0.00000000
ATVX     1  Mu1.0007  Se1.117                       0.23149041      0.00010296     -0.00032689     -0.00000003
ATVX     1  Mu1.0008  Se1.117                       0.25623600      0.00001150      0.00003020      0.00000000
ATVX     1  Mu1.0009  Se1.117                       0.25943991      0.00009570     -0.00026124     -0.00000002
ATVX     1  Mu1.0010  Se1.117                       0.26422639     -0.00012087      0.00042317     -0.00000005
ATVX     1  Mu1.0011  Se1.117                       0.26487573      0.00015748     -0.00052604     -0.00000008
ATVX     1  Mu1.0012  Se1.117                       0.27027043      0.00005608     -0.00017822     -0.00000001
ATVX     1  Mu1.0013  Se1.117                       0.27622756     -0.00021313      0.00061225     -0.00000013
ATVX     1  Mu1.0014  Se1.117                       0.27852727      0.00003993     -0.00012004     -0.00000000
ATVX     1  Mu1.0015  Se1.117                       0.28300814      0.00004709     -0.00011619     -0.00000001
ATVX     1  Mu1.0016  Se1.117                       0.28495019     -0.00005070      0.00017342     -0.00000001
ATVX     1  Mu1.0017  Se1.117                       0.29285728     -0.00002026      0.00005251     -0.00000000
ATVX     1  Mu1.0018  Se1.117                       0.29708369     -0.00000627      0.00003045     -0.00000000
ATVX     1  Mu1.0019  Se1.117                       0.29824157      0.00008830     -0.00027660     -0.00000002
ATVX     1  Mu1.0001  Se1.118                       0.14227083     -0.00005012      0.00043572     -0.00000002
ATVX     1  Mu1.0002  Se1.118                       0.16011954      0.00002216      0.00031208      0.00000001
ATVX     1  Mu1.0003  Se1.118                       0.16970350      0.00008933     -0.00043471     -0.00000004
ATVX     1  Mu1.0004  Se1.118                       0.17437801     -0.00005840      0.00047959     -0.00000003
ATVX     1  Mu1.0005  Se1.118                       0.22027625      0.00010089     -0.00039968     -0.00000004
ATVX     1  Mu1.0006  Se1.118                       0.23428346     -0.00017625      0.00073619     -0.00000013
ATVX     1  Mu1.0007  Se1.118                       0.24098389     -0.00028865      0.00097206     -0.00000028
ATVX     1  Mu1.0008  Se1.118                       0.26572948      0.00012860     -0.00029197     -0.00000004
ATVX     1  Mu1.0009  Se1.118                       0.26893340      0.00020289     -0.00064044     -0.00000013
ATVX     1  Mu1.0010  Se1.118                       0.27371988      0.00004827     -0.00019222     -0.00000001
ATVX     1  Mu1.0011  Se1.118                       0.27436921     -0.00009076      0.00035504     -0.00000003
ATVX     1  Mu1.0012  Se1.118                       0.27976392     -0.00026388      0.00068829     -0.00000018
ATVX     1  Mu1.0013  Se1.118                       0.28572105     -0.00021535      0.00053576     -0.00000012
ATVX     1  Mu1.0014  Se1.118                       0.28802076     -0.00013625      0.00034123     -0.00000005
ATVX     1  Mu1.0015  Se1.118                       0.29250163     -0.00006519      0.00009790     -0.00000001
ATVX     1  Mu1.0016  Se1.118                       0.29444368      0.00012378     -0.00037787     -0.00000005
ATVX     1  Mu1.0001  Se1.119                       0.14222382     -0.00003033     -0.00029204      0.00000001
ATVX     1  Mu1.0002  Se1.119                       0.16007253      0.00005234     -0.00104112     -0.00000005
ATVX     1  Mu1.0003  Se1.119                       0.16965648      0.00013560     -0.00025369     -0.00000003
ATVX     1  Mu1.0004  Se1.119                       0.17433099     -0.00008277      0.00021265     -0.00000002
ATVX     1  Mu1.0005  Se1.119                       0.22022923      0.00008236     -0.00027279     -0.00000002
ATVX     1  Mu1.0006  Se1.119                       0.23423644     -0.00026731      0.00094957     -0.00000025
ATVX     1  Mu1.0007  Se1.119                       0.24093688      0.00005018     -0.00013239     -0.00000001
ATVX     1  Mu1.0008  Se1.119                       0.26568247      0.00031846     -0.00089308     -0.00000028
ATVX     1  Mu1.0009  Se1.119                       0.26888638     -0.00036062      0.00116653     -0.00000042
ATVX     1  Mu1.0010  Se1.119                       0.27367286     -0.00001397      0.00000651     -0.00000000
ATVX     1  Mu1.0011  Se1.119                       0.27432220     -0.00017059      0.00048429     -0.00000008
ATVX     1  Mu1.0012  Se1.119                       0.27971690      0.00028094     -0.00077968     -0.00000022
ATVX     1  Mu1.0013  Se1.119                       0.28567403      0.00016961     -0.00041075     -0.00000007
ATVX     1  Mu1.0014  Se1.119                       0.28797374     -0.00001984      0.00006219     -0.00000000
ATVX     1  Mu1.0015  Se1.119                       0.29245461      0.00009624     -0.00022183     -0.00000002
ATVX     1  Mu1.0016  Se1.119                       0.29439666     -0.00014581      0.00043166     -0.00000006
ATVX     1  Mu1.0001  Se1.120                       0.14869274     -0.00008376      0.00033005     -0.00000003
ATVX     1  Mu1.0002  Se1.120                       0.16654145     -0.00006027      0.00044529     -0.00000003
ATVX     1  Mu1.0003  Se1.120                       0.17612541      0.00018637      0.00023255      0.00000004
ATVX     1  Mu1.0004  Se1.120                       0.18079992      0.00008662      0.00017542      0.00000002
ATVX     1  Mu1.0005  Se1.120                       0.22669816      0.00006326     -0.00024360     -0.00000002
ATVX     1  Mu1.0006  Se1.120                       0.24070537      0.00002371     -0.00018069     -0.00000000
ATVX     1  Mu1.0007  Se1.120                       0.24740580      0.00011219     -0.00031560     -0.00000004
ATVX     1  Mu1.0008  Se1.120                       0.27215139      0.00012695     -0.00015031     -0.00000002
ATVX     1  Mu1.0009  Se1.120                       0.27535531      0.00014849     -0.00034593     -0.00000005
ATVX     1  Mu1.0010  Se1.120                       0.28014179     -0.00018507      0.00061968     -0.00000011
ATVX     1  Mu1.0011  Se1.120                       0.28079112      0.00021356     -0.00069481     -0.00000015
ATVX     1  Mu1.0012  Se1.120                       0.28618583      0.00015720     -0.00046661     -0.00000007
ATVX     1  Mu1.0013  Se1.120                       0.29214296     -0.00029326      0.00082126     -0.00000024
ATVX     1  Mu1.0014  Se1.120                       0.29444267      0.00004899     -0.00016134     -0.00000001
ATVX     1  Mu1.0015  Se1.120                       0.29892354      0.00012529     -0.00030659     -0.00000004
ATVX     1  Mu1.0001  Se1.121                       0.15982368     -0.00012919      0.00032682     -0.00000004
ATVX     1  Mu1.0002  Se1.121                       0.17767239     -0.00018127      0.00128561     -0.00000023
ATVX     1  Mu1.0003  Se1.121                       0.18725634      0.00033530      0.00349596      0.00000117
ATVX     1  Mu1.0004  Se1.121                       0.19193085      0.00053310      0.00001939      0.00000001
ATVX     1  Mu1.0005  Se1.121                       0.23782909      0.00007175     -0.00029246     -0.00000002
ATVX     1  Mu1.0006  Se1.121                       0.25183630      0.00014284     -0.00059990     -0.00000009
ATVX     1  Mu1.0007  Se1.121                       0.25853674      0.00022324     -0.00072732     -0.00000016
ATVX     1  Mu1.0008  Se1.121                       0.28328233      0.00060989     -0.00093429     -0.00000057
ATVX     1  Mu1.0009  Se1.121                       0.28648624      0.00039131     -0.00078921     -0.00000031
ATVX     1  Mu1.0010  Se1.121                       0.29127272     -0.00039318      0.00121544     -0.00000048
ATVX     1  Mu1.0011  Se1.121                       0.29192206      0.00028441     -0.00095137     -0.00000027
ATVX     1  Mu1.0012  Se1.121                       0.29731676      0.00068298     -0.00194877     -0.00000133
ATVX     1  Mu1.0001  Se1.122                       0.18466871      0.00096422     -0.00252959     -0.00000244
ATVX     1  Mu1.0002  Se1.122                       0.20251742      0.00158765     -0.00728752     -0.00001157
ATVX     1  Mu1.0003  Se1.122                       0.21210138      0.00023448     -0.00013529     -0.00000003
ATVX     1  Mu1.0004  Se1.122                       0.21677589     -0.00046794      0.00114439     -0.00000054
ATVX     1  Mu1.0005  Se1.122                       0.26267413     -0.00003483      0.00012016     -0.00000000
ATVX     1  Mu1.0006  Se1.122                       0.27668134     -0.00180357      0.00545941     -0.00000985
ATVX     1  Mu1.0007  Se1.122                       0.28338177      0.00147044     -0.00424573     -0.00000624
ATVX     1  Mu1.0001  Se1.123                       0.16689031      0.00054720     -0.00168991     -0.00000092
ATVX     1  Mu1.0002  Se1.123                       0.18473902     -0.00002131      0.00063118     -0.00000001
ATVX     1  Mu1.0003  Se1.123                       0.19432297      0.00005079     -0.00013744     -0.00000001
ATVX     1  Mu1.0004  Se1.123                       0.19899748     -0.00024273      0.00071600     -0.00000017
ATVX     1  Mu1.0005  Se1.123                       0.24489572     -0.00001472      0.00002924     -0.00000000
ATVX     1  Mu1.0006  Se1.123                       0.25890293     -0.00015795      0.00044162     -0.00000007
ATVX     1  Mu1.0007  Se1.123                       0.26560337      0.00026736     -0.00077958     -0.00000021
ATVX     1  Mu1.0008  Se1.123                       0.29034896      0.00007654     -0.00021935     -0.00000002
ATVX     1  Mu1.0009  Se1.123                       0.29355287     -0.00012175      0.00047431     -0.00000006
ATVX     1  Mu1.0010  Se1.123                       0.29833935     -0.00006023      0.00017340     -0.00000001
ATVX     1  Mu1.0011  Se1.123                       0.29898869      0.00011687     -0.00035982     -0.00000004
ATVX     1  Mu1.0001  Se1.124                       0.16852451     -0.00011115      0.00016917     -0.00000002
ATVX     1  Mu1.0002  Se1.124                       0.18637322     -0.00040578      0.00158192     -0.00000064
ATVX     1  Mu1.0003  Se1.124                       0.19595717      0.00064770     -0.00241153     -0.00000156
ATVX     1  Mu1.0004  Se1.124                       0.20063168      0.00008338     -0.00016893     -0.00000001
ATVX     1  Mu1.0005  Se1.124                       0.24652992      0.00029884     -0.00102712     -0.00000031
ATVX     1  Mu1.0006  Se1.124                       0.26053713     -0.00006450     -0.00018273      0.00000001
ATVX     1  Mu1.0007  Se1.124                       0.26723757      0.00042095     -0.00110723     -0.00000047
ATVX     1  Mu1.0008  Se1.124                       0.29198315      0.00017662     -0.00032565     -0.00000006
ATVX     1  Mu1.0009  Se1.124                       0.29518707      0.00025291     -0.00059407     -0.00000015
ATVX     1  Mu1.0010  Se1.124                       0.29997355     -0.00079190      0.00253485     -0.00000201
ATVX     1  Mu1.0001  Se1.125                       0.17796273     -0.00011833      0.00041897     -0.00000005
ATVX     1  Mu1.0002  Se1.125                       0.19581144     -0.00002280      0.00023482     -0.00000001
ATVX     1  Mu1.0003  Se1.125                       0.20539540      0.00018691      0.00021569      0.00000004
ATVX     1  Mu1.0004  Se1.125                       0.21006991      0.00005471      0.00014339      0.00000001
ATVX     1  Mu1.0005  Se1.125                       0.25596815      0.00011406     -0.00039613     -0.00000005
ATVX     1  Mu1.0006  Se1.125                       0.26997536     -0.00020376      0.00074595     -0.00000015
ATVX     1  Mu1.0007  Se1.125                       0.27667579     -0.00023808      0.00074461     -0.00000018
ATVX     1  Mu1.0001  Se1.126                       0.17647453     -0.00062783      0.00226560     -0.00000142
ATVX     1  Mu1.0002  Se1.126                       0.19432324     -0.00070478      0.00381352     -0.00000269
ATVX     1  Mu1.0003  Se1.126                       0.20390720     -0.00013018     -0.00008013      0.00000001
ATVX     1  Mu1.0004  Se1.126                       0.20858171      0.00008598      0.00026137      0.00000002
ATVX     1  Mu1.0005  Se1.126                       0.25447995     -0.00000565      0.00000119     -0.00000000
ATVX     1  Mu1.0006  Se1.126                       0.26848716      0.00110314     -0.00342457     -0.00000378
ATVX     1  Mu1.0007  Se1.126                       0.27518759     -0.00093188      0.00275772     -0.00000257
ATVX     1  Mu1.0008  Se1.126                       0.29993318     -0.00039489      0.00107658     -0.00000043
ATVX     1  Mu1.0001  Se1.127                       0.20535512      0.00049268     -0.00161954     -0.00000080
ATVX     1  Mu1.0002  Se1.127                       0.22320383     -0.00006783     -0.00027966      0.00000002
ATVX     1  Mu1.0003  Se1.127                       0.23278779     -0.00056243     -0.00252472      0.00000142
ATVX     1  Mu1.0004  Se1.127                       0.23746230     -0.00034547     -0.00045528      0.00000016
ATVX     1  Mu1.0005  Se1.127                       0.28336054     -0.00007327      0.00022937     -0.00000002
ATVX     1  Mu1.0006  Se1.127                       0.29736775      0.00057106     -0.00198569     -0.00000113
ATVX     1  Mu1.0001  Se1.128                       0.19525249     -0.00128414      0.00423051     -0.00000543
ATVX     1  Mu1.0002  Se1.128                       0.21310120     -0.00002728     -0.00068174      0.00000002
ATVX     1  Mu1.0003  Se1.128                       0.22268515      0.00014285     -0.00047982     -0.00000007
ATVX     1  Mu1.0004  Se1.128                       0.22735966      0.00008586      0.00010820      0.00000001
ATVX     1  Mu1.0005  Se1.128                       0.27325790      0.00001992     -0.00003301     -0.00000000
ATVX     1  Mu1.0006  Se1.128                       0.28726511      0.00017547     -0.00047907     -0.00000008
ATVX     1  Mu1.0007  Se1.128                       0.29396555     -0.00032840      0.00095869     -0.00000031
ATVX     1  Mu1.0001  Se1.129                       0.19720005      0.00010356     -0.00048625     -0.00000005
ATVX     1  Mu1.0002  Se1.129                       0.21504876      0.00012625     -0.00030702     -0.00000004
ATVX     1  Mu1.0003  Se1.129                       0.22463271      0.00047743      0.00065182      0.00000031
ATVX     1  Mu1.0004  Se1.129                       0.22930723     -0.00022608      0.00212907     -0.00000048
ATVX     1  Mu1.0005  Se1.129                       0.27520546     -0.00001447      0.00000574     -0.00000000
ATVX     1  Mu1.0006  Se1.129                       0.28921267      0.00000114      0.00022254      0.00000000
ATVX     1  Mu1.0007  Se1.129                       0.29591311     -0.00010233      0.00016805     -0.00000002
ATVX     1  Mu1.0001  Se1.130                       0.20825933      0.00057371     -0.00316336     -0.00000181
ATVX     1  Mu1.0002  Se1.130                       0.22610804      0.00041801     -0.00162583     -0.00000068
ATVX     1  Mu1.0003  Se1.130                       0.23569199     -0.00005552      0.00013050     -0.00000001
ATVX     1  Mu1.0004  Se1.130                       0.24036650      0.00029608     -0.00053485     -0.00000016
ATVX     1  Mu1.0005  Se1.130                       0.28626474     -0.00003637      0.00012181     -0.00000000
ATVX     1  Mu1.0001  Se1.131                       0.20979791      0.00003166     -0.00014195     -0.00000000
ATVX     1  Mu1.0002  Se1.131                       0.22764662     -0.00003035      0.00016769     -0.00000001
ATVX     1  Mu1.0003  Se1.131                       0.23723057     -0.00001586      0.00082230     -0.00000001
ATVX     1  Mu1.0004  Se1.131                       0.24190508     -0.00003223      0.00045442     -0.00000001
ATVX     1  Mu1.0005  Se1.131                       0.28780332      0.00001630     -0.00005215     -0.00000000
ATVX     1  Mu1.0001  Se1.132                       0.21791386      0.00050159     -0.00183408     -0.00000092
ATVX     1  Mu1.0002  Se1.132                       0.23576257      0.00161661     -0.00606291     -0.00000980
ATVX     1  Mu1.0003  Se1.132                       0.24534653     -0.00004865      0.00097760     -0.00000005
ATVX     1  Mu1.0004  Se1.132                       0.25002104     -0.00006873     -0.00035705      0.00000002
ATVX     1  Mu1.0005  Se1.132                       0.29591927      0.00011655     -0.00036095     -0.00000004
ATVX     1  Mu1.0001  Se1.133                       0.21810160      0.00101503     -0.00528989     -0.00000537
ATVX     1  Mu1.0002  Se1.133                       0.23595031      0.00004999      0.00021727      0.00000001
ATVX     1  Mu1.0003  Se1.133                       0.24553427     -0.00004061     -0.00024644      0.00000001
ATVX     1  Mu1.0004  Se1.133                       0.25020878      0.00041785     -0.00075812     -0.00000032
ATVX     1  Mu1.0005  Se1.133                       0.29610701     -0.00008177      0.00024901     -0.00000002
ATVX     1  Mu1.0001  Se1.134                       0.22854343     -0.00109399      0.00213285     -0.00000233
ATVX     1  Mu1.0002  Se1.134                       0.24639214     -0.00143819      0.00221584     -0.00000319
ATVX     1  Mu1.0003  Se1.134                       0.25597609      0.00011855      0.00020005      0.00000002
ATVX     1  Mu1.0004  Se1.134                       0.26065060     -0.00005385     -0.00046500      0.00000003
ATVX     1  Mu1.0001  Se1.135                       0.23468061     -0.00002474      0.00009246     -0.00000000
ATVX     1  Mu1.0002  Se1.135                       0.25252932      0.00004024     -0.00014070     -0.00000001
ATVX     1  Mu1.0003  Se1.135                       0.26211328      0.00011567     -0.00019424     -0.00000002
ATVX     1  Mu1.0004  Se1.135                       0.26678779      0.00005387     -0.00006411     -0.00000000
ATVX     1  Mu1.0001  Se1.136                       0.26109911      0.00077043     -0.00121376     -0.00000094
ATVX     1  Mu1.0002  Se1.136                       0.27894782     -0.00000106      0.00068196     -0.00000000
ATVX     1  Mu1.0003  Se1.136                       0.28853178      0.00084220     -0.00176450     -0.00000149
ATVX     1  Mu1.0004  Se1.136                       0.29320629     -0.00223347      0.00732703     -0.00001636
ATVX     1  Mu1.0001  Se1.137                       0.25611960      0.00024036     -0.00049639     -0.00000012
ATVX     1  Mu1.0002  Se1.137                       0.27396831      0.00020346     -0.00105430     -0.00000021
ATVX     1  Mu1.0003  Se1.137                       0.28355226     -0.00108566     -0.00104480      0.00000113
ATVX     1  Mu1.0004  Se1.137                       0.28822677     -0.00048179     -0.00070806      0.00000034
ATVX     1  Mu1.0001  Se1.138                       0.25100164     -0.00047859      0.00199323     -0.00000095
ATVX     1  Mu1.0002  Se1.138                       0.26885035      0.00023763     -0.00027704     -0.00000007
ATVX     1  Mu1.0003  Se1.138                       0.27843431      0.00012472     -0.00099721     -0.00000012
ATVX     1  Mu1.0004  Se1.138                       0.28310882     -0.00036455      0.00188616     -0.00000069
ATVX     1  Mu1.0001  Se1.139                       0.26253704      0.00141961     -0.00269076     -0.00000382
ATVX     1  Mu1.0002  Se1.139                       0.28038575      0.00076886     -0.00061194     -0.00000047
ATVX     1  Mu1.0003  Se1.139                       0.28996971     -0.00031205      0.00129620     -0.00000040
ATVX     1  Mu1.0004  Se1.139                       0.29464422      0.00046187     -0.00229429     -0.00000106
ATVX     1  Mu1.0001  Se1.140                       0.26151438     -0.00059515      0.00099067     -0.00000059
ATVX     1  Mu1.0002  Se1.140                       0.27936309     -0.00010410      0.00029382     -0.00000003
ATVX     1  Mu1.0003  Se1.140                       0.28894704     -0.00054679      0.00412820     -0.00000226
ATVX     1  Mu1.0004  Se1.140                       0.29362155      0.00099868     -0.00219646     -0.00000219
ATVX     1  Mu1.0001  Se1.141                       0.27775125     -0.00115337      0.00170974     -0.00000197
ATVX     1  Mu1.0002  Se1.141                       0.29559996     -0.00096985      0.00268244     -0.00000260
ATVX     1  Mu1.0001  Se1.142                       0.28353063     -0.00011850      0.00039591     -0.00000005
ATVX     1  Mu1.0001  Se1.143                       0.28695666     -0.00154108      0.00254076     -0.00000392
ATVX     1  Mu1.0001  Se1.144                       0.28735427     -0.00077459      0.00062109     -0.00000048
ATVX     1  Mu1.0001  Se1.145                       0.28814437      0.00071663     -0.00043669     -0.00000031
--

   (Skipping property calculation,
    use PROP keyword to activate)
--

++ CASPT2 computation for group   4

********************************************************************************
 Multi-State initialization phase begins for group   4
--------------------------------------------------------------------------------
********************************************************************************
 Compute H0 matrices for state    4
--------------------------------------------------------------------------------
--------------------------------------------------------------------------------
 H0 matrices have been computed.

********************************************************************************
  CASPT2 EQUATION SOLUTION
--------------------------------------------------------------------------------

  Total nr of CASPT2 parameters:
   Before reduction:  1876168956
   After  reduction:  1876168956

 Variance of |WF0>:      23.4723286235

 The contributions to the second order correlation energy in atomic units.
-----------------------------------------------------------------------------------------------------------------------------
  IT.      VJTU        VJTI        ATVX        AIVX        VJAI        BVAT        BJAT        BJAI        TOTAL       RNORM  
-----------------------------------------------------------------------------------------------------------------------------
   1    -0.043924   -0.022090   -0.025764   -0.159318   -0.347056   -0.088901   -0.822890   -3.512637   -5.022581    0.018382
   2    -0.047233   -0.022225   -0.026678   -0.160290   -0.347542   -0.089189   -0.824428   -3.513698   -5.031284    0.007456
   3    -0.047486   -0.022240   -0.026756   -0.160262   -0.347576   -0.089234   -0.824451   -3.513711   -5.031716    0.001119
   4    -0.047503   -0.022231   -0.026723   -0.160167   -0.347533   -0.089203   -0.824309   -3.513605   -5.031274    0.000272
   5    -0.047503   -0.022230   -0.026721   -0.160162   -0.347532   -0.089200   -0.824304   -3.513603   -5.031256    0.000043
   6    -0.047503   -0.022231   -0.026721   -0.160165   -0.347534   -0.089201   -0.824310   -3.513608   -5.031272    0.000013
   7    -0.047503   -0.022231   -0.026721   -0.160165   -0.347534   -0.089202   -0.824310   -3.513608   -5.031273    0.000002
-----------------------------------------------------------------------------------------------------------------------------

  FINAL CASPT2 RESULT:

      Reference energy:       -3929.6430664999
      E2 (Non-variational):      -5.0312718770
      Shift correction:          -0.0112646158
      E2 (Variational):          -5.0425364928
      Total energy:           -3934.6856029927
      Residual norm:              0.0000005874
      Reference weight:           0.36469

      Contributions to the CASPT2 correlation energy
      Active & Virtual Only:         -0.1159221777
      One Inactive Excited:          -1.0319774903
      Two Inactive Excited:          -3.8833722091


++ Denominators, etc.
--------------------------------------------------------------------------------------------------------------
 Report on small energy denominators, large coefficients, and large energy contributions.
CASE  SYMM ACTIVE-MIX  NON-ACTIVE INDICES          DENOMINATOR     RHS VALUE       COEFFICIENT     CONTRIBUTION
VJTU     1  Mu1.0001  In1.085                       0.40799512      0.01015906     -0.02547212     -0.00025877
VJTU     1  Mu1.0001  In1.087                       0.40195607      0.01780768     -0.04548341     -0.00080995
VJTU     1  Mu1.0002  In1.088                       0.39770557      0.01280099     -0.03270111     -0.00041861
VJTU     1  Mu1.0002  In1.089                       0.40448672      0.01176326     -0.03000789     -0.00035299
VJTU     1  Mu1.0002  In1.093                       0.37074780      0.00957757     -0.02645486     -0.00025337
VJTU     1  Mu1.0001  In1.094                       0.34910309     -0.00939080      0.02664080     -0.00025018
VJTU     1  Mu1.0002  In1.094                       0.37480353     -0.01014348      0.02745056     -0.00027844
VJTU     1  Mu1.0001  In1.095                       0.32660472     -0.00768631      0.02542556     -0.00019543
VJTU     1  Mu1.0001  In1.096                       0.33901069     -0.01577452      0.04775368     -0.00075329
VJTU     1  Mu1.0002  In1.096                       0.36471113      0.01637512     -0.04615762     -0.00075584
VJTU     1  Mu1.0001  In1.097                       0.30249649     -0.04244439      0.13652143     -0.00579457
VJTU     1  Mu1.0002  In1.097                       0.32819693     -0.04007727      0.11718426     -0.00469642
VJTU     1  Mu1.0006  In1.097                       0.41237086      0.01269931     -0.02854769     -0.00036254
VJTU     1  Mu1.0001  In1.098                       0.28012152     -0.00695806      0.02486416     -0.00017301
VJTU     1  Mu1.0001  In1.099                       0.25515249     -0.02348644      0.09021515     -0.00211883
VJTU     1  Mu1.0002  In1.099                       0.28085293     -0.03414486      0.12042814     -0.00411200
VJTU     1  Mu1.0006  In1.099                       0.36502686      0.01081830     -0.02676737     -0.00028958
VJTU     1  Mu1.0001  In1.100                       0.23913964      0.00374459     -0.01407763     -0.00005271
VJTU     1  Mu1.0002  In1.100                       0.26484008      0.01476794     -0.05432806     -0.00080231
VJTU     1  Mu1.0003  In1.100                       0.29101025     -0.00073255      0.00254226     -0.00000186
VJTU     1  Mu1.0025  In1.100                       0.45699845      0.01208344     -0.02795567     -0.00033780
ATVX     1  Mu1.0001  Se1.113                       0.11932683      0.00020883     -0.00344027     -0.00000072
ATVX     1  Mu1.0002  Se1.113                       0.15349092     -0.00984863      0.04620627     -0.00045507
ATVX     1  Mu1.0003  Se1.113                       0.18152498     -0.00248139      0.00912833     -0.00002265
ATVX     1  Mu1.0004  Se1.113                       0.20411133      0.00208431     -0.00690197     -0.00001439
ATVX     1  Mu1.0005  Se1.113                       0.21315292      0.01478894     -0.06087138     -0.00090022
ATVX     1  Mu1.0006  Se1.113                       0.24693514      0.00041345     -0.00158236     -0.00000065
ATVX     1  Mu1.0007  Se1.113                       0.26236401     -0.00195036      0.00667962     -0.00001303
ATVX     1  Mu1.0008  Se1.113                       0.28436846     -0.00090155      0.00300837     -0.00000271
ATVX     1  Mu1.0009  Se1.113                       0.28502504      0.00187353     -0.00610227     -0.00001143
ATVX     1  Mu1.0010  Se1.113                       0.29388117     -0.00028044      0.00102733     -0.00000029
ATVX     1  Mu1.0011  Se1.113                       0.29803062      0.00052740     -0.00184119     -0.00000097
ATVX     1  Mu1.0012  Se1.113                       0.29920965      0.00050845     -0.00166634     -0.00000085
ATVX     1  Mu1.0028  Se1.113                       0.44141607     -0.01288184      0.02965927     -0.00038207
ATVX     1  Mu1.0036  Se1.113                       0.50351944     -0.01298463      0.02855026     -0.00037071
ATVX     1  Mu1.0001  Se1.114                       0.14676944     -0.00021505      0.00121996     -0.00000026
ATVX     1  Mu1.0002  Se1.114                       0.18093353     -0.00012990      0.00074690     -0.00000010
ATVX     1  Mu1.0003  Se1.114                       0.20896759      0.00066725     -0.00183481     -0.00000122
ATVX     1  Mu1.0004  Se1.114                       0.23155393      0.00155818     -0.00481926     -0.00000751
ATVX     1  Mu1.0005  Se1.114                       0.24059552      0.00020037     -0.00035155     -0.00000007
ATVX     1  Mu1.0006  Se1.114                       0.27437775     -0.00044097      0.00095783     -0.00000042
ATVX     1  Mu1.0007  Se1.114                       0.28980661      0.00013398     -0.00034798     -0.00000005
ATVX     1  Mu1.0038  Se1.114                       0.54014575     -0.01238741      0.02560380     -0.00031716
ATVX     1  Mu1.0001  Se1.115                       0.14287243      0.00138891     -0.00797914     -0.00001108
ATVX     1  Mu1.0002  Se1.115                       0.17703652     -0.00266903      0.01305529     -0.00003484
ATVX     1  Mu1.0003  Se1.115                       0.20507058      0.00060920     -0.00184468     -0.00000112
ATVX     1  Mu1.0004  Se1.115                       0.22765692      0.00054804     -0.00218825     -0.00000120
ATVX     1  Mu1.0005  Se1.115                       0.23669851     -0.00372852      0.01373240     -0.00005120
ATVX     1  Mu1.0006  Se1.115                       0.27048074     -0.00011205      0.00036902     -0.00000004
ATVX     1  Mu1.0007  Se1.115                       0.28590960      0.00047374     -0.00152849     -0.00000072
ATVX     1  Mu1.0001  Se1.116                       0.14963060      0.00310482     -0.01735825     -0.00005389
ATVX     1  Mu1.0002  Se1.116                       0.18379469      0.00238288     -0.01096933     -0.00002614
ATVX     1  Mu1.0003  Se1.116                       0.21182875      0.00000942     -0.00008696     -0.00000000
ATVX     1  Mu1.0004  Se1.116                       0.23441510     -0.00002583      0.00022885     -0.00000001
ATVX     1  Mu1.0005  Se1.116                       0.24345669      0.00203804     -0.00740100     -0.00001508
ATVX     1  Mu1.0006  Se1.116                       0.27723892      0.00006592     -0.00020149     -0.00000001
ATVX     1  Mu1.0007  Se1.116                       0.29266778     -0.00007593      0.00010398     -0.00000001
ATVX     1  Mu1.0001  Se1.117                       0.15876829     -0.00008495      0.00042686     -0.00000004
ATVX     1  Mu1.0002  Se1.117                       0.19293238      0.00021967     -0.00091723     -0.00000020
ATVX     1  Mu1.0003  Se1.117                       0.22096644     -0.00012196      0.00028967     -0.00000004
ATVX     1  Mu1.0004  Se1.117                       0.24355278     -0.00031077      0.00105491     -0.00000033
ATVX     1  Mu1.0005  Se1.117                       0.25259437     -0.00007840      0.00029773     -0.00000002
ATVX     1  Mu1.0006  Se1.117                       0.28637660     -0.00011151      0.00024469     -0.00000003
ATVX     1  Mu1.0001  Se1.118                       0.16611653      0.00000544     -0.00003950     -0.00000000
ATVX     1  Mu1.0002  Se1.118                       0.20028062     -0.00009840      0.00043256     -0.00000004
ATVX     1  Mu1.0003  Se1.118                       0.22831468      0.00004865     -0.00025533     -0.00000001
ATVX     1  Mu1.0004  Se1.118                       0.25090102      0.00016871     -0.00059525     -0.00000010
ATVX     1  Mu1.0005  Se1.118                       0.25994261     -0.00000947      0.00004931     -0.00000000
ATVX     1  Mu1.0006  Se1.118                       0.29372484     -0.00023053      0.00072252     -0.00000017
ATVX     1  Mu1.0001  Se1.119                       0.17176652     -0.00049317      0.00245297     -0.00000121
ATVX     1  Mu1.0002  Se1.119                       0.20593061     -0.00745498      0.03393856     -0.00025301
ATVX     1  Mu1.0003  Se1.119                       0.23396467      0.00099023     -0.00290803     -0.00000288
ATVX     1  Mu1.0004  Se1.119                       0.25655101      0.00006944     -0.00047985     -0.00000003
ATVX     1  Mu1.0005  Se1.119                       0.26559260     -0.00405681      0.01335476     -0.00005418
ATVX     1  Mu1.0006  Se1.119                       0.29937483     -0.00011403      0.00034270     -0.00000004
ATVX     1  Mu1.0001  Se1.120                       0.17961719      0.00003011     -0.00014887     -0.00000000
ATVX     1  Mu1.0002  Se1.120                       0.21378128     -0.00003096      0.00006677     -0.00000000
ATVX     1  Mu1.0003  Se1.120                       0.24181534      0.00007217     -0.00015712     -0.00000001
ATVX     1  Mu1.0004  Se1.120                       0.26440168      0.00011328     -0.00032412     -0.00000004
ATVX     1  Mu1.0005  Se1.120                       0.27344327      0.00012100     -0.00039640     -0.00000005
ATVX     1  Mu1.0001  Se1.121                       0.17102761     -0.00007195      0.00034204     -0.00000002
ATVX     1  Mu1.0002  Se1.121                       0.20519170      0.00013283     -0.00046466     -0.00000006
ATVX     1  Mu1.0003  Se1.121                       0.23322576     -0.00015490      0.00030104     -0.00000005
ATVX     1  Mu1.0004  Se1.121                       0.25581210     -0.00024020      0.00073469     -0.00000018
ATVX     1  Mu1.0005  Se1.121                       0.26485369     -0.00022815      0.00078852     -0.00000018
ATVX     1  Mu1.0006  Se1.121                       0.29863592     -0.00027841      0.00073622     -0.00000020
ATVX     1  Mu1.0001  Se1.122                       0.17830713     -0.00032271      0.00144940     -0.00000047
ATVX     1  Mu1.0002  Se1.122                       0.21247122     -0.00808440      0.03654909     -0.00029548
ATVX     1  Mu1.0003  Se1.122                       0.24050528      0.00031415     -0.00067822     -0.00000021
ATVX     1  Mu1.0004  Se1.122                       0.26309162      0.00101683     -0.00341365     -0.00000347
ATVX     1  Mu1.0005  Se1.122                       0.27213321     -0.00282736      0.00890515     -0.00002518
ATVX     1  Mu1.0001  Se1.123                       0.19314742      0.00159193     -0.00718848     -0.00001144
ATVX     1  Mu1.0002  Se1.123                       0.22731151      0.00121376     -0.00507324     -0.00000616
ATVX     1  Mu1.0003  Se1.123                       0.25534557     -0.00064590      0.00181018     -0.00000117
ATVX     1  Mu1.0004  Se1.123                       0.27793192     -0.00057309      0.00183721     -0.00000105
ATVX     1  Mu1.0005  Se1.123                       0.28697350      0.00042831     -0.00132600     -0.00000057
ATVX     1  Mu1.0001  Se1.124                       0.19604586      0.00019340     -0.00075899     -0.00000015
ATVX     1  Mu1.0002  Se1.124                       0.23020995      0.00008701     -0.00023514     -0.00000002
ATVX     1  Mu1.0003  Se1.124                       0.25824401      0.00029697     -0.00078259     -0.00000023
ATVX     1  Mu1.0004  Se1.124                       0.28083035      0.00055456     -0.00193685     -0.00000107
ATVX     1  Mu1.0005  Se1.124                       0.28987194      0.00028854     -0.00083055     -0.00000024
ATVX     1  Mu1.0001  Se1.125                       0.20106554      0.00005526     -0.00029152     -0.00000002
ATVX     1  Mu1.0002  Se1.125                       0.23522963     -0.00008930      0.00027515     -0.00000002
ATVX     1  Mu1.0003  Se1.125                       0.26326369     -0.00010911      0.00002224     -0.00000000
ATVX     1  Mu1.0004  Se1.125                       0.28585003      0.00001945     -0.00026631     -0.00000001
ATVX     1  Mu1.0005  Se1.125                       0.29489162      0.00004174     -0.00014913     -0.00000001
ATVX     1  Mu1.0001  Se1.126                       0.20488115      0.00022269     -0.00103306     -0.00000023
ATVX     1  Mu1.0002  Se1.126                       0.23904524     -0.00176995      0.00686005     -0.00001214
ATVX     1  Mu1.0003  Se1.126                       0.26707930     -0.00056327      0.00171434     -0.00000097
ATVX     1  Mu1.0004  Se1.126                       0.28966564      0.00084596     -0.00259386     -0.00000219
ATVX     1  Mu1.0005  Se1.126                       0.29870723     -0.00068305      0.00214198     -0.00000146
ATVX     1  Mu1.0001  Se1.127                       0.21302304     -0.00005914      0.00028511     -0.00000002
ATVX     1  Mu1.0002  Se1.127                       0.24718713      0.00006960     -0.00021334     -0.00000001
ATVX     1  Mu1.0003  Se1.127                       0.27522119      0.00008647     -0.00002507     -0.00000000
ATVX     1  Mu1.0004  Se1.127                       0.29780753     -0.00001861      0.00021832     -0.00000000
ATVX     1  Mu1.0001  Se1.128                       0.22076629     -0.00597284      0.02421966     -0.00014466
ATVX     1  Mu1.0002  Se1.128                       0.25493038     -0.00156136      0.00618008     -0.00000965
ATVX     1  Mu1.0003  Se1.128                       0.28296444      0.00079821     -0.00192193     -0.00000153
ATVX     1  Mu1.0001  Se1.129                       0.23123153      0.00006568     -0.00028563     -0.00000002
ATVX     1  Mu1.0002  Se1.129                       0.26539562     -0.00244012      0.00784956     -0.00001915
ATVX     1  Mu1.0003  Se1.129                       0.29342968      0.00012805     -0.00040440     -0.00000005
ATVX     1  Mu1.0001  Se1.130                       0.23564078      0.00496184     -0.01677933     -0.00008326
ATVX     1  Mu1.0002  Se1.130                       0.26980487      0.00485871     -0.01511722     -0.00007345
ATVX     1  Mu1.0003  Se1.130                       0.29783893     -0.00109125      0.00319832     -0.00000349
ATVX     1  Mu1.0001  Se1.131                       0.23409662      0.00011460     -0.00031117     -0.00000004
ATVX     1  Mu1.0002  Se1.131                       0.26826071     -0.00022368      0.00068325     -0.00000015
ATVX     1  Mu1.0003  Se1.131                       0.29629477     -0.00005401      0.00012041     -0.00000001
ATVX     1  Mu1.0001  Se1.132                       0.23232944      0.00142279     -0.00418098     -0.00000595
ATVX     1  Mu1.0002  Se1.132                       0.26649353     -0.01396967      0.04483479     -0.00062633
ATVX     1  Mu1.0003  Se1.132                       0.29452759      0.00126921     -0.00323806     -0.00000411
ATVX     1  Mu1.0001  Se1.133                       0.24473955      0.00332245     -0.01013803     -0.00003368
ATVX     1  Mu1.0002  Se1.133                       0.27890364     -0.00277504      0.01086423     -0.00003015
ATVX     1  Mu1.0001  Se1.134                       0.24680742      0.00210944     -0.00674199     -0.00001422
ATVX     1  Mu1.0002  Se1.134                       0.28097151      0.00441193     -0.01641740     -0.00007243
ATVX     1  Mu1.0001  Se1.135                       0.26154812      0.00005744     -0.00021857     -0.00000001
ATVX     1  Mu1.0002  Se1.135                       0.29571221     -0.00000967      0.00002998     -0.00000000
ATVX     1  Mu1.0001  Se1.136                       0.25473372      0.00247951     -0.00805427     -0.00001997
ATVX     1  Mu1.0002  Se1.136                       0.28889781      0.00386159     -0.01196653     -0.00004621
ATVX     1  Mu1.0001  Se1.137                       0.27250798      0.00002273     -0.00003537     -0.00000000
ATVX     1  Mu1.0001  Se1.138                       0.27986599     -0.00016145      0.00025881     -0.00000004
ATVX     1  Mu1.0001  Se1.139                       0.28730165     -0.00063407      0.00295118     -0.00000187
ATVX     1  Mu1.0001  Se1.140                       0.29507862     -0.00024012      0.00078610     -0.00000019
ATVX     1  Mu1.0001  Se1.141                       0.29069175      0.00057559      0.00036104      0.00000021
--

   (Skipping property calculation,
    use PROP keyword to activate)
--

++ CASPT2 computation for group   5

********************************************************************************
 Multi-State initialization phase begins for group   5
--------------------------------------------------------------------------------
********************************************************************************
 Compute H0 matrices for state    5
--------------------------------------------------------------------------------
--------------------------------------------------------------------------------
 H0 matrices have been computed.

********************************************************************************
  CASPT2 EQUATION SOLUTION
--------------------------------------------------------------------------------

  Total nr of CASPT2 parameters:
   Before reduction:  1876168956
   After  reduction:  1876168956

 Variance of |WF0>:      23.4900789226

 The contributions to the second order correlation energy in atomic units.
-----------------------------------------------------------------------------------------------------------------------------
  IT.      VJTU        VJTI        ATVX        AIVX        VJAI        BVAT        BJAT        BJAI        TOTAL       RNORM  
-----------------------------------------------------------------------------------------------------------------------------
   1    -0.042465   -0.022290   -0.025749   -0.155201   -0.346160   -0.090793   -0.828693   -3.512881   -5.024232    0.018812
   2    -0.045789   -0.022425   -0.026781   -0.156108   -0.346621   -0.091101   -0.830240   -3.513927   -5.032991    0.008006
   3    -0.046052   -0.022435   -0.026875   -0.156078   -0.346645   -0.091151   -0.830269   -3.513953   -5.033458    0.001223
   4    -0.046059   -0.022426   -0.026854   -0.155978   -0.346601   -0.091116   -0.830116   -3.513840   -5.032990    0.000275
   5    -0.046059   -0.022425   -0.026852   -0.155974   -0.346600   -0.091113   -0.830109   -3.513836   -5.032968    0.000044
   6    -0.046058   -0.022425   -0.026853   -0.155976   -0.346601   -0.091114   -0.830115   -3.513841   -5.032983    0.000014
   7    -0.046058   -0.022425   -0.026853   -0.155977   -0.346601   -0.091114   -0.830115   -3.513841   -5.032984    0.000002
-----------------------------------------------------------------------------------------------------------------------------

  FINAL CASPT2 RESULT:

      Reference energy:       -3929.6316509593
      E2 (Non-variational):      -5.0329833093
      Shift correction:          -0.0118471098
      E2 (Variational):          -5.0448304191
      Total energy:           -3934.6764813783
      Residual norm:              0.0000007359
      Reference weight:           0.36421

      Contributions to the CASPT2 correlation energy
      Active & Virtual Only:         -0.1179666526
      One Inactive Excited:          -1.0321491825
      Two Inactive Excited:          -3.8828674742


++ Denominators, etc.
--------------------------------------------------------------------------------------------------------------
 Report on small energy denominators, large coefficients, and large energy contributions.
CASE  SYMM ACTIVE-MIX  NON-ACTIVE INDICES          DENOMINATOR     RHS VALUE       COEFFICIENT     CONTRIBUTION
VJTU     1  Mu1.0003  In1.074                       0.51534717     -0.01515731      0.02930507     -0.00044419
VJTU     1  Mu1.0003  In1.087                       0.38775294     -0.01109171      0.02973624     -0.00032983
VJTU     1  Mu1.0003  In1.094                       0.38138862      0.01045235     -0.02757536     -0.00028823
VJTU     1  Mu1.0001  In1.095                       0.32569896     -0.02368777      0.07615142     -0.00180386
VJTU     1  Mu1.0001  In1.096                       0.28156956     -0.00283913      0.00957198     -0.00002718
VJTU     1  Mu1.0001  In1.097                       0.29488892      0.00580816     -0.01988645     -0.00011550
VJTU     1  Mu1.0002  In1.097                       0.31623870     -0.02180989      0.06565625     -0.00143196
VJTU     1  Mu1.0003  In1.097                       0.31919551      0.05060676     -0.15248285     -0.00771666
VJTU     1  Mu1.0004  In1.097                       0.33504982     -0.01016856      0.02752336     -0.00027987
VJTU     1  Mu1.0001  In1.098                       0.24159539      0.00862866     -0.03551262     -0.00030643
VJTU     1  Mu1.0002  In1.098                       0.26294518     -0.00898990      0.02991693     -0.00026895
VJTU     1  Mu1.0003  In1.098                       0.26590198      0.00878642     -0.03209805     -0.00028203
VJTU     1  Mu1.0004  In1.098                       0.28175630     -0.00215832      0.00747338     -0.00001613
VJTU     1  Mu1.0005  In1.098                       0.29007164     -0.00296495      0.00805097     -0.00002387
VJTU     1  Mu1.0001  In1.099                       0.25863768      0.01486485     -0.05835908     -0.00086750
VJTU     1  Mu1.0002  In1.099                       0.27998746     -0.01866070      0.06425632     -0.00119907
VJTU     1  Mu1.0003  In1.099                       0.28294427      0.03783499     -0.13086907     -0.00495143
VJTU     1  Mu1.0004  In1.099                       0.29879858     -0.00832685      0.02541881     -0.00021166
VJTU     1  Mu1.0003  In1.100                       0.44186538     -0.01834170      0.04180830     -0.00076684
ATVX     1  Mu1.0001  Se1.113                       0.10617990     -0.00046195      0.00210383     -0.00000097
ATVX     1  Mu1.0002  Se1.113                       0.11088023     -0.00045247      0.00181194     -0.00000082
ATVX     1  Mu1.0003  Se1.113                       0.11535294      0.00015059     -0.00088554     -0.00000013
ATVX     1  Mu1.0004  Se1.113                       0.17633076      0.00043208     -0.00360222     -0.00000156
ATVX     1  Mu1.0005  Se1.113                       0.19632786     -0.00003149     -0.00183246      0.00000006
ATVX     1  Mu1.0006  Se1.113                       0.19807580     -0.00104376      0.00460689     -0.00000481
ATVX     1  Mu1.0007  Se1.113                       0.20436706      0.00070790     -0.00246880     -0.00000175
ATVX     1  Mu1.0008  Se1.113                       0.20531143     -0.00309939      0.01041289     -0.00003227
ATVX     1  Mu1.0009  Se1.113                       0.20850681      0.00074913     -0.00286682     -0.00000215
ATVX     1  Mu1.0010  Se1.113                       0.21712177      0.00092925     -0.00406631     -0.00000378
ATVX     1  Mu1.0011  Se1.113                       0.23048324      0.00060033     -0.00246134     -0.00000148
ATVX     1  Mu1.0012  Se1.113                       0.24076515      0.00007399     -0.00024587     -0.00000002
ATVX     1  Mu1.0013  Se1.113                       0.29662727     -0.00124702      0.00392722     -0.00000490
ATVX     1  Mu1.0001  Se1.114                       0.13217843      0.00162325     -0.00561833     -0.00000912
ATVX     1  Mu1.0002  Se1.114                       0.13687876      0.00095061     -0.00562467     -0.00000535
ATVX     1  Mu1.0003  Se1.114                       0.14135147      0.02098779     -0.11330275     -0.00237797
ATVX     1  Mu1.0004  Se1.114                       0.20232930     -0.00268237      0.01109948     -0.00002977
ATVX     1  Mu1.0005  Se1.114                       0.22232639      0.00045439     -0.00219015     -0.00000100
ATVX     1  Mu1.0006  Se1.114                       0.22407433      0.00112048     -0.00549162     -0.00000615
ATVX     1  Mu1.0007  Se1.114                       0.23036559      0.00015345     -0.00057106     -0.00000009
ATVX     1  Mu1.0008  Se1.114                       0.23130996      0.00016714     -0.00051278     -0.00000009
ATVX     1  Mu1.0009  Se1.114                       0.23450535      0.00120829     -0.00490346     -0.00000592
ATVX     1  Mu1.0010  Se1.114                       0.24312031     -0.00021461      0.00106156     -0.00000023
ATVX     1  Mu1.0011  Se1.114                       0.25648177      0.00120885     -0.00448987     -0.00000543
ATVX     1  Mu1.0012  Se1.114                       0.26676369      0.00293763     -0.01052862     -0.00003093
ATVX     1  Mu1.0035  Se1.114                       0.46150306      0.01238862     -0.02956349     -0.00036625
ATVX     1  Mu1.0001  Se1.115                       0.13301927      0.00004196     -0.00021865     -0.00000001
ATVX     1  Mu1.0002  Se1.115                       0.13771959      0.00049377     -0.00206860     -0.00000102
ATVX     1  Mu1.0003  Se1.115                       0.14219231     -0.00035295      0.00181534     -0.00000064
ATVX     1  Mu1.0004  Se1.115                       0.20317013     -0.00062957      0.00218563     -0.00000138
ATVX     1  Mu1.0005  Se1.115                       0.22316722     -0.00046838      0.00243875     -0.00000114
ATVX     1  Mu1.0006  Se1.115                       0.22491516      0.00067725     -0.00232040     -0.00000157
ATVX     1  Mu1.0007  Se1.115                       0.23120643     -0.00003682      0.00031837     -0.00000001
ATVX     1  Mu1.0008  Se1.115                       0.23215079      0.00039787     -0.00240826     -0.00000096
ATVX     1  Mu1.0009  Se1.115                       0.23534618     -0.00035985      0.00130818     -0.00000047
ATVX     1  Mu1.0010  Se1.115                       0.24396114     -0.00078321      0.00261265     -0.00000205
ATVX     1  Mu1.0011  Se1.115                       0.25732261     -0.00051349      0.00166421     -0.00000085
ATVX     1  Mu1.0012  Se1.115                       0.26760452     -0.00006033      0.00022079     -0.00000001
ATVX     1  Mu1.0001  Se1.116                       0.13781040     -0.00013525      0.00061938     -0.00000008
ATVX     1  Mu1.0002  Se1.116                       0.14251073     -0.00200186      0.00799165     -0.00001600
ATVX     1  Mu1.0003  Se1.116                       0.14698344     -0.00009349      0.00065737     -0.00000006
ATVX     1  Mu1.0004  Se1.116                       0.20796126     -0.00119623      0.00470017     -0.00000562
ATVX     1  Mu1.0005  Se1.116                       0.22795836      0.00038139     -0.00142179     -0.00000054
ATVX     1  Mu1.0006  Se1.116                       0.22970630      0.00021024     -0.00066540     -0.00000014
ATVX     1  Mu1.0007  Se1.116                       0.23599756      0.00000650     -0.00000885     -0.00000000
ATVX     1  Mu1.0008  Se1.116                       0.23694193      0.00029078     -0.00106701     -0.00000031
ATVX     1  Mu1.0009  Se1.116                       0.24013731     -0.00015165      0.00049531     -0.00000008
ATVX     1  Mu1.0010  Se1.116                       0.24875227      0.00009745     -0.00035963     -0.00000004
ATVX     1  Mu1.0011  Se1.116                       0.26211374      0.00003478     -0.00012927     -0.00000000
ATVX     1  Mu1.0012  Se1.116                       0.27239565      0.00001486     -0.00005067     -0.00000000
ATVX     1  Mu1.0001  Se1.117                       0.14426852      0.00350487     -0.01677986     -0.00005881
ATVX     1  Mu1.0002  Se1.117                       0.14896884     -0.00000110      0.00014421     -0.00000000
ATVX     1  Mu1.0003  Se1.117                       0.15344156     -0.00098566      0.00566127     -0.00000558
ATVX     1  Mu1.0004  Se1.117                       0.21441938      0.00025909     -0.00072727     -0.00000019
ATVX     1  Mu1.0005  Se1.117                       0.23441648     -0.00015686      0.00032384     -0.00000005
ATVX     1  Mu1.0006  Se1.117                       0.23616442     -0.00019093      0.00075580     -0.00000014
ATVX     1  Mu1.0007  Se1.117                       0.24245568     -0.00162583      0.00581255     -0.00000945
ATVX     1  Mu1.0008  Se1.117                       0.24340005     -0.00029366      0.00105194     -0.00000031
ATVX     1  Mu1.0009  Se1.117                       0.24659543     -0.00011127      0.00048152     -0.00000005
ATVX     1  Mu1.0010  Se1.117                       0.25521039     -0.00008720      0.00034132     -0.00000003
ATVX     1  Mu1.0011  Se1.117                       0.26857186      0.00021190     -0.00065238     -0.00000014
ATVX     1  Mu1.0012  Se1.117                       0.27885377      0.00010328     -0.00028049     -0.00000003
ATVX     1  Mu1.0001  Se1.118                       0.15307645     -0.00340872      0.01570592     -0.00005354
ATVX     1  Mu1.0002  Se1.118                       0.15777678     -0.00001713     -0.00005866      0.00000000
ATVX     1  Mu1.0003  Se1.118                       0.16224949      0.00173197     -0.00872487     -0.00001511
ATVX     1  Mu1.0004  Se1.118                       0.22322732     -0.00034571      0.00097882     -0.00000034
ATVX     1  Mu1.0005  Se1.118                       0.24322441      0.00015818     -0.00036267     -0.00000006
ATVX     1  Mu1.0006  Se1.118                       0.24497235      0.00030329     -0.00113281     -0.00000034
ATVX     1  Mu1.0007  Se1.118                       0.25126361      0.00154727     -0.00541976     -0.00000839
ATVX     1  Mu1.0008  Se1.118                       0.25220798      0.00030147     -0.00102426     -0.00000031
ATVX     1  Mu1.0009  Se1.118                       0.25540336      0.00018424     -0.00069209     -0.00000013
ATVX     1  Mu1.0010  Se1.118                       0.26401832      0.00015211     -0.00050751     -0.00000008
ATVX     1  Mu1.0011  Se1.118                       0.27737979     -0.00012964      0.00037449     -0.00000005
ATVX     1  Mu1.0012  Se1.118                       0.28766171      0.00151512     -0.00483271     -0.00000732
ATVX     1  Mu1.0001  Se1.119                       0.15175699     -0.00049609      0.00228237     -0.00000113
ATVX     1  Mu1.0002  Se1.119                       0.15645732     -0.00031586      0.00084167     -0.00000027
ATVX     1  Mu1.0003  Se1.119                       0.16093003     -0.00002506      0.00000026     -0.00000000
ATVX     1  Mu1.0004  Se1.119                       0.22190786     -0.00041875      0.00108845     -0.00000046
ATVX     1  Mu1.0005  Se1.119                       0.24190495      0.00045300     -0.00075091     -0.00000034
ATVX     1  Mu1.0006  Se1.119                       0.24365289      0.00101644     -0.00338134     -0.00000344
ATVX     1  Mu1.0007  Se1.119                       0.24994415      0.00030282     -0.00092591     -0.00000028
ATVX     1  Mu1.0008  Se1.119                       0.25088852      0.00012476     -0.00109603     -0.00000014
ATVX     1  Mu1.0009  Se1.119                       0.25408390     -0.00048165      0.00158211     -0.00000076
ATVX     1  Mu1.0010  Se1.119                       0.26269886     -0.00096253      0.00293863     -0.00000283
ATVX     1  Mu1.0011  Se1.119                       0.27606033     -0.00068210      0.00203051     -0.00000139
ATVX     1  Mu1.0012  Se1.119                       0.28634225     -0.00014712      0.00044953     -0.00000007
ATVX     1  Mu1.0001  Se1.120                       0.15134704      0.00420820     -0.01928074     -0.00008114
ATVX     1  Mu1.0002  Se1.120                       0.15604736     -0.00000948      0.00011485     -0.00000000
ATVX     1  Mu1.0003  Se1.120                       0.16052008     -0.00042029      0.00300639     -0.00000126
ATVX     1  Mu1.0004  Se1.120                       0.22149790      0.00016174     -0.00035655     -0.00000006
ATVX     1  Mu1.0005  Se1.120                       0.24149499     -0.00014899      0.00029434     -0.00000004
ATVX     1  Mu1.0006  Se1.120                       0.24324294     -0.00002115      0.00015189     -0.00000000
ATVX     1  Mu1.0007  Se1.120                       0.24953420     -0.00179422      0.00634652     -0.00001139
ATVX     1  Mu1.0008  Se1.120                       0.25047857     -0.00029941      0.00095793     -0.00000029
ATVX     1  Mu1.0009  Se1.120                       0.25367395     -0.00022460      0.00084263     -0.00000019
ATVX     1  Mu1.0010  Se1.120                       0.26228891     -0.00029981      0.00102471     -0.00000031
ATVX     1  Mu1.0011  Se1.120                       0.27565038      0.00028831     -0.00088913     -0.00000026
ATVX     1  Mu1.0012  Se1.120                       0.28593229      0.00081242     -0.00252932     -0.00000205
ATVX     1  Mu1.0001  Se1.121                       0.16170687      0.00182425     -0.00630194     -0.00001150
ATVX     1  Mu1.0002  Se1.121                       0.16640720      0.00003511     -0.00015624     -0.00000001
ATVX     1  Mu1.0003  Se1.121                       0.17087991     -0.00057717      0.00329797     -0.00000190
ATVX     1  Mu1.0004  Se1.121                       0.23185773      0.00021902     -0.00071797     -0.00000016
ATVX     1  Mu1.0005  Se1.121                       0.25185483     -0.00012641      0.00022899     -0.00000003
ATVX     1  Mu1.0006  Se1.121                       0.25360277     -0.00006504      0.00025885     -0.00000002
ATVX     1  Mu1.0007  Se1.121                       0.25989403     -0.00136598      0.00478625     -0.00000654
ATVX     1  Mu1.0008  Se1.121                       0.26083840     -0.00021409      0.00071016     -0.00000015
ATVX     1  Mu1.0009  Se1.121                       0.26403378     -0.00015656      0.00054089     -0.00000008
ATVX     1  Mu1.0010  Se1.121                       0.27264874     -0.00019518      0.00060271     -0.00000012
ATVX     1  Mu1.0011  Se1.121                       0.28601021      0.00015961     -0.00044870     -0.00000007
ATVX     1  Mu1.0012  Se1.121                       0.29629213      0.00008881     -0.00024768     -0.00000002
ATVX     1  Mu1.0001  Se1.122                       0.16129212      0.00003534     -0.00019108     -0.00000001
ATVX     1  Mu1.0002  Se1.122                       0.16599244     -0.00053034      0.00136314     -0.00000072
ATVX     1  Mu1.0003  Se1.122                       0.17046516     -0.00006166      0.00030849     -0.00000002
ATVX     1  Mu1.0004  Se1.122                       0.23144298     -0.00084034      0.00226288     -0.00000190
ATVX     1  Mu1.0005  Se1.122                       0.25144007     -0.00018384      0.00155320     -0.00000029
ATVX     1  Mu1.0006  Se1.122                       0.25318801      0.00116727     -0.00371736     -0.00000434
ATVX     1  Mu1.0007  Se1.122                       0.25947928      0.00016495     -0.00043901     -0.00000007
ATVX     1  Mu1.0008  Se1.122                       0.26042364     -0.00007226     -0.00031545      0.00000002
ATVX     1  Mu1.0009  Se1.122                       0.26361903     -0.00054031      0.00169647     -0.00000092
ATVX     1  Mu1.0010  Se1.122                       0.27223399     -0.00118483      0.00336070     -0.00000398
ATVX     1  Mu1.0011  Se1.122                       0.28559546     -0.00075507      0.00208698     -0.00000158
ATVX     1  Mu1.0012  Se1.122                       0.29587737     -0.00009199      0.00025505     -0.00000002
ATVX     1  Mu1.0001  Se1.123                       0.17761320      0.00012212     -0.00061421     -0.00000008
ATVX     1  Mu1.0002  Se1.123                       0.18231352     -0.00055336      0.00195834     -0.00000108
ATVX     1  Mu1.0003  Se1.123                       0.18678624     -0.00002813      0.00013172     -0.00000000
ATVX     1  Mu1.0004  Se1.123                       0.24776406     -0.00032662      0.00077459     -0.00000025
ATVX     1  Mu1.0005  Se1.123                       0.26776115     -0.00029389      0.00050016     -0.00000015
ATVX     1  Mu1.0006  Se1.123                       0.26950909      0.00057977     -0.00173483     -0.00000101
ATVX     1  Mu1.0007  Se1.123                       0.27580036     -0.00000477      0.00000252     -0.00000000
ATVX     1  Mu1.0008  Se1.123                       0.27674472      0.00008837     -0.00020611     -0.00000002
ATVX     1  Mu1.0009  Se1.123                       0.27994011     -0.00031700      0.00092373     -0.00000029
ATVX     1  Mu1.0010  Se1.123                       0.28855507      0.00064072     -0.00190341     -0.00000122
ATVX     1  Mu1.0001  Se1.124                       0.17955431     -0.01233614      0.06044195     -0.00074562
ATVX     1  Mu1.0002  Se1.124                       0.18425464      0.00019952     -0.00116225     -0.00000023
ATVX     1  Mu1.0003  Se1.124                       0.18872735     -0.00138321      0.00543314     -0.00000752
ATVX     1  Mu1.0004  Se1.124                       0.24970517      0.00028638     -0.00126904     -0.00000036
ATVX     1  Mu1.0005  Se1.124                       0.26970227      0.00020363     -0.00071080     -0.00000014
ATVX     1  Mu1.0006  Se1.124                       0.27145021     -0.00020421      0.00041799     -0.00000009
ATVX     1  Mu1.0007  Se1.124                       0.27774147     -0.00142389      0.00487725     -0.00000694
ATVX     1  Mu1.0008  Se1.124                       0.27868584      0.00015389     -0.00040380     -0.00000006
ATVX     1  Mu1.0009  Se1.124                       0.28188122      0.00056544     -0.00179328     -0.00000101
ATVX     1  Mu1.0010  Se1.124                       0.29049618      0.00046787     -0.00142488     -0.00000067
ATVX     1  Mu1.0001  Se1.125                       0.18318519      0.00082467     -0.00466279     -0.00000385
ATVX     1  Mu1.0002  Se1.125                       0.18788551     -0.00042568      0.00203479     -0.00000087
ATVX     1  Mu1.0003  Se1.125                       0.19235823     -0.00347774      0.01683216     -0.00005854
ATVX     1  Mu1.0004  Se1.125                       0.25333605      0.00010528     -0.00060888     -0.00000006
ATVX     1  Mu1.0005  Se1.125                       0.27333315     -0.00012720      0.00036036     -0.00000005
ATVX     1  Mu1.0006  Se1.125                       0.27508109      0.00015640     -0.00022722     -0.00000004
ATVX     1  Mu1.0007  Se1.125                       0.28137235      0.00039884     -0.00131535     -0.00000052
ATVX     1  Mu1.0008  Se1.125                       0.28231672      0.00006840     -0.00019792     -0.00000001
ATVX     1  Mu1.0009  Se1.125                       0.28551210     -0.00018059      0.00065653     -0.00000012
ATVX     1  Mu1.0010  Se1.125                       0.29412706     -0.00003416      0.00010226     -0.00000000
ATVX     1  Mu1.0001  Se1.126                       0.19028126     -0.00008388      0.00038594     -0.00000003
ATVX     1  Mu1.0002  Se1.126                       0.19498159     -0.00009370      0.00029002     -0.00000003
ATVX     1  Mu1.0003  Se1.126                       0.19945430      0.00003317     -0.00010654     -0.00000000
ATVX     1  Mu1.0004  Se1.126                       0.26043213     -0.00032031      0.00114896     -0.00000037
ATVX     1  Mu1.0005  Se1.126                       0.28042922     -0.00075852      0.00230219     -0.00000175
ATVX     1  Mu1.0006  Se1.126                       0.28217716     -0.00027721      0.00084007     -0.00000023
ATVX     1  Mu1.0007  Se1.126                       0.28846842      0.00007809     -0.00024340     -0.00000002
ATVX     1  Mu1.0008  Se1.126                       0.28941279     -0.00036394      0.00113964     -0.00000041
ATVX     1  Mu1.0009  Se1.126                       0.29260817      0.00020572     -0.00061315     -0.00000013
ATVX     1  Mu1.0001  Se1.127                       0.19573359      0.00004488      0.00015349      0.00000001
ATVX     1  Mu1.0002  Se1.127                       0.20043392      0.00037159     -0.00172292     -0.00000064
ATVX     1  Mu1.0003  Se1.127                       0.20490663      0.00339658     -0.01559205     -0.00005296
ATVX     1  Mu1.0004  Se1.127                       0.26588446     -0.00016197      0.00074613     -0.00000012
ATVX     1  Mu1.0005  Se1.127                       0.28588155      0.00010218     -0.00030489     -0.00000003
ATVX     1  Mu1.0006  Se1.127                       0.28762949     -0.00003140     -0.00010474      0.00000000
ATVX     1  Mu1.0007  Se1.127                       0.29392075     -0.00012692      0.00039692     -0.00000005
ATVX     1  Mu1.0008  Se1.127                       0.29486512     -0.00004203      0.00010604     -0.00000000
ATVX     1  Mu1.0009  Se1.127                       0.29806050      0.00017430     -0.00061485     -0.00000011
ATVX     1  Mu1.0001  Se1.128                       0.20632170      0.00012552     -0.00037844     -0.00000005
ATVX     1  Mu1.0002  Se1.128                       0.21102202      0.00083618     -0.00259577     -0.00000217
ATVX     1  Mu1.0003  Se1.128                       0.21549474      0.00020659     -0.00087093     -0.00000018
ATVX     1  Mu1.0004  Se1.128                       0.27647256      0.00135810     -0.00305014     -0.00000414
ATVX     1  Mu1.0005  Se1.128                       0.29646965      0.00004953      0.00076081      0.00000004
ATVX     1  Mu1.0006  Se1.128                       0.29821759     -0.00112501      0.00302909     -0.00000341
ATVX     1  Mu1.0001  Se1.129                       0.21516502     -0.00317765      0.01140527     -0.00003624
ATVX     1  Mu1.0002  Se1.129                       0.21986534      0.00008726     -0.00048732     -0.00000004
ATVX     1  Mu1.0003  Se1.129                       0.22433806      0.00006035     -0.00076070     -0.00000005
ATVX     1  Mu1.0004  Se1.129                       0.28531588     -0.00084010      0.00267481     -0.00000225
ATVX     1  Mu1.0001  Se1.130                       0.21921080      0.00001288     -0.00011974     -0.00000000
ATVX     1  Mu1.0002  Se1.130                       0.22391113     -0.00409177      0.01361329     -0.00005570
ATVX     1  Mu1.0003  Se1.130                       0.22838384      0.00024473     -0.00074519     -0.00000018
ATVX     1  Mu1.0004  Se1.130                       0.28936166      0.00157821     -0.00496501     -0.00000784
ATVX     1  Mu1.0001  Se1.131                       0.22022731      0.00099629     -0.00326298     -0.00000325
ATVX     1  Mu1.0002  Se1.131                       0.22492764     -0.00000100      0.00002545     -0.00000000
ATVX     1  Mu1.0003  Se1.131                       0.22940035      0.00010828     -0.00023287     -0.00000003
ATVX     1  Mu1.0004  Se1.131                       0.29037818      0.00019340     -0.00054575     -0.00000011
ATVX     1  Mu1.0001  Se1.132                       0.21687611      0.00034999     -0.00128921     -0.00000045
ATVX     1  Mu1.0002  Se1.132                       0.22157644      0.00204118     -0.00744860     -0.00001520
ATVX     1  Mu1.0003  Se1.132                       0.22604915     -0.00019369      0.00075606     -0.00000015
ATVX     1  Mu1.0004  Se1.132                       0.28702698     -0.00048245      0.00110028     -0.00000053
ATVX     1  Mu1.0001  Se1.133                       0.22828951      0.00003081     -0.00013514     -0.00000000
ATVX     1  Mu1.0002  Se1.133                       0.23298983     -0.00349560      0.01088496     -0.00003805
ATVX     1  Mu1.0003  Se1.133                       0.23746255      0.00026530     -0.00082990     -0.00000022
ATVX     1  Mu1.0004  Se1.133                       0.29844037      0.00266332     -0.00743305     -0.00001980
ATVX     1  Mu1.0001  Se1.134                       0.22619413      0.00004910     -0.00020401     -0.00000001
ATVX     1  Mu1.0002  Se1.134                       0.23089446     -0.00117383      0.00488929     -0.00000574
ATVX     1  Mu1.0003  Se1.134                       0.23536717      0.00008140     -0.00029545     -0.00000002
ATVX     1  Mu1.0004  Se1.134                       0.29634500      0.00089443     -0.00277054     -0.00000248
ATVX     1  Mu1.0001  Se1.135                       0.24516754      0.00010631     -0.00029700     -0.00000003
ATVX     1  Mu1.0002  Se1.135                       0.24986786      0.00001190     -0.00009096     -0.00000000
ATVX     1  Mu1.0003  Se1.135                       0.25434058      0.00124040     -0.00485279     -0.00000602
ATVX     1  Mu1.0001  Se1.136                       0.23962919     -0.00037123      0.00126182     -0.00000047
ATVX     1  Mu1.0002  Se1.136                       0.24432951     -0.00909737      0.02834490     -0.00025786
ATVX     1  Mu1.0003  Se1.136                       0.24880223      0.00051507     -0.00156908     -0.00000081
ATVX     1  Mu1.0001  Se1.137                       0.25383159     -0.00156894      0.00360625     -0.00000566
ATVX     1  Mu1.0002  Se1.137                       0.25853191     -0.00008479      0.00028464     -0.00000002
ATVX     1  Mu1.0003  Se1.137                       0.26300462     -0.00029761      0.00086494     -0.00000026
ATVX     1  Mu1.0001  Se1.138                       0.26645072     -0.00013577      0.00045344     -0.00000006
ATVX     1  Mu1.0002  Se1.138                       0.27115104     -0.00022864      0.00061501     -0.00000014
ATVX     1  Mu1.0003  Se1.138                       0.27562376      0.00008811     -0.00027786     -0.00000002
ATVX     1  Mu1.0001  Se1.139                       0.27539105      0.00048435     -0.00157150     -0.00000076
ATVX     1  Mu1.0002  Se1.139                       0.28009137     -0.00155136      0.00471232     -0.00000731
ATVX     1  Mu1.0003  Se1.139                       0.28456409     -0.00008283      0.00027013     -0.00000002
ATVX     1  Mu1.0001  Se1.140                       0.28071663     -0.00041135      0.00114475     -0.00000047
ATVX     1  Mu1.0002  Se1.140                       0.28541696     -0.00037271      0.00137787     -0.00000051
ATVX     1  Mu1.0003  Se1.140                       0.28988967     -0.00555344      0.01991183     -0.00011058
ATVX     1  Mu1.0001  Se1.141                       0.27241319     -0.00023946      0.00081168     -0.00000019
ATVX     1  Mu1.0002  Se1.141                       0.27711352     -0.00341304      0.01223663     -0.00004176
ATVX     1  Mu1.0003  Se1.141                       0.28158623      0.00034338     -0.00122162     -0.00000042
ATVX     1  Mu1.0001  Se1.142                       0.28864656      0.00253923     -0.00843660     -0.00002142
ATVX     1  Mu1.0002  Se1.142                       0.29334688     -0.00011245      0.00045683     -0.00000005
ATVX     1  Mu1.0003  Se1.142                       0.29781960      0.00008118      0.00008191      0.00000001
ATVX     1  Mu1.0001  Se1.143                       0.29634006     -0.00001592      0.00005364     -0.00000000
ATVX     1  Mu1.0001  Se1.145                       0.29733923      0.00021468     -0.00071998     -0.00000015
AIVX     1  Mu1.0001  In1.098 Se1.114               0.47172721     -0.01006404      0.02795355     -0.00028133
--

   (Skipping property calculation,
    use PROP keyword to activate)
--

  Total CASPT2 energies:
::    CASPT2 Root  1     Total energy:  -3934.69528215
::    CASPT2 Root  2     Total energy:  -3934.69582109
::    CASPT2 Root  3     Total energy:  -3934.72997620
::    CASPT2 Root  4     Total energy:  -3934.68560299
::    CASPT2 Root  5     Total energy:  -3934.67648138

++ Multi-State CASPT2 section:
********************************************************************************
  MULTI-STATE CASPT2 SECTION
--------------------------------------------------------------------------------

  Output diagonal energies have been shifted. Add   -3934.0000000000000     

  Effective Hamiltonian matrix (Symmetric):

                1               2               3               4               5
   1        -0.69528215
   2         0.00011047     -0.69582109
   3         0.00117348     -0.00722252     -0.72997620
   4        -0.01334319      0.00032331      0.00060024     -0.68560299
   5        -0.00010750      0.00485475     -0.00159274     -0.00009482     -0.67648138

       Total MS-CASPT2 energies:
::    MS-CASPT2 Root  1     Total energy:  -3934.73151366
::    MS-CASPT2 Root  2     Total energy:  -3934.70457130
::    MS-CASPT2 Root  3     Total energy:  -3934.69569841
::    MS-CASPT2 Root  4     Total energy:  -3934.67624765
::    MS-CASPT2 Root  5     Total energy:  -3934.67513278

       Eigenvectors:
           -0.04199082      0.81763815      0.01163200     -0.57341575     -0.02763501
            0.19701721      0.00537624      0.94842501      0.00051211      0.24828424
            0.97908547      0.04935546     -0.18769491     -0.00218884     -0.06100414
           -0.02636968      0.57354590     -0.00623640      0.81815158      0.03064042
            0.01082900      0.00693438     -0.25512043     -0.04262992      0.96588348

--

  THE ORIGINAL CI ARRAYS ARE NOW MIXED AS LINEAR
  COMBINATIONS, GIVEN BY THE EIGENVECTORS.
  A NEW JOBIPH FILE NAMED 'JOBMIX' IS PREPARED.
********************************************************************************

++ Mixed CI coefficients:
  The CI coefficients for the MIXED state nr.   1
--------------------------------------------------------------------------------
 CI COEFFICIENTS LARGER THAN  5.00E-02
  Occupation of active orbitals, and spin coupling
  of open shells. (u,d: Spin up or down).
  SGUGA info is (Midvert:IsyUp:UpperWalk/LowerWalk)
        Conf  SGUGA info        Occupation       Coefficient         Weight
           1  ( 1:1:   1/   1)   2222uuuu0000      -0.053642       0.002877
           2  ( 1:1:   2/   1)   2222uuu0u000       0.079617       0.006339
          16  ( 1:1:   1/   2)   222u2uuu0000      -0.667450       0.445490
          19  ( 1:1:   4/   2)   222u2uu00u00      -0.175381       0.030758
          31  ( 1:1:   1/   3)   22u22uuu0000       0.108037       0.011672
          46  ( 1:1:   1/   4)   2u222uuu0000       0.628385       0.394868
          49  ( 1:1:   4/   4)   2u222uu00u00       0.172350       0.029704
          61  ( 1:1:   1/   5)   u2222uuu0000      -0.162808       0.026507
         136  ( 1:1:   1/  10)   22uu22uu0000      -0.053558       0.002868
         181  ( 1:1:   1/  13)   2uu222uu0000      -0.054658       0.002987
         256  ( 2:1:  11/   2)   222u20uu000u       0.051651       0.002668

  The CI coefficients for the MIXED state nr.   2
--------------------------------------------------------------------------------
 CI COEFFICIENTS LARGER THAN  5.00E-02
  Occupation of active orbitals, and spin coupling
  of open shells. (u,d: Spin up or down).
  SGUGA info is (Midvert:IsyUp:UpperWalk/LowerWalk)
        Conf  SGUGA info        Occupation       Coefficient         Weight
           1  ( 1:1:   1/   1)   2222uuuu0000       0.922483       0.850975
           4  ( 1:1:   4/   1)   2222uuu00u00      -0.267382       0.071493
           5  ( 1:1:   5/   1)   2222uu0u0u00      -0.065063       0.004233
          12  ( 1:1:  12/   1)   2222uu0u000u       0.064412       0.004149
          31  ( 1:1:   1/   3)   22u22uuu0000       0.125363       0.015716
          91  ( 1:1:   1/   7)   22u2u2uu0000       0.064804       0.004200
         226  ( 2:1:   1/   1)   2222u0uuu000      -0.060478       0.003658
         227  ( 2:1:   2/   1)   2222u0uu0u00      -0.063908       0.004084
         236  ( 2:1:  11/   1)   2222u0uu000u      -0.067685       0.004581
         336  ( 2:1:  11/   6)   22220uuu000u       0.052486       0.002755

  The CI coefficients for the MIXED state nr.   3
--------------------------------------------------------------------------------
 CI COEFFICIENTS LARGER THAN  5.00E-02
  Occupation of active orbitals, and spin coupling
  of open shells. (u,d: Spin up or down).
  SGUGA info is (Midvert:IsyUp:UpperWalk/LowerWalk)
        Conf  SGUGA info        Occupation       Coefficient         Weight
           2  ( 1:1:   2/   1)   2222uuu0u000       0.926763       0.858890
           3  ( 1:1:   3/   1)   2222uu0uu000      -0.161476       0.026074
           6  ( 1:1:   6/   1)   2222uu00uu00       0.069372       0.004812
           7  ( 1:1:   7/   1)   2222uuu000u0      -0.110825       0.012282
           8  ( 1:1:   8/   1)   2222uu0u00u0       0.152325       0.023203
          10  ( 1:1:  10/   1)   2222uu000uu0       0.084184       0.007087
          16  ( 1:1:   1/   2)   222u2uuu0000       0.055440       0.003074
          32  ( 1:1:   2/   3)   22u22uu0u000       0.111620       0.012459
          46  ( 1:1:   1/   4)   2u222uuu0000      -0.052650       0.002772
          92  ( 1:1:   2/   7)   22u2u2u0u000       0.062806       0.003945
         226  ( 2:1:   1/   1)   2222u0uuu000       0.061331       0.003761
         237  ( 2:1:  12/   1)   2222u0u0u00u      -0.070706       0.004999
         337  ( 2:1:  12/   6)   22220uu0u00u       0.051767       0.002680

  The CI coefficients for the MIXED state nr.   4
--------------------------------------------------------------------------------
 CI COEFFICIENTS LARGER THAN  5.00E-02
  Occupation of active orbitals, and spin coupling
  of open shells. (u,d: Spin up or down).
  SGUGA info is (Midvert:IsyUp:UpperWalk/LowerWalk)
        Conf  SGUGA info        Occupation       Coefficient         Weight
           1  ( 1:1:   1/   1)   2222uuuu0000      -0.282332       0.079712
           4  ( 1:1:   4/   1)   2222uuu00u00      -0.916972       0.840837
           5  ( 1:1:   5/   1)   2222uu0u0u00      -0.061751       0.003813
          12  ( 1:1:  12/   1)   2222uu0u000u       0.060629       0.003676
          34  ( 1:1:   4/   3)   22u22uu00u00      -0.118451       0.014031
          94  ( 1:1:   4/   7)   22u2u2u00u00      -0.062780       0.003941
         227  ( 2:1:   2/   1)   2222u0uu0u00      -0.068150       0.004644
         228  ( 2:1:   3/   1)   2222u0u0uu00      -0.061618       0.003797
         239  ( 2:1:  14/   1)   2222u0u00u0u       0.077158       0.005953
         339  ( 2:1:  14/   6)   22220uu00u0u      -0.053420       0.002854

  The CI coefficients for the MIXED state nr.   5
--------------------------------------------------------------------------------
 CI COEFFICIENTS LARGER THAN  5.00E-02
  Occupation of active orbitals, and spin coupling
  of open shells. (u,d: Spin up or down).
  SGUGA info is (Midvert:IsyUp:UpperWalk/LowerWalk)
        Conf  SGUGA info        Occupation       Coefficient         Weight
           2  ( 1:1:   2/   1)   2222uuu0u000       0.199191       0.039677
           3  ( 1:1:   3/   1)   2222uu0uu000       0.749595       0.561892
           6  ( 1:1:   6/   1)   2222uu00uu00      -0.386673       0.149516
           7  ( 1:1:   7/   1)   2222uuu000u0       0.423647       0.179477
          33  ( 1:1:   3/   3)   22u22u0uu000       0.091308       0.008337
          37  ( 1:1:   7/   3)   22u22uu000u0       0.055319       0.003060
         226  ( 2:1:   1/   1)   2222u0uuu000       0.082901       0.006873
         238  ( 2:1:  13/   1)   2222u00uu00u      -0.058705       0.003446

--

Note: The following floating-point exceptions are signalling: IEEE_UNDERFLOW_FLAG IEEE_DENORMAL
--- Stop Module: caspt2 at Thu Jul  2 19:04:53 2026 /rc=_RC_ALL_IS_WELL_ ---
*** files: xmldump
    saved to directory <scratch-path-omitted>
--- Module caspt2 spent 23 hours 36 minutes 31 seconds ---

.##################.
.# Happy landing! #.
.##################.

    Timing: Wall=87693.64 User=79599.25 System=7915.90
