   This run of MOLCAS is using the pymolcas driver

                             OPE
                             OPE          NMOL  CASOP  ENMOLC A   SO
                 OPE        NMOLC        AS  OP EN  MO LC     AS  OP
                OPENM       OL CA        SO  PE NM  OL CA     SOP EN
                OP EN      MO   LC       AS  OP ENMOL  CASO   PENMOL
                OP  EN     MO   LC       AS  OP EN     MO     LC ASO
               OP   E  NMOL  C  AS       OP  EN MO     LC     AS  OP
               OP  E   NMO   LC AS        OPEN  MO     LCASOP EN   M
               O  PEN   MO  LCA  SO
            OPE   NMO   L   CAS    OP
        OPENMOL  CASOP     ENMOL   CASOPE
     OPENMOLCA   SOPENMOLCASOPEN   MOLCASOPE
    OPENMOLCAS   OP           EN   MOL    CAS
    OPENMOLCAS       OP  ENM        O     LCA
    OPENMOLCAS    OPEN  MOLCASO     P  E  NMO
    OPENMOLCAS     OP               E  N  MOL
    OPENMOLCA   SO           PENM   O  L  CAS    OPEN    MO    LCAS
    OPENMOLCA   SOP           ENM   O  L  CAS   OP  EN  MOLC  AS   O
    OPENMOLCA   SOPE           NM      O  LCA   S      OP  EN MO
    OPENMOLC                AS         O  PEN   M      OL  CA  SOPE
    OPENMO        LCASOPE  NMOL        C  ASO   P      ENMOLC     AS
    OPE     NMO      LCA  SO     P     E   NM   OL  CA SO  PE N   MO
          OPENMOLCA            SOPE   NMO        LCAS  O    P  ENMO
     OPENMOLCASOPENMOLCASOPENMOLCASOPENMOLCA
        OPENMOLCASOPENMOLCASOPENMOLCASOPE
            OPENMOLCASOPENMOLCASOPENM
               OPENMOLCASOPENMOLCA        version: v24.02
                   OPENMOLCASO
                       OPE                tag:

 OpenMolcas is free software; you can redistribute it and/or modify it
 under the terms of the GNU Lesser General Public License version 2.1.
 OpenMolcas is distributed in the hope that it will be useful, but it
 is provided "as is" and without any express or implied warranties.
 For more details see the full text of the license in the file
 LICENSE or in <http://www.gnu.org/licenses/>.

                 Copyright (C) The OpenMolcas Authors
           For the author list and the recommended citation,
                   consult the file CONTRIBUTORS.md

           *************************************************
           * pymolcas version py2.28                       *
           *   build c4a6d18ded8cb6cad61d2372a9abd97c      *
           *   (after the EMIL interpreter by V. Veryazov) *
           *************************************************

configuration info
------------------
Host name: login02 (Linux)
C Compiler ID: GNU
C flags: -std=gnu99
Fortran Compiler ID: GNU
Fortran flags: -fno-aggressive-loop-optimizations -cpp -fdefault-integer-8 -fmax-stack-var-size=1048576
Definitions: _MOLCAS_;_I8_;_LINUX_;_MOLCAS_MPP_;_SCALAPACK_;_GA_
Parallel: ON (GA=ON)


   -------------------------------------------------------------------------------------------------------------------------------
  |
  |                 Project: caspt2_Q_ipea50
  |          Submitted from: <scratch-path-omitted>
  |            Scratch area: <scratch-path-omitted>
  |         Save outputs to: <scratch-path-omitted>
  |                  Molcas: /opt/bwhpc/common/chem/openmolcas/24.02_gnu-system_openmpi-4.1_mkl-2023.1.0
  |
  | Scratch area is empty
  |
  |             MOLCAS_BIN = /opt/bwhpc/common/chem/openmolcas/24.02_gnu-system_openmpi-4.1_mkl-2023.1.0/bin
  |         MOLCAS_DOC_DIR = /opt/bwhpc/common/chem/openmolcas/24.02_gnu-system_openmpi-4.1_mkl-2023.1.0/doc
  |          MOLCAS_DRIVER = <OpenMolcas-executable-path-omitted>
  |         MOLCAS_EXA_DIR = /opt/bwhpc/common/chem/openmolcas/24.02_gnu-system_openmpi-4.1_mkl-2023.1.0/bwhpc-examples
  |            MOLCAS_HOME = /opt/bwhpc/common/chem/openmolcas/24.02_gnu-system_openmpi-4.1_mkl-2023.1.0
  | MOLCAS_JUSTUS2_EXA_DIR = /opt/bwhpc/common/chem/openmolcas/24.02_gnu-system_openmpi-4.1_mkl-2023.1.0/bwhpc-examples
  |          MOLCAS_NPROCS = 1
  |           MOLCAS_PRINT = 2
  |            MOLCAS_SBIN = /opt/bwhpc/common/chem/openmolcas/24.02_gnu-system_openmpi-4.1_mkl-2023.1.0/sbin
  |          MOLCAS_SOURCE = /opt/bwhpc/common/chem/openmolcas/24.02_gnu-system_openmpi-4.1_mkl-2023.1.0
  |       MOLCAS_STRUCTURE = 0
  |         MOLCAS_VERSION = 24.02
  |
   -------------------------------------------------------------------------------------------------------------------------------

++ ---------   Input file   ---------

&GATEWAY
 coord = opt_optimized.xyz
 basis = Def2-TZVP
 group = nosym
 amfi
 RICD

&SEWARD

&RASSCF
 fileorb = rasscf.RasOrb
 cionly
 charge = 0
 spin = 5
 nactel = 12 0 0
 inactive = 100
 ras2 = 12
 ciroot = 5 5 1
 thrs = 1.0d-7 1.0d-5 1.0d-5
 outorbital = canonical

&CASPT2
 multistate = 5 1 2 3 4 5
 imag = 0.2
 ipeashift = 0.5

-- ----------------------------------

--- Start Module: gateway at Wed Jul  1 18:28:08 2026 ---

()()()()()()()()()()()()()()()()()()()()()()()()()()()()()()()()()()()()()()()()()()()()()()()()()()

                                              &GATEWAY

                       only a single process is used, running in SERIAL mode
                       available to each process: 12 GB of memory, 1 thread?
                                            pid: 656487
()()()()()()()()()()()()()()()()()()()()()()()()()()()()()()()()()()()()()()()()()()()()()()()()()()


++    Symmetry information:
      ---------------------

                    Character Table for C1 

                             E  
                    a        1  x, y, xy, Rz, z, xz, Ry, yz, Rx, I
--


++    Basis set information:
      ----------------------


      Basis set label: C.DEF2-TZVP.........

      Electronic valence basis set:
      ------------------
      Associated Effective Charge   6.000000 au
      Associated Actual Charge      6.000000 au
      Nuclear Model: Point charge

      Shell  nPrim  nBasis  Cartesian Spherical Contaminant
         s      11       5        X                  
         p       6       3        X                  
         d       2       2                 X         
         f       1       1                 X         


      Basis set label: H.DEF2-TZVP.........

      Electronic valence basis set:
      ------------------
      Associated Effective Charge   1.000000 au
      Associated Actual Charge      1.000000 au
      Nuclear Model: Point charge

      Shell  nPrim  nBasis  Cartesian Spherical Contaminant
         s       5       3        X                  
         p       1       1        X                  


      Basis set label: NI.DEF2-TZVP.........

      Electronic valence basis set:
      ------------------
      Associated Effective Charge  28.000000 au
      Associated Actual Charge     28.000000 au
      Nuclear Model: Point charge

      Shell  nPrim  nBasis  Cartesian Spherical Contaminant
         s      17       6        X                  
         p      11       4        X                  
         d       7       4                 X         
         f       1       1                 X         
--


++    Molecular structure info:
      -------------------------

                    ************************************************ 
                    **** Cartesian Coordinates / Bohr, Angstrom **** 
                    ************************************************ 

     Center  Label                x              y              z                     x              y              z
        1      C1               2.700873      -0.014140       0.053364              1.429240      -0.007483       0.028239
        2      C2               1.338269       2.346166       0.052986              0.708181       1.241537       0.028039
        3      C3              -1.358013       2.352197      -0.050975             -0.718630       1.244729      -0.026975
        4      C4              -2.700873       0.014140       0.053364             -1.429240       0.007483       0.028239
        5      C5              -1.338269      -2.346166       0.052987             -0.708182      -1.241537       0.028039
        6      C6               1.358013      -2.352197      -0.050975              0.718630      -1.244729      -0.026975
        7      C7               5.430022      -0.032061       0.005879              2.873444      -0.016966       0.003111
        8      C8               2.687271       4.718649       0.004773              1.422042       2.497001       0.002526
        9      C9              -2.703012       4.681857      -0.225865             -1.430373       2.477532      -0.119522
       10      C10             -5.430022       0.032061       0.005880             -2.873444       0.016966       0.003112
       11      C11             -2.687271      -4.718649       0.004773             -1.422043      -2.497001       0.002526
       12      C12              2.703013      -4.681856      -0.225865              1.430373      -2.477532      -0.119522
       13      C13              6.688107       2.329532       0.479888              3.539194       1.232735       0.253946
       14      C14              5.361458       4.627420       0.479616              2.837161       2.448725       0.253802
       15      C15              1.300790       6.993476      -0.166046              0.688348       3.700788      -0.087868
       16      C16             -1.309145       6.977593      -0.300660             -0.692770       3.692383      -0.159102
       17      C17             -5.388209       4.622601      -0.299453             -2.851317       2.446175      -0.158464
       18      C18             -6.706853       2.370347      -0.163978             -3.549114       1.254334      -0.086773
       19      C19             -6.688107      -2.329532       0.479889             -3.539194      -1.232735       0.253946
       20      C20             -5.361458      -4.627420       0.479617             -2.837162      -2.448725       0.253802
       21      C21             -1.300790      -6.993477      -0.166047             -0.688348      -3.700788      -0.087868
       22      C22              1.309146      -6.977593      -0.300660              0.692770      -3.692383      -0.159102
       23      C23              5.388209      -4.622601      -0.299453              2.851317      -2.446175      -0.158464
       24      C24              6.706853      -2.370347      -0.163978              3.549114      -1.254333      -0.086773
       25      H25              8.733391       2.331530       0.746766              4.621511       1.233793       0.395171
       26      H26              6.385836       6.397697       0.746357              3.379239       3.385516       0.394955
       27      H27              2.329212       8.782631      -0.158987              1.232566       4.647568      -0.084132
       28      H28             -2.345120       8.756381      -0.445095             -1.240984       4.633677      -0.235534
       29      H29             -6.410729       6.409185      -0.443523             -3.392412       3.391595      -0.234702
       30      H30             -8.770518       2.374354      -0.156216             -4.641158       1.256454      -0.082666
       31      H31             -8.733391      -2.331530       0.746766             -4.621512      -1.233793       0.395172
       32      H32             -6.385836      -6.397698       0.746357             -3.379239      -3.385516       0.394955
       33      H33             -2.329212      -8.782632      -0.158988             -1.232566      -4.647569      -0.084133
       34      H34              2.345121      -8.756381      -0.445095              1.240985      -4.633677      -0.235534
       35      H35              6.410729      -6.409185      -0.443522              3.392412      -3.391594      -0.234702
       36      H36              8.770518      -2.374354      -0.156216              4.641158      -1.256454      -0.082666
       37      NI37             3.989534       2.304908       3.526133              2.111171       1.219705       1.865949
       38      NI38            -3.989534      -2.304908       3.526134             -2.111171      -1.219705       1.865950

                    ************************************************* 
                    **** InterNuclear Distances / Bohr, Angstrom **** 
                    ************************************************* 

     Atom centers         Bohr        Angstrom
   25 H25      13 C13     2.062615        1.091489
   26 H26      14 C14   
   31 H31      19 C19   
   32 H32      20 C20   
   28 H28      16 C16     2.063537        1.091977
   29 H29      17 C17   
   34 H34      22 C22   
   35 H35      23 C23   
   27 H27      15 C15     2.063681        1.092053
   30 H30      18 C18   
   33 H33      21 C21   
   36 H36      24 C24   
   18 C18      17 C17     2.613394        1.382948
   24 C24      23 C23   
   16 C16      15 C15     2.613452        1.382979
   22 C22      21 C21   
   14 C14      13 C13     2.653354        1.404094
   20 C20      19 C19   
   15 C15       8 C8      2.669523        1.412650
   21 C21      11 C11   
   18 C18      10 C10     2.669593        1.412688
   24 C24       7 C7    
   16 C16       9 C9      2.686795        1.421790
   22 C22      12 C12   
   17 C17       9 C9      2.686858        1.421824
   23 C23      12 C12   
    9 C9        3 C3      2.695723        1.426515
   12 C12       6 C6    
    4 C4        3 C3      2.698271        1.427864
    6 C6        1 C1    
    3 C3        2 C2      2.698292        1.427875
    6 C6        5 C5    
   13 C13       7 C7      2.717459        1.438017
   19 C19      10 C10   
   14 C14       8 C8      2.717550        1.438065
   20 C20      11 C11   
    2 C2        1 C1      2.725387        1.442212
    5 C5        4 C4    
    7 C7        1 C1      2.729616        1.444451
    8 C8        2 C2    
   10 C10       4 C4    
   11 C11       5 C5    
   29 H29      18 C18     4.059316        2.148097
   35 H35      24 C24   
   28 H28      15 C15     4.059355        2.148118
   34 H34      21 C21   
   30 H30      17 C17     4.063883        2.150514
   36 H36      23 C23   
   27 H27      16 C16     4.063973        2.150562
   33 H33      22 C22   
   37 NI37     14 C14     4.069091        2.153270
   38 NI38     20 C20   
   37 NI37     13 C13     4.069706        2.153596
   38 NI38     19 C19   
   27 H27       8 C8      4.083011        2.160636
   33 H33      11 C11   
   30 H30      10 C10     4.083077        2.160671
   36 H36       7 C7    
   25 H25      14 C14     4.088073        2.163315
   26 H26      13 C13   
   31 H31      20 C20   
   32 H32      19 C19   
   28 H28       9 C9      4.096083        2.167554
   34 H34      12 C12   
   29 H29       9 C9      4.096120        2.167573
   35 H35      12 C12   
   25 H25       7 C7      4.128888        2.184914
   31 H31      10 C10   
   26 H26       8 C8      4.128987        2.184966
   32 H32      11 C11   
   37 NI37      2 C2      4.369629        2.312308
   38 NI38      5 C5    
   37 NI37      1 C1      4.370212        2.312617
   38 NI38      4 C4    
   37 NI37      8 C8      4.463408        2.361934
   38 NI38     11 C11   
   37 NI37      7 C7      4.464147        2.362325
   38 NI38     10 C10   
   16 C16       8 C8      4.600811        2.434644
   22 C22      11 C11   
   17 C17      10 C10     4.600873        2.434677
   23 C23       7 C7    
   15 C15       9 C9      4.623591        2.446699
   18 C18       9 C9    
   21 C21      12 C12   
   24 C24      12 C12   
   16 C16       3 C3      4.632381        2.451350
   17 C17       3 C3    
   22 C22       6 C6    
   23 C23       6 C6    
   14 C14       2 C2      4.644587        2.457809
   20 C20       5 C5    
   13 C13       1 C1      4.644649        2.457842
   19 C19       4 C4    
   15 C15       2 C2      4.652615        2.462058
   18 C18       4 C4    
   21 C21       5 C5    
   24 C24       1 C1    
    4 C4        2 C2      4.664012        2.468089
    5 C5        1 C1    
    9 C9        2 C2      4.676020        2.474443
   12 C12       5 C5    
    9 C9        4 C4      4.676061        2.474465
   12 C12       1 C1    
   30 H30      29 H29     4.683055        2.478166
   36 H36      35 H35   
   28 H28      27 H27     4.683154        2.478218
   34 H34      33 H33   
   14 C14       7 C7      4.684004        2.478668
   20 C20      10 C10   
   13 C13       8 C8      4.684048        2.478691
   19 C19      11 C11   
    7 C7        6 C6      4.686952        2.480228
    8 C8        3 C3    
   10 C10       3 C3    
   11 C11       6 C6    
   29 H29      28 H28     4.694518        2.484232
   35 H35      34 H34   
   26 H26      25 H25     4.695182        2.484583
   32 H32      31 H31   
    3 C3        1 C1      4.699467        2.486851
    6 C6        4 C4    
    5 C5        3 C3      4.699554        2.486897
    6 C6        2 C2    
   17 C17      16 C16     4.710068        2.492461
   23 C23      22 C22   
    7 C7        2 C2      4.732930        2.504559
   10 C10       5 C5    
    8 C8        1 C1      4.733058        2.504626
   11 C11       4 C4    
   19 C19      18 C18     4.743814        2.510318
   24 C24      13 C13   
   15 C15      14 C14     4.743852        2.510338
   21 C21      20 C20   
   31 H31      30 H30     4.791878        2.535753
   36 H36      25 H25   
   27 H27      26 H26     4.792051        2.535844
   33 H33      32 H32   
   28 H28      17 C17     5.135139        2.717399
   29 H29      16 C16   
   34 H34      23 C23   
   35 H35      22 C22   
   30 H30      19 C19     5.183397        2.742936
   36 H36      13 C13   
   27 H27      14 C14     5.183446        2.742961
   33 H33      20 C20   
   25 H25      24 C24     5.200380        2.751922
   31 H31      18 C18   
   26 H26      15 C15     5.200493        2.751982
   32 H32      21 C21   
   16 C16       2 C2      5.346399        2.829193
   22 C22       5 C5    
   17 C17       4 C4      5.346416        2.829202
   23 C23       1 C1    
   18 C18       3 C3      5.350065        2.831132
   24 C24       6 C6    
   15 C15       3 C3      5.350136        2.831170
   21 C21       6 C6    
   13 C13       2 C2      5.366870        2.840025
   19 C19       5 C5    
   14 C14       1 C1      5.366981        2.840084
   20 C20       4 C4    
    9 C9        8 C8      5.395341        2.855091
   12 C12      11 C11   
   10 C10       9 C9      5.395450        2.855149
   12 C12       7 C7    
    4 C4        1 C1      5.401820        2.858520
    5 C5        2 C2      5.402021        2.858626
    6 C6        3 C3      5.432137        2.874563
    8 C8        7 C7      5.485611        2.902860
   11 C11      10 C10   
   37 NI37     26 H26     5.497303        2.909047
   38 NI38     32 H32   
   37 NI37     25 H25     5.498160        2.909501
   38 NI38     31 H31   
--


            Nuclear Potential Energy           3152.76180619 au

--- Stop Module: gateway at Wed Jul  1 18:28:10 2026 /rc=_RC_ALL_IS_WELL_ ---
*** files: caspt2_Q_ipea50.RICDLib xmldump
    saved to directory <scratch-path-omitted>
--- Module gateway spent 2 seconds ---

--- Start Module: seward at Wed Jul  1 18:28:10 2026 ---

()()()()()()()()()()()()()()()()()()()()()()()()()()()()()()()()()()()()()()()()()()()()()()()()()()

                                              &SEWARD

                       only a single process is used, running in SERIAL mode
                       available to each process: 12 GB of memory, 1 thread?
                                            pid: 656500
()()()()()()()()()()()()()()()()()()()()()()()()()()()()()()()()()()()()()()()()()()()()()()()()()()

               SEWARD will generate:
                  Multipole Moment integrals up to order  2
                  Kinetic Energy integrals
                  Nuclear Attraction integrals (point charge)
                  One-Electron Hamiltonian integrals
                  Velocity integrals
                  Orbital angular momentum around ( 0.0000 -0.0000  0.9761 )
                  Velocity quadrupole around ( 0.0000 -0.0000  0.9761 )
                  Atomic mean-field integrals
                  RI decomposed two-electron repulsion integrals stored Cholesky style
                   - acCD auxiliary basis
                   - CD Threshold:   0.10E-03

                   Integrals are discarded if absolute value <: 1.00E-14
                   Integral cutoff threshold is set to       <: 1.00E-16

            Nuclear Potential Energy           3152.76180619 au


      Basis set specifications :
      Symmetry species         a  
      Basis functions          906


      Input file to MOLDEN was generated!

Note: The following floating-point exceptions are signalling: IEEE_UNDERFLOW_FLAG IEEE_DENORMAL
--- Stop Module: seward at Wed Jul  1 18:38:09 2026 /rc=_RC_ALL_IS_WELL_ ---
*** files: caspt2_Q_ipea50.GssOrb caspt2_Q_ipea50.guessorb.h5 caspt2_Q_ipea50.guessorb.molden xmldump
    saved to directory <scratch-path-omitted>
--- Module seward spent 9 minutes 58 seconds ---

*** symbolic link created: INPORB -> caspt2_Q_ipea50.GssOrb
--- Start Module: rasscf at Wed Jul  1 18:38:10 2026 ---

()()()()()()()()()()()()()()()()()()()()()()()()()()()()()()()()()()()()()()()()()()()()()()()()()()

                                              &RASSCF

                       only a single process is used, running in SERIAL mode
                       available to each process: 12 GB of memory, 1 thread?
                                            pid: 657658
()()()()()()()()()()()()()()()()()()()()()()()()()()()()()()()()()()()()()()()()()()()()()()()()()()

 ###############################################################################
 ###############################################################################
 ###                                                                         ###
 ###                                                                         ###
 ###    WARNING: CHARGE and NACTEL are only compatible if INACTIVE           ###
 ###    is not given and the symmetry group is C1. Hence the                 ###
 ###    CHARGE command will be ignored.                                      ###
 ###                                                                         ###
 ###                                                                         ###
 ###############################################################################
 ###############################################################################

      Header of the ONEINT file:
      --------------------------
      
      Integrals generated by Gateway/Seward, Wed Jul  1 18:28:11 2026


      OrdInt status: non-squared


      Cartesian coordinates in Angstrom:
      -----------------------------------------------------
      No.  Label        X            Y            Z        
      -----------------------------------------------------
       1   C1         1.42924031  -0.00748264   0.02823884
       2   C2         0.70818144   1.24153737   0.02803895
       3   C3        -0.71862965   1.24472889  -0.02697471
       4   C4        -1.42924039   0.00748259   0.02823911
       5   C5        -0.70818155  -1.24153741   0.02803927
       6   C6         0.71862970  -1.24472887  -0.02697464
       7   C7         2.87344400  -0.01696604   0.00311114
       8   C8         1.42204247   2.49700128   0.00252559
       9   C9        -1.43037261   2.47753183  -0.11952247
      10   C10       -2.87344406   0.01696604   0.00311162
      11   C11       -1.42204255  -2.49700134   0.00252593
      12   C12        1.43037277  -2.47753176  -0.11952240
      13   C13        3.53919385   1.23273526   0.25394576
      14   C14        2.83716140   2.44872530   0.25380206
      15   C15        0.68834830   3.70078833  -0.08786789
      16   C16       -0.69276978   3.69238306  -0.15910225
      17   C17       -2.85131717   2.44617531  -0.15846379
      18   C18       -3.54911399   1.25433361  -0.08677346
      19   C19       -3.53919402  -1.23273526   0.25394612
      20   C20       -2.83716156  -2.44872541   0.25380223
      21   C21       -0.68834819  -3.70078845  -0.08786807
      22   C22        0.69276997  -3.69238305  -0.15910229
      23   C23        2.85131735  -2.44617519  -0.15846363
      24   C24        3.54911402  -1.25433341  -0.08677335
      25   H25        4.62151125   1.23379255   0.39517136
      26   H26        3.37923869   3.38551561   0.39495519
      27   H27        1.23256597   4.64756844  -0.08413234
      28   H28       -1.24098431   4.63367705  -0.23553410
      29   H29       -3.39241163   3.39159450  -0.23470201
      30   H30       -4.64115822   1.25645421  -0.08266621
      31   H31       -4.62151158  -1.23379256   0.39517159
      32   H32       -3.37923899  -3.38551587   0.39495488
      33   H33       -1.23256583  -4.64756868  -0.08413285
      34   H34        1.24098454  -4.63367703  -0.23553430
      35   H35        3.39241183  -3.39159438  -0.23470162
      36   H36        4.64115818  -1.25645388  -0.08266582
      37   NI37       2.11117059   1.21970454   1.86594902
      38   NI38      -2.11117054  -1.21970457   1.86594954
      -----------------------------------------------------
      Nuclear repulsion energy = 3152.76180619

++    Wave function specifications:
      -----------------------------

      Number of closed shell electrons         200
      Number of electrons in active shells      12
      Max number of holes in RAS1 space          0
      Max nr of electrons in RAS3 space          0
      Number of inactive orbitals              100
      Number of active orbitals                 12
      Number of secondary orbitals             794
      Spin quantum number                      2.0
      State symmetry                             1
--

++    Orbital specifications:
      -----------------------

      Symmetry species                           1
                                                 a
      Frozen orbitals                            0
      Inactive orbitals                        100
      Active orbitals                           12
      RAS1 orbitals                              0
      RAS2 orbitals                             12
      RAS3 orbitals                              0
      Secondary orbitals                       794
      Deleted orbitals                           0
      Number of basis functions                906
--

++    CI expansion specifications:
      ----------------------------

      Number of CSFs                        196625
      Number of determinants                245025
      Number of root(s) required                 5
      Root chosen for geometry opt.              5
      CI roots used                              1     2     3     4     5
      weights                                0.200 0.200 0.200 0.200 0.200
      highest root included in the CI            5
      max. size of the explicit Hamiltonian    200
--

++    Optimization specifications:
      ----------------------------

      RASSCF algorithm: LK RI/DF
      Maximum number of macro iterations       200
      Maximum number of SX iterations          100
      Threshold for RASSCF energy            1.000E-07
      Threshold for max MO rotation          1.000E-05
      Threshold for max BLB element          1.000E-05
      Level shift parameter                  5.000E-01
      Make Quasi-Newton update
--

      The MO-coefficients are taken from the file:
      <scratch-path-omitted>                                                                                                                                                                                           
      Title: B1 Ni2/coronene CAS(26,15) quintet natural orbitals (regenerated from rasscf.r

      Total molecular charge    0.00

      ************************************************************************************************************************
      *                                                                                                                      *
      *                                            Wave function control section                                             *
      *                                                                                                                      *
      ************************************************************************************************************************


                                         CASCI only, no orbital optimization will be done.
                                         -------------------------------------------------

      Iter CI   SX   CI       RASSCF       Energy    max ROT     max BLB   max BLB  Level Ln srch  Step   QN   Walltime
          iter iter root      energy       change     param      element    value   shift minimum  type update hh:mm:ss
 Nr of preliminary CI iterations:  33
        1   1    0    0 -3929.65178874    0.00E+00   0.00E+00   10 104 1  6.27E-02*  0.00   0.00    SX    NO    0:18:04

      ************************************************************************************************************************
                                                      Wave function printout:
                       occupation of active orbitals, and spin coupling of open shells (u,d: Spin up or down)
      ************************************************************************************************************************

      Note: transformation to natural orbitals
      has been made, which may change the order of the CSFs.

      printout of CI-coefficients larger than  0.05 for root  1
      energy=   -3929.685683
      conf/sym  111111111111     Coeff  Weight
             1  2222uuuu0000   0.91896 0.84449
             4  2222uuu00u00   0.30840 0.09511
            31  22u22uuu0000   0.12314 0.01516
            91  22u2u2uu0000   0.06724 0.00452
           226  2222u0uuu000  -0.05911 0.00349
           236  2222u0uu000u  -0.07045 0.00496
           336  22220uuu000u   0.05271 0.00278

      printout of CI-coefficients larger than  0.05 for root  2
      energy=   -3929.650639
      conf/sym  111111111111     Coeff  Weight
             2  2222uuu0u000   0.94429 0.89168
             8  2222uu0u00u0   0.15156 0.02297
            10  2222uu000uu0   0.08567 0.00734
            16  222u2uuu0000  -0.07679 0.00590
            32  22u22uu0u000   0.11647 0.01357
            46  2u222uuu0000   0.07176 0.00515
            92  22u2u2u0u000   0.06256 0.00391
           226  2222u0uuu000   0.08068 0.00651
           237  2222u0u0u00u  -0.07409 0.00549
           337  22220uu0u00u   0.05119 0.00262

      printout of CI-coefficients larger than  0.05 for root  3
      energy=   -3929.647904
      conf/sym  111111111111     Coeff  Weight
             2  2222uuu0u000  -0.10646 0.01133
            16  222u2uuu0000  -0.66635 0.44402
            19  222u2uu00u00  -0.17595 0.03096
            31  22u22uuu0000   0.11461 0.01314
            46  2u222uuu0000   0.62614 0.39206
            49  2u222uu00u00   0.17290 0.02989
            61  u2222uuu0000  -0.16257 0.02643
           136  22uu22uu0000  -0.05347 0.00286
           181  2uu222uu0000  -0.05458 0.00298
           256  222u20uu000u   0.05173 0.00268

      printout of CI-coefficients larger than  0.05 for root  4
      energy=   -3929.643066
      conf/sym  111111111111     Coeff  Weight
             1  2222uuuu0000   0.29877 0.08926
             4  2222uuu00u00  -0.90502 0.81907
             5  2222uu0u0u00  -0.08734 0.00763
            12  2222uu0u000u   0.08711 0.00759
            14  2222uu000u0u   0.05316 0.00283
            34  22u22uu00u00  -0.11372 0.01293
            94  22u2u2u00u00  -0.05950 0.00354
           227  2222u0uu0u00  -0.09251 0.00856
           228  2222u0u0uu00  -0.06461 0.00417
           239  2222u0u00u0u   0.07984 0.00638
           339  22220uu00u0u  -0.05438 0.00296
          3217  222uuu0udu00  -0.05547 0.00308

      printout of CI-coefficients larger than  0.05 for root  5
      energy=   -3929.631651
      conf/sym  111111111111     Coeff  Weight
             3  2222uu0uu000   0.76688 0.58811
             6  2222uu00uu00  -0.39239 0.15397
             7  2222uuu000u0   0.43836 0.19216
            33  22u22u0uu000   0.09222 0.00851
            37  22u22uu000u0   0.05634 0.00317
           226  2222u0uuu000   0.06357 0.00404
           238  2222u00uu00u  -0.05853 0.00343

      Natural orbitals and occupation numbers for root  1
      sym 1:   1.996112   1.998695   1.983916   1.986284   1.000184   0.999982   0.999377   0.999827   0.016829   0.010362
               0.004405   0.004027

      Natural orbitals and occupation numbers for root  2
      sym 1:   1.996837   1.990387   1.985716   1.982954   1.012626   1.000124   0.958911   0.055042   0.957917   0.012030
               0.040241   0.007214

      Natural orbitals and occupation numbers for root  3
      sym 1:   1.996161   1.986664   1.981832   1.012903   1.987315   1.000063   0.999059   0.986798   0.029696   0.010006
               0.004498   0.005005

      Natural orbitals and occupation numbers for root  4
      sym 1:   1.998550   1.995294   1.984848   1.983779   1.000389   1.000241   0.979679   0.023735   0.019566   0.989192
               0.008276   0.016450

      Natural orbitals and occupation numbers for root  5
      sym 1:   1.998025   1.995455   1.986462   1.987501   1.001493   1.000938   0.213764   0.789467   0.799812   0.010739
               0.209581   0.006763

      ************************************************************************************************************************
      *                                                                                                                      *
      *                                                    Final results                                                     *
      *                                                                                                                      *
      ************************************************************************************************************************


++    Wave function specifications:
      -----------------------------

      Number of closed shell electrons         200
      Number of electrons in active shells      12
      Max number of holes in RAS1 space          0
      Max nr of electrons in RAS3 space          0
      Number of inactive orbitals              100
      Number of active orbitals                 12
      Number of secondary orbitals             794
      Spin quantum number                      2.0
      State symmetry                             1
--

++    Orbital specifications:
      -----------------------

      Symmetry species                           1
                                                 a
      Frozen orbitals                            0
      Inactive orbitals                        100
      Active orbitals                           12
      RAS1 orbitals                              0
      RAS2 orbitals                             12
      RAS3 orbitals                              0
      Secondary orbitals                       794
      Deleted orbitals                           0
      Number of basis functions                906
--

++    CI expansion specifications:
      ----------------------------

      Number of CSFs                        196625
      Number of determinants                245025
      Number of root(s) required                 5
      CI roots used                              1     2     3     4     5
      weights                                0.200 0.200 0.200 0.200 0.200
      highest root included in the CI            5
      Root passed to geometry opt.               5
--

++    Final optimization conditions:
      ------------------------------

      Average CI energy                           -3929.65178857
      RASSCF energy for state  5                  -3929.63165078
      Super-CI energy                                 0.00000000
      RASSCF energy change                            0.00000000
      Max change in MO coefficients               0.000E+00
      Max non-diagonal density matrix element     0.000E+00
      Maximum BLB matrix element                  6.275E-02
      (orbital pair  10, 104 in symmetry   1)
      Norm of electronic gradient            2.877E-01
--


      Final state energy(ies):
      ------------------------

::    RASSCF root number  1 Total energy:  -3929.68568287
::    RASSCF root number  2 Total energy:  -3929.65063902
::    RASSCF root number  3 Total energy:  -3929.64790382
::    RASSCF root number  4 Total energy:  -3929.64306635
::    RASSCF root number  5 Total energy:  -3929.63165078

++    Molecular orbitals:
      -------------------

      All orbitals are eigenfunctions of the PT2 Fock matrix


      MOLECULAR ORBITALS FOR SYMMETRY SPECIES 1: a  

      INDEX  OCCUPATION  COEFFICIENTS ...
          1 -305.3997                                                                                                                     
               817 NI37   1s     ( 0.9977)
          2 -305.3942                                                                                                                     
               862 NI38   1s     (-0.9977)
          3  -37.6782                                                                                                                     
               817 NI37   1s     (-0.3187) 818 NI37   2s     ( 1.0382)
          4  -37.6729                                                                                                                     
               862 NI38   1s     ( 0.3187) 863 NI38   2s     (-1.0383)
          5  -32.7143                                                                                                                     
               823 NI37   2px    (-0.7438) 827 NI37   2py    (-0.6492)
          6  -32.7097                                                                                                                     
               823 NI37   2px    (-0.1136) 831 NI37   2pz    (-0.9847)
          7  -32.7053                                                                                                                     
               868 NI38   2px    ( 0.6715) 872 NI38   2py    ( 0.3194) 876 NI38   2pz    (-0.6553)
          8  -32.7042                                                                                                                     
               868 NI38   2px    ( 0.5918) 872 NI38   2py    ( 0.2815) 876 NI38   2pz    ( 0.7436)
          9  -32.6946                                                                                                                     
               823 NI37   2px    (-0.6448) 827 NI37   2py    ( 0.7485)
         10  -32.6935                                                                                                                     
               868 NI38   2px    ( 0.4255) 872 NI38   2py    (-0.8946)
         11  -11.2739                                                                                                                     
                 1 C1     1s     ( 0.4642)   2 C1     2s     ( 0.6081)
         12  -11.2726                                                                                                                     
                94 C4     1s     ( 0.3825)  95 C4     2s     ( 0.5010) 125 C5     1s     ( 0.2676) 126 C5     2s     ( 0.3505)
      
         13  -11.2716                                                                                                                     
                94 C4     1s     (-0.2676)  95 C4     2s     (-0.3506) 125 C5     1s     ( 0.3823) 126 C5     2s     ( 0.5008)
      
         14  -11.2695                                                                                                                     
                32 C2     1s     (-0.4638)  33 C2     2s     (-0.6076)
         15  -11.2658                                                                                                                     
               373 C13    1s     ( 0.3706) 374 C13    2s     ( 0.4855) 404 C14    1s     ( 0.2809) 405 C14    2s     ( 0.3680)
      
         16  -11.2646                                                                                                                     
               373 C13    1s     (-0.2786) 374 C13    2s     (-0.3650) 404 C14    1s     ( 0.3706) 405 C14    2s     ( 0.4855)
      
         17  -11.2629                                                                                                                     
               311 C11    1s     ( 0.4409) 312 C11    2s     ( 0.5776) 590 C20    1s     ( 0.1485) 591 C20    2s     ( 0.1945)
      
         18  -11.2620                                                                                                                     
               280 C10    1s     (-0.4243) 281 C10    2s     (-0.5558) 559 C19    1s     (-0.1605) 560 C19    2s     (-0.2102)
               591 C20    2s     (-0.1242)
         19  -11.2614                                                                                                                     
               187 C7     1s     ( 0.4631) 188 C7     2s     ( 0.6066)
         20  -11.2614                                                                                                                     
               280 C10    1s     (-0.1613) 281 C10    2s     (-0.2113) 311 C11    1s     (-0.1380) 312 C11    2s     (-0.1807)
               559 C19    1s     ( 0.1485) 560 C19    2s     ( 0.1945) 590 C20    1s     ( 0.3891) 591 C20    2s     ( 0.5097)
      
         21  -11.2601                                                                                                                     
               218 C8     1s     (-0.4644) 219 C8     2s     (-0.6083)
         22  -11.2600                                                                                                                     
               280 C10    1s     (-0.1085) 281 C10    2s     (-0.1421) 559 C19    1s     ( 0.4118) 560 C19    2s     ( 0.5394)
               590 C20    1s     (-0.1903) 591 C20    2s     (-0.2492)
         23  -11.2555                                                                                                                     
               156 C6     1s     ( 0.4667) 157 C6     2s     ( 0.6113)
         24  -11.2553                                                                                                                     
                63 C3     1s     (-0.4666)  64 C3     2s     (-0.6113)
         25  -11.2401                                                                                                                     
               342 C12    1s     ( 0.4496) 343 C12    2s     ( 0.5889) 653 C22    2s     ( 0.1145) 684 C23    2s     ( 0.1103)
      
         26  -11.2387                                                                                                                     
               621 C21    1s     (-0.4313) 622 C21    2s     (-0.5650) 652 C22    1s     (-0.1676) 653 C22    2s     (-0.2196)
      
         27  -11.2383                                                                                                                     
               249 C9     1s     ( 0.4222) 250 C9     2s     ( 0.5530) 497 C17    1s     ( 0.1620) 498 C17    2s     ( 0.2123)
               529 C18    2s     ( 0.1208)
         28  -11.2380                                                                                                                     
               683 C23    1s     ( 0.2642) 684 C23    2s     ( 0.3461) 714 C24    1s     ( 0.3784) 715 C24    2s     ( 0.4957)
      
         29  -11.2375                                                                                                                     
               249 C9     1s     (-0.1535) 250 C9     2s     (-0.2011) 497 C17    1s     ( 0.1927) 498 C17    2s     ( 0.2524)
               528 C18    1s     ( 0.3953) 529 C18    2s     ( 0.5179)
         30  -11.2369                                                                                                                     
               621 C21    1s     ( 0.1694) 622 C21    2s     ( 0.2219) 652 C22    1s     (-0.4097) 653 C22    2s     (-0.5368)
               683 C23    1s     ( 0.1001) 684 C23    2s     ( 0.1311) 715 C24    2s     (-0.1260)
         31  -11.2366                                                                                                                     
               343 C12    2s     (-0.1004) 652 C22    1s     ( 0.1207) 653 C22    2s     ( 0.1581) 683 C23    1s     ( 0.3619)
               684 C23    2s     ( 0.4741) 714 C24    1s     (-0.2557) 715 C24    2s     (-0.3350)
         32  -11.2361                                                                                                                     
               435 C15    1s     ( 0.1492) 436 C15    2s     ( 0.1955) 466 C16    1s     ( 0.1328) 467 C16    2s     ( 0.1740)
               497 C17    1s     (-0.3582) 498 C17    2s     (-0.4693) 528 C18    1s     ( 0.2156) 529 C18    2s     ( 0.2825)
      
         33  -11.2359                                                                                                                     
               250 C9     2s     ( 0.1240) 435 C15    1s     (-0.3565) 436 C15    2s     (-0.4670) 466 C16    1s     (-0.2206)
               467 C16    2s     (-0.2890) 497 C17    1s     (-0.1629) 498 C17    2s     (-0.2134) 529 C18    2s     ( 0.1113)
      
         34  -11.2345                                                                                                                     
               435 C15    1s     (-0.2622) 436 C15    2s     (-0.3435) 466 C16    1s     ( 0.3819) 467 C16    2s     ( 0.5003)
      
         35   -4.6630                                                                                                                     
               818 NI37   2s     (-0.3894) 819 NI37   3s     ( 0.5266) 820 NI37   4s     ( 0.4018) 863 NI38   2s     ( 0.2499)
               864 NI38   3s     (-0.3382) 865 NI38   4s     (-0.2581)
         36   -4.6572                                                                                                                     
               818 NI37   2s     (-0.2493) 819 NI37   3s     ( 0.3371) 820 NI37   4s     ( 0.2571) 863 NI38   2s     (-0.3892)
               864 NI38   3s     ( 0.5264) 865 NI38   4s     ( 0.4014)
         37   -3.0781                                                                                                                     
               823 NI37   2px    (-0.2135) 824 NI37   3px    ( 0.4870) 825 NI37   *px    ( 0.1531) 827 NI37   2py    (-0.1954)
               828 NI37   3py    ( 0.4456) 829 NI37   *py    ( 0.1403) 831 NI37   2pz    ( 0.2440) 832 NI37   3pz    (-0.5567)
               833 NI37   *pz    (-0.1747)
         38   -3.0757                                                                                                                     
               823 NI37   2px    (-0.1836) 824 NI37   3px    ( 0.4189) 825 NI37   *px    ( 0.1319) 827 NI37   2py    (-0.1495)
               828 NI37   3py    ( 0.3411) 829 NI37   *py    ( 0.1075) 831 NI37   2pz    (-0.2795) 832 NI37   3pz    ( 0.6376)
               833 NI37   *pz    ( 0.2005) 877 NI38   3pz    (-0.2111)
         39   -3.0707                                                                                                                     
               832 NI37   3pz    ( 0.1271) 868 NI38   2px    ( 0.1547) 869 NI38   3px    (-0.3530) 870 NI38   *px    (-0.1110)
               873 NI38   3py    (-0.1675) 876 NI38   2pz    (-0.3301) 877 NI38   3pz    ( 0.7529) 878 NI38   *pz    ( 0.2368)
      
         40   -3.0674                                                                                                                     
               824 NI37   3px    ( 0.1199) 832 NI37   3pz    ( 0.1096) 868 NI38   2px    (-0.2955) 869 NI38   3px    ( 0.6738)
               870 NI38   *px    ( 0.2118) 872 NI38   2py    (-0.1585) 873 NI38   3py    ( 0.3613) 874 NI38   *py    ( 0.1135)
               876 NI38   2pz    (-0.1595) 877 NI38   3pz    ( 0.3638) 878 NI38   *pz    ( 0.1141)
         41   -3.0609                                                                                                                     
               823 NI37   2px    (-0.2247) 824 NI37   3px    ( 0.5122) 825 NI37   *px    ( 0.1615) 827 NI37   2py    ( 0.2628)
               828 NI37   3py    (-0.5990) 829 NI37   *py    (-0.1890) 869 NI38   3px    ( 0.1079) 872 NI38   2py    ( 0.1454)
               873 NI38   3py    (-0.3314) 874 NI38   *py    (-0.1045)
         42   -3.0584                                                                                                                     
               824 NI37   3px    (-0.2214) 827 NI37   2py    (-0.1134) 828 NI37   3py    ( 0.2585) 868 NI38   2px    (-0.1704)
               869 NI38   3px    ( 0.3883) 870 NI38   *px    ( 0.1226) 872 NI38   2py    ( 0.3022) 873 NI38   3py    (-0.6887)
               874 NI38   *py    (-0.2174)
         43   -1.2269                                                                                                                     
                 3 C1     *s     ( 0.1125)   4 C1     *s     ( 0.1070)  34 C2     *s     ( 0.1110)  35 C2     *s     ( 0.1056)
                65 C3     *s     ( 0.1022)  96 C4     *s     ( 0.1113)  97 C4     *s     ( 0.1057) 127 C5     *s     ( 0.1119)
               128 C5     *s     ( 0.1062) 158 C6     *s     ( 0.1040)
         44   -1.1864                                                                                                                     
                 5 C1     *s     (-0.1039)  36 C2     *s     (-0.1019)  70 C3     *px    ( 0.1176)  98 C4     *s     ( 0.1005)
               129 C5     *s     ( 0.1019) 163 C6     *px    ( 0.1125) 189 C7     *s     (-0.1029) 220 C8     *s     (-0.1001)
               282 C10    *s     ( 0.1007) 313 C11    *s     ( 0.1016)
         45   -1.1703                                                                                                                     
                11 C1     *py    (-0.1264)  39 C2     *px    ( 0.1072)  65 C3     *s     ( 0.1041)  67 C3     *s     ( 0.1365)
               104 C4     *py    (-0.1116) 158 C6     *s     (-0.1029) 160 C6     *s     (-0.1358) 251 C9     *s     ( 0.1131)
               252 C9     *s     ( 0.1037) 344 C12    *s     (-0.1139) 345 C12    *s     (-0.1046)
         46   -1.1202                                                                                                                     
                67 C3     *s     ( 0.1349) 160 C6     *s     ( 0.1329) 252 C9     *s     ( 0.1045) 345 C12    *s     ( 0.1045)
               375 C13    *s     (-0.1145) 376 C13    *s     (-0.1073) 406 C14    *s     (-0.1108) 407 C14    *s     (-0.1043)
               561 C19    *s     (-0.1121) 562 C19    *s     (-0.1048) 592 C20    *s     (-0.1094) 593 C20    *s     (-0.1024)
      
         47   -1.1147                                                                                                                     
                 5 C1     *s     ( 0.1341)  11 C1     *py    ( 0.1540)  36 C2     *s     (-0.1350)  39 C2     *px    (-0.1089)
                42 C2     *py    ( 0.1163)  98 C4     *s     ( 0.1200) 104 C4     *py    (-0.1583) 129 C5     *s     (-0.1215)
               132 C5     *px    ( 0.1167) 135 C5     *py    (-0.1100) 189 C7     *s     ( 0.1004) 190 C7     *s     ( 0.1064)
               220 C8     *s     (-0.1067) 221 C8     *s     (-0.1125) 282 C10    *s     ( 0.1009) 283 C10    *s     ( 0.1063)
               313 C11    *s     (-0.1040) 314 C11    *s     (-0.1093) 437 C15    *s     (-0.1012) 530 C18    *s     ( 0.1043)
               623 C21    *s     (-0.1026) 716 C24    *s     ( 0.1035)
         48   -1.0961                                                                                                                     
      
         49   -1.0565                                                                                                                     
               375 C13    *s     (-0.1055) 376 C13    *s     (-0.1094) 406 C14    *s     (-0.1051) 407 C14    *s     (-0.1090)
               561 C19    *s     ( 0.1068) 562 C19    *s     ( 0.1097) 592 C20    *s     ( 0.1086) 593 C20    *s     ( 0.1123)
      
         50   -1.0426                                                                                                                     
                 5 C1     *s     (-0.1686)  36 C2     *s     ( 0.1661)  67 C3     *s     (-0.1260)  98 C4     *s     ( 0.1632)
               129 C5     *s     (-0.1624) 160 C6     *s     ( 0.1267) 189 C7     *s     ( 0.1096) 190 C7     *s     ( 0.1131)
               220 C8     *s     (-0.1089) 221 C8     *s     (-0.1123) 251 C9     *s     ( 0.1127) 252 C9     *s     ( 0.1109)
               282 C10    *s     (-0.1088) 283 C10    *s     (-0.1119) 313 C11    *s     ( 0.1093) 314 C11    *s     ( 0.1128)
               344 C12    *s     (-0.1131) 345 C12    *s     (-0.1113)
         51   -1.0269                                                                                                                     
                 3 C1     *s     (-0.1252)   4 C1     *s     (-0.1349)  34 C2     *s     (-0.1207)  35 C2     *s     (-0.1299)
                96 C4     *s     ( 0.1240)  97 C4     *s     ( 0.1329) 127 C5     *s     ( 0.1216) 128 C5     *s     ( 0.1302)
      
         52   -1.0167                                                                                                                     
                65 C3     *s     ( 0.1451)  66 C3     *s     ( 0.1484) 158 C6     *s     (-0.1453) 159 C6     *s     (-0.1488)
      
         53   -0.9754                                                                                                                     
                11 C1     *py    ( 0.1127) 104 C4     *py    (-0.1148) 221 C8     *s     (-0.1048) 314 C11    *s     (-0.1032)
               375 C13    *s     ( 0.1032) 376 C13    *s     ( 0.1190) 530 C18    *s     (-0.1122) 531 C18    *s     (-0.1062)
               561 C19    *s     ( 0.1062) 562 C19    *s     ( 0.1210) 716 C24    *s     (-0.1123) 717 C24    *s     (-0.1061)
      
         54   -0.9740                                                                                                                     
                11 C1     *py    (-0.1014)  39 C2     *px    ( 0.1196) 104 C4     *py    ( 0.1064) 132 C5     *px    (-0.1283)
               190 C7     *s     (-0.1055) 282 C10    *s     (-0.1011) 283 C10    *s     (-0.1074) 406 C14    *s     ( 0.1006)
               407 C14    *s     ( 0.1156) 437 C15    *s     (-0.1092) 438 C15    *s     (-0.1041) 592 C20    *s     ( 0.1030)
               593 C20    *s     ( 0.1162) 623 C21    *s     (-0.1046) 624 C21    *s     (-0.1007)
         55   -0.8745                                                                                                                     
               252 C9     *s     (-0.1123) 345 C12    *s     ( 0.1215) 376 C13    *s     ( 0.1119) 407 C14    *s     (-0.1291)
               562 C19    *s     (-0.1020) 593 C20    *s     ( 0.1004) 623 C21    *s     (-0.1026) 624 C21    *s     (-0.1092)
      
         56   -0.8730                                                                                                                     
               190 C7     *s     ( 0.1034) 221 C8     *s     ( 0.1086) 283 C10    *s     (-0.1001) 314 C11    *s     (-0.1154)
               499 C17    *s     ( 0.1050) 500 C17    *s     ( 0.1167) 654 C22    *s     ( 0.1093) 655 C22    *s     ( 0.1221)
               686 C23    *s     (-0.1019)
         57   -0.8720                                                                                                                     
                 4 C1     *s     (-0.1074)   5 C1     *s     (-0.1912)  11 C1     *py    (-0.1656)  34 C2     *s     ( 0.1057)
                35 C2     *s     ( 0.1385)  36 C2     *s     ( 0.1862)  39 C2     *px    ( 0.1652)  70 C3     *px    ( 0.1146)
                96 C4     *s     (-0.1044)  97 C4     *s     (-0.1321)  98 C4     *s     (-0.1903) 104 C4     *py    ( 0.1815)
               128 C5     *s     ( 0.1203) 129 C5     *s     ( 0.2030) 132 C5     *px    (-0.1484) 593 C20    *s     (-0.1040)
      
         58   -0.8711                                                                                                                     
                65 C3     *s     ( 0.1166)  66 C3     *s     ( 0.1472) 158 C6     *s     ( 0.1099) 159 C6     *s     ( 0.1375)
      
         59   -0.8526                                                                                                                     
      
         60   -0.7878                                                                                                                     
                11 C1     *py    (-0.1491)  39 C2     *px    ( 0.1320)  70 C3     *px    ( 0.1408) 104 C4     *py    ( 0.1520)
               132 C5     *px    (-0.1368) 163 C6     *px    (-0.1446) 376 C13    *s     (-0.1188) 377 C13    *s     (-0.1291)
               407 C14    *s     ( 0.1207) 408 C14    *s     ( 0.1314) 438 C15    *s     (-0.1006) 439 C15    *s     (-0.1147)
               469 C16    *s     ( 0.1127) 470 C16    *s     ( 0.1263) 500 C17    *s     (-0.1114) 501 C17    *s     (-0.1250)
               531 C18    *s     ( 0.1018) 532 C18    *s     ( 0.1153) 562 C19    *s     (-0.1198) 563 C19    *s     (-0.1296)
               593 C20    *s     ( 0.1194) 594 C20    *s     ( 0.1289) 624 C21    *s     (-0.1025) 625 C21    *s     (-0.1145)
               655 C22    *s     ( 0.1110) 656 C22    *s     ( 0.1243) 686 C23    *s     (-0.1121) 687 C23    *s     (-0.1249)
               717 C24    *s     ( 0.1011) 718 C24    *s     ( 0.1126)
         61   -0.7705                                                                                                                     
                 4 C1     *s     (-0.1019)  35 C2     *s     ( 0.1031)  66 C3     *s     (-0.1141)  97 C4     *s     ( 0.1037)
               128 C5     *s     (-0.1039) 129 C5     *s     (-0.1006) 159 C6     *s     ( 0.1130)
         62   -0.7523                                                                                                                     
      
         63   -0.7482                                                                                                                     
                 5 C1     *s     (-0.1091)  36 C2     *s     ( 0.1124)  98 C4     *s     ( 0.1097) 129 C5     *s     (-0.1100)
               252 C9     *s     (-0.1160) 253 C9     *s     (-0.1151) 345 C12    *s     ( 0.1159) 346 C12    *s     ( 0.1150)
      
         64   -0.7326                                                                                                                     
                 9 C1     2py    ( 0.1113) 102 C4     2py    ( 0.1120)
         65   -0.7081                                                                                                                     
      
         66   -0.6655                                                                                                                     
                66 C3     *s     ( 0.1028) 159 C6     *s     ( 0.1027) 378 C13    2px    (-0.1175) 409 C14    2px    (-0.1050)
               564 C19    2px    ( 0.1113) 595 C20    2px    ( 0.1082)
         67   -0.6552                                                                                                                     
                 4 C1     *s     ( 0.1039)   5 C1     *s     ( 0.1293)  35 C2     *s     (-0.1025)  36 C2     *s     (-0.1218)
                97 C4     *s     ( 0.1043)  98 C4     *s     ( 0.1117) 128 C5     *s     (-0.1011) 129 C5     *s     (-0.1114)
               443 C15    2py    (-0.1190) 474 C16    2py    (-0.1064) 629 C21    2py    ( 0.1191) 660 C22    2py    ( 0.1072)
      
         68   -0.6490                                                                                                                     
                 5 C1     *s     ( 0.1730)  36 C2     *s     (-0.1852)  68 C3     2px    (-0.1130)  98 C4     *s     ( 0.1973)
               129 C5     *s     (-0.1971) 161 C6     2px    ( 0.1115) 190 C7     *s     (-0.1048) 191 C7     *s     (-0.1269)
               221 C8     *s     ( 0.1052) 222 C8     *s     ( 0.1275) 283 C10    *s     (-0.1071) 284 C10    *s     (-0.1239)
               314 C11    *s     ( 0.1025) 315 C11    *s     ( 0.1246) 377 C13    *s     ( 0.1084) 408 C14    *s     (-0.1038)
               563 C19    *s     ( 0.1047) 594 C20    *s     (-0.1042)
         69   -0.6454                                                                                                                     
               381 C13    2py    ( 0.1303) 382 C13    *py    ( 0.1023) 412 C14    2py    (-0.1446) 413 C14    *py    (-0.1151)
               567 C19    2py    ( 0.1241) 598 C20    2py    (-0.1393) 599 C20    *py    (-0.1112)
         70   -0.6428                                                                                                                     
                 9 C1     2py    ( 0.1170) 102 C4     2py    (-0.1177) 252 C9     *s     ( 0.1256) 345 C12    *s     ( 0.1259)
      
         71   -0.6398                                                                                                                     
               440 C15    2px    ( 0.1357) 441 C15    *px    ( 0.1045) 471 C16    2px    (-0.1218) 505 C17    2py    ( 0.1030)
               536 C18    2py    (-0.1140) 626 C21    2px    ( 0.1356) 627 C21    *px    ( 0.1044) 657 C22    2px    (-0.1226)
               691 C23    2py    ( 0.1030) 722 C24    2py    (-0.1135)
         72   -0.6022                                                                                                                     
                12 C1     2pz    ( 0.1008)  43 C2     2pz    ( 0.1019)  44 C2     *pz    ( 0.1006) 136 C5     2pz    ( 0.1005)
               253 C9     *s     (-0.1043) 346 C12    *s     (-0.1022)
         73   -0.5994                                                                                                                     
                 5 C1     *s     ( 0.2225)  36 C2     *s     (-0.1284)  98 C4     *s     (-0.2353) 129 C5     *s     ( 0.1244)
               135 C5     *py    ( 0.1211) 164 C6     2py    ( 0.1268) 165 C6     *py    ( 0.1017) 166 C6     *py    (-0.1085)
               346 C12    *s     (-0.1255) 629 C21    2py    ( 0.1373) 752 H26    *s     (-0.1050) 794 H33    *s     (-0.1090)
      
         74   -0.5990                                                                                                                     
                36 C2     *s     ( 0.2041)  37 C2     2px    (-0.1317)  38 C2     *px    (-0.1059)  68 C3     2px    ( 0.1330)
                69 C3     *px    ( 0.1069) 129 C5     *s     (-0.2044) 130 C5     2px    (-0.1266) 131 C5     *px    (-0.1036)
               161 C6     2px    ( 0.1286) 162 C6     *px    ( 0.1026) 378 C13    2px    (-0.1280) 379 C13    *px    (-0.1076)
               533 C18    2px    ( 0.1253) 564 C19    2px    (-0.1143) 719 C24    2px    ( 0.1096) 746 H25    *s     (-0.1002)
      
         75   -0.5969                                                                                                                     
               443 C15    2py    ( 0.1048) 598 C20    2py    (-0.1102)
         76   -0.5896                                                                                                                     
                 9 C1     2py    ( 0.1030)  40 C2     2py    (-0.1244) 102 C4     2py    ( 0.1028) 133 C5     2py    (-0.1209)
               474 C16    2py    (-0.1212) 660 C22    2py    (-0.1171)
         77   -0.5739                                                                                                                     
               253 C9     *s     (-0.1062) 346 C12    *s     (-0.1079) 381 C13    2py    ( 0.1349) 382 C13    *py    ( 0.1100)
               412 C14    2py    (-0.1178) 440 C15    2px    ( 0.1046) 567 C19    2py    (-0.1341) 568 C19    *py    (-0.1085)
               598 C20    2py    ( 0.1178) 626 C21    2px    (-0.1015)
         78   -0.5689                                                                                                                     
                 8 C1     *px    ( 0.1152)  11 C1     *py    (-0.1372)  42 C2     *py    (-0.1728) 104 C4     *py    ( 0.1440)
               135 C5     *py    ( 0.1585) 440 C15    2px    (-0.1313) 441 C15    *px    (-0.1006) 471 C16    2px    ( 0.1433)
               472 C16    *px    ( 0.1125) 505 C17    2py    ( 0.1316) 506 C17    *py    ( 0.1025) 536 C18    2py    (-0.1235)
               626 C21    2px    ( 0.1341) 627 C21    *px    ( 0.1029) 657 C22    2px    (-0.1453) 658 C22    *px    (-0.1135)
               691 C23    2py    (-0.1340) 692 C23    *py    (-0.1041) 722 C24    2py    ( 0.1259)
         79   -0.5552                                                                                                                     
               198 C7     2pz    (-0.1063) 199 C7     *pz    (-0.1038) 229 C8     2pz    (-0.1008) 322 C11    2pz    ( 0.1078)
               323 C11    *pz    ( 0.1049)
         80   -0.5426                                                                                                                     
                 5 C1     *s     (-0.1523)  36 C2     *s     ( 0.1555) 223 C8     2px    (-0.1180) 378 C13    2px    (-0.1128)
               409 C14    2px    ( 0.1165) 502 C17    2px    ( 0.1011) 533 C18    2px    (-0.1091) 629 C21    2py    ( 0.1131)
               660 C22    2py    (-0.1093) 746 H25    *s     (-0.1101) 752 H26    *s     ( 0.1115) 776 H30    *s     ( 0.1042)
               794 H33    *s     (-0.1027)
         81   -0.5417                                                                                                                     
                 5 C1     *s     ( 0.1122)  36 C2     *s     (-0.1108)  98 C4     *s     (-0.1801) 129 C5     *s     ( 0.1881)
               316 C11    2px    ( 0.1099) 443 C15    2py    (-0.1099) 474 C16    2py    ( 0.1112) 564 C19    2px    ( 0.1105)
               595 C20    2px    (-0.1086) 688 C23    2px    (-0.1030) 719 C24    2px    ( 0.1053) 758 H27    *s     (-0.1016)
               782 H31    *s     (-0.1078) 788 H32    *s     ( 0.1091) 812 H36    *s     ( 0.1024)
         82   -0.5319                                                                                                                     
      
         83   -0.5276                                                                                                                     
               195 C7     2py    ( 0.1003) 288 C10    2py    ( 0.1015) 536 C18    2py    (-0.1131) 722 C24    2py    (-0.1110)
      
         84   -0.5181                                                                                                                     
                71 C3     2py    (-0.1074) 164 C6     2py    (-0.1100)
         85   -0.5159                                                                                                                     
               254 C9     2px    ( 0.1236) 347 C12    2px    ( 0.1233) 470 C16    *s     ( 0.1193) 471 C16    2px    (-0.1013)
               501 C17    *s     (-0.1186) 502 C17    2px    (-0.1201) 533 C18    2px    ( 0.1038) 656 C22    *s     (-0.1189)
               687 C23    *s     ( 0.1210) 688 C23    2px    (-0.1201) 719 C24    2px    ( 0.1035)
         86   -0.4825                                                                                                                     
               835 NI37   3d2-   (-0.2718) 836 NI37   *d2-   (-0.1825) 837 NI37   *d2-   (-0.1189) 843 NI37   3d0    ( 0.4674)
               844 NI37   *d0    ( 0.3113) 845 NI37   *d0    ( 0.2009)
         87   -0.4749                                                                                                                     
                39 C2     *px    ( 0.1130) 843 NI37   3d0    ( 0.1506) 844 NI37   *d0    ( 0.1004) 880 NI38   3d2-   ( 0.1607)
               881 NI38   *d2-   ( 0.1078) 888 NI38   3d0    (-0.2668) 889 NI38   *d0    (-0.1777) 890 NI38   *d0    (-0.1153)
               896 NI38   3d2+   ( 0.1109)
         88   -0.4713                                                                                                                     
                37 C2     2px    ( 0.1074)  68 C3     2px    (-0.1051)  99 C4     2px    ( 0.1055) 104 C4     *py    (-0.1038)
               191 C7     *s     (-0.1556) 222 C8     *s     ( 0.1123) 284 C10    *s     (-0.1765) 285 C10    2px    (-0.1050)
               315 C11    *s     ( 0.1031) 888 NI38   3d0    ( 0.1533) 889 NI38   *d0    ( 0.1021)
         89   -0.4708                                                                                                                     
                11 C1     *py    ( 0.1435)  39 C2     *px    (-0.1265)  70 C3     *px    (-0.1343)  73 C3     *py    (-0.1049)
               104 C4     *py    (-0.1538) 129 C5     *s     ( 0.1297) 132 C5     *px    ( 0.1163) 163 C6     *px    ( 0.1244)
               843 NI37   3d0    ( 0.1118) 888 NI38   3d0    ( 0.3460) 889 NI38   *d0    ( 0.2306) 890 NI38   *d0    ( 0.1502)
      
         90   -0.4670                                                                                                                     
                11 C1     *py    ( 0.3841)  39 C2     *px    (-0.3640)  42 C2     *py    ( 0.1433)  70 C3     *px    (-0.3582)
                73 C3     *py    (-0.2421)  98 C4     *s     (-0.1426) 101 C4     *px    (-0.1164) 104 C4     *py    (-0.4057)
               129 C5     *s     ( 0.1245) 132 C5     *px    ( 0.4149) 163 C6     *px    ( 0.3930) 166 C6     *py    ( 0.1955)
               292 C10    *pz    ( 0.1004) 880 NI38   3d2-   ( 0.1536) 881 NI38   *d2-   ( 0.1029) 888 NI38   3d0    (-0.2162)
               889 NI38   *d0    (-0.1441)
         91   -0.4630                                                                                                                     
                11 C1     *py    ( 0.1396)  39 C2     *px    (-0.1539)  70 C3     *px    (-0.1611) 104 C4     *py    (-0.1722)
               132 C5     *px    ( 0.1799) 163 C6     *px    ( 0.1630) 260 C9     2pz    ( 0.1255) 261 C9     *pz    ( 0.1257)
               353 C12    2pz    ( 0.1216) 354 C12    *pz    ( 0.1216) 415 C14    2pz    (-0.1051) 416 C14    *pz    (-0.1042)
               843 NI37   3d0    (-0.1113) 880 NI38   3d2-   (-0.1010) 896 NI38   3d2+   (-0.1045)
         92   -0.4387                                                                                                                     
                67 C3     *s     ( 0.1511) 439 C15    *s     (-0.1115) 835 NI37   3d2-   ( 0.2443) 836 NI37   *d2-   ( 0.1635)
               837 NI37   *d2-   ( 0.1061) 843 NI37   3d0    ( 0.1753) 844 NI37   *d0    ( 0.1170) 851 NI37   3d2+   ( 0.2935)
               852 NI37   *d2+   ( 0.1973) 853 NI37   *d2+   ( 0.1292) 880 NI38   3d2-   (-0.1023)
         93   -0.4361                                                                                                                     
               851 NI37   3d2+   ( 0.1254) 880 NI38   3d2-   (-0.3032) 881 NI38   *d2-   (-0.2034) 882 NI38   *d2-   (-0.1327)
               888 NI38   3d0    (-0.1930) 889 NI38   *d0    (-0.1289) 896 NI38   3d2+   (-0.1079)
         94   -0.4282                                                                                                                     
                 5 C1     *s     ( 0.1004)  36 C2     *s     (-0.1146)  67 C3     *s     ( 0.1473) 132 C5     *px    ( 0.1309)
               160 C6     *s     (-0.2102) 835 NI37   3d2-   (-0.1201) 888 NI38   3d0    (-0.1083) 896 NI38   3d2+   (-0.4919)
               897 NI38   *d2+   (-0.3313) 898 NI38   *d2+   (-0.2174)
         95   -0.4270                                                                                                                     
                67 C3     *s     ( 0.1153) 835 NI37   3d2-   ( 0.2641) 836 NI37   *d2-   ( 0.1773) 837 NI37   *d2-   ( 0.1150)
               843 NI37   3d0    ( 0.1540) 844 NI37   *d0    ( 0.1027) 880 NI38   3d2-   ( 0.3585) 881 NI38   *d2-   ( 0.2408)
               882 NI38   *d2-   ( 0.1566) 888 NI38   3d0    ( 0.1002) 896 NI38   3d2+   (-0.1244)
         96   -0.4182                                                                                                                     
                 8 C1     *px    (-0.1020)  39 C2     *px    ( 0.1043)  67 C3     *s     ( 0.1722) 160 C6     *s     (-0.1389)
               168 C6     *pz    (-0.1015) 835 NI37   3d2-   (-0.2612) 836 NI37   *d2-   (-0.1762) 837 NI37   *d2-   (-0.1164)
               851 NI37   3d2+   ( 0.3670) 852 NI37   *d2+   ( 0.2478) 853 NI37   *d2+   ( 0.1637) 880 NI38   3d2-   ( 0.1040)
      
         97   -0.3968                                                                                                                     
                 5 C1     *s     (-0.1836)  12 C1     2pz    ( 0.1142)  13 C1     *pz    ( 0.1176)  36 C2     *s     (-0.1397)
                39 C2     *px    ( 0.1170)  43 C2     2pz    ( 0.1015)  44 C2     *pz    ( 0.1049)  70 C3     *px    ( 0.1407)
                98 C4     *s     ( 0.1710) 105 C4     2pz    (-0.1245) 106 C4     *pz    (-0.1286) 129 C5     *s     ( 0.1294)
               136 C5     2pz    (-0.1018) 137 C5     *pz    (-0.1042) 163 C6     *px    ( 0.1030) 384 C13    2pz    (-0.1207)
               385 C13    *pz    (-0.1223) 415 C14    2pz    (-0.1331) 416 C14    *pz    (-0.1356) 570 C19    2pz    ( 0.1232)
               571 C19    *pz    ( 0.1253) 601 C20    2pz    ( 0.1370) 602 C20    *pz    ( 0.1393)
         98   -0.3833                                                                                                                     
                 5 C1     *s     (-0.2126)   8 C1     *px    ( 0.2009)  36 C2     *s     ( 0.2464)  39 C2     *px    (-0.1495)
                42 C2     *py    (-0.1555)  67 C3     *s     (-0.2374)  70 C3     *px    (-0.1398)  73 C3     *py    ( 0.1273)
                98 C4     *s     ( 0.1930) 101 C4     *px    ( 0.1742) 129 C5     *s     (-0.2243) 135 C5     *py    (-0.1680)
               160 C6     *s     ( 0.2479) 166 C6     *py    ( 0.1679) 191 C7     *s     (-0.1804) 198 C7     2pz    ( 0.1110)
               199 C7     *pz    ( 0.1140) 222 C8     *s     ( 0.1742) 229 C8     2pz    (-0.1117) 230 C8     *pz    (-0.1156)
               253 C9     *s     (-0.1401) 260 C9     2pz    ( 0.1267) 261 C9     *pz    ( 0.1276) 284 C10    *s     ( 0.1537)
               291 C10    2pz    (-0.1080) 292 C10    *pz    (-0.1111) 315 C11    *s     (-0.1574) 322 C11    2pz    ( 0.1065)
               323 C11    *pz    ( 0.1093) 346 C12    *s     ( 0.1311) 353 C12    2pz    (-0.1245) 354 C12    *pz    (-0.1255)
               477 C16    2pz    ( 0.1169) 478 C16    *pz    ( 0.1157) 718 C24    *s     ( 0.1069)
         99   -0.3608                                                                                                                     
               446 C15    2pz    (-0.1459) 447 C15    *pz    (-0.1452) 477 C16    2pz    (-0.1139) 478 C16    *pz    (-0.1142)
               508 C17    2pz    ( 0.1168) 509 C17    *pz    ( 0.1162) 632 C21    2pz    ( 0.1254) 633 C21    *pz    ( 0.1250)
               663 C22    2pz    ( 0.1076) 664 C22    *pz    ( 0.1077) 694 C23    2pz    (-0.1124) 695 C23    *pz    (-0.1121)
      
        100   -0.3377                                                                                                                     
                 5 C1     *s     (-0.1130)  11 C1     *py    (-0.3368)  39 C2     *px    ( 0.3005)  42 C2     *py    (-0.1666)
                67 C3     *s     (-0.1236)  70 C3     *px    ( 0.2754)  73 C3     *py    ( 0.2584)  98 C4     *s     ( 0.1682)
               101 C4     *px    ( 0.1787) 104 C4     *py    ( 0.3276) 129 C5     *s     (-0.2221) 132 C5     *px    (-0.4053)
               160 C6     *s     ( 0.1867) 163 C6     *px    (-0.3862) 284 C10    *s     ( 0.1478) 315 C11    *s     (-0.1356)
               446 C15    2pz    (-0.1033) 447 C15    *pz    (-0.1028) 477 C16    2pz    (-0.1152) 478 C16    *pz    (-0.1152)
               694 C23    2pz    ( 0.1407) 695 C23    *pz    ( 0.1411) 696 C23    *pz    ( 0.1046) 725 C24    2pz    ( 0.1503)
               726 C24    *pz    ( 0.1497) 727 C24    *pz    ( 0.1085) 839 NI37   3d1-   (-0.1432) 847 NI37   3d1+   ( 0.1103)
               884 NI38   3d1-   ( 0.1007)
        101   -0.4047                                                                                                                     
                 5 C1     *s     (-0.4260)   8 C1     *px    ( 0.2050)  11 C1     *py    (-0.1895)  36 C2     *s     ( 0.4730)
                42 C2     *py    (-0.2687)  70 C3     *px    (-0.1088)  73 C3     *py    ( 0.1178)  98 C4     *s     ( 0.3175)
               104 C4     *py    (-0.1336) 129 C5     *s     (-0.3030) 135 C5     *py    (-0.1491) 166 C6     *py    ( 0.1353)
               197 C7     *py    ( 0.1569) 225 C8     *px    (-0.1539) 253 C9     *s     (-0.1242) 346 C12    *s     ( 0.1350)
               377 C13    *s     (-0.2623) 408 C14    *s     ( 0.2377) 439 C15    *s     (-0.1195) 718 C24    *s     ( 0.1387)
               839 NI37   3d1-   ( 0.3962) 840 NI37   *d1-   ( 0.2635) 841 NI37   *d1-   ( 0.1637) 847 NI37   3d1+   (-0.3313)
               848 NI37   *d1+   (-0.2203) 849 NI37   *d1+   (-0.1364) 851 NI37   3d2+   (-0.1086)
        102   -0.3757                                                                                                                     
                 5 C1     *s     ( 0.1565)   8 C1     *px    (-0.1640)  11 C1     *py    (-0.3525)  39 C2     *px    ( 0.3080)
                67 C3     *s     ( 0.1599)  70 C3     *px    ( 0.2299) 104 C4     *py    ( 0.1277) 132 C5     *px    (-0.1039)
               160 C6     *s     (-0.3127) 163 C6     *px    (-0.1924) 166 C6     *py    (-0.2273) 167 C6     2pz    ( 0.1059)
               168 C6     *pz    ( 0.1077) 222 C8     *s     (-0.1085) 532 C18    *s     (-0.1145) 563 C19    *s     ( 0.1463)
               594 C20    *s     (-0.1563) 625 C21    *s     ( 0.1184) 835 NI37   3d2-   (-0.1156) 851 NI37   3d2+   ( 0.1503)
               852 NI37   *d2+   ( 0.1015) 884 NI38   3d1-   ( 0.3749) 885 NI38   *d1-   ( 0.2505) 886 NI38   *d1-   ( 0.1586)
               892 NI38   3d1+   (-0.1599) 893 NI38   *d1+   (-0.1067)
        103   -0.3325                                                                                                                     
                 5 C1     *s     ( 0.1365)  36 C2     *s     ( 0.1845)  39 C2     *px    (-0.1321)  67 C3     *s     (-0.3881)
                73 C3     *py    ( 0.1123)  98 C4     *s     ( 0.2110) 104 C4     *py    ( 0.1256) 129 C5     *s     ( 0.1744)
               132 C5     *px    ( 0.1122) 160 C6     *s     (-0.2821) 260 C9     2pz    ( 0.1178) 261 C9     *pz    ( 0.1199)
               290 C10    *py    (-0.1171) 384 C13    2pz    ( 0.1060) 385 C13    *pz    ( 0.1097) 415 C14    2pz    ( 0.1023)
               416 C14    *pz    ( 0.1065) 532 C18    *s     ( 0.1224) 539 C18    2pz    (-0.1181) 540 C18    *pz    (-0.1171)
               570 C19    2pz    ( 0.1178) 571 C19    *pz    ( 0.1232) 601 C20    2pz    ( 0.1200) 602 C20    *pz    ( 0.1248)
               892 NI38   3d1+   ( 0.1219)
        104   -0.3102                                                                                                                     
                 5 C1     *s     ( 0.1528)  11 C1     *py    (-0.2846)  36 C2     *s     (-0.1151)  39 C2     *px    ( 0.2718)
                67 C3     *s     ( 0.1103)  70 C3     *px    ( 0.2740)  98 C4     *s     (-0.3344) 101 C4     *px    (-0.1360)
               104 C4     *py    ( 0.4001) 129 C5     *s     ( 0.3321) 132 C5     *px    (-0.2815) 135 C5     *py    ( 0.3169)
               160 C6     *s     (-0.1314) 163 C6     *px    (-0.1803) 166 C6     *py    (-0.2358) 290 C10    *py    (-0.1380)
               318 C11    *px    ( 0.1503) 563 C19    *s     (-0.2129) 594 C20    *s     ( 0.2189) 839 NI37   3d1-   ( 0.1108)
               847 NI37   3d1+   (-0.1200) 851 NI37   3d2+   ( 0.1021) 884 NI38   3d1-   (-0.3410) 885 NI38   *d1-   (-0.2262)
               886 NI38   *d1-   (-0.1393) 892 NI38   3d1+   ( 0.1750) 893 NI38   *d1+   ( 0.1162)
        105   -0.1198                                                                                                                     
                98 C4     *s     ( 0.1264) 129 C5     *s     ( 0.1798) 884 NI38   3d1-   ( 0.2585) 885 NI38   *d1-   ( 0.1715)
               886 NI38   *d1-   ( 0.1039) 892 NI38   3d1+   ( 0.5193) 893 NI38   *d1+   ( 0.3449) 894 NI38   *d1+   ( 0.2101)
      
        106   -0.0591                                                                                                                     
                 5 C1     *s     ( 0.2095)  36 C2     *s     ( 0.1252)  67 C3     *s     (-0.1320) 439 C15    *s     ( 0.1241)
               822 NI37   *s     (-0.1764) 839 NI37   3d1-   (-0.3697) 840 NI37   *d1-   (-0.2460) 841 NI37   *d1-   (-0.1511)
               847 NI37   3d1+   (-0.4326) 848 NI37   *d1+   (-0.2877) 849 NI37   *d1+   (-0.1761)
        107   -0.0270                                                                                                                     
                 5 C1     *s     ( 0.1078)  36 C2     *s     ( 0.1035)  67 C3     *s     (-0.4109) 160 C6     *s     (-0.3985)
               377 C13    *s     (-0.1241) 408 C14    *s     (-0.1280) 563 C19    *s     (-0.1293) 594 C20    *s     (-0.1298)
               820 NI37   4s     (-0.1207) 821 NI37   *s     ( 0.1323) 822 NI37   *s     ( 0.8410) 865 NI38   4s     (-0.1246)
               866 NI38   *s     ( 0.1377) 867 NI38   *s     ( 0.8632)
        108    0.0021                                                                                                                     
                 5 C1     *s     (-0.1341)  36 C2     *s     (-0.1369)  98 C4     *s     ( 0.1011) 129 C5     *s     ( 0.1240)
               194 C7     *px    (-0.1088) 200 C7     *pz    ( 0.1512) 231 C8     *pz    ( 0.1441) 287 C10    *px    (-0.1009)
               293 C10    *pz    (-0.1509) 324 C11    *pz    (-0.1389) 479 C16    *pz    (-0.1181) 510 C17    *pz    ( 0.1218)
               665 C22    *pz    ( 0.1243) 696 C23    *pz    (-0.1170) 820 NI37   4s     ( 0.1157) 821 NI37   *s     (-0.1267)
               822 NI37   *s     (-0.7439) 865 NI38   4s     (-0.1140) 866 NI38   *s     ( 0.1278) 867 NI38   *s     ( 0.7245)
      
        109    0.0147                                                                                                                     
                 5 C1     *s     (-0.1787)   8 C1     *px    ( 0.2926)  36 C2     *s     ( 0.1219)  42 C2     *py    (-0.2933)
                67 C3     *s     (-0.1429)  73 C3     *py    ( 0.1814)  76 C3     *pz    (-0.1553)  98 C4     *s     ( 0.1663)
               101 C4     *px    ( 0.2922) 129 C5     *s     (-0.1469) 135 C5     *py    (-0.2876) 160 C6     *s     ( 0.1832)
               166 C6     *py    ( 0.1790) 169 C6     *pz    ( 0.1505) 191 C7     *s     (-0.2216) 194 C7     *px    ( 0.1898)
               197 C7     *py    (-0.1430) 200 C7     *pz    (-0.1361) 222 C8     *s     ( 0.2502) 228 C8     *py    (-0.2428)
               231 C8     *pz    ( 0.1501) 253 C9     *s     (-0.1318) 260 C9     2pz    ( 0.1291) 261 C9     *pz    ( 0.1320)
               262 C9     *pz    ( 0.1989) 284 C10    *s     ( 0.2288) 287 C10    *px    ( 0.1915) 290 C10    *py    (-0.1361)
               293 C10    *pz    ( 0.1390) 315 C11    *s     (-0.2296) 321 C11    *py    (-0.2413) 324 C11    *pz    (-0.1500)
               346 C12    *s     ( 0.1111) 353 C12    2pz    (-0.1265) 354 C12    *pz    (-0.1291) 355 C12    *pz    (-0.2001)
               384 C13    2pz    (-0.1070) 385 C13    *pz    (-0.1145) 386 C13    *pz    (-0.2200) 415 C14    2pz    ( 0.1104)
               416 C14    *pz    ( 0.1179) 417 C14    *pz    ( 0.2216) 439 C15    *s     ( 0.1759) 446 C15    2pz    (-0.1071)
               447 C15    *pz    (-0.1028) 448 C15    *pz    (-0.2053) 532 C18    *s     ( 0.1812) 539 C18    2pz    (-0.1119)
               540 C18    *pz    (-0.1075) 541 C18    *pz    (-0.2127) 570 C19    2pz    ( 0.1108) 571 C19    *pz    ( 0.1185)
               572 C19    *pz    ( 0.2233) 601 C20    2pz    (-0.1080) 602 C20    *pz    (-0.1154) 603 C20    *pz    (-0.2176)
               625 C21    *s     (-0.1872) 632 C21    2pz    ( 0.1042) 633 C21    *pz    ( 0.1002) 634 C21    *pz    ( 0.1980)
               718 C24    *s     (-0.1888) 725 C24    2pz    ( 0.1079) 726 C24    *pz    ( 0.1038) 727 C24    *pz    ( 0.2041)
      
        110    0.0357                                                                                                                     
                 5 C1     *s     ( 0.6835)   8 C1     *px    ( 0.1901)  11 C1     *py    (-0.1233)  14 C1     *pz    ( 0.1290)
                36 C2     *s     ( 0.6875)  42 C2     *py    ( 0.2190)  45 C2     *pz    ( 0.1267)  70 C3     *px    (-0.2644)
                73 C3     *py    (-0.1487)  98 C4     *s     (-0.6934) 101 C4     *px    ( 0.1906) 104 C4     *py    (-0.1268)
               107 C4     *pz    (-0.1257) 129 C5     *s     (-0.6982) 135 C5     *py    ( 0.2223) 138 C5     *pz    (-0.1264)
               163 C6     *px    (-0.2619) 166 C6     *py    (-0.1499) 191 C7     *s     (-0.3043) 194 C7     *px    ( 0.2287)
               200 C7     *pz    (-0.1284) 222 C8     *s     (-0.2978) 225 C8     *px    ( 0.1684) 228 C8     *py    ( 0.1607)
               231 C8     *pz    (-0.1248) 256 C9     *px    ( 0.1756) 259 C9     *py    ( 0.1036) 284 C10    *s     ( 0.3134)
               287 C10    *px    ( 0.2295) 293 C10    *pz    ( 0.1295) 315 C11    *s     ( 0.3092) 318 C11    *px    ( 0.1712)
               321 C11    *py    ( 0.1619) 324 C11    *pz    ( 0.1250) 349 C12    *px    ( 0.1779) 352 C12    *py    ( 0.1018)
               386 C13    *pz    ( 0.1355) 417 C14    *pz    ( 0.1427) 439 C15    *s     ( 0.1357) 470 C16    *s     (-0.2496)
               477 C16    2pz    ( 0.1044) 478 C16    *pz    ( 0.1021) 479 C16    *pz    ( 0.1862) 501 C17    *s     ( 0.2543)
               508 C17    2pz    (-0.1023) 509 C17    *pz    (-0.1003) 510 C17    *pz    (-0.1783) 532 C18    *s     (-0.1374)
               572 C19    *pz    (-0.1377) 603 C20    *pz    (-0.1422) 625 C21    *s     (-0.1425) 656 C22    *s     ( 0.2547)
               663 C22    2pz    (-0.1025) 664 C22    *pz    (-0.1004) 665 C22    *pz    (-0.1793) 687 C23    *s     (-0.2517)
               694 C23    2pz    ( 0.1049) 695 C23    *pz    ( 0.1026) 696 C23    *pz    ( 0.1868) 718 C24    *s     ( 0.1334)
               822 NI37   *s     (-0.7156) 867 NI38   *s     ( 0.7277)
        111    0.0831                                                                                                                     
                 5 C1     *s     ( 0.3947)   8 C1     *px    ( 0.1414)  12 C1     2pz    ( 0.1578)  13 C1     *pz    ( 0.1707)
                14 C1     *pz    ( 0.3009)  36 C2     *s     (-0.4282)  42 C2     *py    (-0.1779)  43 C2     2pz    (-0.1509)
                44 C2     *pz    (-0.1632)  45 C2     *pz    (-0.2860)  70 C3     *px    ( 0.2382)  73 C3     *py    ( 0.1585)
                98 C4     *s     ( 0.4093) 101 C4     *px    (-0.1378) 105 C4     2pz    ( 0.1603) 106 C4     *pz    ( 0.1735)
               107 C4     *pz    ( 0.3034) 129 C5     *s     (-0.4305) 135 C5     *py    ( 0.1698) 136 C5     2pz    (-0.1506)
               137 C5     *pz    (-0.1630) 138 C5     *pz    (-0.2850) 163 C6     *px    (-0.2372) 166 C6     *py    (-0.1529)
               194 C7     *px    ( 0.1176) 197 C7     *py    ( 0.1575) 200 C7     *pz    ( 0.1137) 225 C8     *px    (-0.2043)
               231 C8     *pz    (-0.1033) 256 C9     *px    (-0.1873) 287 C10    *px    (-0.1191) 290 C10    *py    (-0.1551)
               293 C10    *pz    ( 0.1103) 318 C11    *px    ( 0.1995) 324 C11    *pz    (-0.1050) 349 C12    *px    ( 0.1856)
               377 C13    *s     (-0.1963) 380 C13    *px    ( 0.1676) 383 C13    *py    ( 0.2181) 386 C13    *pz    (-0.3078)
               408 C14    *s     ( 0.1919) 411 C14    *px    (-0.2657) 417 C14    *pz    ( 0.3028) 448 C15    *pz    ( 0.1572)
               470 C16    *s     ( 0.1162) 479 C16    *pz    (-0.1148) 501 C17    *s     (-0.1078) 510 C17    *pz    ( 0.1448)
               541 C18    *pz    (-0.1833) 563 C19    *s     (-0.1940) 566 C19    *px    (-0.1660) 569 C19    *py    (-0.2178)
               572 C19    *pz    (-0.3086) 594 C20    *s     ( 0.1869) 597 C20    *px    ( 0.2645) 603 C20    *pz    ( 0.3052)
               634 C21    *pz    ( 0.1554) 656 C22    *s     ( 0.1127) 665 C22    *pz    (-0.1118) 687 C23    *s     (-0.1071)
               696 C23    *pz    ( 0.1427) 727 C24    *pz    (-0.1823)
        112    0.0901                                                                                                                     
                 5 C1     *s     ( 0.2831)   8 C1     *px    ( 0.1059)  11 C1     *py    (-0.1913)  14 C1     *pz    (-0.1541)
                36 C2     *s     ( 0.2546)  39 C2     *px    (-0.1021)  42 C2     *py    ( 0.1571)  45 C2     *pz    (-0.1811)
                67 C3     *s     (-1.0622)  70 C3     *px    ( 0.1835)  73 C3     *py    (-0.2802)  74 C3     2pz    ( 0.1739)
                75 C3     *pz    ( 0.1791)  76 C3     *pz    ( 0.3101)  98 C4     *s     ( 0.2876) 104 C4     *py    ( 0.1868)
               107 C4     *pz    (-0.1531) 129 C5     *s     ( 0.2414) 132 C5     *px    ( 0.1078) 135 C5     *py    (-0.1629)
               138 C5     *pz    (-0.1818) 160 C6     *s     (-1.0640) 163 C6     *px    (-0.1834) 166 C6     *py    ( 0.2844)
               167 C6     2pz    ( 0.1745) 168 C6     *pz    ( 0.1796) 169 C6     *pz    ( 0.3123) 191 C7     *s     (-0.4160)
               222 C8     *s     (-0.4098) 253 C9     *s     ( 0.6613) 256 C9     *px    ( 0.1886) 259 C9     *py    (-0.3487)
               262 C9     *pz    ( 0.1416) 284 C10    *s     (-0.4088) 315 C11    *s     (-0.4076) 346 C12    *s     ( 0.6657)
               349 C12    *px    (-0.1879) 352 C12    *py    ( 0.3497) 355 C12    *pz    ( 0.1398) 380 C13    *px    (-0.1136)
               414 C14    *py    (-0.1028) 439 C15    *s     ( 0.2414) 448 C15    *pz    ( 0.2725) 473 C16    *px    (-0.1150)
               479 C16    *pz    (-0.3091) 507 C17    *py    ( 0.1161) 510 C17    *pz    (-0.2983) 532 C18    *s     ( 0.2490)
               541 C18    *pz    ( 0.2565) 566 C19    *px    ( 0.1135) 625 C21    *s     ( 0.2412) 634 C21    *pz    ( 0.2750)
               659 C22    *px    ( 0.1144) 665 C22    *pz    (-0.3112) 693 C23    *py    (-0.1176) 696 C23    *pz    (-0.2960)
               718 C24    *s     ( 0.2512) 727 C24    *pz    ( 0.2578) 821 NI37   *s     (-0.1175) 822 NI37   *s     ( 0.1640)
               866 NI38   *s     (-0.1160) 867 NI38   *s     ( 0.1829)
        113    0.1104                                                                                                                     
                 5 C1     *s     ( 0.1923)   8 C1     *px    (-0.2920)  11 C1     *py    (-0.1063)  36 C2     *s     ( 0.1937)
                39 C2     *px    (-0.2261)  42 C2     *py    (-0.1829)  67 C3     *s     (-0.3604)  70 C3     *px    (-0.2823)
                73 C3     *py    ( 0.4769)  76 C3     *pz    ( 0.1054)  98 C4     *s     ( 0.1861) 101 C4     *px    ( 0.2789)
               129 C5     *s     ( 0.1981) 132 C5     *px    ( 0.2588) 135 C5     *py    ( 0.1970) 160 C6     *s     (-0.4032)
               163 C6     *px    ( 0.2993) 166 C6     *py    (-0.4902) 169 C6     *pz    ( 0.1053) 191 C7     *s     (-0.1120)
               197 C7     *py    (-0.1649) 198 C7     2pz    (-0.1289) 199 C7     *pz    (-0.1268) 200 C7     *pz    (-0.4223)
               222 C8     *s     (-0.1389) 225 C8     *px    (-0.1650) 229 C8     2pz    (-0.1285) 230 C8     *pz    (-0.1266)
               231 C8     *pz    (-0.4213) 253 C9     *s     (-0.4390) 259 C9     *py    ( 0.1301) 260 C9     2pz    (-0.1290)
               261 C9     *pz    (-0.1242) 262 C9     *pz    (-0.3982) 284 C10    *s     (-0.1201) 290 C10    *py    ( 0.1660)
               291 C10    2pz    (-0.1283) 292 C10    *pz    (-0.1270) 293 C10    *pz    (-0.4179) 315 C11    *s     (-0.1035)
               318 C11    *px    ( 0.1574) 322 C11    2pz    (-0.1288) 323 C11    *pz    (-0.1275) 324 C11    *pz    (-0.4175)
               346 C12    *s     (-0.4484) 352 C12    *py    (-0.1390) 353 C12    2pz    (-0.1297) 354 C12    *pz    (-0.1248)
               355 C12    *pz    (-0.4021) 376 C13    *s     (-0.1048) 377 C13    *s     ( 0.3125) 380 C13    *px    (-0.3069)
               386 C13    *pz    ( 0.1980) 407 C14    *s     (-0.1063) 408 C14    *s     ( 0.3435) 411 C14    *px    (-0.2178)
               414 C14    *py    (-0.2398) 417 C14    *pz    ( 0.1963) 439 C15    *s     (-0.1092) 448 C15    *pz    ( 0.1974)
               479 C16    *pz    ( 0.1768) 510 C17    *pz    ( 0.1777) 532 C18    *s     (-0.1108) 541 C18    *pz    ( 0.1958)
               563 C19    *s     ( 0.3431) 566 C19    *px    ( 0.2979) 572 C19    *pz    ( 0.1943) 594 C20    *s     ( 0.3210)
               597 C20    *px    ( 0.2090) 600 C20    *py    ( 0.2152) 603 C20    *pz    ( 0.1987) 634 C21    *pz    ( 0.1941)
               665 C22    *pz    ( 0.1812) 696 C23    *pz    ( 0.1782) 718 C24    *s     (-0.1143) 727 C24    *pz    ( 0.1982)
               747 H25    *s     ( 0.2254) 753 H26    *s     ( 0.2263) 783 H31    *s     ( 0.2069) 789 H32    *s     ( 0.2055)
               822 NI37   *s     (-0.1448) 867 NI38   *s     (-0.1502)
        114    0.1400                                                                                                                     
                 5 C1     *s     ( 0.5199)   8 C1     *px    ( 0.7632)  11 C1     *py    ( 0.9941)  36 C2     *s     (-0.5503)
                39 C2     *px    (-1.2557)  42 C2     *py    (-0.1839)  70 C3     *px    (-0.7348)  73 C3     *py    (-0.4489)
                98 C4     *s     ( 0.5351) 101 C4     *px    (-0.8208) 104 C4     *py    (-1.0418) 129 C5     *s     (-0.5058)
               132 C5     *px    ( 1.3444) 135 C5     *py    ( 0.1966) 163 C6     *px    ( 0.7911) 166 C6     *py    ( 0.3990)
               191 C7     *s     (-1.2839) 194 C7     *px    ( 0.5337) 197 C7     *py    (-0.5022) 222 C8     *s     ( 1.2997)
               225 C8     *px    ( 0.1664) 228 C8     *py    (-0.7074) 256 C9     *px    ( 0.1299) 284 C10    *s     (-1.3472)
               287 C10    *px    (-0.5318) 290 C10    *py    ( 0.5336) 315 C11    *s     ( 1.3501) 318 C11    *px    (-0.2016)
               321 C11    *py    ( 0.7451) 349 C12    *px    (-0.1196) 377 C13    *s     ( 0.1896) 380 C13    *px    (-0.3219)
               383 C13    *py    (-0.1129) 384 C13    2pz    (-0.1142) 385 C13    *pz    (-0.1278) 386 C13    *pz    (-0.4158)
               408 C14    *s     (-0.2098) 411 C14    *px    ( 0.2462) 414 C14    *py    ( 0.1942) 415 C14    2pz    ( 0.1130)
               416 C14    *pz    ( 0.1284) 417 C14    *pz    ( 0.4141) 439 C15    *s     ( 0.3403) 442 C15    *px    ( 0.2168)
               446 C15    2pz    (-0.1106) 447 C15    *pz    (-0.1104) 448 C15    *pz    (-0.2837) 470 C16    *s     ( 0.1075)
               477 C16    2pz    ( 0.1156) 478 C16    *pz    ( 0.1093) 479 C16    *pz    ( 0.3150) 501 C17    *s     (-0.1027)
               508 C17    2pz    (-0.1159) 509 C17    *pz    (-0.1100) 510 C17    *pz    (-0.3163) 532 C18    *s     (-0.3487)
               535 C18    *px    ( 0.1741) 538 C18    *py    ( 0.1529) 539 C18    2pz    ( 0.1113) 540 C18    *pz    ( 0.1107)
               541 C18    *pz    ( 0.2893) 563 C19    *s     ( 0.3013) 566 C19    *px    ( 0.3356) 569 C19    *py    ( 0.1150)
               570 C19    2pz    (-0.1117) 571 C19    *pz    (-0.1255) 572 C19    *pz    (-0.4036) 594 C20    *s     (-0.3057)
               597 C20    *px    (-0.2674) 600 C20    *py    (-0.2323) 601 C20    2pz    ( 0.1108) 602 C20    *pz    ( 0.1252)
               603 C20    *pz    ( 0.4014) 625 C21    *s     ( 0.3584) 628 C21    *px    (-0.2244) 632 C21    2pz    (-0.1128)
               633 C21    *pz    (-0.1119) 634 C21    *pz    (-0.2946) 663 C22    2pz    ( 0.1162) 664 C22    *pz    ( 0.1103)
               665 C22    *pz    ( 0.3186) 687 C23    *s     (-0.1287) 694 C23    2pz    (-0.1166) 695 C23    *pz    (-0.1105)
               696 C23    *pz    (-0.3178) 718 C24    *s     (-0.3498) 721 C24    *px    (-0.1967) 724 C24    *py    (-0.1547)
               725 C24    2pz    ( 0.1111) 726 C24    *pz    ( 0.1111) 727 C24    *pz    ( 0.2852) 747 H25    *s     ( 0.2971)
               753 H26    *s     (-0.2486) 759 H27    *s     (-0.2149) 777 H30    *s     ( 0.2197) 783 H31    *s     ( 0.2730)
               789 H32    *s     (-0.2669) 795 H33    *s     (-0.2143) 813 H36    *s     ( 0.2435)
        115    0.1416                                                                                                                     
                 4 C1     *s     ( 0.4335)   5 C1     *s     ( 0.7465)   7 C1     *px    ( 0.1542)   8 C1     *px    ( 0.1473)
                11 C1     *py    (-0.2733)  14 C1     *pz    (-0.1849)  35 C2     *s     ( 0.4319)  36 C2     *s     ( 0.6833)
                38 C2     *px    ( 0.1014)  39 C2     *px    (-0.1379)  41 C2     *py    ( 0.1141)  42 C2     *py    ( 0.2925)
                45 C2     *pz    (-0.1844)  66 C3     *s     ( 0.2621)  67 C3     *s     (-1.8422)  70 C3     *px    ( 0.3028)
                73 C3     *py    (-0.1137)  97 C4     *s     ( 0.3082)  98 C4     *s     ( 0.6913) 104 C4     *py    ( 0.4807)
               107 C4     *pz    (-0.1210) 128 C5     *s     ( 0.3110) 129 C5     *s     ( 0.7763) 132 C5     *px    ( 0.3838)
               135 C5     *py    (-0.1552) 138 C5     *pz    (-0.1196) 159 C6     *s     ( 0.2677) 160 C6     *s     (-1.8240)
               166 C6     *py    ( 0.2848) 190 C7     *s     ( 0.1681) 191 C7     *s     (-0.8864) 193 C7     *px    ( 0.2152)
               194 C7     *px    ( 1.0097) 210 C7     *d2+   (-0.1192) 221 C8     *s     ( 0.1712) 222 C8     *s     (-0.8799)
               224 C8     *px    ( 0.1643) 225 C8     *px    ( 0.5652) 227 C8     *py    ( 0.1471) 228 C8     *py    ( 0.8428)
               252 C9     *s     ( 0.1181) 253 C9     *s     ( 1.4942) 258 C9     *py    ( 0.1363) 259 C9     *py    (-0.2221)
               283 C10    *s     ( 0.1277) 284 C10    *s     (-0.6520) 286 C10    *px    (-0.1281) 287 C10    *px    (-0.3956)
               290 C10    *py    (-0.2844) 314 C11    *s     ( 0.1267) 315 C11    *s     (-0.7273) 318 C11    *px    (-0.4377)
               320 C11    *py    (-0.1030) 321 C11    *py    (-0.2226) 345 C12    *s     ( 0.1197) 346 C12    *s     ( 1.5066)
               348 C12    *px    ( 0.1060) 349 C12    *px    (-0.1987) 351 C12    *py    (-0.1068) 376 C13    *s     (-0.1725)
               377 C13    *s     (-1.4730) 379 C13    *px    ( 0.1501) 380 C13    *px    (-1.1216) 383 C13    *py    ( 0.3232)
               386 C13    *pz    (-0.1398) 407 C14    *s     (-0.1683) 408 C14    *s     (-1.4751) 410 C14    *px    ( 0.1635)
               411 C14    *px    (-0.2721) 414 C14    *py    (-1.1075) 417 C14    *pz    (-0.1430) 438 C15    *s     (-0.1684)
               439 C15    *s     (-0.1164) 442 C15    *px    (-0.7711) 445 C15    *py    (-0.8532) 470 C16    *s     (-1.2396)
               475 C16    *py    ( 0.1115) 476 C16    *py    ( 0.1270) 501 C17    *s     (-1.1244) 504 C17    *px    (-0.1647)
               532 C18    *s     ( 0.2171) 535 C18    *px    ( 0.7310) 562 C19    *s     (-0.1209) 563 C19    *s     (-0.7975)
               566 C19    *px    ( 0.5595) 569 C19    *py    (-0.1561) 593 C20    *s     (-0.1230) 594 C20    *s     (-0.7551)
               597 C20    *px    ( 0.1718) 600 C20    *py    ( 0.6008) 625 C21    *s     ( 0.1961) 628 C21    *px    ( 0.3836)
               631 C21    *py    ( 0.6552) 656 C22    *s     (-1.1599) 662 C22    *py    (-0.1525) 687 C23    *s     (-1.2904)
               689 C23    *px    ( 0.1331) 693 C23    *py    (-0.1027) 717 C24    *s     (-0.1771) 718 C24    *s     (-0.1113)
               720 C24    *px    ( 0.1056) 721 C24    *px    (-1.1599) 724 C24    *py    (-0.2320) 746 H25    *s     (-0.2553)
               747 H25    *s     ( 1.8954) 752 H26    *s     (-0.2526) 753 H26    *s     ( 1.8715) 758 H27    *s     (-0.1583)
               759 H27    *s     ( 1.2773) 765 H28    *s     ( 0.4428) 771 H29    *s     ( 0.3872) 777 H30    *s     ( 0.7895)
               782 H31    *s     (-0.1517) 783 H31    *s     ( 1.0165) 788 H32    *s     (-0.1540) 789 H32    *s     ( 1.0511)
               795 H33    *s     ( 0.8296) 801 H34    *s     ( 0.4218) 807 H35    *s     ( 0.4853) 812 H36    *s     (-0.1645)
               813 H36    *s     ( 1.3222) 822 NI37   *s     ( 0.2673) 834 NI37   *pz    (-0.1231) 850 NI37   *d1+   ( 0.1577)
               867 NI38   *s     ( 0.1386) 895 NI38   *d1+   (-0.1168)
        116    0.1459                                                                                                                     
                 4 C1     *s     ( 0.1646)   7 C1     *px    ( 0.1395)   8 C1     *px    ( 0.4341)  11 C1     *py    ( 0.3544)
                35 C2     *s     ( 0.1661)  38 C2     *px    ( 0.1383)  39 C2     *px    ( 0.5750)  42 C2     *py    ( 0.2005)
                67 C3     *s     ( 0.2958)  69 C3     *px    ( 0.1588)  70 C3     *px    ( 0.5737)  73 C3     *py    ( 0.3999)
                97 C4     *s     (-0.3420)  98 C4     *s     (-0.1553) 100 C4     *px    ( 0.1855) 101 C4     *px    ( 0.5040)
               104 C4     *py    ( 0.2437) 107 C4     *pz    ( 0.1627) 128 C5     *s     (-0.3408) 129 C5     *s     (-0.3056)
               131 C5     *px    ( 0.1604) 132 C5     *px    ( 0.4756) 134 C5     *py    ( 0.1279) 135 C5     *py    ( 0.2687)
               138 C5     *pz    ( 0.1593) 160 C6     *s     ( 0.2688) 162 C6     *px    ( 0.1332) 163 C6     *px    ( 0.5916)
               165 C6     *py    ( 0.1117) 166 C6     *py    ( 0.2715) 191 C7     *s     (-0.3375) 193 C7     *px    ( 0.1402)
               194 C7     *px    ( 1.1298) 197 C7     *py    (-0.3793) 222 C8     *s     (-0.3279) 224 C8     *px    ( 0.1299)
               225 C8     *px    ( 0.2234) 228 C8     *py    ( 1.1778) 253 C9     *s     (-0.2831) 255 C9     *px    ( 0.1686)
               256 C9     *px    (-0.5482) 259 C9     *py    (-0.3396) 283 C10    *s     (-0.1278) 284 C10    *s     ( 0.6172)
               286 C10    *px    ( 0.2149) 287 C10    *px    ( 1.4448) 290 C10    *py    (-0.3055) 303 C10    *d2+   ( 0.1155)
               314 C11    *s     (-0.1205) 315 C11    *s     ( 0.7202) 317 C11    *px    ( 0.1731) 318 C11    *px    ( 0.4488)
               320 C11    *py    ( 0.1552) 321 C11    *py    ( 1.4091) 346 C12    *s     (-0.3004) 348 C12    *px    ( 0.1318)
               349 C12    *px    (-0.5420) 351 C12    *py    ( 0.1264) 352 C12    *py    (-0.2823) 377 C13    *s     (-1.2331)
               380 C13    *px    (-0.9120) 383 C13    *py    ( 0.2924) 386 C13    *pz    (-0.1350) 408 C14    *s     (-1.2270)
               410 C14    *px    ( 0.1083) 411 C14    *px    (-0.1956) 414 C14    *py    (-0.9288) 417 C14    *pz    (-0.1358)
               438 C15    *s     (-0.1507) 439 C15    *s     (-0.5738) 442 C15    *px    (-0.7460) 445 C15    *py    (-0.3811)
               472 C16    *px    ( 0.1086) 473 C16    *px    (-0.3051) 501 C17    *s     ( 0.6248) 503 C17    *px    ( 0.1606)
               504 C17    *px    (-0.1684) 507 C17    *py    (-0.1648) 531 C18    *s     ( 0.2187) 532 C18    *s     ( 0.6620)
               534 C18    *px    ( 0.1240) 535 C18    *px    (-1.1190) 538 C18    *py    (-0.5152) 562 C19    *s     ( 0.1174)
               563 C19    *s     ( 1.7548) 565 C19    *px    ( 0.1464) 566 C19    *px    (-1.2242) 568 C19    *py    ( 0.1002)
               569 C19    *py    ( 0.3950) 572 C19    *pz    ( 0.1740) 593 C20    *s     ( 0.1235) 594 C20    *s     ( 1.6657)
               596 C20    *px    ( 0.1570) 597 C20    *px    (-0.3176) 600 C20    *py    (-1.3177) 603 C20    *pz    ( 0.1826)
               624 C21    *s     ( 0.2298) 625 C21    *s     ( 0.6320) 628 C21    *px    (-1.0231) 630 C21    *py    ( 0.1011)
               631 C21    *py    (-0.7605) 656 C22    *s     ( 0.6932) 658 C22    *px    ( 0.1243) 659 C22    *px    (-0.2237)
               661 C22    *py    ( 0.1211) 689 C23    *px    ( 0.1113) 690 C23    *px    (-0.1866) 693 C23    *py    (-0.2546)
               717 C24    *s     (-0.1528) 718 C24    *s     (-0.5452) 721 C24    *px    (-0.7260) 724 C24    *py    (-0.4551)
               746 H25    *s     (-0.1697) 747 H25    *s     ( 1.4612) 752 H26    *s     (-0.1686) 753 H26    *s     ( 1.4508)
               758 H27    *s     (-0.1109) 759 H27    *s     ( 0.8476) 771 H29    *s     (-0.3063) 776 H30    *s     ( 0.1753)
               777 H30    *s     (-1.3623) 782 H31    *s     ( 0.2528) 783 H31    *s     (-2.0472) 788 H32    *s     ( 0.2563)
               789 H32    *s     (-2.0957) 794 H33    *s     ( 0.1823) 795 H33    *s     (-1.4137) 801 H34    *s     (-0.3214)
               812 H36    *s     (-0.1129) 813 H36    *s     ( 0.8649) 822 NI37   *s     ( 0.2138) 846 NI37   *d0    (-0.1088)
               867 NI38   *s     (-0.2994) 879 NI38   *pz    ( 0.1354) 891 NI38   *d0    ( 0.1347) 895 NI38   *d1+   ( 0.1023)
      
--

      Von Neumann Entropy (Root   1) =  2.16011


      Mulliken population analysis for root number:  1
      -----------------------------------------------


++    Molecular charges:
      ------------------

      Mulliken charges per centre and basis function type
      ---------------------------------------------------

                C1      C2      C3      C4      C5      C6      C7      C8      C9      C10     C11     C12   
      1s       0.8547  0.8547  0.8547  0.8547  0.8547  0.8547  0.8547  0.8547  0.8547  0.8547  0.8547  0.8547
      2s       1.1233  1.1233  1.1232  1.1233  1.1233  1.1232  1.1233  1.1233  1.1232  1.1233  1.1233  1.1232
      2px      0.4567  0.4601  0.4575  0.4568  0.4600  0.4575  0.4496  0.4539  0.4649  0.4496  0.4540  0.4649
      2pz      0.3162  0.3188  0.3230  0.3177  0.3182  0.3236  0.3226  0.3227  0.3143  0.3228  0.3229  0.3136
      2py      0.4565  0.4531  0.4613  0.4563  0.4532  0.4613  0.4635  0.4592  0.4598  0.4635  0.4591  0.4599
      3s       0.0000  0.0000  0.0000  0.0000  0.0000  0.0000  0.0000  0.0000  0.0000  0.0000  0.0000  0.0000
      3px      0.0000  0.0000  0.0000  0.0000  0.0000  0.0000  0.0000  0.0000  0.0000  0.0000  0.0000  0.0000
      3pz      0.0000  0.0000  0.0000  0.0000  0.0000  0.0000  0.0000  0.0000  0.0000  0.0000  0.0000  0.0000
      3py      0.0000  0.0000  0.0000  0.0000  0.0000  0.0000  0.0000  0.0000  0.0000  0.0000  0.0000  0.0000
      4s       0.0000  0.0000  0.0000  0.0000  0.0000  0.0000  0.0000  0.0000  0.0000  0.0000  0.0000  0.0000
      3d2+     0.0000  0.0000  0.0000  0.0000  0.0000  0.0000  0.0000  0.0000  0.0000  0.0000  0.0000  0.0000
      3d1+     0.0000  0.0000  0.0000  0.0000  0.0000  0.0000  0.0000  0.0000  0.0000  0.0000  0.0000  0.0000
      3d0      0.0000  0.0000  0.0000  0.0000  0.0000  0.0000  0.0000  0.0000  0.0000  0.0000  0.0000  0.0000
      3d1-     0.0000  0.0000  0.0000  0.0000  0.0000  0.0000  0.0000  0.0000  0.0000  0.0000  0.0000  0.0000
      3d2-     0.0000  0.0000  0.0000  0.0000  0.0000  0.0000  0.0000  0.0000  0.0000  0.0000  0.0000  0.0000
      *s       1.2894  1.2889  1.3519  1.2838  1.2842  1.3520  1.0053  1.0054  1.1055  1.0072  1.0074  1.1055
      *px      0.4315  0.2647  0.4446  0.4310  0.2647  0.4447  0.3620  0.4342  0.3949  0.3626  0.4351  0.3947
      *pz      0.6395  0.6448  0.5904  0.6415  0.6429  0.5917  0.5769  0.5765  0.5851  0.5766  0.5765  0.5843
      *py      0.1469  0.3144  0.3618  0.1468  0.3145  0.3619  0.4641  0.3918  0.3891  0.4651  0.3925  0.3893
      *d2+     0.0502  0.0544  0.0602  0.0506  0.0543  0.0602  0.0421  0.0388  0.0452  0.0423  0.0390  0.0452
      *d1+     0.0250  0.0269  0.0260  0.0250  0.0269  0.0259  0.0210  0.0233  0.0270  0.0211  0.0232  0.0270
      *d0      0.0059  0.0059  0.0032  0.0059  0.0059  0.0032  0.0086  0.0087  0.0059  0.0087  0.0087  0.0059
      *d1-     0.0255  0.0236  0.0257  0.0255  0.0237  0.0257  0.0272  0.0252  0.0234  0.0274  0.0251  0.0235
      *d2-     0.0531  0.0492  0.0632  0.0532  0.0493  0.0633  0.0372  0.0405  0.0507  0.0372  0.0405  0.0507
      *f3+     0.0021  0.0021  0.0021  0.0021  0.0021  0.0021  0.0021  0.0021  0.0022  0.0021  0.0021  0.0022
      *f2+     0.0009  0.0010  0.0011  0.0009  0.0010  0.0011  0.0010  0.0007  0.0009  0.0010  0.0008  0.0009
      *f1+     0.0011  0.0010  0.0011  0.0011  0.0010  0.0011  0.0010  0.0012  0.0011  0.0010  0.0012  0.0011
      *f0      0.0018  0.0018  0.0020  0.0018  0.0018  0.0020  0.0017  0.0017  0.0020  0.0017  0.0017  0.0020
      *f1-     0.0010  0.0011  0.0011  0.0010  0.0011  0.0011  0.0013  0.0010  0.0011  0.0013  0.0010  0.0011
      *f2-     0.0009  0.0009  0.0010  0.0009  0.0009  0.0010  0.0008  0.0011  0.0010  0.0008  0.0011  0.0010
      *f3-     0.0030  0.0030  0.0032  0.0030  0.0030  0.0032  0.0029  0.0029  0.0031  0.0029  0.0029  0.0031
      Total    5.8853  5.8936  6.1584  5.8828  5.8865  6.1604  5.7690  5.7689  5.8551  5.7728  5.7729  5.8537

      N-E      0.1147  0.1064 -0.1584  0.1172  0.1135 -0.1604  0.2310  0.2311  0.1449  0.2272  0.2271  0.1463

                C13     C14     C15     C16     C17     C18     C19     C20     C21     C22     C23     C24   
      1s       0.8548  0.8548  0.8548  0.8548  0.8548  0.8548  0.8548  0.8548  0.8548  0.8548  0.8548  0.8548
      2s       1.1233  1.1233  1.1232  1.1232  1.1232  1.1232  1.1233  1.1233  1.1232  1.1232  1.1232  1.1232
      2px      0.4475  0.4493  0.4718  0.4715  0.4576  0.4520  0.4476  0.4493  0.4718  0.4715  0.4576  0.4520
      2pz      0.3139  0.3142  0.3156  0.3119  0.3114  0.3159  0.3150  0.3145  0.3151  0.3118  0.3117  0.3153
      2py      0.4578  0.4561  0.4482  0.4482  0.4622  0.4681  0.4583  0.4563  0.4482  0.4482  0.4622  0.4680
      3s       0.0000  0.0000  0.0000  0.0000  0.0000  0.0000  0.0000  0.0000  0.0000  0.0000  0.0000  0.0000
      3px      0.0000  0.0000  0.0000  0.0000  0.0000  0.0000  0.0000  0.0000  0.0000  0.0000  0.0000  0.0000
      3pz      0.0000  0.0000  0.0000  0.0000  0.0000  0.0000  0.0000  0.0000  0.0000  0.0000  0.0000  0.0000
      3py      0.0000  0.0000  0.0000  0.0000  0.0000  0.0000  0.0000  0.0000  0.0000  0.0000  0.0000  0.0000
      4s       0.0000  0.0000  0.0000  0.0000  0.0000  0.0000  0.0000  0.0000  0.0000  0.0000  0.0000  0.0000
      3d2+     0.0000  0.0000  0.0000  0.0000  0.0000  0.0000  0.0000  0.0000  0.0000  0.0000  0.0000  0.0000
      3d1+     0.0000  0.0000  0.0000  0.0000  0.0000  0.0000  0.0000  0.0000  0.0000  0.0000  0.0000  0.0000
      3d0      0.0000  0.0000  0.0000  0.0000  0.0000  0.0000  0.0000  0.0000  0.0000  0.0000  0.0000  0.0000
      3d1-     0.0000  0.0000  0.0000  0.0000  0.0000  0.0000  0.0000  0.0000  0.0000  0.0000  0.0000  0.0000
      3d2-     0.0000  0.0000  0.0000  0.0000  0.0000  0.0000  0.0000  0.0000  0.0000  0.0000  0.0000  0.0000
      *s       1.2134  1.2121  1.2431  1.2167  1.2169  1.2425  1.2124  1.2118  1.2427  1.2168  1.2168  1.2428
      *px      0.5337  0.5053  0.5060  0.5128  0.4937  0.5328  0.5330  0.5054  0.5060  0.5128  0.4937  0.5329
      *pz      0.6345  0.6357  0.6527  0.6537  0.6527  0.6535  0.6369  0.6352  0.6516  0.6536  0.6534  0.6519
      *py      0.4919  0.5199  0.5191  0.5127  0.5319  0.4922  0.4923  0.5198  0.5190  0.5127  0.5319  0.4921
      *d2+     0.0278  0.0284  0.0278  0.0280  0.0315  0.0311  0.0279  0.0285  0.0278  0.0280  0.0315  0.0311
      *d1+     0.0120  0.0209  0.0242  0.0235  0.0205  0.0067  0.0119  0.0210  0.0242  0.0233  0.0204  0.0067
      *d0      0.0101  0.0101  0.0052  0.0048  0.0048  0.0052  0.0101  0.0101  0.0052  0.0048  0.0048  0.0052
      *d1-     0.0267  0.0177  0.0111  0.0102  0.0132  0.0285  0.0268  0.0178  0.0111  0.0101  0.0131  0.0285
      *d2-     0.0268  0.0260  0.0330  0.0321  0.0286  0.0297  0.0269  0.0264  0.0330  0.0321  0.0286  0.0297
      *f3+     0.0019  0.0019  0.0019  0.0019  0.0019  0.0019  0.0019  0.0019  0.0019  0.0019  0.0019  0.0019
      *f2+     0.0005  0.0009  0.0009  0.0009  0.0008  0.0003  0.0005  0.0009  0.0009  0.0009  0.0008  0.0003
      *f1+     0.0009  0.0009  0.0009  0.0009  0.0009  0.0009  0.0008  0.0010  0.0009  0.0009  0.0009  0.0009
      *f0      0.0014  0.0014  0.0016  0.0016  0.0016  0.0016  0.0014  0.0014  0.0016  0.0016  0.0016  0.0016
      *f1-     0.0009  0.0008  0.0009  0.0008  0.0009  0.0010  0.0009  0.0008  0.0009  0.0008  0.0009  0.0010
      *f2-     0.0011  0.0006  0.0006  0.0005  0.0005  0.0011  0.0011  0.0006  0.0006  0.0005  0.0005  0.0011
      *f3-     0.0017  0.0017  0.0019  0.0020  0.0020  0.0019  0.0017  0.0017  0.0019  0.0020  0.0020  0.0019
      Total    6.1824  6.1819  6.2444  6.2127  6.2115  6.2448  6.1852  6.1823  6.2423  6.2123  6.2122  6.2429

      N-E     -0.1824 -0.1819 -0.2444 -0.2127 -0.2115 -0.2448 -0.1852 -0.1823 -0.2423 -0.2123 -0.2122 -0.2429

                H25     H26     H27     H28     H29     H30     H31     H32     H33     H34     H35     H36   
      1s       0.2626  0.2626  0.2635  0.2638  0.2638  0.2635  0.2627  0.2627  0.2635  0.2638  0.2638  0.2635
      2s       0.0000  0.0000  0.0000  0.0000  0.0000  0.0000  0.0000  0.0000  0.0000  0.0000  0.0000  0.0000
      2px      0.0000  0.0000  0.0000  0.0000  0.0000  0.0000  0.0000  0.0000  0.0000  0.0000  0.0000  0.0000
      2pz      0.0000  0.0000  0.0000  0.0000  0.0000  0.0000  0.0000  0.0000  0.0000  0.0000  0.0000  0.0000
      2py      0.0000  0.0000  0.0000  0.0000  0.0000  0.0000  0.0000  0.0000  0.0000  0.0000  0.0000  0.0000
      3s       0.0000  0.0000  0.0000  0.0000  0.0000  0.0000  0.0000  0.0000  0.0000  0.0000  0.0000  0.0000
      3px      0.0000  0.0000  0.0000  0.0000  0.0000  0.0000  0.0000  0.0000  0.0000  0.0000  0.0000  0.0000
      3pz      0.0000  0.0000  0.0000  0.0000  0.0000  0.0000  0.0000  0.0000  0.0000  0.0000  0.0000  0.0000
      3py      0.0000  0.0000  0.0000  0.0000  0.0000  0.0000  0.0000  0.0000  0.0000  0.0000  0.0000  0.0000
      4s       0.0000  0.0000  0.0000  0.0000  0.0000  0.0000  0.0000  0.0000  0.0000  0.0000  0.0000  0.0000
      3d2+     0.0000  0.0000  0.0000  0.0000  0.0000  0.0000  0.0000  0.0000  0.0000  0.0000  0.0000  0.0000
      3d1+     0.0000  0.0000  0.0000  0.0000  0.0000  0.0000  0.0000  0.0000  0.0000  0.0000  0.0000  0.0000
      3d0      0.0000  0.0000  0.0000  0.0000  0.0000  0.0000  0.0000  0.0000  0.0000  0.0000  0.0000  0.0000
      3d1-     0.0000  0.0000  0.0000  0.0000  0.0000  0.0000  0.0000  0.0000  0.0000  0.0000  0.0000  0.0000
      3d2-     0.0000  0.0000  0.0000  0.0000  0.0000  0.0000  0.0000  0.0000  0.0000  0.0000  0.0000  0.0000
      *s       0.5668  0.5668  0.5809  0.5780  0.5780  0.5810  0.5673  0.5672  0.5810  0.5780  0.5780  0.5810
      *px      0.0166  0.0066  0.0061  0.0061  0.0064  0.0163  0.0166  0.0066  0.0061  0.0061  0.0064  0.0163
      *pz      0.0044  0.0044  0.0041  0.0042  0.0042  0.0041  0.0044  0.0044  0.0041  0.0042  0.0042  0.0041
      *py      0.0030  0.0131  0.0131  0.0130  0.0127  0.0029  0.0030  0.0131  0.0131  0.0130  0.0127  0.0029
      *d2+     0.0000  0.0000  0.0000  0.0000  0.0000  0.0000  0.0000  0.0000  0.0000  0.0000  0.0000  0.0000
      *d1+     0.0000  0.0000  0.0000  0.0000  0.0000  0.0000  0.0000  0.0000  0.0000  0.0000  0.0000  0.0000
      *d0      0.0000  0.0000  0.0000  0.0000  0.0000  0.0000  0.0000  0.0000  0.0000  0.0000  0.0000  0.0000
      *d1-     0.0000  0.0000  0.0000  0.0000  0.0000  0.0000  0.0000  0.0000  0.0000  0.0000  0.0000  0.0000
      *d2-     0.0000  0.0000  0.0000  0.0000  0.0000  0.0000  0.0000  0.0000  0.0000  0.0000  0.0000  0.0000
      *f3+     0.0000  0.0000  0.0000  0.0000  0.0000  0.0000  0.0000  0.0000  0.0000  0.0000  0.0000  0.0000
      *f2+     0.0000  0.0000  0.0000  0.0000  0.0000  0.0000  0.0000  0.0000  0.0000  0.0000  0.0000  0.0000
      *f1+     0.0000  0.0000  0.0000  0.0000  0.0000  0.0000  0.0000  0.0000  0.0000  0.0000  0.0000  0.0000
      *f0      0.0000  0.0000  0.0000  0.0000  0.0000  0.0000  0.0000  0.0000  0.0000  0.0000  0.0000  0.0000
      *f1-     0.0000  0.0000  0.0000  0.0000  0.0000  0.0000  0.0000  0.0000  0.0000  0.0000  0.0000  0.0000
      *f2-     0.0000  0.0000  0.0000  0.0000  0.0000  0.0000  0.0000  0.0000  0.0000  0.0000  0.0000  0.0000
      *f3-     0.0000  0.0000  0.0000  0.0000  0.0000  0.0000  0.0000  0.0000  0.0000  0.0000  0.0000  0.0000
      Total    0.8535  0.8535  0.8677  0.8651  0.8651  0.8678  0.8541  0.8540  0.8678  0.8651  0.8651  0.8677

      N-E      0.1465  0.1465  0.1323  0.1349  0.1349  0.1322  0.1459  0.1460  0.1322  0.1349  0.1349  0.1323

                NI37    NI38  
      1s       1.9997  1.9997
      2s       2.0007  2.0007
      2px      1.9958  1.9958
      2pz      1.9958  1.9958
      2py      1.9957  1.9958
      3s       1.1581  1.1582
      3px      1.5692  1.5695
      3pz      1.5738  1.5737
      3py      1.5676  1.5675
      4s       0.8150  0.8148
      3d2+     0.9340  0.9389
      3d1+     0.7276  0.6155
      3d0      0.9882  0.9808
      3d1-     0.7997  0.9059
      3d2-     0.9552  0.9576
      *s       1.1436  1.1529
      *px      0.4881  0.4894
      *pz      0.5373  0.5366
      *py      0.4808  0.4811
      *d2+     0.9893  0.9908
      *d1+     0.7245  0.6172
      *d0      0.9925  0.9910
      *d1-     0.7955  0.8965
      *d2-     0.9933  0.9923
      *f3+     0.0000  0.0000
      *f2+     0.0000  0.0000
      *f1+     0.0000  0.0000
      *f0      0.0000  0.0001
      *f1-     0.0000  0.0000
      *f2-     0.0000  0.0000
      *f3-     0.0000  0.0000
      Total   28.2211 28.2179

      N-E     -0.2211 -0.2179

      Total electronic charge=  212.000000

      Total            charge=   -0.000000
--



      Expectation values of various properties for root number:  1
      -----------------------------------------------------------


++    Molecular properties:
      ---------------------

      Charge (e):
                      =   -0.0000
      Dipole Moment (Debye):
      Origin of the operator (Ang)=    0.0000    0.0000    0.0000
                   X=  1.2868E-01               Y= -4.4011E-02               Z= -8.4424E+00           Total=  8.4435E+00
      Quadrupole Moment (Debye*Ang):
      Origin of the operator (Ang)=    0.0000   -0.0000    0.5165
                  XX= -1.3930E+02              XY= -1.7623E+00              XZ=  1.4164E-02              YY= -1.3721E+02
                  YZ=  3.6009E-02              ZZ= -2.0138E+02
      In traceless form (Debye*Ang)
                  XX=  2.9993E+01              XY= -2.6435E+00              XZ=  2.1246E-02              YY=  3.3136E+01
                  YZ=  5.4014E-02              ZZ= -6.3128E+01
--


      Mulliken spin population analysis for root number:  1
      ---------------------------------------------------


++    Molecular charges:
      ------------------

      Mulliken spin population per centre and basis function type
      ---------------------------------------------------

                C1      C2      C3      C4      C5      C6      C7      C8      C9      C10     C11     C12   
      1s       0.0001  0.0000  0.0000  0.0001  0.0001  0.0000  0.0000  0.0000  0.0000  0.0000  0.0000  0.0000
      2s      -0.0001 -0.0001 -0.0000 -0.0001 -0.0001 -0.0000 -0.0000 -0.0000 -0.0000 -0.0000 -0.0000 -0.0000
      2px      0.0001  0.0004  0.0001  0.0000  0.0005  0.0002  0.0004  0.0004  0.0000  0.0003  0.0003  0.0000
      2pz      0.0049  0.0024  0.0021  0.0034  0.0030  0.0019  0.0095  0.0094 -0.0003  0.0086  0.0089  0.0007
      2py      0.0005  0.0001  0.0001  0.0006  0.0001  0.0001  0.0000  0.0001  0.0000  0.0001  0.0001  0.0000
      3s       0.0000  0.0000  0.0000  0.0000  0.0000  0.0000  0.0000  0.0000  0.0000  0.0000  0.0000  0.0000
      3px      0.0000  0.0000  0.0000  0.0000  0.0000  0.0000  0.0000  0.0000  0.0000  0.0000  0.0000  0.0000
      3pz      0.0000  0.0000  0.0000  0.0000  0.0000  0.0000  0.0000  0.0000  0.0000  0.0000  0.0000  0.0000
      3py      0.0000  0.0000  0.0000  0.0000  0.0000  0.0000  0.0000  0.0000  0.0000  0.0000  0.0000  0.0000
      4s       0.0000  0.0000  0.0000  0.0000  0.0000  0.0000  0.0000  0.0000  0.0000  0.0000  0.0000  0.0000
      3d2+     0.0000  0.0000  0.0000  0.0000  0.0000  0.0000  0.0000  0.0000  0.0000  0.0000  0.0000  0.0000
      3d1+     0.0000  0.0000  0.0000  0.0000  0.0000  0.0000  0.0000  0.0000  0.0000  0.0000  0.0000  0.0000
      3d0      0.0000  0.0000  0.0000  0.0000  0.0000  0.0000  0.0000  0.0000  0.0000  0.0000  0.0000  0.0000
      3d1-     0.0000  0.0000  0.0000  0.0000  0.0000  0.0000  0.0000  0.0000  0.0000  0.0000  0.0000  0.0000
      3d2-     0.0000  0.0000  0.0000  0.0000  0.0000  0.0000  0.0000  0.0000  0.0000  0.0000  0.0000  0.0000
      *s       0.0037  0.0041 -0.0345  0.0003 -0.0003 -0.0346 -0.0024 -0.0021  0.0016 -0.0005 -0.0004  0.0017
      *px     -0.0008 -0.0015  0.0012 -0.0006 -0.0018  0.0011 -0.0018  0.0001 -0.0008 -0.0014  0.0000 -0.0007
      *pz      0.0061  0.0005 -0.0024  0.0021  0.0014 -0.0029 -0.0025 -0.0026 -0.0017 -0.0037 -0.0029 -0.0002
      *py     -0.0026 -0.0012  0.0010 -0.0016 -0.0008  0.0007 -0.0012 -0.0032  0.0023 -0.0013 -0.0028  0.0024
      *d2+     0.0000  0.0001  0.0000 -0.0001  0.0003  0.0000  0.0001 -0.0001 -0.0000  0.0001 -0.0001 -0.0000
      *d1+     0.0006  0.0003  0.0002  0.0006  0.0003  0.0003  0.0003  0.0003  0.0006  0.0003  0.0005  0.0006
      *d0      0.0015  0.0015  0.0005  0.0015  0.0015  0.0005  0.0003  0.0003  0.0000  0.0002  0.0003  0.0000
      *d1-     0.0002  0.0005  0.0001  0.0002  0.0005  0.0002  0.0003  0.0001  0.0003  0.0000  0.0000  0.0003
      *d2-     0.0003  0.0000  0.0000  0.0003  0.0000  0.0000 -0.0001  0.0001  0.0000 -0.0000  0.0001  0.0000
      *f3+     0.0000  0.0000  0.0000  0.0000  0.0000  0.0000  0.0000 -0.0000  0.0000 -0.0000 -0.0000 -0.0000
      *f2+     0.0000  0.0000  0.0000  0.0000  0.0000  0.0000  0.0000  0.0000  0.0000  0.0000  0.0000  0.0000
      *f1+     0.0000  0.0000  0.0000  0.0000  0.0000  0.0000  0.0000  0.0000  0.0000  0.0000  0.0000  0.0000
      *f0      0.0001  0.0001  0.0000  0.0001  0.0000  0.0000  0.0000  0.0000  0.0000  0.0000  0.0000  0.0000
      *f1-     0.0000  0.0000  0.0000  0.0000  0.0000  0.0000  0.0000  0.0000  0.0000 -0.0000  0.0000  0.0000
      *f2-     0.0000  0.0000  0.0000  0.0000  0.0000  0.0000  0.0000  0.0000  0.0000 -0.0000  0.0000  0.0000
      *f3-     0.0000  0.0000  0.0000  0.0000  0.0000  0.0000  0.0000  0.0000  0.0000  0.0000  0.0000  0.0000
      Total    0.0146  0.0073 -0.0315  0.0067  0.0048 -0.0325  0.0030  0.0028  0.0021  0.0026  0.0040  0.0049

                C13     C14     C15     C16     C17     C18     C19     C20     C21     C22     C23     C24   
      1s       0.0001  0.0001  0.0000  0.0000  0.0000  0.0000  0.0001  0.0001  0.0000  0.0000  0.0000  0.0000
      2s      -0.0001 -0.0001 -0.0000 -0.0000 -0.0000 -0.0000 -0.0001 -0.0001 -0.0000 -0.0000 -0.0000 -0.0000
      2px      0.0007  0.0001  0.0000  0.0000  0.0000  0.0000  0.0005  0.0001  0.0000  0.0000  0.0000  0.0000
      2pz      0.0038  0.0034  0.0005  0.0028  0.0031 -0.0003  0.0024  0.0034  0.0009  0.0031  0.0033  0.0009
      2py      0.0004  0.0009  0.0000  0.0000  0.0000 -0.0000  0.0001  0.0007  0.0000  0.0000  0.0000  0.0000
      3s       0.0000  0.0000  0.0000  0.0000  0.0000  0.0000  0.0000  0.0000  0.0000  0.0000  0.0000  0.0000
      3px      0.0000  0.0000  0.0000  0.0000  0.0000  0.0000  0.0000  0.0000  0.0000  0.0000  0.0000  0.0000
      3pz      0.0000  0.0000  0.0000  0.0000  0.0000  0.0000  0.0000  0.0000  0.0000  0.0000  0.0000  0.0000
      3py      0.0000  0.0000  0.0000  0.0000  0.0000  0.0000  0.0000  0.0000  0.0000  0.0000  0.0000  0.0000
      4s       0.0000  0.0000  0.0000  0.0000  0.0000  0.0000  0.0000  0.0000  0.0000  0.0000  0.0000  0.0000
      3d2+     0.0000  0.0000  0.0000  0.0000  0.0000  0.0000  0.0000  0.0000  0.0000  0.0000  0.0000  0.0000
      3d1+     0.0000  0.0000  0.0000  0.0000  0.0000  0.0000  0.0000  0.0000  0.0000  0.0000  0.0000  0.0000
      3d0      0.0000  0.0000  0.0000  0.0000  0.0000  0.0000  0.0000  0.0000  0.0000  0.0000  0.0000  0.0000
      3d1-     0.0000  0.0000  0.0000  0.0000  0.0000  0.0000  0.0000  0.0000  0.0000  0.0000  0.0000  0.0000
      3d2-     0.0000  0.0000  0.0000  0.0000  0.0000  0.0000  0.0000  0.0000  0.0000  0.0000  0.0000  0.0000
      *s      -0.0214 -0.0194 -0.0064  0.0022  0.0023 -0.0064 -0.0212 -0.0220 -0.0064  0.0023  0.0021 -0.0062
      *px     -0.0004 -0.0001 -0.0005 -0.0003  0.0002 -0.0007 -0.0003 -0.0004 -0.0005 -0.0003  0.0002 -0.0006
      *pz      0.0016  0.0014 -0.0007  0.0076  0.0081 -0.0022 -0.0024 -0.0005  0.0003  0.0081  0.0085 -0.0000
      *py      0.0003  0.0007 -0.0020  0.0004 -0.0001 -0.0018  0.0001  0.0001 -0.0020  0.0004 -0.0001 -0.0018
      *d2+     0.0001  0.0000  0.0001  0.0000 -0.0000  0.0000  0.0002 -0.0000  0.0001  0.0000  0.0000 -0.0000
      *d1+     0.0000  0.0006  0.0010  0.0000 -0.0001  0.0000  0.0002  0.0004  0.0010  0.0001  0.0001  0.0000
      *d0      0.0020  0.0020  0.0001  0.0000  0.0000  0.0001  0.0020  0.0020  0.0001  0.0000  0.0000  0.0001
      *d1-     0.0004  0.0000  0.0005 -0.0000 -0.0000  0.0013  0.0003 -0.0000  0.0004  0.0000  0.0001  0.0015
      *d2-     0.0000  0.0005 -0.0000 -0.0000 -0.0000  0.0000  0.0000  0.0002 -0.0000 -0.0000  0.0000  0.0000
      *f3+     0.0000  0.0000 -0.0000  0.0000  0.0000 -0.0000  0.0000  0.0000  0.0000  0.0000  0.0000  0.0000
      *f2+     0.0000  0.0000  0.0000  0.0000 -0.0000  0.0000  0.0000  0.0000  0.0000  0.0000  0.0000  0.0000
      *f1+     0.0001  0.0000  0.0000  0.0000 -0.0000  0.0000  0.0001  0.0000  0.0000  0.0000  0.0000  0.0000
      *f0      0.0000  0.0000  0.0000 -0.0000 -0.0000  0.0000  0.0000  0.0000  0.0000 -0.0000 -0.0000  0.0000
      *f1-     0.0000  0.0001  0.0000  0.0000  0.0000  0.0000  0.0000  0.0001  0.0000  0.0000  0.0000  0.0000
      *f2-     0.0000  0.0000  0.0000 -0.0000  0.0000  0.0000  0.0000  0.0000  0.0000  0.0000  0.0000  0.0001
      *f3-     0.0000  0.0000  0.0000  0.0000  0.0000  0.0000  0.0000 -0.0000  0.0000  0.0000  0.0000  0.0000
      Total   -0.0123 -0.0097 -0.0074  0.0128  0.0135 -0.0098 -0.0179 -0.0159 -0.0060  0.0138  0.0142 -0.0060

                H25     H26     H27     H28     H29     H30     H31     H32     H33     H34     H35     H36   
      1s       0.0001  0.0002  0.0000  0.0000  0.0000  0.0000  0.0001  0.0001  0.0000  0.0000  0.0000  0.0000
      2s       0.0000  0.0000  0.0000  0.0000  0.0000  0.0000  0.0000  0.0000  0.0000  0.0000  0.0000  0.0000
      2px      0.0000  0.0000  0.0000  0.0000  0.0000  0.0000  0.0000  0.0000  0.0000  0.0000  0.0000  0.0000
      2pz      0.0000  0.0000  0.0000  0.0000  0.0000  0.0000  0.0000  0.0000  0.0000  0.0000  0.0000  0.0000
      2py      0.0000  0.0000  0.0000  0.0000  0.0000  0.0000  0.0000  0.0000  0.0000  0.0000  0.0000  0.0000
      3s       0.0000  0.0000  0.0000  0.0000  0.0000  0.0000  0.0000  0.0000  0.0000  0.0000  0.0000  0.0000
      3px      0.0000  0.0000  0.0000  0.0000  0.0000  0.0000  0.0000  0.0000  0.0000  0.0000  0.0000  0.0000
      3pz      0.0000  0.0000  0.0000  0.0000  0.0000  0.0000  0.0000  0.0000  0.0000  0.0000  0.0000  0.0000
      3py      0.0000  0.0000  0.0000  0.0000  0.0000  0.0000  0.0000  0.0000  0.0000  0.0000  0.0000  0.0000
      4s       0.0000  0.0000  0.0000  0.0000  0.0000  0.0000  0.0000  0.0000  0.0000  0.0000  0.0000  0.0000
      3d2+     0.0000  0.0000  0.0000  0.0000  0.0000  0.0000  0.0000  0.0000  0.0000  0.0000  0.0000  0.0000
      3d1+     0.0000  0.0000  0.0000  0.0000  0.0000  0.0000  0.0000  0.0000  0.0000  0.0000  0.0000  0.0000
      3d0      0.0000  0.0000  0.0000  0.0000  0.0000  0.0000  0.0000  0.0000  0.0000  0.0000  0.0000  0.0000
      3d1-     0.0000  0.0000  0.0000  0.0000  0.0000  0.0000  0.0000  0.0000  0.0000  0.0000  0.0000  0.0000
      3d2-     0.0000  0.0000  0.0000  0.0000  0.0000  0.0000  0.0000  0.0000  0.0000  0.0000  0.0000  0.0000
      *s      -0.0019 -0.0019  0.0000 -0.0000 -0.0000 -0.0000 -0.0019 -0.0019 -0.0000 -0.0000 -0.0000  0.0000
      *px      0.0000  0.0000  0.0000  0.0000  0.0000  0.0000  0.0000  0.0000  0.0000  0.0000  0.0000  0.0000
      *pz      0.0001  0.0001  0.0000  0.0001  0.0001 -0.0000  0.0001  0.0001  0.0000  0.0001  0.0001  0.0000
      *py      0.0000  0.0000  0.0000  0.0000  0.0000  0.0000  0.0000  0.0000  0.0000  0.0000  0.0000 -0.0000
      *d2+     0.0000  0.0000  0.0000  0.0000  0.0000  0.0000  0.0000  0.0000  0.0000  0.0000  0.0000  0.0000
      *d1+     0.0000  0.0000  0.0000  0.0000  0.0000  0.0000  0.0000  0.0000  0.0000  0.0000  0.0000  0.0000
      *d0      0.0000  0.0000  0.0000  0.0000  0.0000  0.0000  0.0000  0.0000  0.0000  0.0000  0.0000  0.0000
      *d1-     0.0000  0.0000  0.0000  0.0000  0.0000  0.0000  0.0000  0.0000  0.0000  0.0000  0.0000  0.0000
      *d2-     0.0000  0.0000  0.0000  0.0000  0.0000  0.0000  0.0000  0.0000  0.0000  0.0000  0.0000  0.0000
      *f3+     0.0000  0.0000  0.0000  0.0000  0.0000  0.0000  0.0000  0.0000  0.0000  0.0000  0.0000  0.0000
      *f2+     0.0000  0.0000  0.0000  0.0000  0.0000  0.0000  0.0000  0.0000  0.0000  0.0000  0.0000  0.0000
      *f1+     0.0000  0.0000  0.0000  0.0000  0.0000  0.0000  0.0000  0.0000  0.0000  0.0000  0.0000  0.0000
      *f0      0.0000  0.0000  0.0000  0.0000  0.0000  0.0000  0.0000  0.0000  0.0000  0.0000  0.0000  0.0000
      *f1-     0.0000  0.0000  0.0000  0.0000  0.0000  0.0000  0.0000  0.0000  0.0000  0.0000  0.0000  0.0000
      *f2-     0.0000  0.0000  0.0000  0.0000  0.0000  0.0000  0.0000  0.0000  0.0000  0.0000  0.0000  0.0000
      *f3-     0.0000  0.0000  0.0000  0.0000  0.0000  0.0000  0.0000  0.0000  0.0000  0.0000  0.0000  0.0000
      Total   -0.0016 -0.0016  0.0000  0.0000  0.0000  0.0000 -0.0016 -0.0017  0.0000  0.0000  0.0000  0.0000

                NI37    NI38  
      1s       0.0000  0.0000
      2s       0.0001  0.0001
      2px      0.0000  0.0000
      2pz      0.0000  0.0000
      2py      0.0000  0.0000
      3s       0.0071  0.0071
      3px      0.0002  0.0002
      3pz      0.0026  0.0026
      3py      0.0001  0.0001
      4s      -0.0118 -0.0117
      3d2+     0.0025 -0.0001
      3d1+     0.2798  0.3945
      3d0      0.0016  0.0056
      3d1-     0.2031  0.0963
      3d2-     0.0005  0.0003
      *s       1.0214  1.0286
      *px      0.0021  0.0023
      *pz      0.0516  0.0514
      *py      0.0006  0.0008
      *d2+     0.0026 -0.0000
      *d1+     0.2570  0.3651
      *d0      0.0021  0.0059
      *d1-     0.1871  0.0881
      *d2-     0.0003  0.0003
      *f3+    -0.0000 -0.0000
      *f2+     0.0000  0.0000
      *f1+    -0.0000  0.0000
      *f0      0.0000  0.0000
      *f1-     0.0000 -0.0000
      *f2-     0.0000  0.0000
      *f3-     0.0000  0.0000
      Total    2.0107  2.0374

      Total electronic spin=    4.000000
--


      Von Neumann Entropy (Root   2) =  2.37565


      Mulliken population analysis for root number:  2
      -----------------------------------------------


++    Molecular charges:
      ------------------

      Mulliken charges per centre and basis function type
      ---------------------------------------------------

                C1      C2      C3      C4      C5      C6      C7      C8      C9      C10     C11     C12   
      1s       0.8546  0.8547  0.8547  0.8546  0.8546  0.8547  0.8547  0.8547  0.8547  0.8547  0.8547  0.8547
      2s       1.1233  1.1233  1.1232  1.1233  1.1233  1.1232  1.1233  1.1233  1.1232  1.1233  1.1233  1.1232
      2px      0.4567  0.4600  0.4575  0.4568  0.4599  0.4575  0.4496  0.4540  0.4649  0.4496  0.4541  0.4649
      2pz      0.3206  0.3239  0.3331  0.3212  0.3213  0.3353  0.3221  0.3216  0.3424  0.3216  0.3218  0.3415
      2py      0.4565  0.4532  0.4614  0.4563  0.4532  0.4613  0.4636  0.4592  0.4600  0.4635  0.4591  0.4600
      3s       0.0000  0.0000  0.0000  0.0000  0.0000  0.0000  0.0000  0.0000  0.0000  0.0000  0.0000  0.0000
      3px      0.0000  0.0000  0.0000  0.0000  0.0000  0.0000  0.0000  0.0000  0.0000  0.0000  0.0000  0.0000
      3pz      0.0000  0.0000  0.0000  0.0000  0.0000  0.0000  0.0000  0.0000  0.0000  0.0000  0.0000  0.0000
      3py      0.0000  0.0000  0.0000  0.0000  0.0000  0.0000  0.0000  0.0000  0.0000  0.0000  0.0000  0.0000
      4s       0.0000  0.0000  0.0000  0.0000  0.0000  0.0000  0.0000  0.0000  0.0000  0.0000  0.0000  0.0000
      3d2+     0.0000  0.0000  0.0000  0.0000  0.0000  0.0000  0.0000  0.0000  0.0000  0.0000  0.0000  0.0000
      3d1+     0.0000  0.0000  0.0000  0.0000  0.0000  0.0000  0.0000  0.0000  0.0000  0.0000  0.0000  0.0000
      3d0      0.0000  0.0000  0.0000  0.0000  0.0000  0.0000  0.0000  0.0000  0.0000  0.0000  0.0000  0.0000
      3d1-     0.0000  0.0000  0.0000  0.0000  0.0000  0.0000  0.0000  0.0000  0.0000  0.0000  0.0000  0.0000
      3d2-     0.0000  0.0000  0.0000  0.0000  0.0000  0.0000  0.0000  0.0000  0.0000  0.0000  0.0000  0.0000
      *s       1.2981  1.2973  1.3491  1.2927  1.2926  1.3491  1.0039  1.0036  1.1056  1.0043  1.0048  1.1055
      *px      0.4298  0.2663  0.4442  0.4299  0.2658  0.4445  0.3658  0.4349  0.3964  0.3658  0.4358  0.3963
      *pz      0.6459  0.6525  0.6090  0.6459  0.6465  0.6131  0.5897  0.5886  0.6319  0.5855  0.5861  0.6305
      *py      0.1469  0.3115  0.3621  0.1467  0.3121  0.3621  0.4643  0.3950  0.3901  0.4651  0.3952  0.3902
      *d2+     0.0502  0.0543  0.0602  0.0506  0.0543  0.0602  0.0421  0.0388  0.0452  0.0423  0.0390  0.0452
      *d1+     0.0252  0.0288  0.0271  0.0251  0.0289  0.0269  0.0215  0.0285  0.0271  0.0214  0.0282  0.0270
      *d0      0.0052  0.0052  0.0032  0.0053  0.0053  0.0032  0.0088  0.0089  0.0059  0.0089  0.0089  0.0059
      *d1-     0.0273  0.0232  0.0281  0.0268  0.0234  0.0280  0.0326  0.0259  0.0243  0.0326  0.0256  0.0247
      *d2-     0.0530  0.0492  0.0633  0.0532  0.0493  0.0633  0.0372  0.0405  0.0507  0.0372  0.0405  0.0507
      *f3+     0.0021  0.0021  0.0021  0.0021  0.0021  0.0021  0.0022  0.0022  0.0022  0.0022  0.0022  0.0022
      *f2+     0.0009  0.0010  0.0011  0.0009  0.0010  0.0011  0.0010  0.0009  0.0008  0.0010  0.0009  0.0008
      *f1+     0.0011  0.0010  0.0011  0.0011  0.0010  0.0011  0.0010  0.0012  0.0011  0.0010  0.0012  0.0011
      *f0      0.0018  0.0018  0.0020  0.0018  0.0018  0.0020  0.0017  0.0017  0.0019  0.0017  0.0017  0.0019
      *f1-     0.0010  0.0011  0.0011  0.0010  0.0011  0.0011  0.0013  0.0010  0.0011  0.0013  0.0010  0.0011
      *f2-     0.0010  0.0009  0.0011  0.0010  0.0009  0.0011  0.0009  0.0011  0.0010  0.0009  0.0011  0.0010
      *f3-     0.0030  0.0030  0.0032  0.0030  0.0030  0.0032  0.0029  0.0029  0.0031  0.0029  0.0029  0.0031
      Total    5.9042  5.9144  6.1879  5.8992  5.9014  6.1941  5.7902  5.7884  5.9340  5.7868  5.7881  5.9318

      N-E      0.0958  0.0856 -0.1879  0.1008  0.0986 -0.1941  0.2098  0.2116  0.0660  0.2132  0.2119  0.0682

                C13     C14     C15     C16     C17     C18     C19     C20     C21     C22     C23     C24   
      1s       0.8547  0.8547  0.8548  0.8548  0.8548  0.8548  0.8547  0.8547  0.8548  0.8548  0.8548  0.8548
      2s       1.1233  1.1234  1.1232  1.1232  1.1232  1.1232  1.1233  1.1233  1.1232  1.1232  1.1232  1.1232
      2px      0.4480  0.4502  0.4719  0.4715  0.4576  0.4520  0.4480  0.4501  0.4719  0.4715  0.4576  0.4520
      2pz      0.3360  0.3371  0.3354  0.3095  0.3092  0.3353  0.3364  0.3354  0.3343  0.3101  0.3094  0.3356
      2py      0.4583  0.4562  0.4482  0.4482  0.4622  0.4682  0.4587  0.4563  0.4483  0.4482  0.4622  0.4681
      3s       0.0000  0.0000  0.0000  0.0000  0.0000  0.0000  0.0000  0.0000  0.0000  0.0000  0.0000  0.0000
      3px      0.0000  0.0000  0.0000  0.0000  0.0000  0.0000  0.0000  0.0000  0.0000  0.0000  0.0000  0.0000
      3pz      0.0000  0.0000  0.0000  0.0000  0.0000  0.0000  0.0000  0.0000  0.0000  0.0000  0.0000  0.0000
      3py      0.0000  0.0000  0.0000  0.0000  0.0000  0.0000  0.0000  0.0000  0.0000  0.0000  0.0000  0.0000
      4s       0.0000  0.0000  0.0000  0.0000  0.0000  0.0000  0.0000  0.0000  0.0000  0.0000  0.0000  0.0000
      3d2+     0.0000  0.0000  0.0000  0.0000  0.0000  0.0000  0.0000  0.0000  0.0000  0.0000  0.0000  0.0000
      3d1+     0.0000  0.0000  0.0000  0.0000  0.0000  0.0000  0.0000  0.0000  0.0000  0.0000  0.0000  0.0000
      3d0      0.0000  0.0000  0.0000  0.0000  0.0000  0.0000  0.0000  0.0000  0.0000  0.0000  0.0000  0.0000
      3d1-     0.0000  0.0000  0.0000  0.0000  0.0000  0.0000  0.0000  0.0000  0.0000  0.0000  0.0000  0.0000
      3d2-     0.0000  0.0000  0.0000  0.0000  0.0000  0.0000  0.0000  0.0000  0.0000  0.0000  0.0000  0.0000
      *s       1.2250  1.2233  1.2495  1.2155  1.2159  1.2481  1.2214  1.2214  1.2483  1.2159  1.2157  1.2492
      *px      0.5355  0.5074  0.5060  0.5127  0.4938  0.5332  0.5345  0.5072  0.5059  0.5127  0.4937  0.5334
      *pz      0.6867  0.6904  0.6923  0.6477  0.6477  0.6921  0.6860  0.6842  0.6901  0.6495  0.6477  0.6927
      *py      0.4926  0.5204  0.5209  0.5125  0.5315  0.4932  0.4929  0.5202  0.5205  0.5126  0.5315  0.4934
      *d2+     0.0280  0.0284  0.0277  0.0280  0.0315  0.0311  0.0280  0.0285  0.0277  0.0280  0.0315  0.0311
      *d1+     0.0119  0.0221  0.0237  0.0289  0.0252  0.0070  0.0117  0.0221  0.0237  0.0287  0.0251  0.0070
      *d0      0.0088  0.0088  0.0052  0.0048  0.0048  0.0052  0.0090  0.0089  0.0052  0.0048  0.0048  0.0052
      *d1-     0.0289  0.0185  0.0114  0.0115  0.0152  0.0279  0.0287  0.0185  0.0113  0.0114  0.0152  0.0280
      *d2-     0.0268  0.0261  0.0330  0.0321  0.0287  0.0297  0.0268  0.0265  0.0330  0.0321  0.0287  0.0297
      *f3+     0.0019  0.0019  0.0019  0.0019  0.0019  0.0019  0.0019  0.0019  0.0019  0.0019  0.0019  0.0019
      *f2+     0.0005  0.0010  0.0009  0.0010  0.0010  0.0003  0.0005  0.0010  0.0009  0.0010  0.0010  0.0003
      *f1+     0.0008  0.0009  0.0009  0.0009  0.0009  0.0009  0.0008  0.0009  0.0009  0.0009  0.0009  0.0009
      *f0      0.0014  0.0014  0.0016  0.0016  0.0016  0.0016  0.0014  0.0014  0.0016  0.0016  0.0016  0.0016
      *f1-     0.0009  0.0008  0.0009  0.0009  0.0009  0.0010  0.0009  0.0008  0.0009  0.0009  0.0009  0.0010
      *f2-     0.0011  0.0006  0.0005  0.0005  0.0005  0.0011  0.0011  0.0006  0.0005  0.0005  0.0005  0.0011
      *f3-     0.0017  0.0017  0.0019  0.0020  0.0020  0.0019  0.0017  0.0017  0.0019  0.0020  0.0020  0.0019
      Total    6.2729  6.2752  6.3119  6.2098  6.2099  6.3095  6.2685  6.2657  6.3070  6.2124  6.2098  6.3120

      N-E     -0.2729 -0.2752 -0.3119 -0.2098 -0.2099 -0.3095 -0.2685 -0.2657 -0.3070 -0.2124 -0.2098 -0.3120

                H25     H26     H27     H28     H29     H30     H31     H32     H33     H34     H35     H36   
      1s       0.2626  0.2626  0.2635  0.2638  0.2638  0.2635  0.2627  0.2627  0.2635  0.2638  0.2638  0.2635
      2s       0.0000  0.0000  0.0000  0.0000  0.0000  0.0000  0.0000  0.0000  0.0000  0.0000  0.0000  0.0000
      2px      0.0000  0.0000  0.0000  0.0000  0.0000  0.0000  0.0000  0.0000  0.0000  0.0000  0.0000  0.0000
      2pz      0.0000  0.0000  0.0000  0.0000  0.0000  0.0000  0.0000  0.0000  0.0000  0.0000  0.0000  0.0000
      2py      0.0000  0.0000  0.0000  0.0000  0.0000  0.0000  0.0000  0.0000  0.0000  0.0000  0.0000  0.0000
      3s       0.0000  0.0000  0.0000  0.0000  0.0000  0.0000  0.0000  0.0000  0.0000  0.0000  0.0000  0.0000
      3px      0.0000  0.0000  0.0000  0.0000  0.0000  0.0000  0.0000  0.0000  0.0000  0.0000  0.0000  0.0000
      3pz      0.0000  0.0000  0.0000  0.0000  0.0000  0.0000  0.0000  0.0000  0.0000  0.0000  0.0000  0.0000
      3py      0.0000  0.0000  0.0000  0.0000  0.0000  0.0000  0.0000  0.0000  0.0000  0.0000  0.0000  0.0000
      4s       0.0000  0.0000  0.0000  0.0000  0.0000  0.0000  0.0000  0.0000  0.0000  0.0000  0.0000  0.0000
      3d2+     0.0000  0.0000  0.0000  0.0000  0.0000  0.0000  0.0000  0.0000  0.0000  0.0000  0.0000  0.0000
      3d1+     0.0000  0.0000  0.0000  0.0000  0.0000  0.0000  0.0000  0.0000  0.0000  0.0000  0.0000  0.0000
      3d0      0.0000  0.0000  0.0000  0.0000  0.0000  0.0000  0.0000  0.0000  0.0000  0.0000  0.0000  0.0000
      3d1-     0.0000  0.0000  0.0000  0.0000  0.0000  0.0000  0.0000  0.0000  0.0000  0.0000  0.0000  0.0000
      3d2-     0.0000  0.0000  0.0000  0.0000  0.0000  0.0000  0.0000  0.0000  0.0000  0.0000  0.0000  0.0000
      *s       0.5680  0.5680  0.5810  0.5780  0.5780  0.5811  0.5682  0.5682  0.5811  0.5780  0.5780  0.5811
      *px      0.0167  0.0066  0.0061  0.0061  0.0064  0.0163  0.0167  0.0066  0.0061  0.0061  0.0064  0.0163
      *pz      0.0050  0.0050  0.0046  0.0041  0.0041  0.0046  0.0050  0.0050  0.0046  0.0041  0.0041  0.0046
      *py      0.0030  0.0131  0.0131  0.0130  0.0127  0.0029  0.0030  0.0131  0.0131  0.0130  0.0127  0.0029
      *d2+     0.0000  0.0000  0.0000  0.0000  0.0000  0.0000  0.0000  0.0000  0.0000  0.0000  0.0000  0.0000
      *d1+     0.0000  0.0000  0.0000  0.0000  0.0000  0.0000  0.0000  0.0000  0.0000  0.0000  0.0000  0.0000
      *d0      0.0000  0.0000  0.0000  0.0000  0.0000  0.0000  0.0000  0.0000  0.0000  0.0000  0.0000  0.0000
      *d1-     0.0000  0.0000  0.0000  0.0000  0.0000  0.0000  0.0000  0.0000  0.0000  0.0000  0.0000  0.0000
      *d2-     0.0000  0.0000  0.0000  0.0000  0.0000  0.0000  0.0000  0.0000  0.0000  0.0000  0.0000  0.0000
      *f3+     0.0000  0.0000  0.0000  0.0000  0.0000  0.0000  0.0000  0.0000  0.0000  0.0000  0.0000  0.0000
      *f2+     0.0000  0.0000  0.0000  0.0000  0.0000  0.0000  0.0000  0.0000  0.0000  0.0000  0.0000  0.0000
      *f1+     0.0000  0.0000  0.0000  0.0000  0.0000  0.0000  0.0000  0.0000  0.0000  0.0000  0.0000  0.0000
      *f0      0.0000  0.0000  0.0000  0.0000  0.0000  0.0000  0.0000  0.0000  0.0000  0.0000  0.0000  0.0000
      *f1-     0.0000  0.0000  0.0000  0.0000  0.0000  0.0000  0.0000  0.0000  0.0000  0.0000  0.0000  0.0000
      *f2-     0.0000  0.0000  0.0000  0.0000  0.0000  0.0000  0.0000  0.0000  0.0000  0.0000  0.0000  0.0000
      *f3-     0.0000  0.0000  0.0000  0.0000  0.0000  0.0000  0.0000  0.0000  0.0000  0.0000  0.0000  0.0000
      Total    0.8553  0.8553  0.8683  0.8650  0.8651  0.8684  0.8556  0.8555  0.8683  0.8651  0.8650  0.8683

      N-E      0.1447  0.1447  0.1317  0.1350  0.1349  0.1316  0.1444  0.1445  0.1317  0.1349  0.1350  0.1317

                NI37    NI38  
      1s       1.9997  1.9997
      2s       2.0006  2.0006
      2px      1.9958  1.9958
      2pz      1.9958  1.9958
      2py      1.9957  1.9958
      3s       1.1542  1.1551
      3px      1.5693  1.5696
      3pz      1.5724  1.5725
      3py      1.5680  1.5679
      4s       0.8217  0.8201
      3d2+     0.9405  0.9434
      3d1+     0.7331  0.6210
      3d0      0.9877  0.9804
      3d1-     0.8007  0.9058
      3d2-     0.9576  0.9592
      *s       0.6089  0.7302
      *px      0.4873  0.4886
      *pz      0.5099  0.5149
      *py      0.4786  0.4790
      *d2+     0.9896  0.9902
      *d1+     0.7290  0.6219
      *d0      0.9906  0.9893
      *d1-     0.7953  0.8953
      *d2-     0.9935  0.9922
      *f3+     0.0000  0.0000
      *f2+     0.0000  0.0000
      *f1+     0.0000  0.0000
      *f0      0.0000  0.0001
      *f1-     0.0000  0.0000
      *f2-     0.0000  0.0000
      *f3-     0.0000  0.0000
      Total   27.6754 27.7843

      N-E      0.3246  0.2157

      Total electronic charge=  212.000000

      Total            charge=   -0.000000
--



      Expectation values of various properties for root number:  2
      -----------------------------------------------------------


++    Molecular properties:
      ---------------------

      Charge (e):
                      =   -0.0000
      Dipole Moment (Debye):
      Origin of the operator (Ang)=    0.0000    0.0000    0.0000
                   X=  7.2834E-01               Y=  3.9395E-01               Z=  2.4447E+00           Total=  2.5812E+00
      Quadrupole Moment (Debye*Ang):
      Origin of the operator (Ang)=    0.0000   -0.0000    0.5165
                  XX= -1.4135E+02              XY=  5.8442E+00              XZ=  2.3063E+00              YY= -1.4802E+02
                  YZ=  1.3237E+00              ZZ= -1.8032E+02
      In traceless form (Debye*Ang)
                  XX=  2.2818E+01              XY=  8.7663E+00              XZ=  3.4595E+00              YY=  1.2812E+01
                  YZ=  1.9856E+00              ZZ= -3.5629E+01
--


      Mulliken spin population analysis for root number:  2
      ---------------------------------------------------


++    Molecular charges:
      ------------------

      Mulliken spin population per centre and basis function type
      ---------------------------------------------------

                C1      C2      C3      C4      C5      C6      C7      C8      C9      C10     C11     C12   
      1s       0.0000  0.0000  0.0000  0.0000  0.0000  0.0000  0.0000  0.0000  0.0000  0.0000  0.0000  0.0000
      2s      -0.0001 -0.0001 -0.0000 -0.0001 -0.0001 -0.0000 -0.0000 -0.0000 -0.0000 -0.0000 -0.0000 -0.0000
      2px      0.0001  0.0003  0.0001  0.0000  0.0004  0.0002  0.0004  0.0005  0.0001  0.0003  0.0004  0.0001
      2pz      0.0090  0.0071  0.0095  0.0061  0.0056  0.0108  0.0070  0.0066  0.0301  0.0081  0.0084  0.0310
      2py      0.0004  0.0001  0.0002  0.0005  0.0001  0.0002  0.0002  0.0001  0.0002  0.0002  0.0001  0.0002
      3s       0.0000  0.0000  0.0000  0.0000  0.0000  0.0000  0.0000  0.0000  0.0000  0.0000  0.0000  0.0000
      3px      0.0000  0.0000  0.0000  0.0000  0.0000  0.0000  0.0000  0.0000  0.0000  0.0000  0.0000  0.0000
      3pz      0.0000  0.0000  0.0000  0.0000  0.0000  0.0000  0.0000  0.0000  0.0000  0.0000  0.0000  0.0000
      3py      0.0000  0.0000  0.0000  0.0000  0.0000  0.0000  0.0000  0.0000  0.0000  0.0000  0.0000  0.0000
      4s       0.0000  0.0000  0.0000  0.0000  0.0000  0.0000  0.0000  0.0000  0.0000  0.0000  0.0000  0.0000
      3d2+     0.0000  0.0000  0.0000  0.0000  0.0000  0.0000  0.0000  0.0000  0.0000  0.0000  0.0000  0.0000
      3d1+     0.0000  0.0000  0.0000  0.0000  0.0000  0.0000  0.0000  0.0000  0.0000  0.0000  0.0000  0.0000
      3d0      0.0000  0.0000  0.0000  0.0000  0.0000  0.0000  0.0000  0.0000  0.0000  0.0000  0.0000  0.0000
      3d1-     0.0000  0.0000  0.0000  0.0000  0.0000  0.0000  0.0000  0.0000  0.0000  0.0000  0.0000  0.0000
      3d2-     0.0000  0.0000  0.0000  0.0000  0.0000  0.0000  0.0000  0.0000  0.0000  0.0000  0.0000  0.0000
      *s       0.0119  0.0119 -0.0367  0.0088  0.0078 -0.0368 -0.0039 -0.0036  0.0017 -0.0028 -0.0025  0.0017
      *px     -0.0020  0.0001  0.0009 -0.0025 -0.0006  0.0008  0.0017  0.0005  0.0009  0.0020  0.0006  0.0009
      *pz      0.0122  0.0078  0.0110  0.0056  0.0046  0.0135  0.0066  0.0059  0.0482  0.0076  0.0082  0.0497
      *py     -0.0020 -0.0038  0.0015 -0.0020 -0.0041  0.0014 -0.0012 -0.0001  0.0035 -0.0014  0.0000  0.0035
      *d2+     0.0000  0.0000  0.0000 -0.0001  0.0003  0.0000  0.0001 -0.0001 -0.0000  0.0001 -0.0001 -0.0000
      *d1+     0.0006  0.0017  0.0014  0.0008  0.0020  0.0013  0.0007  0.0056  0.0005  0.0005  0.0057  0.0006
      *d0      0.0008  0.0009  0.0005  0.0010  0.0010  0.0005  0.0005  0.0005  0.0000  0.0005  0.0005  0.0001
      *d1-     0.0016  0.0002  0.0024  0.0012  0.0002  0.0026  0.0062  0.0008  0.0011  0.0060  0.0009  0.0013
      *d2-     0.0003  0.0000  0.0000  0.0003  0.0000  0.0001 -0.0001  0.0000 -0.0000 -0.0001  0.0000 -0.0000
      *f3+     0.0000  0.0000  0.0000  0.0000  0.0000  0.0000  0.0000  0.0000  0.0000  0.0000  0.0000  0.0000
      *f2+     0.0000  0.0001  0.0000  0.0000  0.0001  0.0000  0.0000  0.0001  0.0000  0.0000  0.0001  0.0000
      *f1+     0.0000  0.0000  0.0000  0.0000  0.0000  0.0000  0.0000  0.0000 -0.0000  0.0000  0.0000 -0.0000
      *f0      0.0000  0.0000  0.0000  0.0000  0.0000  0.0000  0.0000  0.0000 -0.0000  0.0000  0.0000 -0.0000
      *f1-     0.0000  0.0000  0.0000  0.0000  0.0000  0.0000  0.0000  0.0000 -0.0000  0.0000  0.0000 -0.0000
      *f2-     0.0001  0.0000  0.0001  0.0000  0.0000  0.0001  0.0001  0.0000  0.0000  0.0001  0.0000  0.0000
      *f3-     0.0000  0.0000  0.0000  0.0000  0.0000  0.0000  0.0000  0.0000  0.0000  0.0000  0.0000  0.0000
      Total    0.0329  0.0265 -0.0090  0.0196  0.0175 -0.0054  0.0182  0.0169  0.0862  0.0211  0.0224  0.0890

                C13     C14     C15     C16     C17     C18     C19     C20     C21     C22     C23     C24   
      1s       0.0000  0.0001  0.0000  0.0000  0.0000  0.0000  0.0000  0.0000  0.0000  0.0000  0.0000  0.0000
      2s      -0.0001 -0.0001 -0.0000 -0.0000 -0.0000 -0.0000 -0.0001 -0.0001 -0.0000 -0.0000 -0.0000 -0.0000
      2px      0.0012  0.0009  0.0001  0.0000  0.0000  0.0000  0.0011  0.0010  0.0002  0.0000  0.0000  0.0000
      2pz      0.0265  0.0254  0.0219  0.0005  0.0007  0.0233  0.0259  0.0259  0.0236  0.0009  0.0011  0.0236
      2py      0.0008  0.0010  0.0000  0.0000  0.0000  0.0002  0.0005  0.0007  0.0000  0.0000  0.0000  0.0002
      3s       0.0000  0.0000  0.0000  0.0000  0.0000  0.0000  0.0000  0.0000  0.0000  0.0000  0.0000  0.0000
      3px      0.0000  0.0000  0.0000  0.0000  0.0000  0.0000  0.0000  0.0000  0.0000  0.0000  0.0000  0.0000
      3pz      0.0000  0.0000  0.0000  0.0000  0.0000  0.0000  0.0000  0.0000  0.0000  0.0000  0.0000  0.0000
      3py      0.0000  0.0000  0.0000  0.0000  0.0000  0.0000  0.0000  0.0000  0.0000  0.0000  0.0000  0.0000
      4s       0.0000  0.0000  0.0000  0.0000  0.0000  0.0000  0.0000  0.0000  0.0000  0.0000  0.0000  0.0000
      3d2+     0.0000  0.0000  0.0000  0.0000  0.0000  0.0000  0.0000  0.0000  0.0000  0.0000  0.0000  0.0000
      3d1+     0.0000  0.0000  0.0000  0.0000  0.0000  0.0000  0.0000  0.0000  0.0000  0.0000  0.0000  0.0000
      3d0      0.0000  0.0000  0.0000  0.0000  0.0000  0.0000  0.0000  0.0000  0.0000  0.0000  0.0000  0.0000
      3d1-     0.0000  0.0000  0.0000  0.0000  0.0000  0.0000  0.0000  0.0000  0.0000  0.0000  0.0000  0.0000
      3d2-     0.0000  0.0000  0.0000  0.0000  0.0000  0.0000  0.0000  0.0000  0.0000  0.0000  0.0000  0.0000
      *s      -0.0095 -0.0077 -0.0002  0.0011  0.0014 -0.0007 -0.0117 -0.0121 -0.0008  0.0014  0.0010 -0.0000
      *px      0.0012  0.0015 -0.0004 -0.0004  0.0003 -0.0002  0.0012  0.0014 -0.0004 -0.0004  0.0003 -0.0001
      *pz      0.0537  0.0521  0.0433  0.0021  0.0023  0.0457  0.0505  0.0503  0.0464  0.0028  0.0033  0.0468
      *py      0.0008  0.0011 -0.0003  0.0002 -0.0005 -0.0006  0.0007  0.0004 -0.0004  0.0003 -0.0005 -0.0004
      *d2+     0.0002  0.0000  0.0000  0.0001  0.0000  0.0000  0.0004 -0.0000  0.0000  0.0001  0.0000  0.0000
      *d1+    -0.0001  0.0017  0.0004  0.0058  0.0051  0.0003  0.0000  0.0017  0.0005  0.0061  0.0051  0.0002
      *d0      0.0007  0.0007  0.0001  0.0000  0.0000  0.0001  0.0009  0.0009  0.0001  0.0000  0.0000  0.0001
      *d1-     0.0024  0.0008  0.0006  0.0014  0.0023  0.0010  0.0025  0.0008  0.0008  0.0015  0.0024  0.0009
      *d2-    -0.0000  0.0006 -0.0000  0.0000  0.0000  0.0000 -0.0000  0.0002 -0.0000  0.0000  0.0000  0.0000
      *f3+     0.0000  0.0000  0.0000  0.0000  0.0000  0.0000  0.0000  0.0000  0.0000  0.0000  0.0000  0.0000
      *f2+     0.0000  0.0001  0.0000  0.0001  0.0001  0.0000  0.0000  0.0001  0.0000  0.0001  0.0001  0.0000
      *f1+     0.0000  0.0000  0.0000  0.0000  0.0000  0.0000  0.0001  0.0000  0.0000  0.0000  0.0000  0.0000
      *f0      0.0000  0.0000 -0.0000  0.0000  0.0000 -0.0000  0.0000  0.0000 -0.0000  0.0000  0.0000 -0.0000
      *f1-     0.0000  0.0001  0.0000  0.0000  0.0000  0.0000  0.0000  0.0000  0.0000  0.0000  0.0000  0.0000
      *f2-     0.0001  0.0001  0.0000  0.0001  0.0000  0.0000  0.0001  0.0001  0.0000  0.0001  0.0000  0.0000
      *f3-     0.0000  0.0000  0.0000  0.0000  0.0000  0.0000  0.0000  0.0000  0.0000  0.0000  0.0000  0.0000
      Total    0.0779  0.0783  0.0657  0.0109  0.0118  0.0690  0.0721  0.0714  0.0699  0.0129  0.0130  0.0713

                H25     H26     H27     H28     H29     H30     H31     H32     H33     H34     H35     H36   
      1s       0.0001  0.0001  0.0000  0.0000  0.0000  0.0000  0.0001  0.0001  0.0000  0.0000  0.0000  0.0000
      2s       0.0000  0.0000  0.0000  0.0000  0.0000  0.0000  0.0000  0.0000  0.0000  0.0000  0.0000  0.0000
      2px      0.0000  0.0000  0.0000  0.0000  0.0000  0.0000  0.0000  0.0000  0.0000  0.0000  0.0000  0.0000
      2pz      0.0000  0.0000  0.0000  0.0000  0.0000  0.0000  0.0000  0.0000  0.0000  0.0000  0.0000  0.0000
      2py      0.0000  0.0000  0.0000  0.0000  0.0000  0.0000  0.0000  0.0000  0.0000  0.0000  0.0000  0.0000
      3s       0.0000  0.0000  0.0000  0.0000  0.0000  0.0000  0.0000  0.0000  0.0000  0.0000  0.0000  0.0000
      3px      0.0000  0.0000  0.0000  0.0000  0.0000  0.0000  0.0000  0.0000  0.0000  0.0000  0.0000  0.0000
      3pz      0.0000  0.0000  0.0000  0.0000  0.0000  0.0000  0.0000  0.0000  0.0000  0.0000  0.0000  0.0000
      3py      0.0000  0.0000  0.0000  0.0000  0.0000  0.0000  0.0000  0.0000  0.0000  0.0000  0.0000  0.0000
      4s       0.0000  0.0000  0.0000  0.0000  0.0000  0.0000  0.0000  0.0000  0.0000  0.0000  0.0000  0.0000
      3d2+     0.0000  0.0000  0.0000  0.0000  0.0000  0.0000  0.0000  0.0000  0.0000  0.0000  0.0000  0.0000
      3d1+     0.0000  0.0000  0.0000  0.0000  0.0000  0.0000  0.0000  0.0000  0.0000  0.0000  0.0000  0.0000
      3d0      0.0000  0.0000  0.0000  0.0000  0.0000  0.0000  0.0000  0.0000  0.0000  0.0000  0.0000  0.0000
      3d1-     0.0000  0.0000  0.0000  0.0000  0.0000  0.0000  0.0000  0.0000  0.0000  0.0000  0.0000  0.0000
      3d2-     0.0000  0.0000  0.0000  0.0000  0.0000  0.0000  0.0000  0.0000  0.0000  0.0000  0.0000  0.0000
      *s      -0.0008 -0.0008  0.0001 -0.0000 -0.0000  0.0001 -0.0010 -0.0010  0.0001 -0.0000 -0.0000  0.0001
      *px      0.0001  0.0000  0.0000  0.0000  0.0000  0.0000  0.0001  0.0000  0.0000  0.0000  0.0000  0.0000
      *pz      0.0007  0.0007  0.0005  0.0000  0.0000  0.0006  0.0007  0.0007  0.0006  0.0000  0.0000  0.0006
      *py      0.0000  0.0000  0.0000  0.0000  0.0000  0.0000  0.0000  0.0000  0.0000  0.0000  0.0000  0.0000
      *d2+     0.0000  0.0000  0.0000  0.0000  0.0000  0.0000  0.0000  0.0000  0.0000  0.0000  0.0000  0.0000
      *d1+     0.0000  0.0000  0.0000  0.0000  0.0000  0.0000  0.0000  0.0000  0.0000  0.0000  0.0000  0.0000
      *d0      0.0000  0.0000  0.0000  0.0000  0.0000  0.0000  0.0000  0.0000  0.0000  0.0000  0.0000  0.0000
      *d1-     0.0000  0.0000  0.0000  0.0000  0.0000  0.0000  0.0000  0.0000  0.0000  0.0000  0.0000  0.0000
      *d2-     0.0000  0.0000  0.0000  0.0000  0.0000  0.0000  0.0000  0.0000  0.0000  0.0000  0.0000  0.0000
      *f3+     0.0000  0.0000  0.0000  0.0000  0.0000  0.0000  0.0000  0.0000  0.0000  0.0000  0.0000  0.0000
      *f2+     0.0000  0.0000  0.0000  0.0000  0.0000  0.0000  0.0000  0.0000  0.0000  0.0000  0.0000  0.0000
      *f1+     0.0000  0.0000  0.0000  0.0000  0.0000  0.0000  0.0000  0.0000  0.0000  0.0000  0.0000  0.0000
      *f0      0.0000  0.0000  0.0000  0.0000  0.0000  0.0000  0.0000  0.0000  0.0000  0.0000  0.0000  0.0000
      *f1-     0.0000  0.0000  0.0000  0.0000  0.0000  0.0000  0.0000  0.0000  0.0000  0.0000  0.0000  0.0000
      *f2-     0.0000  0.0000  0.0000  0.0000  0.0000  0.0000  0.0000  0.0000  0.0000  0.0000  0.0000  0.0000
      *f3-     0.0000  0.0000  0.0000  0.0000  0.0000  0.0000  0.0000  0.0000  0.0000  0.0000  0.0000  0.0000
      Total    0.0001  0.0001  0.0007 -0.0000 -0.0000  0.0007 -0.0001 -0.0001  0.0007 -0.0000 -0.0000  0.0007

                NI37    NI38  
      1s       0.0000  0.0000
      2s       0.0000  0.0001
      2px      0.0000  0.0000
      2pz      0.0000  0.0000
      2py      0.0000  0.0000
      3s       0.0030  0.0038
      3px      0.0002  0.0003
      3pz      0.0013  0.0016
      3py      0.0004  0.0005
      4s      -0.0051 -0.0063
      3d2+     0.0069  0.0046
      3d1+     0.2763  0.3901
      3d0      0.0009  0.0051
      3d1-     0.2074  0.1011
      3d2-     0.0020  0.0014
      *s       0.4843  0.6026
      *px      0.0015  0.0017
      *pz      0.0243  0.0298
      *py     -0.0012 -0.0011
      *d2+     0.0017 -0.0004
      *d1+     0.2530  0.3599
      *d0      0.0000  0.0042
      *d1-     0.1899  0.0910
      *d2-     0.0001 -0.0000
      *f3+     0.0000  0.0000
      *f2+     0.0000  0.0000
      *f1+    -0.0000  0.0000
      *f0      0.0000  0.0000
      *f1-     0.0000  0.0000
      *f2-     0.0000  0.0000
      *f3-     0.0000  0.0000
      Total    1.4470  1.5901

      Total electronic spin=    4.000000
--


      Von Neumann Entropy (Root   3) =  2.20449


      Mulliken population analysis for root number:  3
      -----------------------------------------------


++    Molecular charges:
      ------------------

      Mulliken charges per centre and basis function type
      ---------------------------------------------------

                C1      C2      C3      C4      C5      C6      C7      C8      C9      C10     C11     C12   
      1s       0.8547  0.8547  0.8547  0.8547  0.8547  0.8547  0.8547  0.8547  0.8547  0.8547  0.8547  0.8547
      2s       1.1233  1.1233  1.1232  1.1233  1.1233  1.1232  1.1233  1.1233  1.1232  1.1233  1.1233  1.1232
      2px      0.4567  0.4601  0.4574  0.4561  0.4602  0.4576  0.4496  0.4539  0.4649  0.4496  0.4541  0.4649
      2pz      0.3173  0.3192  0.3226  0.3172  0.3180  0.3229  0.3229  0.3234  0.3137  0.3190  0.3170  0.3139
      2py      0.4565  0.4531  0.4614  0.4568  0.4529  0.4613  0.4635  0.4591  0.4599  0.4632  0.4588  0.4599
      3s       0.0000  0.0000  0.0000  0.0000  0.0000  0.0000  0.0000  0.0000  0.0000  0.0000  0.0000  0.0000
      3px      0.0000  0.0000  0.0000  0.0000  0.0000  0.0000  0.0000  0.0000  0.0000  0.0000  0.0000  0.0000
      3pz      0.0000  0.0000  0.0000  0.0000  0.0000  0.0000  0.0000  0.0000  0.0000  0.0000  0.0000  0.0000
      3py      0.0000  0.0000  0.0000  0.0000  0.0000  0.0000  0.0000  0.0000  0.0000  0.0000  0.0000  0.0000
      4s       0.0000  0.0000  0.0000  0.0000  0.0000  0.0000  0.0000  0.0000  0.0000  0.0000  0.0000  0.0000
      3d2+     0.0000  0.0000  0.0000  0.0000  0.0000  0.0000  0.0000  0.0000  0.0000  0.0000  0.0000  0.0000
      3d1+     0.0000  0.0000  0.0000  0.0000  0.0000  0.0000  0.0000  0.0000  0.0000  0.0000  0.0000  0.0000
      3d0      0.0000  0.0000  0.0000  0.0000  0.0000  0.0000  0.0000  0.0000  0.0000  0.0000  0.0000  0.0000
      3d1-     0.0000  0.0000  0.0000  0.0000  0.0000  0.0000  0.0000  0.0000  0.0000  0.0000  0.0000  0.0000
      3d2-     0.0000  0.0000  0.0000  0.0000  0.0000  0.0000  0.0000  0.0000  0.0000  0.0000  0.0000  0.0000
      *s       1.2903  1.2897  1.3519  1.2882  1.2875  1.3522  1.0043  1.0043  1.1055  1.0047  1.0049  1.1055
      *px      0.4324  0.2646  0.4437  0.4306  0.2653  0.4435  0.3620  0.4345  0.3952  0.3625  0.4345  0.3951
      *pz      0.6414  0.6453  0.5894  0.6415  0.6426  0.5904  0.5764  0.5773  0.5842  0.5702  0.5655  0.5847
      *py      0.1465  0.3151  0.3612  0.1486  0.3157  0.3617  0.4643  0.3917  0.3894  0.4631  0.3915  0.3894
      *d2+     0.0503  0.0544  0.0601  0.0501  0.0542  0.0601  0.0421  0.0388  0.0452  0.0425  0.0388  0.0452
      *d1+     0.0250  0.0269  0.0260  0.0252  0.0271  0.0260  0.0212  0.0234  0.0272  0.0211  0.0237  0.0270
      *d0      0.0059  0.0059  0.0032  0.0059  0.0060  0.0032  0.0086  0.0087  0.0059  0.0084  0.0086  0.0059
      *d1-     0.0255  0.0236  0.0256  0.0253  0.0234  0.0257  0.0271  0.0253  0.0234  0.0275  0.0252  0.0234
      *d2-     0.0531  0.0492  0.0631  0.0534  0.0493  0.0631  0.0372  0.0405  0.0507  0.0372  0.0409  0.0507
      *f3+     0.0021  0.0021  0.0021  0.0021  0.0021  0.0021  0.0021  0.0021  0.0022  0.0021  0.0021  0.0022
      *f2+     0.0009  0.0010  0.0011  0.0009  0.0010  0.0011  0.0010  0.0008  0.0009  0.0011  0.0008  0.0008
      *f1+     0.0011  0.0010  0.0011  0.0010  0.0010  0.0011  0.0010  0.0012  0.0011  0.0010  0.0012  0.0011
      *f0      0.0018  0.0018  0.0020  0.0018  0.0018  0.0020  0.0017  0.0017  0.0020  0.0017  0.0017  0.0020
      *f1-     0.0010  0.0011  0.0011  0.0011  0.0011  0.0011  0.0013  0.0010  0.0011  0.0013  0.0010  0.0011
      *f2-     0.0009  0.0009  0.0010  0.0009  0.0009  0.0010  0.0008  0.0011  0.0010  0.0008  0.0011  0.0010
      *f3-     0.0030  0.0030  0.0032  0.0030  0.0030  0.0032  0.0029  0.0029  0.0031  0.0029  0.0029  0.0031
      Total    5.8896  5.8959  6.1555  5.8879  5.8910  6.1573  5.7681  5.7698  5.8545  5.7578  5.7523  5.8548

      N-E      0.1104  0.1041 -0.1555  0.1121  0.1090 -0.1573  0.2319  0.2302  0.1455  0.2422  0.2477  0.1452

                C13     C14     C15     C16     C17     C18     C19     C20     C21     C22     C23     C24   
      1s       0.8548  0.8548  0.8548  0.8548  0.8548  0.8548  0.8548  0.8548  0.8548  0.8548  0.8548  0.8548
      2s       1.1233  1.1233  1.1232  1.1232  1.1232  1.1232  1.1233  1.1233  1.1232  1.1232  1.1232  1.1232
      2px      0.4474  0.4492  0.4718  0.4715  0.4576  0.4519  0.4480  0.4485  0.4717  0.4715  0.4576  0.4520
      2pz      0.3134  0.3146  0.3165  0.3125  0.3124  0.3154  0.3162  0.3159  0.3163  0.3107  0.3111  0.3152
      2py      0.4578  0.4561  0.4482  0.4483  0.4621  0.4679  0.4576  0.4568  0.4481  0.4482  0.4622  0.4680
      3s       0.0000  0.0000  0.0000  0.0000  0.0000  0.0000  0.0000  0.0000  0.0000  0.0000  0.0000  0.0000
      3px      0.0000  0.0000  0.0000  0.0000  0.0000  0.0000  0.0000  0.0000  0.0000  0.0000  0.0000  0.0000
      3pz      0.0000  0.0000  0.0000  0.0000  0.0000  0.0000  0.0000  0.0000  0.0000  0.0000  0.0000  0.0000
      3py      0.0000  0.0000  0.0000  0.0000  0.0000  0.0000  0.0000  0.0000  0.0000  0.0000  0.0000  0.0000
      4s       0.0000  0.0000  0.0000  0.0000  0.0000  0.0000  0.0000  0.0000  0.0000  0.0000  0.0000  0.0000
      3d2+     0.0000  0.0000  0.0000  0.0000  0.0000  0.0000  0.0000  0.0000  0.0000  0.0000  0.0000  0.0000
      3d1+     0.0000  0.0000  0.0000  0.0000  0.0000  0.0000  0.0000  0.0000  0.0000  0.0000  0.0000  0.0000
      3d0      0.0000  0.0000  0.0000  0.0000  0.0000  0.0000  0.0000  0.0000  0.0000  0.0000  0.0000  0.0000
      3d1-     0.0000  0.0000  0.0000  0.0000  0.0000  0.0000  0.0000  0.0000  0.0000  0.0000  0.0000  0.0000
      3d2-     0.0000  0.0000  0.0000  0.0000  0.0000  0.0000  0.0000  0.0000  0.0000  0.0000  0.0000  0.0000
      *s       1.2138  1.2124  1.2433  1.2166  1.2164  1.2432  1.2143  1.2103  1.2435  1.2162  1.2168  1.2430
      *px      0.5337  0.5054  0.5059  0.5127  0.4936  0.5327  0.5343  0.5034  0.5058  0.5127  0.4937  0.5329
      *pz      0.6339  0.6372  0.6551  0.6551  0.6558  0.6521  0.6430  0.6419  0.6535  0.6526  0.6526  0.6524
      *py      0.4919  0.5200  0.5192  0.5127  0.5317  0.4918  0.4912  0.5204  0.5191  0.5125  0.5318  0.4920
      *d2+     0.0278  0.0284  0.0278  0.0280  0.0314  0.0311  0.0277  0.0283  0.0278  0.0280  0.0315  0.0311
      *d1+     0.0120  0.0209  0.0244  0.0236  0.0206  0.0067  0.0119  0.0212  0.0239  0.0236  0.0204  0.0067
      *d0      0.0101  0.0101  0.0052  0.0048  0.0048  0.0052  0.0101  0.0101  0.0052  0.0048  0.0048  0.0052
      *d1-     0.0269  0.0177  0.0111  0.0101  0.0132  0.0285  0.0269  0.0176  0.0110  0.0102  0.0131  0.0286
      *d2-     0.0268  0.0260  0.0330  0.0321  0.0286  0.0297  0.0269  0.0261  0.0330  0.0321  0.0286  0.0297
      *f3+     0.0019  0.0019  0.0019  0.0019  0.0019  0.0019  0.0019  0.0019  0.0019  0.0019  0.0019  0.0019
      *f2+     0.0005  0.0009  0.0009  0.0009  0.0008  0.0003  0.0005  0.0009  0.0009  0.0009  0.0008  0.0003
      *f1+     0.0009  0.0009  0.0009  0.0009  0.0009  0.0009  0.0009  0.0009  0.0009  0.0009  0.0009  0.0009
      *f0      0.0014  0.0014  0.0016  0.0016  0.0016  0.0016  0.0014  0.0014  0.0016  0.0016  0.0016  0.0016
      *f1-     0.0009  0.0008  0.0009  0.0008  0.0009  0.0010  0.0009  0.0009  0.0009  0.0008  0.0009  0.0010
      *f2-     0.0011  0.0006  0.0006  0.0005  0.0005  0.0011  0.0011  0.0006  0.0005  0.0005  0.0005  0.0011
      *f3-     0.0017  0.0017  0.0019  0.0020  0.0020  0.0019  0.0017  0.0017  0.0019  0.0020  0.0020  0.0019
      Total    6.1819  6.1844  6.2481  6.2147  6.2148  6.2430  6.1942  6.1867  6.2456  6.2097  6.2108  6.2435

      N-E     -0.1819 -0.1844 -0.2481 -0.2147 -0.2148 -0.2430 -0.1942 -0.1867 -0.2456 -0.2097 -0.2108 -0.2435

                H25     H26     H27     H28     H29     H30     H31     H32     H33     H34     H35     H36   
      1s       0.2626  0.2626  0.2635  0.2638  0.2638  0.2635  0.2627  0.2627  0.2635  0.2638  0.2638  0.2635
      2s       0.0000  0.0000  0.0000  0.0000  0.0000  0.0000  0.0000  0.0000  0.0000  0.0000  0.0000  0.0000
      2px      0.0000  0.0000  0.0000  0.0000  0.0000  0.0000  0.0000  0.0000  0.0000  0.0000  0.0000  0.0000
      2pz      0.0000  0.0000  0.0000  0.0000  0.0000  0.0000  0.0000  0.0000  0.0000  0.0000  0.0000  0.0000
      2py      0.0000  0.0000  0.0000  0.0000  0.0000  0.0000  0.0000  0.0000  0.0000  0.0000  0.0000  0.0000
      3s       0.0000  0.0000  0.0000  0.0000  0.0000  0.0000  0.0000  0.0000  0.0000  0.0000  0.0000  0.0000
      3px      0.0000  0.0000  0.0000  0.0000  0.0000  0.0000  0.0000  0.0000  0.0000  0.0000  0.0000  0.0000
      3pz      0.0000  0.0000  0.0000  0.0000  0.0000  0.0000  0.0000  0.0000  0.0000  0.0000  0.0000  0.0000
      3py      0.0000  0.0000  0.0000  0.0000  0.0000  0.0000  0.0000  0.0000  0.0000  0.0000  0.0000  0.0000
      4s       0.0000  0.0000  0.0000  0.0000  0.0000  0.0000  0.0000  0.0000  0.0000  0.0000  0.0000  0.0000
      3d2+     0.0000  0.0000  0.0000  0.0000  0.0000  0.0000  0.0000  0.0000  0.0000  0.0000  0.0000  0.0000
      3d1+     0.0000  0.0000  0.0000  0.0000  0.0000  0.0000  0.0000  0.0000  0.0000  0.0000  0.0000  0.0000
      3d0      0.0000  0.0000  0.0000  0.0000  0.0000  0.0000  0.0000  0.0000  0.0000  0.0000  0.0000  0.0000
      3d1-     0.0000  0.0000  0.0000  0.0000  0.0000  0.0000  0.0000  0.0000  0.0000  0.0000  0.0000  0.0000
      3d2-     0.0000  0.0000  0.0000  0.0000  0.0000  0.0000  0.0000  0.0000  0.0000  0.0000  0.0000  0.0000
      *s       0.5669  0.5669  0.5809  0.5780  0.5780  0.5811  0.5674  0.5673  0.5810  0.5780  0.5780  0.5810
      *px      0.0166  0.0066  0.0061  0.0061  0.0064  0.0163  0.0166  0.0066  0.0061  0.0061  0.0064  0.0163
      *pz      0.0044  0.0044  0.0041  0.0042  0.0042  0.0041  0.0045  0.0045  0.0041  0.0042  0.0042  0.0041
      *py      0.0030  0.0131  0.0131  0.0130  0.0127  0.0029  0.0030  0.0131  0.0131  0.0130  0.0127  0.0029
      *d2+     0.0000  0.0000  0.0000  0.0000  0.0000  0.0000  0.0000  0.0000  0.0000  0.0000  0.0000  0.0000
      *d1+     0.0000  0.0000  0.0000  0.0000  0.0000  0.0000  0.0000  0.0000  0.0000  0.0000  0.0000  0.0000
      *d0      0.0000  0.0000  0.0000  0.0000  0.0000  0.0000  0.0000  0.0000  0.0000  0.0000  0.0000  0.0000
      *d1-     0.0000  0.0000  0.0000  0.0000  0.0000  0.0000  0.0000  0.0000  0.0000  0.0000  0.0000  0.0000
      *d2-     0.0000  0.0000  0.0000  0.0000  0.0000  0.0000  0.0000  0.0000  0.0000  0.0000  0.0000  0.0000
      *f3+     0.0000  0.0000  0.0000  0.0000  0.0000  0.0000  0.0000  0.0000  0.0000  0.0000  0.0000  0.0000
      *f2+     0.0000  0.0000  0.0000  0.0000  0.0000  0.0000  0.0000  0.0000  0.0000  0.0000  0.0000  0.0000
      *f1+     0.0000  0.0000  0.0000  0.0000  0.0000  0.0000  0.0000  0.0000  0.0000  0.0000  0.0000  0.0000
      *f0      0.0000  0.0000  0.0000  0.0000  0.0000  0.0000  0.0000  0.0000  0.0000  0.0000  0.0000  0.0000
      *f1-     0.0000  0.0000  0.0000  0.0000  0.0000  0.0000  0.0000  0.0000  0.0000  0.0000  0.0000  0.0000
      *f2-     0.0000  0.0000  0.0000  0.0000  0.0000  0.0000  0.0000  0.0000  0.0000  0.0000  0.0000  0.0000
      *f3-     0.0000  0.0000  0.0000  0.0000  0.0000  0.0000  0.0000  0.0000  0.0000  0.0000  0.0000  0.0000
      Total    0.8536  0.8536  0.8677  0.8651  0.8651  0.8679  0.8542  0.8540  0.8678  0.8651  0.8651  0.8677

      N-E      0.1464  0.1464  0.1323  0.1349  0.1349  0.1321  0.1458  0.1460  0.1322  0.1349  0.1349  0.1323

                NI37    NI38  
      1s       1.9997  1.9997
      2s       2.0007  2.0007
      2px      1.9958  1.9958
      2pz      1.9958  1.9958
      2py      1.9957  1.9957
      3s       1.1580  1.1582
      3px      1.5692  1.5696
      3pz      1.5738  1.5735
      3py      1.5676  1.5673
      4s       0.8152  0.8149
      3d2+     0.9343  0.9352
      3d1+     0.7252  0.9158
      3d0      0.9883  0.9828
      3d1-     0.8007  0.6405
      3d2-     0.9551  0.9574
      *s       1.1246  1.1150
      *px      0.4880  0.4909
      *pz      0.5366  0.5353
      *py      0.4807  0.4820
      *d2+     0.9894  0.9876
      *d1+     0.7221  0.8939
      *d0      0.9926  0.9929
      *d1-     0.7964  0.6500
      *d2-     0.9931  0.9922
      *f3+     0.0000  0.0000
      *f2+     0.0000  0.0000
      *f1+     0.0000  0.0000
      *f0      0.0000  0.0001
      *f1-     0.0000  0.0000
      *f2-     0.0000  0.0000
      *f3-     0.0000  0.0000
      Total   28.1986 28.2429

      N-E     -0.1986 -0.2429

      Total electronic charge=  212.000000

      Total            charge=   -0.000000
--



      Expectation values of various properties for root number:  3
      -----------------------------------------------------------


++    Molecular properties:
      ---------------------

      Charge (e):
                      =   -0.0000
      Dipole Moment (Debye):
      Origin of the operator (Ang)=    0.0000    0.0000    0.0000
                   X=  5.2607E-01               Y= -2.1449E-02               Z= -8.3321E+00           Total=  8.3487E+00
      Quadrupole Moment (Debye*Ang):
      Origin of the operator (Ang)=    0.0000   -0.0000    0.5165
                  XX= -1.3948E+02              XY= -2.4549E+00              XZ=  8.3146E-01              YY= -1.3674E+02
                  YZ=  5.5799E-01              ZZ= -2.0049E+02
      In traceless form (Debye*Ang)
                  XX=  2.9131E+01              XY= -3.6823E+00              XZ=  1.2472E+00              YY=  3.3246E+01
                  YZ=  8.3698E-01              ZZ= -6.2377E+01
--


      Mulliken spin population analysis for root number:  3
      ---------------------------------------------------


++    Molecular charges:
      ------------------

      Mulliken spin population per centre and basis function type
      ---------------------------------------------------

                C1      C2      C3      C4      C5      C6      C7      C8      C9      C10     C11     C12   
      1s       0.0001  0.0000  0.0000  0.0000  0.0000  0.0000  0.0000  0.0000  0.0000  0.0000  0.0000  0.0000
      2s      -0.0001 -0.0001 -0.0000 -0.0001 -0.0001 -0.0000 -0.0000 -0.0000 -0.0000 -0.0001 -0.0001 -0.0000
      2px      0.0001  0.0004  0.0001  0.0007  0.0002  0.0001  0.0004  0.0004  0.0000  0.0003  0.0002  0.0000
      2pz      0.0046  0.0026  0.0023  0.0029  0.0026  0.0024  0.0115  0.0109  0.0007  0.0162  0.0184  0.0017
      2py      0.0005  0.0001  0.0000  0.0001  0.0004  0.0001  0.0001  0.0001  0.0000  0.0004  0.0004  0.0000
      3s       0.0000  0.0000  0.0000  0.0000  0.0000  0.0000  0.0000  0.0000  0.0000  0.0000  0.0000  0.0000
      3px      0.0000  0.0000  0.0000  0.0000  0.0000  0.0000  0.0000  0.0000  0.0000  0.0000  0.0000  0.0000
      3pz      0.0000  0.0000  0.0000  0.0000  0.0000  0.0000  0.0000  0.0000  0.0000  0.0000  0.0000  0.0000
      3py      0.0000  0.0000  0.0000  0.0000  0.0000  0.0000  0.0000  0.0000  0.0000  0.0000  0.0000  0.0000
      4s       0.0000  0.0000  0.0000  0.0000  0.0000  0.0000  0.0000  0.0000  0.0000  0.0000  0.0000  0.0000
      3d2+     0.0000  0.0000  0.0000  0.0000  0.0000  0.0000  0.0000  0.0000  0.0000  0.0000  0.0000  0.0000
      3d1+     0.0000  0.0000  0.0000  0.0000  0.0000  0.0000  0.0000  0.0000  0.0000  0.0000  0.0000  0.0000
      3d0      0.0000  0.0000  0.0000  0.0000  0.0000  0.0000  0.0000  0.0000  0.0000  0.0000  0.0000  0.0000
      3d1-     0.0000  0.0000  0.0000  0.0000  0.0000  0.0000  0.0000  0.0000  0.0000  0.0000  0.0000  0.0000
      3d2-     0.0000  0.0000  0.0000  0.0000  0.0000  0.0000  0.0000  0.0000  0.0000  0.0000  0.0000  0.0000
      *s       0.0042  0.0046 -0.0340  0.0064  0.0069 -0.0343 -0.0033 -0.0028  0.0015 -0.0023 -0.0019  0.0016
      *px     -0.0002 -0.0016  0.0006  0.0004 -0.0023 -0.0004 -0.0016  0.0004 -0.0004 -0.0021  0.0014 -0.0003
      *pz      0.0055  0.0008 -0.0021  0.0031  0.0033 -0.0019  0.0011 -0.0001 -0.0002  0.0065  0.0119  0.0012
      *py     -0.0028 -0.0008  0.0002 -0.0044 -0.0023  0.0007 -0.0011 -0.0032  0.0024  0.0010 -0.0029  0.0024
      *d2+    -0.0000  0.0001  0.0001  0.0003  0.0005  0.0000  0.0001 -0.0000 -0.0000 -0.0002  0.0001 -0.0000
      *d1+     0.0007  0.0003  0.0002  0.0006  0.0001  0.0003  0.0003  0.0004  0.0010  0.0002  0.0001  0.0010
      *d0      0.0015  0.0015  0.0005  0.0014  0.0014  0.0005  0.0003  0.0003  0.0000  0.0005  0.0004  0.0000
      *d1-     0.0002  0.0007  0.0001  0.0004  0.0010  0.0002  0.0007  0.0001  0.0003  0.0000  0.0001  0.0007
      *d2-     0.0003 -0.0000  0.0001  0.0001  0.0000  0.0001 -0.0001  0.0001 -0.0000 -0.0000 -0.0003 -0.0000
      *f3+     0.0000  0.0000  0.0000  0.0000  0.0000  0.0000  0.0000 -0.0000 -0.0000  0.0000  0.0000 -0.0000
      *f2+     0.0000  0.0000  0.0000  0.0000  0.0000  0.0000  0.0000  0.0000  0.0000  0.0000  0.0000  0.0000
      *f1+     0.0000  0.0000  0.0000  0.0000  0.0000  0.0000  0.0000  0.0000  0.0000  0.0000 -0.0000  0.0000
      *f0      0.0001  0.0001  0.0000  0.0000  0.0000  0.0000  0.0000  0.0000  0.0000  0.0001  0.0001  0.0000
      *f1-     0.0000  0.0000  0.0000  0.0000  0.0000  0.0000  0.0000  0.0000 -0.0000  0.0000  0.0000  0.0000
      *f2-     0.0000  0.0000  0.0000  0.0000  0.0000  0.0000  0.0000  0.0000  0.0000 -0.0000  0.0000  0.0000
      *f3-     0.0000  0.0000  0.0000  0.0000  0.0000  0.0000  0.0000  0.0000  0.0000  0.0000  0.0000  0.0000
      Total    0.0145  0.0088 -0.0318  0.0123  0.0118 -0.0321  0.0085  0.0066  0.0052  0.0205  0.0279  0.0082

                C13     C14     C15     C16     C17     C18     C19     C20     C21     C22     C23     C24   
      1s       0.0001  0.0001  0.0000  0.0000  0.0000  0.0000  0.0000  0.0001  0.0000  0.0000  0.0000  0.0000
      2s      -0.0001 -0.0001 -0.0000 -0.0000 -0.0000 -0.0000 -0.0001 -0.0001 -0.0000 -0.0000 -0.0000 -0.0000
      2px      0.0008  0.0002  0.0000  0.0000  0.0000  0.0000  0.0001  0.0011  0.0001  0.0000  0.0000  0.0000
      2pz      0.0057  0.0041  0.0012  0.0040  0.0051  0.0012  0.0007  0.0023  0.0014  0.0071  0.0058  0.0028
      2py      0.0004  0.0009  0.0000  0.0000  0.0000  0.0002  0.0008  0.0001  0.0001  0.0000  0.0000  0.0000
      3s       0.0000  0.0000  0.0000  0.0000  0.0000  0.0000  0.0000  0.0000  0.0000  0.0000  0.0000  0.0000
      3px      0.0000  0.0000  0.0000  0.0000  0.0000  0.0000  0.0000  0.0000  0.0000  0.0000  0.0000  0.0000
      3pz      0.0000  0.0000  0.0000  0.0000  0.0000  0.0000  0.0000  0.0000  0.0000  0.0000  0.0000  0.0000
      3py      0.0000  0.0000  0.0000  0.0000  0.0000  0.0000  0.0000  0.0000  0.0000  0.0000  0.0000  0.0000
      4s       0.0000  0.0000  0.0000  0.0000  0.0000  0.0000  0.0000  0.0000  0.0000  0.0000  0.0000  0.0000
      3d2+     0.0000  0.0000  0.0000  0.0000  0.0000  0.0000  0.0000  0.0000  0.0000  0.0000  0.0000  0.0000
      3d1+     0.0000  0.0000  0.0000  0.0000  0.0000  0.0000  0.0000  0.0000  0.0000  0.0000  0.0000  0.0000
      3d0      0.0000  0.0000  0.0000  0.0000  0.0000  0.0000  0.0000  0.0000  0.0000  0.0000  0.0000  0.0000
      3d1-     0.0000  0.0000  0.0000  0.0000  0.0000  0.0000  0.0000  0.0000  0.0000  0.0000  0.0000  0.0000
      3d2-     0.0000  0.0000  0.0000  0.0000  0.0000  0.0000  0.0000  0.0000  0.0000  0.0000  0.0000  0.0000
      *s      -0.0212 -0.0190 -0.0060  0.0022  0.0019 -0.0061 -0.0218 -0.0193 -0.0062  0.0020  0.0021 -0.0059
      *px     -0.0001  0.0000 -0.0006 -0.0004  0.0002 -0.0004 -0.0013  0.0019 -0.0006 -0.0003  0.0002 -0.0006
      *pz      0.0064  0.0039  0.0001  0.0096  0.0120  0.0000 -0.0063 -0.0027  0.0006  0.0159  0.0131  0.0032
      *py      0.0004  0.0008 -0.0019  0.0004 -0.0001 -0.0017  0.0014 -0.0002 -0.0017  0.0004 -0.0001 -0.0017
      *d2+     0.0001  0.0000  0.0001  0.0000  0.0000 -0.0000  0.0005  0.0002  0.0000  0.0000  0.0000  0.0000
      *d1+     0.0001  0.0008  0.0013  0.0001 -0.0000  0.0000  0.0001  0.0004  0.0020  0.0002  0.0003  0.0000
      *d0      0.0020  0.0020  0.0001  0.0000  0.0000  0.0001  0.0021  0.0021  0.0001  0.0000  0.0000  0.0001
      *d1-     0.0006  0.0001  0.0006  0.0001  0.0001  0.0022  0.0005  0.0001  0.0007  0.0000  0.0002  0.0020
      *d2-     0.0000  0.0005 -0.0000 -0.0000 -0.0000 -0.0000  0.0000  0.0005 -0.0000  0.0000  0.0000  0.0000
      *f3+     0.0000  0.0000 -0.0000  0.0000  0.0000  0.0000  0.0000  0.0000  0.0000  0.0000  0.0000 -0.0000
      *f2+     0.0000  0.0000  0.0000  0.0000  0.0000  0.0000  0.0000  0.0000  0.0000  0.0000  0.0000  0.0000
      *f1+     0.0001  0.0000  0.0000  0.0000  0.0000  0.0000  0.0000  0.0001  0.0000  0.0000  0.0000  0.0000
      *f0      0.0000  0.0000  0.0000 -0.0000 -0.0000  0.0000  0.0000  0.0000  0.0000 -0.0000 -0.0000  0.0000
      *f1-     0.0000  0.0001  0.0000  0.0000  0.0000  0.0000  0.0000  0.0000  0.0000  0.0000  0.0000  0.0000
      *f2-     0.0000  0.0000  0.0000  0.0000  0.0000  0.0001  0.0000  0.0000  0.0000  0.0000  0.0000  0.0001
      *f3-     0.0000  0.0000  0.0000 -0.0000  0.0000  0.0000  0.0000 -0.0000  0.0000  0.0000  0.0000  0.0000
      Total   -0.0045 -0.0055 -0.0052  0.0160  0.0193 -0.0044 -0.0232 -0.0133 -0.0035  0.0255  0.0216  0.0002

                H25     H26     H27     H28     H29     H30     H31     H32     H33     H34     H35     H36   
      1s       0.0001  0.0002  0.0000  0.0000  0.0000  0.0000  0.0001  0.0002  0.0000  0.0000  0.0000  0.0000
      2s       0.0000  0.0000  0.0000  0.0000  0.0000  0.0000  0.0000  0.0000  0.0000  0.0000  0.0000  0.0000
      2px      0.0000  0.0000  0.0000  0.0000  0.0000  0.0000  0.0000  0.0000  0.0000  0.0000  0.0000  0.0000
      2pz      0.0000  0.0000  0.0000  0.0000  0.0000  0.0000  0.0000  0.0000  0.0000  0.0000  0.0000  0.0000
      2py      0.0000  0.0000  0.0000  0.0000  0.0000  0.0000  0.0000  0.0000  0.0000  0.0000  0.0000  0.0000
      3s       0.0000  0.0000  0.0000  0.0000  0.0000  0.0000  0.0000  0.0000  0.0000  0.0000  0.0000  0.0000
      3px      0.0000  0.0000  0.0000  0.0000  0.0000  0.0000  0.0000  0.0000  0.0000  0.0000  0.0000  0.0000
      3pz      0.0000  0.0000  0.0000  0.0000  0.0000  0.0000  0.0000  0.0000  0.0000  0.0000  0.0000  0.0000
      3py      0.0000  0.0000  0.0000  0.0000  0.0000  0.0000  0.0000  0.0000  0.0000  0.0000  0.0000  0.0000
      4s       0.0000  0.0000  0.0000  0.0000  0.0000  0.0000  0.0000  0.0000  0.0000  0.0000  0.0000  0.0000
      3d2+     0.0000  0.0000  0.0000  0.0000  0.0000  0.0000  0.0000  0.0000  0.0000  0.0000  0.0000  0.0000
      3d1+     0.0000  0.0000  0.0000  0.0000  0.0000  0.0000  0.0000  0.0000  0.0000  0.0000  0.0000  0.0000
      3d0      0.0000  0.0000  0.0000  0.0000  0.0000  0.0000  0.0000  0.0000  0.0000  0.0000  0.0000  0.0000
      3d1-     0.0000  0.0000  0.0000  0.0000  0.0000  0.0000  0.0000  0.0000  0.0000  0.0000  0.0000  0.0000
      3d2-     0.0000  0.0000  0.0000  0.0000  0.0000  0.0000  0.0000  0.0000  0.0000  0.0000  0.0000  0.0000
      *s      -0.0018 -0.0018  0.0000 -0.0000 -0.0000 -0.0000 -0.0018 -0.0018 -0.0000 -0.0000 -0.0000  0.0000
      *px      0.0000  0.0000  0.0000  0.0000  0.0000  0.0000  0.0000  0.0000  0.0000  0.0000  0.0000  0.0000
      *pz      0.0001  0.0001  0.0000  0.0001  0.0001  0.0000  0.0000  0.0000  0.0000  0.0002  0.0001  0.0000
      *py      0.0000  0.0000  0.0000  0.0000  0.0000  0.0000  0.0000  0.0000  0.0000  0.0000  0.0000  0.0000
      *d2+     0.0000  0.0000  0.0000  0.0000  0.0000  0.0000  0.0000  0.0000  0.0000  0.0000  0.0000  0.0000
      *d1+     0.0000  0.0000  0.0000  0.0000  0.0000  0.0000  0.0000  0.0000  0.0000  0.0000  0.0000  0.0000
      *d0      0.0000  0.0000  0.0000  0.0000  0.0000  0.0000  0.0000  0.0000  0.0000  0.0000  0.0000  0.0000
      *d1-     0.0000  0.0000  0.0000  0.0000  0.0000  0.0000  0.0000  0.0000  0.0000  0.0000  0.0000  0.0000
      *d2-     0.0000  0.0000  0.0000  0.0000  0.0000  0.0000  0.0000  0.0000  0.0000  0.0000  0.0000  0.0000
      *f3+     0.0000  0.0000  0.0000  0.0000  0.0000  0.0000  0.0000  0.0000  0.0000  0.0000  0.0000  0.0000
      *f2+     0.0000  0.0000  0.0000  0.0000  0.0000  0.0000  0.0000  0.0000  0.0000  0.0000  0.0000  0.0000
      *f1+     0.0000  0.0000  0.0000  0.0000  0.0000  0.0000  0.0000  0.0000  0.0000  0.0000  0.0000  0.0000
      *f0      0.0000  0.0000  0.0000  0.0000  0.0000  0.0000  0.0000  0.0000  0.0000  0.0000  0.0000  0.0000
      *f1-     0.0000  0.0000  0.0000  0.0000  0.0000  0.0000  0.0000  0.0000  0.0000  0.0000  0.0000  0.0000
      *f2-     0.0000  0.0000  0.0000  0.0000  0.0000  0.0000  0.0000  0.0000  0.0000  0.0000  0.0000  0.0000
      *f3-     0.0000  0.0000  0.0000  0.0000  0.0000  0.0000  0.0000  0.0000  0.0000  0.0000  0.0000  0.0000
      Total   -0.0015 -0.0015  0.0001  0.0001  0.0001  0.0000 -0.0017 -0.0016  0.0000  0.0001  0.0001  0.0001

                NI37    NI38  
      1s       0.0000  0.0000
      2s       0.0001  0.0001
      2px      0.0000  0.0000
      2pz      0.0000  0.0000
      2py      0.0000  0.0000
      3s       0.0070  0.0069
      3px      0.0002  0.0001
      3pz      0.0026  0.0025
      3py      0.0001  0.0004
      4s      -0.0116 -0.0115
      3d2+     0.0028  0.0033
      3d1+     0.2823  0.0929
      3d0      0.0014  0.0034
      3d1-     0.2023  0.3622
      3d2-     0.0010  0.0004
      *s       1.0022  0.9863
      *px      0.0022  0.0007
      *pz      0.0509  0.0503
      *py      0.0007 -0.0002
      *d2+     0.0026  0.0030
      *d1+     0.2595  0.0875
      *d0      0.0019  0.0038
      *d1-     0.1864  0.3348
      *d2-     0.0006  0.0004
      *f3+     0.0000  0.0000
      *f2+     0.0000  0.0000
      *f1+     0.0000  0.0000
      *f0      0.0000  0.0000
      *f1-     0.0000  0.0000
      *f2-     0.0000  0.0000
      *f3-     0.0000  0.0000
      Total    1.9953  1.9272

      Total electronic spin=    4.000000
--


      Von Neumann Entropy (Root   4) =  2.26448


      Mulliken population analysis for root number:  4
      -----------------------------------------------


++    Molecular charges:
      ------------------

      Mulliken charges per centre and basis function type
      ---------------------------------------------------

                C1      C2      C3      C4      C5      C6      C7      C8      C9      C10     C11     C12   
      1s       0.8546  0.8547  0.8547  0.8546  0.8546  0.8547  0.8547  0.8547  0.8547  0.8547  0.8547  0.8547
      2s       1.1234  1.1233  1.1232  1.1233  1.1233  1.1232  1.1233  1.1233  1.1232  1.1233  1.1233  1.1232
      2px      0.4566  0.4601  0.4576  0.4568  0.4599  0.4576  0.4496  0.4542  0.4649  0.4496  0.4543  0.4649
      2pz      0.3264  0.3280  0.3244  0.3246  0.3259  0.3253  0.3370  0.3361  0.3129  0.3360  0.3357  0.3120
      2py      0.4565  0.4531  0.4613  0.4563  0.4532  0.4613  0.4638  0.4592  0.4599  0.4638  0.4591  0.4599
      3s       0.0000  0.0000  0.0000  0.0000  0.0000  0.0000  0.0000  0.0000  0.0000  0.0000  0.0000  0.0000
      3px      0.0000  0.0000  0.0000  0.0000  0.0000  0.0000  0.0000  0.0000  0.0000  0.0000  0.0000  0.0000
      3pz      0.0000  0.0000  0.0000  0.0000  0.0000  0.0000  0.0000  0.0000  0.0000  0.0000  0.0000  0.0000
      3py      0.0000  0.0000  0.0000  0.0000  0.0000  0.0000  0.0000  0.0000  0.0000  0.0000  0.0000  0.0000
      4s       0.0000  0.0000  0.0000  0.0000  0.0000  0.0000  0.0000  0.0000  0.0000  0.0000  0.0000  0.0000
      3d2+     0.0000  0.0000  0.0000  0.0000  0.0000  0.0000  0.0000  0.0000  0.0000  0.0000  0.0000  0.0000
      3d1+     0.0000  0.0000  0.0000  0.0000  0.0000  0.0000  0.0000  0.0000  0.0000  0.0000  0.0000  0.0000
      3d0      0.0000  0.0000  0.0000  0.0000  0.0000  0.0000  0.0000  0.0000  0.0000  0.0000  0.0000  0.0000
      3d1-     0.0000  0.0000  0.0000  0.0000  0.0000  0.0000  0.0000  0.0000  0.0000  0.0000  0.0000  0.0000
      3d2-     0.0000  0.0000  0.0000  0.0000  0.0000  0.0000  0.0000  0.0000  0.0000  0.0000  0.0000  0.0000
      *s       1.2876  1.2871  1.3491  1.2821  1.2821  1.3491  1.0071  1.0067  1.1066  1.0069  1.0072  1.1066
      *px      0.4304  0.2665  0.4502  0.4314  0.2654  0.4508  0.3630  0.4364  0.3939  0.3627  0.4375  0.3936
      *pz      0.6520  0.6561  0.5952  0.6483  0.6509  0.5969  0.6199  0.6184  0.5831  0.6123  0.6119  0.5817
      *py      0.1476  0.3129  0.3640  0.1470  0.3142  0.3639  0.4669  0.3931  0.3891  0.4677  0.3929  0.3892
      *d2+     0.0502  0.0544  0.0602  0.0506  0.0543  0.0602  0.0421  0.0388  0.0452  0.0423  0.0390  0.0453
      *d1+     0.0262  0.0272  0.0272  0.0263  0.0270  0.0273  0.0221  0.0238  0.0310  0.0216  0.0234  0.0311
      *d0      0.0051  0.0051  0.0032  0.0054  0.0054  0.0032  0.0084  0.0085  0.0059  0.0085  0.0085  0.0059
      *d1-     0.0267  0.0256  0.0262  0.0263  0.0255  0.0261  0.0284  0.0273  0.0249  0.0283  0.0266  0.0250
      *d2-     0.0531  0.0492  0.0632  0.0532  0.0494  0.0632  0.0372  0.0405  0.0507  0.0372  0.0406  0.0507
      *f3+     0.0021  0.0021  0.0021  0.0021  0.0021  0.0021  0.0021  0.0021  0.0022  0.0021  0.0021  0.0022
      *f2+     0.0010  0.0010  0.0011  0.0010  0.0010  0.0011  0.0010  0.0008  0.0010  0.0010  0.0008  0.0010
      *f1+     0.0011  0.0010  0.0011  0.0011  0.0010  0.0011  0.0010  0.0012  0.0011  0.0010  0.0012  0.0011
      *f0      0.0018  0.0018  0.0020  0.0018  0.0018  0.0020  0.0017  0.0017  0.0020  0.0017  0.0017  0.0020
      *f1-     0.0010  0.0011  0.0011  0.0010  0.0011  0.0011  0.0013  0.0010  0.0011  0.0013  0.0010  0.0011
      *f2-     0.0010  0.0009  0.0010  0.0009  0.0009  0.0010  0.0008  0.0011  0.0011  0.0008  0.0011  0.0011
      *f3-     0.0030  0.0030  0.0032  0.0030  0.0030  0.0032  0.0029  0.0029  0.0031  0.0029  0.0029  0.0031
      Total    5.9074  5.9144  6.1714  5.8971  5.9022  6.1746  5.8344  5.8318  5.8576  5.8259  5.8256  5.8552

      N-E      0.0926  0.0856 -0.1714  0.1029  0.0978 -0.1746  0.1656  0.1682  0.1424  0.1741  0.1744  0.1448

                C13     C14     C15     C16     C17     C18     C19     C20     C21     C22     C23     C24   
      1s       0.8547  0.8547  0.8548  0.8548  0.8548  0.8548  0.8547  0.8547  0.8548  0.8548  0.8548  0.8548
      2s       1.1234  1.1234  1.1232  1.1232  1.1232  1.1232  1.1233  1.1233  1.1232  1.1232  1.1232  1.1232
      2px      0.4475  0.4496  0.4718  0.4716  0.4576  0.4520  0.4475  0.4495  0.4718  0.4716  0.4576  0.4520
      2pz      0.3212  0.3244  0.3212  0.3370  0.3356  0.3180  0.3218  0.3216  0.3179  0.3366  0.3370  0.3202
      2py      0.4581  0.4561  0.4482  0.4483  0.4622  0.4681  0.4584  0.4563  0.4482  0.4483  0.4622  0.4680
      3s       0.0000  0.0000  0.0000  0.0000  0.0000  0.0000  0.0000  0.0000  0.0000  0.0000  0.0000  0.0000
      3px      0.0000  0.0000  0.0000  0.0000  0.0000  0.0000  0.0000  0.0000  0.0000  0.0000  0.0000  0.0000
      3pz      0.0000  0.0000  0.0000  0.0000  0.0000  0.0000  0.0000  0.0000  0.0000  0.0000  0.0000  0.0000
      3py      0.0000  0.0000  0.0000  0.0000  0.0000  0.0000  0.0000  0.0000  0.0000  0.0000  0.0000  0.0000
      4s       0.0000  0.0000  0.0000  0.0000  0.0000  0.0000  0.0000  0.0000  0.0000  0.0000  0.0000  0.0000
      3d2+     0.0000  0.0000  0.0000  0.0000  0.0000  0.0000  0.0000  0.0000  0.0000  0.0000  0.0000  0.0000
      3d1+     0.0000  0.0000  0.0000  0.0000  0.0000  0.0000  0.0000  0.0000  0.0000  0.0000  0.0000  0.0000
      3d0      0.0000  0.0000  0.0000  0.0000  0.0000  0.0000  0.0000  0.0000  0.0000  0.0000  0.0000  0.0000
      3d1-     0.0000  0.0000  0.0000  0.0000  0.0000  0.0000  0.0000  0.0000  0.0000  0.0000  0.0000  0.0000
      3d2-     0.0000  0.0000  0.0000  0.0000  0.0000  0.0000  0.0000  0.0000  0.0000  0.0000  0.0000  0.0000
      *s       1.2258  1.2240  1.2477  1.2173  1.2178  1.2456  1.2199  1.2199  1.2458  1.2178  1.2175  1.2475
      *px      0.5353  0.5066  0.5062  0.5131  0.4939  0.5329  0.5343  0.5062  0.5059  0.5130  0.4939  0.5332
      *pz      0.6465  0.6542  0.6676  0.6983  0.6961  0.6606  0.6452  0.6452  0.6605  0.6983  0.6986  0.6658
      *py      0.4923  0.5209  0.5206  0.5131  0.5324  0.4928  0.4927  0.5208  0.5199  0.5133  0.5324  0.4934
      *d2+     0.0280  0.0285  0.0277  0.0280  0.0315  0.0312  0.0280  0.0286  0.0277  0.0280  0.0315  0.0313
      *d1+     0.0119  0.0230  0.0291  0.0239  0.0202  0.0069  0.0118  0.0230  0.0291  0.0234  0.0202  0.0069
      *d0      0.0087  0.0087  0.0052  0.0048  0.0048  0.0053  0.0091  0.0091  0.0053  0.0048  0.0048  0.0052
      *d1-     0.0305  0.0188  0.0115  0.0102  0.0135  0.0334  0.0299  0.0188  0.0114  0.0101  0.0135  0.0339
      *d2-     0.0268  0.0261  0.0332  0.0321  0.0286  0.0297  0.0269  0.0264  0.0332  0.0321  0.0286  0.0297
      *f3+     0.0019  0.0019  0.0019  0.0019  0.0019  0.0019  0.0019  0.0019  0.0019  0.0019  0.0019  0.0019
      *f2+     0.0005  0.0010  0.0010  0.0009  0.0008  0.0003  0.0005  0.0010  0.0010  0.0009  0.0008  0.0003
      *f1+     0.0008  0.0009  0.0009  0.0009  0.0009  0.0009  0.0008  0.0010  0.0009  0.0009  0.0009  0.0009
      *f0      0.0014  0.0014  0.0016  0.0016  0.0016  0.0016  0.0014  0.0014  0.0016  0.0016  0.0016  0.0016
      *f1-     0.0009  0.0008  0.0009  0.0008  0.0009  0.0010  0.0009  0.0008  0.0009  0.0008  0.0009  0.0010
      *f2-     0.0011  0.0006  0.0006  0.0005  0.0005  0.0013  0.0011  0.0006  0.0006  0.0005  0.0005  0.0013
      *f3-     0.0017  0.0017  0.0019  0.0020  0.0020  0.0019  0.0017  0.0017  0.0019  0.0020  0.0020  0.0019
      Total    6.2191  6.2272  6.2769  6.2842  6.2808  6.2633  6.2118  6.2117  6.2636  6.2838  6.2845  6.2738

      N-E     -0.2191 -0.2272 -0.2769 -0.2842 -0.2808 -0.2633 -0.2118 -0.2117 -0.2636 -0.2838 -0.2845 -0.2738

                H25     H26     H27     H28     H29     H30     H31     H32     H33     H34     H35     H36   
      1s       0.2626  0.2626  0.2635  0.2638  0.2638  0.2635  0.2627  0.2627  0.2635  0.2638  0.2638  0.2635
      2s       0.0000  0.0000  0.0000  0.0000  0.0000  0.0000  0.0000  0.0000  0.0000  0.0000  0.0000  0.0000
      2px      0.0000  0.0000  0.0000  0.0000  0.0000  0.0000  0.0000  0.0000  0.0000  0.0000  0.0000  0.0000
      2pz      0.0000  0.0000  0.0000  0.0000  0.0000  0.0000  0.0000  0.0000  0.0000  0.0000  0.0000  0.0000
      2py      0.0000  0.0000  0.0000  0.0000  0.0000  0.0000  0.0000  0.0000  0.0000  0.0000  0.0000  0.0000
      3s       0.0000  0.0000  0.0000  0.0000  0.0000  0.0000  0.0000  0.0000  0.0000  0.0000  0.0000  0.0000
      3px      0.0000  0.0000  0.0000  0.0000  0.0000  0.0000  0.0000  0.0000  0.0000  0.0000  0.0000  0.0000
      3pz      0.0000  0.0000  0.0000  0.0000  0.0000  0.0000  0.0000  0.0000  0.0000  0.0000  0.0000  0.0000
      3py      0.0000  0.0000  0.0000  0.0000  0.0000  0.0000  0.0000  0.0000  0.0000  0.0000  0.0000  0.0000
      4s       0.0000  0.0000  0.0000  0.0000  0.0000  0.0000  0.0000  0.0000  0.0000  0.0000  0.0000  0.0000
      3d2+     0.0000  0.0000  0.0000  0.0000  0.0000  0.0000  0.0000  0.0000  0.0000  0.0000  0.0000  0.0000
      3d1+     0.0000  0.0000  0.0000  0.0000  0.0000  0.0000  0.0000  0.0000  0.0000  0.0000  0.0000  0.0000
      3d0      0.0000  0.0000  0.0000  0.0000  0.0000  0.0000  0.0000  0.0000  0.0000  0.0000  0.0000  0.0000
      3d1-     0.0000  0.0000  0.0000  0.0000  0.0000  0.0000  0.0000  0.0000  0.0000  0.0000  0.0000  0.0000
      3d2-     0.0000  0.0000  0.0000  0.0000  0.0000  0.0000  0.0000  0.0000  0.0000  0.0000  0.0000  0.0000
      *s       0.5678  0.5678  0.5808  0.5780  0.5780  0.5809  0.5678  0.5677  0.5809  0.5780  0.5780  0.5808
      *px      0.0166  0.0066  0.0061  0.0061  0.0064  0.0163  0.0167  0.0066  0.0061  0.0061  0.0064  0.0163
      *pz      0.0046  0.0046  0.0043  0.0048  0.0047  0.0042  0.0045  0.0045  0.0042  0.0048  0.0048  0.0043
      *py      0.0030  0.0131  0.0131  0.0130  0.0127  0.0029  0.0030  0.0131  0.0131  0.0130  0.0127  0.0029
      *d2+     0.0000  0.0000  0.0000  0.0000  0.0000  0.0000  0.0000  0.0000  0.0000  0.0000  0.0000  0.0000
      *d1+     0.0000  0.0000  0.0000  0.0000  0.0000  0.0000  0.0000  0.0000  0.0000  0.0000  0.0000  0.0000
      *d0      0.0000  0.0000  0.0000  0.0000  0.0000  0.0000  0.0000  0.0000  0.0000  0.0000  0.0000  0.0000
      *d1-     0.0000  0.0000  0.0000  0.0000  0.0000  0.0000  0.0000  0.0000  0.0000  0.0000  0.0000  0.0000
      *d2-     0.0000  0.0000  0.0000  0.0000  0.0000  0.0000  0.0000  0.0000  0.0000  0.0000  0.0000  0.0000
      *f3+     0.0000  0.0000  0.0000  0.0000  0.0000  0.0000  0.0000  0.0000  0.0000  0.0000  0.0000  0.0000
      *f2+     0.0000  0.0000  0.0000  0.0000  0.0000  0.0000  0.0000  0.0000  0.0000  0.0000  0.0000  0.0000
      *f1+     0.0000  0.0000  0.0000  0.0000  0.0000  0.0000  0.0000  0.0000  0.0000  0.0000  0.0000  0.0000
      *f0      0.0000  0.0000  0.0000  0.0000  0.0000  0.0000  0.0000  0.0000  0.0000  0.0000  0.0000  0.0000
      *f1-     0.0000  0.0000  0.0000  0.0000  0.0000  0.0000  0.0000  0.0000  0.0000  0.0000  0.0000  0.0000
      *f2-     0.0000  0.0000  0.0000  0.0000  0.0000  0.0000  0.0000  0.0000  0.0000  0.0000  0.0000  0.0000
      *f3-     0.0000  0.0000  0.0000  0.0000  0.0000  0.0000  0.0000  0.0000  0.0000  0.0000  0.0000  0.0000
      Total    0.8547  0.8547  0.8678  0.8657  0.8657  0.8678  0.8547  0.8547  0.8677  0.8657  0.8657  0.8678

      N-E      0.1453  0.1453  0.1322  0.1343  0.1343  0.1322  0.1453  0.1453  0.1323  0.1343  0.1343  0.1322

                NI37    NI38  
      1s       1.9997  1.9997
      2s       2.0006  2.0006
      2px      1.9958  1.9958
      2pz      1.9958  1.9958
      2py      1.9957  1.9958
      3s       1.1538  1.1554
      3px      1.5692  1.5695
      3pz      1.5726  1.5730
      3py      1.5676  1.5675
      4s       0.8223  0.8195
      3d2+     0.9381  0.9397
      3d1+     0.7339  0.6153
      3d0      0.9877  0.9804
      3d1-     0.7973  0.9084
      3d2-     0.9602  0.9611
      *s       0.6191  0.8375
      *px      0.4879  0.4893
      *pz      0.5063  0.5162
      *py      0.4805  0.4809
      *d2+     0.9906  0.9901
      *d1+     0.7300  0.6169
      *d0      0.9906  0.9895
      *d1-     0.7930  0.8989
      *d2-     0.9926  0.9910
      *f3+     0.0000  0.0000
      *f2+     0.0000  0.0000
      *f1+     0.0000  0.0000
      *f0      0.0000  0.0001
      *f1-     0.0000  0.0000
      *f2-     0.0000  0.0000
      *f3-     0.0000  0.0000
      Total   27.6809 27.8881

      N-E      0.3191  0.1119

      Total electronic charge=  212.000000

      Total            charge=   -0.000000
--



      Expectation values of various properties for root number:  4
      -----------------------------------------------------------


++    Molecular properties:
      ---------------------

      Charge (e):
                      =   -0.0000
      Dipole Moment (Debye):
      Origin of the operator (Ang)=    0.0000    0.0000    0.0000
                   X=  1.2345E+00               Y=  6.8071E-01               Z=  1.6750E+00           Total=  2.1893E+00
      Quadrupole Moment (Debye*Ang):
      Origin of the operator (Ang)=    0.0000   -0.0000    0.5165
                  XX= -1.3779E+02              XY=  1.0685E+01              XZ=  4.3453E+00              YY= -1.5063E+02
                  YZ=  2.5152E+00              ZZ= -1.8321E+02
      In traceless form (Debye*Ang)
                  XX=  2.9129E+01              XY=  1.6027E+01              XZ=  6.5179E+00              YY=  9.8737E+00
                  YZ=  3.7729E+00              ZZ= -3.9003E+01
--


      Mulliken spin population analysis for root number:  4
      ---------------------------------------------------


++    Molecular charges:
      ------------------

      Mulliken spin population per centre and basis function type
      ---------------------------------------------------

                C1      C2      C3      C4      C5      C6      C7      C8      C9      C10     C11     C12   
      1s       0.0000  0.0000  0.0000  0.0000  0.0000  0.0000  0.0000  0.0000  0.0000  0.0000  0.0000  0.0000
      2s      -0.0001 -0.0000 -0.0000 -0.0001 -0.0001 -0.0000 -0.0000 -0.0000 -0.0000 -0.0000 -0.0000 -0.0000
      2px      0.0001  0.0004  0.0002  0.0000  0.0005  0.0002  0.0004  0.0007  0.0000  0.0003  0.0006  0.0000
      2pz      0.0148  0.0113  0.0009  0.0104  0.0113  0.0010  0.0216  0.0216  0.0003  0.0226  0.0220  0.0012
      2py      0.0005  0.0001  0.0001  0.0006  0.0001  0.0001  0.0004  0.0001  0.0000  0.0005  0.0001  0.0000
      3s       0.0000  0.0000  0.0000  0.0000  0.0000  0.0000  0.0000  0.0000  0.0000  0.0000  0.0000  0.0000
      3px      0.0000  0.0000  0.0000  0.0000  0.0000  0.0000  0.0000  0.0000  0.0000  0.0000  0.0000  0.0000
      3pz      0.0000  0.0000  0.0000  0.0000  0.0000  0.0000  0.0000  0.0000  0.0000  0.0000  0.0000  0.0000
      3py      0.0000  0.0000  0.0000  0.0000  0.0000  0.0000  0.0000  0.0000  0.0000  0.0000  0.0000  0.0000
      4s       0.0000  0.0000  0.0000  0.0000  0.0000  0.0000  0.0000  0.0000  0.0000  0.0000  0.0000  0.0000
      3d2+     0.0000  0.0000  0.0000  0.0000  0.0000  0.0000  0.0000  0.0000  0.0000  0.0000  0.0000  0.0000
      3d1+     0.0000  0.0000  0.0000  0.0000  0.0000  0.0000  0.0000  0.0000  0.0000  0.0000  0.0000  0.0000
      3d0      0.0000  0.0000  0.0000  0.0000  0.0000  0.0000  0.0000  0.0000  0.0000  0.0000  0.0000  0.0000
      3d1-     0.0000  0.0000  0.0000  0.0000  0.0000  0.0000  0.0000  0.0000  0.0000  0.0000  0.0000  0.0000
      3d2-     0.0000  0.0000  0.0000  0.0000  0.0000  0.0000  0.0000  0.0000  0.0000  0.0000  0.0000  0.0000
      *s       0.0016  0.0019 -0.0370 -0.0016 -0.0023 -0.0371 -0.0008 -0.0006  0.0028 -0.0002 -0.0002  0.0028
      *px     -0.0013  0.0002  0.0068 -0.0010 -0.0009  0.0070 -0.0011  0.0020 -0.0017 -0.0012  0.0022 -0.0018
      *pz      0.0183  0.0114 -0.0026  0.0096  0.0109 -0.0024  0.0365  0.0367 -0.0010  0.0349  0.0337  0.0004
      *py     -0.0014 -0.0023  0.0033 -0.0016 -0.0018  0.0031  0.0013 -0.0020  0.0024  0.0011 -0.0024  0.0025
      *d2+     0.0000  0.0001  0.0000 -0.0001  0.0004  0.0000  0.0001 -0.0001  0.0000  0.0001 -0.0001  0.0000
      *d1+     0.0016  0.0001  0.0015  0.0020  0.0001  0.0018  0.0013  0.0008  0.0044  0.0009  0.0008  0.0047
      *d0      0.0007  0.0008  0.0005  0.0010  0.0010  0.0005  0.0001  0.0001  0.0000  0.0001  0.0002  0.0000
      *d1-     0.0010  0.0027  0.0004  0.0007  0.0024  0.0007  0.0019  0.0022  0.0017  0.0015  0.0020  0.0015
      *d2-     0.0003  0.0000  0.0000  0.0004  0.0000  0.0000 -0.0001  0.0001  0.0000 -0.0001  0.0001  0.0000
      *f3+     0.0000  0.0000  0.0000  0.0000  0.0000  0.0000  0.0000  0.0000  0.0000  0.0000  0.0000 -0.0000
      *f2+     0.0001  0.0000  0.0001  0.0001  0.0000  0.0001  0.0000  0.0000  0.0001  0.0000  0.0000  0.0001
      *f1+     0.0000  0.0000  0.0000  0.0000  0.0000  0.0000  0.0000 -0.0000  0.0000  0.0000 -0.0000  0.0000
      *f0      0.0000  0.0000  0.0000  0.0000  0.0000  0.0000 -0.0000 -0.0000  0.0000  0.0000  0.0000  0.0000
      *f1-     0.0000  0.0000  0.0000  0.0000  0.0000  0.0000 -0.0000  0.0000  0.0000 -0.0000  0.0000  0.0000
      *f2-     0.0000  0.0001  0.0000  0.0000  0.0001  0.0000  0.0001  0.0000  0.0000  0.0000  0.0000  0.0000
      *f3-     0.0000  0.0000  0.0000  0.0000  0.0000  0.0000  0.0000  0.0000  0.0000  0.0000  0.0000  0.0000
      Total    0.0366  0.0268 -0.0255  0.0205  0.0219 -0.0250  0.0618  0.0618  0.0091  0.0606  0.0592  0.0117

                C13     C14     C15     C16     C17     C18     C19     C20     C21     C22     C23     C24   
      1s       0.0000  0.0000  0.0000  0.0000  0.0000  0.0000  0.0000  0.0000  0.0000  0.0000  0.0000  0.0000
      2s      -0.0001 -0.0001 -0.0000 -0.0000 -0.0000 -0.0000 -0.0001 -0.0001 -0.0000 -0.0000 -0.0000 -0.0000
      2px      0.0007  0.0003  0.0000  0.0000  0.0000  0.0000  0.0006  0.0003  0.0000  0.0000  0.0000  0.0000
      2pz      0.0114  0.0123  0.0076  0.0280  0.0272  0.0057  0.0107  0.0116  0.0074  0.0269  0.0289  0.0077
      2py      0.0005  0.0009  0.0000  0.0001  0.0001  0.0000  0.0002  0.0007  0.0000  0.0001  0.0001  0.0000
      3s       0.0000  0.0000  0.0000  0.0000  0.0000  0.0000  0.0000  0.0000  0.0000  0.0000  0.0000  0.0000
      3px      0.0000  0.0000  0.0000  0.0000  0.0000  0.0000  0.0000  0.0000  0.0000  0.0000  0.0000  0.0000
      3pz      0.0000  0.0000  0.0000  0.0000  0.0000  0.0000  0.0000  0.0000  0.0000  0.0000  0.0000  0.0000
      3py      0.0000  0.0000  0.0000  0.0000  0.0000  0.0000  0.0000  0.0000  0.0000  0.0000  0.0000  0.0000
      4s       0.0000  0.0000  0.0000  0.0000  0.0000  0.0000  0.0000  0.0000  0.0000  0.0000  0.0000  0.0000
      3d2+     0.0000  0.0000  0.0000  0.0000  0.0000  0.0000  0.0000  0.0000  0.0000  0.0000  0.0000  0.0000
      3d1+     0.0000  0.0000  0.0000  0.0000  0.0000  0.0000  0.0000  0.0000  0.0000  0.0000  0.0000  0.0000
      3d0      0.0000  0.0000  0.0000  0.0000  0.0000  0.0000  0.0000  0.0000  0.0000  0.0000  0.0000  0.0000
      3d1-     0.0000  0.0000  0.0000  0.0000  0.0000  0.0000  0.0000  0.0000  0.0000  0.0000  0.0000  0.0000
      3d2-     0.0000  0.0000  0.0000  0.0000  0.0000  0.0000  0.0000  0.0000  0.0000  0.0000  0.0000  0.0000
      *s      -0.0089 -0.0071 -0.0019  0.0028  0.0033 -0.0032 -0.0134 -0.0138 -0.0032  0.0033  0.0028 -0.0017
      *px      0.0010  0.0006 -0.0002 -0.0000  0.0004 -0.0005  0.0010  0.0002 -0.0004 -0.0001  0.0004 -0.0003
      *pz      0.0128  0.0150  0.0182  0.0527  0.0510  0.0135  0.0084  0.0106  0.0170  0.0504  0.0545  0.0185
      *py      0.0005  0.0016 -0.0006  0.0008  0.0004 -0.0009  0.0003  0.0010 -0.0010  0.0010  0.0004 -0.0005
      *d2+     0.0002  0.0001 -0.0000  0.0000 -0.0000  0.0002  0.0003  0.0001 -0.0000  0.0000  0.0000  0.0002
      *d1+    -0.0000  0.0026  0.0059  0.0008  0.0000  0.0002  0.0001  0.0025  0.0058  0.0008  0.0002  0.0002
      *d0      0.0006  0.0006  0.0001  0.0001  0.0000  0.0001  0.0010  0.0010  0.0001  0.0001  0.0001  0.0001
      *d1-     0.0039  0.0012  0.0008  0.0001  0.0006  0.0065  0.0037  0.0011  0.0008  0.0001  0.0007  0.0066
      *d2-     0.0000  0.0005  0.0002 -0.0000 -0.0000  0.0000  0.0000  0.0002  0.0002 -0.0000  0.0000 -0.0000
      *f3+     0.0000  0.0000  0.0000  0.0000  0.0000 -0.0000  0.0000  0.0000  0.0000  0.0000  0.0000  0.0000
      *f2+     0.0000  0.0001  0.0001  0.0000  0.0000  0.0000  0.0000  0.0001  0.0001  0.0000  0.0000  0.0000
      *f1+     0.0000  0.0000 -0.0000  0.0000  0.0000  0.0000  0.0001  0.0000 -0.0000  0.0000  0.0000  0.0000
      *f0      0.0000  0.0000  0.0000 -0.0000 -0.0000  0.0000  0.0000  0.0000  0.0000 -0.0000 -0.0000  0.0000
      *f1-     0.0000  0.0001  0.0000  0.0000  0.0000  0.0000  0.0000  0.0001  0.0000  0.0000  0.0000  0.0000
      *f2-     0.0001  0.0000  0.0001  0.0000  0.0000  0.0002  0.0001  0.0000  0.0001  0.0000  0.0000  0.0002
      *f3-     0.0000  0.0000  0.0000  0.0000  0.0000  0.0000  0.0000  0.0000  0.0000  0.0000  0.0000  0.0000
      Total    0.0230  0.0288  0.0303  0.0853  0.0831  0.0218  0.0131  0.0155  0.0269  0.0826  0.0880  0.0312

                H25     H26     H27     H28     H29     H30     H31     H32     H33     H34     H35     H36   
      1s       0.0002  0.0002  0.0000  0.0000  0.0000  0.0000  0.0002  0.0002  0.0000  0.0000  0.0000  0.0000
      2s       0.0000  0.0000  0.0000  0.0000  0.0000  0.0000  0.0000  0.0000  0.0000  0.0000  0.0000  0.0000
      2px      0.0000  0.0000  0.0000  0.0000  0.0000  0.0000  0.0000  0.0000  0.0000  0.0000  0.0000  0.0000
      2pz      0.0000  0.0000  0.0000  0.0000  0.0000  0.0000  0.0000  0.0000  0.0000  0.0000  0.0000  0.0000
      2py      0.0000  0.0000  0.0000  0.0000  0.0000  0.0000  0.0000  0.0000  0.0000  0.0000  0.0000  0.0000
      3s       0.0000  0.0000  0.0000  0.0000  0.0000  0.0000  0.0000  0.0000  0.0000  0.0000  0.0000  0.0000
      3px      0.0000  0.0000  0.0000  0.0000  0.0000  0.0000  0.0000  0.0000  0.0000  0.0000  0.0000  0.0000
      3pz      0.0000  0.0000  0.0000  0.0000  0.0000  0.0000  0.0000  0.0000  0.0000  0.0000  0.0000  0.0000
      3py      0.0000  0.0000  0.0000  0.0000  0.0000  0.0000  0.0000  0.0000  0.0000  0.0000  0.0000  0.0000
      4s       0.0000  0.0000  0.0000  0.0000  0.0000  0.0000  0.0000  0.0000  0.0000  0.0000  0.0000  0.0000
      3d2+     0.0000  0.0000  0.0000  0.0000  0.0000  0.0000  0.0000  0.0000  0.0000  0.0000  0.0000  0.0000
      3d1+     0.0000  0.0000  0.0000  0.0000  0.0000  0.0000  0.0000  0.0000  0.0000  0.0000  0.0000  0.0000
      3d0      0.0000  0.0000  0.0000  0.0000  0.0000  0.0000  0.0000  0.0000  0.0000  0.0000  0.0000  0.0000
      3d1-     0.0000  0.0000  0.0000  0.0000  0.0000  0.0000  0.0000  0.0000  0.0000  0.0000  0.0000  0.0000
      3d2-     0.0000  0.0000  0.0000  0.0000  0.0000  0.0000  0.0000  0.0000  0.0000  0.0000  0.0000  0.0000
      *s      -0.0010 -0.0010 -0.0001 -0.0000 -0.0000 -0.0001 -0.0014 -0.0014 -0.0001 -0.0000 -0.0000 -0.0001
      *px      0.0001  0.0000  0.0000  0.0000  0.0000  0.0000  0.0001  0.0000  0.0000  0.0000  0.0000  0.0000
      *pz      0.0002  0.0002  0.0002  0.0007  0.0006  0.0001  0.0002  0.0002  0.0002  0.0006  0.0007  0.0002
      *py      0.0000  0.0000  0.0000  0.0000  0.0000  0.0000  0.0000  0.0000  0.0000  0.0000  0.0000  0.0000
      *d2+     0.0000  0.0000  0.0000  0.0000  0.0000  0.0000  0.0000  0.0000  0.0000  0.0000  0.0000  0.0000
      *d1+     0.0000  0.0000  0.0000  0.0000  0.0000  0.0000  0.0000  0.0000  0.0000  0.0000  0.0000  0.0000
      *d0      0.0000  0.0000  0.0000  0.0000  0.0000  0.0000  0.0000  0.0000  0.0000  0.0000  0.0000  0.0000
      *d1-     0.0000  0.0000  0.0000  0.0000  0.0000  0.0000  0.0000  0.0000  0.0000  0.0000  0.0000  0.0000
      *d2-     0.0000  0.0000  0.0000  0.0000  0.0000  0.0000  0.0000  0.0000  0.0000  0.0000  0.0000  0.0000
      *f3+     0.0000  0.0000  0.0000  0.0000  0.0000  0.0000  0.0000  0.0000  0.0000  0.0000  0.0000  0.0000
      *f2+     0.0000  0.0000  0.0000  0.0000  0.0000  0.0000  0.0000  0.0000  0.0000  0.0000  0.0000  0.0000
      *f1+     0.0000  0.0000  0.0000  0.0000  0.0000  0.0000  0.0000  0.0000  0.0000  0.0000  0.0000  0.0000
      *f0      0.0000  0.0000  0.0000  0.0000  0.0000  0.0000  0.0000  0.0000  0.0000  0.0000  0.0000  0.0000
      *f1-     0.0000  0.0000  0.0000  0.0000  0.0000  0.0000  0.0000  0.0000  0.0000  0.0000  0.0000  0.0000
      *f2-     0.0000  0.0000  0.0000  0.0000  0.0000  0.0000  0.0000  0.0000  0.0000  0.0000  0.0000  0.0000
      *f3-     0.0000  0.0000  0.0000  0.0000  0.0000  0.0000  0.0000  0.0000  0.0000  0.0000  0.0000  0.0000
      Total   -0.0006 -0.0005  0.0001  0.0007  0.0006  0.0001 -0.0010 -0.0010  0.0001  0.0006  0.0007  0.0001

                NI37    NI38  
      1s       0.0000  0.0000
      2s       0.0000  0.0001
      2px      0.0000  0.0000
      2pz      0.0000  0.0000
      2py      0.0000  0.0000
      3s       0.0027  0.0042
      3px      0.0001  0.0002
      3pz      0.0015  0.0021
      3py      0.0001  0.0001
      4s      -0.0046 -0.0070
      3d2+     0.0041  0.0010
      3d1+     0.2740  0.3948
      3d0      0.0009  0.0053
      3d1-     0.2071  0.0950
      3d2-     0.0044  0.0034
      *s       0.4951  0.7113
      *px      0.0021  0.0024
      *pz      0.0207  0.0311
      *py      0.0007  0.0009
      *d2+     0.0024 -0.0005
      *d1+     0.2512  0.3645
      *d0      0.0001  0.0045
      *d1-     0.1904  0.0865
      *d2-    -0.0009 -0.0012
      *f3+    -0.0000 -0.0000
      *f2+     0.0000  0.0000
      *f1+    -0.0000  0.0000
      *f0      0.0000  0.0000
      *f1-    -0.0000 -0.0000
      *f2-     0.0000  0.0000
      *f3-     0.0000  0.0000
      Total    1.4523  1.6986

      Total electronic spin=    4.000000
--


      Von Neumann Entropy (Root   5) =  2.83509


      Mulliken population analysis for root number:  5
      -----------------------------------------------


++    Molecular charges:
      ------------------

      Mulliken charges per centre and basis function type
      ---------------------------------------------------

                C1      C2      C3      C4      C5      C6      C7      C8      C9      C10     C11     C12   
      1s       0.8546  0.8547  0.8547  0.8546  0.8546  0.8547  0.8547  0.8547  0.8547  0.8547  0.8547  0.8547
      2s       1.1234  1.1233  1.1232  1.1233  1.1233  1.1232  1.1233  1.1233  1.1232  1.1233  1.1233  1.1232
      2px      0.4567  0.4601  0.4575  0.4568  0.4599  0.4575  0.4496  0.4540  0.4649  0.4496  0.4540  0.4649
      2pz      0.3264  0.3300  0.3295  0.3304  0.3302  0.3317  0.3226  0.3220  0.3374  0.3222  0.3225  0.3364
      2py      0.4565  0.4532  0.4614  0.4563  0.4532  0.4613  0.4636  0.4592  0.4600  0.4635  0.4591  0.4600
      3s       0.0000  0.0000  0.0000  0.0000  0.0000  0.0000  0.0000  0.0000  0.0000  0.0000  0.0000  0.0000
      3px      0.0000  0.0000  0.0000  0.0000  0.0000  0.0000  0.0000  0.0000  0.0000  0.0000  0.0000  0.0000
      3pz      0.0000  0.0000  0.0000  0.0000  0.0000  0.0000  0.0000  0.0000  0.0000  0.0000  0.0000  0.0000
      3py      0.0000  0.0000  0.0000  0.0000  0.0000  0.0000  0.0000  0.0000  0.0000  0.0000  0.0000  0.0000
      4s       0.0000  0.0000  0.0000  0.0000  0.0000  0.0000  0.0000  0.0000  0.0000  0.0000  0.0000  0.0000
      3d2+     0.0000  0.0000  0.0000  0.0000  0.0000  0.0000  0.0000  0.0000  0.0000  0.0000  0.0000  0.0000
      3d1+     0.0000  0.0000  0.0000  0.0000  0.0000  0.0000  0.0000  0.0000  0.0000  0.0000  0.0000  0.0000
      3d0      0.0000  0.0000  0.0000  0.0000  0.0000  0.0000  0.0000  0.0000  0.0000  0.0000  0.0000  0.0000
      3d1-     0.0000  0.0000  0.0000  0.0000  0.0000  0.0000  0.0000  0.0000  0.0000  0.0000  0.0000  0.0000
      3d2-     0.0000  0.0000  0.0000  0.0000  0.0000  0.0000  0.0000  0.0000  0.0000  0.0000  0.0000  0.0000
      *s       1.2770  1.2766  1.3760  1.2762  1.2764  1.3760  1.0125  1.0123  1.1039  1.0127  1.0130  1.1038
      *px      0.4286  0.2659  0.4472  0.4281  0.2662  0.4467  0.3666  0.4342  0.3935  0.3673  0.4354  0.3934
      *pz      0.6549  0.6622  0.6063  0.6622  0.6622  0.6105  0.5865  0.5853  0.6245  0.5861  0.5867  0.6230
      *py      0.1486  0.3123  0.3621  0.1489  0.3121  0.3627  0.4630  0.3951  0.3870  0.4641  0.3960  0.3870
      *d2+     0.0502  0.0543  0.0602  0.0506  0.0543  0.0602  0.0421  0.0388  0.0452  0.0423  0.0390  0.0452
      *d1+     0.0255  0.0283  0.0289  0.0253  0.0287  0.0291  0.0227  0.0278  0.0271  0.0230  0.0284  0.0274
      *d0      0.0052  0.0052  0.0028  0.0050  0.0050  0.0028  0.0088  0.0089  0.0059  0.0089  0.0089  0.0059
      *d1-     0.0271  0.0238  0.0287  0.0271  0.0240  0.0281  0.0315  0.0267  0.0243  0.0320  0.0263  0.0243
      *d2-     0.0530  0.0492  0.0633  0.0532  0.0493  0.0633  0.0372  0.0405  0.0507  0.0372  0.0405  0.0507
      *f3+     0.0021  0.0021  0.0021  0.0021  0.0021  0.0021  0.0021  0.0022  0.0022  0.0022  0.0022  0.0022
      *f2+     0.0009  0.0010  0.0011  0.0009  0.0010  0.0011  0.0011  0.0008  0.0008  0.0011  0.0009  0.0008
      *f1+     0.0011  0.0010  0.0011  0.0011  0.0010  0.0011  0.0010  0.0012  0.0011  0.0010  0.0012  0.0011
      *f0      0.0018  0.0018  0.0020  0.0018  0.0018  0.0020  0.0017  0.0017  0.0020  0.0017  0.0017  0.0020
      *f1-     0.0010  0.0011  0.0011  0.0010  0.0011  0.0011  0.0013  0.0010  0.0011  0.0013  0.0010  0.0011
      *f2-     0.0010  0.0009  0.0011  0.0010  0.0009  0.0011  0.0009  0.0011  0.0010  0.0009  0.0011  0.0010
      *f3-     0.0030  0.0030  0.0032  0.0030  0.0030  0.0032  0.0029  0.0029  0.0031  0.0029  0.0029  0.0031
      Total    5.8986  5.9098  6.2135  5.9087  5.9104  6.2196  5.7956  5.7937  5.9137  5.7979  5.7988  5.9114

      N-E      0.1014  0.0902 -0.2135  0.0913  0.0896 -0.2196  0.2044  0.2063  0.0863  0.2021  0.2012  0.0886

                C13     C14     C15     C16     C17     C18     C19     C20     C21     C22     C23     C24   
      1s       0.8548  0.8547  0.8548  0.8548  0.8548  0.8548  0.8547  0.8547  0.8548  0.8548  0.8548  0.8548
      2s       1.1233  1.1233  1.1232  1.1232  1.1232  1.1232  1.1233  1.1233  1.1232  1.1232  1.1232  1.1232
      2px      0.4479  0.4501  0.4719  0.4715  0.4576  0.4520  0.4481  0.4502  0.4719  0.4715  0.4576  0.4520
      2pz      0.3328  0.3336  0.3335  0.3104  0.3094  0.3330  0.3370  0.3363  0.3316  0.3105  0.3102  0.3334
      2py      0.4582  0.4562  0.4482  0.4482  0.4622  0.4682  0.4587  0.4563  0.4483  0.4482  0.4622  0.4681
      3s       0.0000  0.0000  0.0000  0.0000  0.0000  0.0000  0.0000  0.0000  0.0000  0.0000  0.0000  0.0000
      3px      0.0000  0.0000  0.0000  0.0000  0.0000  0.0000  0.0000  0.0000  0.0000  0.0000  0.0000  0.0000
      3pz      0.0000  0.0000  0.0000  0.0000  0.0000  0.0000  0.0000  0.0000  0.0000  0.0000  0.0000  0.0000
      3py      0.0000  0.0000  0.0000  0.0000  0.0000  0.0000  0.0000  0.0000  0.0000  0.0000  0.0000  0.0000
      4s       0.0000  0.0000  0.0000  0.0000  0.0000  0.0000  0.0000  0.0000  0.0000  0.0000  0.0000  0.0000
      3d2+     0.0000  0.0000  0.0000  0.0000  0.0000  0.0000  0.0000  0.0000  0.0000  0.0000  0.0000  0.0000
      3d1+     0.0000  0.0000  0.0000  0.0000  0.0000  0.0000  0.0000  0.0000  0.0000  0.0000  0.0000  0.0000
      3d0      0.0000  0.0000  0.0000  0.0000  0.0000  0.0000  0.0000  0.0000  0.0000  0.0000  0.0000  0.0000
      3d1-     0.0000  0.0000  0.0000  0.0000  0.0000  0.0000  0.0000  0.0000  0.0000  0.0000  0.0000  0.0000
      3d2-     0.0000  0.0000  0.0000  0.0000  0.0000  0.0000  0.0000  0.0000  0.0000  0.0000  0.0000  0.0000
      *s       1.2228  1.2212  1.2454  1.2165  1.2161  1.2456  1.2242  1.2240  1.2459  1.2161  1.2166  1.2452
      *px      0.5356  0.5075  0.5065  0.5131  0.4934  0.5328  0.5355  0.5082  0.5064  0.5132  0.4935  0.5328
      *pz      0.6796  0.6821  0.6895  0.6502  0.6481  0.6881  0.6915  0.6898  0.6851  0.6504  0.6500  0.6892
      *py      0.4925  0.5202  0.5200  0.5127  0.5324  0.4936  0.4930  0.5204  0.5201  0.5126  0.5324  0.4935
      *d2+     0.0280  0.0284  0.0277  0.0280  0.0315  0.0310  0.0281  0.0285  0.0277  0.0280  0.0315  0.0311
      *d1+     0.0119  0.0219  0.0239  0.0280  0.0244  0.0071  0.0117  0.0222  0.0240  0.0278  0.0244  0.0071
      *d0      0.0093  0.0092  0.0052  0.0048  0.0048  0.0052  0.0091  0.0091  0.0052  0.0048  0.0048  0.0052
      *d1-     0.0285  0.0184  0.0114  0.0113  0.0149  0.0282  0.0289  0.0186  0.0113  0.0112  0.0148  0.0282
      *d2-     0.0268  0.0261  0.0330  0.0321  0.0287  0.0297  0.0268  0.0265  0.0330  0.0321  0.0287  0.0297
      *f3+     0.0019  0.0019  0.0019  0.0019  0.0019  0.0019  0.0019  0.0019  0.0019  0.0019  0.0019  0.0019
      *f2+     0.0005  0.0010  0.0009  0.0010  0.0010  0.0003  0.0005  0.0010  0.0009  0.0009  0.0009  0.0003
      *f1+     0.0008  0.0009  0.0009  0.0009  0.0009  0.0009  0.0008  0.0010  0.0009  0.0009  0.0009  0.0009
      *f0      0.0014  0.0014  0.0016  0.0016  0.0016  0.0016  0.0014  0.0014  0.0016  0.0016  0.0016  0.0016
      *f1-     0.0009  0.0008  0.0009  0.0009  0.0009  0.0010  0.0009  0.0008  0.0009  0.0009  0.0009  0.0010
      *f2-     0.0011  0.0006  0.0005  0.0005  0.0005  0.0011  0.0011  0.0006  0.0006  0.0005  0.0005  0.0011
      *f3-     0.0017  0.0017  0.0019  0.0020  0.0020  0.0019  0.0017  0.0017  0.0019  0.0020  0.0020  0.0019
      Total    6.2601  6.2612  6.3029  6.2137  6.2101  6.3011  6.2791  6.2764  6.2971  6.2132  6.2132  6.3021

      N-E     -0.2601 -0.2612 -0.3029 -0.2137 -0.2101 -0.3011 -0.2791 -0.2764 -0.2971 -0.2132 -0.2132 -0.3021

                H25     H26     H27     H28     H29     H30     H31     H32     H33     H34     H35     H36   
      1s       0.2626  0.2626  0.2635  0.2638  0.2638  0.2635  0.2627  0.2627  0.2635  0.2638  0.2638  0.2635
      2s       0.0000  0.0000  0.0000  0.0000  0.0000  0.0000  0.0000  0.0000  0.0000  0.0000  0.0000  0.0000
      2px      0.0000  0.0000  0.0000  0.0000  0.0000  0.0000  0.0000  0.0000  0.0000  0.0000  0.0000  0.0000
      2pz      0.0000  0.0000  0.0000  0.0000  0.0000  0.0000  0.0000  0.0000  0.0000  0.0000  0.0000  0.0000
      2py      0.0000  0.0000  0.0000  0.0000  0.0000  0.0000  0.0000  0.0000  0.0000  0.0000  0.0000  0.0000
      3s       0.0000  0.0000  0.0000  0.0000  0.0000  0.0000  0.0000  0.0000  0.0000  0.0000  0.0000  0.0000
      3px      0.0000  0.0000  0.0000  0.0000  0.0000  0.0000  0.0000  0.0000  0.0000  0.0000  0.0000  0.0000
      3pz      0.0000  0.0000  0.0000  0.0000  0.0000  0.0000  0.0000  0.0000  0.0000  0.0000  0.0000  0.0000
      3py      0.0000  0.0000  0.0000  0.0000  0.0000  0.0000  0.0000  0.0000  0.0000  0.0000  0.0000  0.0000
      4s       0.0000  0.0000  0.0000  0.0000  0.0000  0.0000  0.0000  0.0000  0.0000  0.0000  0.0000  0.0000
      3d2+     0.0000  0.0000  0.0000  0.0000  0.0000  0.0000  0.0000  0.0000  0.0000  0.0000  0.0000  0.0000
      3d1+     0.0000  0.0000  0.0000  0.0000  0.0000  0.0000  0.0000  0.0000  0.0000  0.0000  0.0000  0.0000
      3d0      0.0000  0.0000  0.0000  0.0000  0.0000  0.0000  0.0000  0.0000  0.0000  0.0000  0.0000  0.0000
      3d1-     0.0000  0.0000  0.0000  0.0000  0.0000  0.0000  0.0000  0.0000  0.0000  0.0000  0.0000  0.0000
      3d2-     0.0000  0.0000  0.0000  0.0000  0.0000  0.0000  0.0000  0.0000  0.0000  0.0000  0.0000  0.0000
      *s       0.5680  0.5679  0.5810  0.5781  0.5781  0.5811  0.5686  0.5686  0.5811  0.5781  0.5781  0.5810
      *px      0.0167  0.0066  0.0061  0.0061  0.0064  0.0163  0.0167  0.0066  0.0061  0.0061  0.0064  0.0163
      *pz      0.0050  0.0050  0.0046  0.0041  0.0041  0.0046  0.0051  0.0051  0.0045  0.0041  0.0041  0.0046
      *py      0.0030  0.0131  0.0131  0.0130  0.0127  0.0029  0.0030  0.0131  0.0131  0.0130  0.0127  0.0029
      *d2+     0.0000  0.0000  0.0000  0.0000  0.0000  0.0000  0.0000  0.0000  0.0000  0.0000  0.0000  0.0000
      *d1+     0.0000  0.0000  0.0000  0.0000  0.0000  0.0000  0.0000  0.0000  0.0000  0.0000  0.0000  0.0000
      *d0      0.0000  0.0000  0.0000  0.0000  0.0000  0.0000  0.0000  0.0000  0.0000  0.0000  0.0000  0.0000
      *d1-     0.0000  0.0000  0.0000  0.0000  0.0000  0.0000  0.0000  0.0000  0.0000  0.0000  0.0000  0.0000
      *d2-     0.0000  0.0000  0.0000  0.0000  0.0000  0.0000  0.0000  0.0000  0.0000  0.0000  0.0000  0.0000
      *f3+     0.0000  0.0000  0.0000  0.0000  0.0000  0.0000  0.0000  0.0000  0.0000  0.0000  0.0000  0.0000
      *f2+     0.0000  0.0000  0.0000  0.0000  0.0000  0.0000  0.0000  0.0000  0.0000  0.0000  0.0000  0.0000
      *f1+     0.0000  0.0000  0.0000  0.0000  0.0000  0.0000  0.0000  0.0000  0.0000  0.0000  0.0000  0.0000
      *f0      0.0000  0.0000  0.0000  0.0000  0.0000  0.0000  0.0000  0.0000  0.0000  0.0000  0.0000  0.0000
      *f1-     0.0000  0.0000  0.0000  0.0000  0.0000  0.0000  0.0000  0.0000  0.0000  0.0000  0.0000  0.0000
      *f2-     0.0000  0.0000  0.0000  0.0000  0.0000  0.0000  0.0000  0.0000  0.0000  0.0000  0.0000  0.0000
      *f3-     0.0000  0.0000  0.0000  0.0000  0.0000  0.0000  0.0000  0.0000  0.0000  0.0000  0.0000  0.0000
      Total    0.8552  0.8552  0.8683  0.8651  0.8652  0.8683  0.8561  0.8560  0.8683  0.8652  0.8651  0.8683

      N-E      0.1448  0.1448  0.1317  0.1349  0.1348  0.1317  0.1439  0.1440  0.1317  0.1348  0.1349  0.1317

                NI37    NI38  
      1s       1.9997  1.9997
      2s       2.0006  2.0006
      2px      1.9958  1.9958
      2pz      1.9958  1.9958
      2py      1.9957  1.9958
      3s       1.1552  1.1547
      3px      1.5692  1.5695
      3pz      1.5728  1.5723
      3py      1.5679  1.5678
      4s       0.8201  0.8210
      3d2+     0.9391  0.9449
      3d1+     0.7326  0.6193
      3d0      0.9877  0.9801
      3d1-     0.8009  0.9076
      3d2-     0.9570  0.9599
      *s       0.7165  0.6073
      *px      0.4868  0.4879
      *pz      0.5145  0.5083
      *py      0.4788  0.4790
      *d2+     0.9882  0.9893
      *d1+     0.7288  0.6208
      *d0      0.9924  0.9906
      *d1-     0.7957  0.8972
      *d2-     0.9929  0.9916
      *f3+     0.0000  0.0000
      *f2+     0.0000  0.0000
      *f1+     0.0000  0.0000
      *f0      0.0000  0.0001
      *f1-     0.0000  0.0000
      *f2-     0.0000  0.0000
      *f3-     0.0000  0.0000
      Total   27.7848 27.6569

      N-E      0.2152  0.3431

      Total electronic charge=  212.000000

      Total            charge=   -0.000000
--



      Expectation values of various properties for root number:  5
      -----------------------------------------------------------


++    Molecular properties:
      ---------------------

      Charge (e):
                      =   -0.0000
      Dipole Moment (Debye):
      Origin of the operator (Ang)=    0.0000    0.0000    0.0000
                   X= -6.3370E-01               Y= -4.3874E-01               Z=  2.6591E+00           Total=  2.7685E+00
      Quadrupole Moment (Debye*Ang):
      Origin of the operator (Ang)=    0.0000   -0.0000    0.5165
                  XX= -1.4480E+02              XY=  2.8312E+00              XZ= -2.4012E+00              YY= -1.4796E+02
                  YZ= -1.3962E+00              ZZ= -1.8007E+02
      In traceless form (Debye*Ang)
                  XX=  1.9210E+01              XY=  4.2468E+00              XZ= -3.6018E+00              YY=  1.4473E+01
                  YZ= -2.0943E+00              ZZ= -3.3683E+01
--


      Mulliken spin population analysis for root number:  5
      ---------------------------------------------------


++    Molecular charges:
      ------------------

      Mulliken spin population per centre and basis function type
      ---------------------------------------------------

                C1      C2      C3      C4      C5      C6      C7      C8      C9      C10     C11     C12   
      1s       0.0000  0.0000  0.0000  0.0000  0.0000  0.0000  0.0000  0.0000  0.0000  0.0000  0.0000  0.0000
      2s      -0.0001 -0.0001 -0.0000 -0.0001 -0.0001 -0.0000 -0.0000 -0.0000 -0.0000 -0.0000 -0.0000 -0.0000
      2px      0.0001  0.0003  0.0001  0.0000  0.0004  0.0002  0.0004  0.0004  0.0000  0.0003  0.0004  0.0001
      2pz      0.0148  0.0132  0.0069  0.0156  0.0148  0.0080  0.0082  0.0080  0.0247  0.0078  0.0082  0.0256
      2py      0.0004  0.0001  0.0002  0.0005  0.0001  0.0002  0.0001  0.0001  0.0001  0.0002  0.0001  0.0001
      3s       0.0000  0.0000  0.0000  0.0000  0.0000  0.0000  0.0000  0.0000  0.0000  0.0000  0.0000  0.0000
      3px      0.0000  0.0000  0.0000  0.0000  0.0000  0.0000  0.0000  0.0000  0.0000  0.0000  0.0000  0.0000
      3pz      0.0000  0.0000  0.0000  0.0000  0.0000  0.0000  0.0000  0.0000  0.0000  0.0000  0.0000  0.0000
      3py      0.0000  0.0000  0.0000  0.0000  0.0000  0.0000  0.0000  0.0000  0.0000  0.0000  0.0000  0.0000
      4s       0.0000  0.0000  0.0000  0.0000  0.0000  0.0000  0.0000  0.0000  0.0000  0.0000  0.0000  0.0000
      3d2+     0.0000  0.0000  0.0000  0.0000  0.0000  0.0000  0.0000  0.0000  0.0000  0.0000  0.0000  0.0000
      3d1+     0.0000  0.0000  0.0000  0.0000  0.0000  0.0000  0.0000  0.0000  0.0000  0.0000  0.0000  0.0000
      3d0      0.0000  0.0000  0.0000  0.0000  0.0000  0.0000  0.0000  0.0000  0.0000  0.0000  0.0000  0.0000
      3d1-     0.0000  0.0000  0.0000  0.0000  0.0000  0.0000  0.0000  0.0000  0.0000  0.0000  0.0000  0.0000
      3d2-     0.0000  0.0000  0.0000  0.0000  0.0000  0.0000  0.0000  0.0000  0.0000  0.0000  0.0000  0.0000
      *s      -0.0089 -0.0089 -0.0099 -0.0079 -0.0085 -0.0101  0.0047  0.0050  0.0000  0.0055  0.0056  0.0000
      *px     -0.0033 -0.0005  0.0039 -0.0041 -0.0001  0.0031  0.0027 -0.0001 -0.0021  0.0034  0.0001 -0.0020
      *pz      0.0212  0.0173  0.0101  0.0223  0.0207  0.0121  0.0047  0.0042  0.0403  0.0064  0.0071  0.0417
      *py     -0.0005 -0.0031  0.0015  0.0004 -0.0037  0.0019 -0.0025  0.0001  0.0003 -0.0026  0.0007  0.0003
      *d2+     0.0000  0.0001  0.0000 -0.0001  0.0003  0.0000  0.0001 -0.0001 -0.0000  0.0001 -0.0001 -0.0000
      *d1+     0.0010  0.0014  0.0031  0.0009  0.0019  0.0035  0.0019  0.0049  0.0007  0.0021  0.0059  0.0010
      *d0      0.0008  0.0008  0.0001  0.0006  0.0006  0.0001  0.0005  0.0004  0.0000  0.0005  0.0005  0.0000
      *d1-     0.0015  0.0008  0.0030  0.0015  0.0008  0.0026  0.0051  0.0017  0.0011  0.0052  0.0015  0.0010
      *d2-     0.0003  0.0000  0.0000  0.0003  0.0000  0.0000 -0.0001  0.0001 -0.0000 -0.0001  0.0001 -0.0000
      *f3+     0.0000  0.0000  0.0000  0.0000  0.0000  0.0000  0.0000  0.0000  0.0000  0.0000  0.0000  0.0000
      *f2+     0.0000  0.0001  0.0001  0.0000  0.0001  0.0001  0.0000  0.0001  0.0000  0.0000  0.0001  0.0000
      *f1+     0.0000  0.0000  0.0000  0.0000  0.0000  0.0000  0.0000  0.0000  0.0000  0.0000  0.0000  0.0000
      *f0      0.0000  0.0000  0.0000  0.0000  0.0000 -0.0000  0.0000  0.0000 -0.0000  0.0000  0.0000 -0.0000
      *f1-     0.0000  0.0000  0.0000  0.0000  0.0000  0.0000  0.0000  0.0000 -0.0000  0.0000  0.0000 -0.0000
      *f2-     0.0000  0.0000  0.0001  0.0000  0.0000  0.0001  0.0001  0.0001  0.0000  0.0001  0.0001  0.0000
      *f3-     0.0000  0.0000  0.0000  0.0000  0.0000  0.0000  0.0000  0.0000  0.0000  0.0000  0.0000  0.0000
      Total    0.0274  0.0217  0.0193  0.0302  0.0275  0.0219  0.0260  0.0250  0.0653  0.0289  0.0302  0.0678

                C13     C14     C15     C16     C17     C18     C19     C20     C21     C22     C23     C24   
      1s       0.0000  0.0001  0.0000  0.0000  0.0000  0.0000  0.0000  0.0000  0.0000  0.0000  0.0000  0.0000
      2s      -0.0001 -0.0001 -0.0000 -0.0000 -0.0000 -0.0000 -0.0001 -0.0001 -0.0000 -0.0000 -0.0000 -0.0000
      2px      0.0011  0.0008  0.0001  0.0000  0.0000  0.0000  0.0011  0.0010  0.0001  0.0000  0.0000  0.0000
      2pz      0.0237  0.0224  0.0200  0.0015  0.0012  0.0196  0.0260  0.0260  0.0199  0.0014  0.0019  0.0212
      2py      0.0007  0.0010  0.0000  0.0000  0.0000  0.0001  0.0005  0.0007  0.0000  0.0000  0.0000  0.0002
      3s       0.0000  0.0000  0.0000  0.0000  0.0000  0.0000  0.0000  0.0000  0.0000  0.0000  0.0000  0.0000
      3px      0.0000  0.0000  0.0000  0.0000  0.0000  0.0000  0.0000  0.0000  0.0000  0.0000  0.0000  0.0000
      3pz      0.0000  0.0000  0.0000  0.0000  0.0000  0.0000  0.0000  0.0000  0.0000  0.0000  0.0000  0.0000
      3py      0.0000  0.0000  0.0000  0.0000  0.0000  0.0000  0.0000  0.0000  0.0000  0.0000  0.0000  0.0000
      4s       0.0000  0.0000  0.0000  0.0000  0.0000  0.0000  0.0000  0.0000  0.0000  0.0000  0.0000  0.0000
      3d2+     0.0000  0.0000  0.0000  0.0000  0.0000  0.0000  0.0000  0.0000  0.0000  0.0000  0.0000  0.0000
      3d1+     0.0000  0.0000  0.0000  0.0000  0.0000  0.0000  0.0000  0.0000  0.0000  0.0000  0.0000  0.0000
      3d0      0.0000  0.0000  0.0000  0.0000  0.0000  0.0000  0.0000  0.0000  0.0000  0.0000  0.0000  0.0000
      3d1-     0.0000  0.0000  0.0000  0.0000  0.0000  0.0000  0.0000  0.0000  0.0000  0.0000  0.0000  0.0000
      3d2-     0.0000  0.0000  0.0000  0.0000  0.0000  0.0000  0.0000  0.0000  0.0000  0.0000  0.0000  0.0000
      *s      -0.0118 -0.0101 -0.0041  0.0020  0.0016 -0.0032 -0.0089 -0.0095 -0.0033  0.0017  0.0019 -0.0040
      *px      0.0015  0.0018  0.0000 -0.0000 -0.0001 -0.0006  0.0022  0.0023  0.0000  0.0000  0.0000 -0.0006
      *pz      0.0480  0.0456  0.0401  0.0046  0.0035  0.0387  0.0548  0.0544  0.0394  0.0040  0.0055  0.0426
      *py      0.0008  0.0009 -0.0012  0.0004  0.0004 -0.0002  0.0007  0.0006 -0.0009  0.0003  0.0004 -0.0003
      *d2+     0.0003  0.0000  0.0000  0.0001  0.0000 -0.0000  0.0004 -0.0000 -0.0000  0.0001  0.0000 -0.0000
      *d1+    -0.0001  0.0015  0.0008  0.0049  0.0042  0.0004  0.0000  0.0017  0.0008  0.0051  0.0044  0.0004
      *d0      0.0012  0.0012  0.0001  0.0000  0.0000  0.0001  0.0010  0.0010  0.0001  0.0000  0.0000  0.0001
      *d1-     0.0021  0.0008  0.0007  0.0012  0.0019  0.0011  0.0025  0.0008  0.0007  0.0012  0.0020  0.0011
      *d2-    -0.0000  0.0006 -0.0000  0.0000  0.0000 -0.0000 -0.0000  0.0003 -0.0000  0.0000  0.0000 -0.0000
      *f3+     0.0000  0.0000  0.0000  0.0000  0.0000  0.0000  0.0000  0.0000  0.0000  0.0000  0.0000  0.0000
      *f2+     0.0000  0.0000  0.0000  0.0001  0.0001  0.0000  0.0000  0.0000  0.0000  0.0001  0.0001  0.0000
      *f1+     0.0000  0.0000  0.0000  0.0000  0.0000  0.0000  0.0001  0.0000  0.0000  0.0000  0.0000  0.0000
      *f0      0.0000  0.0000 -0.0000 -0.0000 -0.0000 -0.0000  0.0000  0.0000 -0.0000 -0.0000 -0.0000 -0.0000
      *f1-     0.0000  0.0001  0.0000  0.0000  0.0000  0.0000  0.0000  0.0001  0.0000  0.0000  0.0000  0.0000
      *f2-     0.0001  0.0001  0.0000  0.0000  0.0000  0.0000  0.0001  0.0001  0.0000  0.0001  0.0000  0.0000
      *f3-     0.0000  0.0000  0.0000  0.0000  0.0000  0.0000  0.0000  0.0000  0.0000  0.0000  0.0000  0.0000
      Total    0.0676  0.0667  0.0566  0.0148  0.0130  0.0559  0.0805  0.0796  0.0569  0.0139  0.0164  0.0607

                H25     H26     H27     H28     H29     H30     H31     H32     H33     H34     H35     H36   
      1s       0.0001  0.0002  0.0000  0.0000  0.0000  0.0000  0.0001  0.0001  0.0000  0.0000  0.0000  0.0000
      2s       0.0000  0.0000  0.0000  0.0000  0.0000  0.0000  0.0000  0.0000  0.0000  0.0000  0.0000  0.0000
      2px      0.0000  0.0000  0.0000  0.0000  0.0000  0.0000  0.0000  0.0000  0.0000  0.0000  0.0000  0.0000
      2pz      0.0000  0.0000  0.0000  0.0000  0.0000  0.0000  0.0000  0.0000  0.0000  0.0000  0.0000  0.0000
      2py      0.0000  0.0000  0.0000  0.0000  0.0000  0.0000  0.0000  0.0000  0.0000  0.0000  0.0000  0.0000
      3s       0.0000  0.0000  0.0000  0.0000  0.0000  0.0000  0.0000  0.0000  0.0000  0.0000  0.0000  0.0000
      3px      0.0000  0.0000  0.0000  0.0000  0.0000  0.0000  0.0000  0.0000  0.0000  0.0000  0.0000  0.0000
      3pz      0.0000  0.0000  0.0000  0.0000  0.0000  0.0000  0.0000  0.0000  0.0000  0.0000  0.0000  0.0000
      3py      0.0000  0.0000  0.0000  0.0000  0.0000  0.0000  0.0000  0.0000  0.0000  0.0000  0.0000  0.0000
      4s       0.0000  0.0000  0.0000  0.0000  0.0000  0.0000  0.0000  0.0000  0.0000  0.0000  0.0000  0.0000
      3d2+     0.0000  0.0000  0.0000  0.0000  0.0000  0.0000  0.0000  0.0000  0.0000  0.0000  0.0000  0.0000
      3d1+     0.0000  0.0000  0.0000  0.0000  0.0000  0.0000  0.0000  0.0000  0.0000  0.0000  0.0000  0.0000
      3d0      0.0000  0.0000  0.0000  0.0000  0.0000  0.0000  0.0000  0.0000  0.0000  0.0000  0.0000  0.0000
      3d1-     0.0000  0.0000  0.0000  0.0000  0.0000  0.0000  0.0000  0.0000  0.0000  0.0000  0.0000  0.0000
      3d2-     0.0000  0.0000  0.0000  0.0000  0.0000  0.0000  0.0000  0.0000  0.0000  0.0000  0.0000  0.0000
      *s      -0.0008 -0.0008  0.0001  0.0001  0.0001  0.0001 -0.0006 -0.0006  0.0001  0.0001  0.0000  0.0001
      *px      0.0001  0.0000  0.0000  0.0000  0.0000  0.0000  0.0001  0.0000  0.0000  0.0000 -0.0000  0.0000
      *pz      0.0007  0.0006  0.0005  0.0000  0.0000  0.0005  0.0007  0.0007  0.0005  0.0000  0.0000  0.0005
      *py      0.0000  0.0000  0.0000  0.0000  0.0000  0.0000  0.0000  0.0000  0.0000  0.0000  0.0000  0.0000
      *d2+     0.0000  0.0000  0.0000  0.0000  0.0000  0.0000  0.0000  0.0000  0.0000  0.0000  0.0000  0.0000
      *d1+     0.0000  0.0000  0.0000  0.0000  0.0000  0.0000  0.0000  0.0000  0.0000  0.0000  0.0000  0.0000
      *d0      0.0000  0.0000  0.0000  0.0000  0.0000  0.0000  0.0000  0.0000  0.0000  0.0000  0.0000  0.0000
      *d1-     0.0000  0.0000  0.0000  0.0000  0.0000  0.0000  0.0000  0.0000  0.0000  0.0000  0.0000  0.0000
      *d2-     0.0000  0.0000  0.0000  0.0000  0.0000  0.0000  0.0000  0.0000  0.0000  0.0000  0.0000  0.0000
      *f3+     0.0000  0.0000  0.0000  0.0000  0.0000  0.0000  0.0000  0.0000  0.0000  0.0000  0.0000  0.0000
      *f2+     0.0000  0.0000  0.0000  0.0000  0.0000  0.0000  0.0000  0.0000  0.0000  0.0000  0.0000  0.0000
      *f1+     0.0000  0.0000  0.0000  0.0000  0.0000  0.0000  0.0000  0.0000  0.0000  0.0000  0.0000  0.0000
      *f0      0.0000  0.0000  0.0000  0.0000  0.0000  0.0000  0.0000  0.0000  0.0000  0.0000  0.0000  0.0000
      *f1-     0.0000  0.0000  0.0000  0.0000  0.0000  0.0000  0.0000  0.0000  0.0000  0.0000  0.0000  0.0000
      *f2-     0.0000  0.0000  0.0000  0.0000  0.0000  0.0000  0.0000  0.0000  0.0000  0.0000  0.0000  0.0000
      *f3-     0.0000  0.0000  0.0000  0.0000  0.0000  0.0000  0.0000  0.0000  0.0000  0.0000  0.0000  0.0000
      Total    0.0001  0.0001  0.0006  0.0001  0.0001  0.0006  0.0003  0.0003  0.0006  0.0001  0.0001  0.0006

                NI37    NI38  
      1s       0.0000  0.0000
      2s       0.0001  0.0001
      2px      0.0000  0.0000
      2pz      0.0000  0.0000
      2py      0.0000  0.0000
      3s       0.0042  0.0034
      3px      0.0002  0.0002
      3pz      0.0017  0.0013
      3py      0.0004  0.0004
      4s      -0.0067 -0.0055
      3d2+     0.0064  0.0062
      3d1+     0.2770  0.3920
      3d0      0.0009  0.0048
      3d1-     0.2071  0.0990
      3d2-     0.0018  0.0021
      *s       0.5926  0.4796
      *px      0.0010  0.0011
      *pz      0.0289  0.0232
      *py     -0.0011 -0.0010
      *d2+     0.0007 -0.0013
      *d1+     0.2540  0.3621
      *d0      0.0019  0.0056
      *d1-     0.1898  0.0894
      *d2-    -0.0004 -0.0006
      *f3+     0.0000  0.0000
      *f2+     0.0000  0.0000
      *f1+    -0.0000  0.0000
      *f0      0.0000  0.0000
      *f1-     0.0000  0.0000
      *f2-     0.0000  0.0000
      *f3-     0.0000  0.0000
      Total    1.5605  1.4621

      Total electronic spin=    4.000000
--



      Input file to MOLDEN was generated!


      Input file to MOLDEN was generated!


      Input file to MOLDEN was generated!


      Input file to MOLDEN was generated!


      Input file to MOLDEN was generated!


      Input file to MOLDEN was generated!

      Canonical orbitals are written to the RASORB file
      Natural orbitals for root   1 are written to the RASORB.1 file
      Natural orbitals for root   2 are written to the RASORB.2 file
      Natural orbitals for root   3 are written to the RASORB.3 file
      Natural orbitals for root   4 are written to the RASORB.4 file
      Natural orbitals for root   5 are written to the RASORB.5 file
      Spin density orbitals for root   1 are written to the SPDORB.1 file
      Spin density orbitals for root   2 are written to the SPDORB.2 file
      Spin density orbitals for root   3 are written to the SPDORB.3 file
      Spin density orbitals for root   4 are written to the SPDORB.4 file
      Spin density orbitals for root   5 are written to the SPDORB.5 file

Note: The following floating-point exceptions are signalling: IEEE_UNDERFLOW_FLAG IEEE_DENORMAL
--- Stop Module: rasscf at Wed Jul  1 19:13:11 2026 /rc=_RC_ALL_IS_WELL_ ---
*** files: caspt2_Q_ipea50.rasscf.molden caspt2_Q_ipea50.rasscf.molden.1 caspt2_Q_ipea50.rasscf.molden.2 caspt2_Q_ipea50.rasscf.molden.3 caspt2_Q_ipea50.rasscf.molden.4
           caspt2_Q_ipea50.rasscf.molden.5 caspt2_Q_ipea50.RasOrb caspt2_Q_ipea50.RasOrb.1 caspt2_Q_ipea50.RasOrb.2 caspt2_Q_ipea50.RasOrb.3 caspt2_Q_ipea50.RasOrb.4
           caspt2_Q_ipea50.RasOrb.5 caspt2_Q_ipea50.rasscf.h5 caspt2_Q_ipea50.SpdOrb.1 caspt2_Q_ipea50.SpdOrb.2 caspt2_Q_ipea50.SpdOrb.3 caspt2_Q_ipea50.SpdOrb.4
           caspt2_Q_ipea50.SpdOrb.5 xmldump
    saved to directory <scratch-path-omitted>
--- Module rasscf spent 35 minutes 0 seconds ---

*** symbolic link created: INPORB -> caspt2_Q_ipea50.RasOrb
--- Start Module: caspt2 at Wed Jul  1 19:13:11 2026 ---

()()()()()()()()()()()()()()()()()()()()()()()()()()()()()()()()()()()()()()()()()()()()()()()()()()

                                              &CASPT2

                       only a single process is used, running in SERIAL mode
                       available to each process: 12 GB of memory, 1 thread?
                                            pid: 661776
()()()()()()()()()()()()()()()()()()()()()()()()()()()()()()()()()()()()()()()()()()()()()()()()()()


++    Wave function specifications:
      -----------------------------

      Number of closed shell electrons         128
      Number of electrons in active shells      12
      Max number of holes in RAS1 space          0
      Max number of electrons in RAS3 space      0
      Number of inactive orbitals               64
      Number of active orbitals                 12
      Number of secondary orbitals             794
      Spin quantum number                      2.0
      State symmetry                             1
      Number of CSFs                        196625
      Number of CASSCF root(s) available         5
      CASPT2 state passed to geometry opt.       5
      A file JOBMIX will be created
      This is a MULTI-STATE CASSCF reference
      Number of CI roots used                    5
      These are:                                 1   2   3   4   5
      Off-diagonal elements of Heff are computed
--

++    Orbital specifications:
      -----------------------

      Symmetry species                           1
                                                 a
      Frozen orbitals                           36
      Inactive orbitals                         64
      Active orbitals                           12
      Secondary orbitals                       794
      Deleted orbitals                           0
      Number of basis functions                906
--

++    CASPT2 specifications:
      ----------------------

      Type of calculation                        MS-CASPT2
      Fock operator                              state-specific
      IPEA shift                                 0.50
      Real shift                                 0.00
      Imaginary shift                            0.20
      The input orbitals will be transformed to quasi-canonical
--

--------------------------------------------------------------------------------
 Estimated memory requirements:
  POLY3 :                 47249703
  RHS:                  1316236000
  SIGMA :               1313208400
  PRPCTL:                        0
 Available workspace:   1348288997

++ CASPT2 computation for group   1

********************************************************************************
 Multi-State initialization phase begins for group   1
--------------------------------------------------------------------------------
********************************************************************************
 Compute H0 matrices for state    1
--------------------------------------------------------------------------------
--------------------------------------------------------------------------------
 H0 matrices have been computed.

********************************************************************************
  CASPT2 EQUATION SOLUTION
--------------------------------------------------------------------------------

  Total nr of CASPT2 parameters:
   Before reduction:  1876168956
   After  reduction:  1876168956

 Variance of |WF0>:      23.3883391039

 The contributions to the second order correlation energy in atomic units.
-----------------------------------------------------------------------------------------------------------------------------
  IT.      VJTU        VJTI        ATVX        AIVX        VJAI        BVAT        BJAT        BJAI        TOTAL       RNORM  
-----------------------------------------------------------------------------------------------------------------------------
   1    -0.039864   -0.026038   -0.014544   -0.144309   -0.373064   -0.085320   -0.762427   -3.504467   -4.950033    0.012470
   2    -0.041169   -0.026124   -0.014677   -0.145010   -0.373399   -0.085583   -0.763631   -3.505112   -4.954706    0.002173
   3    -0.041228   -0.026128   -0.014690   -0.145007   -0.373404   -0.085610   -0.763707   -3.505134   -4.954908    0.000254
   4    -0.041237   -0.026127   -0.014686   -0.144988   -0.373395   -0.085604   -0.763668   -3.505113   -4.954817    0.000034
   5    -0.041237   -0.026127   -0.014686   -0.144988   -0.373394   -0.085604   -0.763667   -3.505112   -4.954815    0.000005
-----------------------------------------------------------------------------------------------------------------------------

  FINAL CASPT2 RESULT:

      Reference energy:       -3929.6856830532
      E2 (Non-variational):      -4.9548163028
      Shift correction:          -0.0325485400
      E2 (Variational):          -4.9873648428
      Total energy:           -3934.6730478960
      Residual norm:              0.0000006625
      Reference weight:           0.38280

      Contributions to the CASPT2 correlation energy
      Active & Virtual Only:         -0.1002896613
      One Inactive Excited:          -0.9498929058
      Two Inactive Excited:          -3.9046337356


++ Denominators, etc.
--------------------------------------------------------------------------------------------------------------
 Report on small energy denominators, large coefficients, and large energy contributions.
CASE  SYMM ACTIVE-MIX  NON-ACTIVE INDICES          DENOMINATOR     RHS VALUE       COEFFICIENT     CONTRIBUTION
VJTU     1  Mu1.0001  In1.089                       0.44491573     -0.01474148      0.02853626     -0.00042067
VJTU     1  Mu1.0001  In1.092                       0.40316423      0.01317175     -0.02553894     -0.00033639
VJTU     1  Mu1.0002  In1.092                       0.41610451      0.04013569     -0.07481663     -0.00300282
VJTU     1  Mu1.0004  In1.092                       0.43536544      0.01521836     -0.02971259     -0.00045218
VJTU     1  Mu1.0001  In1.094                       0.39724777     -0.01530549      0.03178290     -0.00048645
VJTU     1  Mu1.0002  In1.096                       0.39601519      0.04394977     -0.08528044     -0.00374806
VJTU     1  Mu1.0004  In1.096                       0.41527613      0.02163268     -0.03811403     -0.00082451
VJTU     1  Mu1.0001  In1.097                       0.38531304     -0.02335649      0.04787208     -0.00111812
VJTU     1  Mu1.0002  In1.097                       0.39825331     -0.02866439      0.05318887     -0.00152463
VJTU     1  Mu1.0004  In1.097                       0.41751425     -0.01512515      0.02563911     -0.00038780
VJTU     1  Mu1.0002  In1.099                       0.37085794     -0.05121259      0.10403424     -0.00532786
VJTU     1  Mu1.0004  In1.099                       0.39011887     -0.01911634      0.03963895     -0.00075775
VJTU     1  Mu1.0111  In1.100                       0.76266745      0.02629323     -0.03449454     -0.00090697
ATVX     1  Mu1.0001  Se1.113                       0.11223123      0.00010866     -0.00022877     -0.00000002
ATVX     1  Mu1.0002  Se1.113                       0.13512897      0.00100457     -0.00276232     -0.00000277
ATVX     1  Mu1.0003  Se1.113                       0.14375815     -0.00103741      0.00241166     -0.00000250
ATVX     1  Mu1.0004  Se1.113                       0.14405800      0.00046796     -0.00110783     -0.00000052
ATVX     1  Mu1.0005  Se1.113                       0.23315069     -0.00064105      0.00162126     -0.00000104
ATVX     1  Mu1.0006  Se1.113                       0.24274772     -0.00025857      0.00065168     -0.00000017
ATVX     1  Mu1.0007  Se1.113                       0.25205747      0.00059325     -0.00150133     -0.00000089
ATVX     1  Mu1.0008  Se1.113                       0.25569394     -0.00198477      0.00475538     -0.00000944
ATVX     1  Mu1.0009  Se1.113                       0.26123333      0.00009958     -0.00018321     -0.00000002
ATVX     1  Mu1.0010  Se1.113                       0.27288369     -0.00091847      0.00204620     -0.00000188
ATVX     1  Mu1.0011  Se1.113                       0.28222743      0.00171612     -0.00412076     -0.00000707
ATVX     1  Mu1.0012  Se1.113                       0.28881657      0.00115565     -0.00269932     -0.00000312
ATVX     1  Mu1.0013  Se1.113                       0.29454623     -0.00015723      0.00046782     -0.00000007
ATVX     1  Mu1.0014  Se1.113                       0.29575525      0.00014197     -0.00046220     -0.00000007
ATVX     1  Mu1.0015  Se1.113                       0.29892704     -0.00005680      0.00009747     -0.00000001
ATVX     1  Mu1.0001  Se1.114                       0.14549740     -0.00036009      0.00088563     -0.00000032
ATVX     1  Mu1.0002  Se1.114                       0.16839514      0.00047844     -0.00139188     -0.00000067
ATVX     1  Mu1.0003  Se1.114                       0.17702433     -0.00034572      0.00105443     -0.00000036
ATVX     1  Mu1.0004  Se1.114                       0.17732418     -0.00050349      0.00150349     -0.00000076
ATVX     1  Mu1.0005  Se1.114                       0.26641687      0.00160237     -0.00391005     -0.00000627
ATVX     1  Mu1.0006  Se1.114                       0.27601390      0.00023062     -0.00051854     -0.00000012
ATVX     1  Mu1.0007  Se1.114                       0.28532364     -0.00003226      0.00007390     -0.00000000
ATVX     1  Mu1.0008  Se1.114                       0.28896012     -0.00071381      0.00169723     -0.00000121
ATVX     1  Mu1.0009  Se1.114                       0.29449951      0.00017398     -0.00042894     -0.00000007
ATVX     1  Mu1.0001  Se1.115                       0.14936413      0.00003053      0.00005787      0.00000000
ATVX     1  Mu1.0002  Se1.115                       0.17226187      0.00042862     -0.00138059     -0.00000059
ATVX     1  Mu1.0003  Se1.115                       0.18089105     -0.00051709      0.00080879     -0.00000042
ATVX     1  Mu1.0004  Se1.115                       0.18119090     -0.00001761      0.00008992     -0.00000000
ATVX     1  Mu1.0005  Se1.115                       0.27028359     -0.00016585      0.00038604     -0.00000006
ATVX     1  Mu1.0006  Se1.115                       0.27988062      0.00005698     -0.00009877     -0.00000001
ATVX     1  Mu1.0007  Se1.115                       0.28919037      0.00013663     -0.00029814     -0.00000004
ATVX     1  Mu1.0008  Se1.115                       0.29282685     -0.00036504      0.00085643     -0.00000031
ATVX     1  Mu1.0009  Se1.115                       0.29836624      0.00009450     -0.00019242     -0.00000002
ATVX     1  Mu1.0001  Se1.116                       0.15457348      0.00044905     -0.00035676     -0.00000016
ATVX     1  Mu1.0002  Se1.116                       0.17747122      0.00014923     -0.00044806     -0.00000007
ATVX     1  Mu1.0003  Se1.116                       0.18610040     -0.00040721      0.00094330     -0.00000038
ATVX     1  Mu1.0004  Se1.116                       0.18640025     -0.00083274      0.00199813     -0.00000166
ATVX     1  Mu1.0005  Se1.116                       0.27549294     -0.00021118      0.00046720     -0.00000010
ATVX     1  Mu1.0006  Se1.116                       0.28508997      0.00009170     -0.00019735     -0.00000002
ATVX     1  Mu1.0007  Se1.116                       0.29439972     -0.00010183      0.00021471     -0.00000002
ATVX     1  Mu1.0008  Se1.116                       0.29803620      0.00005383     -0.00013640     -0.00000001
ATVX     1  Mu1.0001  Se1.117                       0.15813721      0.00001766     -0.00004410     -0.00000000
ATVX     1  Mu1.0002  Se1.117                       0.18103496     -0.00005034      0.00012376     -0.00000001
ATVX     1  Mu1.0003  Se1.117                       0.18966414      0.00000816      0.00000101      0.00000000
ATVX     1  Mu1.0004  Se1.117                       0.18996399      0.00000436     -0.00001571     -0.00000000
ATVX     1  Mu1.0005  Se1.117                       0.27905668     -0.00004276      0.00009141     -0.00000000
ATVX     1  Mu1.0006  Se1.117                       0.28865371      0.00005931     -0.00015049     -0.00000001
ATVX     1  Mu1.0007  Se1.117                       0.29796345     -0.00006609      0.00015380     -0.00000001
ATVX     1  Mu1.0001  Se1.118                       0.16745553     -0.00003647      0.00008744     -0.00000000
ATVX     1  Mu1.0002  Se1.118                       0.19035327      0.00006916     -0.00019370     -0.00000001
ATVX     1  Mu1.0003  Se1.118                       0.19898246     -0.00003952      0.00015092     -0.00000001
ATVX     1  Mu1.0004  Se1.118                       0.19928231     -0.00007327      0.00019021     -0.00000001
ATVX     1  Mu1.0005  Se1.118                       0.28837500      0.00052278     -0.00123680     -0.00000065
ATVX     1  Mu1.0006  Se1.118                       0.29797202      0.00006959     -0.00015434     -0.00000001
ATVX     1  Mu1.0001  Se1.119                       0.16723010     -0.00001207      0.00002000     -0.00000000
ATVX     1  Mu1.0002  Se1.119                       0.19012784      0.00006434     -0.00006615     -0.00000000
ATVX     1  Mu1.0003  Se1.119                       0.19875702     -0.00012014     -0.00016541      0.00000002
ATVX     1  Mu1.0004  Se1.119                       0.19905687     -0.00009715      0.00028813     -0.00000003
ATVX     1  Mu1.0005  Se1.119                       0.28814956     -0.00000517      0.00001952     -0.00000000
ATVX     1  Mu1.0006  Se1.119                       0.29774659      0.00001183     -0.00000485     -0.00000000
ATVX     1  Mu1.0001  Se1.120                       0.17369475      0.00001522     -0.00004068     -0.00000000
ATVX     1  Mu1.0002  Se1.120                       0.19659249     -0.00003538      0.00005183     -0.00000000
ATVX     1  Mu1.0003  Se1.120                       0.20522168     -0.00001623      0.00007093     -0.00000000
ATVX     1  Mu1.0004  Se1.120                       0.20552152      0.00001244     -0.00002434     -0.00000000
ATVX     1  Mu1.0005  Se1.120                       0.29461421     -0.00005981      0.00011794     -0.00000001
ATVX     1  Mu1.0001  Se1.121                       0.18380632      0.00012500     -0.00031620     -0.00000004
ATVX     1  Mu1.0002  Se1.121                       0.20670407     -0.00021685      0.00041102     -0.00000009
ATVX     1  Mu1.0003  Se1.121                       0.21533325      0.00018115     -0.00038930     -0.00000007
ATVX     1  Mu1.0004  Se1.121                       0.21563310      0.00024232     -0.00060975     -0.00000015
ATVX     1  Mu1.0001  Se1.122                       0.20107051     -0.00012016      0.00008537     -0.00000001
ATVX     1  Mu1.0002  Se1.122                       0.22396825      0.00031211     -0.00004860     -0.00000002
ATVX     1  Mu1.0003  Se1.122                       0.23259743      0.00006178     -0.00104387     -0.00000006
ATVX     1  Mu1.0004  Se1.122                       0.23289728     -0.00021476      0.00064480     -0.00000014
ATVX     1  Mu1.0001  Se1.123                       0.19195900      0.00042171     -0.00087818     -0.00000037
ATVX     1  Mu1.0002  Se1.123                       0.21485675      0.00009814     -0.00008316     -0.00000001
ATVX     1  Mu1.0003  Se1.123                       0.22348593     -0.00020961      0.00028941     -0.00000006
ATVX     1  Mu1.0004  Se1.123                       0.22378578     -0.00022983      0.00018111     -0.00000004
ATVX     1  Mu1.0001  Se1.124                       0.19358428      0.00014929     -0.00033798     -0.00000005
ATVX     1  Mu1.0002  Se1.124                       0.21648202     -0.00026814      0.00052532     -0.00000014
ATVX     1  Mu1.0003  Se1.124                       0.22511121     -0.00034862      0.00091085     -0.00000032
ATVX     1  Mu1.0004  Se1.124                       0.22541105     -0.00004469      0.00019937     -0.00000001
ATVX     1  Mu1.0001  Se1.125                       0.20300896     -0.00002576      0.00003114     -0.00000000
ATVX     1  Mu1.0002  Se1.125                       0.22590670      0.00002690     -0.00003835     -0.00000000
ATVX     1  Mu1.0003  Se1.125                       0.23453589      0.00000271     -0.00004770     -0.00000000
ATVX     1  Mu1.0004  Se1.125                       0.23483574     -0.00001108     -0.00001922      0.00000000
ATVX     1  Mu1.0001  Se1.126                       0.20847306     -0.00023482      0.00030578     -0.00000007
ATVX     1  Mu1.0002  Se1.126                       0.23137080      0.00108878     -0.00198467     -0.00000216
ATVX     1  Mu1.0003  Se1.126                       0.23999998      0.00020003     -0.00122505     -0.00000025
ATVX     1  Mu1.0004  Se1.126                       0.24029983     -0.00009564      0.00033617     -0.00000003
ATVX     1  Mu1.0001  Se1.127                       0.23023749      0.00020442     -0.00036164     -0.00000007
ATVX     1  Mu1.0002  Se1.127                       0.25313523     -0.00007011     -0.00000306      0.00000000
ATVX     1  Mu1.0003  Se1.127                       0.26176442     -0.00013994      0.00054002     -0.00000008
ATVX     1  Mu1.0004  Se1.127                       0.26206427     -0.00007869      0.00042019     -0.00000003
ATVX     1  Mu1.0001  Se1.128                       0.22057893     -0.00071371      0.00159076     -0.00000114
ATVX     1  Mu1.0002  Se1.128                       0.24347667     -0.00001255     -0.00036202      0.00000000
ATVX     1  Mu1.0003  Se1.128                       0.25210586      0.00022103     -0.00010761     -0.00000002
ATVX     1  Mu1.0004  Se1.128                       0.25240571     -0.00002678      0.00078657     -0.00000002
ATVX     1  Mu1.0001  Se1.129                       0.22203633     -0.00005353      0.00016764     -0.00000001
ATVX     1  Mu1.0002  Se1.129                       0.24493408      0.00026485     -0.00074442     -0.00000020
ATVX     1  Mu1.0003  Se1.129                       0.25356326     -0.00033636      0.00087912     -0.00000030
ATVX     1  Mu1.0004  Se1.129                       0.25386311     -0.00014213      0.00045307     -0.00000006
ATVX     1  Mu1.0001  Se1.130                       0.23327071     -0.00003891     -0.00011846      0.00000000
ATVX     1  Mu1.0002  Se1.130                       0.25616846     -0.00015879      0.00018906     -0.00000003
ATVX     1  Mu1.0003  Se1.130                       0.26479764      0.00017167     -0.00015653     -0.00000003
ATVX     1  Mu1.0004  Se1.130                       0.26509749      0.00021093     -0.00005224     -0.00000001
ATVX     1  Mu1.0001  Se1.131                       0.23473764      0.00002543     -0.00005309     -0.00000000
ATVX     1  Mu1.0002  Se1.131                       0.25763539     -0.00000413     -0.00001923      0.00000000
ATVX     1  Mu1.0003  Se1.131                       0.26626457     -0.00005305      0.00013770     -0.00000001
ATVX     1  Mu1.0004  Se1.131                       0.26656442      0.00001404     -0.00001444     -0.00000000
ATVX     1  Mu1.0001  Se1.132                       0.24220099     -0.00012618     -0.00001738      0.00000000
ATVX     1  Mu1.0002  Se1.132                       0.26509873      0.00098812     -0.00132749     -0.00000131
ATVX     1  Mu1.0003  Se1.132                       0.27372791      0.00064352     -0.00250965     -0.00000162
ATVX     1  Mu1.0004  Se1.132                       0.27402776     -0.00037286      0.00094779     -0.00000035
ATVX     1  Mu1.0001  Se1.133                       0.24294977      0.00042717     -0.00146667     -0.00000063
ATVX     1  Mu1.0002  Se1.133                       0.26584751     -0.00022863      0.00031986     -0.00000007
ATVX     1  Mu1.0003  Se1.133                       0.27447670      0.00010454      0.00004258      0.00000000
ATVX     1  Mu1.0004  Se1.133                       0.27477655      0.00033924     -0.00043959     -0.00000015
ATVX     1  Mu1.0001  Se1.134                       0.25329565      0.00014906     -0.00007199     -0.00000001
ATVX     1  Mu1.0002  Se1.134                       0.27619339     -0.00029012      0.00016549     -0.00000005
ATVX     1  Mu1.0003  Se1.134                       0.28482257     -0.00012466     -0.00129423      0.00000016
ATVX     1  Mu1.0004  Se1.134                       0.28512242     -0.00021665      0.00061453     -0.00000013
ATVX     1  Mu1.0001  Se1.135                       0.25975659     -0.00003081      0.00007722     -0.00000000
ATVX     1  Mu1.0002  Se1.135                       0.28265433      0.00001146     -0.00003196     -0.00000000
ATVX     1  Mu1.0003  Se1.135                       0.29128351      0.00001465     -0.00003238     -0.00000000
ATVX     1  Mu1.0004  Se1.135                       0.29158336     -0.00000583      0.00001831     -0.00000000
ATVX     1  Mu1.0001  Se1.136                       0.28357631      0.00095379     -0.00153985     -0.00000147
ATVX     1  Mu1.0001  Se1.137                       0.28078216     -0.00007645      0.00017596     -0.00000001
ATVX     1  Mu1.0001  Se1.138                       0.27594252     -0.00006091      0.00026080     -0.00000002
ATVX     1  Mu1.0002  Se1.138                       0.29884026      0.00080750     -0.00256811     -0.00000207
ATVX     1  Mu1.0001  Se1.139                       0.28720339     -0.00011433     -0.00021396      0.00000002
ATVX     1  Mu1.0001  Se1.140                       0.28629648     -0.00006211      0.00006819     -0.00000000
BJATM    1  Mu1.0006  In1.100 Se1.114 Se1.113       0.91858234      0.02330522     -0.02648824     -0.00061731
--

   (Skipping property calculation,
    use PROP keyword to activate)
--

++ CASPT2 computation for group   2

********************************************************************************
 Multi-State initialization phase begins for group   2
--------------------------------------------------------------------------------
********************************************************************************
 Compute H0 matrices for state    2
--------------------------------------------------------------------------------
--------------------------------------------------------------------------------
 H0 matrices have been computed.

********************************************************************************
  CASPT2 EQUATION SOLUTION
--------------------------------------------------------------------------------

  Total nr of CASPT2 parameters:
   Before reduction:  1876168956
   After  reduction:  1876168956

 Variance of |WF0>:      23.4839801155

 The contributions to the second order correlation energy in atomic units.
-----------------------------------------------------------------------------------------------------------------------------
  IT.      VJTU        VJTI        ATVX        AIVX        VJAI        BVAT        BJAT        BJAI        TOTAL       RNORM  
-----------------------------------------------------------------------------------------------------------------------------
   1    -0.036301   -0.021018   -0.022793   -0.146839   -0.338613   -0.088032   -0.813888   -3.502139   -4.969623    0.014885
   2    -0.038197   -0.021110   -0.023365   -0.147653   -0.338991   -0.088302   -0.815241   -3.503102   -4.975961    0.004353
   3    -0.038302   -0.021117   -0.023409   -0.147647   -0.339005   -0.088337   -0.815282   -3.503126   -4.976226    0.000613
   4    -0.038317   -0.021113   -0.023396   -0.147603   -0.338983   -0.088320   -0.815202   -3.503065   -4.975998    0.000110
   5    -0.038317   -0.021113   -0.023395   -0.147602   -0.338982   -0.088319   -0.815199   -3.503064   -4.975992    0.000016
   6    -0.038317   -0.021113   -0.023395   -0.147603   -0.338983   -0.088319   -0.815201   -3.503065   -4.975997    0.000003
-----------------------------------------------------------------------------------------------------------------------------

  FINAL CASPT2 RESULT:

      Reference energy:       -3929.6506391904
      E2 (Non-variational):      -4.9759972007
      Shift correction:          -0.0355725498
      E2 (Variational):          -5.0115697505
      Total energy:           -3934.6622089409
      Residual norm:              0.0000005104
      Reference weight:           0.37978

      Contributions to the CASPT2 correlation energy
      Active & Virtual Only:         -0.1117144748
      One Inactive Excited:          -1.0011214823
      Two Inactive Excited:          -3.8631612436


++ Denominators, etc.
--------------------------------------------------------------------------------------------------------------
 Report on small energy denominators, large coefficients, and large energy contributions.
CASE  SYMM ACTIVE-MIX  NON-ACTIVE INDICES          DENOMINATOR     RHS VALUE       COEFFICIENT     CONTRIBUTION
VJTU     1  Mu1.0002  In1.073                       0.53040310      0.01922797     -0.03258451     -0.00062653
VJTU     1  Mu1.0001  In1.086                       0.42968233     -0.01519659      0.03052905     -0.00046394
VJTU     1  Mu1.0002  In1.087                       0.43970786      0.01667581     -0.03331717     -0.00055559
VJTU     1  Mu1.0002  In1.092                       0.39656496      0.01190084     -0.02516384     -0.00029947
VJTU     1  Mu1.0001  In1.095                       0.35058437     -0.01392602      0.03374356     -0.00046991
VJTU     1  Mu1.0001  In1.096                       0.35892294     -0.01880703      0.04284990     -0.00080588
VJTU     1  Mu1.0001  In1.097                       0.31842412     -0.01673352      0.03956531     -0.00066207
VJTU     1  Mu1.0002  In1.097                       0.33385929     -0.05461931      0.12309990     -0.00672363
VJTU     1  Mu1.0008  In1.097                       0.44372204     -0.01400980      0.02630310     -0.00036850
VJTU     1  Mu1.0001  In1.099                       0.27972403     -0.00370746      0.00900317     -0.00003338
VJTU     1  Mu1.0002  In1.099                       0.29515920     -0.04419383      0.10821449     -0.00478241
VJTU     1  Mu1.0001  In1.100                       0.26367259     -0.00375150      0.00996774     -0.00003739
VJTU     1  Mu1.0002  In1.100                       0.27910777      0.01451130     -0.03573566     -0.00051857
ATVX     1  Mu1.0001  Se1.113                       0.13851128      0.00047029     -0.00111271     -0.00000052
ATVX     1  Mu1.0002  Se1.113                       0.16624190      0.00885916     -0.02092833     -0.00018541
ATVX     1  Mu1.0003  Se1.113                       0.21114172     -0.00043423      0.00160097     -0.00000070
ATVX     1  Mu1.0004  Se1.113                       0.21708278     -0.00062756      0.00280444     -0.00000176
ATVX     1  Mu1.0005  Se1.113                       0.22528925      0.00042117     -0.00117424     -0.00000049
ATVX     1  Mu1.0001  Se1.114                       0.16559424      0.00052083     -0.00179993     -0.00000094
ATVX     1  Mu1.0002  Se1.114                       0.19332486     -0.00069597      0.00182700     -0.00000127
ATVX     1  Mu1.0003  Se1.114                       0.23822468     -0.00146930      0.00371416     -0.00000546
ATVX     1  Mu1.0004  Se1.114                       0.24416574      0.00311528     -0.00767699     -0.00002392
ATVX     1  Mu1.0005  Se1.114                       0.25237221      0.02170561     -0.05576024     -0.00121031
ATVX     1  Mu1.0023  Se1.114                       0.48024954     -0.01371276      0.02694269     -0.00036946
ATVX     1  Mu1.0043  Se1.114                       0.61079724      0.01863835     -0.03044337     -0.00056741
ATVX     1  Mu1.0001  Se1.115                       0.16516198     -0.00007293      0.00010513     -0.00000001
ATVX     1  Mu1.0002  Se1.115                       0.19289259      0.00414420     -0.01073270     -0.00004448
ATVX     1  Mu1.0003  Se1.115                       0.23779241     -0.00045712      0.00093850     -0.00000043
ATVX     1  Mu1.0004  Se1.115                       0.24373348      0.00135375     -0.00326065     -0.00000441
ATVX     1  Mu1.0005  Se1.115                       0.25193994      0.00287965     -0.00740850     -0.00002133
ATVX     1  Mu1.0001  Se1.116                       0.17029753      0.00008197     -0.00018600     -0.00000002
ATVX     1  Mu1.0002  Se1.116                       0.19802814     -0.00225058      0.00567616     -0.00001277
ATVX     1  Mu1.0003  Se1.116                       0.24292796     -0.00044734      0.00103868     -0.00000046
ATVX     1  Mu1.0004  Se1.116                       0.24886903      0.00018295     -0.00040788     -0.00000007
ATVX     1  Mu1.0005  Se1.116                       0.25707549     -0.00011868      0.00029516     -0.00000004
ATVX     1  Mu1.0001  Se1.117                       0.17782556     -0.00335566      0.00755120     -0.00002534
ATVX     1  Mu1.0002  Se1.117                       0.20555618     -0.00032805      0.00082410     -0.00000027
ATVX     1  Mu1.0003  Se1.117                       0.25045600      0.00016091     -0.00020436     -0.00000003
ATVX     1  Mu1.0004  Se1.117                       0.25639706     -0.00007980      0.00012447     -0.00000001
ATVX     1  Mu1.0005  Se1.117                       0.26460353      0.00078675     -0.00201677     -0.00000159
ATVX     1  Mu1.0001  Se1.118                       0.18518673      0.00201618     -0.00440875     -0.00000889
ATVX     1  Mu1.0002  Se1.118                       0.21291735      0.00016234     -0.00040359     -0.00000007
ATVX     1  Mu1.0003  Se1.118                       0.25781716     -0.00016893      0.00028766     -0.00000005
ATVX     1  Mu1.0004  Se1.118                       0.26375823      0.00020029     -0.00042760     -0.00000009
ATVX     1  Mu1.0005  Se1.118                       0.27196470      0.00031368     -0.00067281     -0.00000021
ATVX     1  Mu1.0001  Se1.119                       0.18633468     -0.00064070      0.00143837     -0.00000092
ATVX     1  Mu1.0002  Se1.119                       0.21406530      0.00614545     -0.01632417     -0.00010032
ATVX     1  Mu1.0003  Se1.119                       0.25896511     -0.00047557      0.00097492     -0.00000046
ATVX     1  Mu1.0004  Se1.119                       0.26490618     -0.00012850      0.00039197     -0.00000005
ATVX     1  Mu1.0005  Se1.119                       0.27311265      0.00007685     -0.00020363     -0.00000002
ATVX     1  Mu1.0001  Se1.120                       0.18643356     -0.00405076      0.00879710     -0.00003563
ATVX     1  Mu1.0002  Se1.120                       0.21416418     -0.00104048      0.00270050     -0.00000281
ATVX     1  Mu1.0003  Se1.120                       0.25906400      0.00025997     -0.00032738     -0.00000009
ATVX     1  Mu1.0004  Se1.120                       0.26500506     -0.00000469     -0.00005403      0.00000000
ATVX     1  Mu1.0005  Se1.120                       0.27321153      0.00154018     -0.00379263     -0.00000584
ATVX     1  Mu1.0001  Se1.121                       0.19542537     -0.00175372      0.00291501     -0.00000511
ATVX     1  Mu1.0002  Se1.121                       0.22315599     -0.00228564      0.00612023     -0.00001399
ATVX     1  Mu1.0003  Se1.121                       0.26805581      0.00024055     -0.00035569     -0.00000009
ATVX     1  Mu1.0004  Se1.121                       0.27399687     -0.00031907      0.00066997     -0.00000021
ATVX     1  Mu1.0005  Se1.121                       0.28220334      0.00051760     -0.00131687     -0.00000068
ATVX     1  Mu1.0001  Se1.122                       0.19565449     -0.00063392      0.00125050     -0.00000079
ATVX     1  Mu1.0002  Se1.122                       0.22338511      0.01067125     -0.02884909     -0.00030786
ATVX     1  Mu1.0003  Se1.122                       0.26828492     -0.00031841      0.00064472     -0.00000021
ATVX     1  Mu1.0004  Se1.122                       0.27422599      0.00073446     -0.00130248     -0.00000096
ATVX     1  Mu1.0005  Se1.122                       0.28243246      0.00002657     -0.00012016     -0.00000000
ATVX     1  Mu1.0001  Se1.123                       0.21113624     -0.00002196      0.00006081     -0.00000000
ATVX     1  Mu1.0002  Se1.123                       0.23886686     -0.00094418      0.00241773     -0.00000228
ATVX     1  Mu1.0003  Se1.123                       0.28376667      0.00048679     -0.00106529     -0.00000052
ATVX     1  Mu1.0004  Se1.123                       0.28970774     -0.00015688      0.00052475     -0.00000008
ATVX     1  Mu1.0005  Se1.123                       0.29791421     -0.00007841      0.00017557     -0.00000001
ATVX     1  Mu1.0001  Se1.124                       0.21435636      0.00804058     -0.02130223     -0.00017128
ATVX     1  Mu1.0002  Se1.124                       0.24208698      0.00001012     -0.00004218     -0.00000000
ATVX     1  Mu1.0003  Se1.124                       0.28698680     -0.00037051      0.00074707     -0.00000028
ATVX     1  Mu1.0004  Se1.124                       0.29292787      0.00033973     -0.00084208     -0.00000029
ATVX     1  Mu1.0001  Se1.125                       0.21749423      0.00041636     -0.00114770     -0.00000048
ATVX     1  Mu1.0002  Se1.125                       0.24522484      0.00012623     -0.00033111     -0.00000004
ATVX     1  Mu1.0003  Se1.125                       0.29012466      0.00020681     -0.00042985     -0.00000009
ATVX     1  Mu1.0004  Se1.125                       0.29606573     -0.00032105      0.00084218     -0.00000027
ATVX     1  Mu1.0001  Se1.126                       0.22344283      0.00007738     -0.00020046     -0.00000002
ATVX     1  Mu1.0002  Se1.126                       0.25117345      0.00194362     -0.00510370     -0.00000992
ATVX     1  Mu1.0003  Se1.126                       0.29607326      0.00038732     -0.00079702     -0.00000031
ATVX     1  Mu1.0001  Se1.127                       0.22995250     -0.00010617      0.00027588     -0.00000003
ATVX     1  Mu1.0002  Se1.127                       0.25768312     -0.00012153      0.00031808     -0.00000004
ATVX     1  Mu1.0001  Se1.128                       0.23978918     -0.00005989      0.00009976     -0.00000001
ATVX     1  Mu1.0002  Se1.128                       0.26751979      0.00135524     -0.00336641     -0.00000456
ATVX     1  Mu1.0001  Se1.129                       0.24946517      0.00317857     -0.00661581     -0.00002103
ATVX     1  Mu1.0002  Se1.129                       0.27719578      0.00254034     -0.00567720     -0.00001442
ATVX     1  Mu1.0001  Se1.130                       0.25257049      0.00015297     -0.00030977     -0.00000005
ATVX     1  Mu1.0002  Se1.130                       0.28030111     -0.00492756      0.01087870     -0.00005361
ATVX     1  Mu1.0001  Se1.131                       0.25313878     -0.00091552      0.00158107     -0.00000145
ATVX     1  Mu1.0002  Se1.131                       0.28086940      0.00000085      0.00001346      0.00000000
ATVX     1  Mu1.0001  Se1.132                       0.25062653     -0.00078045      0.00161181     -0.00000126
ATVX     1  Mu1.0002  Se1.132                       0.27835715      0.01473237     -0.03294491     -0.00048536
ATVX     1  Mu1.0001  Se1.133                       0.26128104     -0.00004879      0.00010600     -0.00000001
ATVX     1  Mu1.0002  Se1.133                       0.28901166      0.00437826     -0.01123336     -0.00004918
ATVX     1  Mu1.0001  Se1.134                       0.26237114      0.00002761     -0.00006361     -0.00000000
ATVX     1  Mu1.0002  Se1.134                       0.29010176     -0.00570819      0.01433817     -0.00008184
ATVX     1  Mu1.0001  Se1.135                       0.27856064      0.00007381     -0.00021879     -0.00000002
ATVX     1  Mu1.0001  Se1.136                       0.27424107      0.00017930     -0.00044164     -0.00000008
ATVX     1  Mu1.0001  Se1.137                       0.28852973      0.00172699     -0.00296676     -0.00000512
ATVX     1  Mu1.0001  Se1.138                       0.29928754      0.00016383     -0.00034524     -0.00000006
AIVX     1  Mu1.0001  In1.100 Se1.114               0.49354080      0.01182191     -0.02651060     -0.00031341
--

   (Skipping property calculation,
    use PROP keyword to activate)
--

++ CASPT2 computation for group   3

********************************************************************************
 Multi-State initialization phase begins for group   3
--------------------------------------------------------------------------------
********************************************************************************
 Compute H0 matrices for state    3
--------------------------------------------------------------------------------
--------------------------------------------------------------------------------
 H0 matrices have been computed.

********************************************************************************
  CASPT2 EQUATION SOLUTION
--------------------------------------------------------------------------------

  Total nr of CASPT2 parameters:
   Before reduction:  1876168956
   After  reduction:  1876168956

 Variance of |WF0>:      23.4920623215

 The contributions to the second order correlation energy in atomic units.
-----------------------------------------------------------------------------------------------------------------------------
  IT.      VJTU        VJTI        ATVX        AIVX        VJAI        BVAT        BJAT        BJAI        TOTAL       RNORM  
-----------------------------------------------------------------------------------------------------------------------------
   1    -0.072112   -0.027883   -0.015479   -0.149315   -0.381764   -0.086368   -0.763450   -3.505531   -5.001902    0.020681
   2    -0.075432   -0.028059   -0.015548   -0.149858   -0.382308   -0.086676   -0.765031   -3.506501   -5.009415    0.004291
   3    -0.075659   -0.028068   -0.015575   -0.149828   -0.382316   -0.086720   -0.765192   -3.506582   -5.009940    0.000627
   4    -0.075682   -0.028063   -0.015568   -0.149788   -0.382289   -0.086707   -0.765113   -3.506532   -5.009743    0.000098
   5    -0.075685   -0.028063   -0.015568   -0.149785   -0.382288   -0.086705   -0.765107   -3.506529   -5.009730    0.000016
   6    -0.075685   -0.028063   -0.015568   -0.149786   -0.382288   -0.086706   -0.765109   -3.506530   -5.009734    0.000002
-----------------------------------------------------------------------------------------------------------------------------

  FINAL CASPT2 RESULT:

      Reference energy:       -3929.6479040074
      E2 (Non-variational):      -5.0097342747
      Shift correction:          -0.0408609123
      E2 (Variational):          -5.0505951870
      Total energy:           -3934.6984991944
      Residual norm:              0.0000003764
      Reference weight:           0.37178

      Contributions to the CASPT2 correlation energy
      Active & Virtual Only:         -0.1022732803
      One Inactive Excited:          -0.9905796558
      Two Inactive Excited:          -3.9168813387


++ Denominators, etc.
--------------------------------------------------------------------------------------------------------------
 Report on small energy denominators, large coefficients, and large energy contributions.
CASE  SYMM ACTIVE-MIX  NON-ACTIVE INDICES          DENOMINATOR     RHS VALUE       COEFFICIENT     CONTRIBUTION
VJTU     1  Mu1.0001  In1.079                       0.54407563      0.01656700     -0.02639454     -0.00043728
VJTU     1  Mu1.0001  In1.089                       0.45684785     -0.02441485      0.04135641     -0.00100971
VJTU     1  Mu1.0002  In1.089                       0.46398238      0.01498997     -0.02755957     -0.00041312
VJTU     1  Mu1.0001  In1.090                       0.45371476     -0.02745799      0.04713466     -0.00129422
VJTU     1  Mu1.0001  In1.091                       0.34464978      0.01537393     -0.03631424     -0.00055829
VJTU     1  Mu1.0002  In1.091                       0.35178431     -0.01675952      0.03503342     -0.00058714
VJTU     1  Mu1.0001  In1.093                       0.39684007     -0.03289756      0.06593624     -0.00216914
VJTU     1  Mu1.0002  In1.093                       0.40397460     -0.02064635      0.04262721     -0.00088010
VJTU     1  Mu1.0001  In1.094                       0.35131025      0.01410518     -0.03549489     -0.00050066
VJTU     1  Mu1.0001  In1.097                       0.37800315      0.04593454     -0.09182513     -0.00421795
VJTU     1  Mu1.0002  In1.097                       0.38513768      0.03492473     -0.06985185     -0.00243956
VJTU     1  Mu1.0001  In1.098                       0.37067352      0.02101361     -0.03859969     -0.00081112
VJTU     1  Mu1.0001  In1.099                       0.35450309      0.01258184     -0.02804578     -0.00035287
VJTU     1  Mu1.0002  In1.099                       0.36163762      0.04308020     -0.09270174     -0.00399361
VJTU     1  Mu1.0001  In1.100                       0.30733833      0.08607167     -0.18273587     -0.01572838
VJTU     1  Mu1.0002  In1.100                       0.31447286     -0.04783759      0.10212030     -0.00488519
VJTU     1  Mu1.0005  In1.100                       0.35807488     -0.03651259      0.07994889     -0.00291914
VJTU     1  Mu1.0012  In1.100                       0.43921157      0.01796799     -0.03325952     -0.00059761
VJTU     1  Mu1.0015  In1.100                       0.45590980     -0.02017189      0.03568747     -0.00071988
VJTU     1  Mu1.0025  In1.100                       0.50589521      0.01508179     -0.02513561     -0.00037909
VJTU     1  Mu1.0103  In1.100                       0.72860999      0.01912793     -0.02611660     -0.00049956
ATVX     1  Mu1.0001  Se1.113                       0.10004704      0.00095038     -0.00132740     -0.00000126
ATVX     1  Mu1.0002  Se1.113                       0.12445489     -0.00055636      0.00066150     -0.00000037
ATVX     1  Mu1.0003  Se1.113                       0.13104805     -0.00031477      0.00116378     -0.00000037
ATVX     1  Mu1.0004  Se1.113                       0.13473866      0.00133765     -0.00300148     -0.00000401
ATVX     1  Mu1.0005  Se1.113                       0.19426036      0.00022654     -0.00053234     -0.00000012
ATVX     1  Mu1.0006  Se1.113                       0.20829155     -0.00068571      0.00150980     -0.00000104
ATVX     1  Mu1.0007  Se1.113                       0.21446924     -0.00093769      0.00209386     -0.00000196
ATVX     1  Mu1.0008  Se1.113                       0.24966270     -0.00044441      0.00116990     -0.00000052
ATVX     1  Mu1.0009  Se1.113                       0.26213629     -0.00030819      0.00054814     -0.00000017
ATVX     1  Mu1.0010  Se1.113                       0.26536584      0.00001507      0.00004164      0.00000000
ATVX     1  Mu1.0011  Se1.113                       0.26583439      0.00080156     -0.00181224     -0.00000145
ATVX     1  Mu1.0012  Se1.113                       0.27011430      0.00208105     -0.00507142     -0.00001055
ATVX     1  Mu1.0013  Se1.113                       0.27317953     -0.00110792      0.00270290     -0.00000299
ATVX     1  Mu1.0014  Se1.113                       0.28078334     -0.00170547      0.00372740     -0.00000636
ATVX     1  Mu1.0015  Se1.113                       0.28481833      0.00209812     -0.00496505     -0.00001042
ATVX     1  Mu1.0016  Se1.113                       0.29076609      0.00006132      0.00008867      0.00000001
ATVX     1  Mu1.0017  Se1.113                       0.29417684      0.00274200     -0.00647211     -0.00001775
ATVX     1  Mu1.0018  Se1.113                       0.29819966     -0.00036937      0.00061344     -0.00000023
ATVX     1  Mu1.0001  Se1.114                       0.13334794      0.00051635     -0.00105244     -0.00000054
ATVX     1  Mu1.0002  Se1.114                       0.15775580      0.00031214     -0.00121541     -0.00000038
ATVX     1  Mu1.0003  Se1.114                       0.16434895     -0.00034229      0.00434072     -0.00000149
ATVX     1  Mu1.0004  Se1.114                       0.16803957      0.00064546     -0.00114284     -0.00000074
ATVX     1  Mu1.0005  Se1.114                       0.22756126      0.00059157     -0.00145681     -0.00000086
ATVX     1  Mu1.0006  Se1.114                       0.24159246     -0.00119745      0.00297078     -0.00000356
ATVX     1  Mu1.0007  Se1.114                       0.24777014      0.00068525     -0.00169164     -0.00000116
ATVX     1  Mu1.0008  Se1.114                       0.28296361     -0.00001670      0.00037431     -0.00000001
ATVX     1  Mu1.0009  Se1.114                       0.29543719     -0.00028294      0.00058245     -0.00000016
ATVX     1  Mu1.0010  Se1.114                       0.29866674     -0.00039947      0.00098406     -0.00000039
ATVX     1  Mu1.0011  Se1.114                       0.29913529      0.00063017     -0.00145931     -0.00000092
ATVX     1  Mu1.0001  Se1.115                       0.13705599     -0.00008101      0.00027765     -0.00000002
ATVX     1  Mu1.0002  Se1.115                       0.16146385      0.00002157     -0.00067073     -0.00000001
ATVX     1  Mu1.0003  Se1.115                       0.16805700     -0.00020188      0.00038584     -0.00000008
ATVX     1  Mu1.0004  Se1.115                       0.17174762      0.00066362     -0.00156113     -0.00000104
ATVX     1  Mu1.0005  Se1.115                       0.23126931      0.00002336     -0.00001850     -0.00000000
ATVX     1  Mu1.0006  Se1.115                       0.24530051     -0.00010363      0.00018986     -0.00000002
ATVX     1  Mu1.0007  Se1.115                       0.25147819     -0.00032899      0.00068224     -0.00000022
ATVX     1  Mu1.0008  Se1.115                       0.28667166     -0.00012112      0.00026013     -0.00000003
ATVX     1  Mu1.0009  Se1.115                       0.29914524      0.00008576     -0.00016607     -0.00000001
ATVX     1  Mu1.0001  Se1.116                       0.14296873     -0.00119104      0.00181504     -0.00000216
ATVX     1  Mu1.0002  Se1.116                       0.16737659      0.00048281     -0.00065131     -0.00000031
ATVX     1  Mu1.0003  Se1.116                       0.17396974     -0.00012040      0.00013728     -0.00000002
ATVX     1  Mu1.0004  Se1.116                       0.17766035      0.00053412     -0.00146140     -0.00000078
ATVX     1  Mu1.0005  Se1.116                       0.23718205     -0.00014513      0.00029007     -0.00000004
ATVX     1  Mu1.0006  Se1.116                       0.25121324     -0.00027351      0.00058481     -0.00000016
ATVX     1  Mu1.0007  Se1.116                       0.25739093     -0.00082263      0.00178184     -0.00000147
ATVX     1  Mu1.0008  Se1.116                       0.29258439     -0.00006896      0.00013027     -0.00000001
ATVX     1  Mu1.0001  Se1.117                       0.14556163     -0.00003586      0.00003010     -0.00000000
ATVX     1  Mu1.0002  Se1.117                       0.16996949     -0.00001855      0.00015432     -0.00000000
ATVX     1  Mu1.0003  Se1.117                       0.17656265     -0.00011600      0.00007392     -0.00000001
ATVX     1  Mu1.0004  Se1.117                       0.18025326     -0.00007754      0.00012023     -0.00000001
ATVX     1  Mu1.0005  Se1.117                       0.23977496      0.00002807     -0.00008242     -0.00000000
ATVX     1  Mu1.0006  Se1.117                       0.25380615      0.00004811     -0.00014186     -0.00000001
ATVX     1  Mu1.0007  Se1.117                       0.25998384     -0.00009454      0.00019525     -0.00000002
ATVX     1  Mu1.0008  Se1.117                       0.29517730     -0.00004550      0.00005816     -0.00000000
ATVX     1  Mu1.0001  Se1.118                       0.15505512      0.00005345     -0.00021470     -0.00000001
ATVX     1  Mu1.0002  Se1.118                       0.17946298      0.00005047      0.00007110      0.00000000
ATVX     1  Mu1.0003  Se1.118                       0.18605613     -0.00007530      0.00016107     -0.00000001
ATVX     1  Mu1.0004  Se1.118                       0.18974675      0.00007682     -0.00032929     -0.00000003
ATVX     1  Mu1.0005  Se1.118                       0.24926844      0.00009734     -0.00024792     -0.00000002
ATVX     1  Mu1.0006  Se1.118                       0.26329964     -0.00024537      0.00064266     -0.00000016
ATVX     1  Mu1.0007  Se1.118                       0.26947732      0.00026342     -0.00058180     -0.00000015
ATVX     1  Mu1.0001  Se1.119                       0.15500810      0.00002281      0.00013254      0.00000000
ATVX     1  Mu1.0002  Se1.119                       0.17941596      0.00002396     -0.00042698     -0.00000001
ATVX     1  Mu1.0003  Se1.119                       0.18600912     -0.00012113      0.00011504     -0.00000001
ATVX     1  Mu1.0004  Se1.119                       0.18969973      0.00010456     -0.00009650     -0.00000001
ATVX     1  Mu1.0005  Se1.119                       0.24922143      0.00007612     -0.00016109     -0.00000001
ATVX     1  Mu1.0006  Se1.119                       0.26325262     -0.00027798      0.00066378     -0.00000018
ATVX     1  Mu1.0007  Se1.119                       0.26943030     -0.00011852      0.00025077     -0.00000003
ATVX     1  Mu1.0001  Se1.120                       0.16147703      0.00007569     -0.00016045     -0.00000001
ATVX     1  Mu1.0002  Se1.120                       0.18588489     -0.00005566      0.00021653     -0.00000001
ATVX     1  Mu1.0003  Se1.120                       0.19247804     -0.00020956     -0.00008980      0.00000002
ATVX     1  Mu1.0004  Se1.120                       0.19616866     -0.00004216     -0.00007786      0.00000000
ATVX     1  Mu1.0005  Se1.120                       0.25569035      0.00008358     -0.00021505     -0.00000002
ATVX     1  Mu1.0006  Se1.120                       0.26972155      0.00004838     -0.00015701     -0.00000001
ATVX     1  Mu1.0007  Se1.120                       0.27589923     -0.00010721      0.00020557     -0.00000002
ATVX     1  Mu1.0001  Se1.121                       0.17260796      0.00010845     -0.00016788     -0.00000002
ATVX     1  Mu1.0002  Se1.121                       0.19701582     -0.00019142      0.00072868     -0.00000014
ATVX     1  Mu1.0003  Se1.121                       0.20360898     -0.00048331     -0.00176924      0.00000086
ATVX     1  Mu1.0004  Se1.121                       0.20729959     -0.00045826      0.00044295     -0.00000020
ATVX     1  Mu1.0005  Se1.121                       0.26682129      0.00011941     -0.00031094     -0.00000004
ATVX     1  Mu1.0006  Se1.121                       0.28085248      0.00018420     -0.00047723     -0.00000009
ATVX     1  Mu1.0007  Se1.121                       0.28703017     -0.00017339      0.00040655     -0.00000007
ATVX     1  Mu1.0001  Se1.122                       0.19745300     -0.00101564      0.00165735     -0.00000168
ATVX     1  Mu1.0002  Se1.122                       0.22186086      0.00161331     -0.00415426     -0.00000670
ATVX     1  Mu1.0003  Se1.122                       0.22845401     -0.00011840     -0.00006189      0.00000001
ATVX     1  Mu1.0004  Se1.122                       0.23214463      0.00044863     -0.00052459     -0.00000024
ATVX     1  Mu1.0005  Se1.122                       0.29166632     -0.00025120      0.00054989     -0.00000014
ATVX     1  Mu1.0001  Se1.123                       0.17967460     -0.00055334      0.00093015     -0.00000051
ATVX     1  Mu1.0002  Se1.123                       0.20408245      0.00000033      0.00028519      0.00000000
ATVX     1  Mu1.0003  Se1.123                       0.21067561      0.00000925     -0.00004191     -0.00000000
ATVX     1  Mu1.0004  Se1.123                       0.21436622      0.00023850     -0.00036316     -0.00000009
ATVX     1  Mu1.0005  Se1.123                       0.27388792     -0.00003794      0.00006666     -0.00000000
ATVX     1  Mu1.0006  Se1.123                       0.28791911     -0.00008198      0.00015713     -0.00000001
ATVX     1  Mu1.0007  Se1.123                       0.29409680     -0.00026877      0.00054713     -0.00000015
ATVX     1  Mu1.0001  Se1.124                       0.18130879      0.00007762     -0.00006063     -0.00000000
ATVX     1  Mu1.0002  Se1.124                       0.20571665     -0.00039759      0.00087751     -0.00000035
ATVX     1  Mu1.0003  Se1.124                       0.21230980     -0.00066749      0.00145481     -0.00000097
ATVX     1  Mu1.0004  Se1.124                       0.21600042      0.00008341     -0.00028610     -0.00000002
ATVX     1  Mu1.0005  Se1.124                       0.27552212      0.00038792     -0.00093974     -0.00000036
ATVX     1  Mu1.0006  Se1.124                       0.28955331      0.00002651     -0.00026622     -0.00000001
ATVX     1  Mu1.0007  Se1.124                       0.29573099     -0.00046005      0.00084275     -0.00000039
ATVX     1  Mu1.0001  Se1.125                       0.19074702      0.00011457     -0.00023252     -0.00000003
ATVX     1  Mu1.0002  Se1.125                       0.21515488     -0.00001463      0.00012035     -0.00000000
ATVX     1  Mu1.0003  Se1.125                       0.22174803     -0.00020055     -0.00011732      0.00000002
ATVX     1  Mu1.0004  Se1.125                       0.22543865     -0.00001931     -0.00003819      0.00000000
ATVX     1  Mu1.0005  Se1.125                       0.28496034      0.00011738     -0.00027876     -0.00000003
ATVX     1  Mu1.0006  Se1.125                       0.29899154     -0.00027135      0.00068098     -0.00000018
ATVX     1  Mu1.0001  Se1.126                       0.18925882      0.00066970     -0.00138648     -0.00000093
ATVX     1  Mu1.0002  Se1.126                       0.21366668     -0.00068823      0.00201151     -0.00000138
ATVX     1  Mu1.0003  Se1.126                       0.22025983      0.00010465      0.00001278      0.00000000
ATVX     1  Mu1.0004  Se1.126                       0.22395045     -0.00007195     -0.00033231      0.00000002
ATVX     1  Mu1.0005  Se1.126                       0.28347214      0.00011447     -0.00026125     -0.00000003
ATVX     1  Mu1.0006  Se1.126                       0.29750334      0.00092575     -0.00206257     -0.00000191
ATVX     1  Mu1.0001  Se1.127                       0.21813941     -0.00048594      0.00099035     -0.00000048
ATVX     1  Mu1.0002  Se1.127                       0.24254727     -0.00008158     -0.00016644      0.00000001
ATVX     1  Mu1.0003  Se1.127                       0.24914042      0.00065711      0.00149864      0.00000098
ATVX     1  Mu1.0004  Se1.127                       0.25283104      0.00024725     -0.00016206     -0.00000004
ATVX     1  Mu1.0001  Se1.128                       0.20803677      0.00129537     -0.00257125     -0.00000333
ATVX     1  Mu1.0002  Se1.128                       0.23244463     -0.00006499     -0.00030838      0.00000002
ATVX     1  Mu1.0003  Se1.128                       0.23903778     -0.00016958      0.00035488     -0.00000006
ATVX     1  Mu1.0004  Se1.128                       0.24272840     -0.00002491     -0.00031459      0.00000001
ATVX     1  Mu1.0001  Se1.129                       0.20998434     -0.00009277      0.00023579     -0.00000002
ATVX     1  Mu1.0002  Se1.129                       0.23439220      0.00013567     -0.00023109     -0.00000003
ATVX     1  Mu1.0003  Se1.129                       0.24098535     -0.00038398     -0.00066645      0.00000026
ATVX     1  Mu1.0004  Se1.129                       0.24467596      0.00034603     -0.00129963     -0.00000045
ATVX     1  Mu1.0001  Se1.130                       0.22104361     -0.00058225      0.00183610     -0.00000107
ATVX     1  Mu1.0002  Se1.130                       0.24545147      0.00043154     -0.00110725     -0.00000048
ATVX     1  Mu1.0003  Se1.130                       0.25204463     -0.00001146     -0.00001761      0.00000000
ATVX     1  Mu1.0004  Se1.130                       0.25573524     -0.00029001      0.00032730     -0.00000009
ATVX     1  Mu1.0001  Se1.131                       0.22258220     -0.00003200      0.00008275     -0.00000000
ATVX     1  Mu1.0002  Se1.131                       0.24699006     -0.00003146      0.00011066     -0.00000000
ATVX     1  Mu1.0003  Se1.131                       0.25358321      0.00002059     -0.00057572     -0.00000001
ATVX     1  Mu1.0004  Se1.131                       0.25727382      0.00002974     -0.00018160     -0.00000001
ATVX     1  Mu1.0001  Se1.132                       0.23069815     -0.00053707      0.00124013     -0.00000067
ATVX     1  Mu1.0002  Se1.132                       0.25510601      0.00133082     -0.00325704     -0.00000433
ATVX     1  Mu1.0003  Se1.132                       0.26169916      0.00002885     -0.00053002     -0.00000002
ATVX     1  Mu1.0004  Se1.132                       0.26538977      0.00003309      0.00058593      0.00000002
ATVX     1  Mu1.0001  Se1.133                       0.23088589     -0.00102662      0.00315754     -0.00000324
ATVX     1  Mu1.0002  Se1.133                       0.25529375      0.00013886     -0.00016085     -0.00000002
ATVX     1  Mu1.0003  Se1.133                       0.26188690     -0.00004465      0.00022676     -0.00000001
ATVX     1  Mu1.0004  Se1.133                       0.26557751     -0.00038794      0.00036787     -0.00000014
ATVX     1  Mu1.0001  Se1.134                       0.24132771      0.00111356     -0.00155827     -0.00000174
ATVX     1  Mu1.0002  Se1.134                       0.26573557     -0.00147561      0.00171300     -0.00000253
ATVX     1  Mu1.0003  Se1.134                       0.27232872     -0.00011437     -0.00005872      0.00000001
ATVX     1  Mu1.0004  Se1.134                       0.27601934      0.00007953      0.00040876      0.00000003
ATVX     1  Mu1.0001  Se1.135                       0.24746490      0.00002504     -0.00006213     -0.00000000
ATVX     1  Mu1.0002  Se1.135                       0.27187276      0.00003874     -0.00009083     -0.00000000
ATVX     1  Mu1.0003  Se1.135                       0.27846591     -0.00011805      0.00013099     -0.00000002
ATVX     1  Mu1.0004  Se1.135                       0.28215653     -0.00002476      0.00000871     -0.00000000
ATVX     1  Mu1.0001  Se1.136                       0.27388340     -0.00073853      0.00071902     -0.00000053
ATVX     1  Mu1.0002  Se1.136                       0.29829126      0.00015082      0.00004124      0.00000001
ATVX     1  Mu1.0001  Se1.137                       0.26890388     -0.00021449      0.00034656     -0.00000007
ATVX     1  Mu1.0002  Se1.137                       0.29331174      0.00021301     -0.00074368     -0.00000016
ATVX     1  Mu1.0003  Se1.137                       0.29990490      0.00116500      0.00070824      0.00000083
ATVX     1  Mu1.0001  Se1.138                       0.26378593      0.00050850     -0.00142184     -0.00000072
ATVX     1  Mu1.0002  Se1.138                       0.28819379      0.00029272     -0.00041682     -0.00000012
ATVX     1  Mu1.0003  Se1.138                       0.29478694     -0.00004481      0.00041884     -0.00000002
ATVX     1  Mu1.0004  Se1.138                       0.29847755      0.00041717     -0.00165874     -0.00000069
ATVX     1  Mu1.0001  Se1.139                       0.27532133     -0.00149519      0.00219210     -0.00000328
ATVX     1  Mu1.0002  Se1.139                       0.29972919      0.00068821     -0.00023588     -0.00000016
ATVX     1  Mu1.0001  Se1.140                       0.27429867      0.00058198     -0.00066844     -0.00000039
ATVX     1  Mu1.0002  Se1.140                       0.29870653     -0.00016621      0.00039708     -0.00000007
ATVX     1  Mu1.0001  Se1.141                       0.29053553      0.00115806     -0.00126384     -0.00000146
ATVX     1  Mu1.0001  Se1.142                       0.29631491      0.00011283     -0.00026897     -0.00000003
ATVX     1  Mu1.0001  Se1.143                       0.29974095      0.00156289     -0.00196796     -0.00000308
--

   (Skipping property calculation,
    use PROP keyword to activate)
--

++ CASPT2 computation for group   4

********************************************************************************
 Multi-State initialization phase begins for group   4
--------------------------------------------------------------------------------
********************************************************************************
 Compute H0 matrices for state    4
--------------------------------------------------------------------------------
--------------------------------------------------------------------------------
 H0 matrices have been computed.

********************************************************************************
  CASPT2 EQUATION SOLUTION
--------------------------------------------------------------------------------

  Total nr of CASPT2 parameters:
   Before reduction:  1876168956
   After  reduction:  1876168956

 Variance of |WF0>:      23.4723286235

 The contributions to the second order correlation energy in atomic units.
-----------------------------------------------------------------------------------------------------------------------------
  IT.      VJTU        VJTI        ATVX        AIVX        VJAI        BVAT        BJAT        BJAI        TOTAL       RNORM  
-----------------------------------------------------------------------------------------------------------------------------
   1    -0.036922   -0.020645   -0.022583   -0.151712   -0.338842   -0.086594   -0.809908   -3.501918   -4.969124    0.014629
   2    -0.038777   -0.020739   -0.023110   -0.152551   -0.339240   -0.086850   -0.811249   -3.502885   -4.975401    0.004147
   3    -0.038881   -0.020749   -0.023146   -0.152550   -0.339262   -0.086881   -0.811291   -3.502906   -4.975666    0.000573
   4    -0.038894   -0.020745   -0.023134   -0.152506   -0.339240   -0.086866   -0.811215   -3.502848   -4.975449    0.000104
   5    -0.038895   -0.020745   -0.023133   -0.152504   -0.339240   -0.086865   -0.811213   -3.502847   -4.975442    0.000015
   6    -0.038895   -0.020745   -0.023133   -0.152505   -0.339240   -0.086865   -0.811215   -3.502849   -4.975447    0.000003
-----------------------------------------------------------------------------------------------------------------------------

  FINAL CASPT2 RESULT:

      Reference energy:       -3929.6430664999
      E2 (Non-variational):      -4.9754472936
      Shift correction:          -0.0352799602
      E2 (Variational):          -5.0107272539
      Total energy:           -3934.6537937538
      Residual norm:              0.0000005100
      Reference weight:           0.37981

      Contributions to the CASPT2 correlation energy
      Active & Virtual Only:         -0.1099986445
      One Inactive Excited:          -1.0026148279
      Two Inactive Excited:          -3.8628338213


++ Denominators, etc.
--------------------------------------------------------------------------------------------------------------
 Report on small energy denominators, large coefficients, and large energy contributions.
CASE  SYMM ACTIVE-MIX  NON-ACTIVE INDICES          DENOMINATOR     RHS VALUE       COEFFICIENT     CONTRIBUTION
VJTU     1  Mu1.0001  In1.087                       0.41915564      0.01723318     -0.03563884     -0.00061417
VJTU     1  Mu1.0002  In1.088                       0.41765904      0.01311873     -0.02692298     -0.00035320
VJTU     1  Mu1.0001  In1.096                       0.35621026     -0.01707737      0.03932207     -0.00067152
VJTU     1  Mu1.0002  In1.096                       0.38466460      0.01545514     -0.03387699     -0.00052357
VJTU     1  Mu1.0001  In1.097                       0.31969606     -0.03983445      0.09318327     -0.00371190
VJTU     1  Mu1.0002  In1.097                       0.34815040     -0.04332230      0.09543280     -0.00413437
VJTU     1  Mu1.0001  In1.098                       0.29732109     -0.00683485      0.01700532     -0.00011623
VJTU     1  Mu1.0001  In1.099                       0.27235206     -0.02114444      0.05383162     -0.00113824
VJTU     1  Mu1.0002  In1.099                       0.30080640     -0.03600066      0.08832977     -0.00317993
VJTU     1  Mu1.0001  In1.100                       0.25633921      0.00256119     -0.00604093     -0.00001547
VJTU     1  Mu1.0002  In1.100                       0.28479355      0.01519934     -0.03773411     -0.00057353
ATVX     1  Mu1.0001  Se1.113                       0.13342216      0.00017802     -0.00122405     -0.00000022
ATVX     1  Mu1.0002  Se1.113                       0.16869926      0.01002906     -0.02376331     -0.00023832
ATVX     1  Mu1.0003  Se1.113                       0.20161644      0.00208128     -0.00423377     -0.00000881
ATVX     1  Mu1.0004  Se1.113                       0.22398996     -0.00215620      0.00447570     -0.00000965
ATVX     1  Mu1.0005  Se1.113                       0.24185624     -0.01532140      0.03898114     -0.00059725
ATVX     1  Mu1.0006  Se1.113                       0.28653703     -0.00070922      0.00175708     -0.00000125
ATVX     1  Mu1.0001  Se1.114                       0.16086477     -0.00022694      0.00061960     -0.00000014
ATVX     1  Mu1.0002  Se1.114                       0.19614187      0.00013285     -0.00042951     -0.00000006
ATVX     1  Mu1.0003  Se1.114                       0.22905905     -0.00057978      0.00099901     -0.00000058
ATVX     1  Mu1.0004  Se1.114                       0.25143256     -0.00160671      0.00330871     -0.00000532
ATVX     1  Mu1.0005  Se1.114                       0.26929885     -0.00009282     -0.00002488      0.00000000
ATVX     1  Mu1.0030  Se1.114                       0.56931709     -0.01504750      0.02681789     -0.00040354
ATVX     1  Mu1.0001  Se1.115                       0.15696776      0.00139056     -0.00375351     -0.00000522
ATVX     1  Mu1.0002  Se1.115                       0.19224486      0.00263606     -0.00707084     -0.00001864
ATVX     1  Mu1.0003  Se1.115                       0.22516204     -0.00049844      0.00090645     -0.00000045
ATVX     1  Mu1.0004  Se1.115                       0.24753555     -0.00053524      0.00133341     -0.00000071
ATVX     1  Mu1.0005  Se1.115                       0.26540184      0.00393755     -0.00957511     -0.00003770
ATVX     1  Mu1.0001  Se1.116                       0.16372593      0.00315594     -0.00851647     -0.00002688
ATVX     1  Mu1.0002  Se1.116                       0.19900303     -0.00235788      0.00611157     -0.00001441
ATVX     1  Mu1.0003  Se1.116                       0.23192021     -0.00002384      0.00007090     -0.00000000
ATVX     1  Mu1.0004  Se1.116                       0.25429373      0.00000574     -0.00008406     -0.00000000
ATVX     1  Mu1.0005  Se1.116                       0.27216001     -0.00210263      0.00508065     -0.00001068
ATVX     1  Mu1.0001  Se1.117                       0.17286362     -0.00008826      0.00022433     -0.00000002
ATVX     1  Mu1.0002  Se1.117                       0.20814071     -0.00020843      0.00051550     -0.00000011
ATVX     1  Mu1.0003  Se1.117                       0.24105789      0.00011397     -0.00017979     -0.00000002
ATVX     1  Mu1.0004  Se1.117                       0.26343141      0.00031103     -0.00067901     -0.00000021
ATVX     1  Mu1.0005  Se1.117                       0.28129769      0.00007906     -0.00020363     -0.00000002
ATVX     1  Mu1.0001  Se1.118                       0.18021186      0.00000637     -0.00002401     -0.00000000
ATVX     1  Mu1.0002  Se1.118                       0.21548896      0.00009847     -0.00025764     -0.00000003
ATVX     1  Mu1.0003  Se1.118                       0.24840614     -0.00004008      0.00013402     -0.00000001
ATVX     1  Mu1.0004  Se1.118                       0.27077965     -0.00017234      0.00040587     -0.00000007
ATVX     1  Mu1.0005  Se1.118                       0.28864594      0.00000898     -0.00003301     -0.00000000
ATVX     1  Mu1.0001  Se1.119                       0.18586185     -0.00053518      0.00141300     -0.00000076
ATVX     1  Mu1.0002  Se1.119                       0.22113895      0.00740878     -0.02024768     -0.00015001
ATVX     1  Mu1.0003  Se1.119                       0.25405613     -0.00096309      0.00196016     -0.00000189
ATVX     1  Mu1.0004  Se1.119                       0.27642964     -0.00004844      0.00015934     -0.00000001
ATVX     1  Mu1.0005  Se1.119                       0.29429593      0.00430544     -0.00995902     -0.00004288
ATVX     1  Mu1.0001  Se1.120                       0.19371252      0.00003127     -0.00008245     -0.00000000
ATVX     1  Mu1.0002  Se1.120                       0.22898962      0.00002374     -0.00002859     -0.00000000
ATVX     1  Mu1.0003  Se1.120                       0.26190680     -0.00007256      0.00011318     -0.00000001
ATVX     1  Mu1.0004  Se1.120                       0.28428031     -0.00011080      0.00020318     -0.00000002
ATVX     1  Mu1.0001  Se1.121                       0.18512294     -0.00007503      0.00018713     -0.00000001
ATVX     1  Mu1.0002  Se1.121                       0.22040003     -0.00011769      0.00025604     -0.00000003
ATVX     1  Mu1.0003  Se1.121                       0.25331721      0.00015622     -0.00022451     -0.00000004
ATVX     1  Mu1.0004  Se1.121                       0.27569073      0.00023557     -0.00045621     -0.00000011
ATVX     1  Mu1.0005  Se1.121                       0.29355702      0.00023414     -0.00056138     -0.00000013
ATVX     1  Mu1.0001  Se1.122                       0.19240246     -0.00036354      0.00090906     -0.00000033
ATVX     1  Mu1.0002  Se1.122                       0.22767955      0.00804942     -0.02221358     -0.00017881
ATVX     1  Mu1.0003  Se1.122                       0.26059674     -0.00027464      0.00046500     -0.00000013
ATVX     1  Mu1.0004  Se1.122                       0.28297025     -0.00099107      0.00221884     -0.00000220
ATVX     1  Mu1.0001  Se1.123                       0.20724275      0.00160832     -0.00418233     -0.00000673
ATVX     1  Mu1.0002  Se1.123                       0.24251985     -0.00119406      0.00317907     -0.00000380
ATVX     1  Mu1.0003  Se1.123                       0.27543703      0.00064476     -0.00132681     -0.00000086
ATVX     1  Mu1.0004  Se1.123                       0.29781054      0.00063343     -0.00147854     -0.00000094
ATVX     1  Mu1.0001  Se1.124                       0.21014119      0.00020918     -0.00048477     -0.00000010
ATVX     1  Mu1.0002  Se1.124                       0.24541828     -0.00007780      0.00013430     -0.00000001
ATVX     1  Mu1.0003  Se1.124                       0.27833547     -0.00026981      0.00048836     -0.00000013
ATVX     1  Mu1.0001  Se1.125                       0.21516087      0.00006175     -0.00019081     -0.00000001
ATVX     1  Mu1.0002  Se1.125                       0.25043797      0.00008871     -0.00018347     -0.00000002
ATVX     1  Mu1.0003  Se1.125                       0.28335515      0.00010928     -0.00006085     -0.00000001
ATVX     1  Mu1.0001  Se1.126                       0.21897648      0.00021299     -0.00059015     -0.00000013
ATVX     1  Mu1.0002  Se1.126                       0.25425358      0.00176247     -0.00447743     -0.00000789
ATVX     1  Mu1.0003  Se1.126                       0.28717076      0.00061767     -0.00135077     -0.00000083
ATVX     1  Mu1.0001  Se1.127                       0.22711837     -0.00006561      0.00019172     -0.00000001
ATVX     1  Mu1.0002  Se1.127                       0.26239547     -0.00006760      0.00014194     -0.00000001
ATVX     1  Mu1.0003  Se1.127                       0.29531265     -0.00008429      0.00004650     -0.00000000
ATVX     1  Mu1.0001  Se1.128                       0.23486162     -0.00603840      0.01532762     -0.00009255
ATVX     1  Mu1.0002  Se1.128                       0.27013872      0.00152063     -0.00406707     -0.00000618
ATVX     1  Mu1.0001  Se1.129                       0.24532686      0.00005059     -0.00014725     -0.00000001
ATVX     1  Mu1.0002  Se1.129                       0.28060396      0.00243254     -0.00548358     -0.00001334
ATVX     1  Mu1.0001  Se1.130                       0.24973611      0.00501368     -0.01117924     -0.00005605
ATVX     1  Mu1.0002  Se1.130                       0.28501321     -0.00480323      0.01057904     -0.00005081
ATVX     1  Mu1.0001  Se1.131                       0.24819195      0.00011278     -0.00020811     -0.00000002
ATVX     1  Mu1.0002  Se1.131                       0.28346904      0.00022886     -0.00049809     -0.00000011
ATVX     1  Mu1.0001  Se1.132                       0.24642477      0.00135193     -0.00262752     -0.00000355
ATVX     1  Mu1.0002  Se1.132                       0.28170187      0.01398077     -0.03153422     -0.00044087
ATVX     1  Mu1.0001  Se1.133                       0.25883488      0.00332049     -0.00687437     -0.00002283
ATVX     1  Mu1.0002  Se1.133                       0.29411198      0.00284099     -0.00777230     -0.00002208
ATVX     1  Mu1.0001  Se1.134                       0.26090275      0.00212042     -0.00459913     -0.00000975
ATVX     1  Mu1.0002  Se1.134                       0.29617985     -0.00441125      0.01159810     -0.00005116
ATVX     1  Mu1.0001  Se1.135                       0.27564344      0.00006002     -0.00015577     -0.00000001
ATVX     1  Mu1.0001  Se1.136                       0.26882905      0.00252679     -0.00562506     -0.00001421
ATVX     1  Mu1.0001  Se1.137                       0.28660331      0.00002321     -0.00002958     -0.00000000
ATVX     1  Mu1.0001  Se1.138                       0.29396132     -0.00015880      0.00019823     -0.00000003
--

   (Skipping property calculation,
    use PROP keyword to activate)
--

++ CASPT2 computation for group   5

********************************************************************************
 Multi-State initialization phase begins for group   5
--------------------------------------------------------------------------------
********************************************************************************
 Compute H0 matrices for state    5
--------------------------------------------------------------------------------
--------------------------------------------------------------------------------
 H0 matrices have been computed.

********************************************************************************
  CASPT2 EQUATION SOLUTION
--------------------------------------------------------------------------------

  Total nr of CASPT2 parameters:
   Before reduction:  1876168956
   After  reduction:  1876168956

 Variance of |WF0>:      23.4900789226

 The contributions to the second order correlation energy in atomic units.
-----------------------------------------------------------------------------------------------------------------------------
  IT.      VJTU        VJTI        ATVX        AIVX        VJAI        BVAT        BJAT        BJAI        TOTAL       RNORM  
-----------------------------------------------------------------------------------------------------------------------------
   1    -0.035501   -0.020676   -0.021791   -0.146677   -0.337219   -0.088139   -0.813948   -3.502159   -4.966111    0.014780
   2    -0.037352   -0.020766   -0.022274   -0.147456   -0.337591   -0.088405   -0.815286   -3.503110   -4.972241    0.004282
   3    -0.037462   -0.020774   -0.022311   -0.147450   -0.337609   -0.088441   -0.815336   -3.503140   -4.972522    0.000604
   4    -0.037478   -0.020770   -0.022298   -0.147406   -0.337587   -0.088424   -0.815256   -3.503080   -4.972301    0.000104
   5    -0.037478   -0.020770   -0.022298   -0.147405   -0.337587   -0.088423   -0.815253   -3.503079   -4.972293    0.000015
   6    -0.037478   -0.020770   -0.022298   -0.147406   -0.337587   -0.088423   -0.815255   -3.503080   -4.972298    0.000003
-----------------------------------------------------------------------------------------------------------------------------

  FINAL CASPT2 RESULT:

      Reference energy:       -3929.6316509593
      E2 (Non-variational):      -4.9722981666
      Shift correction:          -0.0351534100
      E2 (Variational):          -5.0074515766
      Total energy:           -3934.6391025359
      Residual norm:              0.0000004944
      Reference weight:           0.38092

      Contributions to the CASPT2 correlation energy
      Active & Virtual Only:         -0.1107212768
      One Inactive Excited:          -1.0001392787
      Two Inactive Excited:          -3.8614376111


++ Denominators, etc.
--------------------------------------------------------------------------------------------------------------
 Report on small energy denominators, large coefficients, and large energy contributions.
CASE  SYMM ACTIVE-MIX  NON-ACTIVE INDICES          DENOMINATOR     RHS VALUE       COEFFICIENT     CONTRIBUTION
VJTU     1  Mu1.0002  In1.074                       0.53775559      0.01689872     -0.02824679     -0.00047733
VJTU     1  Mu1.0002  In1.087                       0.41016135      0.01254335     -0.02647948     -0.00033214
VJTU     1  Mu1.0001  In1.095                       0.34482168      0.02409890     -0.05762694     -0.00138875
VJTU     1  Mu1.0002  In1.097                       0.34160393     -0.05547639      0.12345936     -0.00684908
VJTU     1  Mu1.0003  In1.097                       0.34760388     -0.01136674      0.02526592     -0.00028719
VJTU     1  Mu1.0001  In1.098                       0.26071811     -0.00811243      0.02142881     -0.00017384
VJTU     1  Mu1.0002  In1.098                       0.28831040     -0.01293472      0.03091395     -0.00039986
VJTU     1  Mu1.0003  In1.098                       0.29431035      0.00182879     -0.00329029     -0.00000602
VJTU     1  Mu1.0001  In1.099                       0.27776040     -0.01252317      0.03294832     -0.00041262
VJTU     1  Mu1.0002  In1.099                       0.30535269     -0.04347441      0.10444464     -0.00454067
VJTU     1  Mu1.0002  In1.100                       0.46427379      0.01864563     -0.03519607     -0.00065625
ATVX     1  Mu1.0001  Se1.113                       0.12198592     -0.00048986      0.00090659     -0.00000044
ATVX     1  Mu1.0002  Se1.113                       0.12489609     -0.00045578      0.00076328     -0.00000035
ATVX     1  Mu1.0003  Se1.113                       0.13046360     -0.00019187      0.00046142     -0.00000009
ATVX     1  Mu1.0004  Se1.113                       0.19943096      0.00013718     -0.00118654     -0.00000016
ATVX     1  Mu1.0005  Se1.113                       0.22031728     -0.00054134      0.00037433     -0.00000020
ATVX     1  Mu1.0006  Se1.113                       0.22583328     -0.00296336      0.00634323     -0.00001880
ATVX     1  Mu1.0007  Se1.113                       0.22923284     -0.00150592      0.00365285     -0.00000550
ATVX     1  Mu1.0008  Se1.113                       0.23998683     -0.00000353      0.00003467     -0.00000000
ATVX     1  Mu1.0009  Se1.113                       0.24897276     -0.00114894      0.00312501     -0.00000359
ATVX     1  Mu1.0010  Se1.113                       0.25202225     -0.00019850      0.00041907     -0.00000008
ATVX     1  Mu1.0011  Se1.113                       0.26750542      0.00005669     -0.00013474     -0.00000001
ATVX     1  Mu1.0012  Se1.113                       0.27769241      0.00058064     -0.00151145     -0.00000088
ATVX     1  Mu1.0001  Se1.114                       0.14798446      0.00279321     -0.00568787     -0.00001589
ATVX     1  Mu1.0002  Se1.114                       0.15089462      0.00092223     -0.00245772     -0.00000227
ATVX     1  Mu1.0003  Se1.114                       0.15646214     -0.02120458      0.05410406     -0.00114725
ATVX     1  Mu1.0004  Se1.114                       0.22542950     -0.00262046      0.00651816     -0.00001708
ATVX     1  Mu1.0005  Se1.114                       0.24631582      0.00056484     -0.00155531     -0.00000088
ATVX     1  Mu1.0006  Se1.114                       0.25183181     -0.00024315      0.00076858     -0.00000019
ATVX     1  Mu1.0007  Se1.114                       0.25523138      0.00077732     -0.00227006     -0.00000176
ATVX     1  Mu1.0008  Se1.114                       0.26598537     -0.00020823      0.00046760     -0.00000010
ATVX     1  Mu1.0009  Se1.114                       0.27497129     -0.00000689     -0.00014488      0.00000000
ATVX     1  Mu1.0010  Se1.114                       0.27802078     -0.00103166      0.00260822     -0.00000269
ATVX     1  Mu1.0011  Se1.114                       0.29350396      0.00322166     -0.00795193     -0.00002562
ATVX     1  Mu1.0001  Se1.115                       0.14882529      0.00002432     -0.00007395     -0.00000000
ATVX     1  Mu1.0002  Se1.115                       0.15173546      0.00050572     -0.00101244     -0.00000051
ATVX     1  Mu1.0003  Se1.115                       0.15730297      0.00035484     -0.00087448     -0.00000031
ATVX     1  Mu1.0004  Se1.115                       0.22627033     -0.00060943      0.00123286     -0.00000075
ATVX     1  Mu1.0005  Se1.115                       0.24715665     -0.00032230      0.00100673     -0.00000032
ATVX     1  Mu1.0006  Se1.115                       0.25267264      0.00037100     -0.00142232     -0.00000053
ATVX     1  Mu1.0007  Se1.115                       0.25607221      0.00067121     -0.00158892     -0.00000107
ATVX     1  Mu1.0008  Se1.115                       0.26682620     -0.00008215      0.00020886     -0.00000002
ATVX     1  Mu1.0009  Se1.115                       0.27581213      0.00095709     -0.00219562     -0.00000210
ATVX     1  Mu1.0010  Se1.115                       0.27886161      0.00007493     -0.00016866     -0.00000001
ATVX     1  Mu1.0011  Se1.115                       0.29434479     -0.00007535      0.00018317     -0.00000001
ATVX     1  Mu1.0001  Se1.116                       0.15361642     -0.00009166      0.00021222     -0.00000002
ATVX     1  Mu1.0002  Se1.116                       0.15652659     -0.00202897      0.00400270     -0.00000812
ATVX     1  Mu1.0003  Se1.116                       0.16209410      0.00009707     -0.00031921     -0.00000003
ATVX     1  Mu1.0004  Se1.116                       0.23106146     -0.00116376      0.00277452     -0.00000323
ATVX     1  Mu1.0005  Se1.116                       0.25194778      0.00050107     -0.00121091     -0.00000061
ATVX     1  Mu1.0006  Se1.116                       0.25746377      0.00025010     -0.00061160     -0.00000015
ATVX     1  Mu1.0007  Se1.116                       0.26086334      0.00029083     -0.00065848     -0.00000019
ATVX     1  Mu1.0008  Se1.116                       0.27161733     -0.00007146      0.00016665     -0.00000001
ATVX     1  Mu1.0009  Se1.116                       0.28060326     -0.00005422      0.00016036     -0.00000001
ATVX     1  Mu1.0010  Se1.116                       0.28365275      0.00012424     -0.00028118     -0.00000003
ATVX     1  Mu1.0011  Se1.116                       0.29913592      0.00001853     -0.00004661     -0.00000000
ATVX     1  Mu1.0001  Se1.117                       0.16007454      0.00345042     -0.00797012     -0.00002750
ATVX     1  Mu1.0002  Se1.117                       0.16298471      0.00007454     -0.00011638     -0.00000001
ATVX     1  Mu1.0003  Se1.117                       0.16855222      0.00122154     -0.00334616     -0.00000409
ATVX     1  Mu1.0004  Se1.117                       0.23751958      0.00024293     -0.00043483     -0.00000011
ATVX     1  Mu1.0005  Se1.117                       0.25840590     -0.00018451      0.00028566     -0.00000005
ATVX     1  Mu1.0006  Se1.117                       0.26392189      0.00007357     -0.00016138     -0.00000001
ATVX     1  Mu1.0007  Se1.117                       0.26732146     -0.00014847      0.00036987     -0.00000005
ATVX     1  Mu1.0008  Se1.117                       0.27807545      0.00169163     -0.00409162     -0.00000692
ATVX     1  Mu1.0009  Se1.117                       0.28706138      0.00010342     -0.00026188     -0.00000003
ATVX     1  Mu1.0010  Se1.117                       0.29011087      0.00009854     -0.00025988     -0.00000003
ATVX     1  Mu1.0001  Se1.118                       0.16888248     -0.00329631      0.00763329     -0.00002516
ATVX     1  Mu1.0002  Se1.118                       0.17179264     -0.00009256      0.00015827     -0.00000001
ATVX     1  Mu1.0003  Se1.118                       0.17736015     -0.00195044      0.00502616     -0.00000980
ATVX     1  Mu1.0004  Se1.118                       0.24632751     -0.00033485      0.00061192     -0.00000020
ATVX     1  Mu1.0005  Se1.118                       0.26721383      0.00017917     -0.00028672     -0.00000005
ATVX     1  Mu1.0006  Se1.118                       0.27272983     -0.00008329      0.00020434     -0.00000002
ATVX     1  Mu1.0007  Se1.118                       0.27612940      0.00025829     -0.00062599     -0.00000016
ATVX     1  Mu1.0008  Se1.118                       0.28688339     -0.00162386      0.00389612     -0.00000633
ATVX     1  Mu1.0009  Se1.118                       0.29586931     -0.00017971      0.00041261     -0.00000007
ATVX     1  Mu1.0010  Se1.118                       0.29891880     -0.00017472      0.00041799     -0.00000007
ATVX     1  Mu1.0001  Se1.119                       0.16756302     -0.00047359      0.00107767     -0.00000051
ATVX     1  Mu1.0002  Se1.119                       0.17047318     -0.00031765      0.00047505     -0.00000015
ATVX     1  Mu1.0003  Se1.119                       0.17604069     -0.00000766      0.00006353     -0.00000000
ATVX     1  Mu1.0004  Se1.119                       0.24500805     -0.00033627      0.00045203     -0.00000015
ATVX     1  Mu1.0005  Se1.119                       0.26589437      0.00056118     -0.00097375     -0.00000055
ATVX     1  Mu1.0006  Se1.119                       0.27141037     -0.00005548     -0.00028024      0.00000002
ATVX     1  Mu1.0007  Se1.119                       0.27480994      0.00101654     -0.00236019     -0.00000240
ATVX     1  Mu1.0008  Se1.119                       0.28556393     -0.00036951      0.00088343     -0.00000033
ATVX     1  Mu1.0009  Se1.119                       0.29454985      0.00119179     -0.00260875     -0.00000311
ATVX     1  Mu1.0010  Se1.119                       0.29759934      0.00016533     -0.00037110     -0.00000006
ATVX     1  Mu1.0001  Se1.120                       0.16715306      0.00418464     -0.00958001     -0.00004009
ATVX     1  Mu1.0002  Se1.120                       0.17006323      0.00007943     -0.00015144     -0.00000001
ATVX     1  Mu1.0003  Se1.120                       0.17563074      0.00070603     -0.00215511     -0.00000152
ATVX     1  Mu1.0004  Se1.120                       0.24459810      0.00015390     -0.00024267     -0.00000004
ATVX     1  Mu1.0005  Se1.120                       0.26548442     -0.00015923      0.00020311     -0.00000003
ATVX     1  Mu1.0006  Se1.120                       0.27100041      0.00008048     -0.00023211     -0.00000002
ATVX     1  Mu1.0007  Se1.120                       0.27439998      0.00001888     -0.00003007     -0.00000000
ATVX     1  Mu1.0008  Se1.120                       0.28515397      0.00185511     -0.00447253     -0.00000830
ATVX     1  Mu1.0009  Se1.120                       0.29413990      0.00034984     -0.00081838     -0.00000029
ATVX     1  Mu1.0010  Se1.120                       0.29718939      0.00016660     -0.00040633     -0.00000007
ATVX     1  Mu1.0001  Se1.121                       0.17751290      0.00178306     -0.00332014     -0.00000592
ATVX     1  Mu1.0002  Se1.121                       0.18042306      0.00007400     -0.00015422     -0.00000001
ATVX     1  Mu1.0003  Se1.121                       0.18599057      0.00070853     -0.00199348     -0.00000141
ATVX     1  Mu1.0004  Se1.121                       0.25495793      0.00021245     -0.00046043     -0.00000010
ATVX     1  Mu1.0005  Se1.121                       0.27584425     -0.00013442      0.00017160     -0.00000002
ATVX     1  Mu1.0006  Se1.121                       0.28136025      0.00009945     -0.00024860     -0.00000002
ATVX     1  Mu1.0007  Se1.121                       0.28475981     -0.00003318      0.00007990     -0.00000000
ATVX     1  Mu1.0008  Se1.121                       0.29551380      0.00139747     -0.00336222     -0.00000470
ATVX     1  Mu1.0001  Se1.122                       0.17709814      0.00006524     -0.00017751     -0.00000001
ATVX     1  Mu1.0002  Se1.122                       0.18000831     -0.00051762      0.00076094     -0.00000039
ATVX     1  Mu1.0003  Se1.122                       0.18557582      0.00006494     -0.00017847     -0.00000001
ATVX     1  Mu1.0004  Se1.122                       0.25454318     -0.00080863      0.00134320     -0.00000109
ATVX     1  Mu1.0005  Se1.122                       0.27542950     -0.00005110      0.00047222     -0.00000002
ATVX     1  Mu1.0006  Se1.122                       0.28094549     -0.00014116     -0.00004110      0.00000001
ATVX     1  Mu1.0007  Se1.122                       0.28434506      0.00110382     -0.00250499     -0.00000277
ATVX     1  Mu1.0008  Se1.122                       0.29509905     -0.00020496      0.00047000     -0.00000010
ATVX     1  Mu1.0001  Se1.123                       0.19341922      0.00013459     -0.00036294     -0.00000005
ATVX     1  Mu1.0002  Se1.123                       0.19632939     -0.00055540      0.00113001     -0.00000063
ATVX     1  Mu1.0003  Se1.123                       0.20189690      0.00003483     -0.00010198     -0.00000000
ATVX     1  Mu1.0004  Se1.123                       0.27086426     -0.00035498      0.00053600     -0.00000019
ATVX     1  Mu1.0005  Se1.123                       0.29175058     -0.00032904      0.00051849     -0.00000017
ATVX     1  Mu1.0006  Se1.123                       0.29726657      0.00004977     -0.00005149     -0.00000000
ATVX     1  Mu1.0001  Se1.124                       0.19536033     -0.01238547      0.03322636     -0.00041152
ATVX     1  Mu1.0002  Se1.124                       0.19827050     -0.00005798      0.00006958     -0.00000000
ATVX     1  Mu1.0003  Se1.124                       0.20383801      0.00063618     -0.00115522     -0.00000073
ATVX     1  Mu1.0004  Se1.124                       0.27280537      0.00029466     -0.00079544     -0.00000023
ATVX     1  Mu1.0005  Se1.124                       0.29369169      0.00023477     -0.00053270     -0.00000013
ATVX     1  Mu1.0006  Se1.124                       0.29920769      0.00054065     -0.00122209     -0.00000066
ATVX     1  Mu1.0001  Se1.125                       0.19899121      0.00065357     -0.00205421     -0.00000134
ATVX     1  Mu1.0002  Se1.125                       0.20190138     -0.00039886      0.00106789     -0.00000043
ATVX     1  Mu1.0003  Se1.125                       0.20746889      0.00363642     -0.01001261     -0.00003641
ATVX     1  Mu1.0004  Se1.125                       0.27643625      0.00008260     -0.00038584     -0.00000003
ATVX     1  Mu1.0005  Se1.125                       0.29732257     -0.00013992      0.00028503     -0.00000004
ATVX     1  Mu1.0001  Se1.126                       0.20608729     -0.00008606      0.00022769     -0.00000002
ATVX     1  Mu1.0002  Se1.126                       0.20899745     -0.00010134      0.00019569     -0.00000002
ATVX     1  Mu1.0003  Se1.126                       0.21456496     -0.00003699      0.00007871     -0.00000000
ATVX     1  Mu1.0004  Se1.126                       0.28353232     -0.00039374      0.00096343     -0.00000038
ATVX     1  Mu1.0001  Se1.127                       0.21153962      0.00021421     -0.00041373     -0.00000009
ATVX     1  Mu1.0002  Se1.127                       0.21444978      0.00036187     -0.00098049     -0.00000035
ATVX     1  Mu1.0003  Se1.127                       0.22001729     -0.00348550      0.00948941     -0.00003308
ATVX     1  Mu1.0004  Se1.127                       0.28898465     -0.00014305      0.00048525     -0.00000007
ATVX     1  Mu1.0001  Se1.128                       0.22212772      0.00011344     -0.00021349     -0.00000002
ATVX     1  Mu1.0002  Se1.128                       0.22503789      0.00084840     -0.00166828     -0.00000142
ATVX     1  Mu1.0003  Se1.128                       0.23060540     -0.00019954      0.00054526     -0.00000011
ATVX     1  Mu1.0004  Se1.128                       0.29957276      0.00141200     -0.00221115     -0.00000312
ATVX     1  Mu1.0001  Se1.129                       0.23097104     -0.00316046      0.00715026     -0.00002260
ATVX     1  Mu1.0002  Se1.129                       0.23388121      0.00001845     -0.00014286     -0.00000000
ATVX     1  Mu1.0003  Se1.129                       0.23944872     -0.00029240      0.00098025     -0.00000029
ATVX     1  Mu1.0001  Se1.130                       0.23501682      0.00009930     -0.00027105     -0.00000003
ATVX     1  Mu1.0002  Se1.130                       0.23792699     -0.00414362      0.00892737     -0.00003699
ATVX     1  Mu1.0003  Se1.130                       0.24349450     -0.00020252      0.00039980     -0.00000008
ATVX     1  Mu1.0001  Se1.131                       0.23603334      0.00099403     -0.00209731     -0.00000208
ATVX     1  Mu1.0002  Se1.131                       0.23894350      0.00001823     -0.00002383     -0.00000000
ATVX     1  Mu1.0003  Se1.131                       0.24451102     -0.00003999      0.00001701     -0.00000000
ATVX     1  Mu1.0001  Se1.132                       0.23268214      0.00026688     -0.00066132     -0.00000018
ATVX     1  Mu1.0002  Se1.132                       0.23559230      0.00204542     -0.00478056     -0.00000978
ATVX     1  Mu1.0003  Se1.132                       0.24115981      0.00021238     -0.00053046     -0.00000011
ATVX     1  Mu1.0001  Se1.133                       0.24409553      0.00010964     -0.00024948     -0.00000003
ATVX     1  Mu1.0002  Se1.133                       0.24700570     -0.00353438      0.00733264     -0.00002592
ATVX     1  Mu1.0003  Se1.133                       0.25257321     -0.00022890      0.00048803     -0.00000011
ATVX     1  Mu1.0001  Se1.134                       0.24200016      0.00008600     -0.00022228     -0.00000002
ATVX     1  Mu1.0002  Se1.134                       0.24491032     -0.00118084      0.00316846     -0.00000374
ATVX     1  Mu1.0003  Se1.134                       0.25047783     -0.00006781      0.00016000     -0.00000001
ATVX     1  Mu1.0001  Se1.135                       0.26097356      0.00018009     -0.00040007     -0.00000007
ATVX     1  Mu1.0002  Se1.135                       0.26388373      0.00001076     -0.00005347     -0.00000000
ATVX     1  Mu1.0003  Se1.135                       0.26945124     -0.00124372      0.00326242     -0.00000406
ATVX     1  Mu1.0001  Se1.136                       0.25543521     -0.00014288      0.00033561     -0.00000005
ATVX     1  Mu1.0002  Se1.136                       0.25834538     -0.00914570      0.01934870     -0.00017696
ATVX     1  Mu1.0003  Se1.136                       0.26391289     -0.00048350      0.00100051     -0.00000048
ATVX     1  Mu1.0001  Se1.137                       0.26963761     -0.00161596      0.00268882     -0.00000435
ATVX     1  Mu1.0002  Se1.137                       0.27254777     -0.00011477      0.00024415     -0.00000003
ATVX     1  Mu1.0003  Se1.137                       0.27811529      0.00022069     -0.00049063     -0.00000011
ATVX     1  Mu1.0001  Se1.138                       0.28225674     -0.00013536      0.00032567     -0.00000004
ATVX     1  Mu1.0002  Se1.138                       0.28516691     -0.00024317      0.00048115     -0.00000012
ATVX     1  Mu1.0003  Se1.138                       0.29073442     -0.00009718      0.00022383     -0.00000002
ATVX     1  Mu1.0001  Se1.139                       0.29119707      0.00052168     -0.00120271     -0.00000063
ATVX     1  Mu1.0002  Se1.139                       0.29410724     -0.00152204      0.00333060     -0.00000507
ATVX     1  Mu1.0003  Se1.139                       0.29967475      0.00014360     -0.00034238     -0.00000005
ATVX     1  Mu1.0001  Se1.140                       0.29652265     -0.00072456      0.00164991     -0.00000120
ATVX     1  Mu1.0002  Se1.140                       0.29943282     -0.00036807      0.00096193     -0.00000035
ATVX     1  Mu1.0001  Se1.141                       0.28821922     -0.00014975      0.00032702     -0.00000005
ATVX     1  Mu1.0002  Se1.141                       0.29112938     -0.00342249      0.00866453     -0.00002965
ATVX     1  Mu1.0003  Se1.141                       0.29669690     -0.00032844      0.00082965     -0.00000027
--

   (Skipping property calculation,
    use PROP keyword to activate)
--

  Total CASPT2 energies:
::    CASPT2 Root  1     Total energy:  -3934.67304790
::    CASPT2 Root  2     Total energy:  -3934.66220894
::    CASPT2 Root  3     Total energy:  -3934.69849919
::    CASPT2 Root  4     Total energy:  -3934.65379375
::    CASPT2 Root  5     Total energy:  -3934.63910254

++ Multi-State CASPT2 section:
********************************************************************************
  MULTI-STATE CASPT2 SECTION
--------------------------------------------------------------------------------

  Output diagonal energies have been shifted. Add   -3934.0000000000000     

  Effective Hamiltonian matrix (Symmetric):

                1               2               3               4               5
   1        -0.67304790
   2         0.00018196     -0.66220894
   3         0.00143153     -0.00668437     -0.69849919
   4        -0.01137096      0.00031554      0.00049745     -0.65379375
   5        -0.00008035      0.00429577     -0.00142406     -0.00008969     -0.63910254

       Total MS-CASPT2 energies:
::    MS-CASPT2 Root  1     Total energy:  -3934.69980820
::    MS-CASPT2 Root  2     Total energy:  -3934.67821060
::    MS-CASPT2 Root  3     Total energy:  -3934.66190063
::    MS-CASPT2 Root  4     Total energy:  -3934.64851740
::    MS-CASPT2 Root  5     Total energy:  -3934.63821549

       Eigenvectors:
           -0.06558508      0.90479541      0.01047665     -0.42062690     -0.00266826
            0.17394059      0.00977025      0.96646522      0.01677514      0.18791698
            0.98211356      0.07061231     -0.16880851     -0.00516661     -0.04408908
           -0.02799674      0.41981550     -0.01469592      0.90705758     -0.00130299
            0.01060203      0.00431973     -0.19267314     -0.00338423      0.98119037

--

  THE ORIGINAL CI ARRAYS ARE NOW MIXED AS LINEAR
  COMBINATIONS, GIVEN BY THE EIGENVECTORS.
  A NEW JOBIPH FILE NAMED 'JOBMIX' IS PREPARED.
********************************************************************************

++ Mixed CI coefficients:
  The CI coefficients for the MIXED state nr.   1
--------------------------------------------------------------------------------
 CI COEFFICIENTS LARGER THAN  5.00E-02
  Occupation of active orbitals, and spin coupling
  of open shells. (u,d: Spin up or down).
  SGUGA info is (Midvert:IsyUp:UpperWalk/LowerWalk)
        Conf  SGUGA info        Occupation       Coefficient         Weight
           1  ( 1:1:   1/   1)   2222uuuu0000      -0.075124       0.005644
           2  ( 1:1:   2/   1)   2222uuu0u000       0.056766       0.003222
          16  ( 1:1:   1/   2)   222u2uuu0000      -0.667515       0.445576
          19  ( 1:1:   4/   2)   222u2uu00u00      -0.175523       0.030808
          31  ( 1:1:   1/   3)   22u22uuu0000       0.105208       0.011069
          46  ( 1:1:   1/   4)   2u222uuu0000       0.629112       0.395781
          49  ( 1:1:   4/   4)   2u222uu00u00       0.172701       0.029825
          61  ( 1:1:   1/   5)   u2222uuu0000      -0.162913       0.026541
         136  ( 1:1:   1/  10)   22uu22uu0000      -0.053633       0.002877
         181  ( 1:1:   1/  13)   2uu222uu0000      -0.054645       0.002986
         256  ( 2:1:  11/   2)   222u20uu000u       0.051669       0.002670

  The CI coefficients for the MIXED state nr.   2
--------------------------------------------------------------------------------
 CI COEFFICIENTS LARGER THAN  5.00E-02
  Occupation of active orbitals, and spin coupling
  of open shells. (u,d: Spin up or down).
  SGUGA info is (Midvert:IsyUp:UpperWalk/LowerWalk)
        Conf  SGUGA info        Occupation       Coefficient         Weight
           1  ( 1:1:   1/   1)   2222uuuu0000       0.956501       0.914894
           4  ( 1:1:   4/   1)   2222uuu00u00      -0.101523       0.010307
           5  ( 1:1:   5/   1)   2222uu0u0u00      -0.053350       0.002846
          12  ( 1:1:  12/   1)   2222uu0u000u       0.052544       0.002761
          16  ( 1:1:   1/   2)   222u2uuu0000      -0.053338       0.002845
          31  ( 1:1:   1/   3)   22u22uuu0000       0.133488       0.017819
          91  ( 1:1:   1/   7)   22u2u2uu0000       0.067836       0.004602
         226  ( 2:1:   1/   1)   2222u0uuu000      -0.062240       0.003874
         227  ( 2:1:   2/   1)   2222u0uu0u00      -0.050861       0.002587
         236  ( 2:1:  11/   1)   2222u0uu000u      -0.071091       0.005054
         336  ( 2:1:  11/   6)   22220uuu000u       0.054569       0.002978

  The CI coefficients for the MIXED state nr.   3
--------------------------------------------------------------------------------
 CI COEFFICIENTS LARGER THAN  5.00E-02
  Occupation of active orbitals, and spin coupling
  of open shells. (u,d: Spin up or down).
  SGUGA info is (Midvert:IsyUp:UpperWalk/LowerWalk)
        Conf  SGUGA info        Occupation       Coefficient         Weight
           2  ( 1:1:   2/   1)   2222uuu0u000       0.938933       0.881595
           3  ( 1:1:   3/   1)   2222uu0uu000      -0.113381       0.012855
           7  ( 1:1:   7/   1)   2222uuu000u0      -0.083807       0.007024
           8  ( 1:1:   8/   1)   2222uu0u00u0       0.153369       0.023522
          10  ( 1:1:  10/   1)   2222uu000uu0       0.085296       0.007275
          32  ( 1:1:   2/   3)   22u22uu0u000       0.113694       0.012926
          92  ( 1:1:   2/   7)   22u2u2u0u000       0.063272       0.004003
         226  ( 2:1:   1/   1)   2222u0uuu000       0.066852       0.004469
         237  ( 2:1:  12/   1)   2222u0u0u00u      -0.072148       0.005205
         337  ( 2:1:  12/   6)   22220uu0u00u       0.052045       0.002709

  The CI coefficients for the MIXED state nr.   4
--------------------------------------------------------------------------------
 CI COEFFICIENTS LARGER THAN  5.00E-02
  Occupation of active orbitals, and spin coupling
  of open shells. (u,d: Spin up or down).
  SGUGA info is (Midvert:IsyUp:UpperWalk/LowerWalk)
        Conf  SGUGA info        Occupation       Coefficient         Weight
           1  ( 1:1:   1/   1)   2222uuuu0000      -0.116021       0.013461
           4  ( 1:1:   4/   1)   2222uuu00u00      -0.950442       0.903341
           5  ( 1:1:   5/   1)   2222uu0u0u00      -0.071568       0.005122
          12  ( 1:1:  12/   1)   2222uu0u000u       0.071763       0.005150
          34  ( 1:1:   4/   3)   22u22uu00u00      -0.121806       0.014837
          94  ( 1:1:   4/   7)   22u2u2u00u00      -0.064342       0.004140
         227  ( 2:1:   2/   1)   2222u0uu0u00      -0.078321       0.006134
         228  ( 2:1:   3/   1)   2222u0u0uu00      -0.066729       0.004453
         239  ( 2:1:  14/   1)   2222u0u00u0u       0.081163       0.006587
         339  ( 2:1:  14/   6)   22220uu00u0u      -0.055856       0.003120

  The CI coefficients for the MIXED state nr.   5
--------------------------------------------------------------------------------
 CI COEFFICIENTS LARGER THAN  5.00E-02
  Occupation of active orbitals, and spin coupling
  of open shells. (u,d: Spin up or down).
  SGUGA info is (Midvert:IsyUp:UpperWalk/LowerWalk)
        Conf  SGUGA info        Occupation       Coefficient         Weight
           2  ( 1:1:   2/   1)   2222uuu0u000       0.139959       0.019588
           3  ( 1:1:   3/   1)   2222uu0uu000       0.759288       0.576518
           6  ( 1:1:   6/   1)   2222uu00uu00      -0.391152       0.153000
           7  ( 1:1:   7/   1)   2222uuu000u0       0.430433       0.185273
          33  ( 1:1:   3/   3)   22u22u0uu000       0.092201       0.008501
          37  ( 1:1:   7/   3)   22u22uu000u0       0.055993       0.003135
         226  ( 2:1:   1/   1)   2222u0uuu000       0.078088       0.006098
         238  ( 2:1:  13/   1)   2222u00uu00u      -0.059204       0.003505

--

Note: The following floating-point exceptions are signalling: IEEE_UNDERFLOW_FLAG IEEE_DENORMAL
--- Stop Module: caspt2 at Thu Jul  2 16:57:16 2026 /rc=_RC_ALL_IS_WELL_ ---
*** files: xmldump
    saved to directory <scratch-path-omitted>
--- Module caspt2 spent 21 hours 44 minutes 5 seconds ---

.##################.
.# Happy landing! #.
.##################.

    Timing: Wall=80947.48 User=73715.74 System=7069.62
