   This run of MOLCAS is using the pymolcas driver

                             OPE
                             OPE          NMOL  CASOP  ENMOLC A   SO
                 OPE        NMOLC        AS  OP EN  MO LC     AS  OP
                OPENM       OL CA        SO  PE NM  OL CA     SOP EN
                OP EN      MO   LC       AS  OP ENMOL  CASO   PENMOL
                OP  EN     MO   LC       AS  OP EN     MO     LC ASO
               OP   E  NMOL  C  AS       OP  EN MO     LC     AS  OP
               OP  E   NMO   LC AS        OPEN  MO     LCASOP EN   M
               O  PEN   MO  LCA  SO
            OPE   NMO   L   CAS    OP
        OPENMOL  CASOP     ENMOL   CASOPE
     OPENMOLCA   SOPENMOLCASOPEN   MOLCASOPE
    OPENMOLCAS   OP           EN   MOL    CAS
    OPENMOLCAS       OP  ENM        O     LCA
    OPENMOLCAS    OPEN  MOLCASO     P  E  NMO
    OPENMOLCAS     OP               E  N  MOL
    OPENMOLCA   SO           PENM   O  L  CAS    OPEN    MO    LCAS
    OPENMOLCA   SOP           ENM   O  L  CAS   OP  EN  MOLC  AS   O
    OPENMOLCA   SOPE           NM      O  LCA   S      OP  EN MO
    OPENMOLC                AS         O  PEN   M      OL  CA  SOPE
    OPENMO        LCASOPE  NMOL        C  ASO   P      ENMOLC     AS
    OPE     NMO      LCA  SO     P     E   NM   OL  CA SO  PE N   MO
          OPENMOLCA            SOPE   NMO        LCAS  O    P  ENMO
     OPENMOLCASOPENMOLCASOPENMOLCASOPENMOLCA
        OPENMOLCASOPENMOLCASOPENMOLCASOPE
            OPENMOLCASOPENMOLCASOPENM
               OPENMOLCASOPENMOLCA        version: v24.02
                   OPENMOLCASO
                       OPE                tag:

 OpenMolcas is free software; you can redistribute it and/or modify it
 under the terms of the GNU Lesser General Public License version 2.1.
 OpenMolcas is distributed in the hope that it will be useful, but it
 is provided "as is" and without any express or implied warranties.
 For more details see the full text of the license in the file
 LICENSE or in <http://www.gnu.org/licenses/>.

                 Copyright (C) The OpenMolcas Authors
           For the author list and the recommended citation,
                   consult the file CONTRIBUTORS.md

           *************************************************
           * pymolcas version py2.28                       *
           *   build c4a6d18ded8cb6cad61d2372a9abd97c      *
           *   (after the EMIL interpreter by V. Veryazov) *
           *************************************************

configuration info
------------------
Host name: login02 (Linux)
C Compiler ID: GNU
C flags: -std=gnu99
Fortran Compiler ID: GNU
Fortran flags: -fno-aggressive-loop-optimizations -cpp -fdefault-integer-8 -fmax-stack-var-size=1048576
Definitions: _MOLCAS_;_I8_;_LINUX_;_MOLCAS_MPP_;_SCALAPACK_;_GA_
Parallel: ON (GA=ON)


   -------------------------------------------------------------------------------------------------------------------------------
  |
  |                 Project: caspt2xms_Q
  |          Submitted from: <scratch-path-omitted>
  |            Scratch area: <scratch-path-omitted>
  |         Save outputs to: <scratch-path-omitted>
  |                  Molcas: /opt/bwhpc/common/chem/openmolcas/24.02_gnu-system_openmpi-4.1_mkl-2023.1.0
  |
  | Scratch area is empty
  |
  |             MOLCAS_BIN = /opt/bwhpc/common/chem/openmolcas/24.02_gnu-system_openmpi-4.1_mkl-2023.1.0/bin
  |         MOLCAS_DOC_DIR = /opt/bwhpc/common/chem/openmolcas/24.02_gnu-system_openmpi-4.1_mkl-2023.1.0/doc
  |          MOLCAS_DRIVER = <OpenMolcas-executable-path-omitted>
  |         MOLCAS_EXA_DIR = /opt/bwhpc/common/chem/openmolcas/24.02_gnu-system_openmpi-4.1_mkl-2023.1.0/bwhpc-examples
  |            MOLCAS_HOME = /opt/bwhpc/common/chem/openmolcas/24.02_gnu-system_openmpi-4.1_mkl-2023.1.0
  | MOLCAS_JUSTUS2_EXA_DIR = /opt/bwhpc/common/chem/openmolcas/24.02_gnu-system_openmpi-4.1_mkl-2023.1.0/bwhpc-examples
  |          MOLCAS_NPROCS = 1
  |           MOLCAS_PRINT = 2
  |            MOLCAS_SBIN = /opt/bwhpc/common/chem/openmolcas/24.02_gnu-system_openmpi-4.1_mkl-2023.1.0/sbin
  |          MOLCAS_SOURCE = /opt/bwhpc/common/chem/openmolcas/24.02_gnu-system_openmpi-4.1_mkl-2023.1.0
  |       MOLCAS_STRUCTURE = 0
  |         MOLCAS_VERSION = 24.02
  |
   -------------------------------------------------------------------------------------------------------------------------------

++ ---------   Input file   ---------

&GATEWAY
 coord = opt_optimized.xyz
 basis = Def2-TZVP
 group = nosym
 amfi
 RICD

&SEWARD

&RASSCF
 fileorb = rasscf.RasOrb
 cionly
 charge = 0
 spin = 5
 nactel = 12 0 0
 inactive = 100
 ras2 = 12
 ciroot = 5 5 1
 thrs = 1.0d-7 1.0d-5 1.0d-5
 outorbital = canonical

&CASPT2
 xmulti = 5 1 2 3 4 5
 imag = 0.2
 ipeashift = 0.25

-- ----------------------------------

--- Start Module: gateway at Wed Jul  1 17:42:23 2026 ---

()()()()()()()()()()()()()()()()()()()()()()()()()()()()()()()()()()()()()()()()()()()()()()()()()()

                                              &GATEWAY

                       only a single process is used, running in SERIAL mode
                       available to each process: 12 GB of memory, 1 thread?
                                            pid: 2854425
()()()()()()()()()()()()()()()()()()()()()()()()()()()()()()()()()()()()()()()()()()()()()()()()()()


++    Symmetry information:
      ---------------------

                    Character Table for C1 

                             E  
                    a        1  x, y, xy, Rz, z, xz, Ry, yz, Rx, I
--


++    Basis set information:
      ----------------------


      Basis set label: C.DEF2-TZVP.........

      Electronic valence basis set:
      ------------------
      Associated Effective Charge   6.000000 au
      Associated Actual Charge      6.000000 au
      Nuclear Model: Point charge

      Shell  nPrim  nBasis  Cartesian Spherical Contaminant
         s      11       5        X                  
         p       6       3        X                  
         d       2       2                 X         
         f       1       1                 X         


      Basis set label: H.DEF2-TZVP.........

      Electronic valence basis set:
      ------------------
      Associated Effective Charge   1.000000 au
      Associated Actual Charge      1.000000 au
      Nuclear Model: Point charge

      Shell  nPrim  nBasis  Cartesian Spherical Contaminant
         s       5       3        X                  
         p       1       1        X                  


      Basis set label: NI.DEF2-TZVP.........

      Electronic valence basis set:
      ------------------
      Associated Effective Charge  28.000000 au
      Associated Actual Charge     28.000000 au
      Nuclear Model: Point charge

      Shell  nPrim  nBasis  Cartesian Spherical Contaminant
         s      17       6        X                  
         p      11       4        X                  
         d       7       4                 X         
         f       1       1                 X         
--


++    Molecular structure info:
      -------------------------

                    ************************************************ 
                    **** Cartesian Coordinates / Bohr, Angstrom **** 
                    ************************************************ 

     Center  Label                x              y              z                     x              y              z
        1      C1               2.700873      -0.014140       0.053364              1.429240      -0.007483       0.028239
        2      C2               1.338269       2.346166       0.052986              0.708181       1.241537       0.028039
        3      C3              -1.358013       2.352197      -0.050975             -0.718630       1.244729      -0.026975
        4      C4              -2.700873       0.014140       0.053364             -1.429240       0.007483       0.028239
        5      C5              -1.338269      -2.346166       0.052987             -0.708182      -1.241537       0.028039
        6      C6               1.358013      -2.352197      -0.050975              0.718630      -1.244729      -0.026975
        7      C7               5.430022      -0.032061       0.005879              2.873444      -0.016966       0.003111
        8      C8               2.687271       4.718649       0.004773              1.422042       2.497001       0.002526
        9      C9              -2.703012       4.681857      -0.225865             -1.430373       2.477532      -0.119522
       10      C10             -5.430022       0.032061       0.005880             -2.873444       0.016966       0.003112
       11      C11             -2.687271      -4.718649       0.004773             -1.422043      -2.497001       0.002526
       12      C12              2.703013      -4.681856      -0.225865              1.430373      -2.477532      -0.119522
       13      C13              6.688107       2.329532       0.479888              3.539194       1.232735       0.253946
       14      C14              5.361458       4.627420       0.479616              2.837161       2.448725       0.253802
       15      C15              1.300790       6.993476      -0.166046              0.688348       3.700788      -0.087868
       16      C16             -1.309145       6.977593      -0.300660             -0.692770       3.692383      -0.159102
       17      C17             -5.388209       4.622601      -0.299453             -2.851317       2.446175      -0.158464
       18      C18             -6.706853       2.370347      -0.163978             -3.549114       1.254334      -0.086773
       19      C19             -6.688107      -2.329532       0.479889             -3.539194      -1.232735       0.253946
       20      C20             -5.361458      -4.627420       0.479617             -2.837162      -2.448725       0.253802
       21      C21             -1.300790      -6.993477      -0.166047             -0.688348      -3.700788      -0.087868
       22      C22              1.309146      -6.977593      -0.300660              0.692770      -3.692383      -0.159102
       23      C23              5.388209      -4.622601      -0.299453              2.851317      -2.446175      -0.158464
       24      C24              6.706853      -2.370347      -0.163978              3.549114      -1.254333      -0.086773
       25      H25              8.733391       2.331530       0.746766              4.621511       1.233793       0.395171
       26      H26              6.385836       6.397697       0.746357              3.379239       3.385516       0.394955
       27      H27              2.329212       8.782631      -0.158987              1.232566       4.647568      -0.084132
       28      H28             -2.345120       8.756381      -0.445095             -1.240984       4.633677      -0.235534
       29      H29             -6.410729       6.409185      -0.443523             -3.392412       3.391595      -0.234702
       30      H30             -8.770518       2.374354      -0.156216             -4.641158       1.256454      -0.082666
       31      H31             -8.733391      -2.331530       0.746766             -4.621512      -1.233793       0.395172
       32      H32             -6.385836      -6.397698       0.746357             -3.379239      -3.385516       0.394955
       33      H33             -2.329212      -8.782632      -0.158988             -1.232566      -4.647569      -0.084133
       34      H34              2.345121      -8.756381      -0.445095              1.240985      -4.633677      -0.235534
       35      H35              6.410729      -6.409185      -0.443522              3.392412      -3.391594      -0.234702
       36      H36              8.770518      -2.374354      -0.156216              4.641158      -1.256454      -0.082666
       37      NI37             3.989534       2.304908       3.526133              2.111171       1.219705       1.865949
       38      NI38            -3.989534      -2.304908       3.526134             -2.111171      -1.219705       1.865950

                    ************************************************* 
                    **** InterNuclear Distances / Bohr, Angstrom **** 
                    ************************************************* 

     Atom centers         Bohr        Angstrom
   25 H25      13 C13     2.062615        1.091489
   26 H26      14 C14   
   31 H31      19 C19   
   32 H32      20 C20   
   28 H28      16 C16     2.063537        1.091977
   29 H29      17 C17   
   34 H34      22 C22   
   35 H35      23 C23   
   27 H27      15 C15     2.063681        1.092053
   30 H30      18 C18   
   33 H33      21 C21   
   36 H36      24 C24   
   18 C18      17 C17     2.613394        1.382948
   24 C24      23 C23   
   16 C16      15 C15     2.613452        1.382979
   22 C22      21 C21   
   14 C14      13 C13     2.653354        1.404094
   20 C20      19 C19   
   15 C15       8 C8      2.669523        1.412650
   21 C21      11 C11   
   18 C18      10 C10     2.669593        1.412688
   24 C24       7 C7    
   16 C16       9 C9      2.686795        1.421790
   22 C22      12 C12   
   17 C17       9 C9      2.686858        1.421824
   23 C23      12 C12   
    9 C9        3 C3      2.695723        1.426515
   12 C12       6 C6    
    4 C4        3 C3      2.698271        1.427864
    6 C6        1 C1    
    3 C3        2 C2      2.698292        1.427875
    6 C6        5 C5    
   13 C13       7 C7      2.717459        1.438017
   19 C19      10 C10   
   14 C14       8 C8      2.717550        1.438065
   20 C20      11 C11   
    2 C2        1 C1      2.725387        1.442212
    5 C5        4 C4    
    7 C7        1 C1      2.729616        1.444451
    8 C8        2 C2    
   10 C10       4 C4    
   11 C11       5 C5    
   29 H29      18 C18     4.059316        2.148097
   35 H35      24 C24   
   28 H28      15 C15     4.059355        2.148118
   34 H34      21 C21   
   30 H30      17 C17     4.063883        2.150514
   36 H36      23 C23   
   27 H27      16 C16     4.063973        2.150562
   33 H33      22 C22   
   37 NI37     14 C14     4.069091        2.153270
   38 NI38     20 C20   
   37 NI37     13 C13     4.069706        2.153596
   38 NI38     19 C19   
   27 H27       8 C8      4.083011        2.160636
   33 H33      11 C11   
   30 H30      10 C10     4.083077        2.160671
   36 H36       7 C7    
   25 H25      14 C14     4.088073        2.163315
   26 H26      13 C13   
   31 H31      20 C20   
   32 H32      19 C19   
   28 H28       9 C9      4.096083        2.167554
   34 H34      12 C12   
   29 H29       9 C9      4.096120        2.167573
   35 H35      12 C12   
   25 H25       7 C7      4.128888        2.184914
   31 H31      10 C10   
   26 H26       8 C8      4.128987        2.184966
   32 H32      11 C11   
   37 NI37      2 C2      4.369629        2.312308
   38 NI38      5 C5    
   37 NI37      1 C1      4.370212        2.312617
   38 NI38      4 C4    
   37 NI37      8 C8      4.463408        2.361934
   38 NI38     11 C11   
   37 NI37      7 C7      4.464147        2.362325
   38 NI38     10 C10   
   16 C16       8 C8      4.600811        2.434644
   22 C22      11 C11   
   17 C17      10 C10     4.600873        2.434677
   23 C23       7 C7    
   15 C15       9 C9      4.623591        2.446699
   18 C18       9 C9    
   21 C21      12 C12   
   24 C24      12 C12   
   16 C16       3 C3      4.632381        2.451350
   17 C17       3 C3    
   22 C22       6 C6    
   23 C23       6 C6    
   14 C14       2 C2      4.644587        2.457809
   20 C20       5 C5    
   13 C13       1 C1      4.644649        2.457842
   19 C19       4 C4    
   15 C15       2 C2      4.652615        2.462058
   18 C18       4 C4    
   21 C21       5 C5    
   24 C24       1 C1    
    4 C4        2 C2      4.664012        2.468089
    5 C5        1 C1    
    9 C9        2 C2      4.676020        2.474443
   12 C12       5 C5    
    9 C9        4 C4      4.676061        2.474465
   12 C12       1 C1    
   30 H30      29 H29     4.683055        2.478166
   36 H36      35 H35   
   28 H28      27 H27     4.683154        2.478218
   34 H34      33 H33   
   14 C14       7 C7      4.684004        2.478668
   20 C20      10 C10   
   13 C13       8 C8      4.684048        2.478691
   19 C19      11 C11   
    7 C7        6 C6      4.686952        2.480228
    8 C8        3 C3    
   10 C10       3 C3    
   11 C11       6 C6    
   29 H29      28 H28     4.694518        2.484232
   35 H35      34 H34   
   26 H26      25 H25     4.695182        2.484583
   32 H32      31 H31   
    3 C3        1 C1      4.699467        2.486851
    6 C6        4 C4    
    5 C5        3 C3      4.699554        2.486897
    6 C6        2 C2    
   17 C17      16 C16     4.710068        2.492461
   23 C23      22 C22   
    7 C7        2 C2      4.732930        2.504559
   10 C10       5 C5    
    8 C8        1 C1      4.733058        2.504626
   11 C11       4 C4    
   19 C19      18 C18     4.743814        2.510318
   24 C24      13 C13   
   15 C15      14 C14     4.743852        2.510338
   21 C21      20 C20   
   31 H31      30 H30     4.791878        2.535753
   36 H36      25 H25   
   27 H27      26 H26     4.792051        2.535844
   33 H33      32 H32   
   28 H28      17 C17     5.135139        2.717399
   29 H29      16 C16   
   34 H34      23 C23   
   35 H35      22 C22   
   30 H30      19 C19     5.183397        2.742936
   36 H36      13 C13   
   27 H27      14 C14     5.183446        2.742961
   33 H33      20 C20   
   25 H25      24 C24     5.200380        2.751922
   31 H31      18 C18   
   26 H26      15 C15     5.200493        2.751982
   32 H32      21 C21   
   16 C16       2 C2      5.346399        2.829193
   22 C22       5 C5    
   17 C17       4 C4      5.346416        2.829202
   23 C23       1 C1    
   18 C18       3 C3      5.350065        2.831132
   24 C24       6 C6    
   15 C15       3 C3      5.350136        2.831170
   21 C21       6 C6    
   13 C13       2 C2      5.366870        2.840025
   19 C19       5 C5    
   14 C14       1 C1      5.366981        2.840084
   20 C20       4 C4    
    9 C9        8 C8      5.395341        2.855091
   12 C12      11 C11   
   10 C10       9 C9      5.395450        2.855149
   12 C12       7 C7    
    4 C4        1 C1      5.401820        2.858520
    5 C5        2 C2      5.402021        2.858626
    6 C6        3 C3      5.432137        2.874563
    8 C8        7 C7      5.485611        2.902860
   11 C11      10 C10   
   37 NI37     26 H26     5.497303        2.909047
   38 NI38     32 H32   
   37 NI37     25 H25     5.498160        2.909501
   38 NI38     31 H31   
--


            Nuclear Potential Energy           3152.76180619 au

--- Stop Module: gateway at Wed Jul  1 17:42:27 2026 /rc=_RC_ALL_IS_WELL_ ---
*** files: caspt2xms_Q.RICDLib xmldump
    saved to directory <scratch-path-omitted>
--- Module gateway spent 3 seconds ---

--- Start Module: seward at Wed Jul  1 17:42:27 2026 ---

()()()()()()()()()()()()()()()()()()()()()()()()()()()()()()()()()()()()()()()()()()()()()()()()()()

                                              &SEWARD

                       only a single process is used, running in SERIAL mode
                       available to each process: 12 GB of memory, 1 thread?
                                            pid: 2854429
()()()()()()()()()()()()()()()()()()()()()()()()()()()()()()()()()()()()()()()()()()()()()()()()()()

               SEWARD will generate:
                  Multipole Moment integrals up to order  2
                  Kinetic Energy integrals
                  Nuclear Attraction integrals (point charge)
                  One-Electron Hamiltonian integrals
                  Velocity integrals
                  Orbital angular momentum around ( 0.0000 -0.0000  0.9761 )
                  Velocity quadrupole around ( 0.0000 -0.0000  0.9761 )
                  Atomic mean-field integrals
                  RI decomposed two-electron repulsion integrals stored Cholesky style
                   - acCD auxiliary basis
                   - CD Threshold:   0.10E-03

                   Integrals are discarded if absolute value <: 1.00E-14
                   Integral cutoff threshold is set to       <: 1.00E-16

            Nuclear Potential Energy           3152.76180619 au


      Basis set specifications :
      Symmetry species         a  
      Basis functions          906


      Input file to MOLDEN was generated!

Note: The following floating-point exceptions are signalling: IEEE_UNDERFLOW_FLAG IEEE_DENORMAL
--- Stop Module: seward at Wed Jul  1 17:52:20 2026 /rc=_RC_ALL_IS_WELL_ ---
*** files: caspt2xms_Q.GssOrb caspt2xms_Q.guessorb.h5 caspt2xms_Q.guessorb.molden xmldump
    saved to directory <scratch-path-omitted>
--- Module seward spent 9 minutes 53 seconds ---

*** symbolic link created: INPORB -> caspt2xms_Q.GssOrb
--- Start Module: rasscf at Wed Jul  1 17:52:21 2026 ---

()()()()()()()()()()()()()()()()()()()()()()()()()()()()()()()()()()()()()()()()()()()()()()()()()()

                                              &RASSCF

                       only a single process is used, running in SERIAL mode
                       available to each process: 12 GB of memory, 1 thread?
                                            pid: 2855532
()()()()()()()()()()()()()()()()()()()()()()()()()()()()()()()()()()()()()()()()()()()()()()()()()()

 ###############################################################################
 ###############################################################################
 ###                                                                         ###
 ###                                                                         ###
 ###    WARNING: CHARGE and NACTEL are only compatible if INACTIVE           ###
 ###    is not given and the symmetry group is C1. Hence the                 ###
 ###    CHARGE command will be ignored.                                      ###
 ###                                                                         ###
 ###                                                                         ###
 ###############################################################################
 ###############################################################################

      Header of the ONEINT file:
      --------------------------
      
      Integrals generated by Gateway/Seward, Wed Jul  1 17:42:28 2026


      OrdInt status: non-squared


      Cartesian coordinates in Angstrom:
      -----------------------------------------------------
      No.  Label        X            Y            Z        
      -----------------------------------------------------
       1   C1         1.42924031  -0.00748264   0.02823884
       2   C2         0.70818144   1.24153737   0.02803895
       3   C3        -0.71862965   1.24472889  -0.02697471
       4   C4        -1.42924039   0.00748259   0.02823911
       5   C5        -0.70818155  -1.24153741   0.02803927
       6   C6         0.71862970  -1.24472887  -0.02697464
       7   C7         2.87344400  -0.01696604   0.00311114
       8   C8         1.42204247   2.49700128   0.00252559
       9   C9        -1.43037261   2.47753183  -0.11952247
      10   C10       -2.87344406   0.01696604   0.00311162
      11   C11       -1.42204255  -2.49700134   0.00252593
      12   C12        1.43037277  -2.47753176  -0.11952240
      13   C13        3.53919385   1.23273526   0.25394576
      14   C14        2.83716140   2.44872530   0.25380206
      15   C15        0.68834830   3.70078833  -0.08786789
      16   C16       -0.69276978   3.69238306  -0.15910225
      17   C17       -2.85131717   2.44617531  -0.15846379
      18   C18       -3.54911399   1.25433361  -0.08677346
      19   C19       -3.53919402  -1.23273526   0.25394612
      20   C20       -2.83716156  -2.44872541   0.25380223
      21   C21       -0.68834819  -3.70078845  -0.08786807
      22   C22        0.69276997  -3.69238305  -0.15910229
      23   C23        2.85131735  -2.44617519  -0.15846363
      24   C24        3.54911402  -1.25433341  -0.08677335
      25   H25        4.62151125   1.23379255   0.39517136
      26   H26        3.37923869   3.38551561   0.39495519
      27   H27        1.23256597   4.64756844  -0.08413234
      28   H28       -1.24098431   4.63367705  -0.23553410
      29   H29       -3.39241163   3.39159450  -0.23470201
      30   H30       -4.64115822   1.25645421  -0.08266621
      31   H31       -4.62151158  -1.23379256   0.39517159
      32   H32       -3.37923899  -3.38551587   0.39495488
      33   H33       -1.23256583  -4.64756868  -0.08413285
      34   H34        1.24098454  -4.63367703  -0.23553430
      35   H35        3.39241183  -3.39159438  -0.23470162
      36   H36        4.64115818  -1.25645388  -0.08266582
      37   NI37       2.11117059   1.21970454   1.86594902
      38   NI38      -2.11117054  -1.21970457   1.86594954
      -----------------------------------------------------
      Nuclear repulsion energy = 3152.76180619

++    Wave function specifications:
      -----------------------------

      Number of closed shell electrons         200
      Number of electrons in active shells      12
      Max number of holes in RAS1 space          0
      Max nr of electrons in RAS3 space          0
      Number of inactive orbitals              100
      Number of active orbitals                 12
      Number of secondary orbitals             794
      Spin quantum number                      2.0
      State symmetry                             1
--

++    Orbital specifications:
      -----------------------

      Symmetry species                           1
                                                 a
      Frozen orbitals                            0
      Inactive orbitals                        100
      Active orbitals                           12
      RAS1 orbitals                              0
      RAS2 orbitals                             12
      RAS3 orbitals                              0
      Secondary orbitals                       794
      Deleted orbitals                           0
      Number of basis functions                906
--

++    CI expansion specifications:
      ----------------------------

      Number of CSFs                        196625
      Number of determinants                245025
      Number of root(s) required                 5
      Root chosen for geometry opt.              5
      CI roots used                              1     2     3     4     5
      weights                                0.200 0.200 0.200 0.200 0.200
      highest root included in the CI            5
      max. size of the explicit Hamiltonian    200
--

++    Optimization specifications:
      ----------------------------

      RASSCF algorithm: LK RI/DF
      Maximum number of macro iterations       200
      Maximum number of SX iterations          100
      Threshold for RASSCF energy            1.000E-07
      Threshold for max MO rotation          1.000E-05
      Threshold for max BLB element          1.000E-05
      Level shift parameter                  5.000E-01
      Make Quasi-Newton update
--

      The MO-coefficients are taken from the file:
      <scratch-path-omitted>                                                                                                                                                                                           
      Title: B1 Ni2/coronene CAS(26,15) quintet natural orbitals (regenerated from rasscf.r

      Total molecular charge    0.00

      ************************************************************************************************************************
      *                                                                                                                      *
      *                                            Wave function control section                                             *
      *                                                                                                                      *
      ************************************************************************************************************************


                                         CASCI only, no orbital optimization will be done.
                                         -------------------------------------------------

      Iter CI   SX   CI       RASSCF       Energy    max ROT     max BLB   max BLB  Level Ln srch  Step   QN   Walltime
          iter iter root      energy       change     param      element    value   shift minimum  type update hh:mm:ss
 Nr of preliminary CI iterations:  33
        1   1    0    0 -3929.65178874    0.00E+00   0.00E+00   10 104 1  6.27E-02*  0.00   0.00    SX    NO    0:17:58

      ************************************************************************************************************************
                                                      Wave function printout:
                       occupation of active orbitals, and spin coupling of open shells (u,d: Spin up or down)
      ************************************************************************************************************************

      Note: transformation to natural orbitals
      has been made, which may change the order of the CSFs.

      printout of CI-coefficients larger than  0.05 for root  1
      energy=   -3929.685683
      conf/sym  111111111111     Coeff  Weight
             1  2222uuuu0000   0.91896 0.84449
             4  2222uuu00u00   0.30840 0.09511
            31  22u22uuu0000   0.12314 0.01516
            91  22u2u2uu0000   0.06724 0.00452
           226  2222u0uuu000  -0.05911 0.00349
           236  2222u0uu000u  -0.07045 0.00496
           336  22220uuu000u   0.05271 0.00278

      printout of CI-coefficients larger than  0.05 for root  2
      energy=   -3929.650639
      conf/sym  111111111111     Coeff  Weight
             2  2222uuu0u000   0.94429 0.89168
             8  2222uu0u00u0   0.15156 0.02297
            10  2222uu000uu0   0.08567 0.00734
            16  222u2uuu0000  -0.07679 0.00590
            32  22u22uu0u000   0.11647 0.01357
            46  2u222uuu0000   0.07176 0.00515
            92  22u2u2u0u000   0.06256 0.00391
           226  2222u0uuu000   0.08068 0.00651
           237  2222u0u0u00u  -0.07409 0.00549
           337  22220uu0u00u   0.05119 0.00262

      printout of CI-coefficients larger than  0.05 for root  3
      energy=   -3929.647904
      conf/sym  111111111111     Coeff  Weight
             2  2222uuu0u000  -0.10646 0.01133
            16  222u2uuu0000  -0.66635 0.44402
            19  222u2uu00u00  -0.17595 0.03096
            31  22u22uuu0000   0.11461 0.01314
            46  2u222uuu0000   0.62614 0.39206
            49  2u222uu00u00   0.17290 0.02989
            61  u2222uuu0000  -0.16257 0.02643
           136  22uu22uu0000  -0.05347 0.00286
           181  2uu222uu0000  -0.05458 0.00298
           256  222u20uu000u   0.05173 0.00268

      printout of CI-coefficients larger than  0.05 for root  4
      energy=   -3929.643066
      conf/sym  111111111111     Coeff  Weight
             1  2222uuuu0000   0.29877 0.08926
             4  2222uuu00u00  -0.90502 0.81907
             5  2222uu0u0u00  -0.08734 0.00763
            12  2222uu0u000u   0.08711 0.00759
            14  2222uu000u0u   0.05316 0.00283
            34  22u22uu00u00  -0.11372 0.01293
            94  22u2u2u00u00  -0.05950 0.00354
           227  2222u0uu0u00  -0.09251 0.00856
           228  2222u0u0uu00  -0.06461 0.00417
           239  2222u0u00u0u   0.07984 0.00638
           339  22220uu00u0u  -0.05438 0.00296
          3217  222uuu0udu00  -0.05547 0.00308

      printout of CI-coefficients larger than  0.05 for root  5
      energy=   -3929.631651
      conf/sym  111111111111     Coeff  Weight
             3  2222uu0uu000   0.76688 0.58811
             6  2222uu00uu00  -0.39239 0.15397
             7  2222uuu000u0   0.43836 0.19216
            33  22u22u0uu000   0.09222 0.00851
            37  22u22uu000u0   0.05634 0.00317
           226  2222u0uuu000   0.06357 0.00404
           238  2222u00uu00u  -0.05853 0.00343

      Natural orbitals and occupation numbers for root  1
      sym 1:   1.996112   1.998695   1.983916   1.986284   1.000184   0.999982   0.999377   0.999827   0.016829   0.010362
               0.004405   0.004027

      Natural orbitals and occupation numbers for root  2
      sym 1:   1.996837   1.990387   1.985716   1.982954   1.012626   1.000124   0.958911   0.055042   0.957917   0.012030
               0.040241   0.007214

      Natural orbitals and occupation numbers for root  3
      sym 1:   1.996161   1.986664   1.981832   1.012903   1.987315   1.000063   0.999059   0.986798   0.029696   0.010006
               0.004498   0.005005

      Natural orbitals and occupation numbers for root  4
      sym 1:   1.998550   1.995294   1.984848   1.983779   1.000389   1.000241   0.979679   0.023735   0.019566   0.989192
               0.008276   0.016450

      Natural orbitals and occupation numbers for root  5
      sym 1:   1.998025   1.995455   1.986462   1.987501   1.001493   1.000938   0.213764   0.789467   0.799812   0.010739
               0.209581   0.006763

      ************************************************************************************************************************
      *                                                                                                                      *
      *                                                    Final results                                                     *
      *                                                                                                                      *
      ************************************************************************************************************************


++    Wave function specifications:
      -----------------------------

      Number of closed shell electrons         200
      Number of electrons in active shells      12
      Max number of holes in RAS1 space          0
      Max nr of electrons in RAS3 space          0
      Number of inactive orbitals              100
      Number of active orbitals                 12
      Number of secondary orbitals             794
      Spin quantum number                      2.0
      State symmetry                             1
--

++    Orbital specifications:
      -----------------------

      Symmetry species                           1
                                                 a
      Frozen orbitals                            0
      Inactive orbitals                        100
      Active orbitals                           12
      RAS1 orbitals                              0
      RAS2 orbitals                             12
      RAS3 orbitals                              0
      Secondary orbitals                       794
      Deleted orbitals                           0
      Number of basis functions                906
--

++    CI expansion specifications:
      ----------------------------

      Number of CSFs                        196625
      Number of determinants                245025
      Number of root(s) required                 5
      CI roots used                              1     2     3     4     5
      weights                                0.200 0.200 0.200 0.200 0.200
      highest root included in the CI            5
      Root passed to geometry opt.               5
--

++    Final optimization conditions:
      ------------------------------

      Average CI energy                           -3929.65178857
      RASSCF energy for state  5                  -3929.63165078
      Super-CI energy                                 0.00000000
      RASSCF energy change                            0.00000000
      Max change in MO coefficients               0.000E+00
      Max non-diagonal density matrix element     0.000E+00
      Maximum BLB matrix element                  6.275E-02
      (orbital pair  10, 104 in symmetry   1)
      Norm of electronic gradient            2.877E-01
--


      Final state energy(ies):
      ------------------------

::    RASSCF root number  1 Total energy:  -3929.68568287
::    RASSCF root number  2 Total energy:  -3929.65063902
::    RASSCF root number  3 Total energy:  -3929.64790382
::    RASSCF root number  4 Total energy:  -3929.64306635
::    RASSCF root number  5 Total energy:  -3929.63165078

++    Molecular orbitals:
      -------------------

      All orbitals are eigenfunctions of the PT2 Fock matrix


      MOLECULAR ORBITALS FOR SYMMETRY SPECIES 1: a  

      INDEX  OCCUPATION  COEFFICIENTS ...
          1 -305.3997                                                                                                                     
               817 NI37   1s     ( 0.9977)
          2 -305.3942                                                                                                                     
               862 NI38   1s     (-0.9977)
          3  -37.6782                                                                                                                     
               817 NI37   1s     (-0.3187) 818 NI37   2s     ( 1.0382)
          4  -37.6729                                                                                                                     
               862 NI38   1s     ( 0.3187) 863 NI38   2s     (-1.0383)
          5  -32.7143                                                                                                                     
               823 NI37   2px    (-0.7438) 827 NI37   2py    (-0.6492)
          6  -32.7097                                                                                                                     
               823 NI37   2px    (-0.1136) 831 NI37   2pz    (-0.9847)
          7  -32.7053                                                                                                                     
               868 NI38   2px    ( 0.6715) 872 NI38   2py    ( 0.3194) 876 NI38   2pz    (-0.6553)
          8  -32.7042                                                                                                                     
               868 NI38   2px    ( 0.5918) 872 NI38   2py    ( 0.2815) 876 NI38   2pz    ( 0.7436)
          9  -32.6946                                                                                                                     
               823 NI37   2px    (-0.6448) 827 NI37   2py    ( 0.7485)
         10  -32.6935                                                                                                                     
               868 NI38   2px    ( 0.4255) 872 NI38   2py    (-0.8946)
         11  -11.2739                                                                                                                     
                 1 C1     1s     ( 0.4642)   2 C1     2s     ( 0.6081)
         12  -11.2726                                                                                                                     
                94 C4     1s     ( 0.3825)  95 C4     2s     ( 0.5010) 125 C5     1s     ( 0.2676) 126 C5     2s     ( 0.3505)
      
         13  -11.2716                                                                                                                     
                94 C4     1s     (-0.2676)  95 C4     2s     (-0.3506) 125 C5     1s     ( 0.3823) 126 C5     2s     ( 0.5008)
      
         14  -11.2695                                                                                                                     
                32 C2     1s     (-0.4638)  33 C2     2s     (-0.6076)
         15  -11.2658                                                                                                                     
               373 C13    1s     ( 0.3706) 374 C13    2s     ( 0.4855) 404 C14    1s     ( 0.2809) 405 C14    2s     ( 0.3680)
      
         16  -11.2646                                                                                                                     
               373 C13    1s     (-0.2786) 374 C13    2s     (-0.3650) 404 C14    1s     ( 0.3706) 405 C14    2s     ( 0.4855)
      
         17  -11.2629                                                                                                                     
               311 C11    1s     ( 0.4409) 312 C11    2s     ( 0.5776) 590 C20    1s     ( 0.1485) 591 C20    2s     ( 0.1945)
      
         18  -11.2620                                                                                                                     
               280 C10    1s     (-0.4243) 281 C10    2s     (-0.5558) 559 C19    1s     (-0.1605) 560 C19    2s     (-0.2102)
               591 C20    2s     (-0.1242)
         19  -11.2614                                                                                                                     
               187 C7     1s     ( 0.4631) 188 C7     2s     ( 0.6066)
         20  -11.2614                                                                                                                     
               280 C10    1s     (-0.1613) 281 C10    2s     (-0.2113) 311 C11    1s     (-0.1380) 312 C11    2s     (-0.1807)
               559 C19    1s     ( 0.1485) 560 C19    2s     ( 0.1945) 590 C20    1s     ( 0.3891) 591 C20    2s     ( 0.5097)
      
         21  -11.2601                                                                                                                     
               218 C8     1s     (-0.4644) 219 C8     2s     (-0.6083)
         22  -11.2600                                                                                                                     
               280 C10    1s     (-0.1085) 281 C10    2s     (-0.1421) 559 C19    1s     ( 0.4118) 560 C19    2s     ( 0.5394)
               590 C20    1s     (-0.1903) 591 C20    2s     (-0.2492)
         23  -11.2555                                                                                                                     
               156 C6     1s     ( 0.4667) 157 C6     2s     ( 0.6113)
         24  -11.2553                                                                                                                     
                63 C3     1s     (-0.4666)  64 C3     2s     (-0.6113)
         25  -11.2401                                                                                                                     
               342 C12    1s     ( 0.4496) 343 C12    2s     ( 0.5889) 653 C22    2s     ( 0.1145) 684 C23    2s     ( 0.1103)
      
         26  -11.2387                                                                                                                     
               621 C21    1s     (-0.4313) 622 C21    2s     (-0.5650) 652 C22    1s     (-0.1676) 653 C22    2s     (-0.2196)
      
         27  -11.2383                                                                                                                     
               249 C9     1s     ( 0.4222) 250 C9     2s     ( 0.5530) 497 C17    1s     ( 0.1620) 498 C17    2s     ( 0.2123)
               529 C18    2s     ( 0.1208)
         28  -11.2380                                                                                                                     
               683 C23    1s     ( 0.2642) 684 C23    2s     ( 0.3461) 714 C24    1s     ( 0.3784) 715 C24    2s     ( 0.4957)
      
         29  -11.2375                                                                                                                     
               249 C9     1s     (-0.1535) 250 C9     2s     (-0.2011) 497 C17    1s     ( 0.1927) 498 C17    2s     ( 0.2524)
               528 C18    1s     ( 0.3953) 529 C18    2s     ( 0.5179)
         30  -11.2369                                                                                                                     
               621 C21    1s     ( 0.1694) 622 C21    2s     ( 0.2219) 652 C22    1s     (-0.4097) 653 C22    2s     (-0.5368)
               683 C23    1s     ( 0.1001) 684 C23    2s     ( 0.1311) 715 C24    2s     (-0.1260)
         31  -11.2366                                                                                                                     
               343 C12    2s     (-0.1004) 652 C22    1s     ( 0.1207) 653 C22    2s     ( 0.1581) 683 C23    1s     ( 0.3619)
               684 C23    2s     ( 0.4741) 714 C24    1s     (-0.2557) 715 C24    2s     (-0.3350)
         32  -11.2361                                                                                                                     
               435 C15    1s     ( 0.1492) 436 C15    2s     ( 0.1955) 466 C16    1s     ( 0.1328) 467 C16    2s     ( 0.1740)
               497 C17    1s     (-0.3582) 498 C17    2s     (-0.4693) 528 C18    1s     ( 0.2156) 529 C18    2s     ( 0.2825)
      
         33  -11.2359                                                                                                                     
               250 C9     2s     ( 0.1240) 435 C15    1s     (-0.3565) 436 C15    2s     (-0.4670) 466 C16    1s     (-0.2206)
               467 C16    2s     (-0.2890) 497 C17    1s     (-0.1629) 498 C17    2s     (-0.2134) 529 C18    2s     ( 0.1113)
      
         34  -11.2345                                                                                                                     
               435 C15    1s     (-0.2622) 436 C15    2s     (-0.3435) 466 C16    1s     ( 0.3819) 467 C16    2s     ( 0.5003)
      
         35   -4.6630                                                                                                                     
               818 NI37   2s     (-0.3894) 819 NI37   3s     ( 0.5266) 820 NI37   4s     ( 0.4018) 863 NI38   2s     ( 0.2499)
               864 NI38   3s     (-0.3382) 865 NI38   4s     (-0.2581)
         36   -4.6572                                                                                                                     
               818 NI37   2s     (-0.2493) 819 NI37   3s     ( 0.3371) 820 NI37   4s     ( 0.2571) 863 NI38   2s     (-0.3892)
               864 NI38   3s     ( 0.5264) 865 NI38   4s     ( 0.4014)
         37   -3.0781                                                                                                                     
               823 NI37   2px    (-0.2135) 824 NI37   3px    ( 0.4870) 825 NI37   *px    ( 0.1531) 827 NI37   2py    (-0.1954)
               828 NI37   3py    ( 0.4456) 829 NI37   *py    ( 0.1403) 831 NI37   2pz    ( 0.2440) 832 NI37   3pz    (-0.5567)
               833 NI37   *pz    (-0.1747)
         38   -3.0757                                                                                                                     
               823 NI37   2px    (-0.1836) 824 NI37   3px    ( 0.4189) 825 NI37   *px    ( 0.1319) 827 NI37   2py    (-0.1495)
               828 NI37   3py    ( 0.3411) 829 NI37   *py    ( 0.1075) 831 NI37   2pz    (-0.2795) 832 NI37   3pz    ( 0.6376)
               833 NI37   *pz    ( 0.2005) 877 NI38   3pz    (-0.2111)
         39   -3.0707                                                                                                                     
               832 NI37   3pz    ( 0.1271) 868 NI38   2px    ( 0.1547) 869 NI38   3px    (-0.3530) 870 NI38   *px    (-0.1110)
               873 NI38   3py    (-0.1675) 876 NI38   2pz    (-0.3301) 877 NI38   3pz    ( 0.7529) 878 NI38   *pz    ( 0.2368)
      
         40   -3.0674                                                                                                                     
               824 NI37   3px    ( 0.1199) 832 NI37   3pz    ( 0.1096) 868 NI38   2px    (-0.2955) 869 NI38   3px    ( 0.6738)
               870 NI38   *px    ( 0.2118) 872 NI38   2py    (-0.1585) 873 NI38   3py    ( 0.3613) 874 NI38   *py    ( 0.1135)
               876 NI38   2pz    (-0.1595) 877 NI38   3pz    ( 0.3638) 878 NI38   *pz    ( 0.1141)
         41   -3.0609                                                                                                                     
               823 NI37   2px    (-0.2247) 824 NI37   3px    ( 0.5122) 825 NI37   *px    ( 0.1615) 827 NI37   2py    ( 0.2628)
               828 NI37   3py    (-0.5990) 829 NI37   *py    (-0.1890) 869 NI38   3px    ( 0.1079) 872 NI38   2py    ( 0.1454)
               873 NI38   3py    (-0.3314) 874 NI38   *py    (-0.1045)
         42   -3.0584                                                                                                                     
               824 NI37   3px    (-0.2214) 827 NI37   2py    (-0.1134) 828 NI37   3py    ( 0.2585) 868 NI38   2px    (-0.1704)
               869 NI38   3px    ( 0.3883) 870 NI38   *px    ( 0.1226) 872 NI38   2py    ( 0.3022) 873 NI38   3py    (-0.6887)
               874 NI38   *py    (-0.2174)
         43   -1.2269                                                                                                                     
                 3 C1     *s     ( 0.1125)   4 C1     *s     ( 0.1070)  34 C2     *s     ( 0.1110)  35 C2     *s     ( 0.1056)
                65 C3     *s     ( 0.1022)  96 C4     *s     ( 0.1113)  97 C4     *s     ( 0.1057) 127 C5     *s     ( 0.1119)
               128 C5     *s     ( 0.1062) 158 C6     *s     ( 0.1040)
         44   -1.1864                                                                                                                     
                 5 C1     *s     (-0.1039)  36 C2     *s     (-0.1019)  70 C3     *px    ( 0.1176)  98 C4     *s     ( 0.1005)
               129 C5     *s     ( 0.1019) 163 C6     *px    ( 0.1125) 189 C7     *s     (-0.1029) 220 C8     *s     (-0.1001)
               282 C10    *s     ( 0.1007) 313 C11    *s     ( 0.1016)
         45   -1.1703                                                                                                                     
                11 C1     *py    (-0.1264)  39 C2     *px    ( 0.1072)  65 C3     *s     ( 0.1041)  67 C3     *s     ( 0.1365)
               104 C4     *py    (-0.1116) 158 C6     *s     (-0.1029) 160 C6     *s     (-0.1358) 251 C9     *s     ( 0.1131)
               252 C9     *s     ( 0.1037) 344 C12    *s     (-0.1139) 345 C12    *s     (-0.1046)
         46   -1.1202                                                                                                                     
                67 C3     *s     ( 0.1349) 160 C6     *s     ( 0.1329) 252 C9     *s     ( 0.1045) 345 C12    *s     ( 0.1045)
               375 C13    *s     (-0.1145) 376 C13    *s     (-0.1073) 406 C14    *s     (-0.1108) 407 C14    *s     (-0.1043)
               561 C19    *s     (-0.1121) 562 C19    *s     (-0.1048) 592 C20    *s     (-0.1094) 593 C20    *s     (-0.1024)
      
         47   -1.1147                                                                                                                     
                 5 C1     *s     ( 0.1341)  11 C1     *py    ( 0.1540)  36 C2     *s     (-0.1350)  39 C2     *px    (-0.1089)
                42 C2     *py    ( 0.1163)  98 C4     *s     ( 0.1200) 104 C4     *py    (-0.1583) 129 C5     *s     (-0.1215)
               132 C5     *px    ( 0.1167) 135 C5     *py    (-0.1100) 189 C7     *s     ( 0.1004) 190 C7     *s     ( 0.1064)
               220 C8     *s     (-0.1067) 221 C8     *s     (-0.1125) 282 C10    *s     ( 0.1009) 283 C10    *s     ( 0.1063)
               313 C11    *s     (-0.1040) 314 C11    *s     (-0.1093) 437 C15    *s     (-0.1012) 530 C18    *s     ( 0.1043)
               623 C21    *s     (-0.1026) 716 C24    *s     ( 0.1035)
         48   -1.0961                                                                                                                     
      
         49   -1.0565                                                                                                                     
               375 C13    *s     (-0.1055) 376 C13    *s     (-0.1094) 406 C14    *s     (-0.1051) 407 C14    *s     (-0.1090)
               561 C19    *s     ( 0.1068) 562 C19    *s     ( 0.1097) 592 C20    *s     ( 0.1086) 593 C20    *s     ( 0.1123)
      
         50   -1.0426                                                                                                                     
                 5 C1     *s     (-0.1686)  36 C2     *s     ( 0.1661)  67 C3     *s     (-0.1260)  98 C4     *s     ( 0.1632)
               129 C5     *s     (-0.1624) 160 C6     *s     ( 0.1267) 189 C7     *s     ( 0.1096) 190 C7     *s     ( 0.1131)
               220 C8     *s     (-0.1089) 221 C8     *s     (-0.1123) 251 C9     *s     ( 0.1127) 252 C9     *s     ( 0.1109)
               282 C10    *s     (-0.1088) 283 C10    *s     (-0.1119) 313 C11    *s     ( 0.1093) 314 C11    *s     ( 0.1128)
               344 C12    *s     (-0.1131) 345 C12    *s     (-0.1113)
         51   -1.0269                                                                                                                     
                 3 C1     *s     (-0.1252)   4 C1     *s     (-0.1349)  34 C2     *s     (-0.1207)  35 C2     *s     (-0.1299)
                96 C4     *s     ( 0.1240)  97 C4     *s     ( 0.1329) 127 C5     *s     ( 0.1216) 128 C5     *s     ( 0.1302)
      
         52   -1.0167                                                                                                                     
                65 C3     *s     ( 0.1451)  66 C3     *s     ( 0.1484) 158 C6     *s     (-0.1453) 159 C6     *s     (-0.1488)
      
         53   -0.9754                                                                                                                     
                11 C1     *py    ( 0.1127) 104 C4     *py    (-0.1148) 221 C8     *s     (-0.1048) 314 C11    *s     (-0.1032)
               375 C13    *s     ( 0.1032) 376 C13    *s     ( 0.1190) 530 C18    *s     (-0.1122) 531 C18    *s     (-0.1062)
               561 C19    *s     ( 0.1062) 562 C19    *s     ( 0.1210) 716 C24    *s     (-0.1123) 717 C24    *s     (-0.1061)
      
         54   -0.9740                                                                                                                     
                11 C1     *py    (-0.1014)  39 C2     *px    ( 0.1196) 104 C4     *py    ( 0.1064) 132 C5     *px    (-0.1283)
               190 C7     *s     (-0.1055) 282 C10    *s     (-0.1011) 283 C10    *s     (-0.1074) 406 C14    *s     ( 0.1006)
               407 C14    *s     ( 0.1156) 437 C15    *s     (-0.1092) 438 C15    *s     (-0.1041) 592 C20    *s     ( 0.1030)
               593 C20    *s     ( 0.1162) 623 C21    *s     (-0.1046) 624 C21    *s     (-0.1007)
         55   -0.8745                                                                                                                     
               252 C9     *s     (-0.1123) 345 C12    *s     ( 0.1215) 376 C13    *s     ( 0.1119) 407 C14    *s     (-0.1291)
               562 C19    *s     (-0.1020) 593 C20    *s     ( 0.1004) 623 C21    *s     (-0.1026) 624 C21    *s     (-0.1092)
      
         56   -0.8730                                                                                                                     
               190 C7     *s     ( 0.1034) 221 C8     *s     ( 0.1086) 283 C10    *s     (-0.1001) 314 C11    *s     (-0.1154)
               499 C17    *s     ( 0.1050) 500 C17    *s     ( 0.1167) 654 C22    *s     ( 0.1093) 655 C22    *s     ( 0.1221)
               686 C23    *s     (-0.1019)
         57   -0.8720                                                                                                                     
                 4 C1     *s     (-0.1074)   5 C1     *s     (-0.1912)  11 C1     *py    (-0.1656)  34 C2     *s     ( 0.1057)
                35 C2     *s     ( 0.1385)  36 C2     *s     ( 0.1862)  39 C2     *px    ( 0.1652)  70 C3     *px    ( 0.1146)
                96 C4     *s     (-0.1044)  97 C4     *s     (-0.1321)  98 C4     *s     (-0.1903) 104 C4     *py    ( 0.1815)
               128 C5     *s     ( 0.1203) 129 C5     *s     ( 0.2030) 132 C5     *px    (-0.1484) 593 C20    *s     (-0.1040)
      
         58   -0.8711                                                                                                                     
                65 C3     *s     ( 0.1166)  66 C3     *s     ( 0.1472) 158 C6     *s     ( 0.1099) 159 C6     *s     ( 0.1375)
      
         59   -0.8526                                                                                                                     
      
         60   -0.7878                                                                                                                     
                11 C1     *py    (-0.1491)  39 C2     *px    ( 0.1320)  70 C3     *px    ( 0.1408) 104 C4     *py    ( 0.1520)
               132 C5     *px    (-0.1368) 163 C6     *px    (-0.1446) 376 C13    *s     (-0.1188) 377 C13    *s     (-0.1291)
               407 C14    *s     ( 0.1207) 408 C14    *s     ( 0.1314) 438 C15    *s     (-0.1006) 439 C15    *s     (-0.1147)
               469 C16    *s     ( 0.1127) 470 C16    *s     ( 0.1263) 500 C17    *s     (-0.1114) 501 C17    *s     (-0.1250)
               531 C18    *s     ( 0.1018) 532 C18    *s     ( 0.1153) 562 C19    *s     (-0.1198) 563 C19    *s     (-0.1296)
               593 C20    *s     ( 0.1194) 594 C20    *s     ( 0.1289) 624 C21    *s     (-0.1025) 625 C21    *s     (-0.1145)
               655 C22    *s     ( 0.1110) 656 C22    *s     ( 0.1243) 686 C23    *s     (-0.1121) 687 C23    *s     (-0.1249)
               717 C24    *s     ( 0.1011) 718 C24    *s     ( 0.1126)
         61   -0.7705                                                                                                                     
                 4 C1     *s     (-0.1019)  35 C2     *s     ( 0.1031)  66 C3     *s     (-0.1141)  97 C4     *s     ( 0.1037)
               128 C5     *s     (-0.1039) 129 C5     *s     (-0.1006) 159 C6     *s     ( 0.1130)
         62   -0.7523                                                                                                                     
      
         63   -0.7482                                                                                                                     
                 5 C1     *s     (-0.1091)  36 C2     *s     ( 0.1124)  98 C4     *s     ( 0.1097) 129 C5     *s     (-0.1100)
               252 C9     *s     (-0.1160) 253 C9     *s     (-0.1151) 345 C12    *s     ( 0.1159) 346 C12    *s     ( 0.1150)
      
         64   -0.7326                                                                                                                     
                 9 C1     2py    ( 0.1113) 102 C4     2py    ( 0.1120)
         65   -0.7081                                                                                                                     
      
         66   -0.6655                                                                                                                     
                66 C3     *s     ( 0.1028) 159 C6     *s     ( 0.1027) 378 C13    2px    (-0.1175) 409 C14    2px    (-0.1050)
               564 C19    2px    ( 0.1113) 595 C20    2px    ( 0.1082)
         67   -0.6552                                                                                                                     
                 4 C1     *s     ( 0.1039)   5 C1     *s     ( 0.1293)  35 C2     *s     (-0.1025)  36 C2     *s     (-0.1218)
                97 C4     *s     ( 0.1043)  98 C4     *s     ( 0.1117) 128 C5     *s     (-0.1011) 129 C5     *s     (-0.1114)
               443 C15    2py    (-0.1190) 474 C16    2py    (-0.1064) 629 C21    2py    ( 0.1191) 660 C22    2py    ( 0.1072)
      
         68   -0.6490                                                                                                                     
                 5 C1     *s     ( 0.1730)  36 C2     *s     (-0.1852)  68 C3     2px    (-0.1130)  98 C4     *s     ( 0.1973)
               129 C5     *s     (-0.1971) 161 C6     2px    ( 0.1115) 190 C7     *s     (-0.1048) 191 C7     *s     (-0.1269)
               221 C8     *s     ( 0.1052) 222 C8     *s     ( 0.1275) 283 C10    *s     (-0.1071) 284 C10    *s     (-0.1239)
               314 C11    *s     ( 0.1025) 315 C11    *s     ( 0.1246) 377 C13    *s     ( 0.1084) 408 C14    *s     (-0.1038)
               563 C19    *s     ( 0.1047) 594 C20    *s     (-0.1042)
         69   -0.6454                                                                                                                     
               381 C13    2py    ( 0.1303) 382 C13    *py    ( 0.1023) 412 C14    2py    (-0.1446) 413 C14    *py    (-0.1151)
               567 C19    2py    ( 0.1241) 598 C20    2py    (-0.1393) 599 C20    *py    (-0.1112)
         70   -0.6428                                                                                                                     
                 9 C1     2py    ( 0.1170) 102 C4     2py    (-0.1177) 252 C9     *s     ( 0.1256) 345 C12    *s     ( 0.1259)
      
         71   -0.6398                                                                                                                     
               440 C15    2px    ( 0.1357) 441 C15    *px    ( 0.1045) 471 C16    2px    (-0.1218) 505 C17    2py    ( 0.1030)
               536 C18    2py    (-0.1140) 626 C21    2px    ( 0.1356) 627 C21    *px    ( 0.1044) 657 C22    2px    (-0.1226)
               691 C23    2py    ( 0.1030) 722 C24    2py    (-0.1135)
         72   -0.6022                                                                                                                     
                12 C1     2pz    ( 0.1008)  43 C2     2pz    ( 0.1019)  44 C2     *pz    ( 0.1006) 136 C5     2pz    ( 0.1005)
               253 C9     *s     (-0.1043) 346 C12    *s     (-0.1022)
         73   -0.5994                                                                                                                     
                 5 C1     *s     ( 0.2225)  36 C2     *s     (-0.1284)  98 C4     *s     (-0.2353) 129 C5     *s     ( 0.1244)
               135 C5     *py    ( 0.1211) 164 C6     2py    ( 0.1268) 165 C6     *py    ( 0.1017) 166 C6     *py    (-0.1085)
               346 C12    *s     (-0.1255) 629 C21    2py    ( 0.1373) 752 H26    *s     (-0.1050) 794 H33    *s     (-0.1090)
      
         74   -0.5990                                                                                                                     
                36 C2     *s     ( 0.2041)  37 C2     2px    (-0.1317)  38 C2     *px    (-0.1059)  68 C3     2px    ( 0.1330)
                69 C3     *px    ( 0.1069) 129 C5     *s     (-0.2044) 130 C5     2px    (-0.1266) 131 C5     *px    (-0.1036)
               161 C6     2px    ( 0.1286) 162 C6     *px    ( 0.1026) 378 C13    2px    (-0.1280) 379 C13    *px    (-0.1076)
               533 C18    2px    ( 0.1253) 564 C19    2px    (-0.1143) 719 C24    2px    ( 0.1096) 746 H25    *s     (-0.1002)
      
         75   -0.5969                                                                                                                     
               443 C15    2py    ( 0.1048) 598 C20    2py    (-0.1102)
         76   -0.5896                                                                                                                     
                 9 C1     2py    ( 0.1030)  40 C2     2py    (-0.1244) 102 C4     2py    ( 0.1028) 133 C5     2py    (-0.1209)
               474 C16    2py    (-0.1212) 660 C22    2py    (-0.1171)
         77   -0.5739                                                                                                                     
               253 C9     *s     (-0.1062) 346 C12    *s     (-0.1079) 381 C13    2py    ( 0.1349) 382 C13    *py    ( 0.1100)
               412 C14    2py    (-0.1178) 440 C15    2px    ( 0.1046) 567 C19    2py    (-0.1341) 568 C19    *py    (-0.1085)
               598 C20    2py    ( 0.1178) 626 C21    2px    (-0.1015)
         78   -0.5689                                                                                                                     
                 8 C1     *px    ( 0.1152)  11 C1     *py    (-0.1372)  42 C2     *py    (-0.1728) 104 C4     *py    ( 0.1440)
               135 C5     *py    ( 0.1585) 440 C15    2px    (-0.1313) 441 C15    *px    (-0.1006) 471 C16    2px    ( 0.1433)
               472 C16    *px    ( 0.1125) 505 C17    2py    ( 0.1316) 506 C17    *py    ( 0.1025) 536 C18    2py    (-0.1235)
               626 C21    2px    ( 0.1341) 627 C21    *px    ( 0.1029) 657 C22    2px    (-0.1453) 658 C22    *px    (-0.1135)
               691 C23    2py    (-0.1340) 692 C23    *py    (-0.1041) 722 C24    2py    ( 0.1259)
         79   -0.5552                                                                                                                     
               198 C7     2pz    (-0.1063) 199 C7     *pz    (-0.1038) 229 C8     2pz    (-0.1008) 322 C11    2pz    ( 0.1078)
               323 C11    *pz    ( 0.1049)
         80   -0.5426                                                                                                                     
                 5 C1     *s     (-0.1523)  36 C2     *s     ( 0.1555) 223 C8     2px    (-0.1180) 378 C13    2px    (-0.1128)
               409 C14    2px    ( 0.1165) 502 C17    2px    ( 0.1011) 533 C18    2px    (-0.1091) 629 C21    2py    ( 0.1131)
               660 C22    2py    (-0.1093) 746 H25    *s     (-0.1101) 752 H26    *s     ( 0.1115) 776 H30    *s     ( 0.1042)
               794 H33    *s     (-0.1027)
         81   -0.5417                                                                                                                     
                 5 C1     *s     ( 0.1122)  36 C2     *s     (-0.1108)  98 C4     *s     (-0.1801) 129 C5     *s     ( 0.1881)
               316 C11    2px    ( 0.1099) 443 C15    2py    (-0.1099) 474 C16    2py    ( 0.1112) 564 C19    2px    ( 0.1105)
               595 C20    2px    (-0.1086) 688 C23    2px    (-0.1030) 719 C24    2px    ( 0.1053) 758 H27    *s     (-0.1016)
               782 H31    *s     (-0.1078) 788 H32    *s     ( 0.1091) 812 H36    *s     ( 0.1024)
         82   -0.5319                                                                                                                     
      
         83   -0.5276                                                                                                                     
               195 C7     2py    ( 0.1003) 288 C10    2py    ( 0.1015) 536 C18    2py    (-0.1131) 722 C24    2py    (-0.1110)
      
         84   -0.5181                                                                                                                     
                71 C3     2py    (-0.1074) 164 C6     2py    (-0.1100)
         85   -0.5159                                                                                                                     
               254 C9     2px    ( 0.1236) 347 C12    2px    ( 0.1233) 470 C16    *s     ( 0.1193) 471 C16    2px    (-0.1013)
               501 C17    *s     (-0.1186) 502 C17    2px    (-0.1201) 533 C18    2px    ( 0.1038) 656 C22    *s     (-0.1189)
               687 C23    *s     ( 0.1210) 688 C23    2px    (-0.1201) 719 C24    2px    ( 0.1035)
         86   -0.4825                                                                                                                     
               835 NI37   3d2-   (-0.2718) 836 NI37   *d2-   (-0.1825) 837 NI37   *d2-   (-0.1189) 843 NI37   3d0    ( 0.4674)
               844 NI37   *d0    ( 0.3113) 845 NI37   *d0    ( 0.2009)
         87   -0.4749                                                                                                                     
                39 C2     *px    ( 0.1130) 843 NI37   3d0    ( 0.1506) 844 NI37   *d0    ( 0.1004) 880 NI38   3d2-   ( 0.1607)
               881 NI38   *d2-   ( 0.1078) 888 NI38   3d0    (-0.2668) 889 NI38   *d0    (-0.1777) 890 NI38   *d0    (-0.1153)
               896 NI38   3d2+   ( 0.1109)
         88   -0.4713                                                                                                                     
                37 C2     2px    ( 0.1074)  68 C3     2px    (-0.1051)  99 C4     2px    ( 0.1055) 104 C4     *py    (-0.1038)
               191 C7     *s     (-0.1556) 222 C8     *s     ( 0.1123) 284 C10    *s     (-0.1765) 285 C10    2px    (-0.1050)
               315 C11    *s     ( 0.1031) 888 NI38   3d0    ( 0.1533) 889 NI38   *d0    ( 0.1021)
         89   -0.4708                                                                                                                     
                11 C1     *py    ( 0.1435)  39 C2     *px    (-0.1265)  70 C3     *px    (-0.1343)  73 C3     *py    (-0.1049)
               104 C4     *py    (-0.1538) 129 C5     *s     ( 0.1297) 132 C5     *px    ( 0.1163) 163 C6     *px    ( 0.1244)
               843 NI37   3d0    ( 0.1118) 888 NI38   3d0    ( 0.3460) 889 NI38   *d0    ( 0.2306) 890 NI38   *d0    ( 0.1502)
      
         90   -0.4670                                                                                                                     
                11 C1     *py    ( 0.3841)  39 C2     *px    (-0.3640)  42 C2     *py    ( 0.1433)  70 C3     *px    (-0.3582)
                73 C3     *py    (-0.2421)  98 C4     *s     (-0.1426) 101 C4     *px    (-0.1164) 104 C4     *py    (-0.4057)
               129 C5     *s     ( 0.1245) 132 C5     *px    ( 0.4149) 163 C6     *px    ( 0.3930) 166 C6     *py    ( 0.1955)
               292 C10    *pz    ( 0.1004) 880 NI38   3d2-   ( 0.1536) 881 NI38   *d2-   ( 0.1029) 888 NI38   3d0    (-0.2162)
               889 NI38   *d0    (-0.1441)
         91   -0.4630                                                                                                                     
                11 C1     *py    ( 0.1396)  39 C2     *px    (-0.1539)  70 C3     *px    (-0.1611) 104 C4     *py    (-0.1722)
               132 C5     *px    ( 0.1799) 163 C6     *px    ( 0.1630) 260 C9     2pz    ( 0.1255) 261 C9     *pz    ( 0.1257)
               353 C12    2pz    ( 0.1216) 354 C12    *pz    ( 0.1216) 415 C14    2pz    (-0.1051) 416 C14    *pz    (-0.1042)
               843 NI37   3d0    (-0.1113) 880 NI38   3d2-   (-0.1010) 896 NI38   3d2+   (-0.1045)
         92   -0.4387                                                                                                                     
                67 C3     *s     ( 0.1511) 439 C15    *s     (-0.1115) 835 NI37   3d2-   ( 0.2443) 836 NI37   *d2-   ( 0.1635)
               837 NI37   *d2-   ( 0.1061) 843 NI37   3d0    ( 0.1753) 844 NI37   *d0    ( 0.1170) 851 NI37   3d2+   ( 0.2935)
               852 NI37   *d2+   ( 0.1973) 853 NI37   *d2+   ( 0.1292) 880 NI38   3d2-   (-0.1023)
         93   -0.4361                                                                                                                     
               851 NI37   3d2+   ( 0.1254) 880 NI38   3d2-   (-0.3032) 881 NI38   *d2-   (-0.2034) 882 NI38   *d2-   (-0.1327)
               888 NI38   3d0    (-0.1930) 889 NI38   *d0    (-0.1289) 896 NI38   3d2+   (-0.1079)
         94   -0.4282                                                                                                                     
                 5 C1     *s     ( 0.1004)  36 C2     *s     (-0.1146)  67 C3     *s     ( 0.1473) 132 C5     *px    ( 0.1309)
               160 C6     *s     (-0.2102) 835 NI37   3d2-   (-0.1201) 888 NI38   3d0    (-0.1083) 896 NI38   3d2+   (-0.4919)
               897 NI38   *d2+   (-0.3313) 898 NI38   *d2+   (-0.2174)
         95   -0.4270                                                                                                                     
                67 C3     *s     ( 0.1153) 835 NI37   3d2-   ( 0.2641) 836 NI37   *d2-   ( 0.1773) 837 NI37   *d2-   ( 0.1150)
               843 NI37   3d0    ( 0.1540) 844 NI37   *d0    ( 0.1027) 880 NI38   3d2-   ( 0.3585) 881 NI38   *d2-   ( 0.2408)
               882 NI38   *d2-   ( 0.1566) 888 NI38   3d0    ( 0.1002) 896 NI38   3d2+   (-0.1244)
         96   -0.4182                                                                                                                     
                 8 C1     *px    (-0.1020)  39 C2     *px    ( 0.1043)  67 C3     *s     ( 0.1722) 160 C6     *s     (-0.1389)
               168 C6     *pz    (-0.1015) 835 NI37   3d2-   (-0.2612) 836 NI37   *d2-   (-0.1762) 837 NI37   *d2-   (-0.1164)
               851 NI37   3d2+   ( 0.3670) 852 NI37   *d2+   ( 0.2478) 853 NI37   *d2+   ( 0.1637) 880 NI38   3d2-   ( 0.1040)
      
         97   -0.3968                                                                                                                     
                 5 C1     *s     (-0.1836)  12 C1     2pz    ( 0.1142)  13 C1     *pz    ( 0.1176)  36 C2     *s     (-0.1397)
                39 C2     *px    ( 0.1170)  43 C2     2pz    ( 0.1015)  44 C2     *pz    ( 0.1049)  70 C3     *px    ( 0.1407)
                98 C4     *s     ( 0.1710) 105 C4     2pz    (-0.1245) 106 C4     *pz    (-0.1286) 129 C5     *s     ( 0.1294)
               136 C5     2pz    (-0.1018) 137 C5     *pz    (-0.1042) 163 C6     *px    ( 0.1030) 384 C13    2pz    (-0.1207)
               385 C13    *pz    (-0.1223) 415 C14    2pz    (-0.1331) 416 C14    *pz    (-0.1356) 570 C19    2pz    ( 0.1232)
               571 C19    *pz    ( 0.1253) 601 C20    2pz    ( 0.1370) 602 C20    *pz    ( 0.1393)
         98   -0.3833                                                                                                                     
                 5 C1     *s     (-0.2126)   8 C1     *px    ( 0.2009)  36 C2     *s     ( 0.2464)  39 C2     *px    (-0.1495)
                42 C2     *py    (-0.1555)  67 C3     *s     (-0.2374)  70 C3     *px    (-0.1398)  73 C3     *py    ( 0.1273)
                98 C4     *s     ( 0.1930) 101 C4     *px    ( 0.1742) 129 C5     *s     (-0.2243) 135 C5     *py    (-0.1680)
               160 C6     *s     ( 0.2479) 166 C6     *py    ( 0.1679) 191 C7     *s     (-0.1804) 198 C7     2pz    ( 0.1110)
               199 C7     *pz    ( 0.1140) 222 C8     *s     ( 0.1742) 229 C8     2pz    (-0.1117) 230 C8     *pz    (-0.1156)
               253 C9     *s     (-0.1401) 260 C9     2pz    ( 0.1267) 261 C9     *pz    ( 0.1276) 284 C10    *s     ( 0.1537)
               291 C10    2pz    (-0.1080) 292 C10    *pz    (-0.1111) 315 C11    *s     (-0.1574) 322 C11    2pz    ( 0.1065)
               323 C11    *pz    ( 0.1093) 346 C12    *s     ( 0.1311) 353 C12    2pz    (-0.1245) 354 C12    *pz    (-0.1255)
               477 C16    2pz    ( 0.1169) 478 C16    *pz    ( 0.1157) 718 C24    *s     ( 0.1069)
         99   -0.3608                                                                                                                     
               446 C15    2pz    (-0.1459) 447 C15    *pz    (-0.1452) 477 C16    2pz    (-0.1139) 478 C16    *pz    (-0.1142)
               508 C17    2pz    ( 0.1168) 509 C17    *pz    ( 0.1162) 632 C21    2pz    ( 0.1254) 633 C21    *pz    ( 0.1250)
               663 C22    2pz    ( 0.1076) 664 C22    *pz    ( 0.1077) 694 C23    2pz    (-0.1124) 695 C23    *pz    (-0.1121)
      
        100   -0.3377                                                                                                                     
                 5 C1     *s     (-0.1130)  11 C1     *py    (-0.3368)  39 C2     *px    ( 0.3005)  42 C2     *py    (-0.1666)
                67 C3     *s     (-0.1236)  70 C3     *px    ( 0.2754)  73 C3     *py    ( 0.2584)  98 C4     *s     ( 0.1682)
               101 C4     *px    ( 0.1787) 104 C4     *py    ( 0.3276) 129 C5     *s     (-0.2221) 132 C5     *px    (-0.4053)
               160 C6     *s     ( 0.1867) 163 C6     *px    (-0.3862) 284 C10    *s     ( 0.1478) 315 C11    *s     (-0.1356)
               446 C15    2pz    (-0.1033) 447 C15    *pz    (-0.1028) 477 C16    2pz    (-0.1152) 478 C16    *pz    (-0.1152)
               694 C23    2pz    ( 0.1407) 695 C23    *pz    ( 0.1411) 696 C23    *pz    ( 0.1046) 725 C24    2pz    ( 0.1503)
               726 C24    *pz    ( 0.1497) 727 C24    *pz    ( 0.1085) 839 NI37   3d1-   (-0.1432) 847 NI37   3d1+   ( 0.1103)
               884 NI38   3d1-   ( 0.1007)
        101   -0.4047                                                                                                                     
                 5 C1     *s     (-0.4260)   8 C1     *px    ( 0.2050)  11 C1     *py    (-0.1895)  36 C2     *s     ( 0.4730)
                42 C2     *py    (-0.2687)  70 C3     *px    (-0.1088)  73 C3     *py    ( 0.1178)  98 C4     *s     ( 0.3175)
               104 C4     *py    (-0.1336) 129 C5     *s     (-0.3030) 135 C5     *py    (-0.1491) 166 C6     *py    ( 0.1353)
               197 C7     *py    ( 0.1569) 225 C8     *px    (-0.1539) 253 C9     *s     (-0.1242) 346 C12    *s     ( 0.1350)
               377 C13    *s     (-0.2623) 408 C14    *s     ( 0.2377) 439 C15    *s     (-0.1195) 718 C24    *s     ( 0.1387)
               839 NI37   3d1-   ( 0.3962) 840 NI37   *d1-   ( 0.2635) 841 NI37   *d1-   ( 0.1637) 847 NI37   3d1+   (-0.3313)
               848 NI37   *d1+   (-0.2203) 849 NI37   *d1+   (-0.1364) 851 NI37   3d2+   (-0.1086)
        102   -0.3757                                                                                                                     
                 5 C1     *s     ( 0.1565)   8 C1     *px    (-0.1640)  11 C1     *py    (-0.3525)  39 C2     *px    ( 0.3080)
                67 C3     *s     ( 0.1599)  70 C3     *px    ( 0.2299) 104 C4     *py    ( 0.1277) 132 C5     *px    (-0.1039)
               160 C6     *s     (-0.3127) 163 C6     *px    (-0.1924) 166 C6     *py    (-0.2273) 167 C6     2pz    ( 0.1059)
               168 C6     *pz    ( 0.1077) 222 C8     *s     (-0.1085) 532 C18    *s     (-0.1145) 563 C19    *s     ( 0.1463)
               594 C20    *s     (-0.1563) 625 C21    *s     ( 0.1184) 835 NI37   3d2-   (-0.1156) 851 NI37   3d2+   ( 0.1503)
               852 NI37   *d2+   ( 0.1015) 884 NI38   3d1-   ( 0.3749) 885 NI38   *d1-   ( 0.2505) 886 NI38   *d1-   ( 0.1586)
               892 NI38   3d1+   (-0.1599) 893 NI38   *d1+   (-0.1067)
        103   -0.3325                                                                                                                     
                 5 C1     *s     ( 0.1365)  36 C2     *s     ( 0.1845)  39 C2     *px    (-0.1321)  67 C3     *s     (-0.3881)
                73 C3     *py    ( 0.1123)  98 C4     *s     ( 0.2110) 104 C4     *py    ( 0.1256) 129 C5     *s     ( 0.1744)
               132 C5     *px    ( 0.1122) 160 C6     *s     (-0.2821) 260 C9     2pz    ( 0.1178) 261 C9     *pz    ( 0.1199)
               290 C10    *py    (-0.1171) 384 C13    2pz    ( 0.1060) 385 C13    *pz    ( 0.1097) 415 C14    2pz    ( 0.1023)
               416 C14    *pz    ( 0.1065) 532 C18    *s     ( 0.1224) 539 C18    2pz    (-0.1181) 540 C18    *pz    (-0.1171)
               570 C19    2pz    ( 0.1178) 571 C19    *pz    ( 0.1232) 601 C20    2pz    ( 0.1200) 602 C20    *pz    ( 0.1248)
               892 NI38   3d1+   ( 0.1219)
        104   -0.3102                                                                                                                     
                 5 C1     *s     ( 0.1528)  11 C1     *py    (-0.2846)  36 C2     *s     (-0.1151)  39 C2     *px    ( 0.2718)
                67 C3     *s     ( 0.1103)  70 C3     *px    ( 0.2740)  98 C4     *s     (-0.3344) 101 C4     *px    (-0.1360)
               104 C4     *py    ( 0.4001) 129 C5     *s     ( 0.3321) 132 C5     *px    (-0.2815) 135 C5     *py    ( 0.3169)
               160 C6     *s     (-0.1314) 163 C6     *px    (-0.1803) 166 C6     *py    (-0.2358) 290 C10    *py    (-0.1380)
               318 C11    *px    ( 0.1503) 563 C19    *s     (-0.2129) 594 C20    *s     ( 0.2189) 839 NI37   3d1-   ( 0.1108)
               847 NI37   3d1+   (-0.1200) 851 NI37   3d2+   ( 0.1021) 884 NI38   3d1-   (-0.3410) 885 NI38   *d1-   (-0.2262)
               886 NI38   *d1-   (-0.1393) 892 NI38   3d1+   ( 0.1750) 893 NI38   *d1+   ( 0.1162)
        105   -0.1198                                                                                                                     
                98 C4     *s     ( 0.1264) 129 C5     *s     ( 0.1798) 884 NI38   3d1-   ( 0.2585) 885 NI38   *d1-   ( 0.1715)
               886 NI38   *d1-   ( 0.1039) 892 NI38   3d1+   ( 0.5193) 893 NI38   *d1+   ( 0.3449) 894 NI38   *d1+   ( 0.2101)
      
        106   -0.0591                                                                                                                     
                 5 C1     *s     ( 0.2095)  36 C2     *s     ( 0.1252)  67 C3     *s     (-0.1320) 439 C15    *s     ( 0.1241)
               822 NI37   *s     (-0.1764) 839 NI37   3d1-   (-0.3697) 840 NI37   *d1-   (-0.2460) 841 NI37   *d1-   (-0.1511)
               847 NI37   3d1+   (-0.4326) 848 NI37   *d1+   (-0.2877) 849 NI37   *d1+   (-0.1761)
        107   -0.0270                                                                                                                     
                 5 C1     *s     ( 0.1078)  36 C2     *s     ( 0.1035)  67 C3     *s     (-0.4109) 160 C6     *s     (-0.3985)
               377 C13    *s     (-0.1241) 408 C14    *s     (-0.1280) 563 C19    *s     (-0.1293) 594 C20    *s     (-0.1298)
               820 NI37   4s     (-0.1207) 821 NI37   *s     ( 0.1323) 822 NI37   *s     ( 0.8410) 865 NI38   4s     (-0.1246)
               866 NI38   *s     ( 0.1377) 867 NI38   *s     ( 0.8632)
        108    0.0021                                                                                                                     
                 5 C1     *s     (-0.1341)  36 C2     *s     (-0.1369)  98 C4     *s     ( 0.1011) 129 C5     *s     ( 0.1240)
               194 C7     *px    (-0.1088) 200 C7     *pz    ( 0.1512) 231 C8     *pz    ( 0.1441) 287 C10    *px    (-0.1009)
               293 C10    *pz    (-0.1509) 324 C11    *pz    (-0.1389) 479 C16    *pz    (-0.1181) 510 C17    *pz    ( 0.1218)
               665 C22    *pz    ( 0.1243) 696 C23    *pz    (-0.1170) 820 NI37   4s     ( 0.1157) 821 NI37   *s     (-0.1267)
               822 NI37   *s     (-0.7439) 865 NI38   4s     (-0.1140) 866 NI38   *s     ( 0.1278) 867 NI38   *s     ( 0.7245)
      
        109    0.0147                                                                                                                     
                 5 C1     *s     (-0.1787)   8 C1     *px    ( 0.2926)  36 C2     *s     ( 0.1219)  42 C2     *py    (-0.2933)
                67 C3     *s     (-0.1429)  73 C3     *py    ( 0.1814)  76 C3     *pz    (-0.1553)  98 C4     *s     ( 0.1663)
               101 C4     *px    ( 0.2922) 129 C5     *s     (-0.1469) 135 C5     *py    (-0.2876) 160 C6     *s     ( 0.1832)
               166 C6     *py    ( 0.1790) 169 C6     *pz    ( 0.1505) 191 C7     *s     (-0.2216) 194 C7     *px    ( 0.1898)
               197 C7     *py    (-0.1430) 200 C7     *pz    (-0.1361) 222 C8     *s     ( 0.2502) 228 C8     *py    (-0.2428)
               231 C8     *pz    ( 0.1501) 253 C9     *s     (-0.1318) 260 C9     2pz    ( 0.1291) 261 C9     *pz    ( 0.1320)
               262 C9     *pz    ( 0.1989) 284 C10    *s     ( 0.2288) 287 C10    *px    ( 0.1915) 290 C10    *py    (-0.1361)
               293 C10    *pz    ( 0.1390) 315 C11    *s     (-0.2296) 321 C11    *py    (-0.2413) 324 C11    *pz    (-0.1500)
               346 C12    *s     ( 0.1111) 353 C12    2pz    (-0.1265) 354 C12    *pz    (-0.1291) 355 C12    *pz    (-0.2001)
               384 C13    2pz    (-0.1070) 385 C13    *pz    (-0.1145) 386 C13    *pz    (-0.2200) 415 C14    2pz    ( 0.1104)
               416 C14    *pz    ( 0.1179) 417 C14    *pz    ( 0.2216) 439 C15    *s     ( 0.1759) 446 C15    2pz    (-0.1071)
               447 C15    *pz    (-0.1028) 448 C15    *pz    (-0.2053) 532 C18    *s     ( 0.1812) 539 C18    2pz    (-0.1119)
               540 C18    *pz    (-0.1075) 541 C18    *pz    (-0.2127) 570 C19    2pz    ( 0.1108) 571 C19    *pz    ( 0.1185)
               572 C19    *pz    ( 0.2233) 601 C20    2pz    (-0.1080) 602 C20    *pz    (-0.1154) 603 C20    *pz    (-0.2176)
               625 C21    *s     (-0.1872) 632 C21    2pz    ( 0.1042) 633 C21    *pz    ( 0.1002) 634 C21    *pz    ( 0.1980)
               718 C24    *s     (-0.1888) 725 C24    2pz    ( 0.1079) 726 C24    *pz    ( 0.1038) 727 C24    *pz    ( 0.2041)
      
        110    0.0357                                                                                                                     
                 5 C1     *s     ( 0.6835)   8 C1     *px    ( 0.1901)  11 C1     *py    (-0.1233)  14 C1     *pz    ( 0.1290)
                36 C2     *s     ( 0.6875)  42 C2     *py    ( 0.2190)  45 C2     *pz    ( 0.1267)  70 C3     *px    (-0.2644)
                73 C3     *py    (-0.1487)  98 C4     *s     (-0.6934) 101 C4     *px    ( 0.1906) 104 C4     *py    (-0.1268)
               107 C4     *pz    (-0.1257) 129 C5     *s     (-0.6982) 135 C5     *py    ( 0.2223) 138 C5     *pz    (-0.1264)
               163 C6     *px    (-0.2619) 166 C6     *py    (-0.1499) 191 C7     *s     (-0.3043) 194 C7     *px    ( 0.2287)
               200 C7     *pz    (-0.1284) 222 C8     *s     (-0.2978) 225 C8     *px    ( 0.1684) 228 C8     *py    ( 0.1607)
               231 C8     *pz    (-0.1248) 256 C9     *px    ( 0.1756) 259 C9     *py    ( 0.1036) 284 C10    *s     ( 0.3134)
               287 C10    *px    ( 0.2295) 293 C10    *pz    ( 0.1295) 315 C11    *s     ( 0.3092) 318 C11    *px    ( 0.1712)
               321 C11    *py    ( 0.1619) 324 C11    *pz    ( 0.1250) 349 C12    *px    ( 0.1779) 352 C12    *py    ( 0.1018)
               386 C13    *pz    ( 0.1355) 417 C14    *pz    ( 0.1427) 439 C15    *s     ( 0.1357) 470 C16    *s     (-0.2496)
               477 C16    2pz    ( 0.1044) 478 C16    *pz    ( 0.1021) 479 C16    *pz    ( 0.1862) 501 C17    *s     ( 0.2543)
               508 C17    2pz    (-0.1023) 509 C17    *pz    (-0.1003) 510 C17    *pz    (-0.1783) 532 C18    *s     (-0.1374)
               572 C19    *pz    (-0.1377) 603 C20    *pz    (-0.1422) 625 C21    *s     (-0.1425) 656 C22    *s     ( 0.2547)
               663 C22    2pz    (-0.1025) 664 C22    *pz    (-0.1004) 665 C22    *pz    (-0.1793) 687 C23    *s     (-0.2517)
               694 C23    2pz    ( 0.1049) 695 C23    *pz    ( 0.1026) 696 C23    *pz    ( 0.1868) 718 C24    *s     ( 0.1334)
               822 NI37   *s     (-0.7156) 867 NI38   *s     ( 0.7277)
        111    0.0831                                                                                                                     
                 5 C1     *s     ( 0.3947)   8 C1     *px    ( 0.1414)  12 C1     2pz    ( 0.1578)  13 C1     *pz    ( 0.1707)
                14 C1     *pz    ( 0.3009)  36 C2     *s     (-0.4282)  42 C2     *py    (-0.1779)  43 C2     2pz    (-0.1509)
                44 C2     *pz    (-0.1632)  45 C2     *pz    (-0.2860)  70 C3     *px    ( 0.2382)  73 C3     *py    ( 0.1585)
                98 C4     *s     ( 0.4093) 101 C4     *px    (-0.1378) 105 C4     2pz    ( 0.1603) 106 C4     *pz    ( 0.1735)
               107 C4     *pz    ( 0.3034) 129 C5     *s     (-0.4305) 135 C5     *py    ( 0.1698) 136 C5     2pz    (-0.1506)
               137 C5     *pz    (-0.1630) 138 C5     *pz    (-0.2850) 163 C6     *px    (-0.2372) 166 C6     *py    (-0.1529)
               194 C7     *px    ( 0.1176) 197 C7     *py    ( 0.1575) 200 C7     *pz    ( 0.1137) 225 C8     *px    (-0.2043)
               231 C8     *pz    (-0.1033) 256 C9     *px    (-0.1873) 287 C10    *px    (-0.1191) 290 C10    *py    (-0.1551)
               293 C10    *pz    ( 0.1103) 318 C11    *px    ( 0.1995) 324 C11    *pz    (-0.1050) 349 C12    *px    ( 0.1856)
               377 C13    *s     (-0.1963) 380 C13    *px    ( 0.1676) 383 C13    *py    ( 0.2181) 386 C13    *pz    (-0.3078)
               408 C14    *s     ( 0.1919) 411 C14    *px    (-0.2657) 417 C14    *pz    ( 0.3028) 448 C15    *pz    ( 0.1572)
               470 C16    *s     ( 0.1162) 479 C16    *pz    (-0.1148) 501 C17    *s     (-0.1078) 510 C17    *pz    ( 0.1448)
               541 C18    *pz    (-0.1833) 563 C19    *s     (-0.1940) 566 C19    *px    (-0.1660) 569 C19    *py    (-0.2178)
               572 C19    *pz    (-0.3086) 594 C20    *s     ( 0.1869) 597 C20    *px    ( 0.2645) 603 C20    *pz    ( 0.3052)
               634 C21    *pz    ( 0.1554) 656 C22    *s     ( 0.1127) 665 C22    *pz    (-0.1118) 687 C23    *s     (-0.1071)
               696 C23    *pz    ( 0.1427) 727 C24    *pz    (-0.1823)
        112    0.0901                                                                                                                     
                 5 C1     *s     ( 0.2831)   8 C1     *px    ( 0.1059)  11 C1     *py    (-0.1913)  14 C1     *pz    (-0.1541)
                36 C2     *s     ( 0.2546)  39 C2     *px    (-0.1021)  42 C2     *py    ( 0.1571)  45 C2     *pz    (-0.1811)
                67 C3     *s     (-1.0622)  70 C3     *px    ( 0.1835)  73 C3     *py    (-0.2802)  74 C3     2pz    ( 0.1739)
                75 C3     *pz    ( 0.1791)  76 C3     *pz    ( 0.3101)  98 C4     *s     ( 0.2876) 104 C4     *py    ( 0.1868)
               107 C4     *pz    (-0.1531) 129 C5     *s     ( 0.2414) 132 C5     *px    ( 0.1078) 135 C5     *py    (-0.1629)
               138 C5     *pz    (-0.1818) 160 C6     *s     (-1.0640) 163 C6     *px    (-0.1834) 166 C6     *py    ( 0.2844)
               167 C6     2pz    ( 0.1745) 168 C6     *pz    ( 0.1796) 169 C6     *pz    ( 0.3123) 191 C7     *s     (-0.4160)
               222 C8     *s     (-0.4098) 253 C9     *s     ( 0.6613) 256 C9     *px    ( 0.1886) 259 C9     *py    (-0.3487)
               262 C9     *pz    ( 0.1416) 284 C10    *s     (-0.4088) 315 C11    *s     (-0.4076) 346 C12    *s     ( 0.6657)
               349 C12    *px    (-0.1879) 352 C12    *py    ( 0.3497) 355 C12    *pz    ( 0.1398) 380 C13    *px    (-0.1136)
               414 C14    *py    (-0.1028) 439 C15    *s     ( 0.2414) 448 C15    *pz    ( 0.2725) 473 C16    *px    (-0.1150)
               479 C16    *pz    (-0.3091) 507 C17    *py    ( 0.1161) 510 C17    *pz    (-0.2983) 532 C18    *s     ( 0.2490)
               541 C18    *pz    ( 0.2565) 566 C19    *px    ( 0.1135) 625 C21    *s     ( 0.2412) 634 C21    *pz    ( 0.2750)
               659 C22    *px    ( 0.1144) 665 C22    *pz    (-0.3112) 693 C23    *py    (-0.1176) 696 C23    *pz    (-0.2960)
               718 C24    *s     ( 0.2512) 727 C24    *pz    ( 0.2578) 821 NI37   *s     (-0.1175) 822 NI37   *s     ( 0.1640)
               866 NI38   *s     (-0.1160) 867 NI38   *s     ( 0.1829)
        113    0.1104                                                                                                                     
                 5 C1     *s     ( 0.1923)   8 C1     *px    (-0.2920)  11 C1     *py    (-0.1063)  36 C2     *s     ( 0.1937)
                39 C2     *px    (-0.2261)  42 C2     *py    (-0.1829)  67 C3     *s     (-0.3604)  70 C3     *px    (-0.2823)
                73 C3     *py    ( 0.4769)  76 C3     *pz    ( 0.1054)  98 C4     *s     ( 0.1861) 101 C4     *px    ( 0.2789)
               129 C5     *s     ( 0.1981) 132 C5     *px    ( 0.2588) 135 C5     *py    ( 0.1970) 160 C6     *s     (-0.4032)
               163 C6     *px    ( 0.2993) 166 C6     *py    (-0.4902) 169 C6     *pz    ( 0.1053) 191 C7     *s     (-0.1120)
               197 C7     *py    (-0.1649) 198 C7     2pz    (-0.1289) 199 C7     *pz    (-0.1268) 200 C7     *pz    (-0.4223)
               222 C8     *s     (-0.1389) 225 C8     *px    (-0.1650) 229 C8     2pz    (-0.1285) 230 C8     *pz    (-0.1266)
               231 C8     *pz    (-0.4213) 253 C9     *s     (-0.4390) 259 C9     *py    ( 0.1301) 260 C9     2pz    (-0.1290)
               261 C9     *pz    (-0.1242) 262 C9     *pz    (-0.3982) 284 C10    *s     (-0.1201) 290 C10    *py    ( 0.1660)
               291 C10    2pz    (-0.1283) 292 C10    *pz    (-0.1270) 293 C10    *pz    (-0.4179) 315 C11    *s     (-0.1035)
               318 C11    *px    ( 0.1574) 322 C11    2pz    (-0.1288) 323 C11    *pz    (-0.1275) 324 C11    *pz    (-0.4175)
               346 C12    *s     (-0.4484) 352 C12    *py    (-0.1390) 353 C12    2pz    (-0.1297) 354 C12    *pz    (-0.1248)
               355 C12    *pz    (-0.4021) 376 C13    *s     (-0.1048) 377 C13    *s     ( 0.3125) 380 C13    *px    (-0.3069)
               386 C13    *pz    ( 0.1980) 407 C14    *s     (-0.1063) 408 C14    *s     ( 0.3435) 411 C14    *px    (-0.2178)
               414 C14    *py    (-0.2398) 417 C14    *pz    ( 0.1963) 439 C15    *s     (-0.1092) 448 C15    *pz    ( 0.1974)
               479 C16    *pz    ( 0.1768) 510 C17    *pz    ( 0.1777) 532 C18    *s     (-0.1108) 541 C18    *pz    ( 0.1958)
               563 C19    *s     ( 0.3431) 566 C19    *px    ( 0.2979) 572 C19    *pz    ( 0.1943) 594 C20    *s     ( 0.3210)
               597 C20    *px    ( 0.2090) 600 C20    *py    ( 0.2152) 603 C20    *pz    ( 0.1987) 634 C21    *pz    ( 0.1941)
               665 C22    *pz    ( 0.1812) 696 C23    *pz    ( 0.1782) 718 C24    *s     (-0.1143) 727 C24    *pz    ( 0.1982)
               747 H25    *s     ( 0.2254) 753 H26    *s     ( 0.2263) 783 H31    *s     ( 0.2069) 789 H32    *s     ( 0.2055)
               822 NI37   *s     (-0.1448) 867 NI38   *s     (-0.1502)
        114    0.1400                                                                                                                     
                 5 C1     *s     ( 0.5199)   8 C1     *px    ( 0.7632)  11 C1     *py    ( 0.9941)  36 C2     *s     (-0.5503)
                39 C2     *px    (-1.2557)  42 C2     *py    (-0.1839)  70 C3     *px    (-0.7348)  73 C3     *py    (-0.4489)
                98 C4     *s     ( 0.5351) 101 C4     *px    (-0.8208) 104 C4     *py    (-1.0418) 129 C5     *s     (-0.5058)
               132 C5     *px    ( 1.3444) 135 C5     *py    ( 0.1966) 163 C6     *px    ( 0.7911) 166 C6     *py    ( 0.3990)
               191 C7     *s     (-1.2839) 194 C7     *px    ( 0.5337) 197 C7     *py    (-0.5022) 222 C8     *s     ( 1.2997)
               225 C8     *px    ( 0.1664) 228 C8     *py    (-0.7074) 256 C9     *px    ( 0.1299) 284 C10    *s     (-1.3472)
               287 C10    *px    (-0.5318) 290 C10    *py    ( 0.5336) 315 C11    *s     ( 1.3501) 318 C11    *px    (-0.2016)
               321 C11    *py    ( 0.7451) 349 C12    *px    (-0.1196) 377 C13    *s     ( 0.1896) 380 C13    *px    (-0.3219)
               383 C13    *py    (-0.1129) 384 C13    2pz    (-0.1142) 385 C13    *pz    (-0.1278) 386 C13    *pz    (-0.4158)
               408 C14    *s     (-0.2098) 411 C14    *px    ( 0.2462) 414 C14    *py    ( 0.1942) 415 C14    2pz    ( 0.1130)
               416 C14    *pz    ( 0.1284) 417 C14    *pz    ( 0.4141) 439 C15    *s     ( 0.3403) 442 C15    *px    ( 0.2168)
               446 C15    2pz    (-0.1106) 447 C15    *pz    (-0.1104) 448 C15    *pz    (-0.2837) 470 C16    *s     ( 0.1075)
               477 C16    2pz    ( 0.1156) 478 C16    *pz    ( 0.1093) 479 C16    *pz    ( 0.3150) 501 C17    *s     (-0.1027)
               508 C17    2pz    (-0.1159) 509 C17    *pz    (-0.1100) 510 C17    *pz    (-0.3163) 532 C18    *s     (-0.3487)
               535 C18    *px    ( 0.1741) 538 C18    *py    ( 0.1529) 539 C18    2pz    ( 0.1113) 540 C18    *pz    ( 0.1107)
               541 C18    *pz    ( 0.2893) 563 C19    *s     ( 0.3013) 566 C19    *px    ( 0.3356) 569 C19    *py    ( 0.1150)
               570 C19    2pz    (-0.1117) 571 C19    *pz    (-0.1255) 572 C19    *pz    (-0.4036) 594 C20    *s     (-0.3057)
               597 C20    *px    (-0.2674) 600 C20    *py    (-0.2323) 601 C20    2pz    ( 0.1108) 602 C20    *pz    ( 0.1252)
               603 C20    *pz    ( 0.4014) 625 C21    *s     ( 0.3584) 628 C21    *px    (-0.2244) 632 C21    2pz    (-0.1128)
               633 C21    *pz    (-0.1119) 634 C21    *pz    (-0.2946) 663 C22    2pz    ( 0.1162) 664 C22    *pz    ( 0.1103)
               665 C22    *pz    ( 0.3186) 687 C23    *s     (-0.1287) 694 C23    2pz    (-0.1166) 695 C23    *pz    (-0.1105)
               696 C23    *pz    (-0.3178) 718 C24    *s     (-0.3498) 721 C24    *px    (-0.1967) 724 C24    *py    (-0.1547)
               725 C24    2pz    ( 0.1111) 726 C24    *pz    ( 0.1111) 727 C24    *pz    ( 0.2852) 747 H25    *s     ( 0.2971)
               753 H26    *s     (-0.2486) 759 H27    *s     (-0.2149) 777 H30    *s     ( 0.2197) 783 H31    *s     ( 0.2730)
               789 H32    *s     (-0.2669) 795 H33    *s     (-0.2143) 813 H36    *s     ( 0.2435)
        115    0.1416                                                                                                                     
                 4 C1     *s     ( 0.4335)   5 C1     *s     ( 0.7465)   7 C1     *px    ( 0.1542)   8 C1     *px    ( 0.1473)
                11 C1     *py    (-0.2733)  14 C1     *pz    (-0.1849)  35 C2     *s     ( 0.4319)  36 C2     *s     ( 0.6833)
                38 C2     *px    ( 0.1014)  39 C2     *px    (-0.1379)  41 C2     *py    ( 0.1141)  42 C2     *py    ( 0.2925)
                45 C2     *pz    (-0.1844)  66 C3     *s     ( 0.2621)  67 C3     *s     (-1.8422)  70 C3     *px    ( 0.3028)
                73 C3     *py    (-0.1137)  97 C4     *s     ( 0.3082)  98 C4     *s     ( 0.6913) 104 C4     *py    ( 0.4807)
               107 C4     *pz    (-0.1210) 128 C5     *s     ( 0.3110) 129 C5     *s     ( 0.7763) 132 C5     *px    ( 0.3838)
               135 C5     *py    (-0.1552) 138 C5     *pz    (-0.1196) 159 C6     *s     ( 0.2677) 160 C6     *s     (-1.8240)
               166 C6     *py    ( 0.2848) 190 C7     *s     ( 0.1681) 191 C7     *s     (-0.8864) 193 C7     *px    ( 0.2152)
               194 C7     *px    ( 1.0097) 210 C7     *d2+   (-0.1192) 221 C8     *s     ( 0.1712) 222 C8     *s     (-0.8799)
               224 C8     *px    ( 0.1643) 225 C8     *px    ( 0.5652) 227 C8     *py    ( 0.1471) 228 C8     *py    ( 0.8428)
               252 C9     *s     ( 0.1181) 253 C9     *s     ( 1.4942) 258 C9     *py    ( 0.1363) 259 C9     *py    (-0.2221)
               283 C10    *s     ( 0.1277) 284 C10    *s     (-0.6520) 286 C10    *px    (-0.1281) 287 C10    *px    (-0.3956)
               290 C10    *py    (-0.2844) 314 C11    *s     ( 0.1267) 315 C11    *s     (-0.7273) 318 C11    *px    (-0.4377)
               320 C11    *py    (-0.1030) 321 C11    *py    (-0.2226) 345 C12    *s     ( 0.1197) 346 C12    *s     ( 1.5066)
               348 C12    *px    ( 0.1060) 349 C12    *px    (-0.1987) 351 C12    *py    (-0.1068) 376 C13    *s     (-0.1725)
               377 C13    *s     (-1.4730) 379 C13    *px    ( 0.1501) 380 C13    *px    (-1.1216) 383 C13    *py    ( 0.3232)
               386 C13    *pz    (-0.1398) 407 C14    *s     (-0.1683) 408 C14    *s     (-1.4751) 410 C14    *px    ( 0.1635)
               411 C14    *px    (-0.2721) 414 C14    *py    (-1.1075) 417 C14    *pz    (-0.1430) 438 C15    *s     (-0.1684)
               439 C15    *s     (-0.1164) 442 C15    *px    (-0.7711) 445 C15    *py    (-0.8532) 470 C16    *s     (-1.2396)
               475 C16    *py    ( 0.1115) 476 C16    *py    ( 0.1270) 501 C17    *s     (-1.1244) 504 C17    *px    (-0.1647)
               532 C18    *s     ( 0.2171) 535 C18    *px    ( 0.7310) 562 C19    *s     (-0.1209) 563 C19    *s     (-0.7975)
               566 C19    *px    ( 0.5595) 569 C19    *py    (-0.1561) 593 C20    *s     (-0.1230) 594 C20    *s     (-0.7551)
               597 C20    *px    ( 0.1718) 600 C20    *py    ( 0.6008) 625 C21    *s     ( 0.1961) 628 C21    *px    ( 0.3836)
               631 C21    *py    ( 0.6552) 656 C22    *s     (-1.1599) 662 C22    *py    (-0.1525) 687 C23    *s     (-1.2904)
               689 C23    *px    ( 0.1331) 693 C23    *py    (-0.1027) 717 C24    *s     (-0.1771) 718 C24    *s     (-0.1113)
               720 C24    *px    ( 0.1056) 721 C24    *px    (-1.1599) 724 C24    *py    (-0.2320) 746 H25    *s     (-0.2553)
               747 H25    *s     ( 1.8954) 752 H26    *s     (-0.2526) 753 H26    *s     ( 1.8715) 758 H27    *s     (-0.1583)
               759 H27    *s     ( 1.2773) 765 H28    *s     ( 0.4428) 771 H29    *s     ( 0.3872) 777 H30    *s     ( 0.7895)
               782 H31    *s     (-0.1517) 783 H31    *s     ( 1.0165) 788 H32    *s     (-0.1540) 789 H32    *s     ( 1.0511)
               795 H33    *s     ( 0.8296) 801 H34    *s     ( 0.4218) 807 H35    *s     ( 0.4853) 812 H36    *s     (-0.1645)
               813 H36    *s     ( 1.3222) 822 NI37   *s     ( 0.2673) 834 NI37   *pz    (-0.1231) 850 NI37   *d1+   ( 0.1577)
               867 NI38   *s     ( 0.1386) 895 NI38   *d1+   (-0.1168)
        116    0.1459                                                                                                                     
                 4 C1     *s     ( 0.1646)   7 C1     *px    ( 0.1395)   8 C1     *px    ( 0.4341)  11 C1     *py    ( 0.3544)
                35 C2     *s     ( 0.1661)  38 C2     *px    ( 0.1383)  39 C2     *px    ( 0.5750)  42 C2     *py    ( 0.2005)
                67 C3     *s     ( 0.2958)  69 C3     *px    ( 0.1588)  70 C3     *px    ( 0.5737)  73 C3     *py    ( 0.3999)
                97 C4     *s     (-0.3420)  98 C4     *s     (-0.1553) 100 C4     *px    ( 0.1855) 101 C4     *px    ( 0.5040)
               104 C4     *py    ( 0.2437) 107 C4     *pz    ( 0.1627) 128 C5     *s     (-0.3408) 129 C5     *s     (-0.3056)
               131 C5     *px    ( 0.1604) 132 C5     *px    ( 0.4756) 134 C5     *py    ( 0.1279) 135 C5     *py    ( 0.2687)
               138 C5     *pz    ( 0.1593) 160 C6     *s     ( 0.2688) 162 C6     *px    ( 0.1332) 163 C6     *px    ( 0.5916)
               165 C6     *py    ( 0.1117) 166 C6     *py    ( 0.2715) 191 C7     *s     (-0.3375) 193 C7     *px    ( 0.1402)
               194 C7     *px    ( 1.1298) 197 C7     *py    (-0.3793) 222 C8     *s     (-0.3279) 224 C8     *px    ( 0.1299)
               225 C8     *px    ( 0.2234) 228 C8     *py    ( 1.1778) 253 C9     *s     (-0.2831) 255 C9     *px    ( 0.1686)
               256 C9     *px    (-0.5482) 259 C9     *py    (-0.3396) 283 C10    *s     (-0.1278) 284 C10    *s     ( 0.6172)
               286 C10    *px    ( 0.2149) 287 C10    *px    ( 1.4448) 290 C10    *py    (-0.3055) 303 C10    *d2+   ( 0.1155)
               314 C11    *s     (-0.1205) 315 C11    *s     ( 0.7202) 317 C11    *px    ( 0.1731) 318 C11    *px    ( 0.4488)
               320 C11    *py    ( 0.1552) 321 C11    *py    ( 1.4091) 346 C12    *s     (-0.3004) 348 C12    *px    ( 0.1318)
               349 C12    *px    (-0.5420) 351 C12    *py    ( 0.1264) 352 C12    *py    (-0.2823) 377 C13    *s     (-1.2331)
               380 C13    *px    (-0.9120) 383 C13    *py    ( 0.2924) 386 C13    *pz    (-0.1350) 408 C14    *s     (-1.2270)
               410 C14    *px    ( 0.1083) 411 C14    *px    (-0.1956) 414 C14    *py    (-0.9288) 417 C14    *pz    (-0.1358)
               438 C15    *s     (-0.1507) 439 C15    *s     (-0.5738) 442 C15    *px    (-0.7460) 445 C15    *py    (-0.3811)
               472 C16    *px    ( 0.1086) 473 C16    *px    (-0.3051) 501 C17    *s     ( 0.6248) 503 C17    *px    ( 0.1606)
               504 C17    *px    (-0.1684) 507 C17    *py    (-0.1648) 531 C18    *s     ( 0.2187) 532 C18    *s     ( 0.6620)
               534 C18    *px    ( 0.1240) 535 C18    *px    (-1.1190) 538 C18    *py    (-0.5152) 562 C19    *s     ( 0.1174)
               563 C19    *s     ( 1.7548) 565 C19    *px    ( 0.1464) 566 C19    *px    (-1.2242) 568 C19    *py    ( 0.1002)
               569 C19    *py    ( 0.3950) 572 C19    *pz    ( 0.1740) 593 C20    *s     ( 0.1235) 594 C20    *s     ( 1.6657)
               596 C20    *px    ( 0.1570) 597 C20    *px    (-0.3176) 600 C20    *py    (-1.3177) 603 C20    *pz    ( 0.1826)
               624 C21    *s     ( 0.2298) 625 C21    *s     ( 0.6320) 628 C21    *px    (-1.0231) 630 C21    *py    ( 0.1011)
               631 C21    *py    (-0.7605) 656 C22    *s     ( 0.6932) 658 C22    *px    ( 0.1243) 659 C22    *px    (-0.2237)
               661 C22    *py    ( 0.1211) 689 C23    *px    ( 0.1113) 690 C23    *px    (-0.1866) 693 C23    *py    (-0.2546)
               717 C24    *s     (-0.1528) 718 C24    *s     (-0.5452) 721 C24    *px    (-0.7260) 724 C24    *py    (-0.4551)
               746 H25    *s     (-0.1697) 747 H25    *s     ( 1.4612) 752 H26    *s     (-0.1686) 753 H26    *s     ( 1.4508)
               758 H27    *s     (-0.1109) 759 H27    *s     ( 0.8476) 771 H29    *s     (-0.3063) 776 H30    *s     ( 0.1753)
               777 H30    *s     (-1.3623) 782 H31    *s     ( 0.2528) 783 H31    *s     (-2.0472) 788 H32    *s     ( 0.2563)
               789 H32    *s     (-2.0957) 794 H33    *s     ( 0.1823) 795 H33    *s     (-1.4137) 801 H34    *s     (-0.3214)
               812 H36    *s     (-0.1129) 813 H36    *s     ( 0.8649) 822 NI37   *s     ( 0.2138) 846 NI37   *d0    (-0.1088)
               867 NI38   *s     (-0.2994) 879 NI38   *pz    ( 0.1354) 891 NI38   *d0    ( 0.1347) 895 NI38   *d1+   ( 0.1023)
      
--

      Von Neumann Entropy (Root   1) =  2.16011


      Mulliken population analysis for root number:  1
      -----------------------------------------------


++    Molecular charges:
      ------------------

      Mulliken charges per centre and basis function type
      ---------------------------------------------------

                C1      C2      C3      C4      C5      C6      C7      C8      C9      C10     C11     C12   
      1s       0.8547  0.8547  0.8547  0.8547  0.8547  0.8547  0.8547  0.8547  0.8547  0.8547  0.8547  0.8547
      2s       1.1233  1.1233  1.1232  1.1233  1.1233  1.1232  1.1233  1.1233  1.1232  1.1233  1.1233  1.1232
      2px      0.4567  0.4601  0.4575  0.4568  0.4600  0.4575  0.4496  0.4539  0.4649  0.4496  0.4540  0.4649
      2pz      0.3162  0.3188  0.3230  0.3177  0.3182  0.3236  0.3226  0.3227  0.3143  0.3228  0.3229  0.3136
      2py      0.4565  0.4531  0.4613  0.4563  0.4532  0.4613  0.4635  0.4592  0.4598  0.4635  0.4591  0.4599
      3s       0.0000  0.0000  0.0000  0.0000  0.0000  0.0000  0.0000  0.0000  0.0000  0.0000  0.0000  0.0000
      3px      0.0000  0.0000  0.0000  0.0000  0.0000  0.0000  0.0000  0.0000  0.0000  0.0000  0.0000  0.0000
      3pz      0.0000  0.0000  0.0000  0.0000  0.0000  0.0000  0.0000  0.0000  0.0000  0.0000  0.0000  0.0000
      3py      0.0000  0.0000  0.0000  0.0000  0.0000  0.0000  0.0000  0.0000  0.0000  0.0000  0.0000  0.0000
      4s       0.0000  0.0000  0.0000  0.0000  0.0000  0.0000  0.0000  0.0000  0.0000  0.0000  0.0000  0.0000
      3d2+     0.0000  0.0000  0.0000  0.0000  0.0000  0.0000  0.0000  0.0000  0.0000  0.0000  0.0000  0.0000
      3d1+     0.0000  0.0000  0.0000  0.0000  0.0000  0.0000  0.0000  0.0000  0.0000  0.0000  0.0000  0.0000
      3d0      0.0000  0.0000  0.0000  0.0000  0.0000  0.0000  0.0000  0.0000  0.0000  0.0000  0.0000  0.0000
      3d1-     0.0000  0.0000  0.0000  0.0000  0.0000  0.0000  0.0000  0.0000  0.0000  0.0000  0.0000  0.0000
      3d2-     0.0000  0.0000  0.0000  0.0000  0.0000  0.0000  0.0000  0.0000  0.0000  0.0000  0.0000  0.0000
      *s       1.2894  1.2889  1.3519  1.2838  1.2842  1.3520  1.0053  1.0054  1.1055  1.0072  1.0074  1.1055
      *px      0.4315  0.2647  0.4446  0.4310  0.2647  0.4447  0.3620  0.4342  0.3949  0.3626  0.4351  0.3947
      *pz      0.6395  0.6448  0.5904  0.6415  0.6429  0.5917  0.5769  0.5765  0.5851  0.5766  0.5765  0.5843
      *py      0.1469  0.3144  0.3618  0.1468  0.3145  0.3619  0.4641  0.3918  0.3891  0.4651  0.3925  0.3893
      *d2+     0.0502  0.0544  0.0602  0.0506  0.0543  0.0602  0.0421  0.0388  0.0452  0.0423  0.0390  0.0452
      *d1+     0.0250  0.0269  0.0260  0.0250  0.0269  0.0259  0.0210  0.0233  0.0270  0.0211  0.0232  0.0270
      *d0      0.0059  0.0059  0.0032  0.0059  0.0059  0.0032  0.0086  0.0087  0.0059  0.0087  0.0087  0.0059
      *d1-     0.0255  0.0236  0.0257  0.0255  0.0237  0.0257  0.0272  0.0252  0.0234  0.0274  0.0251  0.0235
      *d2-     0.0531  0.0492  0.0632  0.0532  0.0493  0.0633  0.0372  0.0405  0.0507  0.0372  0.0405  0.0507
      *f3+     0.0021  0.0021  0.0021  0.0021  0.0021  0.0021  0.0021  0.0021  0.0022  0.0021  0.0021  0.0022
      *f2+     0.0009  0.0010  0.0011  0.0009  0.0010  0.0011  0.0010  0.0007  0.0009  0.0010  0.0008  0.0009
      *f1+     0.0011  0.0010  0.0011  0.0011  0.0010  0.0011  0.0010  0.0012  0.0011  0.0010  0.0012  0.0011
      *f0      0.0018  0.0018  0.0020  0.0018  0.0018  0.0020  0.0017  0.0017  0.0020  0.0017  0.0017  0.0020
      *f1-     0.0010  0.0011  0.0011  0.0010  0.0011  0.0011  0.0013  0.0010  0.0011  0.0013  0.0010  0.0011
      *f2-     0.0009  0.0009  0.0010  0.0009  0.0009  0.0010  0.0008  0.0011  0.0010  0.0008  0.0011  0.0010
      *f3-     0.0030  0.0030  0.0032  0.0030  0.0030  0.0032  0.0029  0.0029  0.0031  0.0029  0.0029  0.0031
      Total    5.8853  5.8936  6.1584  5.8828  5.8865  6.1604  5.7690  5.7689  5.8551  5.7728  5.7729  5.8537

      N-E      0.1147  0.1064 -0.1584  0.1172  0.1135 -0.1604  0.2310  0.2311  0.1449  0.2272  0.2271  0.1463

                C13     C14     C15     C16     C17     C18     C19     C20     C21     C22     C23     C24   
      1s       0.8548  0.8548  0.8548  0.8548  0.8548  0.8548  0.8548  0.8548  0.8548  0.8548  0.8548  0.8548
      2s       1.1233  1.1233  1.1232  1.1232  1.1232  1.1232  1.1233  1.1233  1.1232  1.1232  1.1232  1.1232
      2px      0.4475  0.4493  0.4718  0.4715  0.4576  0.4520  0.4476  0.4493  0.4718  0.4715  0.4576  0.4520
      2pz      0.3139  0.3142  0.3156  0.3119  0.3114  0.3159  0.3150  0.3145  0.3151  0.3118  0.3117  0.3153
      2py      0.4578  0.4561  0.4482  0.4482  0.4622  0.4681  0.4583  0.4563  0.4482  0.4482  0.4622  0.4680
      3s       0.0000  0.0000  0.0000  0.0000  0.0000  0.0000  0.0000  0.0000  0.0000  0.0000  0.0000  0.0000
      3px      0.0000  0.0000  0.0000  0.0000  0.0000  0.0000  0.0000  0.0000  0.0000  0.0000  0.0000  0.0000
      3pz      0.0000  0.0000  0.0000  0.0000  0.0000  0.0000  0.0000  0.0000  0.0000  0.0000  0.0000  0.0000
      3py      0.0000  0.0000  0.0000  0.0000  0.0000  0.0000  0.0000  0.0000  0.0000  0.0000  0.0000  0.0000
      4s       0.0000  0.0000  0.0000  0.0000  0.0000  0.0000  0.0000  0.0000  0.0000  0.0000  0.0000  0.0000
      3d2+     0.0000  0.0000  0.0000  0.0000  0.0000  0.0000  0.0000  0.0000  0.0000  0.0000  0.0000  0.0000
      3d1+     0.0000  0.0000  0.0000  0.0000  0.0000  0.0000  0.0000  0.0000  0.0000  0.0000  0.0000  0.0000
      3d0      0.0000  0.0000  0.0000  0.0000  0.0000  0.0000  0.0000  0.0000  0.0000  0.0000  0.0000  0.0000
      3d1-     0.0000  0.0000  0.0000  0.0000  0.0000  0.0000  0.0000  0.0000  0.0000  0.0000  0.0000  0.0000
      3d2-     0.0000  0.0000  0.0000  0.0000  0.0000  0.0000  0.0000  0.0000  0.0000  0.0000  0.0000  0.0000
      *s       1.2134  1.2121  1.2431  1.2167  1.2169  1.2425  1.2124  1.2118  1.2427  1.2168  1.2168  1.2428
      *px      0.5337  0.5053  0.5060  0.5128  0.4937  0.5328  0.5330  0.5054  0.5060  0.5128  0.4937  0.5329
      *pz      0.6345  0.6357  0.6527  0.6537  0.6527  0.6535  0.6369  0.6352  0.6516  0.6536  0.6534  0.6519
      *py      0.4919  0.5199  0.5191  0.5127  0.5319  0.4922  0.4923  0.5198  0.5190  0.5127  0.5319  0.4921
      *d2+     0.0278  0.0284  0.0278  0.0280  0.0315  0.0311  0.0279  0.0285  0.0278  0.0280  0.0315  0.0311
      *d1+     0.0120  0.0209  0.0242  0.0235  0.0205  0.0067  0.0119  0.0210  0.0242  0.0233  0.0204  0.0067
      *d0      0.0101  0.0101  0.0052  0.0048  0.0048  0.0052  0.0101  0.0101  0.0052  0.0048  0.0048  0.0052
      *d1-     0.0267  0.0177  0.0111  0.0102  0.0132  0.0285  0.0268  0.0178  0.0111  0.0101  0.0131  0.0285
      *d2-     0.0268  0.0260  0.0330  0.0321  0.0286  0.0297  0.0269  0.0264  0.0330  0.0321  0.0286  0.0297
      *f3+     0.0019  0.0019  0.0019  0.0019  0.0019  0.0019  0.0019  0.0019  0.0019  0.0019  0.0019  0.0019
      *f2+     0.0005  0.0009  0.0009  0.0009  0.0008  0.0003  0.0005  0.0009  0.0009  0.0009  0.0008  0.0003
      *f1+     0.0009  0.0009  0.0009  0.0009  0.0009  0.0009  0.0008  0.0010  0.0009  0.0009  0.0009  0.0009
      *f0      0.0014  0.0014  0.0016  0.0016  0.0016  0.0016  0.0014  0.0014  0.0016  0.0016  0.0016  0.0016
      *f1-     0.0009  0.0008  0.0009  0.0008  0.0009  0.0010  0.0009  0.0008  0.0009  0.0008  0.0009  0.0010
      *f2-     0.0011  0.0006  0.0006  0.0005  0.0005  0.0011  0.0011  0.0006  0.0006  0.0005  0.0005  0.0011
      *f3-     0.0017  0.0017  0.0019  0.0020  0.0020  0.0019  0.0017  0.0017  0.0019  0.0020  0.0020  0.0019
      Total    6.1824  6.1819  6.2444  6.2127  6.2115  6.2448  6.1852  6.1823  6.2423  6.2123  6.2122  6.2429

      N-E     -0.1824 -0.1819 -0.2444 -0.2127 -0.2115 -0.2448 -0.1852 -0.1823 -0.2423 -0.2123 -0.2122 -0.2429

                H25     H26     H27     H28     H29     H30     H31     H32     H33     H34     H35     H36   
      1s       0.2626  0.2626  0.2635  0.2638  0.2638  0.2635  0.2627  0.2627  0.2635  0.2638  0.2638  0.2635
      2s       0.0000  0.0000  0.0000  0.0000  0.0000  0.0000  0.0000  0.0000  0.0000  0.0000  0.0000  0.0000
      2px      0.0000  0.0000  0.0000  0.0000  0.0000  0.0000  0.0000  0.0000  0.0000  0.0000  0.0000  0.0000
      2pz      0.0000  0.0000  0.0000  0.0000  0.0000  0.0000  0.0000  0.0000  0.0000  0.0000  0.0000  0.0000
      2py      0.0000  0.0000  0.0000  0.0000  0.0000  0.0000  0.0000  0.0000  0.0000  0.0000  0.0000  0.0000
      3s       0.0000  0.0000  0.0000  0.0000  0.0000  0.0000  0.0000  0.0000  0.0000  0.0000  0.0000  0.0000
      3px      0.0000  0.0000  0.0000  0.0000  0.0000  0.0000  0.0000  0.0000  0.0000  0.0000  0.0000  0.0000
      3pz      0.0000  0.0000  0.0000  0.0000  0.0000  0.0000  0.0000  0.0000  0.0000  0.0000  0.0000  0.0000
      3py      0.0000  0.0000  0.0000  0.0000  0.0000  0.0000  0.0000  0.0000  0.0000  0.0000  0.0000  0.0000
      4s       0.0000  0.0000  0.0000  0.0000  0.0000  0.0000  0.0000  0.0000  0.0000  0.0000  0.0000  0.0000
      3d2+     0.0000  0.0000  0.0000  0.0000  0.0000  0.0000  0.0000  0.0000  0.0000  0.0000  0.0000  0.0000
      3d1+     0.0000  0.0000  0.0000  0.0000  0.0000  0.0000  0.0000  0.0000  0.0000  0.0000  0.0000  0.0000
      3d0      0.0000  0.0000  0.0000  0.0000  0.0000  0.0000  0.0000  0.0000  0.0000  0.0000  0.0000  0.0000
      3d1-     0.0000  0.0000  0.0000  0.0000  0.0000  0.0000  0.0000  0.0000  0.0000  0.0000  0.0000  0.0000
      3d2-     0.0000  0.0000  0.0000  0.0000  0.0000  0.0000  0.0000  0.0000  0.0000  0.0000  0.0000  0.0000
      *s       0.5668  0.5668  0.5809  0.5780  0.5780  0.5810  0.5673  0.5672  0.5810  0.5780  0.5780  0.5810
      *px      0.0166  0.0066  0.0061  0.0061  0.0064  0.0163  0.0166  0.0066  0.0061  0.0061  0.0064  0.0163
      *pz      0.0044  0.0044  0.0041  0.0042  0.0042  0.0041  0.0044  0.0044  0.0041  0.0042  0.0042  0.0041
      *py      0.0030  0.0131  0.0131  0.0130  0.0127  0.0029  0.0030  0.0131  0.0131  0.0130  0.0127  0.0029
      *d2+     0.0000  0.0000  0.0000  0.0000  0.0000  0.0000  0.0000  0.0000  0.0000  0.0000  0.0000  0.0000
      *d1+     0.0000  0.0000  0.0000  0.0000  0.0000  0.0000  0.0000  0.0000  0.0000  0.0000  0.0000  0.0000
      *d0      0.0000  0.0000  0.0000  0.0000  0.0000  0.0000  0.0000  0.0000  0.0000  0.0000  0.0000  0.0000
      *d1-     0.0000  0.0000  0.0000  0.0000  0.0000  0.0000  0.0000  0.0000  0.0000  0.0000  0.0000  0.0000
      *d2-     0.0000  0.0000  0.0000  0.0000  0.0000  0.0000  0.0000  0.0000  0.0000  0.0000  0.0000  0.0000
      *f3+     0.0000  0.0000  0.0000  0.0000  0.0000  0.0000  0.0000  0.0000  0.0000  0.0000  0.0000  0.0000
      *f2+     0.0000  0.0000  0.0000  0.0000  0.0000  0.0000  0.0000  0.0000  0.0000  0.0000  0.0000  0.0000
      *f1+     0.0000  0.0000  0.0000  0.0000  0.0000  0.0000  0.0000  0.0000  0.0000  0.0000  0.0000  0.0000
      *f0      0.0000  0.0000  0.0000  0.0000  0.0000  0.0000  0.0000  0.0000  0.0000  0.0000  0.0000  0.0000
      *f1-     0.0000  0.0000  0.0000  0.0000  0.0000  0.0000  0.0000  0.0000  0.0000  0.0000  0.0000  0.0000
      *f2-     0.0000  0.0000  0.0000  0.0000  0.0000  0.0000  0.0000  0.0000  0.0000  0.0000  0.0000  0.0000
      *f3-     0.0000  0.0000  0.0000  0.0000  0.0000  0.0000  0.0000  0.0000  0.0000  0.0000  0.0000  0.0000
      Total    0.8535  0.8535  0.8677  0.8651  0.8651  0.8678  0.8541  0.8540  0.8678  0.8651  0.8651  0.8677

      N-E      0.1465  0.1465  0.1323  0.1349  0.1349  0.1322  0.1459  0.1460  0.1322  0.1349  0.1349  0.1323

                NI37    NI38  
      1s       1.9997  1.9997
      2s       2.0007  2.0007
      2px      1.9958  1.9958
      2pz      1.9958  1.9958
      2py      1.9957  1.9958
      3s       1.1581  1.1582
      3px      1.5692  1.5695
      3pz      1.5738  1.5737
      3py      1.5676  1.5675
      4s       0.8150  0.8148
      3d2+     0.9340  0.9389
      3d1+     0.7276  0.6155
      3d0      0.9882  0.9808
      3d1-     0.7997  0.9059
      3d2-     0.9552  0.9576
      *s       1.1436  1.1529
      *px      0.4881  0.4894
      *pz      0.5373  0.5366
      *py      0.4808  0.4811
      *d2+     0.9893  0.9908
      *d1+     0.7245  0.6172
      *d0      0.9925  0.9910
      *d1-     0.7955  0.8965
      *d2-     0.9933  0.9923
      *f3+     0.0000  0.0000
      *f2+     0.0000  0.0000
      *f1+     0.0000  0.0000
      *f0      0.0000  0.0001
      *f1-     0.0000  0.0000
      *f2-     0.0000  0.0000
      *f3-     0.0000  0.0000
      Total   28.2211 28.2179

      N-E     -0.2211 -0.2179

      Total electronic charge=  212.000000

      Total            charge=   -0.000000
--



      Expectation values of various properties for root number:  1
      -----------------------------------------------------------


++    Molecular properties:
      ---------------------

      Charge (e):
                      =   -0.0000
      Dipole Moment (Debye):
      Origin of the operator (Ang)=    0.0000    0.0000    0.0000
                   X=  1.2868E-01               Y= -4.4011E-02               Z= -8.4424E+00           Total=  8.4435E+00
      Quadrupole Moment (Debye*Ang):
      Origin of the operator (Ang)=    0.0000   -0.0000    0.5165
                  XX= -1.3930E+02              XY= -1.7623E+00              XZ=  1.4164E-02              YY= -1.3721E+02
                  YZ=  3.6009E-02              ZZ= -2.0138E+02
      In traceless form (Debye*Ang)
                  XX=  2.9993E+01              XY= -2.6435E+00              XZ=  2.1246E-02              YY=  3.3136E+01
                  YZ=  5.4014E-02              ZZ= -6.3128E+01
--


      Mulliken spin population analysis for root number:  1
      ---------------------------------------------------


++    Molecular charges:
      ------------------

      Mulliken spin population per centre and basis function type
      ---------------------------------------------------

                C1      C2      C3      C4      C5      C6      C7      C8      C9      C10     C11     C12   
      1s       0.0001  0.0000  0.0000  0.0001  0.0001  0.0000  0.0000  0.0000  0.0000  0.0000  0.0000  0.0000
      2s      -0.0001 -0.0001 -0.0000 -0.0001 -0.0001 -0.0000 -0.0000 -0.0000 -0.0000 -0.0000 -0.0000 -0.0000
      2px      0.0001  0.0004  0.0001  0.0000  0.0005  0.0002  0.0004  0.0004  0.0000  0.0003  0.0003  0.0000
      2pz      0.0049  0.0024  0.0021  0.0034  0.0030  0.0019  0.0095  0.0094 -0.0003  0.0086  0.0089  0.0007
      2py      0.0005  0.0001  0.0001  0.0006  0.0001  0.0001  0.0000  0.0001  0.0000  0.0001  0.0001  0.0000
      3s       0.0000  0.0000  0.0000  0.0000  0.0000  0.0000  0.0000  0.0000  0.0000  0.0000  0.0000  0.0000
      3px      0.0000  0.0000  0.0000  0.0000  0.0000  0.0000  0.0000  0.0000  0.0000  0.0000  0.0000  0.0000
      3pz      0.0000  0.0000  0.0000  0.0000  0.0000  0.0000  0.0000  0.0000  0.0000  0.0000  0.0000  0.0000
      3py      0.0000  0.0000  0.0000  0.0000  0.0000  0.0000  0.0000  0.0000  0.0000  0.0000  0.0000  0.0000
      4s       0.0000  0.0000  0.0000  0.0000  0.0000  0.0000  0.0000  0.0000  0.0000  0.0000  0.0000  0.0000
      3d2+     0.0000  0.0000  0.0000  0.0000  0.0000  0.0000  0.0000  0.0000  0.0000  0.0000  0.0000  0.0000
      3d1+     0.0000  0.0000  0.0000  0.0000  0.0000  0.0000  0.0000  0.0000  0.0000  0.0000  0.0000  0.0000
      3d0      0.0000  0.0000  0.0000  0.0000  0.0000  0.0000  0.0000  0.0000  0.0000  0.0000  0.0000  0.0000
      3d1-     0.0000  0.0000  0.0000  0.0000  0.0000  0.0000  0.0000  0.0000  0.0000  0.0000  0.0000  0.0000
      3d2-     0.0000  0.0000  0.0000  0.0000  0.0000  0.0000  0.0000  0.0000  0.0000  0.0000  0.0000  0.0000
      *s       0.0037  0.0041 -0.0345  0.0003 -0.0003 -0.0346 -0.0024 -0.0021  0.0016 -0.0005 -0.0004  0.0017
      *px     -0.0008 -0.0015  0.0012 -0.0006 -0.0018  0.0011 -0.0018  0.0001 -0.0008 -0.0014  0.0000 -0.0007
      *pz      0.0061  0.0005 -0.0024  0.0021  0.0014 -0.0029 -0.0025 -0.0026 -0.0017 -0.0037 -0.0029 -0.0002
      *py     -0.0026 -0.0012  0.0010 -0.0016 -0.0008  0.0007 -0.0012 -0.0032  0.0023 -0.0013 -0.0028  0.0024
      *d2+     0.0000  0.0001  0.0000 -0.0001  0.0003  0.0000  0.0001 -0.0001 -0.0000  0.0001 -0.0001 -0.0000
      *d1+     0.0006  0.0003  0.0002  0.0006  0.0003  0.0003  0.0003  0.0003  0.0006  0.0003  0.0005  0.0006
      *d0      0.0015  0.0015  0.0005  0.0015  0.0015  0.0005  0.0003  0.0003  0.0000  0.0002  0.0003  0.0000
      *d1-     0.0002  0.0005  0.0001  0.0002  0.0005  0.0002  0.0003  0.0001  0.0003  0.0000  0.0000  0.0003
      *d2-     0.0003  0.0000  0.0000  0.0003  0.0000  0.0000 -0.0001  0.0001  0.0000 -0.0000  0.0001  0.0000
      *f3+     0.0000  0.0000  0.0000  0.0000  0.0000  0.0000  0.0000 -0.0000  0.0000 -0.0000 -0.0000 -0.0000
      *f2+     0.0000  0.0000  0.0000  0.0000  0.0000  0.0000  0.0000  0.0000  0.0000  0.0000  0.0000  0.0000
      *f1+     0.0000  0.0000  0.0000  0.0000  0.0000  0.0000  0.0000  0.0000  0.0000  0.0000  0.0000  0.0000
      *f0      0.0001  0.0001  0.0000  0.0001  0.0000  0.0000  0.0000  0.0000  0.0000  0.0000  0.0000  0.0000
      *f1-     0.0000  0.0000  0.0000  0.0000  0.0000  0.0000  0.0000  0.0000  0.0000 -0.0000  0.0000  0.0000
      *f2-     0.0000  0.0000  0.0000  0.0000  0.0000  0.0000  0.0000  0.0000  0.0000 -0.0000  0.0000  0.0000
      *f3-     0.0000  0.0000  0.0000  0.0000  0.0000  0.0000  0.0000  0.0000  0.0000  0.0000  0.0000  0.0000
      Total    0.0146  0.0073 -0.0315  0.0067  0.0048 -0.0325  0.0030  0.0028  0.0021  0.0026  0.0040  0.0049

                C13     C14     C15     C16     C17     C18     C19     C20     C21     C22     C23     C24   
      1s       0.0001  0.0001  0.0000  0.0000  0.0000  0.0000  0.0001  0.0001  0.0000  0.0000  0.0000  0.0000
      2s      -0.0001 -0.0001 -0.0000 -0.0000 -0.0000 -0.0000 -0.0001 -0.0001 -0.0000 -0.0000 -0.0000 -0.0000
      2px      0.0007  0.0001  0.0000  0.0000  0.0000  0.0000  0.0005  0.0001  0.0000  0.0000  0.0000  0.0000
      2pz      0.0038  0.0034  0.0005  0.0028  0.0031 -0.0003  0.0024  0.0034  0.0009  0.0031  0.0033  0.0009
      2py      0.0004  0.0009  0.0000  0.0000  0.0000 -0.0000  0.0001  0.0007  0.0000  0.0000  0.0000  0.0000
      3s       0.0000  0.0000  0.0000  0.0000  0.0000  0.0000  0.0000  0.0000  0.0000  0.0000  0.0000  0.0000
      3px      0.0000  0.0000  0.0000  0.0000  0.0000  0.0000  0.0000  0.0000  0.0000  0.0000  0.0000  0.0000
      3pz      0.0000  0.0000  0.0000  0.0000  0.0000  0.0000  0.0000  0.0000  0.0000  0.0000  0.0000  0.0000
      3py      0.0000  0.0000  0.0000  0.0000  0.0000  0.0000  0.0000  0.0000  0.0000  0.0000  0.0000  0.0000
      4s       0.0000  0.0000  0.0000  0.0000  0.0000  0.0000  0.0000  0.0000  0.0000  0.0000  0.0000  0.0000
      3d2+     0.0000  0.0000  0.0000  0.0000  0.0000  0.0000  0.0000  0.0000  0.0000  0.0000  0.0000  0.0000
      3d1+     0.0000  0.0000  0.0000  0.0000  0.0000  0.0000  0.0000  0.0000  0.0000  0.0000  0.0000  0.0000
      3d0      0.0000  0.0000  0.0000  0.0000  0.0000  0.0000  0.0000  0.0000  0.0000  0.0000  0.0000  0.0000
      3d1-     0.0000  0.0000  0.0000  0.0000  0.0000  0.0000  0.0000  0.0000  0.0000  0.0000  0.0000  0.0000
      3d2-     0.0000  0.0000  0.0000  0.0000  0.0000  0.0000  0.0000  0.0000  0.0000  0.0000  0.0000  0.0000
      *s      -0.0214 -0.0194 -0.0064  0.0022  0.0023 -0.0064 -0.0212 -0.0220 -0.0064  0.0023  0.0021 -0.0062
      *px     -0.0004 -0.0001 -0.0005 -0.0003  0.0002 -0.0007 -0.0003 -0.0004 -0.0005 -0.0003  0.0002 -0.0006
      *pz      0.0016  0.0014 -0.0007  0.0076  0.0081 -0.0022 -0.0024 -0.0005  0.0003  0.0081  0.0085 -0.0000
      *py      0.0003  0.0007 -0.0020  0.0004 -0.0001 -0.0018  0.0001  0.0001 -0.0020  0.0004 -0.0001 -0.0018
      *d2+     0.0001  0.0000  0.0001  0.0000 -0.0000  0.0000  0.0002 -0.0000  0.0001  0.0000  0.0000 -0.0000
      *d1+     0.0000  0.0006  0.0010  0.0000 -0.0001  0.0000  0.0002  0.0004  0.0010  0.0001  0.0001  0.0000
      *d0      0.0020  0.0020  0.0001  0.0000  0.0000  0.0001  0.0020  0.0020  0.0001  0.0000  0.0000  0.0001
      *d1-     0.0004  0.0000  0.0005 -0.0000 -0.0000  0.0013  0.0003 -0.0000  0.0004  0.0000  0.0001  0.0015
      *d2-     0.0000  0.0005 -0.0000 -0.0000 -0.0000  0.0000  0.0000  0.0002 -0.0000 -0.0000  0.0000  0.0000
      *f3+     0.0000  0.0000 -0.0000  0.0000  0.0000 -0.0000  0.0000  0.0000  0.0000  0.0000  0.0000  0.0000
      *f2+     0.0000  0.0000  0.0000  0.0000 -0.0000  0.0000  0.0000  0.0000  0.0000  0.0000  0.0000  0.0000
      *f1+     0.0001  0.0000  0.0000  0.0000 -0.0000  0.0000  0.0001  0.0000  0.0000  0.0000  0.0000  0.0000
      *f0      0.0000  0.0000  0.0000 -0.0000 -0.0000  0.0000  0.0000  0.0000  0.0000 -0.0000 -0.0000  0.0000
      *f1-     0.0000  0.0001  0.0000  0.0000  0.0000  0.0000  0.0000  0.0001  0.0000  0.0000  0.0000  0.0000
      *f2-     0.0000  0.0000  0.0000 -0.0000  0.0000  0.0000  0.0000  0.0000  0.0000  0.0000  0.0000  0.0001
      *f3-     0.0000  0.0000  0.0000  0.0000  0.0000  0.0000  0.0000 -0.0000  0.0000  0.0000  0.0000  0.0000
      Total   -0.0123 -0.0097 -0.0074  0.0128  0.0135 -0.0098 -0.0179 -0.0159 -0.0060  0.0138  0.0142 -0.0060

                H25     H26     H27     H28     H29     H30     H31     H32     H33     H34     H35     H36   
      1s       0.0001  0.0002  0.0000  0.0000  0.0000  0.0000  0.0001  0.0001  0.0000  0.0000  0.0000  0.0000
      2s       0.0000  0.0000  0.0000  0.0000  0.0000  0.0000  0.0000  0.0000  0.0000  0.0000  0.0000  0.0000
      2px      0.0000  0.0000  0.0000  0.0000  0.0000  0.0000  0.0000  0.0000  0.0000  0.0000  0.0000  0.0000
      2pz      0.0000  0.0000  0.0000  0.0000  0.0000  0.0000  0.0000  0.0000  0.0000  0.0000  0.0000  0.0000
      2py      0.0000  0.0000  0.0000  0.0000  0.0000  0.0000  0.0000  0.0000  0.0000  0.0000  0.0000  0.0000
      3s       0.0000  0.0000  0.0000  0.0000  0.0000  0.0000  0.0000  0.0000  0.0000  0.0000  0.0000  0.0000
      3px      0.0000  0.0000  0.0000  0.0000  0.0000  0.0000  0.0000  0.0000  0.0000  0.0000  0.0000  0.0000
      3pz      0.0000  0.0000  0.0000  0.0000  0.0000  0.0000  0.0000  0.0000  0.0000  0.0000  0.0000  0.0000
      3py      0.0000  0.0000  0.0000  0.0000  0.0000  0.0000  0.0000  0.0000  0.0000  0.0000  0.0000  0.0000
      4s       0.0000  0.0000  0.0000  0.0000  0.0000  0.0000  0.0000  0.0000  0.0000  0.0000  0.0000  0.0000
      3d2+     0.0000  0.0000  0.0000  0.0000  0.0000  0.0000  0.0000  0.0000  0.0000  0.0000  0.0000  0.0000
      3d1+     0.0000  0.0000  0.0000  0.0000  0.0000  0.0000  0.0000  0.0000  0.0000  0.0000  0.0000  0.0000
      3d0      0.0000  0.0000  0.0000  0.0000  0.0000  0.0000  0.0000  0.0000  0.0000  0.0000  0.0000  0.0000
      3d1-     0.0000  0.0000  0.0000  0.0000  0.0000  0.0000  0.0000  0.0000  0.0000  0.0000  0.0000  0.0000
      3d2-     0.0000  0.0000  0.0000  0.0000  0.0000  0.0000  0.0000  0.0000  0.0000  0.0000  0.0000  0.0000
      *s      -0.0019 -0.0019  0.0000 -0.0000 -0.0000 -0.0000 -0.0019 -0.0019 -0.0000 -0.0000 -0.0000  0.0000
      *px      0.0000  0.0000  0.0000  0.0000  0.0000  0.0000  0.0000  0.0000  0.0000  0.0000  0.0000  0.0000
      *pz      0.0001  0.0001  0.0000  0.0001  0.0001 -0.0000  0.0001  0.0001  0.0000  0.0001  0.0001  0.0000
      *py      0.0000  0.0000  0.0000  0.0000  0.0000  0.0000  0.0000  0.0000  0.0000  0.0000  0.0000 -0.0000
      *d2+     0.0000  0.0000  0.0000  0.0000  0.0000  0.0000  0.0000  0.0000  0.0000  0.0000  0.0000  0.0000
      *d1+     0.0000  0.0000  0.0000  0.0000  0.0000  0.0000  0.0000  0.0000  0.0000  0.0000  0.0000  0.0000
      *d0      0.0000  0.0000  0.0000  0.0000  0.0000  0.0000  0.0000  0.0000  0.0000  0.0000  0.0000  0.0000
      *d1-     0.0000  0.0000  0.0000  0.0000  0.0000  0.0000  0.0000  0.0000  0.0000  0.0000  0.0000  0.0000
      *d2-     0.0000  0.0000  0.0000  0.0000  0.0000  0.0000  0.0000  0.0000  0.0000  0.0000  0.0000  0.0000
      *f3+     0.0000  0.0000  0.0000  0.0000  0.0000  0.0000  0.0000  0.0000  0.0000  0.0000  0.0000  0.0000
      *f2+     0.0000  0.0000  0.0000  0.0000  0.0000  0.0000  0.0000  0.0000  0.0000  0.0000  0.0000  0.0000
      *f1+     0.0000  0.0000  0.0000  0.0000  0.0000  0.0000  0.0000  0.0000  0.0000  0.0000  0.0000  0.0000
      *f0      0.0000  0.0000  0.0000  0.0000  0.0000  0.0000  0.0000  0.0000  0.0000  0.0000  0.0000  0.0000
      *f1-     0.0000  0.0000  0.0000  0.0000  0.0000  0.0000  0.0000  0.0000  0.0000  0.0000  0.0000  0.0000
      *f2-     0.0000  0.0000  0.0000  0.0000  0.0000  0.0000  0.0000  0.0000  0.0000  0.0000  0.0000  0.0000
      *f3-     0.0000  0.0000  0.0000  0.0000  0.0000  0.0000  0.0000  0.0000  0.0000  0.0000  0.0000  0.0000
      Total   -0.0016 -0.0016  0.0000  0.0000  0.0000  0.0000 -0.0016 -0.0017  0.0000  0.0000  0.0000  0.0000

                NI37    NI38  
      1s       0.0000  0.0000
      2s       0.0001  0.0001
      2px      0.0000  0.0000
      2pz      0.0000  0.0000
      2py      0.0000  0.0000
      3s       0.0071  0.0071
      3px      0.0002  0.0002
      3pz      0.0026  0.0026
      3py      0.0001  0.0001
      4s      -0.0118 -0.0117
      3d2+     0.0025 -0.0001
      3d1+     0.2798  0.3945
      3d0      0.0016  0.0056
      3d1-     0.2031  0.0963
      3d2-     0.0005  0.0003
      *s       1.0214  1.0286
      *px      0.0021  0.0023
      *pz      0.0516  0.0514
      *py      0.0006  0.0008
      *d2+     0.0026 -0.0000
      *d1+     0.2570  0.3651
      *d0      0.0021  0.0059
      *d1-     0.1871  0.0881
      *d2-     0.0003  0.0003
      *f3+    -0.0000 -0.0000
      *f2+     0.0000  0.0000
      *f1+    -0.0000  0.0000
      *f0      0.0000  0.0000
      *f1-     0.0000 -0.0000
      *f2-     0.0000  0.0000
      *f3-     0.0000  0.0000
      Total    2.0107  2.0374

      Total electronic spin=    4.000000
--


      Von Neumann Entropy (Root   2) =  2.37565


      Mulliken population analysis for root number:  2
      -----------------------------------------------


++    Molecular charges:
      ------------------

      Mulliken charges per centre and basis function type
      ---------------------------------------------------

                C1      C2      C3      C4      C5      C6      C7      C8      C9      C10     C11     C12   
      1s       0.8546  0.8547  0.8547  0.8546  0.8546  0.8547  0.8547  0.8547  0.8547  0.8547  0.8547  0.8547
      2s       1.1233  1.1233  1.1232  1.1233  1.1233  1.1232  1.1233  1.1233  1.1232  1.1233  1.1233  1.1232
      2px      0.4567  0.4600  0.4575  0.4568  0.4599  0.4575  0.4496  0.4540  0.4649  0.4496  0.4541  0.4649
      2pz      0.3206  0.3239  0.3331  0.3212  0.3213  0.3353  0.3221  0.3216  0.3424  0.3216  0.3218  0.3415
      2py      0.4565  0.4532  0.4614  0.4563  0.4532  0.4613  0.4636  0.4592  0.4600  0.4635  0.4591  0.4600
      3s       0.0000  0.0000  0.0000  0.0000  0.0000  0.0000  0.0000  0.0000  0.0000  0.0000  0.0000  0.0000
      3px      0.0000  0.0000  0.0000  0.0000  0.0000  0.0000  0.0000  0.0000  0.0000  0.0000  0.0000  0.0000
      3pz      0.0000  0.0000  0.0000  0.0000  0.0000  0.0000  0.0000  0.0000  0.0000  0.0000  0.0000  0.0000
      3py      0.0000  0.0000  0.0000  0.0000  0.0000  0.0000  0.0000  0.0000  0.0000  0.0000  0.0000  0.0000
      4s       0.0000  0.0000  0.0000  0.0000  0.0000  0.0000  0.0000  0.0000  0.0000  0.0000  0.0000  0.0000
      3d2+     0.0000  0.0000  0.0000  0.0000  0.0000  0.0000  0.0000  0.0000  0.0000  0.0000  0.0000  0.0000
      3d1+     0.0000  0.0000  0.0000  0.0000  0.0000  0.0000  0.0000  0.0000  0.0000  0.0000  0.0000  0.0000
      3d0      0.0000  0.0000  0.0000  0.0000  0.0000  0.0000  0.0000  0.0000  0.0000  0.0000  0.0000  0.0000
      3d1-     0.0000  0.0000  0.0000  0.0000  0.0000  0.0000  0.0000  0.0000  0.0000  0.0000  0.0000  0.0000
      3d2-     0.0000  0.0000  0.0000  0.0000  0.0000  0.0000  0.0000  0.0000  0.0000  0.0000  0.0000  0.0000
      *s       1.2981  1.2973  1.3491  1.2927  1.2926  1.3491  1.0039  1.0036  1.1056  1.0043  1.0048  1.1055
      *px      0.4298  0.2663  0.4442  0.4299  0.2658  0.4445  0.3658  0.4349  0.3964  0.3658  0.4358  0.3963
      *pz      0.6459  0.6525  0.6090  0.6459  0.6465  0.6131  0.5897  0.5886  0.6319  0.5855  0.5861  0.6305
      *py      0.1469  0.3115  0.3621  0.1467  0.3121  0.3621  0.4643  0.3950  0.3901  0.4651  0.3952  0.3902
      *d2+     0.0502  0.0543  0.0602  0.0506  0.0543  0.0602  0.0421  0.0388  0.0452  0.0423  0.0390  0.0452
      *d1+     0.0252  0.0288  0.0271  0.0251  0.0289  0.0269  0.0215  0.0285  0.0271  0.0214  0.0282  0.0270
      *d0      0.0052  0.0052  0.0032  0.0053  0.0053  0.0032  0.0088  0.0089  0.0059  0.0089  0.0089  0.0059
      *d1-     0.0273  0.0232  0.0281  0.0268  0.0234  0.0280  0.0326  0.0259  0.0243  0.0326  0.0256  0.0247
      *d2-     0.0530  0.0492  0.0633  0.0532  0.0493  0.0633  0.0372  0.0405  0.0507  0.0372  0.0405  0.0507
      *f3+     0.0021  0.0021  0.0021  0.0021  0.0021  0.0021  0.0022  0.0022  0.0022  0.0022  0.0022  0.0022
      *f2+     0.0009  0.0010  0.0011  0.0009  0.0010  0.0011  0.0010  0.0009  0.0008  0.0010  0.0009  0.0008
      *f1+     0.0011  0.0010  0.0011  0.0011  0.0010  0.0011  0.0010  0.0012  0.0011  0.0010  0.0012  0.0011
      *f0      0.0018  0.0018  0.0020  0.0018  0.0018  0.0020  0.0017  0.0017  0.0019  0.0017  0.0017  0.0019
      *f1-     0.0010  0.0011  0.0011  0.0010  0.0011  0.0011  0.0013  0.0010  0.0011  0.0013  0.0010  0.0011
      *f2-     0.0010  0.0009  0.0011  0.0010  0.0009  0.0011  0.0009  0.0011  0.0010  0.0009  0.0011  0.0010
      *f3-     0.0030  0.0030  0.0032  0.0030  0.0030  0.0032  0.0029  0.0029  0.0031  0.0029  0.0029  0.0031
      Total    5.9042  5.9144  6.1879  5.8992  5.9014  6.1941  5.7902  5.7884  5.9340  5.7868  5.7881  5.9318

      N-E      0.0958  0.0856 -0.1879  0.1008  0.0986 -0.1941  0.2098  0.2116  0.0660  0.2132  0.2119  0.0682

                C13     C14     C15     C16     C17     C18     C19     C20     C21     C22     C23     C24   
      1s       0.8547  0.8547  0.8548  0.8548  0.8548  0.8548  0.8547  0.8547  0.8548  0.8548  0.8548  0.8548
      2s       1.1233  1.1234  1.1232  1.1232  1.1232  1.1232  1.1233  1.1233  1.1232  1.1232  1.1232  1.1232
      2px      0.4480  0.4502  0.4719  0.4715  0.4576  0.4520  0.4480  0.4501  0.4719  0.4715  0.4576  0.4520
      2pz      0.3360  0.3371  0.3354  0.3095  0.3092  0.3353  0.3364  0.3354  0.3343  0.3101  0.3094  0.3356
      2py      0.4583  0.4562  0.4482  0.4482  0.4622  0.4682  0.4587  0.4563  0.4483  0.4482  0.4622  0.4681
      3s       0.0000  0.0000  0.0000  0.0000  0.0000  0.0000  0.0000  0.0000  0.0000  0.0000  0.0000  0.0000
      3px      0.0000  0.0000  0.0000  0.0000  0.0000  0.0000  0.0000  0.0000  0.0000  0.0000  0.0000  0.0000
      3pz      0.0000  0.0000  0.0000  0.0000  0.0000  0.0000  0.0000  0.0000  0.0000  0.0000  0.0000  0.0000
      3py      0.0000  0.0000  0.0000  0.0000  0.0000  0.0000  0.0000  0.0000  0.0000  0.0000  0.0000  0.0000
      4s       0.0000  0.0000  0.0000  0.0000  0.0000  0.0000  0.0000  0.0000  0.0000  0.0000  0.0000  0.0000
      3d2+     0.0000  0.0000  0.0000  0.0000  0.0000  0.0000  0.0000  0.0000  0.0000  0.0000  0.0000  0.0000
      3d1+     0.0000  0.0000  0.0000  0.0000  0.0000  0.0000  0.0000  0.0000  0.0000  0.0000  0.0000  0.0000
      3d0      0.0000  0.0000  0.0000  0.0000  0.0000  0.0000  0.0000  0.0000  0.0000  0.0000  0.0000  0.0000
      3d1-     0.0000  0.0000  0.0000  0.0000  0.0000  0.0000  0.0000  0.0000  0.0000  0.0000  0.0000  0.0000
      3d2-     0.0000  0.0000  0.0000  0.0000  0.0000  0.0000  0.0000  0.0000  0.0000  0.0000  0.0000  0.0000
      *s       1.2250  1.2233  1.2495  1.2155  1.2159  1.2481  1.2214  1.2214  1.2483  1.2159  1.2157  1.2492
      *px      0.5355  0.5074  0.5060  0.5127  0.4938  0.5332  0.5345  0.5072  0.5059  0.5127  0.4937  0.5334
      *pz      0.6867  0.6904  0.6923  0.6477  0.6477  0.6921  0.6860  0.6842  0.6901  0.6495  0.6477  0.6927
      *py      0.4926  0.5204  0.5209  0.5125  0.5315  0.4932  0.4929  0.5202  0.5205  0.5126  0.5315  0.4934
      *d2+     0.0280  0.0284  0.0277  0.0280  0.0315  0.0311  0.0280  0.0285  0.0277  0.0280  0.0315  0.0311
      *d1+     0.0119  0.0221  0.0237  0.0289  0.0252  0.0070  0.0117  0.0221  0.0237  0.0287  0.0251  0.0070
      *d0      0.0088  0.0088  0.0052  0.0048  0.0048  0.0052  0.0090  0.0089  0.0052  0.0048  0.0048  0.0052
      *d1-     0.0289  0.0185  0.0114  0.0115  0.0152  0.0279  0.0287  0.0185  0.0113  0.0114  0.0152  0.0280
      *d2-     0.0268  0.0261  0.0330  0.0321  0.0287  0.0297  0.0268  0.0265  0.0330  0.0321  0.0287  0.0297
      *f3+     0.0019  0.0019  0.0019  0.0019  0.0019  0.0019  0.0019  0.0019  0.0019  0.0019  0.0019  0.0019
      *f2+     0.0005  0.0010  0.0009  0.0010  0.0010  0.0003  0.0005  0.0010  0.0009  0.0010  0.0010  0.0003
      *f1+     0.0008  0.0009  0.0009  0.0009  0.0009  0.0009  0.0008  0.0009  0.0009  0.0009  0.0009  0.0009
      *f0      0.0014  0.0014  0.0016  0.0016  0.0016  0.0016  0.0014  0.0014  0.0016  0.0016  0.0016  0.0016
      *f1-     0.0009  0.0008  0.0009  0.0009  0.0009  0.0010  0.0009  0.0008  0.0009  0.0009  0.0009  0.0010
      *f2-     0.0011  0.0006  0.0005  0.0005  0.0005  0.0011  0.0011  0.0006  0.0005  0.0005  0.0005  0.0011
      *f3-     0.0017  0.0017  0.0019  0.0020  0.0020  0.0019  0.0017  0.0017  0.0019  0.0020  0.0020  0.0019
      Total    6.2729  6.2752  6.3119  6.2098  6.2099  6.3095  6.2685  6.2657  6.3070  6.2124  6.2098  6.3120

      N-E     -0.2729 -0.2752 -0.3119 -0.2098 -0.2099 -0.3095 -0.2685 -0.2657 -0.3070 -0.2124 -0.2098 -0.3120

                H25     H26     H27     H28     H29     H30     H31     H32     H33     H34     H35     H36   
      1s       0.2626  0.2626  0.2635  0.2638  0.2638  0.2635  0.2627  0.2627  0.2635  0.2638  0.2638  0.2635
      2s       0.0000  0.0000  0.0000  0.0000  0.0000  0.0000  0.0000  0.0000  0.0000  0.0000  0.0000  0.0000
      2px      0.0000  0.0000  0.0000  0.0000  0.0000  0.0000  0.0000  0.0000  0.0000  0.0000  0.0000  0.0000
      2pz      0.0000  0.0000  0.0000  0.0000  0.0000  0.0000  0.0000  0.0000  0.0000  0.0000  0.0000  0.0000
      2py      0.0000  0.0000  0.0000  0.0000  0.0000  0.0000  0.0000  0.0000  0.0000  0.0000  0.0000  0.0000
      3s       0.0000  0.0000  0.0000  0.0000  0.0000  0.0000  0.0000  0.0000  0.0000  0.0000  0.0000  0.0000
      3px      0.0000  0.0000  0.0000  0.0000  0.0000  0.0000  0.0000  0.0000  0.0000  0.0000  0.0000  0.0000
      3pz      0.0000  0.0000  0.0000  0.0000  0.0000  0.0000  0.0000  0.0000  0.0000  0.0000  0.0000  0.0000
      3py      0.0000  0.0000  0.0000  0.0000  0.0000  0.0000  0.0000  0.0000  0.0000  0.0000  0.0000  0.0000
      4s       0.0000  0.0000  0.0000  0.0000  0.0000  0.0000  0.0000  0.0000  0.0000  0.0000  0.0000  0.0000
      3d2+     0.0000  0.0000  0.0000  0.0000  0.0000  0.0000  0.0000  0.0000  0.0000  0.0000  0.0000  0.0000
      3d1+     0.0000  0.0000  0.0000  0.0000  0.0000  0.0000  0.0000  0.0000  0.0000  0.0000  0.0000  0.0000
      3d0      0.0000  0.0000  0.0000  0.0000  0.0000  0.0000  0.0000  0.0000  0.0000  0.0000  0.0000  0.0000
      3d1-     0.0000  0.0000  0.0000  0.0000  0.0000  0.0000  0.0000  0.0000  0.0000  0.0000  0.0000  0.0000
      3d2-     0.0000  0.0000  0.0000  0.0000  0.0000  0.0000  0.0000  0.0000  0.0000  0.0000  0.0000  0.0000
      *s       0.5680  0.5680  0.5810  0.5780  0.5780  0.5811  0.5682  0.5682  0.5811  0.5780  0.5780  0.5811
      *px      0.0167  0.0066  0.0061  0.0061  0.0064  0.0163  0.0167  0.0066  0.0061  0.0061  0.0064  0.0163
      *pz      0.0050  0.0050  0.0046  0.0041  0.0041  0.0046  0.0050  0.0050  0.0046  0.0041  0.0041  0.0046
      *py      0.0030  0.0131  0.0131  0.0130  0.0127  0.0029  0.0030  0.0131  0.0131  0.0130  0.0127  0.0029
      *d2+     0.0000  0.0000  0.0000  0.0000  0.0000  0.0000  0.0000  0.0000  0.0000  0.0000  0.0000  0.0000
      *d1+     0.0000  0.0000  0.0000  0.0000  0.0000  0.0000  0.0000  0.0000  0.0000  0.0000  0.0000  0.0000
      *d0      0.0000  0.0000  0.0000  0.0000  0.0000  0.0000  0.0000  0.0000  0.0000  0.0000  0.0000  0.0000
      *d1-     0.0000  0.0000  0.0000  0.0000  0.0000  0.0000  0.0000  0.0000  0.0000  0.0000  0.0000  0.0000
      *d2-     0.0000  0.0000  0.0000  0.0000  0.0000  0.0000  0.0000  0.0000  0.0000  0.0000  0.0000  0.0000
      *f3+     0.0000  0.0000  0.0000  0.0000  0.0000  0.0000  0.0000  0.0000  0.0000  0.0000  0.0000  0.0000
      *f2+     0.0000  0.0000  0.0000  0.0000  0.0000  0.0000  0.0000  0.0000  0.0000  0.0000  0.0000  0.0000
      *f1+     0.0000  0.0000  0.0000  0.0000  0.0000  0.0000  0.0000  0.0000  0.0000  0.0000  0.0000  0.0000
      *f0      0.0000  0.0000  0.0000  0.0000  0.0000  0.0000  0.0000  0.0000  0.0000  0.0000  0.0000  0.0000
      *f1-     0.0000  0.0000  0.0000  0.0000  0.0000  0.0000  0.0000  0.0000  0.0000  0.0000  0.0000  0.0000
      *f2-     0.0000  0.0000  0.0000  0.0000  0.0000  0.0000  0.0000  0.0000  0.0000  0.0000  0.0000  0.0000
      *f3-     0.0000  0.0000  0.0000  0.0000  0.0000  0.0000  0.0000  0.0000  0.0000  0.0000  0.0000  0.0000
      Total    0.8553  0.8553  0.8683  0.8650  0.8651  0.8684  0.8556  0.8555  0.8683  0.8651  0.8650  0.8683

      N-E      0.1447  0.1447  0.1317  0.1350  0.1349  0.1316  0.1444  0.1445  0.1317  0.1349  0.1350  0.1317

                NI37    NI38  
      1s       1.9997  1.9997
      2s       2.0006  2.0006
      2px      1.9958  1.9958
      2pz      1.9958  1.9958
      2py      1.9957  1.9958
      3s       1.1542  1.1551
      3px      1.5693  1.5696
      3pz      1.5724  1.5725
      3py      1.5680  1.5679
      4s       0.8217  0.8201
      3d2+     0.9405  0.9434
      3d1+     0.7331  0.6210
      3d0      0.9877  0.9804
      3d1-     0.8007  0.9058
      3d2-     0.9576  0.9592
      *s       0.6089  0.7302
      *px      0.4873  0.4886
      *pz      0.5099  0.5149
      *py      0.4786  0.4790
      *d2+     0.9896  0.9902
      *d1+     0.7290  0.6219
      *d0      0.9906  0.9893
      *d1-     0.7953  0.8953
      *d2-     0.9935  0.9922
      *f3+     0.0000  0.0000
      *f2+     0.0000  0.0000
      *f1+     0.0000  0.0000
      *f0      0.0000  0.0001
      *f1-     0.0000  0.0000
      *f2-     0.0000  0.0000
      *f3-     0.0000  0.0000
      Total   27.6754 27.7843

      N-E      0.3246  0.2157

      Total electronic charge=  212.000000

      Total            charge=   -0.000000
--



      Expectation values of various properties for root number:  2
      -----------------------------------------------------------


++    Molecular properties:
      ---------------------

      Charge (e):
                      =   -0.0000
      Dipole Moment (Debye):
      Origin of the operator (Ang)=    0.0000    0.0000    0.0000
                   X=  7.2834E-01               Y=  3.9395E-01               Z=  2.4447E+00           Total=  2.5812E+00
      Quadrupole Moment (Debye*Ang):
      Origin of the operator (Ang)=    0.0000   -0.0000    0.5165
                  XX= -1.4135E+02              XY=  5.8442E+00              XZ=  2.3063E+00              YY= -1.4802E+02
                  YZ=  1.3237E+00              ZZ= -1.8032E+02
      In traceless form (Debye*Ang)
                  XX=  2.2818E+01              XY=  8.7663E+00              XZ=  3.4595E+00              YY=  1.2812E+01
                  YZ=  1.9856E+00              ZZ= -3.5629E+01
--


      Mulliken spin population analysis for root number:  2
      ---------------------------------------------------


++    Molecular charges:
      ------------------

      Mulliken spin population per centre and basis function type
      ---------------------------------------------------

                C1      C2      C3      C4      C5      C6      C7      C8      C9      C10     C11     C12   
      1s       0.0000  0.0000  0.0000  0.0000  0.0000  0.0000  0.0000  0.0000  0.0000  0.0000  0.0000  0.0000
      2s      -0.0001 -0.0001 -0.0000 -0.0001 -0.0001 -0.0000 -0.0000 -0.0000 -0.0000 -0.0000 -0.0000 -0.0000
      2px      0.0001  0.0003  0.0001  0.0000  0.0004  0.0002  0.0004  0.0005  0.0001  0.0003  0.0004  0.0001
      2pz      0.0090  0.0071  0.0095  0.0061  0.0056  0.0108  0.0070  0.0066  0.0301  0.0081  0.0084  0.0310
      2py      0.0004  0.0001  0.0002  0.0005  0.0001  0.0002  0.0002  0.0001  0.0002  0.0002  0.0001  0.0002
      3s       0.0000  0.0000  0.0000  0.0000  0.0000  0.0000  0.0000  0.0000  0.0000  0.0000  0.0000  0.0000
      3px      0.0000  0.0000  0.0000  0.0000  0.0000  0.0000  0.0000  0.0000  0.0000  0.0000  0.0000  0.0000
      3pz      0.0000  0.0000  0.0000  0.0000  0.0000  0.0000  0.0000  0.0000  0.0000  0.0000  0.0000  0.0000
      3py      0.0000  0.0000  0.0000  0.0000  0.0000  0.0000  0.0000  0.0000  0.0000  0.0000  0.0000  0.0000
      4s       0.0000  0.0000  0.0000  0.0000  0.0000  0.0000  0.0000  0.0000  0.0000  0.0000  0.0000  0.0000
      3d2+     0.0000  0.0000  0.0000  0.0000  0.0000  0.0000  0.0000  0.0000  0.0000  0.0000  0.0000  0.0000
      3d1+     0.0000  0.0000  0.0000  0.0000  0.0000  0.0000  0.0000  0.0000  0.0000  0.0000  0.0000  0.0000
      3d0      0.0000  0.0000  0.0000  0.0000  0.0000  0.0000  0.0000  0.0000  0.0000  0.0000  0.0000  0.0000
      3d1-     0.0000  0.0000  0.0000  0.0000  0.0000  0.0000  0.0000  0.0000  0.0000  0.0000  0.0000  0.0000
      3d2-     0.0000  0.0000  0.0000  0.0000  0.0000  0.0000  0.0000  0.0000  0.0000  0.0000  0.0000  0.0000
      *s       0.0119  0.0119 -0.0367  0.0088  0.0078 -0.0368 -0.0039 -0.0036  0.0017 -0.0028 -0.0025  0.0017
      *px     -0.0020  0.0001  0.0009 -0.0025 -0.0006  0.0008  0.0017  0.0005  0.0009  0.0020  0.0006  0.0009
      *pz      0.0122  0.0078  0.0110  0.0056  0.0046  0.0135  0.0066  0.0059  0.0482  0.0076  0.0082  0.0497
      *py     -0.0020 -0.0038  0.0015 -0.0020 -0.0041  0.0014 -0.0012 -0.0001  0.0035 -0.0014  0.0000  0.0035
      *d2+     0.0000  0.0000  0.0000 -0.0001  0.0003  0.0000  0.0001 -0.0001 -0.0000  0.0001 -0.0001 -0.0000
      *d1+     0.0006  0.0017  0.0014  0.0008  0.0020  0.0013  0.0007  0.0056  0.0005  0.0005  0.0057  0.0006
      *d0      0.0008  0.0009  0.0005  0.0010  0.0010  0.0005  0.0005  0.0005  0.0000  0.0005  0.0005  0.0001
      *d1-     0.0016  0.0002  0.0024  0.0012  0.0002  0.0026  0.0062  0.0008  0.0011  0.0060  0.0009  0.0013
      *d2-     0.0003  0.0000  0.0000  0.0003  0.0000  0.0001 -0.0001  0.0000 -0.0000 -0.0001  0.0000 -0.0000
      *f3+     0.0000  0.0000  0.0000  0.0000  0.0000  0.0000  0.0000  0.0000  0.0000  0.0000  0.0000  0.0000
      *f2+     0.0000  0.0001  0.0000  0.0000  0.0001  0.0000  0.0000  0.0001  0.0000  0.0000  0.0001  0.0000
      *f1+     0.0000  0.0000  0.0000  0.0000  0.0000  0.0000  0.0000  0.0000 -0.0000  0.0000  0.0000 -0.0000
      *f0      0.0000  0.0000  0.0000  0.0000  0.0000  0.0000  0.0000  0.0000 -0.0000  0.0000  0.0000 -0.0000
      *f1-     0.0000  0.0000  0.0000  0.0000  0.0000  0.0000  0.0000  0.0000 -0.0000  0.0000  0.0000 -0.0000
      *f2-     0.0001  0.0000  0.0001  0.0000  0.0000  0.0001  0.0001  0.0000  0.0000  0.0001  0.0000  0.0000
      *f3-     0.0000  0.0000  0.0000  0.0000  0.0000  0.0000  0.0000  0.0000  0.0000  0.0000  0.0000  0.0000
      Total    0.0329  0.0265 -0.0090  0.0196  0.0175 -0.0054  0.0182  0.0169  0.0862  0.0211  0.0224  0.0890

                C13     C14     C15     C16     C17     C18     C19     C20     C21     C22     C23     C24   
      1s       0.0000  0.0001  0.0000  0.0000  0.0000  0.0000  0.0000  0.0000  0.0000  0.0000  0.0000  0.0000
      2s      -0.0001 -0.0001 -0.0000 -0.0000 -0.0000 -0.0000 -0.0001 -0.0001 -0.0000 -0.0000 -0.0000 -0.0000
      2px      0.0012  0.0009  0.0001  0.0000  0.0000  0.0000  0.0011  0.0010  0.0002  0.0000  0.0000  0.0000
      2pz      0.0265  0.0254  0.0219  0.0005  0.0007  0.0233  0.0259  0.0259  0.0236  0.0009  0.0011  0.0236
      2py      0.0008  0.0010  0.0000  0.0000  0.0000  0.0002  0.0005  0.0007  0.0000  0.0000  0.0000  0.0002
      3s       0.0000  0.0000  0.0000  0.0000  0.0000  0.0000  0.0000  0.0000  0.0000  0.0000  0.0000  0.0000
      3px      0.0000  0.0000  0.0000  0.0000  0.0000  0.0000  0.0000  0.0000  0.0000  0.0000  0.0000  0.0000
      3pz      0.0000  0.0000  0.0000  0.0000  0.0000  0.0000  0.0000  0.0000  0.0000  0.0000  0.0000  0.0000
      3py      0.0000  0.0000  0.0000  0.0000  0.0000  0.0000  0.0000  0.0000  0.0000  0.0000  0.0000  0.0000
      4s       0.0000  0.0000  0.0000  0.0000  0.0000  0.0000  0.0000  0.0000  0.0000  0.0000  0.0000  0.0000
      3d2+     0.0000  0.0000  0.0000  0.0000  0.0000  0.0000  0.0000  0.0000  0.0000  0.0000  0.0000  0.0000
      3d1+     0.0000  0.0000  0.0000  0.0000  0.0000  0.0000  0.0000  0.0000  0.0000  0.0000  0.0000  0.0000
      3d0      0.0000  0.0000  0.0000  0.0000  0.0000  0.0000  0.0000  0.0000  0.0000  0.0000  0.0000  0.0000
      3d1-     0.0000  0.0000  0.0000  0.0000  0.0000  0.0000  0.0000  0.0000  0.0000  0.0000  0.0000  0.0000
      3d2-     0.0000  0.0000  0.0000  0.0000  0.0000  0.0000  0.0000  0.0000  0.0000  0.0000  0.0000  0.0000
      *s      -0.0095 -0.0077 -0.0002  0.0011  0.0014 -0.0007 -0.0117 -0.0121 -0.0008  0.0014  0.0010 -0.0000
      *px      0.0012  0.0015 -0.0004 -0.0004  0.0003 -0.0002  0.0012  0.0014 -0.0004 -0.0004  0.0003 -0.0001
      *pz      0.0537  0.0521  0.0433  0.0021  0.0023  0.0457  0.0505  0.0503  0.0464  0.0028  0.0033  0.0468
      *py      0.0008  0.0011 -0.0003  0.0002 -0.0005 -0.0006  0.0007  0.0004 -0.0004  0.0003 -0.0005 -0.0004
      *d2+     0.0002  0.0000  0.0000  0.0001  0.0000  0.0000  0.0004 -0.0000  0.0000  0.0001  0.0000  0.0000
      *d1+    -0.0001  0.0017  0.0004  0.0058  0.0051  0.0003  0.0000  0.0017  0.0005  0.0061  0.0051  0.0002
      *d0      0.0007  0.0007  0.0001  0.0000  0.0000  0.0001  0.0009  0.0009  0.0001  0.0000  0.0000  0.0001
      *d1-     0.0024  0.0008  0.0006  0.0014  0.0023  0.0010  0.0025  0.0008  0.0008  0.0015  0.0024  0.0009
      *d2-    -0.0000  0.0006 -0.0000  0.0000  0.0000  0.0000 -0.0000  0.0002 -0.0000  0.0000  0.0000  0.0000
      *f3+     0.0000  0.0000  0.0000  0.0000  0.0000  0.0000  0.0000  0.0000  0.0000  0.0000  0.0000  0.0000
      *f2+     0.0000  0.0001  0.0000  0.0001  0.0001  0.0000  0.0000  0.0001  0.0000  0.0001  0.0001  0.0000
      *f1+     0.0000  0.0000  0.0000  0.0000  0.0000  0.0000  0.0001  0.0000  0.0000  0.0000  0.0000  0.0000
      *f0      0.0000  0.0000 -0.0000  0.0000  0.0000 -0.0000  0.0000  0.0000 -0.0000  0.0000  0.0000 -0.0000
      *f1-     0.0000  0.0001  0.0000  0.0000  0.0000  0.0000  0.0000  0.0000  0.0000  0.0000  0.0000  0.0000
      *f2-     0.0001  0.0001  0.0000  0.0001  0.0000  0.0000  0.0001  0.0001  0.0000  0.0001  0.0000  0.0000
      *f3-     0.0000  0.0000  0.0000  0.0000  0.0000  0.0000  0.0000  0.0000  0.0000  0.0000  0.0000  0.0000
      Total    0.0779  0.0783  0.0657  0.0109  0.0118  0.0690  0.0721  0.0714  0.0699  0.0129  0.0130  0.0713

                H25     H26     H27     H28     H29     H30     H31     H32     H33     H34     H35     H36   
      1s       0.0001  0.0001  0.0000  0.0000  0.0000  0.0000  0.0001  0.0001  0.0000  0.0000  0.0000  0.0000
      2s       0.0000  0.0000  0.0000  0.0000  0.0000  0.0000  0.0000  0.0000  0.0000  0.0000  0.0000  0.0000
      2px      0.0000  0.0000  0.0000  0.0000  0.0000  0.0000  0.0000  0.0000  0.0000  0.0000  0.0000  0.0000
      2pz      0.0000  0.0000  0.0000  0.0000  0.0000  0.0000  0.0000  0.0000  0.0000  0.0000  0.0000  0.0000
      2py      0.0000  0.0000  0.0000  0.0000  0.0000  0.0000  0.0000  0.0000  0.0000  0.0000  0.0000  0.0000
      3s       0.0000  0.0000  0.0000  0.0000  0.0000  0.0000  0.0000  0.0000  0.0000  0.0000  0.0000  0.0000
      3px      0.0000  0.0000  0.0000  0.0000  0.0000  0.0000  0.0000  0.0000  0.0000  0.0000  0.0000  0.0000
      3pz      0.0000  0.0000  0.0000  0.0000  0.0000  0.0000  0.0000  0.0000  0.0000  0.0000  0.0000  0.0000
      3py      0.0000  0.0000  0.0000  0.0000  0.0000  0.0000  0.0000  0.0000  0.0000  0.0000  0.0000  0.0000
      4s       0.0000  0.0000  0.0000  0.0000  0.0000  0.0000  0.0000  0.0000  0.0000  0.0000  0.0000  0.0000
      3d2+     0.0000  0.0000  0.0000  0.0000  0.0000  0.0000  0.0000  0.0000  0.0000  0.0000  0.0000  0.0000
      3d1+     0.0000  0.0000  0.0000  0.0000  0.0000  0.0000  0.0000  0.0000  0.0000  0.0000  0.0000  0.0000
      3d0      0.0000  0.0000  0.0000  0.0000  0.0000  0.0000  0.0000  0.0000  0.0000  0.0000  0.0000  0.0000
      3d1-     0.0000  0.0000  0.0000  0.0000  0.0000  0.0000  0.0000  0.0000  0.0000  0.0000  0.0000  0.0000
      3d2-     0.0000  0.0000  0.0000  0.0000  0.0000  0.0000  0.0000  0.0000  0.0000  0.0000  0.0000  0.0000
      *s      -0.0008 -0.0008  0.0001 -0.0000 -0.0000  0.0001 -0.0010 -0.0010  0.0001 -0.0000 -0.0000  0.0001
      *px      0.0001  0.0000  0.0000  0.0000  0.0000  0.0000  0.0001  0.0000  0.0000  0.0000  0.0000  0.0000
      *pz      0.0007  0.0007  0.0005  0.0000  0.0000  0.0006  0.0007  0.0007  0.0006  0.0000  0.0000  0.0006
      *py      0.0000  0.0000  0.0000  0.0000  0.0000  0.0000  0.0000  0.0000  0.0000  0.0000  0.0000  0.0000
      *d2+     0.0000  0.0000  0.0000  0.0000  0.0000  0.0000  0.0000  0.0000  0.0000  0.0000  0.0000  0.0000
      *d1+     0.0000  0.0000  0.0000  0.0000  0.0000  0.0000  0.0000  0.0000  0.0000  0.0000  0.0000  0.0000
      *d0      0.0000  0.0000  0.0000  0.0000  0.0000  0.0000  0.0000  0.0000  0.0000  0.0000  0.0000  0.0000
      *d1-     0.0000  0.0000  0.0000  0.0000  0.0000  0.0000  0.0000  0.0000  0.0000  0.0000  0.0000  0.0000
      *d2-     0.0000  0.0000  0.0000  0.0000  0.0000  0.0000  0.0000  0.0000  0.0000  0.0000  0.0000  0.0000
      *f3+     0.0000  0.0000  0.0000  0.0000  0.0000  0.0000  0.0000  0.0000  0.0000  0.0000  0.0000  0.0000
      *f2+     0.0000  0.0000  0.0000  0.0000  0.0000  0.0000  0.0000  0.0000  0.0000  0.0000  0.0000  0.0000
      *f1+     0.0000  0.0000  0.0000  0.0000  0.0000  0.0000  0.0000  0.0000  0.0000  0.0000  0.0000  0.0000
      *f0      0.0000  0.0000  0.0000  0.0000  0.0000  0.0000  0.0000  0.0000  0.0000  0.0000  0.0000  0.0000
      *f1-     0.0000  0.0000  0.0000  0.0000  0.0000  0.0000  0.0000  0.0000  0.0000  0.0000  0.0000  0.0000
      *f2-     0.0000  0.0000  0.0000  0.0000  0.0000  0.0000  0.0000  0.0000  0.0000  0.0000  0.0000  0.0000
      *f3-     0.0000  0.0000  0.0000  0.0000  0.0000  0.0000  0.0000  0.0000  0.0000  0.0000  0.0000  0.0000
      Total    0.0001  0.0001  0.0007 -0.0000 -0.0000  0.0007 -0.0001 -0.0001  0.0007 -0.0000 -0.0000  0.0007

                NI37    NI38  
      1s       0.0000  0.0000
      2s       0.0000  0.0001
      2px      0.0000  0.0000
      2pz      0.0000  0.0000
      2py      0.0000  0.0000
      3s       0.0030  0.0038
      3px      0.0002  0.0003
      3pz      0.0013  0.0016
      3py      0.0004  0.0005
      4s      -0.0051 -0.0063
      3d2+     0.0069  0.0046
      3d1+     0.2763  0.3901
      3d0      0.0009  0.0051
      3d1-     0.2074  0.1011
      3d2-     0.0020  0.0014
      *s       0.4843  0.6026
      *px      0.0015  0.0017
      *pz      0.0243  0.0298
      *py     -0.0012 -0.0011
      *d2+     0.0017 -0.0004
      *d1+     0.2530  0.3599
      *d0      0.0000  0.0042
      *d1-     0.1899  0.0910
      *d2-     0.0001 -0.0000
      *f3+     0.0000  0.0000
      *f2+     0.0000  0.0000
      *f1+    -0.0000  0.0000
      *f0      0.0000  0.0000
      *f1-     0.0000  0.0000
      *f2-     0.0000  0.0000
      *f3-     0.0000  0.0000
      Total    1.4470  1.5901

      Total electronic spin=    4.000000
--


      Von Neumann Entropy (Root   3) =  2.20449


      Mulliken population analysis for root number:  3
      -----------------------------------------------


++    Molecular charges:
      ------------------

      Mulliken charges per centre and basis function type
      ---------------------------------------------------

                C1      C2      C3      C4      C5      C6      C7      C8      C9      C10     C11     C12   
      1s       0.8547  0.8547  0.8547  0.8547  0.8547  0.8547  0.8547  0.8547  0.8547  0.8547  0.8547  0.8547
      2s       1.1233  1.1233  1.1232  1.1233  1.1233  1.1232  1.1233  1.1233  1.1232  1.1233  1.1233  1.1232
      2px      0.4567  0.4601  0.4574  0.4561  0.4602  0.4576  0.4496  0.4539  0.4649  0.4496  0.4541  0.4649
      2pz      0.3173  0.3192  0.3226  0.3172  0.3180  0.3229  0.3229  0.3234  0.3137  0.3190  0.3170  0.3139
      2py      0.4565  0.4531  0.4614  0.4568  0.4529  0.4613  0.4635  0.4591  0.4599  0.4632  0.4588  0.4599
      3s       0.0000  0.0000  0.0000  0.0000  0.0000  0.0000  0.0000  0.0000  0.0000  0.0000  0.0000  0.0000
      3px      0.0000  0.0000  0.0000  0.0000  0.0000  0.0000  0.0000  0.0000  0.0000  0.0000  0.0000  0.0000
      3pz      0.0000  0.0000  0.0000  0.0000  0.0000  0.0000  0.0000  0.0000  0.0000  0.0000  0.0000  0.0000
      3py      0.0000  0.0000  0.0000  0.0000  0.0000  0.0000  0.0000  0.0000  0.0000  0.0000  0.0000  0.0000
      4s       0.0000  0.0000  0.0000  0.0000  0.0000  0.0000  0.0000  0.0000  0.0000  0.0000  0.0000  0.0000
      3d2+     0.0000  0.0000  0.0000  0.0000  0.0000  0.0000  0.0000  0.0000  0.0000  0.0000  0.0000  0.0000
      3d1+     0.0000  0.0000  0.0000  0.0000  0.0000  0.0000  0.0000  0.0000  0.0000  0.0000  0.0000  0.0000
      3d0      0.0000  0.0000  0.0000  0.0000  0.0000  0.0000  0.0000  0.0000  0.0000  0.0000  0.0000  0.0000
      3d1-     0.0000  0.0000  0.0000  0.0000  0.0000  0.0000  0.0000  0.0000  0.0000  0.0000  0.0000  0.0000
      3d2-     0.0000  0.0000  0.0000  0.0000  0.0000  0.0000  0.0000  0.0000  0.0000  0.0000  0.0000  0.0000
      *s       1.2903  1.2897  1.3519  1.2882  1.2875  1.3522  1.0043  1.0043  1.1055  1.0047  1.0049  1.1055
      *px      0.4324  0.2646  0.4437  0.4306  0.2653  0.4435  0.3620  0.4345  0.3952  0.3625  0.4345  0.3951
      *pz      0.6414  0.6453  0.5894  0.6415  0.6426  0.5904  0.5764  0.5773  0.5842  0.5702  0.5655  0.5847
      *py      0.1465  0.3151  0.3612  0.1486  0.3157  0.3617  0.4643  0.3917  0.3894  0.4631  0.3915  0.3894
      *d2+     0.0503  0.0544  0.0601  0.0501  0.0542  0.0601  0.0421  0.0388  0.0452  0.0425  0.0388  0.0452
      *d1+     0.0250  0.0269  0.0260  0.0252  0.0271  0.0260  0.0212  0.0234  0.0272  0.0211  0.0237  0.0270
      *d0      0.0059  0.0059  0.0032  0.0059  0.0060  0.0032  0.0086  0.0087  0.0059  0.0084  0.0086  0.0059
      *d1-     0.0255  0.0236  0.0256  0.0253  0.0234  0.0257  0.0271  0.0253  0.0234  0.0275  0.0252  0.0234
      *d2-     0.0531  0.0492  0.0631  0.0534  0.0493  0.0631  0.0372  0.0405  0.0507  0.0372  0.0409  0.0507
      *f3+     0.0021  0.0021  0.0021  0.0021  0.0021  0.0021  0.0021  0.0021  0.0022  0.0021  0.0021  0.0022
      *f2+     0.0009  0.0010  0.0011  0.0009  0.0010  0.0011  0.0010  0.0008  0.0009  0.0011  0.0008  0.0008
      *f1+     0.0011  0.0010  0.0011  0.0010  0.0010  0.0011  0.0010  0.0012  0.0011  0.0010  0.0012  0.0011
      *f0      0.0018  0.0018  0.0020  0.0018  0.0018  0.0020  0.0017  0.0017  0.0020  0.0017  0.0017  0.0020
      *f1-     0.0010  0.0011  0.0011  0.0011  0.0011  0.0011  0.0013  0.0010  0.0011  0.0013  0.0010  0.0011
      *f2-     0.0009  0.0009  0.0010  0.0009  0.0009  0.0010  0.0008  0.0011  0.0010  0.0008  0.0011  0.0010
      *f3-     0.0030  0.0030  0.0032  0.0030  0.0030  0.0032  0.0029  0.0029  0.0031  0.0029  0.0029  0.0031
      Total    5.8896  5.8959  6.1555  5.8879  5.8910  6.1573  5.7681  5.7698  5.8545  5.7578  5.7523  5.8548

      N-E      0.1104  0.1041 -0.1555  0.1121  0.1090 -0.1573  0.2319  0.2302  0.1455  0.2422  0.2477  0.1452

                C13     C14     C15     C16     C17     C18     C19     C20     C21     C22     C23     C24   
      1s       0.8548  0.8548  0.8548  0.8548  0.8548  0.8548  0.8548  0.8548  0.8548  0.8548  0.8548  0.8548
      2s       1.1233  1.1233  1.1232  1.1232  1.1232  1.1232  1.1233  1.1233  1.1232  1.1232  1.1232  1.1232
      2px      0.4474  0.4492  0.4718  0.4715  0.4576  0.4519  0.4480  0.4485  0.4717  0.4715  0.4576  0.4520
      2pz      0.3134  0.3146  0.3165  0.3125  0.3124  0.3154  0.3162  0.3159  0.3163  0.3107  0.3111  0.3152
      2py      0.4578  0.4561  0.4482  0.4483  0.4621  0.4679  0.4576  0.4568  0.4481  0.4482  0.4622  0.4680
      3s       0.0000  0.0000  0.0000  0.0000  0.0000  0.0000  0.0000  0.0000  0.0000  0.0000  0.0000  0.0000
      3px      0.0000  0.0000  0.0000  0.0000  0.0000  0.0000  0.0000  0.0000  0.0000  0.0000  0.0000  0.0000
      3pz      0.0000  0.0000  0.0000  0.0000  0.0000  0.0000  0.0000  0.0000  0.0000  0.0000  0.0000  0.0000
      3py      0.0000  0.0000  0.0000  0.0000  0.0000  0.0000  0.0000  0.0000  0.0000  0.0000  0.0000  0.0000
      4s       0.0000  0.0000  0.0000  0.0000  0.0000  0.0000  0.0000  0.0000  0.0000  0.0000  0.0000  0.0000
      3d2+     0.0000  0.0000  0.0000  0.0000  0.0000  0.0000  0.0000  0.0000  0.0000  0.0000  0.0000  0.0000
      3d1+     0.0000  0.0000  0.0000  0.0000  0.0000  0.0000  0.0000  0.0000  0.0000  0.0000  0.0000  0.0000
      3d0      0.0000  0.0000  0.0000  0.0000  0.0000  0.0000  0.0000  0.0000  0.0000  0.0000  0.0000  0.0000
      3d1-     0.0000  0.0000  0.0000  0.0000  0.0000  0.0000  0.0000  0.0000  0.0000  0.0000  0.0000  0.0000
      3d2-     0.0000  0.0000  0.0000  0.0000  0.0000  0.0000  0.0000  0.0000  0.0000  0.0000  0.0000  0.0000
      *s       1.2138  1.2124  1.2433  1.2166  1.2164  1.2432  1.2143  1.2103  1.2435  1.2162  1.2168  1.2430
      *px      0.5337  0.5054  0.5059  0.5127  0.4936  0.5327  0.5343  0.5034  0.5058  0.5127  0.4937  0.5329
      *pz      0.6339  0.6372  0.6551  0.6551  0.6558  0.6521  0.6430  0.6419  0.6535  0.6526  0.6526  0.6524
      *py      0.4919  0.5200  0.5192  0.5127  0.5317  0.4918  0.4912  0.5204  0.5191  0.5125  0.5318  0.4920
      *d2+     0.0278  0.0284  0.0278  0.0280  0.0314  0.0311  0.0277  0.0283  0.0278  0.0280  0.0315  0.0311
      *d1+     0.0120  0.0209  0.0244  0.0236  0.0206  0.0067  0.0119  0.0212  0.0239  0.0236  0.0204  0.0067
      *d0      0.0101  0.0101  0.0052  0.0048  0.0048  0.0052  0.0101  0.0101  0.0052  0.0048  0.0048  0.0052
      *d1-     0.0269  0.0177  0.0111  0.0101  0.0132  0.0285  0.0269  0.0176  0.0110  0.0102  0.0131  0.0286
      *d2-     0.0268  0.0260  0.0330  0.0321  0.0286  0.0297  0.0269  0.0261  0.0330  0.0321  0.0286  0.0297
      *f3+     0.0019  0.0019  0.0019  0.0019  0.0019  0.0019  0.0019  0.0019  0.0019  0.0019  0.0019  0.0019
      *f2+     0.0005  0.0009  0.0009  0.0009  0.0008  0.0003  0.0005  0.0009  0.0009  0.0009  0.0008  0.0003
      *f1+     0.0009  0.0009  0.0009  0.0009  0.0009  0.0009  0.0009  0.0009  0.0009  0.0009  0.0009  0.0009
      *f0      0.0014  0.0014  0.0016  0.0016  0.0016  0.0016  0.0014  0.0014  0.0016  0.0016  0.0016  0.0016
      *f1-     0.0009  0.0008  0.0009  0.0008  0.0009  0.0010  0.0009  0.0009  0.0009  0.0008  0.0009  0.0010
      *f2-     0.0011  0.0006  0.0006  0.0005  0.0005  0.0011  0.0011  0.0006  0.0005  0.0005  0.0005  0.0011
      *f3-     0.0017  0.0017  0.0019  0.0020  0.0020  0.0019  0.0017  0.0017  0.0019  0.0020  0.0020  0.0019
      Total    6.1819  6.1844  6.2481  6.2147  6.2148  6.2430  6.1942  6.1867  6.2456  6.2097  6.2108  6.2435

      N-E     -0.1819 -0.1844 -0.2481 -0.2147 -0.2148 -0.2430 -0.1942 -0.1867 -0.2456 -0.2097 -0.2108 -0.2435

                H25     H26     H27     H28     H29     H30     H31     H32     H33     H34     H35     H36   
      1s       0.2626  0.2626  0.2635  0.2638  0.2638  0.2635  0.2627  0.2627  0.2635  0.2638  0.2638  0.2635
      2s       0.0000  0.0000  0.0000  0.0000  0.0000  0.0000  0.0000  0.0000  0.0000  0.0000  0.0000  0.0000
      2px      0.0000  0.0000  0.0000  0.0000  0.0000  0.0000  0.0000  0.0000  0.0000  0.0000  0.0000  0.0000
      2pz      0.0000  0.0000  0.0000  0.0000  0.0000  0.0000  0.0000  0.0000  0.0000  0.0000  0.0000  0.0000
      2py      0.0000  0.0000  0.0000  0.0000  0.0000  0.0000  0.0000  0.0000  0.0000  0.0000  0.0000  0.0000
      3s       0.0000  0.0000  0.0000  0.0000  0.0000  0.0000  0.0000  0.0000  0.0000  0.0000  0.0000  0.0000
      3px      0.0000  0.0000  0.0000  0.0000  0.0000  0.0000  0.0000  0.0000  0.0000  0.0000  0.0000  0.0000
      3pz      0.0000  0.0000  0.0000  0.0000  0.0000  0.0000  0.0000  0.0000  0.0000  0.0000  0.0000  0.0000
      3py      0.0000  0.0000  0.0000  0.0000  0.0000  0.0000  0.0000  0.0000  0.0000  0.0000  0.0000  0.0000
      4s       0.0000  0.0000  0.0000  0.0000  0.0000  0.0000  0.0000  0.0000  0.0000  0.0000  0.0000  0.0000
      3d2+     0.0000  0.0000  0.0000  0.0000  0.0000  0.0000  0.0000  0.0000  0.0000  0.0000  0.0000  0.0000
      3d1+     0.0000  0.0000  0.0000  0.0000  0.0000  0.0000  0.0000  0.0000  0.0000  0.0000  0.0000  0.0000
      3d0      0.0000  0.0000  0.0000  0.0000  0.0000  0.0000  0.0000  0.0000  0.0000  0.0000  0.0000  0.0000
      3d1-     0.0000  0.0000  0.0000  0.0000  0.0000  0.0000  0.0000  0.0000  0.0000  0.0000  0.0000  0.0000
      3d2-     0.0000  0.0000  0.0000  0.0000  0.0000  0.0000  0.0000  0.0000  0.0000  0.0000  0.0000  0.0000
      *s       0.5669  0.5669  0.5809  0.5780  0.5780  0.5811  0.5674  0.5673  0.5810  0.5780  0.5780  0.5810
      *px      0.0166  0.0066  0.0061  0.0061  0.0064  0.0163  0.0166  0.0066  0.0061  0.0061  0.0064  0.0163
      *pz      0.0044  0.0044  0.0041  0.0042  0.0042  0.0041  0.0045  0.0045  0.0041  0.0042  0.0042  0.0041
      *py      0.0030  0.0131  0.0131  0.0130  0.0127  0.0029  0.0030  0.0131  0.0131  0.0130  0.0127  0.0029
      *d2+     0.0000  0.0000  0.0000  0.0000  0.0000  0.0000  0.0000  0.0000  0.0000  0.0000  0.0000  0.0000
      *d1+     0.0000  0.0000  0.0000  0.0000  0.0000  0.0000  0.0000  0.0000  0.0000  0.0000  0.0000  0.0000
      *d0      0.0000  0.0000  0.0000  0.0000  0.0000  0.0000  0.0000  0.0000  0.0000  0.0000  0.0000  0.0000
      *d1-     0.0000  0.0000  0.0000  0.0000  0.0000  0.0000  0.0000  0.0000  0.0000  0.0000  0.0000  0.0000
      *d2-     0.0000  0.0000  0.0000  0.0000  0.0000  0.0000  0.0000  0.0000  0.0000  0.0000  0.0000  0.0000
      *f3+     0.0000  0.0000  0.0000  0.0000  0.0000  0.0000  0.0000  0.0000  0.0000  0.0000  0.0000  0.0000
      *f2+     0.0000  0.0000  0.0000  0.0000  0.0000  0.0000  0.0000  0.0000  0.0000  0.0000  0.0000  0.0000
      *f1+     0.0000  0.0000  0.0000  0.0000  0.0000  0.0000  0.0000  0.0000  0.0000  0.0000  0.0000  0.0000
      *f0      0.0000  0.0000  0.0000  0.0000  0.0000  0.0000  0.0000  0.0000  0.0000  0.0000  0.0000  0.0000
      *f1-     0.0000  0.0000  0.0000  0.0000  0.0000  0.0000  0.0000  0.0000  0.0000  0.0000  0.0000  0.0000
      *f2-     0.0000  0.0000  0.0000  0.0000  0.0000  0.0000  0.0000  0.0000  0.0000  0.0000  0.0000  0.0000
      *f3-     0.0000  0.0000  0.0000  0.0000  0.0000  0.0000  0.0000  0.0000  0.0000  0.0000  0.0000  0.0000
      Total    0.8536  0.8536  0.8677  0.8651  0.8651  0.8679  0.8542  0.8540  0.8678  0.8651  0.8651  0.8677

      N-E      0.1464  0.1464  0.1323  0.1349  0.1349  0.1321  0.1458  0.1460  0.1322  0.1349  0.1349  0.1323

                NI37    NI38  
      1s       1.9997  1.9997
      2s       2.0007  2.0007
      2px      1.9958  1.9958
      2pz      1.9958  1.9958
      2py      1.9957  1.9957
      3s       1.1580  1.1582
      3px      1.5692  1.5696
      3pz      1.5738  1.5735
      3py      1.5676  1.5673
      4s       0.8152  0.8149
      3d2+     0.9343  0.9352
      3d1+     0.7252  0.9158
      3d0      0.9883  0.9828
      3d1-     0.8007  0.6405
      3d2-     0.9551  0.9574
      *s       1.1246  1.1150
      *px      0.4880  0.4909
      *pz      0.5366  0.5353
      *py      0.4807  0.4820
      *d2+     0.9894  0.9876
      *d1+     0.7221  0.8939
      *d0      0.9926  0.9929
      *d1-     0.7964  0.6500
      *d2-     0.9931  0.9922
      *f3+     0.0000  0.0000
      *f2+     0.0000  0.0000
      *f1+     0.0000  0.0000
      *f0      0.0000  0.0001
      *f1-     0.0000  0.0000
      *f2-     0.0000  0.0000
      *f3-     0.0000  0.0000
      Total   28.1986 28.2429

      N-E     -0.1986 -0.2429

      Total electronic charge=  212.000000

      Total            charge=   -0.000000
--



      Expectation values of various properties for root number:  3
      -----------------------------------------------------------


++    Molecular properties:
      ---------------------

      Charge (e):
                      =   -0.0000
      Dipole Moment (Debye):
      Origin of the operator (Ang)=    0.0000    0.0000    0.0000
                   X=  5.2607E-01               Y= -2.1449E-02               Z= -8.3321E+00           Total=  8.3487E+00
      Quadrupole Moment (Debye*Ang):
      Origin of the operator (Ang)=    0.0000   -0.0000    0.5165
                  XX= -1.3948E+02              XY= -2.4549E+00              XZ=  8.3146E-01              YY= -1.3674E+02
                  YZ=  5.5799E-01              ZZ= -2.0049E+02
      In traceless form (Debye*Ang)
                  XX=  2.9131E+01              XY= -3.6823E+00              XZ=  1.2472E+00              YY=  3.3246E+01
                  YZ=  8.3698E-01              ZZ= -6.2377E+01
--


      Mulliken spin population analysis for root number:  3
      ---------------------------------------------------


++    Molecular charges:
      ------------------

      Mulliken spin population per centre and basis function type
      ---------------------------------------------------

                C1      C2      C3      C4      C5      C6      C7      C8      C9      C10     C11     C12   
      1s       0.0001  0.0000  0.0000  0.0000  0.0000  0.0000  0.0000  0.0000  0.0000  0.0000  0.0000  0.0000
      2s      -0.0001 -0.0001 -0.0000 -0.0001 -0.0001 -0.0000 -0.0000 -0.0000 -0.0000 -0.0001 -0.0001 -0.0000
      2px      0.0001  0.0004  0.0001  0.0007  0.0002  0.0001  0.0004  0.0004  0.0000  0.0003  0.0002  0.0000
      2pz      0.0046  0.0026  0.0023  0.0029  0.0026  0.0024  0.0115  0.0109  0.0007  0.0162  0.0184  0.0017
      2py      0.0005  0.0001  0.0000  0.0001  0.0004  0.0001  0.0001  0.0001  0.0000  0.0004  0.0004  0.0000
      3s       0.0000  0.0000  0.0000  0.0000  0.0000  0.0000  0.0000  0.0000  0.0000  0.0000  0.0000  0.0000
      3px      0.0000  0.0000  0.0000  0.0000  0.0000  0.0000  0.0000  0.0000  0.0000  0.0000  0.0000  0.0000
      3pz      0.0000  0.0000  0.0000  0.0000  0.0000  0.0000  0.0000  0.0000  0.0000  0.0000  0.0000  0.0000
      3py      0.0000  0.0000  0.0000  0.0000  0.0000  0.0000  0.0000  0.0000  0.0000  0.0000  0.0000  0.0000
      4s       0.0000  0.0000  0.0000  0.0000  0.0000  0.0000  0.0000  0.0000  0.0000  0.0000  0.0000  0.0000
      3d2+     0.0000  0.0000  0.0000  0.0000  0.0000  0.0000  0.0000  0.0000  0.0000  0.0000  0.0000  0.0000
      3d1+     0.0000  0.0000  0.0000  0.0000  0.0000  0.0000  0.0000  0.0000  0.0000  0.0000  0.0000  0.0000
      3d0      0.0000  0.0000  0.0000  0.0000  0.0000  0.0000  0.0000  0.0000  0.0000  0.0000  0.0000  0.0000
      3d1-     0.0000  0.0000  0.0000  0.0000  0.0000  0.0000  0.0000  0.0000  0.0000  0.0000  0.0000  0.0000
      3d2-     0.0000  0.0000  0.0000  0.0000  0.0000  0.0000  0.0000  0.0000  0.0000  0.0000  0.0000  0.0000
      *s       0.0042  0.0046 -0.0340  0.0064  0.0069 -0.0343 -0.0033 -0.0028  0.0015 -0.0023 -0.0019  0.0016
      *px     -0.0002 -0.0016  0.0006  0.0004 -0.0023 -0.0004 -0.0016  0.0004 -0.0004 -0.0021  0.0014 -0.0003
      *pz      0.0055  0.0008 -0.0021  0.0031  0.0033 -0.0019  0.0011 -0.0001 -0.0002  0.0065  0.0119  0.0012
      *py     -0.0028 -0.0008  0.0002 -0.0044 -0.0023  0.0007 -0.0011 -0.0032  0.0024  0.0010 -0.0029  0.0024
      *d2+    -0.0000  0.0001  0.0001  0.0003  0.0005  0.0000  0.0001 -0.0000 -0.0000 -0.0002  0.0001 -0.0000
      *d1+     0.0007  0.0003  0.0002  0.0006  0.0001  0.0003  0.0003  0.0004  0.0010  0.0002  0.0001  0.0010
      *d0      0.0015  0.0015  0.0005  0.0014  0.0014  0.0005  0.0003  0.0003  0.0000  0.0005  0.0004  0.0000
      *d1-     0.0002  0.0007  0.0001  0.0004  0.0010  0.0002  0.0007  0.0001  0.0003  0.0000  0.0001  0.0007
      *d2-     0.0003 -0.0000  0.0001  0.0001  0.0000  0.0001 -0.0001  0.0001 -0.0000 -0.0000 -0.0003 -0.0000
      *f3+     0.0000  0.0000  0.0000  0.0000  0.0000  0.0000  0.0000 -0.0000 -0.0000  0.0000  0.0000 -0.0000
      *f2+     0.0000  0.0000  0.0000  0.0000  0.0000  0.0000  0.0000  0.0000  0.0000  0.0000  0.0000  0.0000
      *f1+     0.0000  0.0000  0.0000  0.0000  0.0000  0.0000  0.0000  0.0000  0.0000  0.0000 -0.0000  0.0000
      *f0      0.0001  0.0001  0.0000  0.0000  0.0000  0.0000  0.0000  0.0000  0.0000  0.0001  0.0001  0.0000
      *f1-     0.0000  0.0000  0.0000  0.0000  0.0000  0.0000  0.0000  0.0000 -0.0000  0.0000  0.0000  0.0000
      *f2-     0.0000  0.0000  0.0000  0.0000  0.0000  0.0000  0.0000  0.0000  0.0000 -0.0000  0.0000  0.0000
      *f3-     0.0000  0.0000  0.0000  0.0000  0.0000  0.0000  0.0000  0.0000  0.0000  0.0000  0.0000  0.0000
      Total    0.0145  0.0088 -0.0318  0.0123  0.0118 -0.0321  0.0085  0.0066  0.0052  0.0205  0.0279  0.0082

                C13     C14     C15     C16     C17     C18     C19     C20     C21     C22     C23     C24   
      1s       0.0001  0.0001  0.0000  0.0000  0.0000  0.0000  0.0000  0.0001  0.0000  0.0000  0.0000  0.0000
      2s      -0.0001 -0.0001 -0.0000 -0.0000 -0.0000 -0.0000 -0.0001 -0.0001 -0.0000 -0.0000 -0.0000 -0.0000
      2px      0.0008  0.0002  0.0000  0.0000  0.0000  0.0000  0.0001  0.0011  0.0001  0.0000  0.0000  0.0000
      2pz      0.0057  0.0041  0.0012  0.0040  0.0051  0.0012  0.0007  0.0023  0.0014  0.0071  0.0058  0.0028
      2py      0.0004  0.0009  0.0000  0.0000  0.0000  0.0002  0.0008  0.0001  0.0001  0.0000  0.0000  0.0000
      3s       0.0000  0.0000  0.0000  0.0000  0.0000  0.0000  0.0000  0.0000  0.0000  0.0000  0.0000  0.0000
      3px      0.0000  0.0000  0.0000  0.0000  0.0000  0.0000  0.0000  0.0000  0.0000  0.0000  0.0000  0.0000
      3pz      0.0000  0.0000  0.0000  0.0000  0.0000  0.0000  0.0000  0.0000  0.0000  0.0000  0.0000  0.0000
      3py      0.0000  0.0000  0.0000  0.0000  0.0000  0.0000  0.0000  0.0000  0.0000  0.0000  0.0000  0.0000
      4s       0.0000  0.0000  0.0000  0.0000  0.0000  0.0000  0.0000  0.0000  0.0000  0.0000  0.0000  0.0000
      3d2+     0.0000  0.0000  0.0000  0.0000  0.0000  0.0000  0.0000  0.0000  0.0000  0.0000  0.0000  0.0000
      3d1+     0.0000  0.0000  0.0000  0.0000  0.0000  0.0000  0.0000  0.0000  0.0000  0.0000  0.0000  0.0000
      3d0      0.0000  0.0000  0.0000  0.0000  0.0000  0.0000  0.0000  0.0000  0.0000  0.0000  0.0000  0.0000
      3d1-     0.0000  0.0000  0.0000  0.0000  0.0000  0.0000  0.0000  0.0000  0.0000  0.0000  0.0000  0.0000
      3d2-     0.0000  0.0000  0.0000  0.0000  0.0000  0.0000  0.0000  0.0000  0.0000  0.0000  0.0000  0.0000
      *s      -0.0212 -0.0190 -0.0060  0.0022  0.0019 -0.0061 -0.0218 -0.0193 -0.0062  0.0020  0.0021 -0.0059
      *px     -0.0001  0.0000 -0.0006 -0.0004  0.0002 -0.0004 -0.0013  0.0019 -0.0006 -0.0003  0.0002 -0.0006
      *pz      0.0064  0.0039  0.0001  0.0096  0.0120  0.0000 -0.0063 -0.0027  0.0006  0.0159  0.0131  0.0032
      *py      0.0004  0.0008 -0.0019  0.0004 -0.0001 -0.0017  0.0014 -0.0002 -0.0017  0.0004 -0.0001 -0.0017
      *d2+     0.0001  0.0000  0.0001  0.0000  0.0000 -0.0000  0.0005  0.0002  0.0000  0.0000  0.0000  0.0000
      *d1+     0.0001  0.0008  0.0013  0.0001 -0.0000  0.0000  0.0001  0.0004  0.0020  0.0002  0.0003  0.0000
      *d0      0.0020  0.0020  0.0001  0.0000  0.0000  0.0001  0.0021  0.0021  0.0001  0.0000  0.0000  0.0001
      *d1-     0.0006  0.0001  0.0006  0.0001  0.0001  0.0022  0.0005  0.0001  0.0007  0.0000  0.0002  0.0020
      *d2-     0.0000  0.0005 -0.0000 -0.0000 -0.0000 -0.0000  0.0000  0.0005 -0.0000  0.0000  0.0000  0.0000
      *f3+     0.0000  0.0000 -0.0000  0.0000  0.0000  0.0000  0.0000  0.0000  0.0000  0.0000  0.0000 -0.0000
      *f2+     0.0000  0.0000  0.0000  0.0000  0.0000  0.0000  0.0000  0.0000  0.0000  0.0000  0.0000  0.0000
      *f1+     0.0001  0.0000  0.0000  0.0000  0.0000  0.0000  0.0000  0.0001  0.0000  0.0000  0.0000  0.0000
      *f0      0.0000  0.0000  0.0000 -0.0000 -0.0000  0.0000  0.0000  0.0000  0.0000 -0.0000 -0.0000  0.0000
      *f1-     0.0000  0.0001  0.0000  0.0000  0.0000  0.0000  0.0000  0.0000  0.0000  0.0000  0.0000  0.0000
      *f2-     0.0000  0.0000  0.0000  0.0000  0.0000  0.0001  0.0000  0.0000  0.0000  0.0000  0.0000  0.0001
      *f3-     0.0000  0.0000  0.0000 -0.0000  0.0000  0.0000  0.0000 -0.0000  0.0000  0.0000  0.0000  0.0000
      Total   -0.0045 -0.0055 -0.0052  0.0160  0.0193 -0.0044 -0.0232 -0.0133 -0.0035  0.0255  0.0216  0.0002

                H25     H26     H27     H28     H29     H30     H31     H32     H33     H34     H35     H36   
      1s       0.0001  0.0002  0.0000  0.0000  0.0000  0.0000  0.0001  0.0002  0.0000  0.0000  0.0000  0.0000
      2s       0.0000  0.0000  0.0000  0.0000  0.0000  0.0000  0.0000  0.0000  0.0000  0.0000  0.0000  0.0000
      2px      0.0000  0.0000  0.0000  0.0000  0.0000  0.0000  0.0000  0.0000  0.0000  0.0000  0.0000  0.0000
      2pz      0.0000  0.0000  0.0000  0.0000  0.0000  0.0000  0.0000  0.0000  0.0000  0.0000  0.0000  0.0000
      2py      0.0000  0.0000  0.0000  0.0000  0.0000  0.0000  0.0000  0.0000  0.0000  0.0000  0.0000  0.0000
      3s       0.0000  0.0000  0.0000  0.0000  0.0000  0.0000  0.0000  0.0000  0.0000  0.0000  0.0000  0.0000
      3px      0.0000  0.0000  0.0000  0.0000  0.0000  0.0000  0.0000  0.0000  0.0000  0.0000  0.0000  0.0000
      3pz      0.0000  0.0000  0.0000  0.0000  0.0000  0.0000  0.0000  0.0000  0.0000  0.0000  0.0000  0.0000
      3py      0.0000  0.0000  0.0000  0.0000  0.0000  0.0000  0.0000  0.0000  0.0000  0.0000  0.0000  0.0000
      4s       0.0000  0.0000  0.0000  0.0000  0.0000  0.0000  0.0000  0.0000  0.0000  0.0000  0.0000  0.0000
      3d2+     0.0000  0.0000  0.0000  0.0000  0.0000  0.0000  0.0000  0.0000  0.0000  0.0000  0.0000  0.0000
      3d1+     0.0000  0.0000  0.0000  0.0000  0.0000  0.0000  0.0000  0.0000  0.0000  0.0000  0.0000  0.0000
      3d0      0.0000  0.0000  0.0000  0.0000  0.0000  0.0000  0.0000  0.0000  0.0000  0.0000  0.0000  0.0000
      3d1-     0.0000  0.0000  0.0000  0.0000  0.0000  0.0000  0.0000  0.0000  0.0000  0.0000  0.0000  0.0000
      3d2-     0.0000  0.0000  0.0000  0.0000  0.0000  0.0000  0.0000  0.0000  0.0000  0.0000  0.0000  0.0000
      *s      -0.0018 -0.0018  0.0000 -0.0000 -0.0000 -0.0000 -0.0018 -0.0018 -0.0000 -0.0000 -0.0000  0.0000
      *px      0.0000  0.0000  0.0000  0.0000  0.0000  0.0000  0.0000  0.0000  0.0000  0.0000  0.0000  0.0000
      *pz      0.0001  0.0001  0.0000  0.0001  0.0001  0.0000  0.0000  0.0000  0.0000  0.0002  0.0001  0.0000
      *py      0.0000  0.0000  0.0000  0.0000  0.0000  0.0000  0.0000  0.0000  0.0000  0.0000  0.0000  0.0000
      *d2+     0.0000  0.0000  0.0000  0.0000  0.0000  0.0000  0.0000  0.0000  0.0000  0.0000  0.0000  0.0000
      *d1+     0.0000  0.0000  0.0000  0.0000  0.0000  0.0000  0.0000  0.0000  0.0000  0.0000  0.0000  0.0000
      *d0      0.0000  0.0000  0.0000  0.0000  0.0000  0.0000  0.0000  0.0000  0.0000  0.0000  0.0000  0.0000
      *d1-     0.0000  0.0000  0.0000  0.0000  0.0000  0.0000  0.0000  0.0000  0.0000  0.0000  0.0000  0.0000
      *d2-     0.0000  0.0000  0.0000  0.0000  0.0000  0.0000  0.0000  0.0000  0.0000  0.0000  0.0000  0.0000
      *f3+     0.0000  0.0000  0.0000  0.0000  0.0000  0.0000  0.0000  0.0000  0.0000  0.0000  0.0000  0.0000
      *f2+     0.0000  0.0000  0.0000  0.0000  0.0000  0.0000  0.0000  0.0000  0.0000  0.0000  0.0000  0.0000
      *f1+     0.0000  0.0000  0.0000  0.0000  0.0000  0.0000  0.0000  0.0000  0.0000  0.0000  0.0000  0.0000
      *f0      0.0000  0.0000  0.0000  0.0000  0.0000  0.0000  0.0000  0.0000  0.0000  0.0000  0.0000  0.0000
      *f1-     0.0000  0.0000  0.0000  0.0000  0.0000  0.0000  0.0000  0.0000  0.0000  0.0000  0.0000  0.0000
      *f2-     0.0000  0.0000  0.0000  0.0000  0.0000  0.0000  0.0000  0.0000  0.0000  0.0000  0.0000  0.0000
      *f3-     0.0000  0.0000  0.0000  0.0000  0.0000  0.0000  0.0000  0.0000  0.0000  0.0000  0.0000  0.0000
      Total   -0.0015 -0.0015  0.0001  0.0001  0.0001  0.0000 -0.0017 -0.0016  0.0000  0.0001  0.0001  0.0001

                NI37    NI38  
      1s       0.0000  0.0000
      2s       0.0001  0.0001
      2px      0.0000  0.0000
      2pz      0.0000  0.0000
      2py      0.0000  0.0000
      3s       0.0070  0.0069
      3px      0.0002  0.0001
      3pz      0.0026  0.0025
      3py      0.0001  0.0004
      4s      -0.0116 -0.0115
      3d2+     0.0028  0.0033
      3d1+     0.2823  0.0929
      3d0      0.0014  0.0034
      3d1-     0.2023  0.3622
      3d2-     0.0010  0.0004
      *s       1.0022  0.9863
      *px      0.0022  0.0007
      *pz      0.0509  0.0503
      *py      0.0007 -0.0002
      *d2+     0.0026  0.0030
      *d1+     0.2595  0.0875
      *d0      0.0019  0.0038
      *d1-     0.1864  0.3348
      *d2-     0.0006  0.0004
      *f3+     0.0000  0.0000
      *f2+     0.0000  0.0000
      *f1+     0.0000  0.0000
      *f0      0.0000  0.0000
      *f1-     0.0000  0.0000
      *f2-     0.0000  0.0000
      *f3-     0.0000  0.0000
      Total    1.9953  1.9272

      Total electronic spin=    4.000000
--


      Von Neumann Entropy (Root   4) =  2.26448


      Mulliken population analysis for root number:  4
      -----------------------------------------------


++    Molecular charges:
      ------------------

      Mulliken charges per centre and basis function type
      ---------------------------------------------------

                C1      C2      C3      C4      C5      C6      C7      C8      C9      C10     C11     C12   
      1s       0.8546  0.8547  0.8547  0.8546  0.8546  0.8547  0.8547  0.8547  0.8547  0.8547  0.8547  0.8547
      2s       1.1234  1.1233  1.1232  1.1233  1.1233  1.1232  1.1233  1.1233  1.1232  1.1233  1.1233  1.1232
      2px      0.4566  0.4601  0.4576  0.4568  0.4599  0.4576  0.4496  0.4542  0.4649  0.4496  0.4543  0.4649
      2pz      0.3264  0.3280  0.3244  0.3246  0.3259  0.3253  0.3370  0.3361  0.3129  0.3360  0.3357  0.3120
      2py      0.4565  0.4531  0.4613  0.4563  0.4532  0.4613  0.4638  0.4592  0.4599  0.4638  0.4591  0.4599
      3s       0.0000  0.0000  0.0000  0.0000  0.0000  0.0000  0.0000  0.0000  0.0000  0.0000  0.0000  0.0000
      3px      0.0000  0.0000  0.0000  0.0000  0.0000  0.0000  0.0000  0.0000  0.0000  0.0000  0.0000  0.0000
      3pz      0.0000  0.0000  0.0000  0.0000  0.0000  0.0000  0.0000  0.0000  0.0000  0.0000  0.0000  0.0000
      3py      0.0000  0.0000  0.0000  0.0000  0.0000  0.0000  0.0000  0.0000  0.0000  0.0000  0.0000  0.0000
      4s       0.0000  0.0000  0.0000  0.0000  0.0000  0.0000  0.0000  0.0000  0.0000  0.0000  0.0000  0.0000
      3d2+     0.0000  0.0000  0.0000  0.0000  0.0000  0.0000  0.0000  0.0000  0.0000  0.0000  0.0000  0.0000
      3d1+     0.0000  0.0000  0.0000  0.0000  0.0000  0.0000  0.0000  0.0000  0.0000  0.0000  0.0000  0.0000
      3d0      0.0000  0.0000  0.0000  0.0000  0.0000  0.0000  0.0000  0.0000  0.0000  0.0000  0.0000  0.0000
      3d1-     0.0000  0.0000  0.0000  0.0000  0.0000  0.0000  0.0000  0.0000  0.0000  0.0000  0.0000  0.0000
      3d2-     0.0000  0.0000  0.0000  0.0000  0.0000  0.0000  0.0000  0.0000  0.0000  0.0000  0.0000  0.0000
      *s       1.2876  1.2871  1.3491  1.2821  1.2821  1.3491  1.0071  1.0067  1.1066  1.0069  1.0072  1.1066
      *px      0.4304  0.2665  0.4502  0.4314  0.2654  0.4508  0.3630  0.4364  0.3939  0.3627  0.4375  0.3936
      *pz      0.6520  0.6561  0.5952  0.6483  0.6509  0.5969  0.6199  0.6184  0.5831  0.6123  0.6119  0.5817
      *py      0.1476  0.3129  0.3640  0.1470  0.3142  0.3639  0.4669  0.3931  0.3891  0.4677  0.3929  0.3892
      *d2+     0.0502  0.0544  0.0602  0.0506  0.0543  0.0602  0.0421  0.0388  0.0452  0.0423  0.0390  0.0453
      *d1+     0.0262  0.0272  0.0272  0.0263  0.0270  0.0273  0.0221  0.0238  0.0310  0.0216  0.0234  0.0311
      *d0      0.0051  0.0051  0.0032  0.0054  0.0054  0.0032  0.0084  0.0085  0.0059  0.0085  0.0085  0.0059
      *d1-     0.0267  0.0256  0.0262  0.0263  0.0255  0.0261  0.0284  0.0273  0.0249  0.0283  0.0266  0.0250
      *d2-     0.0531  0.0492  0.0632  0.0532  0.0494  0.0632  0.0372  0.0405  0.0507  0.0372  0.0406  0.0507
      *f3+     0.0021  0.0021  0.0021  0.0021  0.0021  0.0021  0.0021  0.0021  0.0022  0.0021  0.0021  0.0022
      *f2+     0.0010  0.0010  0.0011  0.0010  0.0010  0.0011  0.0010  0.0008  0.0010  0.0010  0.0008  0.0010
      *f1+     0.0011  0.0010  0.0011  0.0011  0.0010  0.0011  0.0010  0.0012  0.0011  0.0010  0.0012  0.0011
      *f0      0.0018  0.0018  0.0020  0.0018  0.0018  0.0020  0.0017  0.0017  0.0020  0.0017  0.0017  0.0020
      *f1-     0.0010  0.0011  0.0011  0.0010  0.0011  0.0011  0.0013  0.0010  0.0011  0.0013  0.0010  0.0011
      *f2-     0.0010  0.0009  0.0010  0.0009  0.0009  0.0010  0.0008  0.0011  0.0011  0.0008  0.0011  0.0011
      *f3-     0.0030  0.0030  0.0032  0.0030  0.0030  0.0032  0.0029  0.0029  0.0031  0.0029  0.0029  0.0031
      Total    5.9074  5.9144  6.1714  5.8971  5.9022  6.1746  5.8344  5.8318  5.8576  5.8259  5.8256  5.8552

      N-E      0.0926  0.0856 -0.1714  0.1029  0.0978 -0.1746  0.1656  0.1682  0.1424  0.1741  0.1744  0.1448

                C13     C14     C15     C16     C17     C18     C19     C20     C21     C22     C23     C24   
      1s       0.8547  0.8547  0.8548  0.8548  0.8548  0.8548  0.8547  0.8547  0.8548  0.8548  0.8548  0.8548
      2s       1.1234  1.1234  1.1232  1.1232  1.1232  1.1232  1.1233  1.1233  1.1232  1.1232  1.1232  1.1232
      2px      0.4475  0.4496  0.4718  0.4716  0.4576  0.4520  0.4475  0.4495  0.4718  0.4716  0.4576  0.4520
      2pz      0.3212  0.3244  0.3212  0.3370  0.3356  0.3180  0.3218  0.3216  0.3179  0.3366  0.3370  0.3202
      2py      0.4581  0.4561  0.4482  0.4483  0.4622  0.4681  0.4584  0.4563  0.4482  0.4483  0.4622  0.4680
      3s       0.0000  0.0000  0.0000  0.0000  0.0000  0.0000  0.0000  0.0000  0.0000  0.0000  0.0000  0.0000
      3px      0.0000  0.0000  0.0000  0.0000  0.0000  0.0000  0.0000  0.0000  0.0000  0.0000  0.0000  0.0000
      3pz      0.0000  0.0000  0.0000  0.0000  0.0000  0.0000  0.0000  0.0000  0.0000  0.0000  0.0000  0.0000
      3py      0.0000  0.0000  0.0000  0.0000  0.0000  0.0000  0.0000  0.0000  0.0000  0.0000  0.0000  0.0000
      4s       0.0000  0.0000  0.0000  0.0000  0.0000  0.0000  0.0000  0.0000  0.0000  0.0000  0.0000  0.0000
      3d2+     0.0000  0.0000  0.0000  0.0000  0.0000  0.0000  0.0000  0.0000  0.0000  0.0000  0.0000  0.0000
      3d1+     0.0000  0.0000  0.0000  0.0000  0.0000  0.0000  0.0000  0.0000  0.0000  0.0000  0.0000  0.0000
      3d0      0.0000  0.0000  0.0000  0.0000  0.0000  0.0000  0.0000  0.0000  0.0000  0.0000  0.0000  0.0000
      3d1-     0.0000  0.0000  0.0000  0.0000  0.0000  0.0000  0.0000  0.0000  0.0000  0.0000  0.0000  0.0000
      3d2-     0.0000  0.0000  0.0000  0.0000  0.0000  0.0000  0.0000  0.0000  0.0000  0.0000  0.0000  0.0000
      *s       1.2258  1.2240  1.2477  1.2173  1.2178  1.2456  1.2199  1.2199  1.2458  1.2178  1.2175  1.2475
      *px      0.5353  0.5066  0.5062  0.5131  0.4939  0.5329  0.5343  0.5062  0.5059  0.5130  0.4939  0.5332
      *pz      0.6465  0.6542  0.6676  0.6983  0.6961  0.6606  0.6452  0.6452  0.6605  0.6983  0.6986  0.6658
      *py      0.4923  0.5209  0.5206  0.5131  0.5324  0.4928  0.4927  0.5208  0.5199  0.5133  0.5324  0.4934
      *d2+     0.0280  0.0285  0.0277  0.0280  0.0315  0.0312  0.0280  0.0286  0.0277  0.0280  0.0315  0.0313
      *d1+     0.0119  0.0230  0.0291  0.0239  0.0202  0.0069  0.0118  0.0230  0.0291  0.0234  0.0202  0.0069
      *d0      0.0087  0.0087  0.0052  0.0048  0.0048  0.0053  0.0091  0.0091  0.0053  0.0048  0.0048  0.0052
      *d1-     0.0305  0.0188  0.0115  0.0102  0.0135  0.0334  0.0299  0.0188  0.0114  0.0101  0.0135  0.0339
      *d2-     0.0268  0.0261  0.0332  0.0321  0.0286  0.0297  0.0269  0.0264  0.0332  0.0321  0.0286  0.0297
      *f3+     0.0019  0.0019  0.0019  0.0019  0.0019  0.0019  0.0019  0.0019  0.0019  0.0019  0.0019  0.0019
      *f2+     0.0005  0.0010  0.0010  0.0009  0.0008  0.0003  0.0005  0.0010  0.0010  0.0009  0.0008  0.0003
      *f1+     0.0008  0.0009  0.0009  0.0009  0.0009  0.0009  0.0008  0.0010  0.0009  0.0009  0.0009  0.0009
      *f0      0.0014  0.0014  0.0016  0.0016  0.0016  0.0016  0.0014  0.0014  0.0016  0.0016  0.0016  0.0016
      *f1-     0.0009  0.0008  0.0009  0.0008  0.0009  0.0010  0.0009  0.0008  0.0009  0.0008  0.0009  0.0010
      *f2-     0.0011  0.0006  0.0006  0.0005  0.0005  0.0013  0.0011  0.0006  0.0006  0.0005  0.0005  0.0013
      *f3-     0.0017  0.0017  0.0019  0.0020  0.0020  0.0019  0.0017  0.0017  0.0019  0.0020  0.0020  0.0019
      Total    6.2191  6.2272  6.2769  6.2842  6.2808  6.2633  6.2118  6.2117  6.2636  6.2838  6.2845  6.2738

      N-E     -0.2191 -0.2272 -0.2769 -0.2842 -0.2808 -0.2633 -0.2118 -0.2117 -0.2636 -0.2838 -0.2845 -0.2738

                H25     H26     H27     H28     H29     H30     H31     H32     H33     H34     H35     H36   
      1s       0.2626  0.2626  0.2635  0.2638  0.2638  0.2635  0.2627  0.2627  0.2635  0.2638  0.2638  0.2635
      2s       0.0000  0.0000  0.0000  0.0000  0.0000  0.0000  0.0000  0.0000  0.0000  0.0000  0.0000  0.0000
      2px      0.0000  0.0000  0.0000  0.0000  0.0000  0.0000  0.0000  0.0000  0.0000  0.0000  0.0000  0.0000
      2pz      0.0000  0.0000  0.0000  0.0000  0.0000  0.0000  0.0000  0.0000  0.0000  0.0000  0.0000  0.0000
      2py      0.0000  0.0000  0.0000  0.0000  0.0000  0.0000  0.0000  0.0000  0.0000  0.0000  0.0000  0.0000
      3s       0.0000  0.0000  0.0000  0.0000  0.0000  0.0000  0.0000  0.0000  0.0000  0.0000  0.0000  0.0000
      3px      0.0000  0.0000  0.0000  0.0000  0.0000  0.0000  0.0000  0.0000  0.0000  0.0000  0.0000  0.0000
      3pz      0.0000  0.0000  0.0000  0.0000  0.0000  0.0000  0.0000  0.0000  0.0000  0.0000  0.0000  0.0000
      3py      0.0000  0.0000  0.0000  0.0000  0.0000  0.0000  0.0000  0.0000  0.0000  0.0000  0.0000  0.0000
      4s       0.0000  0.0000  0.0000  0.0000  0.0000  0.0000  0.0000  0.0000  0.0000  0.0000  0.0000  0.0000
      3d2+     0.0000  0.0000  0.0000  0.0000  0.0000  0.0000  0.0000  0.0000  0.0000  0.0000  0.0000  0.0000
      3d1+     0.0000  0.0000  0.0000  0.0000  0.0000  0.0000  0.0000  0.0000  0.0000  0.0000  0.0000  0.0000
      3d0      0.0000  0.0000  0.0000  0.0000  0.0000  0.0000  0.0000  0.0000  0.0000  0.0000  0.0000  0.0000
      3d1-     0.0000  0.0000  0.0000  0.0000  0.0000  0.0000  0.0000  0.0000  0.0000  0.0000  0.0000  0.0000
      3d2-     0.0000  0.0000  0.0000  0.0000  0.0000  0.0000  0.0000  0.0000  0.0000  0.0000  0.0000  0.0000
      *s       0.5678  0.5678  0.5808  0.5780  0.5780  0.5809  0.5678  0.5677  0.5809  0.5780  0.5780  0.5808
      *px      0.0166  0.0066  0.0061  0.0061  0.0064  0.0163  0.0167  0.0066  0.0061  0.0061  0.0064  0.0163
      *pz      0.0046  0.0046  0.0043  0.0048  0.0047  0.0042  0.0045  0.0045  0.0042  0.0048  0.0048  0.0043
      *py      0.0030  0.0131  0.0131  0.0130  0.0127  0.0029  0.0030  0.0131  0.0131  0.0130  0.0127  0.0029
      *d2+     0.0000  0.0000  0.0000  0.0000  0.0000  0.0000  0.0000  0.0000  0.0000  0.0000  0.0000  0.0000
      *d1+     0.0000  0.0000  0.0000  0.0000  0.0000  0.0000  0.0000  0.0000  0.0000  0.0000  0.0000  0.0000
      *d0      0.0000  0.0000  0.0000  0.0000  0.0000  0.0000  0.0000  0.0000  0.0000  0.0000  0.0000  0.0000
      *d1-     0.0000  0.0000  0.0000  0.0000  0.0000  0.0000  0.0000  0.0000  0.0000  0.0000  0.0000  0.0000
      *d2-     0.0000  0.0000  0.0000  0.0000  0.0000  0.0000  0.0000  0.0000  0.0000  0.0000  0.0000  0.0000
      *f3+     0.0000  0.0000  0.0000  0.0000  0.0000  0.0000  0.0000  0.0000  0.0000  0.0000  0.0000  0.0000
      *f2+     0.0000  0.0000  0.0000  0.0000  0.0000  0.0000  0.0000  0.0000  0.0000  0.0000  0.0000  0.0000
      *f1+     0.0000  0.0000  0.0000  0.0000  0.0000  0.0000  0.0000  0.0000  0.0000  0.0000  0.0000  0.0000
      *f0      0.0000  0.0000  0.0000  0.0000  0.0000  0.0000  0.0000  0.0000  0.0000  0.0000  0.0000  0.0000
      *f1-     0.0000  0.0000  0.0000  0.0000  0.0000  0.0000  0.0000  0.0000  0.0000  0.0000  0.0000  0.0000
      *f2-     0.0000  0.0000  0.0000  0.0000  0.0000  0.0000  0.0000  0.0000  0.0000  0.0000  0.0000  0.0000
      *f3-     0.0000  0.0000  0.0000  0.0000  0.0000  0.0000  0.0000  0.0000  0.0000  0.0000  0.0000  0.0000
      Total    0.8547  0.8547  0.8678  0.8657  0.8657  0.8678  0.8547  0.8547  0.8677  0.8657  0.8657  0.8678

      N-E      0.1453  0.1453  0.1322  0.1343  0.1343  0.1322  0.1453  0.1453  0.1323  0.1343  0.1343  0.1322

                NI37    NI38  
      1s       1.9997  1.9997
      2s       2.0006  2.0006
      2px      1.9958  1.9958
      2pz      1.9958  1.9958
      2py      1.9957  1.9958
      3s       1.1538  1.1554
      3px      1.5692  1.5695
      3pz      1.5726  1.5730
      3py      1.5676  1.5675
      4s       0.8223  0.8195
      3d2+     0.9381  0.9397
      3d1+     0.7339  0.6153
      3d0      0.9877  0.9804
      3d1-     0.7973  0.9084
      3d2-     0.9602  0.9611
      *s       0.6191  0.8375
      *px      0.4879  0.4893
      *pz      0.5063  0.5162
      *py      0.4805  0.4809
      *d2+     0.9906  0.9901
      *d1+     0.7300  0.6169
      *d0      0.9906  0.9895
      *d1-     0.7930  0.8989
      *d2-     0.9926  0.9910
      *f3+     0.0000  0.0000
      *f2+     0.0000  0.0000
      *f1+     0.0000  0.0000
      *f0      0.0000  0.0001
      *f1-     0.0000  0.0000
      *f2-     0.0000  0.0000
      *f3-     0.0000  0.0000
      Total   27.6809 27.8881

      N-E      0.3191  0.1119

      Total electronic charge=  212.000000

      Total            charge=   -0.000000
--



      Expectation values of various properties for root number:  4
      -----------------------------------------------------------


++    Molecular properties:
      ---------------------

      Charge (e):
                      =   -0.0000
      Dipole Moment (Debye):
      Origin of the operator (Ang)=    0.0000    0.0000    0.0000
                   X=  1.2345E+00               Y=  6.8071E-01               Z=  1.6750E+00           Total=  2.1893E+00
      Quadrupole Moment (Debye*Ang):
      Origin of the operator (Ang)=    0.0000   -0.0000    0.5165
                  XX= -1.3779E+02              XY=  1.0685E+01              XZ=  4.3453E+00              YY= -1.5063E+02
                  YZ=  2.5152E+00              ZZ= -1.8321E+02
      In traceless form (Debye*Ang)
                  XX=  2.9129E+01              XY=  1.6027E+01              XZ=  6.5179E+00              YY=  9.8737E+00
                  YZ=  3.7729E+00              ZZ= -3.9003E+01
--


      Mulliken spin population analysis for root number:  4
      ---------------------------------------------------


++    Molecular charges:
      ------------------

      Mulliken spin population per centre and basis function type
      ---------------------------------------------------

                C1      C2      C3      C4      C5      C6      C7      C8      C9      C10     C11     C12   
      1s       0.0000  0.0000  0.0000  0.0000  0.0000  0.0000  0.0000  0.0000  0.0000  0.0000  0.0000  0.0000
      2s      -0.0001 -0.0000 -0.0000 -0.0001 -0.0001 -0.0000 -0.0000 -0.0000 -0.0000 -0.0000 -0.0000 -0.0000
      2px      0.0001  0.0004  0.0002  0.0000  0.0005  0.0002  0.0004  0.0007  0.0000  0.0003  0.0006  0.0000
      2pz      0.0148  0.0113  0.0009  0.0104  0.0113  0.0010  0.0216  0.0216  0.0003  0.0226  0.0220  0.0012
      2py      0.0005  0.0001  0.0001  0.0006  0.0001  0.0001  0.0004  0.0001  0.0000  0.0005  0.0001  0.0000
      3s       0.0000  0.0000  0.0000  0.0000  0.0000  0.0000  0.0000  0.0000  0.0000  0.0000  0.0000  0.0000
      3px      0.0000  0.0000  0.0000  0.0000  0.0000  0.0000  0.0000  0.0000  0.0000  0.0000  0.0000  0.0000
      3pz      0.0000  0.0000  0.0000  0.0000  0.0000  0.0000  0.0000  0.0000  0.0000  0.0000  0.0000  0.0000
      3py      0.0000  0.0000  0.0000  0.0000  0.0000  0.0000  0.0000  0.0000  0.0000  0.0000  0.0000  0.0000
      4s       0.0000  0.0000  0.0000  0.0000  0.0000  0.0000  0.0000  0.0000  0.0000  0.0000  0.0000  0.0000
      3d2+     0.0000  0.0000  0.0000  0.0000  0.0000  0.0000  0.0000  0.0000  0.0000  0.0000  0.0000  0.0000
      3d1+     0.0000  0.0000  0.0000  0.0000  0.0000  0.0000  0.0000  0.0000  0.0000  0.0000  0.0000  0.0000
      3d0      0.0000  0.0000  0.0000  0.0000  0.0000  0.0000  0.0000  0.0000  0.0000  0.0000  0.0000  0.0000
      3d1-     0.0000  0.0000  0.0000  0.0000  0.0000  0.0000  0.0000  0.0000  0.0000  0.0000  0.0000  0.0000
      3d2-     0.0000  0.0000  0.0000  0.0000  0.0000  0.0000  0.0000  0.0000  0.0000  0.0000  0.0000  0.0000
      *s       0.0016  0.0019 -0.0370 -0.0016 -0.0023 -0.0371 -0.0008 -0.0006  0.0028 -0.0002 -0.0002  0.0028
      *px     -0.0013  0.0002  0.0068 -0.0010 -0.0009  0.0070 -0.0011  0.0020 -0.0017 -0.0012  0.0022 -0.0018
      *pz      0.0183  0.0114 -0.0026  0.0096  0.0109 -0.0024  0.0365  0.0367 -0.0010  0.0349  0.0337  0.0004
      *py     -0.0014 -0.0023  0.0033 -0.0016 -0.0018  0.0031  0.0013 -0.0020  0.0024  0.0011 -0.0024  0.0025
      *d2+     0.0000  0.0001  0.0000 -0.0001  0.0004  0.0000  0.0001 -0.0001  0.0000  0.0001 -0.0001  0.0000
      *d1+     0.0016  0.0001  0.0015  0.0020  0.0001  0.0018  0.0013  0.0008  0.0044  0.0009  0.0008  0.0047
      *d0      0.0007  0.0008  0.0005  0.0010  0.0010  0.0005  0.0001  0.0001  0.0000  0.0001  0.0002  0.0000
      *d1-     0.0010  0.0027  0.0004  0.0007  0.0024  0.0007  0.0019  0.0022  0.0017  0.0015  0.0020  0.0015
      *d2-     0.0003  0.0000  0.0000  0.0004  0.0000  0.0000 -0.0001  0.0001  0.0000 -0.0001  0.0001  0.0000
      *f3+     0.0000  0.0000  0.0000  0.0000  0.0000  0.0000  0.0000  0.0000  0.0000  0.0000  0.0000 -0.0000
      *f2+     0.0001  0.0000  0.0001  0.0001  0.0000  0.0001  0.0000  0.0000  0.0001  0.0000  0.0000  0.0001
      *f1+     0.0000  0.0000  0.0000  0.0000  0.0000  0.0000  0.0000 -0.0000  0.0000  0.0000 -0.0000  0.0000
      *f0      0.0000  0.0000  0.0000  0.0000  0.0000  0.0000 -0.0000 -0.0000  0.0000  0.0000  0.0000  0.0000
      *f1-     0.0000  0.0000  0.0000  0.0000  0.0000  0.0000 -0.0000  0.0000  0.0000 -0.0000  0.0000  0.0000
      *f2-     0.0000  0.0001  0.0000  0.0000  0.0001  0.0000  0.0001  0.0000  0.0000  0.0000  0.0000  0.0000
      *f3-     0.0000  0.0000  0.0000  0.0000  0.0000  0.0000  0.0000  0.0000  0.0000  0.0000  0.0000  0.0000
      Total    0.0366  0.0268 -0.0255  0.0205  0.0219 -0.0250  0.0618  0.0618  0.0091  0.0606  0.0592  0.0117

                C13     C14     C15     C16     C17     C18     C19     C20     C21     C22     C23     C24   
      1s       0.0000  0.0000  0.0000  0.0000  0.0000  0.0000  0.0000  0.0000  0.0000  0.0000  0.0000  0.0000
      2s      -0.0001 -0.0001 -0.0000 -0.0000 -0.0000 -0.0000 -0.0001 -0.0001 -0.0000 -0.0000 -0.0000 -0.0000
      2px      0.0007  0.0003  0.0000  0.0000  0.0000  0.0000  0.0006  0.0003  0.0000  0.0000  0.0000  0.0000
      2pz      0.0114  0.0123  0.0076  0.0280  0.0272  0.0057  0.0107  0.0116  0.0074  0.0269  0.0289  0.0077
      2py      0.0005  0.0009  0.0000  0.0001  0.0001  0.0000  0.0002  0.0007  0.0000  0.0001  0.0001  0.0000
      3s       0.0000  0.0000  0.0000  0.0000  0.0000  0.0000  0.0000  0.0000  0.0000  0.0000  0.0000  0.0000
      3px      0.0000  0.0000  0.0000  0.0000  0.0000  0.0000  0.0000  0.0000  0.0000  0.0000  0.0000  0.0000
      3pz      0.0000  0.0000  0.0000  0.0000  0.0000  0.0000  0.0000  0.0000  0.0000  0.0000  0.0000  0.0000
      3py      0.0000  0.0000  0.0000  0.0000  0.0000  0.0000  0.0000  0.0000  0.0000  0.0000  0.0000  0.0000
      4s       0.0000  0.0000  0.0000  0.0000  0.0000  0.0000  0.0000  0.0000  0.0000  0.0000  0.0000  0.0000
      3d2+     0.0000  0.0000  0.0000  0.0000  0.0000  0.0000  0.0000  0.0000  0.0000  0.0000  0.0000  0.0000
      3d1+     0.0000  0.0000  0.0000  0.0000  0.0000  0.0000  0.0000  0.0000  0.0000  0.0000  0.0000  0.0000
      3d0      0.0000  0.0000  0.0000  0.0000  0.0000  0.0000  0.0000  0.0000  0.0000  0.0000  0.0000  0.0000
      3d1-     0.0000  0.0000  0.0000  0.0000  0.0000  0.0000  0.0000  0.0000  0.0000  0.0000  0.0000  0.0000
      3d2-     0.0000  0.0000  0.0000  0.0000  0.0000  0.0000  0.0000  0.0000  0.0000  0.0000  0.0000  0.0000
      *s      -0.0089 -0.0071 -0.0019  0.0028  0.0033 -0.0032 -0.0134 -0.0138 -0.0032  0.0033  0.0028 -0.0017
      *px      0.0010  0.0006 -0.0002 -0.0000  0.0004 -0.0005  0.0010  0.0002 -0.0004 -0.0001  0.0004 -0.0003
      *pz      0.0128  0.0150  0.0182  0.0527  0.0510  0.0135  0.0084  0.0106  0.0170  0.0504  0.0545  0.0185
      *py      0.0005  0.0016 -0.0006  0.0008  0.0004 -0.0009  0.0003  0.0010 -0.0010  0.0010  0.0004 -0.0005
      *d2+     0.0002  0.0001 -0.0000  0.0000 -0.0000  0.0002  0.0003  0.0001 -0.0000  0.0000  0.0000  0.0002
      *d1+    -0.0000  0.0026  0.0059  0.0008  0.0000  0.0002  0.0001  0.0025  0.0058  0.0008  0.0002  0.0002
      *d0      0.0006  0.0006  0.0001  0.0001  0.0000  0.0001  0.0010  0.0010  0.0001  0.0001  0.0001  0.0001
      *d1-     0.0039  0.0012  0.0008  0.0001  0.0006  0.0065  0.0037  0.0011  0.0008  0.0001  0.0007  0.0066
      *d2-     0.0000  0.0005  0.0002 -0.0000 -0.0000  0.0000  0.0000  0.0002  0.0002 -0.0000  0.0000 -0.0000
      *f3+     0.0000  0.0000  0.0000  0.0000  0.0000 -0.0000  0.0000  0.0000  0.0000  0.0000  0.0000  0.0000
      *f2+     0.0000  0.0001  0.0001  0.0000  0.0000  0.0000  0.0000  0.0001  0.0001  0.0000  0.0000  0.0000
      *f1+     0.0000  0.0000 -0.0000  0.0000  0.0000  0.0000  0.0001  0.0000 -0.0000  0.0000  0.0000  0.0000
      *f0      0.0000  0.0000  0.0000 -0.0000 -0.0000  0.0000  0.0000  0.0000  0.0000 -0.0000 -0.0000  0.0000
      *f1-     0.0000  0.0001  0.0000  0.0000  0.0000  0.0000  0.0000  0.0001  0.0000  0.0000  0.0000  0.0000
      *f2-     0.0001  0.0000  0.0001  0.0000  0.0000  0.0002  0.0001  0.0000  0.0001  0.0000  0.0000  0.0002
      *f3-     0.0000  0.0000  0.0000  0.0000  0.0000  0.0000  0.0000  0.0000  0.0000  0.0000  0.0000  0.0000
      Total    0.0230  0.0288  0.0303  0.0853  0.0831  0.0218  0.0131  0.0155  0.0269  0.0826  0.0880  0.0312

                H25     H26     H27     H28     H29     H30     H31     H32     H33     H34     H35     H36   
      1s       0.0002  0.0002  0.0000  0.0000  0.0000  0.0000  0.0002  0.0002  0.0000  0.0000  0.0000  0.0000
      2s       0.0000  0.0000  0.0000  0.0000  0.0000  0.0000  0.0000  0.0000  0.0000  0.0000  0.0000  0.0000
      2px      0.0000  0.0000  0.0000  0.0000  0.0000  0.0000  0.0000  0.0000  0.0000  0.0000  0.0000  0.0000
      2pz      0.0000  0.0000  0.0000  0.0000  0.0000  0.0000  0.0000  0.0000  0.0000  0.0000  0.0000  0.0000
      2py      0.0000  0.0000  0.0000  0.0000  0.0000  0.0000  0.0000  0.0000  0.0000  0.0000  0.0000  0.0000
      3s       0.0000  0.0000  0.0000  0.0000  0.0000  0.0000  0.0000  0.0000  0.0000  0.0000  0.0000  0.0000
      3px      0.0000  0.0000  0.0000  0.0000  0.0000  0.0000  0.0000  0.0000  0.0000  0.0000  0.0000  0.0000
      3pz      0.0000  0.0000  0.0000  0.0000  0.0000  0.0000  0.0000  0.0000  0.0000  0.0000  0.0000  0.0000
      3py      0.0000  0.0000  0.0000  0.0000  0.0000  0.0000  0.0000  0.0000  0.0000  0.0000  0.0000  0.0000
      4s       0.0000  0.0000  0.0000  0.0000  0.0000  0.0000  0.0000  0.0000  0.0000  0.0000  0.0000  0.0000
      3d2+     0.0000  0.0000  0.0000  0.0000  0.0000  0.0000  0.0000  0.0000  0.0000  0.0000  0.0000  0.0000
      3d1+     0.0000  0.0000  0.0000  0.0000  0.0000  0.0000  0.0000  0.0000  0.0000  0.0000  0.0000  0.0000
      3d0      0.0000  0.0000  0.0000  0.0000  0.0000  0.0000  0.0000  0.0000  0.0000  0.0000  0.0000  0.0000
      3d1-     0.0000  0.0000  0.0000  0.0000  0.0000  0.0000  0.0000  0.0000  0.0000  0.0000  0.0000  0.0000
      3d2-     0.0000  0.0000  0.0000  0.0000  0.0000  0.0000  0.0000  0.0000  0.0000  0.0000  0.0000  0.0000
      *s      -0.0010 -0.0010 -0.0001 -0.0000 -0.0000 -0.0001 -0.0014 -0.0014 -0.0001 -0.0000 -0.0000 -0.0001
      *px      0.0001  0.0000  0.0000  0.0000  0.0000  0.0000  0.0001  0.0000  0.0000  0.0000  0.0000  0.0000
      *pz      0.0002  0.0002  0.0002  0.0007  0.0006  0.0001  0.0002  0.0002  0.0002  0.0006  0.0007  0.0002
      *py      0.0000  0.0000  0.0000  0.0000  0.0000  0.0000  0.0000  0.0000  0.0000  0.0000  0.0000  0.0000
      *d2+     0.0000  0.0000  0.0000  0.0000  0.0000  0.0000  0.0000  0.0000  0.0000  0.0000  0.0000  0.0000
      *d1+     0.0000  0.0000  0.0000  0.0000  0.0000  0.0000  0.0000  0.0000  0.0000  0.0000  0.0000  0.0000
      *d0      0.0000  0.0000  0.0000  0.0000  0.0000  0.0000  0.0000  0.0000  0.0000  0.0000  0.0000  0.0000
      *d1-     0.0000  0.0000  0.0000  0.0000  0.0000  0.0000  0.0000  0.0000  0.0000  0.0000  0.0000  0.0000
      *d2-     0.0000  0.0000  0.0000  0.0000  0.0000  0.0000  0.0000  0.0000  0.0000  0.0000  0.0000  0.0000
      *f3+     0.0000  0.0000  0.0000  0.0000  0.0000  0.0000  0.0000  0.0000  0.0000  0.0000  0.0000  0.0000
      *f2+     0.0000  0.0000  0.0000  0.0000  0.0000  0.0000  0.0000  0.0000  0.0000  0.0000  0.0000  0.0000
      *f1+     0.0000  0.0000  0.0000  0.0000  0.0000  0.0000  0.0000  0.0000  0.0000  0.0000  0.0000  0.0000
      *f0      0.0000  0.0000  0.0000  0.0000  0.0000  0.0000  0.0000  0.0000  0.0000  0.0000  0.0000  0.0000
      *f1-     0.0000  0.0000  0.0000  0.0000  0.0000  0.0000  0.0000  0.0000  0.0000  0.0000  0.0000  0.0000
      *f2-     0.0000  0.0000  0.0000  0.0000  0.0000  0.0000  0.0000  0.0000  0.0000  0.0000  0.0000  0.0000
      *f3-     0.0000  0.0000  0.0000  0.0000  0.0000  0.0000  0.0000  0.0000  0.0000  0.0000  0.0000  0.0000
      Total   -0.0006 -0.0005  0.0001  0.0007  0.0006  0.0001 -0.0010 -0.0010  0.0001  0.0006  0.0007  0.0001

                NI37    NI38  
      1s       0.0000  0.0000
      2s       0.0000  0.0001
      2px      0.0000  0.0000
      2pz      0.0000  0.0000
      2py      0.0000  0.0000
      3s       0.0027  0.0042
      3px      0.0001  0.0002
      3pz      0.0015  0.0021
      3py      0.0001  0.0001
      4s      -0.0046 -0.0070
      3d2+     0.0041  0.0010
      3d1+     0.2740  0.3948
      3d0      0.0009  0.0053
      3d1-     0.2071  0.0950
      3d2-     0.0044  0.0034
      *s       0.4951  0.7113
      *px      0.0021  0.0024
      *pz      0.0207  0.0311
      *py      0.0007  0.0009
      *d2+     0.0024 -0.0005
      *d1+     0.2512  0.3645
      *d0      0.0001  0.0045
      *d1-     0.1904  0.0865
      *d2-    -0.0009 -0.0012
      *f3+    -0.0000 -0.0000
      *f2+     0.0000  0.0000
      *f1+    -0.0000  0.0000
      *f0      0.0000  0.0000
      *f1-    -0.0000 -0.0000
      *f2-     0.0000  0.0000
      *f3-     0.0000  0.0000
      Total    1.4523  1.6986

      Total electronic spin=    4.000000
--


      Von Neumann Entropy (Root   5) =  2.83509


      Mulliken population analysis for root number:  5
      -----------------------------------------------


++    Molecular charges:
      ------------------

      Mulliken charges per centre and basis function type
      ---------------------------------------------------

                C1      C2      C3      C4      C5      C6      C7      C8      C9      C10     C11     C12   
      1s       0.8546  0.8547  0.8547  0.8546  0.8546  0.8547  0.8547  0.8547  0.8547  0.8547  0.8547  0.8547
      2s       1.1234  1.1233  1.1232  1.1233  1.1233  1.1232  1.1233  1.1233  1.1232  1.1233  1.1233  1.1232
      2px      0.4567  0.4601  0.4575  0.4568  0.4599  0.4575  0.4496  0.4540  0.4649  0.4496  0.4540  0.4649
      2pz      0.3264  0.3300  0.3295  0.3304  0.3302  0.3317  0.3226  0.3220  0.3374  0.3222  0.3225  0.3364
      2py      0.4565  0.4532  0.4614  0.4563  0.4532  0.4613  0.4636  0.4592  0.4600  0.4635  0.4591  0.4600
      3s       0.0000  0.0000  0.0000  0.0000  0.0000  0.0000  0.0000  0.0000  0.0000  0.0000  0.0000  0.0000
      3px      0.0000  0.0000  0.0000  0.0000  0.0000  0.0000  0.0000  0.0000  0.0000  0.0000  0.0000  0.0000
      3pz      0.0000  0.0000  0.0000  0.0000  0.0000  0.0000  0.0000  0.0000  0.0000  0.0000  0.0000  0.0000
      3py      0.0000  0.0000  0.0000  0.0000  0.0000  0.0000  0.0000  0.0000  0.0000  0.0000  0.0000  0.0000
      4s       0.0000  0.0000  0.0000  0.0000  0.0000  0.0000  0.0000  0.0000  0.0000  0.0000  0.0000  0.0000
      3d2+     0.0000  0.0000  0.0000  0.0000  0.0000  0.0000  0.0000  0.0000  0.0000  0.0000  0.0000  0.0000
      3d1+     0.0000  0.0000  0.0000  0.0000  0.0000  0.0000  0.0000  0.0000  0.0000  0.0000  0.0000  0.0000
      3d0      0.0000  0.0000  0.0000  0.0000  0.0000  0.0000  0.0000  0.0000  0.0000  0.0000  0.0000  0.0000
      3d1-     0.0000  0.0000  0.0000  0.0000  0.0000  0.0000  0.0000  0.0000  0.0000  0.0000  0.0000  0.0000
      3d2-     0.0000  0.0000  0.0000  0.0000  0.0000  0.0000  0.0000  0.0000  0.0000  0.0000  0.0000  0.0000
      *s       1.2770  1.2766  1.3760  1.2762  1.2764  1.3760  1.0125  1.0123  1.1039  1.0127  1.0130  1.1038
      *px      0.4286  0.2659  0.4472  0.4281  0.2662  0.4467  0.3666  0.4342  0.3935  0.3673  0.4354  0.3934
      *pz      0.6549  0.6622  0.6063  0.6622  0.6622  0.6105  0.5865  0.5853  0.6245  0.5861  0.5867  0.6230
      *py      0.1486  0.3123  0.3621  0.1489  0.3121  0.3627  0.4630  0.3951  0.3870  0.4641  0.3960  0.3870
      *d2+     0.0502  0.0543  0.0602  0.0506  0.0543  0.0602  0.0421  0.0388  0.0452  0.0423  0.0390  0.0452
      *d1+     0.0255  0.0283  0.0289  0.0253  0.0287  0.0291  0.0227  0.0278  0.0271  0.0230  0.0284  0.0274
      *d0      0.0052  0.0052  0.0028  0.0050  0.0050  0.0028  0.0088  0.0089  0.0059  0.0089  0.0089  0.0059
      *d1-     0.0271  0.0238  0.0287  0.0271  0.0240  0.0281  0.0315  0.0267  0.0243  0.0320  0.0263  0.0243
      *d2-     0.0530  0.0492  0.0633  0.0532  0.0493  0.0633  0.0372  0.0405  0.0507  0.0372  0.0405  0.0507
      *f3+     0.0021  0.0021  0.0021  0.0021  0.0021  0.0021  0.0021  0.0022  0.0022  0.0022  0.0022  0.0022
      *f2+     0.0009  0.0010  0.0011  0.0009  0.0010  0.0011  0.0011  0.0008  0.0008  0.0011  0.0009  0.0008
      *f1+     0.0011  0.0010  0.0011  0.0011  0.0010  0.0011  0.0010  0.0012  0.0011  0.0010  0.0012  0.0011
      *f0      0.0018  0.0018  0.0020  0.0018  0.0018  0.0020  0.0017  0.0017  0.0020  0.0017  0.0017  0.0020
      *f1-     0.0010  0.0011  0.0011  0.0010  0.0011  0.0011  0.0013  0.0010  0.0011  0.0013  0.0010  0.0011
      *f2-     0.0010  0.0009  0.0011  0.0010  0.0009  0.0011  0.0009  0.0011  0.0010  0.0009  0.0011  0.0010
      *f3-     0.0030  0.0030  0.0032  0.0030  0.0030  0.0032  0.0029  0.0029  0.0031  0.0029  0.0029  0.0031
      Total    5.8986  5.9098  6.2135  5.9087  5.9104  6.2196  5.7956  5.7937  5.9137  5.7979  5.7988  5.9114

      N-E      0.1014  0.0902 -0.2135  0.0913  0.0896 -0.2196  0.2044  0.2063  0.0863  0.2021  0.2012  0.0886

                C13     C14     C15     C16     C17     C18     C19     C20     C21     C22     C23     C24   
      1s       0.8548  0.8547  0.8548  0.8548  0.8548  0.8548  0.8547  0.8547  0.8548  0.8548  0.8548  0.8548
      2s       1.1233  1.1233  1.1232  1.1232  1.1232  1.1232  1.1233  1.1233  1.1232  1.1232  1.1232  1.1232
      2px      0.4479  0.4501  0.4719  0.4715  0.4576  0.4520  0.4481  0.4502  0.4719  0.4715  0.4576  0.4520
      2pz      0.3328  0.3336  0.3335  0.3104  0.3094  0.3330  0.3370  0.3363  0.3316  0.3105  0.3102  0.3334
      2py      0.4582  0.4562  0.4482  0.4482  0.4622  0.4682  0.4587  0.4563  0.4483  0.4482  0.4622  0.4681
      3s       0.0000  0.0000  0.0000  0.0000  0.0000  0.0000  0.0000  0.0000  0.0000  0.0000  0.0000  0.0000
      3px      0.0000  0.0000  0.0000  0.0000  0.0000  0.0000  0.0000  0.0000  0.0000  0.0000  0.0000  0.0000
      3pz      0.0000  0.0000  0.0000  0.0000  0.0000  0.0000  0.0000  0.0000  0.0000  0.0000  0.0000  0.0000
      3py      0.0000  0.0000  0.0000  0.0000  0.0000  0.0000  0.0000  0.0000  0.0000  0.0000  0.0000  0.0000
      4s       0.0000  0.0000  0.0000  0.0000  0.0000  0.0000  0.0000  0.0000  0.0000  0.0000  0.0000  0.0000
      3d2+     0.0000  0.0000  0.0000  0.0000  0.0000  0.0000  0.0000  0.0000  0.0000  0.0000  0.0000  0.0000
      3d1+     0.0000  0.0000  0.0000  0.0000  0.0000  0.0000  0.0000  0.0000  0.0000  0.0000  0.0000  0.0000
      3d0      0.0000  0.0000  0.0000  0.0000  0.0000  0.0000  0.0000  0.0000  0.0000  0.0000  0.0000  0.0000
      3d1-     0.0000  0.0000  0.0000  0.0000  0.0000  0.0000  0.0000  0.0000  0.0000  0.0000  0.0000  0.0000
      3d2-     0.0000  0.0000  0.0000  0.0000  0.0000  0.0000  0.0000  0.0000  0.0000  0.0000  0.0000  0.0000
      *s       1.2228  1.2212  1.2454  1.2165  1.2161  1.2456  1.2242  1.2240  1.2459  1.2161  1.2166  1.2452
      *px      0.5356  0.5075  0.5065  0.5131  0.4934  0.5328  0.5355  0.5082  0.5064  0.5132  0.4935  0.5328
      *pz      0.6796  0.6821  0.6895  0.6502  0.6481  0.6881  0.6915  0.6898  0.6851  0.6504  0.6500  0.6892
      *py      0.4925  0.5202  0.5200  0.5127  0.5324  0.4936  0.4930  0.5204  0.5201  0.5126  0.5324  0.4935
      *d2+     0.0280  0.0284  0.0277  0.0280  0.0315  0.0310  0.0281  0.0285  0.0277  0.0280  0.0315  0.0311
      *d1+     0.0119  0.0219  0.0239  0.0280  0.0244  0.0071  0.0117  0.0222  0.0240  0.0278  0.0244  0.0071
      *d0      0.0093  0.0092  0.0052  0.0048  0.0048  0.0052  0.0091  0.0091  0.0052  0.0048  0.0048  0.0052
      *d1-     0.0285  0.0184  0.0114  0.0113  0.0149  0.0282  0.0289  0.0186  0.0113  0.0112  0.0148  0.0282
      *d2-     0.0268  0.0261  0.0330  0.0321  0.0287  0.0297  0.0268  0.0265  0.0330  0.0321  0.0287  0.0297
      *f3+     0.0019  0.0019  0.0019  0.0019  0.0019  0.0019  0.0019  0.0019  0.0019  0.0019  0.0019  0.0019
      *f2+     0.0005  0.0010  0.0009  0.0010  0.0010  0.0003  0.0005  0.0010  0.0009  0.0009  0.0009  0.0003
      *f1+     0.0008  0.0009  0.0009  0.0009  0.0009  0.0009  0.0008  0.0010  0.0009  0.0009  0.0009  0.0009
      *f0      0.0014  0.0014  0.0016  0.0016  0.0016  0.0016  0.0014  0.0014  0.0016  0.0016  0.0016  0.0016
      *f1-     0.0009  0.0008  0.0009  0.0009  0.0009  0.0010  0.0009  0.0008  0.0009  0.0009  0.0009  0.0010
      *f2-     0.0011  0.0006  0.0005  0.0005  0.0005  0.0011  0.0011  0.0006  0.0006  0.0005  0.0005  0.0011
      *f3-     0.0017  0.0017  0.0019  0.0020  0.0020  0.0019  0.0017  0.0017  0.0019  0.0020  0.0020  0.0019
      Total    6.2601  6.2612  6.3029  6.2137  6.2101  6.3011  6.2791  6.2764  6.2971  6.2132  6.2132  6.3021

      N-E     -0.2601 -0.2612 -0.3029 -0.2137 -0.2101 -0.3011 -0.2791 -0.2764 -0.2971 -0.2132 -0.2132 -0.3021

                H25     H26     H27     H28     H29     H30     H31     H32     H33     H34     H35     H36   
      1s       0.2626  0.2626  0.2635  0.2638  0.2638  0.2635  0.2627  0.2627  0.2635  0.2638  0.2638  0.2635
      2s       0.0000  0.0000  0.0000  0.0000  0.0000  0.0000  0.0000  0.0000  0.0000  0.0000  0.0000  0.0000
      2px      0.0000  0.0000  0.0000  0.0000  0.0000  0.0000  0.0000  0.0000  0.0000  0.0000  0.0000  0.0000
      2pz      0.0000  0.0000  0.0000  0.0000  0.0000  0.0000  0.0000  0.0000  0.0000  0.0000  0.0000  0.0000
      2py      0.0000  0.0000  0.0000  0.0000  0.0000  0.0000  0.0000  0.0000  0.0000  0.0000  0.0000  0.0000
      3s       0.0000  0.0000  0.0000  0.0000  0.0000  0.0000  0.0000  0.0000  0.0000  0.0000  0.0000  0.0000
      3px      0.0000  0.0000  0.0000  0.0000  0.0000  0.0000  0.0000  0.0000  0.0000  0.0000  0.0000  0.0000
      3pz      0.0000  0.0000  0.0000  0.0000  0.0000  0.0000  0.0000  0.0000  0.0000  0.0000  0.0000  0.0000
      3py      0.0000  0.0000  0.0000  0.0000  0.0000  0.0000  0.0000  0.0000  0.0000  0.0000  0.0000  0.0000
      4s       0.0000  0.0000  0.0000  0.0000  0.0000  0.0000  0.0000  0.0000  0.0000  0.0000  0.0000  0.0000
      3d2+     0.0000  0.0000  0.0000  0.0000  0.0000  0.0000  0.0000  0.0000  0.0000  0.0000  0.0000  0.0000
      3d1+     0.0000  0.0000  0.0000  0.0000  0.0000  0.0000  0.0000  0.0000  0.0000  0.0000  0.0000  0.0000
      3d0      0.0000  0.0000  0.0000  0.0000  0.0000  0.0000  0.0000  0.0000  0.0000  0.0000  0.0000  0.0000
      3d1-     0.0000  0.0000  0.0000  0.0000  0.0000  0.0000  0.0000  0.0000  0.0000  0.0000  0.0000  0.0000
      3d2-     0.0000  0.0000  0.0000  0.0000  0.0000  0.0000  0.0000  0.0000  0.0000  0.0000  0.0000  0.0000
      *s       0.5680  0.5679  0.5810  0.5781  0.5781  0.5811  0.5686  0.5686  0.5811  0.5781  0.5781  0.5810
      *px      0.0167  0.0066  0.0061  0.0061  0.0064  0.0163  0.0167  0.0066  0.0061  0.0061  0.0064  0.0163
      *pz      0.0050  0.0050  0.0046  0.0041  0.0041  0.0046  0.0051  0.0051  0.0045  0.0041  0.0041  0.0046
      *py      0.0030  0.0131  0.0131  0.0130  0.0127  0.0029  0.0030  0.0131  0.0131  0.0130  0.0127  0.0029
      *d2+     0.0000  0.0000  0.0000  0.0000  0.0000  0.0000  0.0000  0.0000  0.0000  0.0000  0.0000  0.0000
      *d1+     0.0000  0.0000  0.0000  0.0000  0.0000  0.0000  0.0000  0.0000  0.0000  0.0000  0.0000  0.0000
      *d0      0.0000  0.0000  0.0000  0.0000  0.0000  0.0000  0.0000  0.0000  0.0000  0.0000  0.0000  0.0000
      *d1-     0.0000  0.0000  0.0000  0.0000  0.0000  0.0000  0.0000  0.0000  0.0000  0.0000  0.0000  0.0000
      *d2-     0.0000  0.0000  0.0000  0.0000  0.0000  0.0000  0.0000  0.0000  0.0000  0.0000  0.0000  0.0000
      *f3+     0.0000  0.0000  0.0000  0.0000  0.0000  0.0000  0.0000  0.0000  0.0000  0.0000  0.0000  0.0000
      *f2+     0.0000  0.0000  0.0000  0.0000  0.0000  0.0000  0.0000  0.0000  0.0000  0.0000  0.0000  0.0000
      *f1+     0.0000  0.0000  0.0000  0.0000  0.0000  0.0000  0.0000  0.0000  0.0000  0.0000  0.0000  0.0000
      *f0      0.0000  0.0000  0.0000  0.0000  0.0000  0.0000  0.0000  0.0000  0.0000  0.0000  0.0000  0.0000
      *f1-     0.0000  0.0000  0.0000  0.0000  0.0000  0.0000  0.0000  0.0000  0.0000  0.0000  0.0000  0.0000
      *f2-     0.0000  0.0000  0.0000  0.0000  0.0000  0.0000  0.0000  0.0000  0.0000  0.0000  0.0000  0.0000
      *f3-     0.0000  0.0000  0.0000  0.0000  0.0000  0.0000  0.0000  0.0000  0.0000  0.0000  0.0000  0.0000
      Total    0.8552  0.8552  0.8683  0.8651  0.8652  0.8683  0.8561  0.8560  0.8683  0.8652  0.8651  0.8683

      N-E      0.1448  0.1448  0.1317  0.1349  0.1348  0.1317  0.1439  0.1440  0.1317  0.1348  0.1349  0.1317

                NI37    NI38  
      1s       1.9997  1.9997
      2s       2.0006  2.0006
      2px      1.9958  1.9958
      2pz      1.9958  1.9958
      2py      1.9957  1.9958
      3s       1.1552  1.1547
      3px      1.5692  1.5695
      3pz      1.5728  1.5723
      3py      1.5679  1.5678
      4s       0.8201  0.8210
      3d2+     0.9391  0.9449
      3d1+     0.7326  0.6193
      3d0      0.9877  0.9801
      3d1-     0.8009  0.9076
      3d2-     0.9570  0.9599
      *s       0.7165  0.6073
      *px      0.4868  0.4879
      *pz      0.5145  0.5083
      *py      0.4788  0.4790
      *d2+     0.9882  0.9893
      *d1+     0.7288  0.6208
      *d0      0.9924  0.9906
      *d1-     0.7957  0.8972
      *d2-     0.9929  0.9916
      *f3+     0.0000  0.0000
      *f2+     0.0000  0.0000
      *f1+     0.0000  0.0000
      *f0      0.0000  0.0001
      *f1-     0.0000  0.0000
      *f2-     0.0000  0.0000
      *f3-     0.0000  0.0000
      Total   27.7848 27.6569

      N-E      0.2152  0.3431

      Total electronic charge=  212.000000

      Total            charge=   -0.000000
--



      Expectation values of various properties for root number:  5
      -----------------------------------------------------------


++    Molecular properties:
      ---------------------

      Charge (e):
                      =   -0.0000
      Dipole Moment (Debye):
      Origin of the operator (Ang)=    0.0000    0.0000    0.0000
                   X= -6.3370E-01               Y= -4.3874E-01               Z=  2.6591E+00           Total=  2.7685E+00
      Quadrupole Moment (Debye*Ang):
      Origin of the operator (Ang)=    0.0000   -0.0000    0.5165
                  XX= -1.4480E+02              XY=  2.8312E+00              XZ= -2.4012E+00              YY= -1.4796E+02
                  YZ= -1.3962E+00              ZZ= -1.8007E+02
      In traceless form (Debye*Ang)
                  XX=  1.9210E+01              XY=  4.2468E+00              XZ= -3.6018E+00              YY=  1.4473E+01
                  YZ= -2.0943E+00              ZZ= -3.3683E+01
--


      Mulliken spin population analysis for root number:  5
      ---------------------------------------------------


++    Molecular charges:
      ------------------

      Mulliken spin population per centre and basis function type
      ---------------------------------------------------

                C1      C2      C3      C4      C5      C6      C7      C8      C9      C10     C11     C12   
      1s       0.0000  0.0000  0.0000  0.0000  0.0000  0.0000  0.0000  0.0000  0.0000  0.0000  0.0000  0.0000
      2s      -0.0001 -0.0001 -0.0000 -0.0001 -0.0001 -0.0000 -0.0000 -0.0000 -0.0000 -0.0000 -0.0000 -0.0000
      2px      0.0001  0.0003  0.0001  0.0000  0.0004  0.0002  0.0004  0.0004  0.0000  0.0003  0.0004  0.0001
      2pz      0.0148  0.0132  0.0069  0.0156  0.0148  0.0080  0.0082  0.0080  0.0247  0.0078  0.0082  0.0256
      2py      0.0004  0.0001  0.0002  0.0005  0.0001  0.0002  0.0001  0.0001  0.0001  0.0002  0.0001  0.0001
      3s       0.0000  0.0000  0.0000  0.0000  0.0000  0.0000  0.0000  0.0000  0.0000  0.0000  0.0000  0.0000
      3px      0.0000  0.0000  0.0000  0.0000  0.0000  0.0000  0.0000  0.0000  0.0000  0.0000  0.0000  0.0000
      3pz      0.0000  0.0000  0.0000  0.0000  0.0000  0.0000  0.0000  0.0000  0.0000  0.0000  0.0000  0.0000
      3py      0.0000  0.0000  0.0000  0.0000  0.0000  0.0000  0.0000  0.0000  0.0000  0.0000  0.0000  0.0000
      4s       0.0000  0.0000  0.0000  0.0000  0.0000  0.0000  0.0000  0.0000  0.0000  0.0000  0.0000  0.0000
      3d2+     0.0000  0.0000  0.0000  0.0000  0.0000  0.0000  0.0000  0.0000  0.0000  0.0000  0.0000  0.0000
      3d1+     0.0000  0.0000  0.0000  0.0000  0.0000  0.0000  0.0000  0.0000  0.0000  0.0000  0.0000  0.0000
      3d0      0.0000  0.0000  0.0000  0.0000  0.0000  0.0000  0.0000  0.0000  0.0000  0.0000  0.0000  0.0000
      3d1-     0.0000  0.0000  0.0000  0.0000  0.0000  0.0000  0.0000  0.0000  0.0000  0.0000  0.0000  0.0000
      3d2-     0.0000  0.0000  0.0000  0.0000  0.0000  0.0000  0.0000  0.0000  0.0000  0.0000  0.0000  0.0000
      *s      -0.0089 -0.0089 -0.0099 -0.0079 -0.0085 -0.0101  0.0047  0.0050  0.0000  0.0055  0.0056  0.0000
      *px     -0.0033 -0.0005  0.0039 -0.0041 -0.0001  0.0031  0.0027 -0.0001 -0.0021  0.0034  0.0001 -0.0020
      *pz      0.0212  0.0173  0.0101  0.0223  0.0207  0.0121  0.0047  0.0042  0.0403  0.0064  0.0071  0.0417
      *py     -0.0005 -0.0031  0.0015  0.0004 -0.0037  0.0019 -0.0025  0.0001  0.0003 -0.0026  0.0007  0.0003
      *d2+     0.0000  0.0001  0.0000 -0.0001  0.0003  0.0000  0.0001 -0.0001 -0.0000  0.0001 -0.0001 -0.0000
      *d1+     0.0010  0.0014  0.0031  0.0009  0.0019  0.0035  0.0019  0.0049  0.0007  0.0021  0.0059  0.0010
      *d0      0.0008  0.0008  0.0001  0.0006  0.0006  0.0001  0.0005  0.0004  0.0000  0.0005  0.0005  0.0000
      *d1-     0.0015  0.0008  0.0030  0.0015  0.0008  0.0026  0.0051  0.0017  0.0011  0.0052  0.0015  0.0010
      *d2-     0.0003  0.0000  0.0000  0.0003  0.0000  0.0000 -0.0001  0.0001 -0.0000 -0.0001  0.0001 -0.0000
      *f3+     0.0000  0.0000  0.0000  0.0000  0.0000  0.0000  0.0000  0.0000  0.0000  0.0000  0.0000  0.0000
      *f2+     0.0000  0.0001  0.0001  0.0000  0.0001  0.0001  0.0000  0.0001  0.0000  0.0000  0.0001  0.0000
      *f1+     0.0000  0.0000  0.0000  0.0000  0.0000  0.0000  0.0000  0.0000  0.0000  0.0000  0.0000  0.0000
      *f0      0.0000  0.0000  0.0000  0.0000  0.0000 -0.0000  0.0000  0.0000 -0.0000  0.0000  0.0000 -0.0000
      *f1-     0.0000  0.0000  0.0000  0.0000  0.0000  0.0000  0.0000  0.0000 -0.0000  0.0000  0.0000 -0.0000
      *f2-     0.0000  0.0000  0.0001  0.0000  0.0000  0.0001  0.0001  0.0001  0.0000  0.0001  0.0001  0.0000
      *f3-     0.0000  0.0000  0.0000  0.0000  0.0000  0.0000  0.0000  0.0000  0.0000  0.0000  0.0000  0.0000
      Total    0.0274  0.0217  0.0193  0.0302  0.0275  0.0219  0.0260  0.0250  0.0653  0.0289  0.0302  0.0678

                C13     C14     C15     C16     C17     C18     C19     C20     C21     C22     C23     C24   
      1s       0.0000  0.0001  0.0000  0.0000  0.0000  0.0000  0.0000  0.0000  0.0000  0.0000  0.0000  0.0000
      2s      -0.0001 -0.0001 -0.0000 -0.0000 -0.0000 -0.0000 -0.0001 -0.0001 -0.0000 -0.0000 -0.0000 -0.0000
      2px      0.0011  0.0008  0.0001  0.0000  0.0000  0.0000  0.0011  0.0010  0.0001  0.0000  0.0000  0.0000
      2pz      0.0237  0.0224  0.0200  0.0015  0.0012  0.0196  0.0260  0.0260  0.0199  0.0014  0.0019  0.0212
      2py      0.0007  0.0010  0.0000  0.0000  0.0000  0.0001  0.0005  0.0007  0.0000  0.0000  0.0000  0.0002
      3s       0.0000  0.0000  0.0000  0.0000  0.0000  0.0000  0.0000  0.0000  0.0000  0.0000  0.0000  0.0000
      3px      0.0000  0.0000  0.0000  0.0000  0.0000  0.0000  0.0000  0.0000  0.0000  0.0000  0.0000  0.0000
      3pz      0.0000  0.0000  0.0000  0.0000  0.0000  0.0000  0.0000  0.0000  0.0000  0.0000  0.0000  0.0000
      3py      0.0000  0.0000  0.0000  0.0000  0.0000  0.0000  0.0000  0.0000  0.0000  0.0000  0.0000  0.0000
      4s       0.0000  0.0000  0.0000  0.0000  0.0000  0.0000  0.0000  0.0000  0.0000  0.0000  0.0000  0.0000
      3d2+     0.0000  0.0000  0.0000  0.0000  0.0000  0.0000  0.0000  0.0000  0.0000  0.0000  0.0000  0.0000
      3d1+     0.0000  0.0000  0.0000  0.0000  0.0000  0.0000  0.0000  0.0000  0.0000  0.0000  0.0000  0.0000
      3d0      0.0000  0.0000  0.0000  0.0000  0.0000  0.0000  0.0000  0.0000  0.0000  0.0000  0.0000  0.0000
      3d1-     0.0000  0.0000  0.0000  0.0000  0.0000  0.0000  0.0000  0.0000  0.0000  0.0000  0.0000  0.0000
      3d2-     0.0000  0.0000  0.0000  0.0000  0.0000  0.0000  0.0000  0.0000  0.0000  0.0000  0.0000  0.0000
      *s      -0.0118 -0.0101 -0.0041  0.0020  0.0016 -0.0032 -0.0089 -0.0095 -0.0033  0.0017  0.0019 -0.0040
      *px      0.0015  0.0018  0.0000 -0.0000 -0.0001 -0.0006  0.0022  0.0023  0.0000  0.0000  0.0000 -0.0006
      *pz      0.0480  0.0456  0.0401  0.0046  0.0035  0.0387  0.0548  0.0544  0.0394  0.0040  0.0055  0.0426
      *py      0.0008  0.0009 -0.0012  0.0004  0.0004 -0.0002  0.0007  0.0006 -0.0009  0.0003  0.0004 -0.0003
      *d2+     0.0003  0.0000  0.0000  0.0001  0.0000 -0.0000  0.0004 -0.0000 -0.0000  0.0001  0.0000 -0.0000
      *d1+    -0.0001  0.0015  0.0008  0.0049  0.0042  0.0004  0.0000  0.0017  0.0008  0.0051  0.0044  0.0004
      *d0      0.0012  0.0012  0.0001  0.0000  0.0000  0.0001  0.0010  0.0010  0.0001  0.0000  0.0000  0.0001
      *d1-     0.0021  0.0008  0.0007  0.0012  0.0019  0.0011  0.0025  0.0008  0.0007  0.0012  0.0020  0.0011
      *d2-    -0.0000  0.0006 -0.0000  0.0000  0.0000 -0.0000 -0.0000  0.0003 -0.0000  0.0000  0.0000 -0.0000
      *f3+     0.0000  0.0000  0.0000  0.0000  0.0000  0.0000  0.0000  0.0000  0.0000  0.0000  0.0000  0.0000
      *f2+     0.0000  0.0000  0.0000  0.0001  0.0001  0.0000  0.0000  0.0000  0.0000  0.0001  0.0001  0.0000
      *f1+     0.0000  0.0000  0.0000  0.0000  0.0000  0.0000  0.0001  0.0000  0.0000  0.0000  0.0000  0.0000
      *f0      0.0000  0.0000 -0.0000 -0.0000 -0.0000 -0.0000  0.0000  0.0000 -0.0000 -0.0000 -0.0000 -0.0000
      *f1-     0.0000  0.0001  0.0000  0.0000  0.0000  0.0000  0.0000  0.0001  0.0000  0.0000  0.0000  0.0000
      *f2-     0.0001  0.0001  0.0000  0.0000  0.0000  0.0000  0.0001  0.0001  0.0000  0.0001  0.0000  0.0000
      *f3-     0.0000  0.0000  0.0000  0.0000  0.0000  0.0000  0.0000  0.0000  0.0000  0.0000  0.0000  0.0000
      Total    0.0676  0.0667  0.0566  0.0148  0.0130  0.0559  0.0805  0.0796  0.0569  0.0139  0.0164  0.0607

                H25     H26     H27     H28     H29     H30     H31     H32     H33     H34     H35     H36   
      1s       0.0001  0.0002  0.0000  0.0000  0.0000  0.0000  0.0001  0.0001  0.0000  0.0000  0.0000  0.0000
      2s       0.0000  0.0000  0.0000  0.0000  0.0000  0.0000  0.0000  0.0000  0.0000  0.0000  0.0000  0.0000
      2px      0.0000  0.0000  0.0000  0.0000  0.0000  0.0000  0.0000  0.0000  0.0000  0.0000  0.0000  0.0000
      2pz      0.0000  0.0000  0.0000  0.0000  0.0000  0.0000  0.0000  0.0000  0.0000  0.0000  0.0000  0.0000
      2py      0.0000  0.0000  0.0000  0.0000  0.0000  0.0000  0.0000  0.0000  0.0000  0.0000  0.0000  0.0000
      3s       0.0000  0.0000  0.0000  0.0000  0.0000  0.0000  0.0000  0.0000  0.0000  0.0000  0.0000  0.0000
      3px      0.0000  0.0000  0.0000  0.0000  0.0000  0.0000  0.0000  0.0000  0.0000  0.0000  0.0000  0.0000
      3pz      0.0000  0.0000  0.0000  0.0000  0.0000  0.0000  0.0000  0.0000  0.0000  0.0000  0.0000  0.0000
      3py      0.0000  0.0000  0.0000  0.0000  0.0000  0.0000  0.0000  0.0000  0.0000  0.0000  0.0000  0.0000
      4s       0.0000  0.0000  0.0000  0.0000  0.0000  0.0000  0.0000  0.0000  0.0000  0.0000  0.0000  0.0000
      3d2+     0.0000  0.0000  0.0000  0.0000  0.0000  0.0000  0.0000  0.0000  0.0000  0.0000  0.0000  0.0000
      3d1+     0.0000  0.0000  0.0000  0.0000  0.0000  0.0000  0.0000  0.0000  0.0000  0.0000  0.0000  0.0000
      3d0      0.0000  0.0000  0.0000  0.0000  0.0000  0.0000  0.0000  0.0000  0.0000  0.0000  0.0000  0.0000
      3d1-     0.0000  0.0000  0.0000  0.0000  0.0000  0.0000  0.0000  0.0000  0.0000  0.0000  0.0000  0.0000
      3d2-     0.0000  0.0000  0.0000  0.0000  0.0000  0.0000  0.0000  0.0000  0.0000  0.0000  0.0000  0.0000
      *s      -0.0008 -0.0008  0.0001  0.0001  0.0001  0.0001 -0.0006 -0.0006  0.0001  0.0001  0.0000  0.0001
      *px      0.0001  0.0000  0.0000  0.0000  0.0000  0.0000  0.0001  0.0000  0.0000  0.0000 -0.0000  0.0000
      *pz      0.0007  0.0006  0.0005  0.0000  0.0000  0.0005  0.0007  0.0007  0.0005  0.0000  0.0000  0.0005
      *py      0.0000  0.0000  0.0000  0.0000  0.0000  0.0000  0.0000  0.0000  0.0000  0.0000  0.0000  0.0000
      *d2+     0.0000  0.0000  0.0000  0.0000  0.0000  0.0000  0.0000  0.0000  0.0000  0.0000  0.0000  0.0000
      *d1+     0.0000  0.0000  0.0000  0.0000  0.0000  0.0000  0.0000  0.0000  0.0000  0.0000  0.0000  0.0000
      *d0      0.0000  0.0000  0.0000  0.0000  0.0000  0.0000  0.0000  0.0000  0.0000  0.0000  0.0000  0.0000
      *d1-     0.0000  0.0000  0.0000  0.0000  0.0000  0.0000  0.0000  0.0000  0.0000  0.0000  0.0000  0.0000
      *d2-     0.0000  0.0000  0.0000  0.0000  0.0000  0.0000  0.0000  0.0000  0.0000  0.0000  0.0000  0.0000
      *f3+     0.0000  0.0000  0.0000  0.0000  0.0000  0.0000  0.0000  0.0000  0.0000  0.0000  0.0000  0.0000
      *f2+     0.0000  0.0000  0.0000  0.0000  0.0000  0.0000  0.0000  0.0000  0.0000  0.0000  0.0000  0.0000
      *f1+     0.0000  0.0000  0.0000  0.0000  0.0000  0.0000  0.0000  0.0000  0.0000  0.0000  0.0000  0.0000
      *f0      0.0000  0.0000  0.0000  0.0000  0.0000  0.0000  0.0000  0.0000  0.0000  0.0000  0.0000  0.0000
      *f1-     0.0000  0.0000  0.0000  0.0000  0.0000  0.0000  0.0000  0.0000  0.0000  0.0000  0.0000  0.0000
      *f2-     0.0000  0.0000  0.0000  0.0000  0.0000  0.0000  0.0000  0.0000  0.0000  0.0000  0.0000  0.0000
      *f3-     0.0000  0.0000  0.0000  0.0000  0.0000  0.0000  0.0000  0.0000  0.0000  0.0000  0.0000  0.0000
      Total    0.0001  0.0001  0.0006  0.0001  0.0001  0.0006  0.0003  0.0003  0.0006  0.0001  0.0001  0.0006

                NI37    NI38  
      1s       0.0000  0.0000
      2s       0.0001  0.0001
      2px      0.0000  0.0000
      2pz      0.0000  0.0000
      2py      0.0000  0.0000
      3s       0.0042  0.0034
      3px      0.0002  0.0002
      3pz      0.0017  0.0013
      3py      0.0004  0.0004
      4s      -0.0067 -0.0055
      3d2+     0.0064  0.0062
      3d1+     0.2770  0.3920
      3d0      0.0009  0.0048
      3d1-     0.2071  0.0990
      3d2-     0.0018  0.0021
      *s       0.5926  0.4796
      *px      0.0010  0.0011
      *pz      0.0289  0.0232
      *py     -0.0011 -0.0010
      *d2+     0.0007 -0.0013
      *d1+     0.2540  0.3621
      *d0      0.0019  0.0056
      *d1-     0.1898  0.0894
      *d2-    -0.0004 -0.0006
      *f3+     0.0000  0.0000
      *f2+     0.0000  0.0000
      *f1+    -0.0000  0.0000
      *f0      0.0000  0.0000
      *f1-     0.0000  0.0000
      *f2-     0.0000  0.0000
      *f3-     0.0000  0.0000
      Total    1.5605  1.4621

      Total electronic spin=    4.000000
--



      Input file to MOLDEN was generated!


      Input file to MOLDEN was generated!


      Input file to MOLDEN was generated!


      Input file to MOLDEN was generated!


      Input file to MOLDEN was generated!


      Input file to MOLDEN was generated!

      Canonical orbitals are written to the RASORB file
      Natural orbitals for root   1 are written to the RASORB.1 file
      Natural orbitals for root   2 are written to the RASORB.2 file
      Natural orbitals for root   3 are written to the RASORB.3 file
      Natural orbitals for root   4 are written to the RASORB.4 file
      Natural orbitals for root   5 are written to the RASORB.5 file
      Spin density orbitals for root   1 are written to the SPDORB.1 file
      Spin density orbitals for root   2 are written to the SPDORB.2 file
      Spin density orbitals for root   3 are written to the SPDORB.3 file
      Spin density orbitals for root   4 are written to the SPDORB.4 file
      Spin density orbitals for root   5 are written to the SPDORB.5 file

Note: The following floating-point exceptions are signalling: IEEE_UNDERFLOW_FLAG IEEE_DENORMAL
--- Stop Module: rasscf at Wed Jul  1 18:27:07 2026 /rc=_RC_ALL_IS_WELL_ ---
*** files: caspt2xms_Q.rasscf.molden caspt2xms_Q.rasscf.molden.1 caspt2xms_Q.rasscf.molden.2 caspt2xms_Q.rasscf.molden.3 caspt2xms_Q.rasscf.molden.4 caspt2xms_Q.rasscf.molden.5
           caspt2xms_Q.RasOrb caspt2xms_Q.RasOrb.1 caspt2xms_Q.RasOrb.2 caspt2xms_Q.RasOrb.3 caspt2xms_Q.RasOrb.4 caspt2xms_Q.RasOrb.5 caspt2xms_Q.rasscf.h5 caspt2xms_Q.SpdOrb.1
           caspt2xms_Q.SpdOrb.2 caspt2xms_Q.SpdOrb.3 caspt2xms_Q.SpdOrb.4 caspt2xms_Q.SpdOrb.5 xmldump
    saved to directory <scratch-path-omitted>
--- Module rasscf spent 34 minutes 45 seconds ---

*** symbolic link created: INPORB -> caspt2xms_Q.RasOrb
--- Start Module: caspt2 at Wed Jul  1 18:27:07 2026 ---

()()()()()()()()()()()()()()()()()()()()()()()()()()()()()()()()()()()()()()()()()()()()()()()()()()

                                              &CASPT2

                       only a single process is used, running in SERIAL mode
                       available to each process: 12 GB of memory, 1 thread?
                                            pid: 2859625
()()()()()()()()()()()()()()()()()()()()()()()()()()()()()()()()()()()()()()()()()()()()()()()()()()


++    Wave function specifications:
      -----------------------------

      Number of closed shell electrons         128
      Number of electrons in active shells      12
      Max number of holes in RAS1 space          0
      Max number of electrons in RAS3 space      0
      Number of inactive orbitals               64
      Number of active orbitals                 12
      Number of secondary orbitals             794
      Spin quantum number                      2.0
      State symmetry                             1
      Number of CSFs                        196625
      Number of CASSCF root(s) available         5
      CASPT2 state passed to geometry opt.       5
      A file JOBMIX will be created
      This is a MULTI-STATE CASSCF reference
      Number of CI roots used                    5
      These are:                                 1   2   3   4   5
      Off-diagonal elements of Heff are computed
--

++    Orbital specifications:
      -----------------------

      Symmetry species                           1
                                                 a
      Frozen orbitals                           36
      Inactive orbitals                         64
      Active orbitals                           12
      Secondary orbitals                       794
      Deleted orbitals                           0
      Number of basis functions                906
--

++    CASPT2 specifications:
      ----------------------

      Type of calculation                        XMS-CASPT2
      Fock operator                              state-average
      IPEA shift                                 0.25
      Real shift                                 0.00
      Imaginary shift                            0.20
      The input orbitals will be transformed to quasi-canonical
      The input states will be rotated to diagonalize the Fock operator
--

--------------------------------------------------------------------------------
 Estimated memory requirements:
  POLY3 :                 47249703
  RHS:                  1316236000
  SIGMA :               1313208400
  PRPCTL:                        0
 Available workspace:   1348288997

++ CASPT2 computation for group   1

********************************************************************************
 Multi-State initialization phase begins for group   1
--------------------------------------------------------------------------------

  H0 in the original model space basis:
                1               2               3               4               5
   1     -119.97990230      0.00021102      0.00070556     -0.01009897      0.00010822
   2        0.00021102   -119.96624988      0.02299476     -0.00006704      0.00133071
   3        0.00070556      0.02299476   -119.76411826     -0.00141032      0.00379560
   4       -0.01009897     -0.00006704     -0.00141032   -119.95049546     -0.00013292
   5        0.00010822      0.00133071      0.00379560     -0.00013292   -119.93044872

  H0 eigenvectors:
                1               2               3               4               5
   1        0.95502154      0.01083939      0.00368195     -0.29629758      0.00324950
   2       -0.01070789      0.99346403      0.11168880      0.00344505      0.02069571
   3       -0.00002780     -0.11117745      0.99343607      0.00790603     -0.02572632
   4        0.29634155      0.00088016     -0.00766308      0.95502845     -0.00654533
   5       -0.00094334     -0.02346351      0.02319712      0.00735009      0.99942806

********************************************************************************
 Compute H0 matrices for state    1
--------------------------------------------------------------------------------
--------------------------------------------------------------------------------
 H0 matrices have been computed.

********************************************************************************
  CASPT2 EQUATION SOLUTION
--------------------------------------------------------------------------------

  Total nr of CASPT2 parameters:
   Before reduction:  1876168956
   After  reduction:  1876168956

 Variance of |WF0>:      23.4196549818

 The contributions to the second order correlation energy in atomic units.
-----------------------------------------------------------------------------------------------------------------------------
  IT.      VJTU        VJTI        ATVX        AIVX        VJAI        BVAT        BJAT        BJAI        TOTAL       RNORM  
-----------------------------------------------------------------------------------------------------------------------------
   1    -0.041954   -0.025888   -0.017690   -0.152006   -0.370281   -0.087966   -0.786238   -3.503797   -4.985820    0.013162
   2    -0.043740   -0.025975   -0.017929   -0.152740   -0.370601   -0.088251   -0.787553   -3.504559   -4.991349    0.003035
   3    -0.043835   -0.025984   -0.017951   -0.152716   -0.370610   -0.088284   -0.787623   -3.504580   -4.991583    0.000387
   4    -0.043849   -0.025981   -0.017943   -0.152684   -0.370596   -0.088273   -0.787564   -3.504544   -4.991434    0.000057
   5    -0.043849   -0.025981   -0.017943   -0.152683   -0.370596   -0.088272   -0.787563   -3.504544   -4.991432    0.000008
   6    -0.043849   -0.025981   -0.017943   -0.152684   -0.370596   -0.088272   -0.787564   -3.504545   -4.991434    0.000001
-----------------------------------------------------------------------------------------------------------------------------

  FINAL CASPT2 RESULT:

      Reference energy:       -3929.6856830532
      E2 (Non-variational):      -4.9914341195
      Shift correction:          -0.0370129144
      E2 (Variational):          -5.0284470339
      Total energy:           -3934.7141300871
      Residual norm:              0.0000001851
      Reference weight:           0.37577

      Contributions to the CASPT2 correlation energy
      Active & Virtual Only:         -0.1062155964
      One Inactive Excited:          -0.9840968104
      Two Inactive Excited:          -3.9011217127


++ Denominators, etc.
--------------------------------------------------------------------------------------------------------------
 Report on small energy denominators, large coefficients, and large energy contributions.
CASE  SYMM ACTIVE-MIX  NON-ACTIVE INDICES          DENOMINATOR     RHS VALUE       COEFFICIENT     CONTRIBUTION
VJTU     1  Mu1.0002  In1.073                       0.54202341     -0.01831344      0.02965818     -0.00054314
VJTU     1  Mu1.0002  In1.087                       0.41750041     -0.01615624      0.03361708     -0.00054313
VJTU     1  Mu1.0002  In1.089                       0.41342514      0.01241955     -0.02566309     -0.00031872
VJTU     1  Mu1.0002  In1.093                       0.37872364     -0.01625837      0.03335556     -0.00054231
VJTU     1  Mu1.0002  In1.095                       0.36965736      0.01447911     -0.03215653     -0.00046560
VJTU     1  Mu1.0001  In1.096                       0.29759640      0.02799812     -0.06796217     -0.00190281
VJTU     1  Mu1.0001  In1.097                       0.27623582     -0.02515929      0.05663756     -0.00142496
VJTU     1  Mu1.0002  In1.097                       0.33944909      0.06275395     -0.13472874     -0.00845476
VJTU     1  Mu1.0001  In1.098                       0.26272306      0.00125097     -0.00199390     -0.00000249
VJTU     1  Mu1.0001  In1.099                       0.24020510     -0.02821855      0.06986130     -0.00197138
VJTU     1  Mu1.0002  In1.099                       0.30341837      0.04320623     -0.10003498     -0.00432213
VJTU     1  Mu1.0001  In1.100                       0.21710487      0.01199462     -0.02964681     -0.00035560
VJTU     1  Mu1.0002  In1.100                       0.28031814     -0.00756623      0.01739729     -0.00013163
VJTU     1  Mu1.0166  In1.100                       0.71361468      0.02276916     -0.03184435     -0.00072507
ATVX     1  Mu1.0001  Se1.113                       0.10765430     -0.00010428      0.00075350     -0.00000008
ATVX     1  Mu1.0002  Se1.113                       0.13631064      0.00227955     -0.00691484     -0.00001576
ATVX     1  Mu1.0003  Se1.113                       0.16930420      0.00181500     -0.00438275     -0.00000795
ATVX     1  Mu1.0004  Se1.113                       0.19945370      0.00086289     -0.00220703     -0.00000190
ATVX     1  Mu1.0005  Se1.113                       0.23048073     -0.00690941      0.01752763     -0.00012111
ATVX     1  Mu1.0006  Se1.113                       0.23400824     -0.00449639      0.01094956     -0.00004923
ATVX     1  Mu1.0007  Se1.113                       0.25214481     -0.00014900      0.00036812     -0.00000005
ATVX     1  Mu1.0008  Se1.113                       0.26952220     -0.00162762      0.00379858     -0.00000618
ATVX     1  Mu1.0009  Se1.113                       0.27837635      0.00042884     -0.00107631     -0.00000046
ATVX     1  Mu1.0010  Se1.113                       0.28402914      0.00030926     -0.00072290     -0.00000022
ATVX     1  Mu1.0011  Se1.113                       0.28903272      0.00005455     -0.00017761     -0.00000001
ATVX     1  Mu1.0012  Se1.113                       0.29616366     -0.00210762      0.00484582     -0.00001021
ATVX     1  Mu1.0001  Se1.114                       0.13724813      0.00019724     -0.00031982     -0.00000006
ATVX     1  Mu1.0002  Se1.114                       0.16590447     -0.00003821      0.00008110     -0.00000000
ATVX     1  Mu1.0003  Se1.114                       0.19889804      0.00107179     -0.00263241     -0.00000282
ATVX     1  Mu1.0004  Se1.114                       0.22904753      0.00099494     -0.00246782     -0.00000246
ATVX     1  Mu1.0005  Se1.114                       0.26007456     -0.00017032      0.00038763     -0.00000007
ATVX     1  Mu1.0006  Se1.114                       0.26360207      0.00011123     -0.00027899     -0.00000003
ATVX     1  Mu1.0007  Se1.114                       0.28173864     -0.00285275      0.00692674     -0.00001976
ATVX     1  Mu1.0008  Se1.114                       0.29911604     -0.00049743      0.00102344     -0.00000051
ATVX     1  Mu1.0038  Se1.114                       0.51604897     -0.01355790      0.02527084     -0.00034262
ATVX     1  Mu1.0001  Se1.115                       0.13886264     -0.00037569      0.00097759     -0.00000037
ATVX     1  Mu1.0002  Se1.115                       0.16751897     -0.00090451      0.00250034     -0.00000226
ATVX     1  Mu1.0003  Se1.115                       0.20051254      0.00065476     -0.00135967     -0.00000089
ATVX     1  Mu1.0004  Se1.115                       0.23066203      0.00010646     -0.00025225     -0.00000003
ATVX     1  Mu1.0005  Se1.115                       0.26168906     -0.00127635      0.00314744     -0.00000402
ATVX     1  Mu1.0006  Se1.115                       0.26521657     -0.00047880      0.00082713     -0.00000040
ATVX     1  Mu1.0007  Se1.115                       0.28335315      0.00018373     -0.00040567     -0.00000007
ATVX     1  Mu1.0001  Se1.116                       0.14312832     -0.00175683      0.00479998     -0.00000843
ATVX     1  Mu1.0002  Se1.116                       0.17178466      0.00047836     -0.00116875     -0.00000056
ATVX     1  Mu1.0003  Se1.116                       0.20477823      0.00077626     -0.00199600     -0.00000155
ATVX     1  Mu1.0004  Se1.116                       0.23492772     -0.00002210      0.00006655     -0.00000000
ATVX     1  Mu1.0005  Se1.116                       0.26595475      0.00017403     -0.00042742     -0.00000007
ATVX     1  Mu1.0006  Se1.116                       0.26948226      0.00060175     -0.00129641     -0.00000078
ATVX     1  Mu1.0007  Se1.116                       0.28761883      0.00030524     -0.00073683     -0.00000022
ATVX     1  Mu1.0001  Se1.117                       0.15059186     -0.00002446      0.00005498     -0.00000000
ATVX     1  Mu1.0002  Se1.117                       0.17924819      0.00011321     -0.00027075     -0.00000003
ATVX     1  Mu1.0003  Se1.117                       0.21224176     -0.00009161      0.00015640     -0.00000001
ATVX     1  Mu1.0004  Se1.117                       0.24239125      0.00007539     -0.00019208     -0.00000001
ATVX     1  Mu1.0005  Se1.117                       0.27341828      0.00007931     -0.00019375     -0.00000002
ATVX     1  Mu1.0006  Se1.117                       0.27694579      0.00001554     -0.00000262     -0.00000000
ATVX     1  Mu1.0007  Se1.117                       0.29508237      0.00022016     -0.00053437     -0.00000012
ATVX     1  Mu1.0001  Se1.118                       0.15758953      0.00000610      0.00002051      0.00000000
ATVX     1  Mu1.0002  Se1.118                       0.18624586     -0.00003727      0.00009226     -0.00000000
ATVX     1  Mu1.0003  Se1.118                       0.21923943      0.00015770     -0.00032098     -0.00000005
ATVX     1  Mu1.0004  Se1.118                       0.24938892      0.00019710     -0.00046493     -0.00000009
ATVX     1  Mu1.0005  Se1.118                       0.28041595     -0.00004528      0.00010205     -0.00000000
ATVX     1  Mu1.0006  Se1.118                       0.28394346     -0.00000285      0.00001388     -0.00000000
ATVX     1  Mu1.0001  Se1.119                       0.15908837      0.00011147     -0.00030167     -0.00000003
ATVX     1  Mu1.0002  Se1.119                       0.18774470     -0.00098461      0.00257347     -0.00000253
ATVX     1  Mu1.0003  Se1.119                       0.22073827     -0.00003824      0.00043387     -0.00000002
ATVX     1  Mu1.0004  Se1.119                       0.25088776      0.00009758     -0.00023914     -0.00000002
ATVX     1  Mu1.0005  Se1.119                       0.28191479     -0.00120473      0.00294411     -0.00000355
ATVX     1  Mu1.0006  Se1.119                       0.28544230     -0.00018289     -0.00000920      0.00000000
ATVX     1  Mu1.0001  Se1.120                       0.16316354     -0.00003647      0.00008452     -0.00000000
ATVX     1  Mu1.0002  Se1.120                       0.19181988      0.00020524     -0.00048044     -0.00000010
ATVX     1  Mu1.0003  Se1.120                       0.22481344     -0.00014419      0.00018591     -0.00000003
ATVX     1  Mu1.0004  Se1.120                       0.25496294      0.00020474     -0.00050975     -0.00000010
ATVX     1  Mu1.0005  Se1.120                       0.28598997      0.00015614     -0.00037672     -0.00000006
ATVX     1  Mu1.0006  Se1.120                       0.28951748     -0.00001038      0.00009964     -0.00000000
ATVX     1  Mu1.0001  Se1.121                       0.17079131     -0.00006355      0.00014199     -0.00000001
ATVX     1  Mu1.0002  Se1.121                       0.19944764      0.00029310     -0.00068930     -0.00000020
ATVX     1  Mu1.0003  Se1.121                       0.23244121     -0.00030859      0.00051232     -0.00000016
ATVX     1  Mu1.0004  Se1.121                       0.26259070      0.00025742     -0.00064075     -0.00000016
ATVX     1  Mu1.0005  Se1.121                       0.29361773      0.00016519     -0.00038141     -0.00000006
ATVX     1  Mu1.0006  Se1.121                       0.29714525     -0.00003425      0.00015175     -0.00000001
ATVX     1  Mu1.0001  Se1.122                       0.18034802      0.00035183     -0.00076421     -0.00000027
ATVX     1  Mu1.0002  Se1.122                       0.20900436     -0.00364114      0.01015887     -0.00003699
ATVX     1  Mu1.0003  Se1.122                       0.24199793      0.00069015     -0.00008234     -0.00000006
ATVX     1  Mu1.0004  Se1.122                       0.27214742      0.00036602     -0.00085485     -0.00000031
ATVX     1  Mu1.0001  Se1.123                       0.18303872     -0.00107101      0.00275203     -0.00000295
ATVX     1  Mu1.0002  Se1.123                       0.21169506      0.00050017     -0.00133673     -0.00000067
ATVX     1  Mu1.0003  Se1.123                       0.24468863      0.00023909     -0.00037774     -0.00000009
ATVX     1  Mu1.0004  Se1.123                       0.27483812     -0.00003559      0.00009490     -0.00000000
ATVX     1  Mu1.0001  Se1.124                       0.18427046     -0.00025185      0.00062809     -0.00000016
ATVX     1  Mu1.0002  Se1.124                       0.21292680      0.00029448     -0.00067936     -0.00000020
ATVX     1  Mu1.0003  Se1.124                       0.24592037      0.00044156     -0.00115690     -0.00000051
ATVX     1  Mu1.0004  Se1.124                       0.27606986      0.00032051     -0.00077388     -0.00000025
ATVX     1  Mu1.0001  Se1.125                       0.19297017      0.00006882     -0.00014209     -0.00000001
ATVX     1  Mu1.0002  Se1.125                       0.22162651     -0.00006816      0.00017460     -0.00000001
ATVX     1  Mu1.0003  Se1.125                       0.25462008     -0.00001161      0.00019171     -0.00000000
ATVX     1  Mu1.0004  Se1.125                       0.28476957      0.00015291     -0.00033673     -0.00000005
ATVX     1  Mu1.0001  Se1.126                       0.19532434      0.00011750     -0.00023194     -0.00000003
ATVX     1  Mu1.0002  Se1.126                       0.22398068     -0.00133759      0.00363835     -0.00000487
ATVX     1  Mu1.0003  Se1.126                       0.25697425      0.00039277     -0.00062664     -0.00000025
ATVX     1  Mu1.0004  Se1.126                       0.28712374      0.00008181     -0.00018202     -0.00000001
ATVX     1  Mu1.0001  Se1.127                       0.20856271     -0.00028873      0.00070539     -0.00000020
ATVX     1  Mu1.0002  Se1.127                       0.23721905      0.00017609     -0.00044733     -0.00000008
ATVX     1  Mu1.0003  Se1.127                       0.27021261      0.00010897     -0.00057443     -0.00000006
ATVX     1  Mu1.0001  Se1.128                       0.21371383      0.00314835     -0.00826019     -0.00002601
ATVX     1  Mu1.0002  Se1.128                       0.24237017     -0.00043073      0.00113524     -0.00000049
ATVX     1  Mu1.0003  Se1.128                       0.27536373     -0.00059574      0.00055757     -0.00000033
ATVX     1  Mu1.0001  Se1.129                       0.21764147     -0.00002191      0.00010559     -0.00000000
ATVX     1  Mu1.0002  Se1.129                       0.24629780     -0.00004130      0.00005279     -0.00000000
ATVX     1  Mu1.0003  Se1.129                       0.27929137      0.00043091     -0.00112367     -0.00000048
ATVX     1  Mu1.0001  Se1.130                       0.22472945     -0.00087042      0.00365737     -0.00000318
ATVX     1  Mu1.0002  Se1.130                       0.25338579     -0.00010979      0.00014534     -0.00000002
ATVX     1  Mu1.0003  Se1.130                       0.28637936     -0.00051945      0.00066123     -0.00000034
ATVX     1  Mu1.0001  Se1.131                       0.22495504      0.00001051     -0.00005843     -0.00000000
ATVX     1  Mu1.0002  Se1.131                       0.25361138      0.00001963     -0.00006678     -0.00000000
ATVX     1  Mu1.0003  Se1.131                       0.28660494     -0.00002745      0.00003951     -0.00000000
ATVX     1  Mu1.0001  Se1.132                       0.22781214      0.00022112     -0.00019688     -0.00000004
ATVX     1  Mu1.0002  Se1.132                       0.25646848     -0.00425879      0.00760948     -0.00003241
ATVX     1  Mu1.0003  Se1.132                       0.28946204     -0.00033829      0.00130533     -0.00000044
ATVX     1  Mu1.0001  Se1.133                       0.23552268     -0.00136941      0.00573108     -0.00000785
ATVX     1  Mu1.0002  Se1.133                       0.26417901     -0.00000764     -0.00006435      0.00000000
ATVX     1  Mu1.0003  Se1.133                       0.29717258     -0.00087798      0.00123590     -0.00000109
ATVX     1  Mu1.0001  Se1.134                       0.24056470     -0.00049796      0.00109971     -0.00000055
ATVX     1  Mu1.0002  Se1.134                       0.26922104      0.00176715     -0.00265363     -0.00000469
ATVX     1  Mu1.0001  Se1.135                       0.25048863      0.00003552     -0.00011585     -0.00000000
ATVX     1  Mu1.0002  Se1.135                       0.27914497     -0.00001491      0.00002944     -0.00000000
ATVX     1  Mu1.0001  Se1.136                       0.25464130     -0.00200500      0.00680139     -0.00001364
ATVX     1  Mu1.0002  Se1.136                       0.28329764      0.00065236     -0.00139785     -0.00000091
ATVX     1  Mu1.0001  Se1.137                       0.26461365      0.00007740     -0.00020011     -0.00000002
ATVX     1  Mu1.0002  Se1.137                       0.29326999     -0.00012210      0.00024030     -0.00000003
ATVX     1  Mu1.0001  Se1.138                       0.26947322      0.00017062     -0.00037254     -0.00000006
ATVX     1  Mu1.0002  Se1.138                       0.29812956     -0.00063990      0.00159457     -0.00000102
ATVX     1  Mu1.0001  Se1.139                       0.27939297      0.00019160     -0.00022181     -0.00000004
ATVX     1  Mu1.0001  Se1.140                       0.28201216      0.00010530     -0.00024034     -0.00000003
ATVX     1  Mu1.0001  Se1.141                       0.28797621     -0.00001454      0.00103033     -0.00000001
ATVX     1  Mu1.0001  Se1.142                       0.29823469      0.00009620     -0.00024813     -0.00000002
--

   (Skipping property calculation,
    use PROP keyword to activate)
********************************************************************************
 Compute H0 matrices for state    2
--------------------------------------------------------------------------------
--------------------------------------------------------------------------------
 H0 matrices have been computed.

********************************************************************************
  CASPT2 EQUATION SOLUTION
--------------------------------------------------------------------------------

  Total nr of CASPT2 parameters:
   Before reduction:  1876168956
   After  reduction:  1876168956

 Variance of |WF0>:      23.4838760914

 The contributions to the second order correlation energy in atomic units.
-----------------------------------------------------------------------------------------------------------------------------
  IT.      VJTU        VJTI        ATVX        AIVX        VJAI        BVAT        BJAT        BJAI        TOTAL       RNORM  
-----------------------------------------------------------------------------------------------------------------------------
   1    -0.037137   -0.021880   -0.024685   -0.154493   -0.343558   -0.090783   -0.828359   -3.503400   -5.004296    0.012760
   2    -0.038608   -0.021945   -0.025211   -0.155314   -0.343838   -0.091091   -0.829653   -3.504126   -5.009786    0.002879
   3    -0.038670   -0.021950   -0.025252   -0.155317   -0.343843   -0.091119   -0.829706   -3.504144   -5.010001    0.000364
   4    -0.038681   -0.021948   -0.025245   -0.155289   -0.343831   -0.091107   -0.829651   -3.504111   -5.009862    0.000057
   5    -0.038682   -0.021948   -0.025245   -0.155288   -0.343830   -0.091107   -0.829650   -3.504111   -5.009860    0.000007
   6    -0.038682   -0.021948   -0.025245   -0.155288   -0.343831   -0.091107   -0.829651   -3.504111   -5.009862    0.000001
-----------------------------------------------------------------------------------------------------------------------------

  FINAL CASPT2 RESULT:

      Reference energy:       -3929.6506391904
      E2 (Non-variational):      -5.0098622142
      Shift correction:          -0.0381354303
      E2 (Variational):          -5.0479976445
      Total energy:           -3934.6986368349
      Residual norm:              0.0000001793
      Reference weight:           0.37415

      Contributions to the CASPT2 correlation energy
      Active & Virtual Only:         -0.1163516222
      One Inactive Excited:          -1.0236205629
      Two Inactive Excited:          -3.8698900290


++ Denominators, etc.
--------------------------------------------------------------------------------------------------------------
 Report on small energy denominators, large coefficients, and large energy contributions.
CASE  SYMM ACTIVE-MIX  NON-ACTIVE INDICES          DENOMINATOR     RHS VALUE       COEFFICIENT     CONTRIBUTION
VJTU     1  Mu1.0002  In1.073                       0.54321711     -0.01578735      0.02535609     -0.00040031
VJTU     1  Mu1.0002  In1.087                       0.41869411     -0.01653030      0.03427310     -0.00056654
VJTU     1  Mu1.0002  In1.089                       0.41461884      0.01254882     -0.02576259     -0.00032329
VJTU     1  Mu1.0002  In1.093                       0.37991734     -0.01434561      0.02929611     -0.00042027
VJTU     1  Mu1.0002  In1.095                       0.37085106      0.01430038     -0.03168018     -0.00045304
VJTU     1  Mu1.0001  In1.096                       0.29866110      0.02701244     -0.06536939     -0.00176579
VJTU     1  Mu1.0001  In1.097                       0.27730052     -0.01968131      0.04303198     -0.00084693
VJTU     1  Mu1.0002  In1.097                       0.34064280      0.05222679     -0.11089956     -0.00579193
VJTU     1  Mu1.0004  In1.097                       0.35801853      0.01251615     -0.02625982     -0.00032867
VJTU     1  Mu1.0001  In1.098                       0.26378776      0.00011050      0.00090100      0.00000010
VJTU     1  Mu1.0001  In1.099                       0.24126980     -0.02505123      0.06157494     -0.00154253
VJTU     1  Mu1.0002  In1.099                       0.30461207      0.03744874     -0.08618222     -0.00322742
VJTU     1  Mu1.0004  In1.099                       0.32198780      0.01141563     -0.02560758     -0.00029233
VJTU     1  Mu1.0001  In1.100                       0.21816957      0.01008909     -0.02460470     -0.00024824
VJTU     1  Mu1.0002  In1.100                       0.28151185     -0.00700474      0.01597878     -0.00011193
VJTU     1  Mu1.0003  In1.100                       0.28876406     -0.00035093      0.00067244     -0.00000024
VJTU     1  Mu1.0004  In1.100                       0.29888758     -0.00454244      0.01037188     -0.00004711
ATVX     1  Mu1.0001  Se1.113                       0.09309347      0.00056345     -0.00092531     -0.00000052
ATVX     1  Mu1.0002  Se1.113                       0.13229873      0.00790553     -0.01786415     -0.00014123
ATVX     1  Mu1.0003  Se1.113                       0.13892100     -0.00034256      0.00082108     -0.00000028
ATVX     1  Mu1.0004  Se1.113                       0.17000539      0.00074187     -0.00239127     -0.00000177
ATVX     1  Mu1.0005  Se1.113                       0.19919919      0.00006506     -0.00015631     -0.00000001
ATVX     1  Mu1.0006  Se1.113                       0.21008192      0.00025598     -0.00069435     -0.00000018
ATVX     1  Mu1.0007  Se1.113                       0.22162156     -0.00016595      0.00042228     -0.00000007
ATVX     1  Mu1.0008  Se1.113                       0.23426561     -0.00157540      0.00352095     -0.00000555
ATVX     1  Mu1.0009  Se1.113                       0.23567225      0.00175389     -0.00480890     -0.00000843
ATVX     1  Mu1.0010  Se1.113                       0.24195546      0.00006971     -0.00017132     -0.00000001
ATVX     1  Mu1.0011  Se1.113                       0.26050757      0.00085599     -0.00216254     -0.00000185
ATVX     1  Mu1.0012  Se1.113                       0.27943184     -0.00019480      0.00044534     -0.00000009
ATVX     1  Mu1.0013  Se1.113                       0.28811268      0.00345043     -0.00831742     -0.00002870
ATVX     1  Mu1.0014  Se1.113                       0.29255950      0.00022960     -0.00058318     -0.00000013
ATVX     1  Mu1.0045  Se1.113                       0.48713983     -0.01591112      0.03100978     -0.00049340
ATVX     1  Mu1.0001  Se1.114                       0.12268730     -0.00044353      0.00043153     -0.00000019
ATVX     1  Mu1.0002  Se1.114                       0.16189256     -0.00019219      0.00050450     -0.00000010
ATVX     1  Mu1.0003  Se1.114                       0.16851483     -0.02087950      0.05401372     -0.00112778
ATVX     1  Mu1.0004  Se1.114                       0.19959922     -0.00262885      0.00658738     -0.00001732
ATVX     1  Mu1.0005  Se1.114                       0.22879302      0.00717109     -0.01849047     -0.00013260
ATVX     1  Mu1.0006  Se1.114                       0.23967575      0.00259478     -0.00658035     -0.00001707
ATVX     1  Mu1.0007  Se1.114                       0.25121539     -0.00007008      0.00022852     -0.00000002
ATVX     1  Mu1.0008  Se1.114                       0.26385945      0.00068147     -0.00197648     -0.00000135
ATVX     1  Mu1.0009  Se1.114                       0.26526608      0.00018032     -0.00046644     -0.00000008
ATVX     1  Mu1.0010  Se1.114                       0.27154930      0.00027394     -0.00065019     -0.00000018
ATVX     1  Mu1.0011  Se1.114                       0.29010141      0.00192476     -0.00458905     -0.00000883
ATVX     1  Mu1.0029  Se1.114                       0.44599491     -0.01536172      0.03223606     -0.00049520
ATVX     1  Mu1.0040  Se1.114                       0.50714882      0.01527257     -0.02896434     -0.00044236
ATVX     1  Mu1.0001  Se1.115                       0.12430180     -0.00001771      0.00002837     -0.00000000
ATVX     1  Mu1.0002  Se1.115                       0.16350706      0.00305866     -0.00791855     -0.00002422
ATVX     1  Mu1.0003  Se1.115                       0.17012934      0.00024449     -0.00062010     -0.00000015
ATVX     1  Mu1.0004  Se1.115                       0.20121373     -0.00079385      0.00178416     -0.00000142
ATVX     1  Mu1.0005  Se1.115                       0.23040753     -0.00006788      0.00017958     -0.00000001
ATVX     1  Mu1.0006  Se1.115                       0.24129025     -0.00003376      0.00009238     -0.00000000
ATVX     1  Mu1.0007  Se1.115                       0.25282989     -0.00009687      0.00025500     -0.00000002
ATVX     1  Mu1.0008  Se1.115                       0.26547395      0.00029294     -0.00073491     -0.00000022
ATVX     1  Mu1.0009  Se1.115                       0.26688058     -0.00078970      0.00165777     -0.00000131
ATVX     1  Mu1.0010  Se1.115                       0.27316380     -0.00002000      0.00003929     -0.00000000
ATVX     1  Mu1.0011  Se1.115                       0.29171591     -0.00009602      0.00023737     -0.00000002
ATVX     1  Mu1.0001  Se1.116                       0.12856749      0.00001132     -0.00001772     -0.00000000
ATVX     1  Mu1.0002  Se1.116                       0.16777275     -0.00099084      0.00244527     -0.00000242
ATVX     1  Mu1.0003  Se1.116                       0.17439502      0.00010631     -0.00027739     -0.00000003
ATVX     1  Mu1.0004  Se1.116                       0.20547941     -0.00049626      0.00123500     -0.00000061
ATVX     1  Mu1.0005  Se1.116                       0.23467322     -0.00004537      0.00011181     -0.00000001
ATVX     1  Mu1.0006  Se1.116                       0.24555594      0.00000959     -0.00001333     -0.00000000
ATVX     1  Mu1.0007  Se1.116                       0.25709558     -0.00052666      0.00129168     -0.00000068
ATVX     1  Mu1.0008  Se1.116                       0.26973964      0.00003695     -0.00000487     -0.00000000
ATVX     1  Mu1.0009  Se1.116                       0.27114627      0.00052586     -0.00111028     -0.00000058
ATVX     1  Mu1.0010  Se1.116                       0.27742949     -0.00003473      0.00007755     -0.00000000
ATVX     1  Mu1.0011  Se1.116                       0.29598160      0.00004503     -0.00009750     -0.00000000
ATVX     1  Mu1.0001  Se1.117                       0.13603102     -0.00147894      0.00345754     -0.00000511
ATVX     1  Mu1.0002  Se1.117                       0.17523628     -0.00020408      0.00049563     -0.00000010
ATVX     1  Mu1.0003  Se1.117                       0.18185856      0.00017899     -0.00047638     -0.00000009
ATVX     1  Mu1.0004  Se1.117                       0.21294295      0.00009921     -0.00016056     -0.00000002
ATVX     1  Mu1.0005  Se1.117                       0.24213675     -0.00019259      0.00047342     -0.00000009
ATVX     1  Mu1.0006  Se1.117                       0.25301947     -0.00011987      0.00028936     -0.00000003
ATVX     1  Mu1.0007  Se1.117                       0.26455911      0.00000609     -0.00002116     -0.00000000
ATVX     1  Mu1.0008  Se1.117                       0.27720317     -0.00004477      0.00008410     -0.00000000
ATVX     1  Mu1.0009  Se1.117                       0.27860980      0.00002011     -0.00004267     -0.00000000
ATVX     1  Mu1.0010  Se1.117                       0.28489302      0.00124622     -0.00295930     -0.00000369
ATVX     1  Mu1.0001  Se1.118                       0.14302869      0.00021840     -0.00056327     -0.00000012
ATVX     1  Mu1.0002  Se1.118                       0.18223395      0.00002276     -0.00006326     -0.00000000
ATVX     1  Mu1.0003  Se1.118                       0.18885623     -0.00209619      0.00542038     -0.00001136
ATVX     1  Mu1.0004  Se1.118                       0.21994062     -0.00031676      0.00074073     -0.00000023
ATVX     1  Mu1.0005  Se1.118                       0.24913442      0.00125753     -0.00313002     -0.00000394
ATVX     1  Mu1.0006  Se1.118                       0.26001714      0.00027335     -0.00068007     -0.00000019
ATVX     1  Mu1.0007  Se1.118                       0.27155678     -0.00002422      0.00005808     -0.00000000
ATVX     1  Mu1.0008  Se1.118                       0.28420084      0.00009310     -0.00026068     -0.00000002
ATVX     1  Mu1.0009  Se1.118                       0.28560747     -0.00000145      0.00002629     -0.00000000
ATVX     1  Mu1.0010  Se1.118                       0.29189069     -0.00007310      0.00017511     -0.00000001
ATVX     1  Mu1.0001  Se1.119                       0.14452753     -0.00023926      0.00054747     -0.00000013
ATVX     1  Mu1.0002  Se1.119                       0.18373279      0.00292996     -0.00760845     -0.00002229
ATVX     1  Mu1.0003  Se1.119                       0.19035507      0.00004631     -0.00010978     -0.00000001
ATVX     1  Mu1.0004  Se1.119                       0.22143946      0.00015927     -0.00057224     -0.00000009
ATVX     1  Mu1.0005  Se1.119                       0.25063326     -0.00001255      0.00003258     -0.00000000
ATVX     1  Mu1.0006  Se1.119                       0.26151598     -0.00003396      0.00008485     -0.00000000
ATVX     1  Mu1.0007  Se1.119                       0.27305562     -0.00009516      0.00024965     -0.00000002
ATVX     1  Mu1.0008  Se1.119                       0.28569968      0.00093527     -0.00229815     -0.00000215
ATVX     1  Mu1.0009  Se1.119                       0.28710631     -0.00048751      0.00081596     -0.00000040
ATVX     1  Mu1.0010  Se1.119                       0.29338953      0.00010979     -0.00026153     -0.00000003
ATVX     1  Mu1.0001  Se1.120                       0.14860271     -0.00398340      0.00939254     -0.00003741
ATVX     1  Mu1.0002  Se1.120                       0.18780797     -0.00038197      0.00091267     -0.00000035
ATVX     1  Mu1.0003  Se1.120                       0.19443024     -0.00026746      0.00066223     -0.00000018
ATVX     1  Mu1.0004  Se1.120                       0.22551463      0.00014296     -0.00012483     -0.00000002
ATVX     1  Mu1.0005  Se1.120                       0.25470843     -0.00006377      0.00014101     -0.00000001
ATVX     1  Mu1.0006  Se1.120                       0.26559116     -0.00033794      0.00081005     -0.00000027
ATVX     1  Mu1.0007  Se1.120                       0.27713080      0.00002898     -0.00007881     -0.00000000
ATVX     1  Mu1.0008  Se1.120                       0.28977485     -0.00014680      0.00026311     -0.00000004
ATVX     1  Mu1.0009  Se1.120                       0.29118149     -0.00000176     -0.00002673      0.00000000
ATVX     1  Mu1.0010  Se1.120                       0.29746470      0.00281068     -0.00658744     -0.00001852
ATVX     1  Mu1.0001  Se1.121                       0.15623048     -0.00612681      0.01403578     -0.00008599
ATVX     1  Mu1.0002  Se1.121                       0.19543573     -0.00044461      0.00104351     -0.00000046
ATVX     1  Mu1.0003  Se1.121                       0.20205801     -0.00021536      0.00053660     -0.00000012
ATVX     1  Mu1.0004  Se1.121                       0.23314240      0.00046168     -0.00081466     -0.00000038
ATVX     1  Mu1.0005  Se1.121                       0.26233620     -0.00024538      0.00057009     -0.00000014
ATVX     1  Mu1.0006  Se1.121                       0.27321892     -0.00067782      0.00159283     -0.00000108
ATVX     1  Mu1.0007  Se1.121                       0.28475856      0.00004903     -0.00011988     -0.00000001
ATVX     1  Mu1.0008  Se1.121                       0.29740262     -0.00014348      0.00018455     -0.00000003
ATVX     1  Mu1.0009  Se1.121                       0.29880925     -0.00007257      0.00003522     -0.00000000
ATVX     1  Mu1.0001  Se1.122                       0.16578719     -0.00033419      0.00080143     -0.00000027
ATVX     1  Mu1.0002  Se1.122                       0.20499245      0.01118572     -0.02980107     -0.00033335
ATVX     1  Mu1.0003  Se1.122                       0.21161472      0.00001544     -0.00000189     -0.00000000
ATVX     1  Mu1.0004  Se1.122                       0.24269911     -0.00064236      0.00070294     -0.00000045
ATVX     1  Mu1.0005  Se1.122                       0.27189291      0.00002975     -0.00006446     -0.00000000
ATVX     1  Mu1.0006  Se1.122                       0.28277564     -0.00001870      0.00005231     -0.00000000
ATVX     1  Mu1.0007  Se1.122                       0.29431528     -0.00022014      0.00058416     -0.00000013
ATVX     1  Mu1.0001  Se1.123                       0.16847789     -0.00007664      0.00020917     -0.00000002
ATVX     1  Mu1.0002  Se1.123                       0.20768315     -0.00125546      0.00328776     -0.00000413
ATVX     1  Mu1.0003  Se1.123                       0.21430542      0.00007813     -0.00019753     -0.00000002
ATVX     1  Mu1.0004  Se1.123                       0.24538981      0.00035031     -0.00106212     -0.00000037
ATVX     1  Mu1.0005  Se1.123                       0.27458361     -0.00002917      0.00006695     -0.00000000
ATVX     1  Mu1.0006  Se1.123                       0.28546634      0.00002350     -0.00003864     -0.00000000
ATVX     1  Mu1.0007  Se1.123                       0.29700598      0.00019819     -0.00047899     -0.00000009
ATVX     1  Mu1.0001  Se1.124                       0.16970963      0.00667434     -0.01789144     -0.00011941
ATVX     1  Mu1.0002  Se1.124                       0.20891489      0.00010612     -0.00035250     -0.00000004
ATVX     1  Mu1.0003  Se1.124                       0.21553716     -0.00004308      0.00024053     -0.00000001
ATVX     1  Mu1.0004  Se1.124                       0.24662156     -0.00009168      0.00016445     -0.00000002
ATVX     1  Mu1.0005  Se1.124                       0.27581536     -0.00024385      0.00051741     -0.00000013
ATVX     1  Mu1.0006  Se1.124                       0.28669808      0.00036804     -0.00096025     -0.00000035
ATVX     1  Mu1.0007  Se1.124                       0.29823772     -0.00006592      0.00014404     -0.00000001
ATVX     1  Mu1.0001  Se1.125                       0.17840934     -0.00007138      0.00020593     -0.00000001
ATVX     1  Mu1.0002  Se1.125                       0.21761460      0.00004399     -0.00013088     -0.00000001
ATVX     1  Mu1.0003  Se1.125                       0.22423687      0.00113443     -0.00308024     -0.00000349
ATVX     1  Mu1.0004  Se1.125                       0.25532126      0.00001398     -0.00010774     -0.00000000
ATVX     1  Mu1.0005  Se1.125                       0.28451507      0.00054317     -0.00122817     -0.00000067
ATVX     1  Mu1.0006  Se1.125                       0.29539779     -0.00010697      0.00025548     -0.00000003
ATVX     1  Mu1.0001  Se1.126                       0.18076351      0.00010635     -0.00028952     -0.00000003
ATVX     1  Mu1.0002  Se1.126                       0.21996877      0.00300234     -0.00795822     -0.00002389
ATVX     1  Mu1.0003  Se1.126                       0.22659104     -0.00005920      0.00015357     -0.00000001
ATVX     1  Mu1.0004  Se1.126                       0.25767543     -0.00061917      0.00138041     -0.00000085
ATVX     1  Mu1.0005  Se1.126                       0.28686924      0.00001792     -0.00003943     -0.00000000
ATVX     1  Mu1.0006  Se1.126                       0.29775196      0.00001976     -0.00004666     -0.00000000
ATVX     1  Mu1.0001  Se1.127                       0.19400188      0.00000944     -0.00009813     -0.00000000
ATVX     1  Mu1.0002  Se1.127                       0.23320714     -0.00012444      0.00035002     -0.00000004
ATVX     1  Mu1.0003  Se1.127                       0.23982941     -0.00326877      0.00868432     -0.00002839
ATVX     1  Mu1.0004  Se1.127                       0.27091380     -0.00014700      0.00050279     -0.00000007
ATVX     1  Mu1.0001  Se1.128                       0.19915300      0.00001450     -0.00009248     -0.00000000
ATVX     1  Mu1.0002  Se1.128                       0.23835826      0.00045765     -0.00117375     -0.00000054
ATVX     1  Mu1.0003  Se1.128                       0.24498053     -0.00024626      0.00062867     -0.00000015
ATVX     1  Mu1.0004  Se1.128                       0.27606492     -0.00071515      0.00259181     -0.00000185
ATVX     1  Mu1.0001  Se1.129                       0.20308063      0.00398362     -0.00981862     -0.00003911
ATVX     1  Mu1.0002  Se1.129                       0.24228589      0.00032708     -0.00076461     -0.00000025
ATVX     1  Mu1.0003  Se1.129                       0.24890817      0.00024012     -0.00058014     -0.00000014
ATVX     1  Mu1.0004  Se1.129                       0.27999256     -0.00085309      0.00194854     -0.00000166
ATVX     1  Mu1.0001  Se1.130                       0.21016862      0.00000036      0.00000766      0.00000000
ATVX     1  Mu1.0002  Se1.130                       0.24937388      0.00062344     -0.00142805     -0.00000089
ATVX     1  Mu1.0003  Se1.130                       0.25599615     -0.00002191      0.00004239     -0.00000000
ATVX     1  Mu1.0004  Se1.130                       0.28708054      0.00040639     -0.00081041     -0.00000033
ATVX     1  Mu1.0001  Se1.131                       0.21039421     -0.00037858      0.00065616     -0.00000025
ATVX     1  Mu1.0002  Se1.131                       0.24959946      0.00004311     -0.00009835     -0.00000000
ATVX     1  Mu1.0003  Se1.131                       0.25622174      0.00001243     -0.00003617     -0.00000000
ATVX     1  Mu1.0004  Se1.131                       0.28730613      0.00011644     -0.00022530     -0.00000003
ATVX     1  Mu1.0001  Se1.132                       0.21325131      0.00001822     -0.00008691     -0.00000000
ATVX     1  Mu1.0002  Se1.132                       0.25245656      0.01516890     -0.03529659     -0.00053541
ATVX     1  Mu1.0003  Se1.132                       0.25907884     -0.00020518      0.00041250     -0.00000008
ATVX     1  Mu1.0004  Se1.132                       0.29016323      0.00064657     -0.00180464     -0.00000117
ATVX     1  Mu1.0001  Se1.133                       0.22096185     -0.00000351      0.00001614     -0.00000000
ATVX     1  Mu1.0002  Se1.133                       0.26016710      0.00030774     -0.00066495     -0.00000020
ATVX     1  Mu1.0003  Se1.133                       0.26678938     -0.00001103      0.00001925     -0.00000000
ATVX     1  Mu1.0004  Se1.133                       0.29787377      0.00087773     -0.00177621     -0.00000156
ATVX     1  Mu1.0001  Se1.134                       0.22600387     -0.00012653      0.00033743     -0.00000004
ATVX     1  Mu1.0002  Se1.134                       0.26520913     -0.00709308      0.01626731     -0.00011539
ATVX     1  Mu1.0003  Se1.134                       0.27183140      0.00023305     -0.00053512     -0.00000012
ATVX     1  Mu1.0001  Se1.135                       0.23592780     -0.00000450     -0.00003183      0.00000000
ATVX     1  Mu1.0002  Se1.135                       0.27513306      0.00000950     -0.00002188     -0.00000000
ATVX     1  Mu1.0003  Se1.135                       0.28175533     -0.00086423      0.00216167     -0.00000187
ATVX     1  Mu1.0001  Se1.136                       0.24008047      0.00019904     -0.00043965     -0.00000009
ATVX     1  Mu1.0002  Se1.136                       0.27928573     -0.00135448      0.00310183     -0.00000420
ATVX     1  Mu1.0003  Se1.136                       0.28590800      0.00006295     -0.00014770     -0.00000001
ATVX     1  Mu1.0001  Se1.137                       0.25005282      0.00185117     -0.00383063     -0.00000709
ATVX     1  Mu1.0002  Se1.137                       0.28925808      0.00005205     -0.00006984     -0.00000000
ATVX     1  Mu1.0003  Se1.137                       0.29588035     -0.00017645      0.00039827     -0.00000007
ATVX     1  Mu1.0001  Se1.138                       0.25491239      0.00019326     -0.00046523     -0.00000009
ATVX     1  Mu1.0002  Se1.138                       0.29411765     -0.00008485      0.00013517     -0.00000001
ATVX     1  Mu1.0001  Se1.139                       0.26483214     -0.00053119      0.00125436     -0.00000067
ATVX     1  Mu1.0001  Se1.140                       0.26745133      0.00014258     -0.00014844     -0.00000002
ATVX     1  Mu1.0001  Se1.141                       0.27341538      0.00011718     -0.00028031     -0.00000003
ATVX     1  Mu1.0001  Se1.142                       0.28367386     -0.00236263      0.00625052     -0.00001477
ATVX     1  Mu1.0001  Se1.143                       0.28645847      0.00017760     -0.00043189     -0.00000008
ATVX     1  Mu1.0001  Se1.144                       0.29308016      0.00005148     -0.00044309     -0.00000002
ATVX     1  Mu1.0001  Se1.145                       0.29400181     -0.00002919      0.00004325     -0.00000000
ATVX     1  Mu1.0001  Se1.146                       0.29551579      0.00005604     -0.00015180     -0.00000001
AIVX     1  Mu1.0001  In1.100 Se1.114               0.47810339      0.01286357     -0.02724588     -0.00035048
--

   (Skipping property calculation,
    use PROP keyword to activate)
********************************************************************************
 Compute H0 matrices for state    3
--------------------------------------------------------------------------------
--------------------------------------------------------------------------------
 H0 matrices have been computed.

********************************************************************************
  CASPT2 EQUATION SOLUTION
--------------------------------------------------------------------------------

  Total nr of CASPT2 parameters:
   Before reduction:  1876168956
   After  reduction:  1876168956

 Variance of |WF0>:      23.4922393638

 The contributions to the second order correlation energy in atomic units.
-----------------------------------------------------------------------------------------------------------------------------
  IT.      VJTU        VJTI        ATVX        AIVX        VJAI        BVAT        BJAT        BJAI        TOTAL       RNORM  
-----------------------------------------------------------------------------------------------------------------------------
   1    -0.054153   -0.031801   -0.017649   -0.161724   -0.398494   -0.089486   -0.770479   -3.503709   -5.027495    0.015860
   2    -0.057173   -0.031930   -0.017911   -0.162433   -0.398844   -0.089757   -0.771867   -3.504506   -5.034421    0.004430
   3    -0.057356   -0.031933   -0.017939   -0.162383   -0.398839   -0.089798   -0.771963   -3.504516   -5.034727    0.000627
   4    -0.057365   -0.031927   -0.017927   -0.162333   -0.398821   -0.089781   -0.771875   -3.504468   -5.034497    0.000114
   5    -0.057366   -0.031926   -0.017926   -0.162331   -0.398820   -0.089780   -0.771872   -3.504467   -5.034489    0.000017
   6    -0.057366   -0.031927   -0.017926   -0.162332   -0.398821   -0.089781   -0.771874   -3.504468   -5.034495    0.000004
-----------------------------------------------------------------------------------------------------------------------------

  FINAL CASPT2 RESULT:

      Reference energy:       -3929.6479040074
      E2 (Non-variational):      -5.0344949396
      Shift correction:          -0.0472970980
      E2 (Variational):          -5.0817920376
      Total energy:           -3934.7296960450
      Residual norm:              0.0000005859
      Reference weight:           0.36658

      Contributions to the CASPT2 correlation energy
      Active & Virtual Only:         -0.1077071938
      One Inactive Excited:          -0.9915724264
      Two Inactive Excited:          -3.9352153194


++ Denominators, etc.
--------------------------------------------------------------------------------------------------------------
 Report on small energy denominators, large coefficients, and large energy contributions.
CASE  SYMM ACTIVE-MIX  NON-ACTIVE INDICES          DENOMINATOR     RHS VALUE       COEFFICIENT     CONTRIBUTION
VJTU     1  Mu1.0001  In1.053                       0.62585713      0.01846139     -0.02681144     -0.00049498
VJTU     1  Mu1.0001  In1.054                       0.62447308     -0.01775034      0.02584040     -0.00045868
VJTU     1  Mu1.0001  In1.060                       0.43829488     -0.01800747      0.03477195     -0.00062615
VJTU     1  Mu1.0001  In1.067                       0.30566390      0.01213026     -0.02846059     -0.00034523
VJTU     1  Mu1.0001  In1.068                       0.29947747     -0.02170565      0.05156167     -0.00111918
VJTU     1  Mu1.0001  In1.069                       0.29586398      0.00927414     -0.02227877     -0.00020662
VJTU     1  Mu1.0001  In1.070                       0.29330632      0.00093948     -0.00231369     -0.00000217
VJTU     1  Mu1.0001  In1.071                       0.29031880     -0.00695992      0.01630243     -0.00011346
VJTU     1  Mu1.0001  In1.072                       0.25266853      0.00129848     -0.00353372     -0.00000459
VJTU     1  Mu1.0001  In1.073                       0.24991677      0.01557078     -0.03852444     -0.00059986
VJTU     1  Mu1.0023  In1.073                       0.52300141      0.01589654     -0.02679816     -0.00042600
VJTU     1  Mu1.0001  In1.074                       0.24953423      0.00091010     -0.00301866     -0.00000275
VJTU     1  Mu1.0001  In1.075                       0.24744370     -0.00031356      0.00101602     -0.00000032
VJTU     1  Mu1.0001  In1.076                       0.24013655      0.00160237     -0.00413525     -0.00000663
VJTU     1  Mu1.0001  In1.077                       0.22436293      0.00444103     -0.01143701     -0.00005079
VJTU     1  Mu1.0002  In1.077                       0.29159812      0.00009834     -0.00022268     -0.00000002
VJTU     1  Mu1.0001  In1.078                       0.21938836     -0.01762880      0.04528861     -0.00079838
VJTU     1  Mu1.0002  In1.078                       0.28662356     -0.00024702      0.00060320     -0.00000015
VJTU     1  Mu1.0001  In1.079                       0.20574104     -0.02048247      0.05292918     -0.00108412
VJTU     1  Mu1.0002  In1.079                       0.27297624     -0.00029494      0.00073341     -0.00000022
VJTU     1  Mu1.0001  In1.080                       0.19307678      0.01762091     -0.04532660     -0.00079870
VJTU     1  Mu1.0002  In1.080                       0.26031198      0.00024186     -0.00060650     -0.00000015
VJTU     1  Mu1.0003  In1.080                       0.29493594      0.00269747     -0.00638300     -0.00001722
VJTU     1  Mu1.0001  In1.081                       0.19223808      0.01195473     -0.03117784     -0.00037272
VJTU     1  Mu1.0002  In1.081                       0.25947327      0.00015232     -0.00039358     -0.00000006
VJTU     1  Mu1.0003  In1.081                       0.29409724      0.00157880     -0.00378712     -0.00000598
VJTU     1  Mu1.0001  In1.082                       0.18240759     -0.01510422      0.03675129     -0.00055510
VJTU     1  Mu1.0002  In1.082                       0.24964278     -0.00014432      0.00034598     -0.00000005
VJTU     1  Mu1.0003  In1.082                       0.28426675     -0.00295282      0.00683454     -0.00002018
VJTU     1  Mu1.0004  In1.082                       0.29282247     -0.00050055      0.00105882     -0.00000053
VJTU     1  Mu1.0005  In1.082                       0.29986961      0.00024049     -0.00051573     -0.00000012
VJTU     1  Mu1.0001  In1.083                       0.17809718     -0.01352650      0.03496435     -0.00047295
VJTU     1  Mu1.0002  In1.083                       0.24533238     -0.00023127      0.00059903     -0.00000014
VJTU     1  Mu1.0003  In1.083                       0.27995634     -0.00171337      0.00416703     -0.00000714
VJTU     1  Mu1.0004  In1.083                       0.28851206     -0.00062161      0.00150969     -0.00000094
VJTU     1  Mu1.0005  In1.083                       0.29555920      0.00026874     -0.00061399     -0.00000017
VJTU     1  Mu1.0001  In1.084                       0.16858005      0.00037943     -0.00121401     -0.00000046
VJTU     1  Mu1.0002  In1.084                       0.23581525      0.00006111     -0.00015270     -0.00000001
VJTU     1  Mu1.0003  In1.084                       0.27043922      0.00015964     -0.00042464     -0.00000007
VJTU     1  Mu1.0004  In1.084                       0.27899493     -0.00000497      0.00000772     -0.00000000
VJTU     1  Mu1.0005  In1.084                       0.28604207     -0.00003124      0.00007277     -0.00000000
VJTU     1  Mu1.0006  In1.084                       0.29721556      0.00009470     -0.00022569     -0.00000002
VJTU     1  Mu1.0001  In1.085                       0.16637532     -0.00294140      0.00750262     -0.00002207
VJTU     1  Mu1.0002  In1.085                       0.23361052      0.00000740     -0.00002228     -0.00000000
VJTU     1  Mu1.0003  In1.085                       0.26823449     -0.00040879      0.00100631     -0.00000041
VJTU     1  Mu1.0004  In1.085                       0.27679020     -0.00020845      0.00049921     -0.00000010
VJTU     1  Mu1.0005  In1.085                       0.28383735      0.00003457     -0.00006510     -0.00000000
VJTU     1  Mu1.0006  In1.085                       0.29501084     -0.00016211      0.00038216     -0.00000006
VJTU     1  Mu1.0001  In1.086                       0.13297504      0.00239022     -0.00572246     -0.00001368
VJTU     1  Mu1.0002  In1.086                       0.20021024      0.00003117     -0.00007377     -0.00000000
VJTU     1  Mu1.0003  In1.086                       0.23483420      0.00036514     -0.00092688     -0.00000034
VJTU     1  Mu1.0004  In1.086                       0.24338992      0.00016132     -0.00039304     -0.00000006
VJTU     1  Mu1.0005  In1.086                       0.25043706     -0.00009939      0.00022016     -0.00000002
VJTU     1  Mu1.0006  In1.086                       0.26161055      0.00007020     -0.00017757     -0.00000001
VJTU     1  Mu1.0007  In1.086                       0.27819992     -0.00006583      0.00014282     -0.00000001
VJTU     1  Mu1.0008  In1.086                       0.28008843     -0.00010658      0.00024174     -0.00000003
VJTU     1  Mu1.0009  In1.086                       0.28540586     -0.00003531      0.00004811     -0.00000000
VJTU     1  Mu1.0010  In1.086                       0.29021490      0.00003972     -0.00006796     -0.00000000
VJTU     1  Mu1.0011  In1.086                       0.29584431      0.00008097     -0.00019957     -0.00000002
VJTU     1  Mu1.0001  In1.087                       0.12539377     -0.00940760      0.02168656     -0.00020402
VJTU     1  Mu1.0002  In1.087                       0.19262897      0.00006031     -0.00015412     -0.00000001
VJTU     1  Mu1.0003  In1.087                       0.22725294     -0.00135642      0.00343213     -0.00000466
VJTU     1  Mu1.0004  In1.087                       0.23580865     -0.00084128      0.00206535     -0.00000174
VJTU     1  Mu1.0005  In1.087                       0.24285580      0.00029566     -0.00069115     -0.00000020
VJTU     1  Mu1.0006  In1.087                       0.25402928     -0.00063653      0.00152401     -0.00000097
VJTU     1  Mu1.0007  In1.087                       0.27061865      0.00006537     -0.00016792     -0.00000001
VJTU     1  Mu1.0008  In1.087                       0.27250716      0.00019029     -0.00048876     -0.00000009
VJTU     1  Mu1.0009  In1.087                       0.27782460      0.00002599     -0.00010867     -0.00000000
VJTU     1  Mu1.0010  In1.087                       0.28263363      0.00013449     -0.00033205     -0.00000004
VJTU     1  Mu1.0011  In1.087                       0.28826304      0.00024919     -0.00054300     -0.00000014
VJTU     1  Mu1.0012  In1.087                       0.29743858     -0.00207087      0.00475454     -0.00000985
VJTU     1  Mu1.0023  In1.087                       0.39847841      0.01276161     -0.02779304     -0.00035468
VJTU     1  Mu1.0001  In1.088                       0.12183385      0.02389953     -0.05392443     -0.00128877
VJTU     1  Mu1.0002  In1.088                       0.18906905      0.00025376     -0.00066181     -0.00000017
VJTU     1  Mu1.0003  In1.088                       0.22369302      0.00335984     -0.00842389     -0.00002830
VJTU     1  Mu1.0004  In1.088                       0.23224873      0.00126292     -0.00312834     -0.00000395
VJTU     1  Mu1.0005  In1.088                       0.23929588     -0.00074406      0.00177628     -0.00000132
VJTU     1  Mu1.0006  In1.088                       0.25046936      0.00136361     -0.00330331     -0.00000450
VJTU     1  Mu1.0007  In1.088                       0.26705873     -0.00029615      0.00068048     -0.00000020
VJTU     1  Mu1.0008  In1.088                       0.26894725     -0.00074778      0.00180232     -0.00000135
VJTU     1  Mu1.0009  In1.088                       0.27426468     -0.00018754      0.00046053     -0.00000009
VJTU     1  Mu1.0010  In1.088                       0.27907372     -0.00044088      0.00113961     -0.00000050
VJTU     1  Mu1.0011  In1.088                       0.28470312     -0.00030886      0.00076109     -0.00000024
VJTU     1  Mu1.0012  In1.088                       0.29387866      0.00126002     -0.00294930     -0.00000372
VJTU     1  Mu1.0013  In1.088                       0.29987014      0.00054743     -0.00133026     -0.00000073
VJTU     1  Mu1.0001  In1.089                       0.12131850      0.00847170     -0.01874005     -0.00015876
VJTU     1  Mu1.0002  In1.089                       0.18855370     -0.00005365      0.00014429     -0.00000001
VJTU     1  Mu1.0003  In1.089                       0.22317767      0.00134612     -0.00334750     -0.00000451
VJTU     1  Mu1.0004  In1.089                       0.23173338      0.00101062     -0.00242886     -0.00000245
VJTU     1  Mu1.0005  In1.089                       0.23878053     -0.00028000      0.00065975     -0.00000018
VJTU     1  Mu1.0006  In1.089                       0.24995401      0.00055636     -0.00135867     -0.00000076
VJTU     1  Mu1.0007  In1.089                       0.26654338     -0.00000266      0.00001825     -0.00000000
VJTU     1  Mu1.0008  In1.089                       0.26843190     -0.00011872      0.00030948     -0.00000004
VJTU     1  Mu1.0009  In1.089                       0.27374933     -0.00038332      0.00093952     -0.00000036
VJTU     1  Mu1.0010  In1.089                       0.27855836     -0.00022671      0.00051219     -0.00000012
VJTU     1  Mu1.0011  In1.089                       0.28418777     -0.00029488      0.00069247     -0.00000020
VJTU     1  Mu1.0012  In1.089                       0.29336331      0.00249273     -0.00583500     -0.00001455
VJTU     1  Mu1.0013  In1.089                       0.29935479     -0.00007732      0.00017905     -0.00000001
VJTU     1  Mu1.0001  In1.090                       0.11753119      0.04508398     -0.09934510     -0.00447887
VJTU     1  Mu1.0002  In1.090                       0.18476639      0.00085369     -0.00220790     -0.00000188
VJTU     1  Mu1.0003  In1.090                       0.21939036      0.00692437     -0.01731967     -0.00011993
VJTU     1  Mu1.0004  In1.090                       0.22794607      0.00233222     -0.00582062     -0.00001357
VJTU     1  Mu1.0005  In1.090                       0.23499322     -0.00183183      0.00447181     -0.00000819
VJTU     1  Mu1.0006  In1.090                       0.24616670      0.00248372     -0.00602374     -0.00001496
VJTU     1  Mu1.0007  In1.090                       0.26275607     -0.00045047      0.00101847     -0.00000046
VJTU     1  Mu1.0008  In1.090                       0.26464458     -0.00125798      0.00297334     -0.00000374
VJTU     1  Mu1.0009  In1.090                       0.26996202      0.00042397     -0.00101860     -0.00000043
VJTU     1  Mu1.0010  In1.090                       0.27477105     -0.00085163      0.00216801     -0.00000185
VJTU     1  Mu1.0011  In1.090                       0.28040046     -0.00019782      0.00047669     -0.00000009
VJTU     1  Mu1.0012  In1.090                       0.28957600     -0.00164463      0.00393755     -0.00000648
VJTU     1  Mu1.0013  In1.090                       0.29556748      0.00114070     -0.00257471     -0.00000294
VJTU     1  Mu1.0001  In1.091                       0.11353540      0.01421109     -0.03032120     -0.00043090
VJTU     1  Mu1.0002  In1.091                       0.18077060     -0.00004510      0.00015958     -0.00000001
VJTU     1  Mu1.0003  In1.091                       0.21539457      0.00218351     -0.00539110     -0.00001177
VJTU     1  Mu1.0004  In1.091                       0.22395028      0.00112287     -0.00273878     -0.00000308
VJTU     1  Mu1.0005  In1.091                       0.23099743     -0.00011617      0.00023359     -0.00000003
VJTU     1  Mu1.0006  In1.091                       0.24217091      0.00074393     -0.00183123     -0.00000136
VJTU     1  Mu1.0007  In1.091                       0.25876028     -0.00043145      0.00100671     -0.00000043
VJTU     1  Mu1.0008  In1.091                       0.26064880     -0.00028080      0.00066085     -0.00000019
VJTU     1  Mu1.0009  In1.091                       0.26596623     -0.00086693      0.00206848     -0.00000179
VJTU     1  Mu1.0010  In1.091                       0.27077527     -0.00071187      0.00175744     -0.00000125
VJTU     1  Mu1.0011  In1.091                       0.27640467     -0.00018575      0.00050754     -0.00000009
VJTU     1  Mu1.0012  In1.091                       0.28558021      0.00143451     -0.00343144     -0.00000492
VJTU     1  Mu1.0013  In1.091                       0.29157169      0.00058528     -0.00135170     -0.00000079
VJTU     1  Mu1.0001  In1.092                       0.08924199      0.00255925     -0.00492879     -0.00001261
VJTU     1  Mu1.0002  In1.092                       0.15647719     -0.00021093      0.00053557     -0.00000011
VJTU     1  Mu1.0003  In1.092                       0.19110116      0.00028203     -0.00070553     -0.00000020
VJTU     1  Mu1.0004  In1.092                       0.19965687      0.00025782     -0.00070498     -0.00000018
VJTU     1  Mu1.0005  In1.092                       0.20670402      0.00016247     -0.00042474     -0.00000007
VJTU     1  Mu1.0006  In1.092                       0.21787750      0.00027283     -0.00070029     -0.00000019
VJTU     1  Mu1.0007  In1.092                       0.23446687      0.00009708     -0.00023949     -0.00000002
VJTU     1  Mu1.0008  In1.092                       0.23635539     -0.00010313      0.00025242     -0.00000003
VJTU     1  Mu1.0009  In1.092                       0.24167282     -0.00047326      0.00117307     -0.00000056
VJTU     1  Mu1.0010  In1.092                       0.24648186     -0.00012773      0.00032435     -0.00000004
VJTU     1  Mu1.0011  In1.092                       0.25211126     -0.00028783      0.00073505     -0.00000021
VJTU     1  Mu1.0012  In1.092                       0.26128680      0.00058734     -0.00146186     -0.00000086
VJTU     1  Mu1.0013  In1.092                       0.26727828     -0.00002896      0.00006931     -0.00000000
VJTU     1  Mu1.0014  In1.092                       0.28326566      0.00000042     -0.00001478     -0.00000000
VJTU     1  Mu1.0015  In1.092                       0.29232177     -0.00007438      0.00016700     -0.00000001
VJTU     1  Mu1.0001  In1.093                       0.08661700      0.01505717     -0.02837861     -0.00042730
VJTU     1  Mu1.0002  In1.093                       0.15385220      0.00013354     -0.00031426     -0.00000004
VJTU     1  Mu1.0003  In1.093                       0.18847616      0.00216786     -0.00553166     -0.00001199
VJTU     1  Mu1.0004  In1.093                       0.19703188      0.00061109     -0.00166762     -0.00000102
VJTU     1  Mu1.0005  In1.093                       0.20407902     -0.00033982      0.00081951     -0.00000028
VJTU     1  Mu1.0006  In1.093                       0.21525251      0.00098534     -0.00243647     -0.00000240
VJTU     1  Mu1.0007  In1.093                       0.23184188     -0.00025535      0.00062242     -0.00000016
VJTU     1  Mu1.0008  In1.093                       0.23373039     -0.00052088      0.00128083     -0.00000067
VJTU     1  Mu1.0009  In1.093                       0.23904782      0.00006725     -0.00014162     -0.00000001
VJTU     1  Mu1.0010  In1.093                       0.24385686     -0.00016380      0.00048262     -0.00000008
VJTU     1  Mu1.0011  In1.093                       0.24948627     -0.00017671      0.00038290     -0.00000007
VJTU     1  Mu1.0012  In1.093                       0.25866181     -0.00039754      0.00098294     -0.00000039
VJTU     1  Mu1.0013  In1.093                       0.26465329      0.00004899     -0.00022468     -0.00000001
VJTU     1  Mu1.0014  In1.093                       0.28064066     -0.00028136      0.00072092     -0.00000020
VJTU     1  Mu1.0015  In1.093                       0.28969677     -0.00122481      0.00275052     -0.00000337
VJTU     1  Mu1.0023  In1.093                       0.35970164      0.01433848     -0.03045428     -0.00043667
VJTU     1  Mu1.0001  In1.094                       0.07871030     -0.00816520      0.01451298     -0.00011850
VJTU     1  Mu1.0002  In1.094                       0.14594550     -0.00037090      0.00090813     -0.00000034
VJTU     1  Mu1.0003  In1.094                       0.18056947     -0.00156242      0.00398159     -0.00000622
VJTU     1  Mu1.0004  In1.094                       0.18912518      0.00066347     -0.00160245     -0.00000106
VJTU     1  Mu1.0005  In1.094                       0.19617233      0.00002883     -0.00009535     -0.00000000
VJTU     1  Mu1.0006  In1.094                       0.20734581     -0.00030121      0.00074424     -0.00000022
VJTU     1  Mu1.0007  In1.094                       0.22393518      0.00039874     -0.00092046     -0.00000037
VJTU     1  Mu1.0008  In1.094                       0.22582370      0.00091967     -0.00232095     -0.00000213
VJTU     1  Mu1.0009  In1.094                       0.23114113      0.00004959     -0.00015469     -0.00000001
VJTU     1  Mu1.0010  In1.094                       0.23595017      0.00035979     -0.00094143     -0.00000034
VJTU     1  Mu1.0011  In1.094                       0.24157957      0.00005453     -0.00017081     -0.00000001
VJTU     1  Mu1.0012  In1.094                       0.25075511      0.00002474      0.00019876      0.00000000
VJTU     1  Mu1.0013  In1.094                       0.25674659      0.00007330     -0.00024639     -0.00000002
VJTU     1  Mu1.0014  In1.094                       0.27273397      0.00023857     -0.00066113     -0.00000016
VJTU     1  Mu1.0015  In1.094                       0.28179008      0.00177388     -0.00425681     -0.00000755
VJTU     1  Mu1.0016  In1.094                       0.29239335      0.00008494     -0.00017727     -0.00000002
VJTU     1  Mu1.0001  In1.095                       0.07755072     -0.01415642      0.02521234     -0.00035692
VJTU     1  Mu1.0002  In1.095                       0.14478592      0.00008438     -0.00021475     -0.00000002
VJTU     1  Mu1.0003  In1.095                       0.17940989     -0.00186179      0.00481736     -0.00000897
VJTU     1  Mu1.0004  In1.095                       0.18796560     -0.00025300      0.00085542     -0.00000022
VJTU     1  Mu1.0005  In1.095                       0.19501275      0.00024498     -0.00053936     -0.00000013
VJTU     1  Mu1.0006  In1.095                       0.20618623     -0.00115274      0.00292045     -0.00000337
VJTU     1  Mu1.0007  In1.095                       0.22277560      0.00010019     -0.00020831     -0.00000002
VJTU     1  Mu1.0008  In1.095                       0.22466411      0.00092693     -0.00233417     -0.00000216
VJTU     1  Mu1.0009  In1.095                       0.22998155      0.00005135     -0.00009766     -0.00000001
VJTU     1  Mu1.0010  In1.095                       0.23479058      0.00016359     -0.00053143     -0.00000009
VJTU     1  Mu1.0011  In1.095                       0.24041999      0.00021235     -0.00056654     -0.00000012
VJTU     1  Mu1.0012  In1.095                       0.24959553     -0.00042298      0.00114654     -0.00000048
VJTU     1  Mu1.0013  In1.095                       0.25558701      0.00020069     -0.00038657     -0.00000008
VJTU     1  Mu1.0014  In1.095                       0.27157438      0.00021517     -0.00058276     -0.00000013
VJTU     1  Mu1.0015  In1.095                       0.28063050      0.00186005     -0.00430905     -0.00000802
VJTU     1  Mu1.0016  In1.095                       0.29123377      0.00007006     -0.00018213     -0.00000001
VJTU     1  Mu1.0023  In1.095                       0.35063536     -0.01205011      0.02808100     -0.00033838
VJTU     1  Mu1.0001  In1.096                       0.06870303      0.00282478     -0.00515365     -0.00001456
VJTU     1  Mu1.0002  In1.096                       0.13593823      0.00010196     -0.00028600     -0.00000003
VJTU     1  Mu1.0003  In1.096                       0.17056220     -0.00058095      0.00131314     -0.00000076
VJTU     1  Mu1.0004  In1.096                       0.17911791      0.00003468     -0.00035713     -0.00000001
VJTU     1  Mu1.0005  In1.096                       0.18616506     -0.00094449      0.00239886     -0.00000227
VJTU     1  Mu1.0006  In1.096                       0.19733855      0.00094186     -0.00235472     -0.00000222
VJTU     1  Mu1.0007  In1.096                       0.21392792      0.00005821     -0.00012831     -0.00000001
VJTU     1  Mu1.0008  In1.096                       0.21581643     -0.00003368      0.00007010     -0.00000000
VJTU     1  Mu1.0009  In1.096                       0.22113386      0.00013889     -0.00030956     -0.00000004
VJTU     1  Mu1.0010  In1.096                       0.22594290      0.00058186     -0.00135659     -0.00000079
VJTU     1  Mu1.0011  In1.096                       0.23157230      0.00015195     -0.00038135     -0.00000006
VJTU     1  Mu1.0012  In1.096                       0.24074784     -0.00011049      0.00030952     -0.00000003
VJTU     1  Mu1.0013  In1.096                       0.24673932     -0.00031544      0.00069930     -0.00000022
VJTU     1  Mu1.0014  In1.096                       0.26272670      0.00007096     -0.00017536     -0.00000001
VJTU     1  Mu1.0015  In1.096                       0.27178281     -0.00040590      0.00099810     -0.00000041
VJTU     1  Mu1.0016  In1.096                       0.28238608      0.00005950     -0.00010918     -0.00000001
VJTU     1  Mu1.0001  In1.097                       0.04734246     -0.04138463      0.04510796     -0.00186678
VJTU     1  Mu1.0002  In1.097                       0.11457765     -0.00074631      0.00158487     -0.00000118
VJTU     1  Mu1.0003  In1.097                       0.14920162     -0.00599644      0.01409423     -0.00008452
VJTU     1  Mu1.0004  In1.097                       0.15775734     -0.00220634      0.00527718     -0.00001164
VJTU     1  Mu1.0005  In1.097                       0.16480448      0.00095386     -0.00226135     -0.00000216
VJTU     1  Mu1.0006  In1.097                       0.17597797     -0.00230746      0.00575411     -0.00001328
VJTU     1  Mu1.0007  In1.097                       0.19256734      0.00024437     -0.00054519     -0.00000013
VJTU     1  Mu1.0008  In1.097                       0.19445585      0.00122405     -0.00291195     -0.00000356
VJTU     1  Mu1.0009  In1.097                       0.19977328      0.00008763     -0.00015004     -0.00000001
VJTU     1  Mu1.0010  In1.097                       0.20458232      0.00105223     -0.00268771     -0.00000283
VJTU     1  Mu1.0011  In1.097                       0.21021173      0.00111364     -0.00266166     -0.00000296
VJTU     1  Mu1.0012  In1.097                       0.21938727     -0.00016429      0.00042214     -0.00000007
VJTU     1  Mu1.0013  In1.097                       0.22537875     -0.00087100      0.00207279     -0.00000181
VJTU     1  Mu1.0014  In1.097                       0.24136612      0.00095411     -0.00229930     -0.00000219
VJTU     1  Mu1.0015  In1.097                       0.25042223      0.00194754     -0.00467177     -0.00000910
VJTU     1  Mu1.0016  In1.097                       0.26102550      0.00058812     -0.00143402     -0.00000084
VJTU     1  Mu1.0017  In1.097                       0.28138551      0.00108836     -0.00254690     -0.00000277
VJTU     1  Mu1.0018  In1.097                       0.28584885      0.00073909     -0.00167945     -0.00000124
VJTU     1  Mu1.0019  In1.097                       0.28866465     -0.00422607      0.01004507     -0.00004245
VJTU     1  Mu1.0020  In1.097                       0.29693319     -0.00101025      0.00236522     -0.00000239
VJTU     1  Mu1.0023  In1.097                       0.32042710     -0.05532156      0.12420771     -0.00687136
VJTU     1  Mu1.0031  In1.097                       0.40177201      0.02461302     -0.04942458     -0.00121649
VJTU     1  Mu1.0001  In1.098                       0.03382970     -0.02248231      0.01629557     -0.00036636
VJTU     1  Mu1.0002  In1.098                       0.10106490     -0.00044284      0.00079814     -0.00000035
VJTU     1  Mu1.0003  In1.098                       0.13568886     -0.00546675      0.01207268     -0.00006600
VJTU     1  Mu1.0004  In1.098                       0.14424458     -0.00043311      0.00065064     -0.00000028
VJTU     1  Mu1.0005  In1.098                       0.15129172      0.00060624     -0.00142557     -0.00000086
VJTU     1  Mu1.0006  In1.098                       0.16246521     -0.00126717      0.00301951     -0.00000383
VJTU     1  Mu1.0007  In1.098                       0.17905458      0.00127411     -0.00304669     -0.00000388
VJTU     1  Mu1.0008  In1.098                       0.18094309      0.00050998     -0.00107752     -0.00000055
VJTU     1  Mu1.0009  In1.098                       0.18626052      0.00034051     -0.00075952     -0.00000026
VJTU     1  Mu1.0010  In1.098                       0.19106956      0.00105759     -0.00255371     -0.00000270
VJTU     1  Mu1.0011  In1.098                       0.19669897      0.00022847     -0.00041311     -0.00000009
VJTU     1  Mu1.0012  In1.098                       0.20587451     -0.00060760      0.00145009     -0.00000088
VJTU     1  Mu1.0013  In1.098                       0.21186599     -0.00150999      0.00359636     -0.00000543
VJTU     1  Mu1.0014  In1.098                       0.22785336      0.00026456     -0.00056663     -0.00000015
VJTU     1  Mu1.0015  In1.098                       0.23690947      0.00051143     -0.00112960     -0.00000058
VJTU     1  Mu1.0016  In1.098                       0.24751274     -0.00001334      0.00006012     -0.00000000
VJTU     1  Mu1.0017  In1.098                       0.26787275      0.00140581     -0.00324420     -0.00000456
VJTU     1  Mu1.0018  In1.098                       0.27233609      0.00048159     -0.00100319     -0.00000048
VJTU     1  Mu1.0019  In1.098                       0.27515190     -0.00072209      0.00180563     -0.00000130
VJTU     1  Mu1.0020  In1.098                       0.28342043      0.00005590     -0.00022932     -0.00000001
VJTU     1  Mu1.0021  In1.098                       0.28977535     -0.00361420      0.00807508     -0.00002918
VJTU     1  Mu1.0001  In1.099                       0.01131173      0.01668561     -0.00461368     -0.00007698
VJTU     1  Mu1.0002  In1.099                       0.07854693      0.00027750     -0.00048973     -0.00000014
VJTU     1  Mu1.0003  In1.099                       0.11317090      0.00197783     -0.00418308     -0.00000827
VJTU     1  Mu1.0004  In1.099                       0.12172661      0.00033093     -0.00092652     -0.00000031
VJTU     1  Mu1.0005  In1.099                       0.12877375     -0.00017753      0.00049189     -0.00000009
VJTU     1  Mu1.0006  In1.099                       0.13994724      0.00067732     -0.00148261     -0.00000100
VJTU     1  Mu1.0007  In1.099                       0.15653661      0.00009536     -0.00026670     -0.00000003
VJTU     1  Mu1.0008  In1.099                       0.15842512     -0.00043691      0.00101797     -0.00000044
VJTU     1  Mu1.0009  In1.099                       0.16374255     -0.00139389      0.00354310     -0.00000494
VJTU     1  Mu1.0010  In1.099                       0.16855159     -0.00057875      0.00154551     -0.00000089
VJTU     1  Mu1.0011  In1.099                       0.17418100     -0.00106035      0.00265146     -0.00000281
VJTU     1  Mu1.0012  In1.099                       0.18335654      0.00091277     -0.00232065     -0.00000212
VJTU     1  Mu1.0013  In1.099                       0.18934802      0.00001690     -0.00005970     -0.00000000
VJTU     1  Mu1.0014  In1.099                       0.20533539     -0.00033737      0.00083606     -0.00000028
VJTU     1  Mu1.0015  In1.099                       0.21439151     -0.00060965      0.00149603     -0.00000091
VJTU     1  Mu1.0016  In1.099                       0.22499478      0.00039107     -0.00103157     -0.00000040
VJTU     1  Mu1.0017  In1.099                       0.24535478     -0.00061997      0.00152956     -0.00000095
VJTU     1  Mu1.0018  In1.099                       0.24981812     -0.00041043      0.00104729     -0.00000043
VJTU     1  Mu1.0019  In1.099                       0.25263393     -0.00130579      0.00349414     -0.00000456
VJTU     1  Mu1.0020  In1.099                       0.26090246     -0.00017533      0.00037211     -0.00000007
VJTU     1  Mu1.0021  In1.099                       0.26725738      0.00130593     -0.00317148     -0.00000414
VJTU     1  Mu1.0022  In1.099                       0.28128587      0.00410485     -0.00998898     -0.00004100
VJTU     1  Mu1.0023  In1.099                       0.28439637     -0.03871395      0.09393111     -0.00363644
VJTU     1  Mu1.0031  In1.099                       0.36574128      0.01589799     -0.03467997     -0.00055134
VJTU     1  Mu1.0001  In1.100                      -0.01178849     -0.10273118     -0.02752242      0.00282741
VJTU     1  Mu1.0002  In1.100                       0.05544670     -0.00137053      0.00161395     -0.00000221
VJTU     1  Mu1.0003  In1.100                       0.09007067     -0.01673171      0.02971931     -0.00049725
VJTU     1  Mu1.0004  In1.100                       0.09862639     -0.00640948      0.01231634     -0.00007894
VJTU     1  Mu1.0005  In1.100                       0.10567353      0.00386421     -0.00800523     -0.00003093
VJTU     1  Mu1.0006  In1.100                       0.11684702     -0.00664008      0.01429210     -0.00009490
VJTU     1  Mu1.0007  In1.100                       0.13343639      0.00008334      0.00012907      0.00000001
VJTU     1  Mu1.0008  In1.100                       0.13532490      0.00332110     -0.00702376     -0.00002333
VJTU     1  Mu1.0009  In1.100                       0.14064233      0.00144061     -0.00333272     -0.00000480
VJTU     1  Mu1.0010  In1.100                       0.14545137      0.00213698     -0.00480210     -0.00001026
VJTU     1  Mu1.0011  In1.100                       0.15108077      0.00247365     -0.00550293     -0.00001361
VJTU     1  Mu1.0012  In1.100                       0.16025631     -0.00148076      0.00367345     -0.00000544
VJTU     1  Mu1.0013  In1.100                       0.16624780     -0.00139606      0.00312662     -0.00000436
VJTU     1  Mu1.0014  In1.100                       0.18223517      0.00173055     -0.00394624     -0.00000683
VJTU     1  Mu1.0015  In1.100                       0.19129128      0.00582923     -0.01408011     -0.00008208
VJTU     1  Mu1.0016  In1.100                       0.20189455     -0.00005191      0.00017400     -0.00000001
VJTU     1  Mu1.0017  In1.100                       0.22225456      0.00272122     -0.00612781     -0.00001668
VJTU     1  Mu1.0018  In1.100                       0.22671790      0.00127205     -0.00282079     -0.00000359
VJTU     1  Mu1.0019  In1.100                       0.22953370     -0.00113607      0.00275001     -0.00000312
VJTU     1  Mu1.0020  In1.100                       0.23780223     -0.00108901      0.00269803     -0.00000294
VJTU     1  Mu1.0021  In1.100                       0.24415716     -0.01491800      0.03590182     -0.00053558
VJTU     1  Mu1.0022  In1.100                       0.25818565     -0.00273609      0.00635051     -0.00001738
VJTU     1  Mu1.0023  In1.100                       0.26129615      0.00807489     -0.01976062     -0.00015956
VJTU     1  Mu1.0024  In1.100                       0.29761923     -0.00036390      0.00084634     -0.00000031
VJTU     1  Mu1.0207  In1.100                       0.71731222      0.02719007     -0.03769650     -0.00102497
VJTIM    1  Mu1.0002  In1.100 In1.094               0.49301164      0.01370464     -0.02534255     -0.00034731
VJTIM    1  Mu1.0006  In1.100 In1.094               0.57222474     -0.01558661      0.02540355     -0.00039596
ATVX     1  Mu1.0001  Se1.113                      -0.05572976      0.00023677      0.00024603      0.00000006
ATVX     1  Mu1.0002  Se1.113                      -0.00410314      0.00007517      0.00000438      0.00000000
ATVX     1  Mu1.0003  Se1.113                       0.02520819     -0.00004408      0.00001692     -0.00000000
ATVX     1  Mu1.0004  Se1.113                       0.06846228      0.00032535     -0.00053129     -0.00000017
ATVX     1  Mu1.0005  Se1.113                       0.09277110      0.00089638     -0.00152823     -0.00000137
ATVX     1  Mu1.0006  Se1.113                       0.13137669     -0.00168475      0.00633090     -0.00001067
ATVX     1  Mu1.0007  Se1.113                       0.14859331     -0.00060288      0.00145369     -0.00000088
ATVX     1  Mu1.0008  Se1.113                       0.16086908     -0.00115620      0.00273189     -0.00000316
ATVX     1  Mu1.0009  Se1.113                       0.19502251      0.00017554     -0.00011074     -0.00000002
ATVX     1  Mu1.0010  Se1.113                       0.20100152     -0.00079693      0.00096824     -0.00000077
ATVX     1  Mu1.0011  Se1.113                       0.20147733     -0.00008997      0.00057445     -0.00000005
ATVX     1  Mu1.0012  Se1.113                       0.21350078      0.00186578     -0.00610906     -0.00001140
ATVX     1  Mu1.0013  Se1.113                       0.22282931     -0.00046949      0.00104468     -0.00000049
ATVX     1  Mu1.0014  Se1.113                       0.23620151     -0.00414853      0.01044885     -0.00004335
ATVX     1  Mu1.0015  Se1.113                       0.23712149      0.00091886     -0.00231632     -0.00000213
ATVX     1  Mu1.0016  Se1.113                       0.25066231      0.00023989     -0.00058029     -0.00000014
ATVX     1  Mu1.0017  Se1.113                       0.25681215      0.00061608     -0.00223285     -0.00000138
ATVX     1  Mu1.0018  Se1.113                       0.26479896      0.00099526     -0.00227094     -0.00000226
ATVX     1  Mu1.0019  Se1.113                       0.26855081      0.00005913     -0.00077151     -0.00000005
ATVX     1  Mu1.0020  Se1.113                       0.27504651     -0.00139948      0.00327395     -0.00000458
ATVX     1  Mu1.0021  Se1.113                       0.28064460     -0.00017354      0.00050542     -0.00000009
ATVX     1  Mu1.0022  Se1.113                       0.28603804      0.00021099     -0.00064169     -0.00000014
ATVX     1  Mu1.0023  Se1.113                       0.28854640      0.00028212     -0.00056121     -0.00000016
ATVX     1  Mu1.0024  Se1.113                       0.28935877     -0.00016467      0.00031711     -0.00000005
ATVX     1  Mu1.0025  Se1.113                       0.29112873     -0.00001283     -0.00015626      0.00000000
ATVX     1  Mu1.0026  Se1.113                       0.29332791      0.00036969     -0.00093469     -0.00000035
ATVX     1  Mu1.0027  Se1.113                       0.29620638     -0.00112189      0.00268702     -0.00000301
ATVX     1  Mu1.0001  Se1.114                      -0.02613592     -0.00044105     -0.00031364      0.00000014
ATVX     1  Mu1.0002  Se1.114                       0.02549069      0.00000536      0.00002505      0.00000000
ATVX     1  Mu1.0003  Se1.114                       0.05480202      0.00010305     -0.00015419     -0.00000002
ATVX     1  Mu1.0004  Se1.114                       0.09805611      0.00141436     -0.00282808     -0.00000400
ATVX     1  Mu1.0005  Se1.114                       0.12236493      0.00038551     -0.00108515     -0.00000042
ATVX     1  Mu1.0006  Se1.114                       0.16097053      0.00008993     -0.00019178     -0.00000002
ATVX     1  Mu1.0007  Se1.114                       0.17818714      0.00152331     -0.00496589     -0.00000756
ATVX     1  Mu1.0008  Se1.114                       0.19046291     -0.00056747      0.00131934     -0.00000075
ATVX     1  Mu1.0009  Se1.114                       0.22461634     -0.00032066      0.00101653     -0.00000033
ATVX     1  Mu1.0010  Se1.114                       0.23059535      0.00021137     -0.00041320     -0.00000009
ATVX     1  Mu1.0011  Se1.114                       0.23107116     -0.00080733      0.00190959     -0.00000154
ATVX     1  Mu1.0012  Se1.114                       0.24309461     -0.00044648      0.00101053     -0.00000045
ATVX     1  Mu1.0013  Se1.114                       0.25242314      0.00016042     -0.00046246     -0.00000007
ATVX     1  Mu1.0014  Se1.114                       0.26579534      0.00032512     -0.00080855     -0.00000026
ATVX     1  Mu1.0015  Se1.114                       0.26671532      0.00174388     -0.00433472     -0.00000756
ATVX     1  Mu1.0016  Se1.114                       0.28025614     -0.00088864      0.00225524     -0.00000200
ATVX     1  Mu1.0017  Se1.114                       0.28640599     -0.00018848      0.00064271     -0.00000012
ATVX     1  Mu1.0018  Se1.114                       0.29439280      0.00023095     -0.00053245     -0.00000012
ATVX     1  Mu1.0019  Se1.114                       0.29814465     -0.00017112      0.00047118     -0.00000008
ATVX     1  Mu1.0001  Se1.115                      -0.02452142      0.00003791      0.00002509      0.00000000
ATVX     1  Mu1.0002  Se1.115                       0.02710519      0.00001901     -0.00001487     -0.00000000
ATVX     1  Mu1.0003  Se1.115                       0.05641653     -0.00001372      0.00001337     -0.00000000
ATVX     1  Mu1.0004  Se1.115                       0.09967061     -0.00002284      0.00006985     -0.00000000
ATVX     1  Mu1.0005  Se1.115                       0.12397943     -0.00049661      0.00142823     -0.00000071
ATVX     1  Mu1.0006  Se1.115                       0.16258503     -0.00020714      0.00043834     -0.00000009
ATVX     1  Mu1.0007  Se1.115                       0.17980164     -0.00027304      0.00072700     -0.00000020
ATVX     1  Mu1.0008  Se1.115                       0.19207741     -0.00071344      0.00152168     -0.00000109
ATVX     1  Mu1.0009  Se1.115                       0.22623084      0.00005657     -0.00010747     -0.00000001
ATVX     1  Mu1.0010  Se1.115                       0.23220985     -0.00008561      0.00017494     -0.00000001
ATVX     1  Mu1.0011  Se1.115                       0.23268566     -0.00002445      0.00006225     -0.00000000
ATVX     1  Mu1.0012  Se1.115                       0.24470912     -0.00094083      0.00200963     -0.00000189
ATVX     1  Mu1.0013  Se1.115                       0.25403764     -0.00003566      0.00010807     -0.00000000
ATVX     1  Mu1.0014  Se1.115                       0.26740984     -0.00117903      0.00283945     -0.00000335
ATVX     1  Mu1.0015  Se1.115                       0.26832982      0.00012121     -0.00030981     -0.00000004
ATVX     1  Mu1.0016  Se1.115                       0.28187064      0.00007068     -0.00004768     -0.00000000
ATVX     1  Mu1.0017  Se1.115                       0.28802049      0.00014291     -0.00042985     -0.00000006
ATVX     1  Mu1.0018  Se1.115                       0.29600730      0.00006354     -0.00018895     -0.00000001
ATVX     1  Mu1.0019  Se1.115                       0.29975915     -0.00011454      0.00028066     -0.00000003
ATVX     1  Mu1.0001  Se1.116                      -0.02025573     -0.00006009     -0.00002357      0.00000000
ATVX     1  Mu1.0002  Se1.116                       0.03137088     -0.00008625      0.00004925     -0.00000000
ATVX     1  Mu1.0003  Se1.116                       0.06068221      0.00000164      0.00000093      0.00000000
ATVX     1  Mu1.0004  Se1.116                       0.10393630     -0.00006530      0.00011529     -0.00000001
ATVX     1  Mu1.0005  Se1.116                       0.12824512     -0.00178039      0.00515580     -0.00000918
ATVX     1  Mu1.0006  Se1.116                       0.16685072      0.00062680     -0.00230248     -0.00000144
ATVX     1  Mu1.0007  Se1.116                       0.18406733      0.00002178      0.00019869      0.00000000
ATVX     1  Mu1.0008  Se1.116                       0.19634310     -0.00049861      0.00122456     -0.00000061
ATVX     1  Mu1.0009  Se1.116                       0.23049653     -0.00002309     -0.00009091      0.00000000
ATVX     1  Mu1.0010  Se1.116                       0.23647554      0.00045007     -0.00112588     -0.00000051
ATVX     1  Mu1.0011  Se1.116                       0.23695135     -0.00007011      0.00015475     -0.00000001
ATVX     1  Mu1.0012  Se1.116                       0.24897480     -0.00020965      0.00090390     -0.00000019
ATVX     1  Mu1.0013  Se1.116                       0.25830333     -0.00008569      0.00023495     -0.00000002
ATVX     1  Mu1.0014  Se1.116                       0.27167553      0.00017644     -0.00049354     -0.00000009
ATVX     1  Mu1.0015  Se1.116                       0.27259551     -0.00031978      0.00082659     -0.00000026
ATVX     1  Mu1.0016  Se1.116                       0.28613633     -0.00008008      0.00013169     -0.00000001
ATVX     1  Mu1.0017  Se1.116                       0.29228618      0.00027728     -0.00101937     -0.00000028
ATVX     1  Mu1.0001  Se1.117                      -0.01279220      0.00010265      0.00003120      0.00000000
ATVX     1  Mu1.0002  Se1.117                       0.03883442     -0.00006937      0.00007208     -0.00000001
ATVX     1  Mu1.0003  Se1.117                       0.06814575     -0.00004423      0.00006446     -0.00000000
ATVX     1  Mu1.0004  Se1.117                       0.11139983     -0.00024231      0.00049712     -0.00000012
ATVX     1  Mu1.0005  Se1.117                       0.13570865      0.00001144     -0.00004201     -0.00000000
ATVX     1  Mu1.0006  Se1.117                       0.17431425     -0.00012895      0.00037836     -0.00000005
ATVX     1  Mu1.0007  Se1.117                       0.19153086     -0.00001687     -0.00006971      0.00000000
ATVX     1  Mu1.0008  Se1.117                       0.20380663      0.00006263     -0.00007478     -0.00000000
ATVX     1  Mu1.0009  Se1.117                       0.23796006     -0.00030981      0.00100670     -0.00000031
ATVX     1  Mu1.0010  Se1.117                       0.24393907     -0.00000799     -0.00003279      0.00000000
ATVX     1  Mu1.0011  Se1.117                       0.24441488      0.00004245     -0.00013872     -0.00000001
ATVX     1  Mu1.0012  Se1.117                       0.25643834      0.00011592     -0.00022714     -0.00000003
ATVX     1  Mu1.0013  Se1.117                       0.26576686     -0.00005722      0.00018243     -0.00000001
ATVX     1  Mu1.0014  Se1.117                       0.27913906      0.00000337      0.00002520      0.00000000
ATVX     1  Mu1.0015  Se1.117                       0.28005905     -0.00020822      0.00051413     -0.00000011
ATVX     1  Mu1.0016  Se1.117                       0.29359986     -0.00003621      0.00008143     -0.00000000
ATVX     1  Mu1.0017  Se1.117                       0.29974971      0.00003201     -0.00009292     -0.00000000
ATVX     1  Mu1.0001  Se1.118                      -0.00579453      0.00003645      0.00000466      0.00000000
ATVX     1  Mu1.0002  Se1.118                       0.04583209      0.00014737     -0.00015078     -0.00000002
ATVX     1  Mu1.0003  Se1.118                       0.07514342      0.00002192     -0.00004506     -0.00000000
ATVX     1  Mu1.0004  Se1.118                       0.11839751     -0.00017433      0.00036266     -0.00000006
ATVX     1  Mu1.0005  Se1.118                       0.14270632      0.00010124     -0.00030663     -0.00000003
ATVX     1  Mu1.0006  Se1.118                       0.18131192      0.00000474     -0.00000984     -0.00000000
ATVX     1  Mu1.0007  Se1.118                       0.19852853      0.00039084     -0.00131564     -0.00000051
ATVX     1  Mu1.0008  Se1.118                       0.21080430     -0.00010574      0.00017827     -0.00000002
ATVX     1  Mu1.0009  Se1.118                       0.24495773     -0.00000617      0.00013028     -0.00000000
ATVX     1  Mu1.0010  Se1.118                       0.25093675      0.00002960     -0.00003821     -0.00000000
ATVX     1  Mu1.0011  Se1.118                       0.25141256     -0.00022539      0.00049991     -0.00000011
ATVX     1  Mu1.0012  Se1.118                       0.26343601      0.00000629      0.00001008      0.00000000
ATVX     1  Mu1.0013  Se1.118                       0.27276454      0.00004567     -0.00012250     -0.00000001
ATVX     1  Mu1.0014  Se1.118                       0.28613673      0.00009384     -0.00023308     -0.00000002
ATVX     1  Mu1.0015  Se1.118                       0.28705672      0.00054504     -0.00133287     -0.00000073
ATVX     1  Mu1.0001  Se1.119                      -0.00429569      0.00003810      0.00000488      0.00000000
ATVX     1  Mu1.0002  Se1.119                       0.04733093      0.00001905     -0.00002378     -0.00000000
ATVX     1  Mu1.0003  Se1.119                       0.07664226     -0.00001564      0.00001927     -0.00000000
ATVX     1  Mu1.0004  Se1.119                       0.11989634     -0.00003787      0.00011563     -0.00000000
ATVX     1  Mu1.0005  Se1.119                       0.14420516     -0.00027684      0.00094081     -0.00000026
ATVX     1  Mu1.0006  Se1.119                       0.18281076      0.00018089     -0.00046512     -0.00000008
ATVX     1  Mu1.0007  Se1.119                       0.20002737     -0.00022752      0.00056507     -0.00000013
ATVX     1  Mu1.0008  Se1.119                       0.21230314     -0.00014020     -0.00001844      0.00000000
ATVX     1  Mu1.0009  Se1.119                       0.24645657      0.00000187      0.00002445      0.00000000
ATVX     1  Mu1.0010  Se1.119                       0.25243558     -0.00014767      0.00030145     -0.00000004
ATVX     1  Mu1.0011  Se1.119                       0.25291139      0.00000961     -0.00000700     -0.00000000
ATVX     1  Mu1.0012  Se1.119                       0.26493485     -0.00173238      0.00390405     -0.00000676
ATVX     1  Mu1.0013  Se1.119                       0.27426337      0.00001837     -0.00003318     -0.00000000
ATVX     1  Mu1.0014  Se1.119                       0.28763557     -0.00095038      0.00222476     -0.00000211
ATVX     1  Mu1.0015  Se1.119                       0.28855556      0.00022323     -0.00051644     -0.00000012
ATVX     1  Mu1.0001  Se1.120                      -0.00022052      0.00024259      0.00000126      0.00000000
ATVX     1  Mu1.0002  Se1.120                       0.05140610     -0.00007602      0.00011956     -0.00000001
ATVX     1  Mu1.0003  Se1.120                       0.08071743     -0.00010210      0.00015783     -0.00000002
ATVX     1  Mu1.0004  Se1.120                       0.12397152     -0.00075104      0.00162579     -0.00000122
ATVX     1  Mu1.0005  Se1.120                       0.14828034      0.00005632     -0.00020245     -0.00000001
ATVX     1  Mu1.0006  Se1.120                       0.18688593     -0.00030390      0.00088088     -0.00000027
ATVX     1  Mu1.0007  Se1.120                       0.20410255      0.00012331     -0.00070254     -0.00000009
ATVX     1  Mu1.0008  Se1.120                       0.21637832      0.00009706     -0.00004218     -0.00000000
ATVX     1  Mu1.0009  Se1.120                       0.25053175     -0.00062878      0.00207899     -0.00000131
ATVX     1  Mu1.0010  Se1.120                       0.25651076     -0.00000314     -0.00010591      0.00000000
ATVX     1  Mu1.0011  Se1.120                       0.25698657      0.00002501     -0.00014344     -0.00000000
ATVX     1  Mu1.0012  Se1.120                       0.26901002      0.00027852     -0.00053756     -0.00000015
ATVX     1  Mu1.0013  Se1.120                       0.27833855     -0.00013646      0.00039488     -0.00000005
ATVX     1  Mu1.0014  Se1.120                       0.29171075      0.00001065      0.00004385      0.00000000
ATVX     1  Mu1.0015  Se1.120                       0.29263073     -0.00030551      0.00074303     -0.00000023
ATVX     1  Mu1.0001  Se1.121                       0.00740725      0.00023177     -0.00003776     -0.00000001
ATVX     1  Mu1.0002  Se1.121                       0.05903387     -0.00024295      0.00038838     -0.00000009
ATVX     1  Mu1.0003  Se1.121                       0.08834520     -0.00015734      0.00024403     -0.00000004
ATVX     1  Mu1.0004  Se1.121                       0.13159929     -0.00108294      0.00241935     -0.00000262
ATVX     1  Mu1.0005  Se1.121                       0.15590810     -0.00000189     -0.00007482      0.00000000
ATVX     1  Mu1.0006  Se1.121                       0.19451370     -0.00046179      0.00132936     -0.00000061
ATVX     1  Mu1.0007  Se1.121                       0.21173031      0.00022787     -0.00112893     -0.00000026
ATVX     1  Mu1.0008  Se1.121                       0.22400608      0.00020182     -0.00021521     -0.00000004
ATVX     1  Mu1.0009  Se1.121                       0.25815952     -0.00093785      0.00306026     -0.00000287
ATVX     1  Mu1.0010  Se1.121                       0.26413853     -0.00000362     -0.00016392      0.00000000
ATVX     1  Mu1.0011  Se1.121                       0.26461434      0.00006035     -0.00026335     -0.00000002
ATVX     1  Mu1.0012  Se1.121                       0.27663779      0.00030253     -0.00053871     -0.00000016
ATVX     1  Mu1.0013  Se1.121                       0.28596632     -0.00018354      0.00049226     -0.00000009
ATVX     1  Mu1.0014  Se1.121                       0.29933851     -0.00003969      0.00019585     -0.00000001
ATVX     1  Mu1.0001  Se1.122                       0.01696397      0.00004042     -0.00003749     -0.00000000
ATVX     1  Mu1.0002  Se1.122                       0.06859058      0.00002884     -0.00007582     -0.00000000
ATVX     1  Mu1.0003  Se1.122                       0.09790191     -0.00003521      0.00003555     -0.00000000
ATVX     1  Mu1.0004  Se1.122                       0.14115600     -0.00006672      0.00026527     -0.00000002
ATVX     1  Mu1.0005  Se1.122                       0.16546482     -0.00150521      0.00578387     -0.00000871
ATVX     1  Mu1.0006  Se1.122                       0.20407042      0.00214351     -0.00689623     -0.00001478
ATVX     1  Mu1.0007  Se1.122                       0.22128703     -0.00078164      0.00211588     -0.00000165
ATVX     1  Mu1.0008  Se1.122                       0.23356280     -0.00083933      0.00023873     -0.00000020
ATVX     1  Mu1.0009  Se1.122                       0.26771623      0.00013418     -0.00056424     -0.00000008
ATVX     1  Mu1.0010  Se1.122                       0.27369524     -0.00044988      0.00079175     -0.00000036
ATVX     1  Mu1.0011  Se1.122                       0.27417105      0.00000856      0.00007139      0.00000000
ATVX     1  Mu1.0012  Se1.122                       0.28619450     -0.00555396      0.01090783     -0.00006058
ATVX     1  Mu1.0013  Se1.122                       0.29552303     -0.00004285     -0.00000374      0.00000000
ATVX     1  Mu1.0001  Se1.123                       0.01965467     -0.00005020      0.00002595     -0.00000000
ATVX     1  Mu1.0002  Se1.123                       0.07128128     -0.00005196      0.00007404     -0.00000000
ATVX     1  Mu1.0003  Se1.123                       0.10059261     -0.00000106      0.00000036     -0.00000000
ATVX     1  Mu1.0004  Se1.123                       0.14384670     -0.00003617      0.00004858     -0.00000000
ATVX     1  Mu1.0005  Se1.123                       0.16815552     -0.00049103      0.00115136     -0.00000057
ATVX     1  Mu1.0006  Se1.123                       0.20676112     -0.00025060      0.00059742     -0.00000015
ATVX     1  Mu1.0007  Se1.123                       0.22397773      0.00003140     -0.00001845     -0.00000000
ATVX     1  Mu1.0008  Se1.123                       0.23625350     -0.00027435      0.00044861     -0.00000012
ATVX     1  Mu1.0009  Se1.123                       0.27040693     -0.00011847      0.00024177     -0.00000003
ATVX     1  Mu1.0010  Se1.123                       0.27638594      0.00013801     -0.00032686     -0.00000005
ATVX     1  Mu1.0011  Se1.123                       0.27686175      0.00000765     -0.00002415     -0.00000000
ATVX     1  Mu1.0012  Se1.123                       0.28888520      0.00175649     -0.00361029     -0.00000634
ATVX     1  Mu1.0013  Se1.123                       0.29821373      0.00003500     -0.00007007     -0.00000000
ATVX     1  Mu1.0001  Se1.124                       0.02088641     -0.00036861      0.00019182     -0.00000007
ATVX     1  Mu1.0002  Se1.124                       0.07251302     -0.00086737      0.00137678     -0.00000119
ATVX     1  Mu1.0003  Se1.124                       0.10182436     -0.00004082      0.00016846     -0.00000001
ATVX     1  Mu1.0004  Se1.124                       0.14507844      0.00030360     -0.00076255     -0.00000023
ATVX     1  Mu1.0005  Se1.124                       0.16938726     -0.00021904      0.00063471     -0.00000014
ATVX     1  Mu1.0006  Se1.124                       0.20799286     -0.00026335      0.00077654     -0.00000020
ATVX     1  Mu1.0007  Se1.124                       0.22520947     -0.00018678      0.00039368     -0.00000007
ATVX     1  Mu1.0008  Se1.124                       0.23748524     -0.00043400      0.00114136     -0.00000050
ATVX     1  Mu1.0009  Se1.124                       0.27163867     -0.00071246      0.00220796     -0.00000157
ATVX     1  Mu1.0010  Se1.124                       0.27761768     -0.00013320      0.00024779     -0.00000003
ATVX     1  Mu1.0011  Se1.124                       0.27809349      0.00003401     -0.00017039     -0.00000001
ATVX     1  Mu1.0012  Se1.124                       0.29011695     -0.00033474      0.00060338     -0.00000020
ATVX     1  Mu1.0013  Se1.124                       0.29944547     -0.00020762      0.00061510     -0.00000013
ATVX     1  Mu1.0001  Se1.125                       0.02958612      0.00006903     -0.00004311     -0.00000000
ATVX     1  Mu1.0002  Se1.125                       0.08121273      0.00017167     -0.00027807     -0.00000005
ATVX     1  Mu1.0003  Se1.125                       0.11052406     -0.00001911      0.00003275     -0.00000000
ATVX     1  Mu1.0004  Se1.125                       0.15377815     -0.00078031      0.00181857     -0.00000142
ATVX     1  Mu1.0005  Se1.125                       0.17808697      0.00020653     -0.00062469     -0.00000013
ATVX     1  Mu1.0006  Se1.125                       0.21669257     -0.00003580      0.00012810     -0.00000000
ATVX     1  Mu1.0007  Se1.125                       0.23390918      0.00043914     -0.00157720     -0.00000069
ATVX     1  Mu1.0008  Se1.125                       0.24618495     -0.00002412     -0.00014655      0.00000000
ATVX     1  Mu1.0009  Se1.125                       0.28033838     -0.00001468      0.00032194     -0.00000000
ATVX     1  Mu1.0010  Se1.125                       0.28631739      0.00004142     -0.00007909     -0.00000000
ATVX     1  Mu1.0011  Se1.125                       0.28679320     -0.00021997      0.00042894     -0.00000009
ATVX     1  Mu1.0012  Se1.125                       0.29881665      0.00020916     -0.00034022     -0.00000007
ATVX     1  Mu1.0001  Se1.126                       0.03194029     -0.00002554      0.00001105     -0.00000000
ATVX     1  Mu1.0002  Se1.126                       0.08356690     -0.00003393      0.00005210     -0.00000000
ATVX     1  Mu1.0003  Se1.126                       0.11287823     -0.00000392      0.00000309     -0.00000000
ATVX     1  Mu1.0004  Se1.126                       0.15613232     -0.00004106      0.00010721     -0.00000000
ATVX     1  Mu1.0005  Se1.126                       0.18044114     -0.00017367      0.00096842     -0.00000017
ATVX     1  Mu1.0006  Se1.126                       0.21904674      0.00072335     -0.00220153     -0.00000159
ATVX     1  Mu1.0007  Se1.126                       0.23626335     -0.00012912      0.00038091     -0.00000005
ATVX     1  Mu1.0008  Se1.126                       0.24853912     -0.00035049      0.00046956     -0.00000016
ATVX     1  Mu1.0009  Se1.126                       0.28269255      0.00005381     -0.00018974     -0.00000001
ATVX     1  Mu1.0010  Se1.126                       0.28867156     -0.00006029      0.00004944     -0.00000000
ATVX     1  Mu1.0011  Se1.126                       0.28914737     -0.00003060      0.00009711     -0.00000000
ATVX     1  Mu1.0001  Se1.127                       0.04517865      0.00000314     -0.00003410     -0.00000000
ATVX     1  Mu1.0002  Se1.127                       0.09680527     -0.00019080      0.00031602     -0.00000006
ATVX     1  Mu1.0003  Se1.127                       0.12611660      0.00004441     -0.00008544     -0.00000000
ATVX     1  Mu1.0004  Se1.127                       0.16937069      0.00172093     -0.00412882     -0.00000711
ATVX     1  Mu1.0005  Se1.127                       0.19367951     -0.00046377      0.00137917     -0.00000064
ATVX     1  Mu1.0006  Se1.127                       0.23228510     -0.00001440     -0.00002690      0.00000000
ATVX     1  Mu1.0007  Se1.127                       0.24950172     -0.00074108      0.00266162     -0.00000197
ATVX     1  Mu1.0008  Se1.127                       0.26177749     -0.00001780      0.00042187     -0.00000001
ATVX     1  Mu1.0009  Se1.127                       0.29593092     -0.00002143     -0.00043878      0.00000001
ATVX     1  Mu1.0001  Se1.128                       0.05032977      0.00009115     -0.00009488     -0.00000001
ATVX     1  Mu1.0002  Se1.128                       0.10195639      0.00011044     -0.00018247     -0.00000002
ATVX     1  Mu1.0003  Se1.128                       0.13126772      0.00000159      0.00000470      0.00000000
ATVX     1  Mu1.0004  Se1.128                       0.17452181      0.00018957     -0.00041100     -0.00000008
ATVX     1  Mu1.0005  Se1.128                       0.19883063      0.00166074     -0.00455339     -0.00000756
ATVX     1  Mu1.0006  Se1.128                       0.23743622     -0.00025405      0.00110432     -0.00000028
ATVX     1  Mu1.0007  Se1.128                       0.25465284      0.00011355     -0.00037131     -0.00000004
ATVX     1  Mu1.0008  Se1.128                       0.26692861      0.00052144     -0.00036094     -0.00000019
ATVX     1  Mu1.0001  Se1.129                       0.05425741     -0.00007022      0.00006474     -0.00000000
ATVX     1  Mu1.0002  Se1.129                       0.10588403     -0.00012170      0.00022952     -0.00000003
ATVX     1  Mu1.0003  Se1.129                       0.13519536     -0.00000893      0.00011378     -0.00000000
ATVX     1  Mu1.0004  Se1.129                       0.17844945     -0.00108011      0.00270791     -0.00000292
ATVX     1  Mu1.0005  Se1.129                       0.20275826     -0.00006270      0.00018995     -0.00000001
ATVX     1  Mu1.0006  Se1.129                       0.24136386     -0.00001874      0.00012786     -0.00000000
ATVX     1  Mu1.0007  Se1.129                       0.25858047     -0.00041022      0.00117998     -0.00000048
ATVX     1  Mu1.0008  Se1.129                       0.27085624     -0.00033007      0.00085970     -0.00000028
ATVX     1  Mu1.0001  Se1.130                       0.06134540      0.00001572     -0.00003910     -0.00000000
ATVX     1  Mu1.0002  Se1.130                       0.11297201     -0.00002597      0.00003531     -0.00000000
ATVX     1  Mu1.0003  Se1.130                       0.14228334     -0.00000254      0.00000283     -0.00000000
ATVX     1  Mu1.0004  Se1.130                       0.18553743      0.00000152      0.00002096      0.00000000
ATVX     1  Mu1.0005  Se1.130                       0.20984625     -0.00061771      0.00354187     -0.00000219
ATVX     1  Mu1.0006  Se1.130                       0.24845185      0.00066630     -0.00171130     -0.00000114
ATVX     1  Mu1.0007  Se1.130                       0.26566846     -0.00010501      0.00035039     -0.00000004
ATVX     1  Mu1.0008  Se1.130                       0.27794423      0.00058245     -0.00067541     -0.00000039
ATVX     1  Mu1.0001  Se1.131                       0.06157098     -0.00006964      0.00011069     -0.00000001
ATVX     1  Mu1.0002  Se1.131                       0.11319760     -0.00010986      0.00025935     -0.00000003
ATVX     1  Mu1.0003  Se1.131                       0.14250893     -0.00001695      0.00002651     -0.00000000
ATVX     1  Mu1.0004  Se1.131                       0.18576302     -0.00020367      0.00050879     -0.00000010
ATVX     1  Mu1.0005  Se1.131                       0.21007183     -0.00001987      0.00001155     -0.00000000
ATVX     1  Mu1.0006  Se1.131                       0.24867743     -0.00005579      0.00018042     -0.00000001
ATVX     1  Mu1.0007  Se1.131                       0.26589404      0.00007392     -0.00022148     -0.00000002
ATVX     1  Mu1.0008  Se1.131                       0.27816981      0.00000265      0.00000876      0.00000000
ATVX     1  Mu1.0001  Se1.132                       0.06442808      0.00009676     -0.00013575     -0.00000001
ATVX     1  Mu1.0002  Se1.132                       0.11605470      0.00000797     -0.00001301     -0.00000000
ATVX     1  Mu1.0003  Se1.132                       0.14536603     -0.00003096      0.00007315     -0.00000000
ATVX     1  Mu1.0004  Se1.132                       0.18862012     -0.00011967      0.00034654     -0.00000004
ATVX     1  Mu1.0005  Se1.132                       0.21292894      0.00015875      0.00020935      0.00000003
ATVX     1  Mu1.0006  Se1.132                       0.25153453      0.00017543      0.00357572      0.00000063
ATVX     1  Mu1.0007  Se1.132                       0.26875115     -0.00059493      0.00149455     -0.00000089
ATVX     1  Mu1.0008  Se1.132                       0.28102691     -0.00018542     -0.00011358      0.00000002
ATVX     1  Mu1.0001  Se1.133                       0.07213862     -0.00000780     -0.00000734      0.00000000
ATVX     1  Mu1.0002  Se1.133                       0.12376524     -0.00006203      0.00011483     -0.00000001
ATVX     1  Mu1.0003  Se1.133                       0.15307657     -0.00001284      0.00002270     -0.00000000
ATVX     1  Mu1.0004  Se1.133                       0.19633066      0.00002664     -0.00005742     -0.00000000
ATVX     1  Mu1.0005  Se1.133                       0.22063947     -0.00071170      0.00487073     -0.00000347
ATVX     1  Mu1.0006  Se1.133                       0.25924507      0.00070649     -0.00181747     -0.00000128
ATVX     1  Mu1.0007  Se1.133                       0.27646168     -0.00013671      0.00047556     -0.00000007
ATVX     1  Mu1.0008  Se1.133                       0.28873745      0.00083695     -0.00094947     -0.00000079
ATVX     1  Mu1.0001  Se1.134                       0.07718065     -0.00001464      0.00010005     -0.00000000
ATVX     1  Mu1.0002  Se1.134                       0.12880726      0.00002363      0.00001821      0.00000000
ATVX     1  Mu1.0003  Se1.134                       0.15811859     -0.00000569      0.00001773     -0.00000000
ATVX     1  Mu1.0004  Se1.134                       0.20137268      0.00001823     -0.00001086     -0.00000000
ATVX     1  Mu1.0005  Se1.134                       0.22568150      0.00142867     -0.00523112     -0.00000747
ATVX     1  Mu1.0006  Se1.134                       0.26428710     -0.00315639      0.00696214     -0.00002198
ATVX     1  Mu1.0007  Se1.134                       0.28150371      0.00040897     -0.00115400     -0.00000047
ATVX     1  Mu1.0008  Se1.134                       0.29377948     -0.00023686      0.00035489     -0.00000008
ATVX     1  Mu1.0001  Se1.135                       0.08710458     -0.00001212      0.00002212     -0.00000000
ATVX     1  Mu1.0002  Se1.135                       0.13873119     -0.00002384      0.00006319     -0.00000000
ATVX     1  Mu1.0003  Se1.135                       0.16804252      0.00000604     -0.00001661     -0.00000000
ATVX     1  Mu1.0004  Se1.135                       0.21129661     -0.00010936      0.00028420     -0.00000003
ATVX     1  Mu1.0005  Se1.135                       0.23560543      0.00004038     -0.00014618     -0.00000001
ATVX     1  Mu1.0006  Se1.135                       0.27421103      0.00001803     -0.00003345     -0.00000000
ATVX     1  Mu1.0007  Se1.135                       0.29142764     -0.00001330      0.00000811     -0.00000000
ATVX     1  Mu1.0001  Se1.136                       0.09125725     -0.00011303      0.00020035     -0.00000002
ATVX     1  Mu1.0002  Se1.136                       0.14288386     -0.00017848      0.00036058     -0.00000006
ATVX     1  Mu1.0003  Se1.136                       0.17219519     -0.00002318      0.00002254     -0.00000000
ATVX     1  Mu1.0004  Se1.136                       0.21544928      0.00004053     -0.00022936     -0.00000001
ATVX     1  Mu1.0005  Se1.136                       0.23975810     -0.00223955      0.00854156     -0.00001913
ATVX     1  Mu1.0006  Se1.136                       0.27836370      0.00049323     -0.00196787     -0.00000097
ATVX     1  Mu1.0007  Se1.136                       0.29558031      0.00003167      0.00034472      0.00000001
ATVX     1  Mu1.0001  Se1.137                       0.10122960     -0.00046923      0.00093486     -0.00000044
ATVX     1  Mu1.0002  Se1.137                       0.15285621     -0.00021898      0.00050551     -0.00000011
ATVX     1  Mu1.0003  Se1.137                       0.18216754      0.00009878     -0.00025420     -0.00000003
ATVX     1  Mu1.0004  Se1.137                       0.22542163      0.00154611     -0.00376009     -0.00000581
ATVX     1  Mu1.0005  Se1.137                       0.24973045     -0.00007265      0.00023498     -0.00000002
ATVX     1  Mu1.0006  Se1.137                       0.28833605      0.00035525     -0.00091984     -0.00000033
ATVX     1  Mu1.0001  Se1.138                       0.10608917     -0.00004137      0.00008122     -0.00000000
ATVX     1  Mu1.0002  Se1.138                       0.15771578     -0.00004305      0.00009803     -0.00000000
ATVX     1  Mu1.0003  Se1.138                       0.18702712      0.00000586     -0.00001624     -0.00000000
ATVX     1  Mu1.0004  Se1.138                       0.23028120     -0.00000147     -0.00004278      0.00000000
ATVX     1  Mu1.0005  Se1.138                       0.25459002      0.00045011     -0.00103444     -0.00000047
ATVX     1  Mu1.0006  Se1.138                       0.29319562      0.00048830     -0.00135175     -0.00000066
ATVX     1  Mu1.0001  Se1.139                       0.11600891      0.00001475     -0.00008639     -0.00000000
ATVX     1  Mu1.0002  Se1.139                       0.16763553     -0.00002053      0.00002243     -0.00000000
ATVX     1  Mu1.0003  Se1.139                       0.19694686     -0.00004127      0.00008363     -0.00000000
ATVX     1  Mu1.0004  Se1.139                       0.24020095      0.00002228      0.00003113      0.00000000
ATVX     1  Mu1.0005  Se1.139                       0.26450977     -0.00081196      0.00303642     -0.00000247
ATVX     1  Mu1.0001  Se1.140                       0.11862810     -0.00006952      0.00020465     -0.00000001
ATVX     1  Mu1.0002  Se1.140                       0.17025472      0.00006307     -0.00013197     -0.00000001
ATVX     1  Mu1.0003  Se1.140                       0.19956605     -0.00009931      0.00022887     -0.00000002
ATVX     1  Mu1.0004  Se1.140                       0.24282014     -0.00062995      0.00145037     -0.00000091
ATVX     1  Mu1.0005  Se1.140                       0.26712896      0.00003070     -0.00006234     -0.00000000
ATVX     1  Mu1.0001  Se1.141                       0.12459215     -0.00005276      0.00020883     -0.00000001
ATVX     1  Mu1.0002  Se1.141                       0.17621877     -0.00003110      0.00016244     -0.00000001
ATVX     1  Mu1.0003  Se1.141                       0.20553010     -0.00000423      0.00002853     -0.00000000
ATVX     1  Mu1.0004  Se1.141                       0.24878419     -0.00010046      0.00023140     -0.00000002
ATVX     1  Mu1.0005  Se1.141                       0.27309301      0.00328762     -0.00804065     -0.00002643
ATVX     1  Mu1.0001  Se1.142                       0.13485063      0.00050463     -0.00117219     -0.00000059
ATVX     1  Mu1.0002  Se1.142                       0.18647725      0.00067179     -0.00169862     -0.00000114
ATVX     1  Mu1.0003  Se1.142                       0.21578858      0.00001965     -0.00010420     -0.00000000
ATVX     1  Mu1.0004  Se1.142                       0.25904267      0.00044018     -0.00106942     -0.00000047
ATVX     1  Mu1.0005  Se1.142                       0.28335148      0.00023323     -0.00061058     -0.00000014
ATVX     1  Mu1.0001  Se1.143                       0.13763525      0.00002198      0.00000442      0.00000000
ATVX     1  Mu1.0002  Se1.143                       0.18926186      0.00000983      0.00002250      0.00000000
ATVX     1  Mu1.0003  Se1.143                       0.21857319      0.00001452      0.00000004      0.00000000
ATVX     1  Mu1.0004  Se1.143                       0.26182728     -0.00009981      0.00024367     -0.00000002
ATVX     1  Mu1.0005  Se1.143                       0.28613610      0.00218087     -0.00538796     -0.00001175
ATVX     1  Mu1.0001  Se1.144                       0.14425693     -0.00007349      0.00016820     -0.00000001
ATVX     1  Mu1.0002  Se1.144                       0.19588355     -0.00011600      0.00029655     -0.00000003
ATVX     1  Mu1.0003  Se1.144                       0.22519488     -0.00001747      0.00005521     -0.00000000
ATVX     1  Mu1.0004  Se1.144                       0.26844897     -0.00073556      0.00176061     -0.00000130
ATVX     1  Mu1.0005  Se1.144                       0.29275779     -0.00012731      0.00040957     -0.00000005
ATVX     1  Mu1.0001  Se1.145                       0.14517858      0.00003186     -0.00002388     -0.00000000
ATVX     1  Mu1.0002  Se1.145                       0.19680520      0.00003577     -0.00004464     -0.00000000
ATVX     1  Mu1.0003  Se1.145                       0.22611653     -0.00001846      0.00003749     -0.00000000
ATVX     1  Mu1.0004  Se1.145                       0.26937062      0.00006827     -0.00016247     -0.00000001
ATVX     1  Mu1.0005  Se1.145                       0.29367944      0.00033389     -0.00149867     -0.00000050
ATVX     1  Mu1.0001  Se1.146                       0.14669257     -0.00000913     -0.00005537      0.00000000
ATVX     1  Mu1.0002  Se1.146                       0.19831918     -0.00008337      0.00014663     -0.00000001
ATVX     1  Mu1.0003  Se1.146                       0.22763051      0.00000622     -0.00000978     -0.00000000
ATVX     1  Mu1.0004  Se1.146                       0.27088460     -0.00004956      0.00006721     -0.00000000
ATVX     1  Mu1.0005  Se1.146                       0.29519342     -0.00044180      0.00226898     -0.00000100
ATVX     1  Mu1.0001  Se1.147                       0.15842034      0.00051237     -0.00126987     -0.00000065
ATVX     1  Mu1.0002  Se1.147                       0.21004695      0.00037574     -0.00092166     -0.00000035
ATVX     1  Mu1.0003  Se1.147                       0.23935828      0.00005611     -0.00014708     -0.00000001
ATVX     1  Mu1.0004  Se1.147                       0.28261237     -0.00170360      0.00401153     -0.00000683
ATVX     1  Mu1.0001  Se1.148                       0.16044091     -0.00004890      0.00001700     -0.00000000
ATVX     1  Mu1.0002  Se1.148                       0.21206752     -0.00002915      0.00002290     -0.00000000
ATVX     1  Mu1.0003  Se1.148                       0.24137885      0.00000723     -0.00004198     -0.00000000
ATVX     1  Mu1.0004  Se1.148                       0.28463294      0.00010503     -0.00026138     -0.00000003
ATVX     1  Mu1.0001  Se1.149                       0.16154274     -0.00005004      0.00004228     -0.00000000
ATVX     1  Mu1.0002  Se1.149                       0.21316936     -0.00000183     -0.00007290      0.00000000
ATVX     1  Mu1.0003  Se1.149                       0.24248069      0.00004049     -0.00005998     -0.00000000
ATVX     1  Mu1.0004  Se1.149                       0.28573478     -0.00019961      0.00054796     -0.00000011
ATVX     1  Mu1.0001  Se1.150                       0.17019848      0.00045167     -0.00114807     -0.00000052
ATVX     1  Mu1.0002  Se1.150                       0.22182510      0.00061410     -0.00157809     -0.00000097
ATVX     1  Mu1.0003  Se1.150                       0.25113643      0.00002345     -0.00006509     -0.00000000
ATVX     1  Mu1.0004  Se1.150                       0.29439052     -0.00056051      0.00130732     -0.00000073
ATVX     1  Mu1.0001  Se1.151                       0.17872069     -0.00004595      0.00010657     -0.00000000
ATVX     1  Mu1.0002  Se1.151                       0.23034730     -0.00001499      0.00002307     -0.00000000
ATVX     1  Mu1.0003  Se1.151                       0.25965863     -0.00000355      0.00000123     -0.00000000
ATVX     1  Mu1.0001  Se1.152                       0.18675331     -0.00043093      0.00107969     -0.00000047
ATVX     1  Mu1.0002  Se1.152                       0.23837993     -0.00039354      0.00097775     -0.00000038
ATVX     1  Mu1.0003  Se1.152                       0.26769126      0.00002731     -0.00004129     -0.00000000
ATVX     1  Mu1.0001  Se1.153                       0.18734105     -0.00008805      0.00024060     -0.00000002
ATVX     1  Mu1.0002  Se1.153                       0.23896767     -0.00009620      0.00024464     -0.00000002
ATVX     1  Mu1.0003  Se1.153                       0.26827900     -0.00001162      0.00003076     -0.00000000
ATVX     1  Mu1.0001  Se1.154                       0.19312328     -0.00019410      0.00041177     -0.00000008
ATVX     1  Mu1.0002  Se1.154                       0.24474990     -0.00017574      0.00039477     -0.00000007
ATVX     1  Mu1.0003  Se1.154                       0.27406123     -0.00000078     -0.00001106      0.00000000
ATVX     1  Mu1.0001  Se1.155                       0.20144576      0.00013381     -0.00031373     -0.00000004
ATVX     1  Mu1.0002  Se1.155                       0.25307237      0.00015815     -0.00037627     -0.00000006
ATVX     1  Mu1.0003  Se1.155                       0.28238371      0.00002083     -0.00004170     -0.00000000
ATVX     1  Mu1.0001  Se1.156                       0.20315492     -0.00001259      0.00000342     -0.00000000
ATVX     1  Mu1.0002  Se1.156                       0.25478153     -0.00000984     -0.00002139      0.00000000
ATVX     1  Mu1.0003  Se1.156                       0.28409287     -0.00003426      0.00010838     -0.00000000
ATVX     1  Mu1.0001  Se1.157                       0.20738130     -0.00001017     -0.00002728      0.00000000
ATVX     1  Mu1.0002  Se1.157                       0.25900792     -0.00003048      0.00002374     -0.00000000
ATVX     1  Mu1.0003  Se1.157                       0.28831925     -0.00001202      0.00000403     -0.00000000
ATVX     1  Mu1.0001  Se1.158                       0.21113249     -0.00007813      0.00018755     -0.00000001
ATVX     1  Mu1.0002  Se1.158                       0.26275910     -0.00006395      0.00013505     -0.00000001
ATVX     1  Mu1.0003  Se1.158                       0.29207044      0.00002563     -0.00004483     -0.00000000
ATVX     1  Mu1.0001  Se1.159                       0.21606925      0.00046972     -0.00118101     -0.00000055
ATVX     1  Mu1.0002  Se1.159                       0.26769587      0.00040740     -0.00098055     -0.00000040
ATVX     1  Mu1.0003  Se1.159                       0.29700720     -0.00000507     -0.00001473      0.00000000
ATVX     1  Mu1.0001  Se1.160                       0.23137405     -0.00001851      0.00003427     -0.00000000
ATVX     1  Mu1.0002  Se1.160                       0.28300066      0.00001431     -0.00004528     -0.00000000
ATVX     1  Mu1.0001  Se1.161                       0.23287707     -0.00004151      0.00012031     -0.00000000
ATVX     1  Mu1.0002  Se1.161                       0.28450369     -0.00010301      0.00026411     -0.00000003
ATVX     1  Mu1.0001  Se1.162                       0.23697542      0.00034557     -0.00084928     -0.00000029
ATVX     1  Mu1.0002  Se1.162                       0.28860203      0.00029365     -0.00067757     -0.00000020
ATVX     1  Mu1.0001  Se1.163                       0.24237493     -0.00043565      0.00112390     -0.00000049
ATVX     1  Mu1.0002  Se1.163                       0.29400154     -0.00036507      0.00088757     -0.00000032
ATVX     1  Mu1.0001  Se1.164                       0.24257865     -0.00012501      0.00030139     -0.00000004
ATVX     1  Mu1.0002  Se1.164                       0.29420527     -0.00010226      0.00024331     -0.00000002
ATVX     1  Mu1.0001  Se1.165                       0.24387644     -0.00103906      0.00258227     -0.00000268
ATVX     1  Mu1.0002  Se1.165                       0.29550306     -0.00109125      0.00256200     -0.00000280
ATVX     1  Mu1.0001  Se1.166                       0.25147533     -0.00001372      0.00001393     -0.00000000
ATVX     1  Mu1.0001  Se1.167                       0.25428769      0.00045174     -0.00114054     -0.00000052
ATVX     1  Mu1.0001  Se1.168                       0.25691990     -0.00003809      0.00011575     -0.00000000
ATVX     1  Mu1.0001  Se1.169                       0.26035031     -0.00006839      0.00014201     -0.00000001
ATVX     1  Mu1.0001  Se1.170                       0.26260936     -0.00068975      0.00169392     -0.00000117
ATVX     1  Mu1.0001  Se1.171                       0.26801368      0.00000827      0.00001861      0.00000000
ATVX     1  Mu1.0001  Se1.172                       0.27634325      0.00004063     -0.00011666     -0.00000000
ATVX     1  Mu1.0001  Se1.173                       0.27773071      0.00000180      0.00003240      0.00000000
ATVX     1  Mu1.0001  Se1.174                       0.28105234      0.00117431     -0.00285074     -0.00000335
ATVX     1  Mu1.0001  Se1.175                       0.28431646      0.00016753     -0.00037672     -0.00000006
ATVX     1  Mu1.0001  Se1.176                       0.28741454     -0.00000937      0.00000658     -0.00000000
ATVX     1  Mu1.0001  Se1.177                       0.29188180     -0.00000346      0.00000693     -0.00000000
ATVX     1  Mu1.0001  Se1.178                       0.29572418     -0.00001291      0.00006247     -0.00000000
ATVX     1  Mu1.0001  Se1.179                       0.29934318     -0.00002350      0.00004774     -0.00000000
AIVX     1  Mu1.0001  In1.092 Se1.113               0.27655581      0.00018393     -0.00050633     -0.00000009
AIVX     1  Mu1.0001  In1.093 Se1.113               0.27393082      0.00019397     -0.00035003     -0.00000007
AIVX     1  Mu1.0001  In1.094 Se1.113               0.26602412      0.00061546     -0.00149969     -0.00000092
AIVX     1  Mu1.0001  In1.095 Se1.113               0.26486454      0.00001043      0.00001916      0.00000000
AIVX     1  Mu1.0001  In1.096 Se1.113               0.25601685      0.00072939     -0.00156307     -0.00000114
AIVX     1  Mu1.0001  In1.097 Se1.113               0.23465628     -0.00015433      0.00041171     -0.00000006
AIVX     1  Mu1.0002  In1.097 Se1.113               0.29720763      0.00069242     -0.00172008     -0.00000119
AIVX     1  Mu1.0001  In1.098 Se1.113               0.22114352      0.00266342     -0.00689593     -0.00001837
AIVX     1  Mu1.0002  In1.098 Se1.113               0.28369487      0.00151885     -0.00372241     -0.00000565
AIVX     1  Mu1.0001  In1.099 Se1.113               0.19862555      0.00072852     -0.00183363     -0.00000134
AIVX     1  Mu1.0002  In1.099 Se1.113               0.26117690     -0.00006442      0.00004747     -0.00000000
AIVX     1  Mu1.0003  In1.099 Se1.113               0.28429131     -0.00015906      0.00038732     -0.00000006
AIVX     1  Mu1.0004  In1.099 Se1.113               0.29147464     -0.00023289      0.00051519     -0.00000012
AIVX     1  Mu1.0001  In1.100 Se1.113               0.17552533     -0.00092064      0.00245979     -0.00000226
AIVX     1  Mu1.0002  In1.100 Se1.113               0.23807668      0.00210469     -0.00612905     -0.00001290
AIVX     1  Mu1.0003  In1.100 Se1.113               0.26119108      0.00039428     -0.00116811     -0.00000046
AIVX     1  Mu1.0004  In1.100 Se1.113               0.26837442      0.00168441     -0.00507535     -0.00000855
AIVX     1  Mu1.0001  In1.094 Se1.114               0.29561796      0.00052177     -0.00128867     -0.00000067
AIVX     1  Mu1.0001  In1.095 Se1.114               0.29445838     -0.00022001      0.00049637     -0.00000011
AIVX     1  Mu1.0001  In1.096 Se1.114               0.28561069      0.00010253     -0.00045398     -0.00000005
AIVX     1  Mu1.0001  In1.097 Se1.114               0.26425011      0.00077357     -0.00203649     -0.00000158
AIVX     1  Mu1.0061  In1.097 Se1.114               0.88838760      0.02330142     -0.02523004     -0.00058790
AIVX     1  Mu1.0001  In1.098 Se1.114               0.25073735      0.00021932     -0.00057529     -0.00000013
AIVX     1  Mu1.0001  In1.099 Se1.114               0.22821938     -0.00237453      0.00597400     -0.00001419
AIVX     1  Mu1.0002  In1.099 Se1.114               0.29077074     -0.00029104      0.00068775     -0.00000020
AIVX     1  Mu1.0001  In1.100 Se1.114               0.20511916      0.00146369     -0.00393923     -0.00000577
AIVX     1  Mu1.0002  In1.100 Se1.114               0.26767051      0.00007113     -0.00019905     -0.00000001
AIVX     1  Mu1.0003  In1.100 Se1.114               0.29078492     -0.00041957      0.00106352     -0.00000045
AIVX     1  Mu1.0004  In1.100 Se1.114               0.29796825     -0.00041676      0.00114759     -0.00000048
AIVX     1  Mu1.0001  In1.094 Se1.115               0.29723246      0.00019425     -0.00053368     -0.00000010
AIVX     1  Mu1.0001  In1.095 Se1.115               0.29607288      0.00015606     -0.00050027     -0.00000008
AIVX     1  Mu1.0001  In1.096 Se1.115               0.28722519      0.00002563     -0.00002875     -0.00000000
AIVX     1  Mu1.0001  In1.097 Se1.115               0.26586461     -0.00018861      0.00027717     -0.00000005
AIVX     1  Mu1.0001  In1.098 Se1.115               0.25235185     -0.00005844      0.00011227     -0.00000001
AIVX     1  Mu1.0001  In1.099 Se1.115               0.22983389      0.00009502     -0.00019399     -0.00000002
AIVX     1  Mu1.0002  In1.099 Se1.115               0.29238524     -0.00008224      0.00017328     -0.00000001
AIVX     1  Mu1.0001  In1.100 Se1.115               0.20673366     -0.00042298      0.00132527     -0.00000056
AIVX     1  Mu1.0002  In1.100 Se1.115               0.26928501      0.00040603     -0.00115225     -0.00000047
AIVX     1  Mu1.0003  In1.100 Se1.115               0.29239942     -0.00000564     -0.00037026      0.00000000
AIVX     1  Mu1.0004  In1.100 Se1.115               0.29958275     -0.00169771      0.00415799     -0.00000706
AIVX     1  Mu1.0001  In1.096 Se1.116               0.29149088     -0.00033656      0.00070865     -0.00000024
AIVX     1  Mu1.0001  In1.097 Se1.116               0.27013030     -0.00090574      0.00134441     -0.00000122
AIVX     1  Mu1.0001  In1.098 Se1.116               0.25661754     -0.00093805      0.00196217     -0.00000184
AIVX     1  Mu1.0001  In1.099 Se1.116               0.23409957      0.00019037     -0.00029971     -0.00000006
AIVX     1  Mu1.0002  In1.099 Se1.116               0.29665093      0.00020584     -0.00043220     -0.00000009
AIVX     1  Mu1.0001  In1.100 Se1.116               0.21099935     -0.00202744      0.00601642     -0.00001220
AIVX     1  Mu1.0002  In1.100 Se1.116               0.27355070     -0.00256959      0.00637869     -0.00001639
AIVX     1  Mu1.0003  In1.100 Se1.116               0.29666511     -0.00043752      0.00099674     -0.00000044
AIVX     1  Mu1.0001  In1.096 Se1.117               0.29895441     -0.00003960      0.00010441     -0.00000000
AIVX     1  Mu1.0001  In1.097 Se1.117               0.27759383     -0.00000584     -0.00001122      0.00000000
AIVX     1  Mu1.0001  In1.098 Se1.117               0.26408107      0.00004476     -0.00011803     -0.00000001
AIVX     1  Mu1.0001  In1.099 Se1.117               0.24156311      0.00015453     -0.00038041     -0.00000006
AIVX     1  Mu1.0001  In1.100 Se1.117               0.21846288     -0.00001076      0.00003122     -0.00000000
AIVX     1  Mu1.0002  In1.100 Se1.117               0.28101424      0.00026274     -0.00071113     -0.00000019
AIVX     1  Mu1.0001  In1.097 Se1.118               0.28459150      0.00023540     -0.00058257     -0.00000014
AIVX     1  Mu1.0001  In1.098 Se1.118               0.27107874      0.00001793     -0.00003983     -0.00000000
AIVX     1  Mu1.0001  In1.099 Se1.118               0.24856078     -0.00052821      0.00130246     -0.00000069
AIVX     1  Mu1.0001  In1.100 Se1.118               0.22546055      0.00034763     -0.00094211     -0.00000033
AIVX     1  Mu1.0002  In1.100 Se1.118               0.28801191     -0.00005539      0.00013687     -0.00000001
AIVX     1  Mu1.0001  In1.097 Se1.119               0.28609034     -0.00022432      0.00059841     -0.00000013
AIVX     1  Mu1.0001  In1.098 Se1.119               0.27257758     -0.00009096      0.00030697     -0.00000003
AIVX     1  Mu1.0001  In1.099 Se1.119               0.25005962      0.00009030     -0.00020879     -0.00000002
AIVX     1  Mu1.0001  In1.100 Se1.119               0.22695939     -0.00073011      0.00191546     -0.00000140
AIVX     1  Mu1.0002  In1.100 Se1.119               0.28951075      0.00013305     -0.00021597     -0.00000003
AIVX     1  Mu1.0001  In1.097 Se1.120               0.29016552      0.00006319     -0.00022219     -0.00000001
AIVX     1  Mu1.0001  In1.098 Se1.120               0.27665276      0.00011636     -0.00029947     -0.00000003
AIVX     1  Mu1.0001  In1.099 Se1.120               0.25413479      0.00017897     -0.00043168     -0.00000008
AIVX     1  Mu1.0001  In1.100 Se1.120               0.23103457      0.00012787     -0.00034591     -0.00000004
AIVX     1  Mu1.0002  In1.100 Se1.120               0.29358592      0.00057165     -0.00152684     -0.00000087
AIVX     1  Mu1.0001  In1.097 Se1.121               0.29779329      0.00004302     -0.00020791     -0.00000001
AIVX     1  Mu1.0001  In1.098 Se1.121               0.28428053      0.00015400     -0.00038681     -0.00000006
AIVX     1  Mu1.0001  In1.099 Se1.121               0.26176256      0.00027713     -0.00066165     -0.00000018
AIVX     1  Mu1.0001  In1.100 Se1.121               0.23866233      0.00014894     -0.00041058     -0.00000006
AIVX     1  Mu1.0001  In1.098 Se1.122               0.29383724     -0.00095352      0.00249965     -0.00000238
AIVX     1  Mu1.0001  In1.099 Se1.122               0.27131927      0.00054865     -0.00122388     -0.00000067
AIVX     1  Mu1.0001  In1.100 Se1.122               0.24821905     -0.00566791      0.01461678     -0.00008285
AIVX     1  Mu1.0001  In1.098 Se1.123               0.29652794     -0.00011774      0.00017659     -0.00000002
AIVX     1  Mu1.0001  In1.099 Se1.123               0.27400997     -0.00001160      0.00007020     -0.00000000
AIVX     1  Mu1.0001  In1.100 Se1.123               0.25090975      0.00005738      0.00008604      0.00000000
AIVX     1  Mu1.0001  In1.098 Se1.124               0.29775968      0.00012576     -0.00027898     -0.00000004
AIVX     1  Mu1.0001  In1.099 Se1.124               0.27524172      0.00038730     -0.00091624     -0.00000035
AIVX     1  Mu1.0001  In1.100 Se1.124               0.25214149     -0.00030843      0.00089813     -0.00000028
AIVX     1  Mu1.0001  In1.099 Se1.125               0.28394142     -0.00047573      0.00112091     -0.00000053
AIVX     1  Mu1.0001  In1.100 Se1.125               0.26084120      0.00042252     -0.00114287     -0.00000048
AIVX     1  Mu1.0001  In1.099 Se1.126               0.28629559      0.00017107     -0.00038431     -0.00000007
AIVX     1  Mu1.0001  In1.100 Se1.126               0.26319537     -0.00166039      0.00414968     -0.00000689
AIVX     1  Mu1.0001  In1.099 Se1.127               0.29953396      0.00082786     -0.00191050     -0.00000158
AIVX     1  Mu1.0001  In1.100 Se1.127               0.27643374     -0.00076394      0.00206196     -0.00000158
AIVX     1  Mu1.0001  In1.100 Se1.128               0.28158486      0.00065506     -0.00223401     -0.00000146
AIVX     1  Mu1.0001  In1.100 Se1.129               0.28551249      0.00001803      0.00003612      0.00000000
AIVX     1  Mu1.0001  In1.100 Se1.130               0.29260048     -0.00022378      0.00102465     -0.00000023
AIVX     1  Mu1.0001  In1.100 Se1.131               0.29282606      0.00000899     -0.00003993     -0.00000000
AIVX     1  Mu1.0001  In1.100 Se1.132               0.29568317     -0.00217040      0.00508136     -0.00001103
--

   (Skipping property calculation,
    use PROP keyword to activate)
********************************************************************************
 Compute H0 matrices for state    4
--------------------------------------------------------------------------------
--------------------------------------------------------------------------------
 H0 matrices have been computed.

********************************************************************************
  CASPT2 EQUATION SOLUTION
--------------------------------------------------------------------------------

  Total nr of CASPT2 parameters:
   Before reduction:  1876168956
   After  reduction:  1876168956

 Variance of |WF0>:      23.4410452682

 The contributions to the second order correlation energy in atomic units.
-----------------------------------------------------------------------------------------------------------------------------
  IT.      VJTU        VJTI        ATVX        AIVX        VJAI        BVAT        BJAT        BJAI        TOTAL       RNORM  
-----------------------------------------------------------------------------------------------------------------------------
   1    -0.040025   -0.023632   -0.022101   -0.156573   -0.356356   -0.088342   -0.806036   -3.503638   -4.996703    0.012869
   2    -0.041620   -0.023709   -0.022498   -0.157356   -0.356661   -0.088632   -0.807335   -3.504377   -5.002189    0.002900
   3    -0.041697   -0.023717   -0.022531   -0.157348   -0.356668   -0.088661   -0.807394   -3.504397   -5.002414    0.000367
   4    -0.041709   -0.023715   -0.022524   -0.157318   -0.356655   -0.088650   -0.807338   -3.504363   -5.002272    0.000057
   5    -0.041710   -0.023715   -0.022523   -0.157317   -0.356655   -0.088650   -0.807338   -3.504363   -5.002270    0.000008
   6    -0.041710   -0.023715   -0.022523   -0.157318   -0.356655   -0.088650   -0.807339   -3.504364   -5.002273    0.000001
-----------------------------------------------------------------------------------------------------------------------------

  FINAL CASPT2 RESULT:

      Reference energy:       -3929.6430664999
      E2 (Non-variational):      -5.0022727094
      Shift correction:          -0.0379636127
      E2 (Variational):          -5.0402363221
      Total energy:           -3934.6833028220
      Residual norm:              0.0000002185
      Reference weight:           0.37425

      Contributions to the CASPT2 correlation energy
      Active & Virtual Only:         -0.1111729923
      One Inactive Excited:          -1.0063659687
      Two Inactive Excited:          -3.8847337484


++ Denominators, etc.
--------------------------------------------------------------------------------------------------------------
 Report on small energy denominators, large coefficients, and large energy contributions.
CASE  SYMM ACTIVE-MIX  NON-ACTIVE INDICES          DENOMINATOR     RHS VALUE       COEFFICIENT     CONTRIBUTION
VJTU     1  Mu1.0003  In1.073                       0.54250747     -0.01660849      0.02677317     -0.00044466
VJTU     1  Mu1.0003  In1.087                       0.41798447     -0.01599580      0.03327022     -0.00053218
VJTU     1  Mu1.0003  In1.093                       0.37920770     -0.01493358      0.03055235     -0.00045626
VJTU     1  Mu1.0003  In1.095                       0.37014142      0.01419072     -0.03145493     -0.00044637
VJTU     1  Mu1.0001  In1.096                       0.29757715      0.02781921     -0.06744657     -0.00187631
VJTU     1  Mu1.0001  In1.097                       0.27621657     -0.02273213      0.05067262     -0.00115190
VJTU     1  Mu1.0003  In1.097                       0.33993316      0.05557095     -0.11848370     -0.00658425
VJTU     1  Mu1.0001  In1.098                       0.26270381      0.00076716     -0.00074928     -0.00000057
VJTU     1  Mu1.0001  In1.099                       0.24018585     -0.02679731      0.06620263     -0.00177405
VJTU     1  Mu1.0002  In1.099                       0.28693651      0.00214268     -0.00507206     -0.00001087
VJTU     1  Mu1.0003  In1.099                       0.30390243      0.03868745     -0.08918069     -0.00345017
VJTU     1  Mu1.0001  In1.100                       0.21708562      0.01152515     -0.02836658     -0.00032693
VJTU     1  Mu1.0002  In1.100                       0.26383628     -0.00045762      0.00109090     -0.00000050
VJTU     1  Mu1.0003  In1.100                       0.28080221     -0.00672510      0.01524887     -0.00010255
VJTU     1  Mu1.0150  In1.100                       0.68151309      0.02086714     -0.03108706     -0.00064870
ATVX     1  Mu1.0001  Se1.113                       0.07152506      0.00100208     -0.00203980     -0.00000204
ATVX     1  Mu1.0002  Se1.113                       0.13034066     -0.01450959      0.03382316     -0.00049076
ATVX     1  Mu1.0003  Se1.113                       0.13578234     -0.00417833      0.00913807     -0.00003818
ATVX     1  Mu1.0004  Se1.113                       0.15593123     -0.00070682      0.00183814     -0.00000130
ATVX     1  Mu1.0005  Se1.113                       0.16841490     -0.00279524      0.00653617     -0.00001827
ATVX     1  Mu1.0006  Se1.113                       0.18429395      0.00272949     -0.00663199     -0.00001810
ATVX     1  Mu1.0007  Se1.113                       0.21217290     -0.00061977      0.00157149     -0.00000097
ATVX     1  Mu1.0008  Se1.113                       0.23063916      0.00014410     -0.00018249     -0.00000003
ATVX     1  Mu1.0009  Se1.113                       0.23337275     -0.00152438      0.00340951     -0.00000520
ATVX     1  Mu1.0010  Se1.113                       0.23414456     -0.00340685      0.00810219     -0.00002760
ATVX     1  Mu1.0011  Se1.113                       0.23868601      0.00198050     -0.00477139     -0.00000945
ATVX     1  Mu1.0012  Se1.113                       0.25686190      0.00332710     -0.00789470     -0.00002627
ATVX     1  Mu1.0013  Se1.113                       0.26541648      0.00034516     -0.00081026     -0.00000028
ATVX     1  Mu1.0014  Se1.113                       0.28197460     -0.00191509      0.00441068     -0.00000845
ATVX     1  Mu1.0015  Se1.113                       0.28495371      0.00021377     -0.00033633     -0.00000007
ATVX     1  Mu1.0016  Se1.113                       0.28715965     -0.00140888      0.00308130     -0.00000434
ATVX     1  Mu1.0033  Se1.113                       0.44172500      0.01357560     -0.02876303     -0.00039048
ATVX     1  Mu1.0001  Se1.114                       0.10111890     -0.00016198      0.00022786     -0.00000004
ATVX     1  Mu1.0002  Se1.114                       0.15993450      0.00002168     -0.00009398     -0.00000000
ATVX     1  Mu1.0003  Se1.114                       0.16537617     -0.00010473      0.00035736     -0.00000004
ATVX     1  Mu1.0004  Se1.114                       0.18552506     -0.00002289      0.00023133     -0.00000001
ATVX     1  Mu1.0005  Se1.114                       0.19800874     -0.00128393      0.00301560     -0.00000387
ATVX     1  Mu1.0006  Se1.114                       0.21388779      0.00072422     -0.00158892     -0.00000115
ATVX     1  Mu1.0007  Se1.114                       0.24176674     -0.00305827      0.00766610     -0.00002344
ATVX     1  Mu1.0008  Se1.114                       0.26023299     -0.00009636      0.00021042     -0.00000002
ATVX     1  Mu1.0009  Se1.114                       0.26296659     -0.00001109      0.00007826     -0.00000000
ATVX     1  Mu1.0010  Se1.114                       0.26373839      0.00028831     -0.00064946     -0.00000019
ATVX     1  Mu1.0011  Se1.114                       0.26827985      0.00066618     -0.00144138     -0.00000096
ATVX     1  Mu1.0012  Se1.114                       0.28645573     -0.00085874      0.00190552     -0.00000164
ATVX     1  Mu1.0013  Se1.114                       0.29501032     -0.00007591      0.00013470     -0.00000001
ATVX     1  Mu1.0037  Se1.114                       0.48844653      0.02069257     -0.03933494     -0.00081394
ATVX     1  Mu1.0001  Se1.115                       0.10273340      0.00033638     -0.00076715     -0.00000026
ATVX     1  Mu1.0002  Se1.115                       0.16154900      0.00179749     -0.00419179     -0.00000753
ATVX     1  Mu1.0003  Se1.115                       0.16699067     -0.00270032      0.00682960     -0.00001844
ATVX     1  Mu1.0004  Se1.115                       0.18713956      0.00036698     -0.00091401     -0.00000034
ATVX     1  Mu1.0005  Se1.115                       0.19962324     -0.00009830     -0.00001586      0.00000000
ATVX     1  Mu1.0006  Se1.115                       0.21550229     -0.00006779      0.00010268     -0.00000001
ATVX     1  Mu1.0007  Se1.115                       0.24338124      0.00005234     -0.00014981     -0.00000001
ATVX     1  Mu1.0008  Se1.115                       0.26184749     -0.00018162      0.00047694     -0.00000009
ATVX     1  Mu1.0009  Se1.115                       0.26458109      0.00024620     -0.00074671     -0.00000018
ATVX     1  Mu1.0010  Se1.115                       0.26535289      0.00016349     -0.00061515     -0.00000010
ATVX     1  Mu1.0011  Se1.115                       0.26989435     -0.00090053      0.00203962     -0.00000184
ATVX     1  Mu1.0012  Se1.115                       0.28807023     -0.00021037      0.00047928     -0.00000010
ATVX     1  Mu1.0013  Se1.115                       0.29662482     -0.00006404      0.00013361     -0.00000001
ATVX     1  Mu1.0001  Se1.116                       0.10699909      0.00265206     -0.00601165     -0.00001594
ATVX     1  Mu1.0002  Se1.116                       0.16581469     -0.00035391      0.00093736     -0.00000033
ATVX     1  Mu1.0003  Se1.116                       0.17125636      0.00095170     -0.00232909     -0.00000222
ATVX     1  Mu1.0004  Se1.116                       0.19140525     -0.00006814      0.00016097     -0.00000001
ATVX     1  Mu1.0005  Se1.116                       0.20388893     -0.00039731      0.00095652     -0.00000038
ATVX     1  Mu1.0006  Se1.116                       0.21976798      0.00018497     -0.00052986     -0.00000010
ATVX     1  Mu1.0007  Se1.116                       0.24764693     -0.00006642      0.00013068     -0.00000001
ATVX     1  Mu1.0008  Se1.116                       0.26611318     -0.00042804      0.00103704     -0.00000044
ATVX     1  Mu1.0009  Se1.116                       0.26884678      0.00047219     -0.00103249     -0.00000049
ATVX     1  Mu1.0010  Se1.116                       0.26961858     -0.00006345      0.00037373     -0.00000002
ATVX     1  Mu1.0011  Se1.116                       0.27416004      0.00023336     -0.00049596     -0.00000012
ATVX     1  Mu1.0012  Se1.116                       0.29233592     -0.00008584      0.00020819     -0.00000002
ATVX     1  Mu1.0001  Se1.117                       0.11446262     -0.00000278      0.00000788     -0.00000000
ATVX     1  Mu1.0002  Se1.117                       0.17327822     -0.00002786      0.00006958     -0.00000000
ATVX     1  Mu1.0003  Se1.117                       0.17871989      0.00016544     -0.00039559     -0.00000007
ATVX     1  Mu1.0004  Se1.117                       0.19886878      0.00005506     -0.00013626     -0.00000001
ATVX     1  Mu1.0005  Se1.117                       0.21135246      0.00016283     -0.00031010     -0.00000005
ATVX     1  Mu1.0006  Se1.117                       0.22723151     -0.00008566      0.00018080     -0.00000002
ATVX     1  Mu1.0007  Se1.117                       0.25511046     -0.00012245      0.00032938     -0.00000004
ATVX     1  Mu1.0008  Se1.117                       0.27357671      0.00066815     -0.00158006     -0.00000106
ATVX     1  Mu1.0009  Se1.117                       0.27631031      0.00052275     -0.00123192     -0.00000064
ATVX     1  Mu1.0010  Se1.117                       0.27708211     -0.00028270      0.00066195     -0.00000019
ATVX     1  Mu1.0011  Se1.117                       0.28162357      0.00003694     -0.00006094     -0.00000000
ATVX     1  Mu1.0012  Se1.117                       0.29979945      0.00003383     -0.00005703     -0.00000000
ATVX     1  Mu1.0001  Se1.118                       0.12146029      0.00004757     -0.00011313     -0.00000001
ATVX     1  Mu1.0002  Se1.118                       0.18027589     -0.00001577      0.00004811     -0.00000000
ATVX     1  Mu1.0003  Se1.118                       0.18571756     -0.00003792      0.00010842     -0.00000000
ATVX     1  Mu1.0004  Se1.118                       0.20586645      0.00017818     -0.00045892     -0.00000008
ATVX     1  Mu1.0005  Se1.118                       0.21835013     -0.00023728      0.00053014     -0.00000013
ATVX     1  Mu1.0006  Se1.118                       0.23422918      0.00012981     -0.00031778     -0.00000004
ATVX     1  Mu1.0007  Se1.118                       0.26210813      0.00013010     -0.00035313     -0.00000005
ATVX     1  Mu1.0008  Se1.118                       0.28057438     -0.00000876      0.00002317     -0.00000000
ATVX     1  Mu1.0009  Se1.118                       0.28330798      0.00003413     -0.00007782     -0.00000000
ATVX     1  Mu1.0010  Se1.118                       0.28407978      0.00001603     -0.00004181     -0.00000000
ATVX     1  Mu1.0011  Se1.118                       0.28862124      0.00004695     -0.00007547     -0.00000000
ATVX     1  Mu1.0001  Se1.119                       0.12295913     -0.00025533      0.00063417     -0.00000016
ATVX     1  Mu1.0002  Se1.119                       0.18177473      0.00140152     -0.00340747     -0.00000478
ATVX     1  Mu1.0003  Se1.119                       0.18721640     -0.00254130      0.00644480     -0.00001638
ATVX     1  Mu1.0004  Se1.119                       0.20736529      0.00031357     -0.00077613     -0.00000024
ATVX     1  Mu1.0005  Se1.119                       0.21984897      0.00061189     -0.00179244     -0.00000110
ATVX     1  Mu1.0006  Se1.119                       0.23572802     -0.00043525      0.00100613     -0.00000044
ATVX     1  Mu1.0007  Se1.119                       0.26360697      0.00007705     -0.00018319     -0.00000001
ATVX     1  Mu1.0008  Se1.119                       0.28207322     -0.00004763      0.00015472     -0.00000001
ATVX     1  Mu1.0009  Se1.119                       0.28480682      0.00040546     -0.00116291     -0.00000047
ATVX     1  Mu1.0010  Se1.119                       0.28557862      0.00056550     -0.00166345     -0.00000094
ATVX     1  Mu1.0011  Se1.119                       0.29012008     -0.00109431      0.00243483     -0.00000266
ATVX     1  Mu1.0001  Se1.120                       0.12703430     -0.00004348      0.00009589     -0.00000000
ATVX     1  Mu1.0002  Se1.120                       0.18584990      0.00003770     -0.00008540     -0.00000000
ATVX     1  Mu1.0003  Se1.120                       0.19129158      0.00028039     -0.00066134     -0.00000019
ATVX     1  Mu1.0004  Se1.120                       0.21144047      0.00016409     -0.00041277     -0.00000007
ATVX     1  Mu1.0005  Se1.120                       0.22392414      0.00024713     -0.00039859     -0.00000010
ATVX     1  Mu1.0006  Se1.120                       0.23980319     -0.00010944      0.00021403     -0.00000002
ATVX     1  Mu1.0007  Se1.120                       0.26768214     -0.00023923      0.00061466     -0.00000015
ATVX     1  Mu1.0008  Se1.120                       0.28614840      0.00136998     -0.00319744     -0.00000438
ATVX     1  Mu1.0009  Se1.120                       0.28888199      0.00105186     -0.00244406     -0.00000257
ATVX     1  Mu1.0010  Se1.120                       0.28965380     -0.00061466      0.00142308     -0.00000087
ATVX     1  Mu1.0011  Se1.120                       0.29419525      0.00013798     -0.00027086     -0.00000004
ATVX     1  Mu1.0001  Se1.121                       0.13466207     -0.00014276      0.00032336     -0.00000005
ATVX     1  Mu1.0002  Se1.121                       0.19347767      0.00023327     -0.00057083     -0.00000013
ATVX     1  Mu1.0003  Se1.121                       0.19891934      0.00028345     -0.00066057     -0.00000019
ATVX     1  Mu1.0004  Se1.121                       0.21906823      0.00021425     -0.00053787     -0.00000012
ATVX     1  Mu1.0005  Se1.121                       0.23155191      0.00048446     -0.00089003     -0.00000043
ATVX     1  Mu1.0006  Se1.121                       0.24743096     -0.00022747      0.00047064     -0.00000011
ATVX     1  Mu1.0007  Se1.121                       0.27530991     -0.00028912      0.00072645     -0.00000021
ATVX     1  Mu1.0008  Se1.121                       0.29377616      0.00212372     -0.00491843     -0.00001045
ATVX     1  Mu1.0009  Se1.121                       0.29650976      0.00165492     -0.00383916     -0.00000635
ATVX     1  Mu1.0010  Se1.121                       0.29728157     -0.00093170      0.00211634     -0.00000197
ATVX     1  Mu1.0001  Se1.122                       0.14421878     -0.00015163      0.00042654     -0.00000006
ATVX     1  Mu1.0002  Se1.122                       0.20303438      0.00137606     -0.00239417     -0.00000329
ATVX     1  Mu1.0003  Se1.122                       0.20847606     -0.00909934      0.02362785     -0.00021500
ATVX     1  Mu1.0004  Se1.122                       0.22862495      0.00086796     -0.00210125     -0.00000182
ATVX     1  Mu1.0005  Se1.122                       0.24110862      0.00078711     -0.00317844     -0.00000250
ATVX     1  Mu1.0006  Se1.122                       0.25698767     -0.00014189      0.00007523     -0.00000001
ATVX     1  Mu1.0007  Se1.122                       0.28486663      0.00037524     -0.00086263     -0.00000032
ATVX     1  Mu1.0001  Se1.123                       0.14690948      0.00135167     -0.00355638     -0.00000481
ATVX     1  Mu1.0002  Se1.123                       0.20572509     -0.00015863      0.00035319     -0.00000006
ATVX     1  Mu1.0003  Se1.123                       0.21116676      0.00103250     -0.00267327     -0.00000276
ATVX     1  Mu1.0004  Se1.123                       0.23131565     -0.00008712      0.00021635     -0.00000002
ATVX     1  Mu1.0005  Se1.123                       0.24379932      0.00028488     -0.00090403     -0.00000026
ATVX     1  Mu1.0006  Se1.123                       0.25967838     -0.00031384      0.00071243     -0.00000022
ATVX     1  Mu1.0007  Se1.123                       0.28755733     -0.00007065      0.00014754     -0.00000001
ATVX     1  Mu1.0001  Se1.124                       0.14814123      0.00013145     -0.00026415     -0.00000003
ATVX     1  Mu1.0002  Se1.124                       0.20695683      0.00008785     -0.00022843     -0.00000002
ATVX     1  Mu1.0003  Se1.124                       0.21239850     -0.00015524      0.00049752     -0.00000008
ATVX     1  Mu1.0004  Se1.124                       0.23254739      0.00016841     -0.00044275     -0.00000007
ATVX     1  Mu1.0005  Se1.124                       0.24503107     -0.00037584      0.00100480     -0.00000038
ATVX     1  Mu1.0006  Se1.124                       0.26091012      0.00021567     -0.00050605     -0.00000011
ATVX     1  Mu1.0007  Se1.124                       0.28878907      0.00012017     -0.00037018     -0.00000004
ATVX     1  Mu1.0001  Se1.125                       0.15684094      0.00003482     -0.00007960     -0.00000000
ATVX     1  Mu1.0002  Se1.125                       0.21565654     -0.00002668      0.00008797     -0.00000000
ATVX     1  Mu1.0003  Se1.125                       0.22109821     -0.00001551      0.00004514     -0.00000000
ATVX     1  Mu1.0004  Se1.125                       0.24124710      0.00024451     -0.00064952     -0.00000016
ATVX     1  Mu1.0005  Se1.125                       0.25373078     -0.00004088      0.00000048     -0.00000000
ATVX     1  Mu1.0006  Se1.125                       0.26960983      0.00001394     -0.00007826     -0.00000000
ATVX     1  Mu1.0007  Se1.125                       0.29748878      0.00054702     -0.00131894     -0.00000072
ATVX     1  Mu1.0001  Se1.126                       0.15919511      0.00002147     -0.00003566     -0.00000000
ATVX     1  Mu1.0002  Se1.126                       0.21801071      0.00047965     -0.00098044     -0.00000047
ATVX     1  Mu1.0003  Se1.126                       0.22345238     -0.00253106      0.00653688     -0.00001655
ATVX     1  Mu1.0004  Se1.126                       0.24360127      0.00026299     -0.00064028     -0.00000017
ATVX     1  Mu1.0005  Se1.126                       0.25608495     -0.00032594      0.00057450     -0.00000019
ATVX     1  Mu1.0006  Se1.126                       0.27196400      0.00041856     -0.00109941     -0.00000046
ATVX     1  Mu1.0007  Se1.126                       0.29984295      0.00008455     -0.00018919     -0.00000002
ATVX     1  Mu1.0001  Se1.127                       0.17243347      0.00001620     -0.00009436     -0.00000000
ATVX     1  Mu1.0002  Se1.127                       0.23124907      0.00007438     -0.00022758     -0.00000002
ATVX     1  Mu1.0003  Se1.127                       0.23669075      0.00005674     -0.00014486     -0.00000001
ATVX     1  Mu1.0004  Se1.127                       0.25683964     -0.00022086      0.00063978     -0.00000014
ATVX     1  Mu1.0005  Se1.127                       0.26932331      0.00006708      0.00002280      0.00000000
ATVX     1  Mu1.0006  Se1.127                       0.28520236     -0.00003180      0.00016111     -0.00000001
ATVX     1  Mu1.0001  Se1.128                       0.17758459     -0.00661288      0.01772672     -0.00011722
ATVX     1  Mu1.0002  Se1.128                       0.23640019      0.00018151     -0.00052536     -0.00000010
ATVX     1  Mu1.0003  Se1.128                       0.24184187     -0.00045674      0.00123181     -0.00000056
ATVX     1  Mu1.0004  Se1.128                       0.26199076      0.00000243     -0.00002184     -0.00000000
ATVX     1  Mu1.0005  Se1.128                       0.27447443     -0.00077492      0.00262470     -0.00000203
ATVX     1  Mu1.0006  Se1.128                       0.29035348      0.00043728     -0.00084981     -0.00000037
ATVX     1  Mu1.0001  Se1.129                       0.18151223     -0.00006900      0.00015971     -0.00000001
ATVX     1  Mu1.0002  Se1.129                       0.24032783      0.00008500     -0.00022207     -0.00000002
ATVX     1  Mu1.0003  Se1.129                       0.24576950     -0.00025195      0.00059800     -0.00000015
ATVX     1  Mu1.0004  Se1.129                       0.26591839     -0.00003867      0.00012032     -0.00000000
ATVX     1  Mu1.0005  Se1.129                       0.27840207     -0.00042617      0.00109791     -0.00000047
ATVX     1  Mu1.0006  Se1.129                       0.29428112      0.00016087     -0.00041234     -0.00000007
ATVX     1  Mu1.0001  Se1.130                       0.18860021      0.00346201     -0.00811860     -0.00002811
ATVX     1  Mu1.0002  Se1.130                       0.24741582     -0.00022369      0.00046063     -0.00000010
ATVX     1  Mu1.0003  Se1.130                       0.25285749     -0.00018702      0.00042814     -0.00000008
ATVX     1  Mu1.0004  Se1.130                       0.27300638      0.00000881     -0.00001565     -0.00000000
ATVX     1  Mu1.0005  Se1.130                       0.28549005      0.00020725     -0.00012089     -0.00000003
ATVX     1  Mu1.0001  Se1.131                       0.18882580     -0.00012145      0.00029260     -0.00000004
ATVX     1  Mu1.0002  Se1.131                       0.24764140      0.00006695     -0.00017834     -0.00000001
ATVX     1  Mu1.0003  Se1.131                       0.25308308     -0.00006491      0.00014541     -0.00000001
ATVX     1  Mu1.0004  Se1.131                       0.27323196      0.00002581     -0.00006350     -0.00000000
ATVX     1  Mu1.0005  Se1.131                       0.28571564      0.00005129     -0.00008671     -0.00000000
ATVX     1  Mu1.0001  Se1.132                       0.19168290     -0.00037860      0.00119741     -0.00000045
ATVX     1  Mu1.0002  Se1.132                       0.25049850      0.00048751     -0.00298957     -0.00000146
ATVX     1  Mu1.0003  Se1.132                       0.25594018     -0.01309678      0.03029983     -0.00039683
ATVX     1  Mu1.0004  Se1.132                       0.27608907      0.00112131     -0.00264596     -0.00000297
ATVX     1  Mu1.0005  Se1.132                       0.28857274      0.00143642     -0.00395227     -0.00000568
ATVX     1  Mu1.0001  Se1.133                       0.19939344      0.00451543     -0.01011011     -0.00004565
ATVX     1  Mu1.0002  Se1.133                       0.25820904     -0.00044803      0.00099552     -0.00000045
ATVX     1  Mu1.0003  Se1.133                       0.26365071      0.00029749     -0.00067915     -0.00000020
ATVX     1  Mu1.0004  Se1.133                       0.28379960     -0.00005283      0.00013187     -0.00000001
ATVX     1  Mu1.0005  Se1.133                       0.29628328      0.00062662     -0.00094401     -0.00000059
ATVX     1  Mu1.0001  Se1.134                       0.20443546     -0.00011680      0.00016896     -0.00000002
ATVX     1  Mu1.0002  Se1.134                       0.26325107      0.00201554     -0.00362097     -0.00000730
ATVX     1  Mu1.0003  Se1.134                       0.26869274      0.00561307     -0.01285837     -0.00007217
ATVX     1  Mu1.0004  Se1.134                       0.28884163     -0.00037864      0.00091950     -0.00000035
ATVX     1  Mu1.0001  Se1.135                       0.21435940      0.00002546     -0.00006676     -0.00000000
ATVX     1  Mu1.0002  Se1.135                       0.27317500     -0.00001341      0.00003497     -0.00000000
ATVX     1  Mu1.0003  Se1.135                       0.27861667     -0.00002758      0.00006199     -0.00000000
ATVX     1  Mu1.0004  Se1.135                       0.29876556     -0.00002220      0.00004299     -0.00000000
ATVX     1  Mu1.0001  Se1.136                       0.21851207      0.00135026     -0.00280165     -0.00000378
ATVX     1  Mu1.0002  Se1.136                       0.27732767      0.00015621     -0.00016788     -0.00000003
ATVX     1  Mu1.0003  Se1.136                       0.28276934      0.00155563     -0.00355842     -0.00000554
ATVX     1  Mu1.0001  Se1.137                       0.22848441      0.00004021     -0.00010589     -0.00000000
ATVX     1  Mu1.0002  Se1.137                       0.28730002     -0.00003589      0.00007380     -0.00000000
ATVX     1  Mu1.0003  Se1.137                       0.29274169     -0.00003221      0.00001692     -0.00000000
ATVX     1  Mu1.0001  Se1.138                       0.23334399     -0.00002778      0.00007189     -0.00000000
ATVX     1  Mu1.0002  Se1.138                       0.29215959      0.00018673     -0.00055546     -0.00000010
ATVX     1  Mu1.0003  Se1.138                       0.29760126     -0.00005010      0.00022238     -0.00000001
ATVX     1  Mu1.0001  Se1.139                       0.24326373      0.00016014     -0.00039248     -0.00000006
ATVX     1  Mu1.0001  Se1.140                       0.24588292     -0.00014586      0.00030485     -0.00000004
ATVX     1  Mu1.0001  Se1.141                       0.25184697      0.00123767     -0.00192444     -0.00000238
ATVX     1  Mu1.0001  Se1.142                       0.26210545      0.00011462     -0.00028536     -0.00000003
ATVX     1  Mu1.0001  Se1.143                       0.26489007      0.00060148     -0.00129589     -0.00000078
ATVX     1  Mu1.0001  Se1.144                       0.27151175     -0.00014512      0.00040251     -0.00000006
ATVX     1  Mu1.0001  Se1.145                       0.27243340      0.00045657     -0.00145674     -0.00000067
ATVX     1  Mu1.0001  Se1.146                       0.27394739      0.00019287     -0.00036310     -0.00000007
ATVX     1  Mu1.0001  Se1.147                       0.28567515      0.00034364     -0.00084200     -0.00000029
ATVX     1  Mu1.0001  Se1.148                       0.28769572     -0.00025857      0.00097055     -0.00000025
ATVX     1  Mu1.0001  Se1.149                       0.28879756      0.00440882     -0.01252601     -0.00005522
ATVX     1  Mu1.0001  Se1.150                       0.29745330      0.00004785     -0.00009865     -0.00000000
AIVX     1  Mu1.0052  In1.098 Se1.113               0.83535672      0.02183413     -0.02592540     -0.00056606
--

   (Skipping property calculation,
    use PROP keyword to activate)
********************************************************************************
 Compute H0 matrices for state    5
--------------------------------------------------------------------------------
--------------------------------------------------------------------------------
 H0 matrices have been computed.

********************************************************************************
  CASPT2 EQUATION SOLUTION
--------------------------------------------------------------------------------

  Total nr of CASPT2 parameters:
   Before reduction:  1876168956
   After  reduction:  1876168956

 Variance of |WF0>:      23.4899733818

 The contributions to the second order correlation energy in atomic units.
-----------------------------------------------------------------------------------------------------------------------------
  IT.      VJTU        VJTI        ATVX        AIVX        VJAI        BVAT        BJAT        BJAI        TOTAL       RNORM  
-----------------------------------------------------------------------------------------------------------------------------
   1    -0.036618   -0.021468   -0.023310   -0.154103   -0.341717   -0.090955   -0.828223   -3.503390   -4.999783    0.012515
   2    -0.038050   -0.021531   -0.023731   -0.154897   -0.341988   -0.091257   -0.829512   -3.504112   -5.005077    0.002796
   3    -0.038116   -0.021536   -0.023764   -0.154900   -0.341995   -0.091286   -0.829573   -3.504135   -5.005305    0.000356
   4    -0.038128   -0.021534   -0.023756   -0.154872   -0.341984   -0.091274   -0.829519   -3.504102   -5.005169    0.000054
   5    -0.038128   -0.021534   -0.023756   -0.154871   -0.341983   -0.091274   -0.829518   -3.504102   -5.005167    0.000007
   6    -0.038128   -0.021534   -0.023756   -0.154871   -0.341984   -0.091274   -0.829519   -3.504103   -5.005169    0.000001
-----------------------------------------------------------------------------------------------------------------------------

  FINAL CASPT2 RESULT:

      Reference energy:       -3929.6316509593
      E2 (Non-variational):      -5.0051691598
      Shift correction:          -0.0374761697
      E2 (Variational):          -5.0426453295
      Total energy:           -3934.6742962888
      Residual norm:              0.0000001756
      Reference weight:           0.37560

      Contributions to the CASPT2 correlation energy
      Active & Virtual Only:         -0.1150300783
      One Inactive Excited:          -1.0225186745
      Two Inactive Excited:          -3.8676204070


++ Denominators, etc.
--------------------------------------------------------------------------------------------------------------
 Report on small energy denominators, large coefficients, and large energy contributions.
CASE  SYMM ACTIVE-MIX  NON-ACTIVE INDICES          DENOMINATOR     RHS VALUE       COEFFICIENT     CONTRIBUTION
VJTU     1  Mu1.0007  In1.072                       0.56945036      0.01652419     -0.02526289     -0.00041745
VJTU     1  Mu1.0004  In1.087                       0.41441607     -0.01246864      0.02577539     -0.00032138
VJTU     1  Mu1.0004  In1.095                       0.36657302      0.01158124     -0.02546865     -0.00029496
VJTU     1  Mu1.0001  In1.096                       0.29482452     -0.01511885      0.03726512     -0.00056341
VJTU     1  Mu1.0002  In1.096                       0.30292171     -0.02215658      0.05277903     -0.00116940
VJTU     1  Mu1.0001  In1.097                       0.27346394      0.00757114     -0.01571435     -0.00011898
VJTU     1  Mu1.0002  In1.097                       0.28156113      0.01836846     -0.04046589     -0.00074330
VJTU     1  Mu1.0003  In1.097                       0.29534240      0.00042980     -0.00088133     -0.00000038
VJTU     1  Mu1.0004  In1.097                       0.33636475      0.04153124     -0.08874074     -0.00368551
VJTU     1  Mu1.0005  In1.097                       0.34400359     -0.03295185      0.06968107     -0.00229612
VJTU     1  Mu1.0001  In1.098                       0.25995118      0.00053144     -0.00187839     -0.00000100
VJTU     1  Mu1.0002  In1.098                       0.26804837     -0.00066317      0.00061652     -0.00000041
VJTU     1  Mu1.0003  In1.098                       0.28182964      0.00002905     -0.00025003     -0.00000001
VJTU     1  Mu1.0001  In1.099                       0.23743322      0.01180559     -0.02911578     -0.00034373
VJTU     1  Mu1.0002  In1.099                       0.24553041      0.02203546     -0.05380691     -0.00118566
VJTU     1  Mu1.0003  In1.099                       0.25931168      0.00080857     -0.00192359     -0.00000156
VJTU     1  Mu1.0004  In1.099                       0.30033402      0.02958453     -0.06831314     -0.00202101
VJTU     1  Mu1.0005  In1.099                       0.30797287     -0.02452360      0.05637258     -0.00138246
VJTU     1  Mu1.0001  In1.100                       0.21433299     -0.00389383      0.00977535     -0.00003806
VJTU     1  Mu1.0002  In1.100                       0.22243018     -0.01006240      0.02421358     -0.00024365
VJTU     1  Mu1.0003  In1.100                       0.23621145      0.00077318     -0.00165408     -0.00000128
VJTU     1  Mu1.0004  In1.100                       0.27723380     -0.00633207      0.01466694     -0.00009287
VJTU     1  Mu1.0005  In1.100                       0.28487264      0.00349170     -0.00822793     -0.00002873
VJTU     1  Mu1.0006  In1.100                       0.29067501     -0.00237798      0.00412434     -0.00000981
ATVX     1  Mu1.0001  Se1.113                       0.05775018      0.00019540     -0.00027623     -0.00000005
ATVX     1  Mu1.0002  Se1.113                       0.09042038      0.00048213     -0.00075519     -0.00000036
ATVX     1  Mu1.0003  Se1.113                       0.09214152     -0.00016188      0.00019518     -0.00000003
ATVX     1  Mu1.0004  Se1.113                       0.15506202     -0.00135419      0.00334252     -0.00000453
ATVX     1  Mu1.0005  Se1.113                       0.15840020     -0.00015131      0.00039191     -0.00000006
ATVX     1  Mu1.0006  Se1.113                       0.16724890      0.00021141     -0.00035269     -0.00000007
ATVX     1  Mu1.0007  Se1.113                       0.16997615     -0.00124750      0.00222884     -0.00000278
ATVX     1  Mu1.0008  Se1.113                       0.17313605      0.00279515     -0.00651133     -0.00001820
ATVX     1  Mu1.0009  Se1.113                       0.19930783      0.00011295     -0.00025066     -0.00000003
ATVX     1  Mu1.0010  Se1.113                       0.21975240      0.00113184     -0.00302151     -0.00000342
ATVX     1  Mu1.0011  Se1.113                       0.23520158      0.00041422     -0.00164767     -0.00000068
ATVX     1  Mu1.0012  Se1.113                       0.23890085      0.00038934     -0.00104104     -0.00000041
ATVX     1  Mu1.0013  Se1.113                       0.24021256     -0.00054420      0.00134819     -0.00000073
ATVX     1  Mu1.0014  Se1.113                       0.24677780      0.00031094     -0.00072395     -0.00000023
ATVX     1  Mu1.0015  Se1.113                       0.25750369      0.00163625     -0.00423847     -0.00000694
ATVX     1  Mu1.0016  Se1.113                       0.26034303      0.00080717     -0.00211976     -0.00000171
ATVX     1  Mu1.0017  Se1.113                       0.26928289      0.00010767     -0.00020607     -0.00000002
ATVX     1  Mu1.0018  Se1.113                       0.28913891      0.00109402     -0.00262378     -0.00000287
ATVX     1  Mu1.0019  Se1.113                       0.28993432     -0.00199719      0.00483407     -0.00000965
ATVX     1  Mu1.0001  Se1.114                       0.08734401      0.02108577     -0.03963625     -0.00083576
ATVX     1  Mu1.0002  Se1.114                       0.12001421     -0.00020759     -0.00003798      0.00000001
ATVX     1  Mu1.0003  Se1.114                       0.12173536     -0.00056007      0.00115206     -0.00000065
ATVX     1  Mu1.0004  Se1.114                       0.18465585      0.00087922     -0.00243738     -0.00000214
ATVX     1  Mu1.0005  Se1.114                       0.18799404     -0.00030986      0.00063470     -0.00000020
ATVX     1  Mu1.0006  Se1.114                       0.19684274     -0.00085450      0.00235738     -0.00000201
ATVX     1  Mu1.0007  Se1.114                       0.19956999     -0.00245078      0.00617292     -0.00001513
ATVX     1  Mu1.0008  Se1.114                       0.20272988     -0.00120392      0.00290994     -0.00000350
ATVX     1  Mu1.0009  Se1.114                       0.22890167      0.00302858     -0.00783673     -0.00002373
ATVX     1  Mu1.0010  Se1.114                       0.24934623      0.00011928     -0.00007408     -0.00000001
ATVX     1  Mu1.0011  Se1.114                       0.26479541      0.00055373     -0.00149116     -0.00000083
ATVX     1  Mu1.0012  Se1.114                       0.26849468      0.00186441     -0.00456127     -0.00000850
ATVX     1  Mu1.0013  Se1.114                       0.26980640     -0.00155416      0.00372057     -0.00000578
ATVX     1  Mu1.0014  Se1.114                       0.27637164     -0.00024382      0.00057527     -0.00000014
ATVX     1  Mu1.0015  Se1.114                       0.28709752     -0.00078940      0.00177049     -0.00000140
ATVX     1  Mu1.0016  Se1.114                       0.28993687      0.00067880     -0.00150658     -0.00000102
ATVX     1  Mu1.0017  Se1.114                       0.29887672      0.00081483     -0.00188849     -0.00000154
ATVX     1  Mu1.0038  Se1.114                       0.44691589      0.01243929     -0.02573118     -0.00032008
ATVX     1  Mu1.0001  Se1.115                       0.08895852     -0.00029824      0.00056990     -0.00000017
ATVX     1  Mu1.0002  Se1.115                       0.12162872      0.00003034     -0.00008683     -0.00000000
ATVX     1  Mu1.0003  Se1.115                       0.12334986     -0.00048251      0.00113791     -0.00000055
ATVX     1  Mu1.0004  Se1.115                       0.18627036      0.00056074     -0.00125049     -0.00000070
ATVX     1  Mu1.0005  Se1.115                       0.18960854      0.00005032     -0.00011937     -0.00000001
ATVX     1  Mu1.0006  Se1.115                       0.19845724      0.00016197     -0.00039303     -0.00000006
ATVX     1  Mu1.0007  Se1.115                       0.20118449     -0.00070632      0.00163399     -0.00000115
ATVX     1  Mu1.0008  Se1.115                       0.20434438     -0.00076699      0.00194392     -0.00000149
ATVX     1  Mu1.0009  Se1.115                       0.23051617     -0.00004307      0.00011559     -0.00000000
ATVX     1  Mu1.0010  Se1.115                       0.25096074     -0.00030364      0.00071150     -0.00000022
ATVX     1  Mu1.0011  Se1.115                       0.26640991     -0.00041681      0.00082523     -0.00000034
ATVX     1  Mu1.0012  Se1.115                       0.27010918     -0.00009804      0.00022439     -0.00000002
ATVX     1  Mu1.0013  Se1.115                       0.27142090      0.00003306     -0.00010418     -0.00000000
ATVX     1  Mu1.0014  Se1.115                       0.27798614      0.00007806     -0.00007646     -0.00000001
ATVX     1  Mu1.0015  Se1.115                       0.28871202      0.00021667     -0.00049860     -0.00000011
ATVX     1  Mu1.0016  Se1.115                       0.29155137      0.00007437     -0.00015858     -0.00000001
ATVX     1  Mu1.0001  Se1.116                       0.09322420     -0.00013859      0.00027187     -0.00000004
ATVX     1  Mu1.0002  Se1.116                       0.12589441      0.00023840     -0.00052997     -0.00000013
ATVX     1  Mu1.0003  Se1.116                       0.12761555     -0.00173174      0.00390495     -0.00000676
ATVX     1  Mu1.0004  Se1.116                       0.19053605      0.00005804     -0.00018745     -0.00000001
ATVX     1  Mu1.0005  Se1.116                       0.19387423      0.00000061     -0.00001484     -0.00000000
ATVX     1  Mu1.0006  Se1.116                       0.20272293      0.00013067     -0.00033368     -0.00000004
ATVX     1  Mu1.0007  Se1.116                       0.20545018     -0.00051834      0.00135328     -0.00000070
ATVX     1  Mu1.0008  Se1.116                       0.20861007     -0.00028224      0.00069203     -0.00000020
ATVX     1  Mu1.0009  Se1.116                       0.23478186     -0.00000102      0.00000351     -0.00000000
ATVX     1  Mu1.0010  Se1.116                       0.25522642      0.00010097     -0.00023718     -0.00000002
ATVX     1  Mu1.0011  Se1.116                       0.27067560      0.00080351     -0.00183477     -0.00000147
ATVX     1  Mu1.0012  Se1.116                       0.27437487      0.00009893     -0.00022596     -0.00000002
ATVX     1  Mu1.0013  Se1.116                       0.27568659      0.00002311     -0.00005633     -0.00000000
ATVX     1  Mu1.0014  Se1.116                       0.28225183     -0.00006634      0.00013398     -0.00000001
ATVX     1  Mu1.0015  Se1.116                       0.29297771      0.00014220     -0.00033175     -0.00000005
ATVX     1  Mu1.0016  Se1.116                       0.29581706      0.00004519     -0.00011037     -0.00000000
ATVX     1  Mu1.0001  Se1.117                       0.10068774     -0.00004565      0.00010837     -0.00000000
ATVX     1  Mu1.0002  Se1.117                       0.13335794     -0.00180974      0.00424180     -0.00000768
ATVX     1  Mu1.0003  Se1.117                       0.13507908     -0.00014162      0.00034814     -0.00000005
ATVX     1  Mu1.0004  Se1.117                       0.19799958     -0.00009468      0.00020111     -0.00000002
ATVX     1  Mu1.0005  Se1.117                       0.20133776      0.00046018     -0.00114872     -0.00000053
ATVX     1  Mu1.0006  Se1.117                       0.21018646      0.00006682     -0.00019308     -0.00000001
ATVX     1  Mu1.0007  Se1.117                       0.21291371      0.00008291     -0.00013601     -0.00000001
ATVX     1  Mu1.0008  Se1.117                       0.21607360      0.00001932     -0.00002773     -0.00000000
ATVX     1  Mu1.0009  Se1.117                       0.24224539     -0.00014058      0.00035129     -0.00000005
ATVX     1  Mu1.0010  Se1.117                       0.26268996      0.00003341     -0.00006604     -0.00000000
ATVX     1  Mu1.0011  Se1.117                       0.27813913     -0.00003565      0.00007545     -0.00000000
ATVX     1  Mu1.0012  Se1.117                       0.28183840      0.00006806     -0.00016617     -0.00000001
ATVX     1  Mu1.0013  Se1.117                       0.28315012     -0.00003286      0.00008369     -0.00000000
ATVX     1  Mu1.0014  Se1.117                       0.28971536     -0.00011818      0.00023907     -0.00000003
ATVX     1  Mu1.0001  Se1.118                       0.10768541      0.00276489     -0.00588477     -0.00001627
ATVX     1  Mu1.0002  Se1.118                       0.14035561      0.00036154     -0.00089257     -0.00000032
ATVX     1  Mu1.0003  Se1.118                       0.14207675     -0.00006144      0.00011992     -0.00000001
ATVX     1  Mu1.0004  Se1.118                       0.20499725      0.00019038     -0.00050271     -0.00000010
ATVX     1  Mu1.0005  Se1.118                       0.20833543     -0.00015479      0.00037053     -0.00000006
ATVX     1  Mu1.0006  Se1.118                       0.21718413     -0.00015022      0.00040138     -0.00000006
ATVX     1  Mu1.0007  Se1.118                       0.21991138     -0.00029147      0.00068680     -0.00000020
ATVX     1  Mu1.0008  Se1.118                       0.22307127     -0.00017010      0.00039144     -0.00000007
ATVX     1  Mu1.0009  Se1.118                       0.24924306      0.00157795     -0.00390073     -0.00000616
ATVX     1  Mu1.0010  Se1.118                       0.26968763      0.00003585     -0.00005200     -0.00000000
ATVX     1  Mu1.0011  Se1.118                       0.28513680      0.00008627     -0.00019877     -0.00000002
ATVX     1  Mu1.0012  Se1.118                       0.28883607      0.00015100     -0.00036023     -0.00000005
ATVX     1  Mu1.0013  Se1.118                       0.29014779     -0.00007319      0.00015937     -0.00000001
ATVX     1  Mu1.0014  Se1.118                       0.29671303      0.00006263     -0.00013889     -0.00000001
ATVX     1  Mu1.0001  Se1.119                       0.10918425     -0.00005955      0.00012976     -0.00000001
ATVX     1  Mu1.0002  Se1.119                       0.14185445     -0.00028358      0.00065201     -0.00000018
ATVX     1  Mu1.0003  Se1.119                       0.14357559     -0.00007341      0.00020771     -0.00000002
ATVX     1  Mu1.0004  Se1.119                       0.20649609      0.00063909     -0.00144457     -0.00000092
ATVX     1  Mu1.0005  Se1.119                       0.20983427      0.00006412     -0.00015258     -0.00000001
ATVX     1  Mu1.0006  Se1.119                       0.21868297     -0.00003805      0.00011785     -0.00000000
ATVX     1  Mu1.0007  Se1.119                       0.22141022      0.00014780     -0.00052537     -0.00000008
ATVX     1  Mu1.0008  Se1.119                       0.22457011     -0.00016932      0.00045056     -0.00000008
ATVX     1  Mu1.0009  Se1.119                       0.25074190     -0.00003567      0.00008807     -0.00000000
ATVX     1  Mu1.0010  Se1.119                       0.27118647     -0.00067318      0.00157540     -0.00000106
ATVX     1  Mu1.0011  Se1.119                       0.28663564      0.00005635     -0.00043234     -0.00000002
ATVX     1  Mu1.0012  Se1.119                       0.29033491     -0.00001779      0.00001371     -0.00000000
ATVX     1  Mu1.0013  Se1.119                       0.29164663      0.00005356     -0.00015036     -0.00000001
ATVX     1  Mu1.0014  Se1.119                       0.29821187     -0.00013773      0.00041929     -0.00000006
ATVX     1  Mu1.0001  Se1.120                       0.11325942      0.00082607     -0.00171811     -0.00000142
ATVX     1  Mu1.0002  Se1.120                       0.14592962     -0.00492848      0.01170849     -0.00005771
ATVX     1  Mu1.0003  Se1.120                       0.14765076     -0.00041114      0.00102139     -0.00000042
ATVX     1  Mu1.0004  Se1.120                       0.21057126     -0.00012736      0.00022784     -0.00000003
ATVX     1  Mu1.0005  Se1.120                       0.21390945      0.00077517     -0.00198947     -0.00000154
ATVX     1  Mu1.0006  Se1.120                       0.22275814      0.00026895     -0.00069565     -0.00000019
ATVX     1  Mu1.0007  Se1.120                       0.22548539      0.00013362     -0.00013523     -0.00000002
ATVX     1  Mu1.0008  Se1.120                       0.22864529     -0.00002010      0.00010299     -0.00000000
ATVX     1  Mu1.0009  Se1.120                       0.25481707      0.00005915     -0.00014164     -0.00000001
ATVX     1  Mu1.0010  Se1.120                       0.27526164      0.00010195     -0.00018349     -0.00000002
ATVX     1  Mu1.0011  Se1.120                       0.29071082     -0.00016432      0.00031600     -0.00000005
ATVX     1  Mu1.0012  Se1.120                       0.29441009      0.00032560     -0.00076155     -0.00000025
ATVX     1  Mu1.0013  Se1.120                       0.29572180      0.00004817     -0.00011383     -0.00000001
ATVX     1  Mu1.0001  Se1.121                       0.12088719      0.00098105     -0.00198632     -0.00000195
ATVX     1  Mu1.0002  Se1.121                       0.15355739     -0.00785448      0.01837882     -0.00014436
ATVX     1  Mu1.0003  Se1.121                       0.15527853     -0.00061523      0.00150546     -0.00000093
ATVX     1  Mu1.0004  Se1.121                       0.21819903     -0.00013138      0.00023687     -0.00000003
ATVX     1  Mu1.0005  Se1.121                       0.22153721      0.00128618     -0.00343397     -0.00000442
ATVX     1  Mu1.0006  Se1.121                       0.23038591      0.00046734     -0.00114385     -0.00000053
ATVX     1  Mu1.0007  Se1.121                       0.23311316      0.00043013     -0.00077592     -0.00000033
ATVX     1  Mu1.0008  Se1.121                       0.23627305      0.00004050     -0.00002489     -0.00000000
ATVX     1  Mu1.0009  Se1.121                       0.26244484     -0.00014002      0.00034520     -0.00000005
ATVX     1  Mu1.0010  Se1.121                       0.28288941      0.00008928     -0.00013213     -0.00000001
ATVX     1  Mu1.0011  Se1.121                       0.29833858     -0.00030304      0.00051556     -0.00000016
ATVX     1  Mu1.0001  Se1.122                       0.13044390     -0.00010691      0.00026889     -0.00000003
ATVX     1  Mu1.0002  Se1.122                       0.16311410     -0.00046919      0.00114099     -0.00000054
ATVX     1  Mu1.0003  Se1.122                       0.16483525     -0.00061665      0.00159025     -0.00000098
ATVX     1  Mu1.0004  Se1.122                       0.22775574      0.00164595     -0.00358497     -0.00000590
ATVX     1  Mu1.0005  Se1.122                       0.23109393      0.00001385      0.00000537      0.00000000
ATVX     1  Mu1.0006  Se1.122                       0.23994263      0.00010996     -0.00015359     -0.00000002
ATVX     1  Mu1.0007  Se1.122                       0.24266988     -0.00066623      0.00097435     -0.00000065
ATVX     1  Mu1.0008  Se1.122                       0.24582977     -0.00095969      0.00218539     -0.00000210
ATVX     1  Mu1.0009  Se1.122                       0.27200156     -0.00010668      0.00024691     -0.00000003
ATVX     1  Mu1.0010  Se1.122                       0.29244612     -0.00131584      0.00288856     -0.00000380
ATVX     1  Mu1.0001  Se1.123                       0.13313460     -0.00006582      0.00014653     -0.00000001
ATVX     1  Mu1.0002  Se1.123                       0.16580480     -0.00003723      0.00009653     -0.00000000
ATVX     1  Mu1.0003  Se1.123                       0.16752595     -0.00030967      0.00096313     -0.00000030
ATVX     1  Mu1.0004  Se1.123                       0.23044644      0.00035457     -0.00079937     -0.00000028
ATVX     1  Mu1.0005  Se1.123                       0.23378463     -0.00002502      0.00006558     -0.00000000
ATVX     1  Mu1.0006  Se1.123                       0.24263333     -0.00003910      0.00013609     -0.00000001
ATVX     1  Mu1.0007  Se1.123                       0.24536058      0.00019472     -0.00063952     -0.00000012
ATVX     1  Mu1.0008  Se1.123                       0.24852047      0.00006940     -0.00026951     -0.00000002
ATVX     1  Mu1.0009  Se1.123                       0.27469226     -0.00002668      0.00006429     -0.00000000
ATVX     1  Mu1.0010  Se1.123                       0.29513682      0.00071896     -0.00162739     -0.00000117
ATVX     1  Mu1.0001  Se1.124                       0.13436634     -0.00108619      0.00229717     -0.00000250
ATVX     1  Mu1.0002  Se1.124                       0.16703655      0.01006929     -0.02640260     -0.00026586
ATVX     1  Mu1.0003  Se1.124                       0.16875769      0.00116670     -0.00305645     -0.00000357
ATVX     1  Mu1.0004  Se1.124                       0.23167819     -0.00070204      0.00163902     -0.00000115
ATVX     1  Mu1.0005  Se1.124                       0.23501637      0.00345974     -0.00885033     -0.00003062
ATVX     1  Mu1.0006  Se1.124                       0.24386507     -0.00069012      0.00171591     -0.00000118
ATVX     1  Mu1.0007  Se1.124                       0.24659232      0.00008811     -0.00027091     -0.00000002
ATVX     1  Mu1.0008  Se1.124                       0.24975221      0.00005524     -0.00016293     -0.00000001
ATVX     1  Mu1.0009  Se1.124                       0.27592400      0.00000256     -0.00004900     -0.00000000
ATVX     1  Mu1.0010  Se1.124                       0.29636857     -0.00000140      0.00009098     -0.00000000
ATVX     1  Mu1.0001  Se1.125                       0.14306605     -0.00091918      0.00243231     -0.00000224
ATVX     1  Mu1.0002  Se1.125                       0.17573626     -0.00008707      0.00026053     -0.00000002
ATVX     1  Mu1.0003  Se1.125                       0.17745740     -0.00005578      0.00012630     -0.00000001
ATVX     1  Mu1.0004  Se1.125                       0.24037790      0.00011074     -0.00025076     -0.00000003
ATVX     1  Mu1.0005  Se1.125                       0.24371608     -0.00010365      0.00025260     -0.00000003
ATVX     1  Mu1.0006  Se1.125                       0.25256478     -0.00006242      0.00013740     -0.00000001
ATVX     1  Mu1.0007  Se1.125                       0.25529203     -0.00002511      0.00000017     -0.00000000
ATVX     1  Mu1.0008  Se1.125                       0.25845192     -0.00006368      0.00011098     -0.00000001
ATVX     1  Mu1.0009  Se1.125                       0.28462371      0.00205999     -0.00484508     -0.00000998
ATVX     1  Mu1.0001  Se1.126                       0.14542022      0.00001209     -0.00001941     -0.00000000
ATVX     1  Mu1.0002  Se1.126                       0.17809043      0.00010622     -0.00028548     -0.00000003
ATVX     1  Mu1.0003  Se1.126                       0.17981157     -0.00021325      0.00053612     -0.00000011
ATVX     1  Mu1.0004  Se1.126                       0.24273207     -0.00004711      0.00013844     -0.00000001
ATVX     1  Mu1.0005  Se1.126                       0.24607025      0.00003331     -0.00008516     -0.00000000
ATVX     1  Mu1.0006  Se1.126                       0.25491895      0.00014839     -0.00034287     -0.00000005
ATVX     1  Mu1.0007  Se1.126                       0.25764620     -0.00075485      0.00175386     -0.00000132
ATVX     1  Mu1.0008  Se1.126                       0.26080609     -0.00016446      0.00038339     -0.00000006
ATVX     1  Mu1.0009  Se1.126                       0.28697788     -0.00001449      0.00003250     -0.00000000
ATVX     1  Mu1.0001  Se1.127                       0.15865859      0.00322545     -0.00851115     -0.00002745
ATVX     1  Mu1.0002  Se1.127                       0.19132879      0.00001596     -0.00013326     -0.00000000
ATVX     1  Mu1.0003  Se1.127                       0.19304993      0.00009796     -0.00021904     -0.00000002
ATVX     1  Mu1.0004  Se1.127                       0.25597043     -0.00014611      0.00030220     -0.00000004
ATVX     1  Mu1.0005  Se1.127                       0.25930862      0.00023340     -0.00056669     -0.00000013
ATVX     1  Mu1.0006  Se1.127                       0.26815731     -0.00002768      0.00011242     -0.00000000
ATVX     1  Mu1.0007  Se1.127                       0.27088456     -0.00008933      0.00034212     -0.00000003
ATVX     1  Mu1.0008  Se1.127                       0.27404446      0.00005615     -0.00004984     -0.00000000
ATVX     1  Mu1.0001  Se1.128                       0.16380971      0.00021612     -0.00053608     -0.00000012
ATVX     1  Mu1.0002  Se1.128                       0.19647991     -0.00015962      0.00037177     -0.00000006
ATVX     1  Mu1.0003  Se1.128                       0.19820105      0.00104165     -0.00305835     -0.00000319
ATVX     1  Mu1.0004  Se1.128                       0.26112155     -0.00093115      0.00189122     -0.00000176
ATVX     1  Mu1.0005  Se1.128                       0.26445973      0.00002301     -0.00006756     -0.00000000
ATVX     1  Mu1.0006  Se1.128                       0.27330843      0.00010833     -0.00041324     -0.00000004
ATVX     1  Mu1.0007  Se1.128                       0.27603568     -0.00042332      0.00173003     -0.00000073
ATVX     1  Mu1.0008  Se1.128                       0.27919558     -0.00017607      0.00077825     -0.00000014
ATVX     1  Mu1.0001  Se1.129                       0.16773735     -0.00067472      0.00164035     -0.00000111
ATVX     1  Mu1.0002  Se1.129                       0.20040755      0.00366820     -0.00874097     -0.00003206
ATVX     1  Mu1.0003  Se1.129                       0.20212869      0.00029015     -0.00074988     -0.00000022
ATVX     1  Mu1.0004  Se1.129                       0.26504919     -0.00025350      0.00052130     -0.00000013
ATVX     1  Mu1.0005  Se1.129                       0.26838737     -0.00008296      0.00033244     -0.00000003
ATVX     1  Mu1.0006  Se1.129                       0.27723607     -0.00027414      0.00061951     -0.00000017
ATVX     1  Mu1.0007  Se1.129                       0.27996332     -0.00091829      0.00211852     -0.00000195
ATVX     1  Mu1.0008  Se1.129                       0.28312321     -0.00035403      0.00085487     -0.00000030
ATVX     1  Mu1.0001  Se1.130                       0.17482533      0.00001519     -0.00003165     -0.00000000
ATVX     1  Mu1.0002  Se1.130                       0.20749553      0.00037435     -0.00082746     -0.00000031
ATVX     1  Mu1.0003  Se1.130                       0.20921668     -0.00391693      0.00874514     -0.00003425
ATVX     1  Mu1.0004  Se1.130                       0.27213717     -0.00082575      0.00183024     -0.00000151
ATVX     1  Mu1.0005  Se1.130                       0.27547536     -0.00008296      0.00017204     -0.00000001
ATVX     1  Mu1.0006  Se1.130                       0.28432406     -0.00013066      0.00026886     -0.00000004
ATVX     1  Mu1.0007  Se1.130                       0.28705131      0.00072818     -0.00154731     -0.00000113
ATVX     1  Mu1.0008  Se1.130                       0.29021120      0.00063258     -0.00131902     -0.00000083
ATVX     1  Mu1.0001  Se1.131                       0.17505092      0.00003275     -0.00001497     -0.00000000
ATVX     1  Mu1.0002  Se1.131                       0.20772112     -0.00061998      0.00128572     -0.00000080
ATVX     1  Mu1.0003  Se1.131                       0.20944226      0.00005220     -0.00012132     -0.00000001
ATVX     1  Mu1.0004  Se1.131                       0.27236276      0.00000239     -0.00000122     -0.00000000
ATVX     1  Mu1.0005  Se1.131                       0.27570094      0.00018939     -0.00052099     -0.00000010
ATVX     1  Mu1.0006  Se1.131                       0.28454964      0.00001902     -0.00002751     -0.00000000
ATVX     1  Mu1.0007  Se1.131                       0.28727689      0.00008021     -0.00014897     -0.00000001
ATVX     1  Mu1.0008  Se1.131                       0.29043678      0.00003420     -0.00006178     -0.00000000
ATVX     1  Mu1.0001  Se1.132                       0.17790802     -0.00003978      0.00013109     -0.00000001
ATVX     1  Mu1.0002  Se1.132                       0.21057822     -0.00000317      0.00000083     -0.00000000
ATVX     1  Mu1.0003  Se1.132                       0.21229936     -0.00081995      0.00187217     -0.00000154
ATVX     1  Mu1.0004  Se1.132                       0.27521986      0.00102685     -0.00233823     -0.00000240
ATVX     1  Mu1.0005  Se1.132                       0.27855804     -0.00005428      0.00010752     -0.00000001
ATVX     1  Mu1.0006  Se1.132                       0.28740674      0.00013750     -0.00017703     -0.00000002
ATVX     1  Mu1.0007  Se1.132                       0.29013399     -0.00155982      0.00278289     -0.00000434
ATVX     1  Mu1.0008  Se1.132                       0.29329389      0.00349166     -0.00728791     -0.00002545
ATVX     1  Mu1.0001  Se1.133                       0.18561856     -0.00000072      0.00000072     -0.00000000
ATVX     1  Mu1.0002  Se1.133                       0.21828876      0.00056954     -0.00124526     -0.00000071
ATVX     1  Mu1.0003  Se1.133                       0.22000990     -0.00596777      0.01311377     -0.00007826
ATVX     1  Mu1.0004  Se1.133                       0.28293040     -0.00118443      0.00256276     -0.00000304
ATVX     1  Mu1.0005  Se1.133                       0.28626858     -0.00011235      0.00023408     -0.00000003
ATVX     1  Mu1.0006  Se1.133                       0.29511728     -0.00025219      0.00052107     -0.00000013
ATVX     1  Mu1.0007  Se1.133                       0.29784453      0.00139654     -0.00294908     -0.00000412
ATVX     1  Mu1.0001  Se1.134                       0.19066058     -0.00003067      0.00009153     -0.00000000
ATVX     1  Mu1.0002  Se1.134                       0.22333078     -0.00009410      0.00023237     -0.00000002
ATVX     1  Mu1.0003  Se1.134                       0.22505193      0.00023383     -0.00048698     -0.00000011
ATVX     1  Mu1.0004  Se1.134                       0.28797242      0.00060224     -0.00131360     -0.00000079
ATVX     1  Mu1.0005  Se1.134                       0.29131061      0.00003316     -0.00004044     -0.00000000
ATVX     1  Mu1.0001  Se1.135                       0.20058451      0.00135241     -0.00363620     -0.00000492
ATVX     1  Mu1.0002  Se1.135                       0.23325472      0.00002977     -0.00012044     -0.00000000
ATVX     1  Mu1.0003  Se1.135                       0.23497586      0.00004011     -0.00008825     -0.00000000
ATVX     1  Mu1.0004  Se1.135                       0.29789636      0.00004630     -0.00013898     -0.00000001
ATVX     1  Mu1.0001  Se1.136                       0.20473718     -0.00014352      0.00035578     -0.00000005
ATVX     1  Mu1.0002  Se1.136                       0.23740739      0.00093361     -0.00220779     -0.00000206
ATVX     1  Mu1.0003  Se1.136                       0.23912853     -0.00638879      0.01515812     -0.00009684
ATVX     1  Mu1.0001  Se1.137                       0.21470953     -0.00003049      0.00003717     -0.00000000
ATVX     1  Mu1.0002  Se1.137                       0.24737973      0.00198865     -0.00434773     -0.00000865
ATVX     1  Mu1.0003  Se1.137                       0.24910088      0.00012986     -0.00028107     -0.00000004
ATVX     1  Mu1.0001  Se1.138                       0.21956910      0.00008513     -0.00021856     -0.00000002
ATVX     1  Mu1.0002  Se1.138                       0.25223931      0.00019527     -0.00047351     -0.00000009
ATVX     1  Mu1.0003  Se1.138                       0.25396045     -0.00013346      0.00030437     -0.00000004
ATVX     1  Mu1.0001  Se1.139                       0.22948885     -0.00009820      0.00023551     -0.00000002
ATVX     1  Mu1.0002  Se1.139                       0.26215905     -0.00046470      0.00112469     -0.00000052
ATVX     1  Mu1.0003  Se1.139                       0.26388019     -0.00062005      0.00139038     -0.00000086
ATVX     1  Mu1.0001  Se1.140                       0.23210804     -0.00580448      0.01557764     -0.00009042
ATVX     1  Mu1.0002  Se1.140                       0.26477824     -0.00005327      0.00034063     -0.00000002
ATVX     1  Mu1.0003  Se1.140                       0.26649938      0.00011033     -0.00025375     -0.00000003
ATVX     1  Mu1.0001  Se1.141                       0.23807209     -0.00010334      0.00027535     -0.00000003
ATVX     1  Mu1.0002  Se1.141                       0.27074229      0.00028449     -0.00059295     -0.00000017
ATVX     1  Mu1.0003  Se1.141                       0.27246343     -0.00234168      0.00485086     -0.00001136
ATVX     1  Mu1.0001  Se1.142                       0.24833057      0.00029738     -0.00074398     -0.00000022
ATVX     1  Mu1.0002  Se1.142                       0.28100077     -0.00294061      0.00752906     -0.00002214
ATVX     1  Mu1.0003  Se1.142                       0.28272191     -0.00033927      0.00090678     -0.00000031
ATVX     1  Mu1.0001  Se1.143                       0.25111518      0.00001866     -0.00004262     -0.00000000
ATVX     1  Mu1.0002  Se1.143                       0.28378539      0.00036435     -0.00085461     -0.00000031
ATVX     1  Mu1.0003  Se1.143                       0.28550653     -0.00233807      0.00539511     -0.00001261
ATVX     1  Mu1.0001  Se1.144                       0.25773687     -0.00002678      0.00009846     -0.00000000
ATVX     1  Mu1.0002  Se1.144                       0.29040707     -0.00016935      0.00017872     -0.00000003
ATVX     1  Mu1.0003  Se1.144                       0.29212821     -0.00011065      0.00020042     -0.00000002
ATVX     1  Mu1.0001  Se1.145                       0.25865852     -0.00005009      0.00014415     -0.00000001
ATVX     1  Mu1.0002  Se1.145                       0.29132872     -0.00006708      0.00012890     -0.00000001
ATVX     1  Mu1.0003  Se1.145                       0.29304986      0.00065769     -0.00144880     -0.00000095
ATVX     1  Mu1.0001  Se1.146                       0.26017250      0.00002111     -0.00004714     -0.00000000
ATVX     1  Mu1.0002  Se1.146                       0.29284271      0.00009956     -0.00022851     -0.00000002
ATVX     1  Mu1.0003  Se1.146                       0.29456385     -0.00075269      0.00159522     -0.00000120
ATVX     1  Mu1.0001  Se1.147                       0.27190027      0.00615988     -0.01541594     -0.00009496
ATVX     1  Mu1.0001  Se1.148                       0.27392084      0.00016549     -0.00045442     -0.00000008
ATVX     1  Mu1.0001  Se1.149                       0.27502268     -0.00018314      0.00047214     -0.00000009
ATVX     1  Mu1.0001  Se1.150                       0.28367842     -0.00002827      0.00006943     -0.00000000
ATVX     1  Mu1.0001  Se1.151                       0.29220062     -0.00007963      0.00019160     -0.00000002
--

   (Skipping property calculation,
    use PROP keyword to activate)
--

  Total CASPT2 energies:

  State-specific CASPT2 energies obtained using
  rotated states do not have a well-defined physical
  meaning, however they can be extracted from the
  diagonal of the effective Hamiltonian.

++ Multi-State CASPT2 section:
********************************************************************************
  MULTI-STATE CASPT2 SECTION
--------------------------------------------------------------------------------

  Output diagonal energies have been shifted. Add   -3934.0000000000000     

  Effective Hamiltonian matrix (Symmetric):

                1               2               3               4               5
   1        -0.71038351
   2         0.00001402     -0.69859668
   3         0.00306336     -0.00034656     -0.72972165
   4        -0.00526977      0.00014439     -0.00066801     -0.68704400
   5        -0.00013053      0.00416940      0.00036650      0.00013524     -0.67431624

       Total XMS-CASPT2 energies:
::    XMS-CASPT2 Root  1     Total energy:  -3934.73020288
::    XMS-CASPT2 Root  2     Total energy:  -3934.71108276
::    XMS-CASPT2 Root  3     Total energy:  -3934.69928854
::    XMS-CASPT2 Root  4     Total energy:  -3934.68587192
::    XMS-CASPT2 Root  5     Total energy:  -3934.67361598

       Eigenvectors:
           -0.15369801      0.96474276      0.00388864     -0.21356214     -0.00494203
            0.01193603      0.00024168      0.98626344      0.00665061      0.16461370
            0.98800945      0.15084610     -0.01262594     -0.02997343      0.00499636
           -0.00349007      0.21567474     -0.00882978      0.97632723      0.01339409
           -0.00772034      0.00110070     -0.16441389     -0.01528780      0.98624213

       In terms of the input states:
           -0.14200871      0.85800781      0.01643972     -0.49332779     -0.00368088
            0.12368159      0.00752336      0.97493235      0.00859335      0.18460587
            0.98037250      0.15147908     -0.11803347     -0.02239798     -0.03860411
           -0.05639038      0.49070595     -0.00523936      0.86946855      0.00497853
            0.01504233      0.00526874     -0.18782251     -0.00875284      0.98203465

--

  THE ORIGINAL CI ARRAYS ARE NOW MIXED AS LINEAR
  COMBINATIONS, GIVEN BY THE EIGENVECTORS.
  A NEW JOBIPH FILE NAMED 'JOBMIX' IS PREPARED.
********************************************************************************

++ Mixed CI coefficients:
  The CI coefficients for the MIXED state nr.   1
--------------------------------------------------------------------------------
 CI COEFFICIENTS LARGER THAN  5.00E-02
  Occupation of active orbitals, and spin coupling
  of open shells. (u,d: Spin up or down).
  SGUGA info is (Midvert:IsyUp:UpperWalk/LowerWalk)
        Conf  SGUGA info        Occupation       Coefficient         Weight
           1  ( 1:1:   1/   1)   2222uuuu0000      -0.152354       0.023212
          16  ( 1:1:   1/   2)   222u2uuu0000      -0.662064       0.438329
          19  ( 1:1:   4/   2)   222u2uu00u00      -0.174593       0.030483
          31  ( 1:1:   1/   3)   22u22uuu0000       0.094195       0.008873
          46  ( 1:1:   1/   4)   2u222uuu0000       0.626249       0.392188
          49  ( 1:1:   4/   4)   2u222uu00u00       0.171950       0.029567
          61  ( 1:1:   1/   5)   u2222uuu0000      -0.161849       0.026195
         136  ( 1:1:   1/  10)   22uu22uu0000      -0.053405       0.002852
         181  ( 1:1:   1/  13)   2uu222uu0000      -0.054146       0.002932
         256  ( 2:1:  11/   2)   222u20uu000u       0.051265       0.002628

  The CI coefficients for the MIXED state nr.   2
--------------------------------------------------------------------------------
 CI COEFFICIENTS LARGER THAN  5.00E-02
  Occupation of active orbitals, and spin coupling
  of open shells. (u,d: Spin up or down).
  SGUGA info is (Midvert:IsyUp:UpperWalk/LowerWalk)
        Conf  SGUGA info        Occupation       Coefficient         Weight
           1  ( 1:1:   1/   1)   2222uuuu0000       0.934645       0.873561
           4  ( 1:1:   4/   1)   2222uuu00u00      -0.180886       0.032720
           5  ( 1:1:   5/   1)   2222uu0u0u00      -0.059007       0.003482
          12  ( 1:1:  12/   1)   2222uu0u000u       0.057833       0.003345
          16  ( 1:1:   1/   2)   222u2uuu0000      -0.106434       0.011328
          31  ( 1:1:   1/   3)   22u22uuu0000       0.139318       0.019409
          46  ( 1:1:   1/   4)   2u222uuu0000       0.073962       0.005470
          91  ( 1:1:   1/   7)   22u2u2uu0000       0.065521       0.004293
         226  ( 2:1:   1/   1)   2222u0uuu000      -0.061833       0.003823
         227  ( 2:1:   2/   1)   2222u0uu0u00      -0.056905       0.003238
         236  ( 2:1:  11/   1)   2222u0uu000u      -0.069053       0.004768
         336  ( 2:1:  11/   6)   22220uuu000u       0.053301       0.002841

  The CI coefficients for the MIXED state nr.   3
--------------------------------------------------------------------------------
 CI COEFFICIENTS LARGER THAN  5.00E-02
  Occupation of active orbitals, and spin coupling
  of open shells. (u,d: Spin up or down).
  SGUGA info is (Midvert:IsyUp:UpperWalk/LowerWalk)
        Conf  SGUGA info        Occupation       Coefficient         Weight
           2  ( 1:1:   2/   1)   2222uuu0u000       0.941655       0.886713
           3  ( 1:1:   3/   1)   2222uu0uu000      -0.110183       0.012140
           7  ( 1:1:   7/   1)   2222uuu000u0      -0.082702       0.006840
           8  ( 1:1:   8/   1)   2222uu0u00u0       0.153830       0.023664
          10  ( 1:1:  10/   1)   2222uu000uu0       0.085515       0.007313
          32  ( 1:1:   2/   3)   22u22uu0u000       0.114232       0.013049
          92  ( 1:1:   2/   7)   22u2u2u0u000       0.063428       0.004023
         226  ( 2:1:   1/   1)   2222u0uuu000       0.066857       0.004470
         237  ( 2:1:  12/   1)   2222u0u0u00u      -0.072396       0.005241
         337  ( 2:1:  12/   6)   22220uu0u00u       0.052172       0.002722

  The CI coefficients for the MIXED state nr.   4
--------------------------------------------------------------------------------
 CI COEFFICIENTS LARGER THAN  5.00E-02
  Occupation of active orbitals, and spin coupling
  of open shells. (u,d: Spin up or down).
  SGUGA info is (Midvert:IsyUp:UpperWalk/LowerWalk)
        Conf  SGUGA info        Occupation       Coefficient         Weight
           1  ( 1:1:   1/   1)   2222uuuu0000      -0.193770       0.037547
           4  ( 1:1:   4/   1)   2222uuu00u00      -0.938703       0.881164
           5  ( 1:1:   5/   1)   2222uu0u0u00      -0.066998       0.004489
          12  ( 1:1:  12/   1)   2222uu0u000u       0.067068       0.004498
          34  ( 1:1:   4/   3)   22u22uu00u00      -0.121284       0.014710
          94  ( 1:1:   4/   7)   22u2u2u00u00      -0.063864       0.004079
         227  ( 2:1:   2/   1)   2222u0uu0u00      -0.073881       0.005458
         228  ( 2:1:   3/   1)   2222u0u0uu00      -0.065146       0.004244
         239  ( 2:1:  14/   1)   2222u0u00u0u       0.079650       0.006344
         339  ( 2:1:  14/   6)   22220uu00u0u      -0.054945       0.003019

  The CI coefficients for the MIXED state nr.   5
--------------------------------------------------------------------------------
 CI COEFFICIENTS LARGER THAN  5.00E-02
  Occupation of active orbitals, and spin coupling
  of open shells. (u,d: Spin up or down).
  SGUGA info is (Midvert:IsyUp:UpperWalk/LowerWalk)
        Conf  SGUGA info        Occupation       Coefficient         Weight
           2  ( 1:1:   2/   1)   2222uuu0u000       0.136286       0.018574
           3  ( 1:1:   3/   1)   2222uu0uu000       0.759739       0.577203
           6  ( 1:1:   6/   1)   2222uu00uu00      -0.391251       0.153077
           7  ( 1:1:   7/   1)   2222uuu000u0       0.430671       0.185477
          33  ( 1:1:   3/   3)   22u22u0uu000       0.092248       0.008510
          37  ( 1:1:   7/   3)   22u22uu000u0       0.056015       0.003138
         226  ( 2:1:   1/   1)   2222u0uuu000       0.077750       0.006045
         238  ( 2:1:  13/   1)   2222u00uu00u      -0.059176       0.003502

--

Note: The following floating-point exceptions are signalling: IEEE_UNDERFLOW_FLAG IEEE_DENORMAL
--- Stop Module: caspt2 at Thu Jul  2 16:00:12 2026 /rc=_RC_ALL_IS_WELL_ ---
*** files: xmldump
    saved to directory <scratch-path-omitted>
--- Module caspt2 spent 21 hours 33 minutes 4 seconds ---

.##################.
.# Happy landing! #.
.##################.

    Timing: Wall=80268.03 User=72926.26 System=7165.87
