   This run of MOLCAS is using the pymolcas driver

                             OPE
                             OPE          NMOL  CASOP  ENMOLC A   SO
                 OPE        NMOLC        AS  OP EN  MO LC     AS  OP
                OPENM       OL CA        SO  PE NM  OL CA     SOP EN
                OP EN      MO   LC       AS  OP ENMOL  CASO   PENMOL
                OP  EN     MO   LC       AS  OP EN     MO     LC ASO
               OP   E  NMOL  C  AS       OP  EN MO     LC     AS  OP
               OP  E   NMO   LC AS        OPEN  MO     LCASOP EN   M
               O  PEN   MO  LCA  SO
            OPE   NMO   L   CAS    OP
        OPENMOL  CASOP     ENMOL   CASOPE
     OPENMOLCA   SOPENMOLCASOPEN   MOLCASOPE
    OPENMOLCAS   OP           EN   MOL    CAS
    OPENMOLCAS       OP  ENM        O     LCA
    OPENMOLCAS    OPEN  MOLCASO     P  E  NMO
    OPENMOLCAS     OP               E  N  MOL
    OPENMOLCA   SO           PENM   O  L  CAS    OPEN    MO    LCAS
    OPENMOLCA   SOP           ENM   O  L  CAS   OP  EN  MOLC  AS   O
    OPENMOLCA   SOPE           NM      O  LCA   S      OP  EN MO
    OPENMOLC                AS         O  PEN   M      OL  CA  SOPE
    OPENMO        LCASOPE  NMOL        C  ASO   P      ENMOLC     AS
    OPE     NMO      LCA  SO     P     E   NM   OL  CA SO  PE N   MO
          OPENMOLCA            SOPE   NMO        LCAS  O    P  ENMO
     OPENMOLCASOPENMOLCASOPENMOLCASOPENMOLCA
        OPENMOLCASOPENMOLCASOPENMOLCASOPE
            OPENMOLCASOPENMOLCASOPENM
               OPENMOLCASOPENMOLCA        version: v24.02
                   OPENMOLCASO
                       OPE                tag:

 OpenMolcas is free software; you can redistribute it and/or modify it
 under the terms of the GNU Lesser General Public License version 2.1.
 OpenMolcas is distributed in the hope that it will be useful, but it
 is provided "as is" and without any express or implied warranties.
 For more details see the full text of the license in the file
 LICENSE or in <http://www.gnu.org/licenses/>.

                 Copyright (C) The OpenMolcas Authors
           For the author list and the recommended citation,
                   consult the file CONTRIBUTORS.md

           *************************************************
           * pymolcas version py2.28                       *
           *   build c4a6d18ded8cb6cad61d2372a9abd97c      *
           *   (after the EMIL interpreter by V. Veryazov) *
           *************************************************

configuration info
------------------
Host name: login02 (Linux)
C Compiler ID: GNU
C flags: -std=gnu99
Fortran Compiler ID: GNU
Fortran flags: -fno-aggressive-loop-optimizations -cpp -fdefault-integer-8 -fmax-stack-var-size=1048576
Definitions: _MOLCAS_;_I8_;_LINUX_;_MOLCAS_MPP_;_SCALAPACK_;_GA_
Parallel: ON (GA=ON)


   -------------------------------------------------------------------------------------------------------------------------------
  |
  |                 Project: caspt2xms_T
  |          Submitted from: <scratch-path-omitted>
  |            Scratch area: <scratch-path-omitted>
  |         Save outputs to: <scratch-path-omitted>
  |                  Molcas: /opt/bwhpc/common/chem/openmolcas/24.02_gnu-system_openmpi-4.1_mkl-2023.1.0
  |
  | Scratch area is empty
  |
  |             MOLCAS_BIN = /opt/bwhpc/common/chem/openmolcas/24.02_gnu-system_openmpi-4.1_mkl-2023.1.0/bin
  |         MOLCAS_DOC_DIR = /opt/bwhpc/common/chem/openmolcas/24.02_gnu-system_openmpi-4.1_mkl-2023.1.0/doc
  |          MOLCAS_DRIVER = <OpenMolcas-executable-path-omitted>
  |         MOLCAS_EXA_DIR = /opt/bwhpc/common/chem/openmolcas/24.02_gnu-system_openmpi-4.1_mkl-2023.1.0/bwhpc-examples
  |            MOLCAS_HOME = /opt/bwhpc/common/chem/openmolcas/24.02_gnu-system_openmpi-4.1_mkl-2023.1.0
  | MOLCAS_JUSTUS2_EXA_DIR = /opt/bwhpc/common/chem/openmolcas/24.02_gnu-system_openmpi-4.1_mkl-2023.1.0/bwhpc-examples
  |          MOLCAS_NPROCS = 1
  |           MOLCAS_PRINT = 2
  |            MOLCAS_SBIN = /opt/bwhpc/common/chem/openmolcas/24.02_gnu-system_openmpi-4.1_mkl-2023.1.0/sbin
  |          MOLCAS_SOURCE = /opt/bwhpc/common/chem/openmolcas/24.02_gnu-system_openmpi-4.1_mkl-2023.1.0
  |       MOLCAS_STRUCTURE = 0
  |         MOLCAS_VERSION = 24.02
  |
   -------------------------------------------------------------------------------------------------------------------------------

++ ---------   Input file   ---------

&GATEWAY
 coord = opt_optimized.xyz
 basis = Def2-TZVP
 group = nosym
 amfi
 RICD

&SEWARD

&RASSCF
 fileorb = rasscf_T.RasOrb
 cionly
 charge = 0
 spin = 3
 nactel = 12 0 0
 inactive = 100
 ras2 = 12
 ciroot = 5 5 1
 thrs = 1.0d-7 1.0d-5 1.0d-5
 outorbital = canonical

&CASPT2
 xmulti = 5 1 2 3 4 5
 imag = 0.2
 ipeashift = 0.25

-- ----------------------------------

--- Start Module: gateway at Wed Jul  1 17:42:23 2026 ---

()()()()()()()()()()()()()()()()()()()()()()()()()()()()()()()()()()()()()()()()()()()()()()()()()()

                                              &GATEWAY

                       only a single process is used, running in SERIAL mode
                       available to each process: 12 GB of memory, 1 thread?
                                            pid: 3380149
()()()()()()()()()()()()()()()()()()()()()()()()()()()()()()()()()()()()()()()()()()()()()()()()()()


++    Symmetry information:
      ---------------------

                    Character Table for C1 

                             E  
                    a        1  x, y, xy, Rz, z, xz, Ry, yz, Rx, I
--


++    Basis set information:
      ----------------------


      Basis set label: C.DEF2-TZVP.........

      Electronic valence basis set:
      ------------------
      Associated Effective Charge   6.000000 au
      Associated Actual Charge      6.000000 au
      Nuclear Model: Point charge

      Shell  nPrim  nBasis  Cartesian Spherical Contaminant
         s      11       5        X                  
         p       6       3        X                  
         d       2       2                 X         
         f       1       1                 X         


      Basis set label: H.DEF2-TZVP.........

      Electronic valence basis set:
      ------------------
      Associated Effective Charge   1.000000 au
      Associated Actual Charge      1.000000 au
      Nuclear Model: Point charge

      Shell  nPrim  nBasis  Cartesian Spherical Contaminant
         s       5       3        X                  
         p       1       1        X                  


      Basis set label: NI.DEF2-TZVP.........

      Electronic valence basis set:
      ------------------
      Associated Effective Charge  28.000000 au
      Associated Actual Charge     28.000000 au
      Nuclear Model: Point charge

      Shell  nPrim  nBasis  Cartesian Spherical Contaminant
         s      17       6        X                  
         p      11       4        X                  
         d       7       4                 X         
         f       1       1                 X         
--


++    Molecular structure info:
      -------------------------

                    ************************************************ 
                    **** Cartesian Coordinates / Bohr, Angstrom **** 
                    ************************************************ 

     Center  Label                x              y              z                     x              y              z
        1      C1               2.700873      -0.014140       0.053364              1.429240      -0.007483       0.028239
        2      C2               1.338269       2.346166       0.052986              0.708181       1.241537       0.028039
        3      C3              -1.358013       2.352197      -0.050975             -0.718630       1.244729      -0.026975
        4      C4              -2.700873       0.014140       0.053364             -1.429240       0.007483       0.028239
        5      C5              -1.338269      -2.346166       0.052987             -0.708182      -1.241537       0.028039
        6      C6               1.358013      -2.352197      -0.050975              0.718630      -1.244729      -0.026975
        7      C7               5.430022      -0.032061       0.005879              2.873444      -0.016966       0.003111
        8      C8               2.687271       4.718649       0.004773              1.422042       2.497001       0.002526
        9      C9              -2.703012       4.681857      -0.225865             -1.430373       2.477532      -0.119522
       10      C10             -5.430022       0.032061       0.005880             -2.873444       0.016966       0.003112
       11      C11             -2.687271      -4.718649       0.004773             -1.422043      -2.497001       0.002526
       12      C12              2.703013      -4.681856      -0.225865              1.430373      -2.477532      -0.119522
       13      C13              6.688107       2.329532       0.479888              3.539194       1.232735       0.253946
       14      C14              5.361458       4.627420       0.479616              2.837161       2.448725       0.253802
       15      C15              1.300790       6.993476      -0.166046              0.688348       3.700788      -0.087868
       16      C16             -1.309145       6.977593      -0.300660             -0.692770       3.692383      -0.159102
       17      C17             -5.388209       4.622601      -0.299453             -2.851317       2.446175      -0.158464
       18      C18             -6.706853       2.370347      -0.163978             -3.549114       1.254334      -0.086773
       19      C19             -6.688107      -2.329532       0.479889             -3.539194      -1.232735       0.253946
       20      C20             -5.361458      -4.627420       0.479617             -2.837162      -2.448725       0.253802
       21      C21             -1.300790      -6.993477      -0.166047             -0.688348      -3.700788      -0.087868
       22      C22              1.309146      -6.977593      -0.300660              0.692770      -3.692383      -0.159102
       23      C23              5.388209      -4.622601      -0.299453              2.851317      -2.446175      -0.158464
       24      C24              6.706853      -2.370347      -0.163978              3.549114      -1.254333      -0.086773
       25      H25              8.733391       2.331530       0.746766              4.621511       1.233793       0.395171
       26      H26              6.385836       6.397697       0.746357              3.379239       3.385516       0.394955
       27      H27              2.329212       8.782631      -0.158987              1.232566       4.647568      -0.084132
       28      H28             -2.345120       8.756381      -0.445095             -1.240984       4.633677      -0.235534
       29      H29             -6.410729       6.409185      -0.443523             -3.392412       3.391595      -0.234702
       30      H30             -8.770518       2.374354      -0.156216             -4.641158       1.256454      -0.082666
       31      H31             -8.733391      -2.331530       0.746766             -4.621512      -1.233793       0.395172
       32      H32             -6.385836      -6.397698       0.746357             -3.379239      -3.385516       0.394955
       33      H33             -2.329212      -8.782632      -0.158988             -1.232566      -4.647569      -0.084133
       34      H34              2.345121      -8.756381      -0.445095              1.240985      -4.633677      -0.235534
       35      H35              6.410729      -6.409185      -0.443522              3.392412      -3.391594      -0.234702
       36      H36              8.770518      -2.374354      -0.156216              4.641158      -1.256454      -0.082666
       37      NI37             3.989534       2.304908       3.526133              2.111171       1.219705       1.865949
       38      NI38            -3.989534      -2.304908       3.526134             -2.111171      -1.219705       1.865950

                    ************************************************* 
                    **** InterNuclear Distances / Bohr, Angstrom **** 
                    ************************************************* 

     Atom centers         Bohr        Angstrom
   25 H25      13 C13     2.062615        1.091489
   26 H26      14 C14   
   31 H31      19 C19   
   32 H32      20 C20   
   28 H28      16 C16     2.063537        1.091977
   29 H29      17 C17   
   34 H34      22 C22   
   35 H35      23 C23   
   27 H27      15 C15     2.063681        1.092053
   30 H30      18 C18   
   33 H33      21 C21   
   36 H36      24 C24   
   18 C18      17 C17     2.613394        1.382948
   24 C24      23 C23   
   16 C16      15 C15     2.613452        1.382979
   22 C22      21 C21   
   14 C14      13 C13     2.653354        1.404094
   20 C20      19 C19   
   15 C15       8 C8      2.669523        1.412650
   21 C21      11 C11   
   18 C18      10 C10     2.669593        1.412688
   24 C24       7 C7    
   16 C16       9 C9      2.686795        1.421790
   22 C22      12 C12   
   17 C17       9 C9      2.686858        1.421824
   23 C23      12 C12   
    9 C9        3 C3      2.695723        1.426515
   12 C12       6 C6    
    4 C4        3 C3      2.698271        1.427864
    6 C6        1 C1    
    3 C3        2 C2      2.698292        1.427875
    6 C6        5 C5    
   13 C13       7 C7      2.717459        1.438017
   19 C19      10 C10   
   14 C14       8 C8      2.717550        1.438065
   20 C20      11 C11   
    2 C2        1 C1      2.725387        1.442212
    5 C5        4 C4    
    7 C7        1 C1      2.729616        1.444451
    8 C8        2 C2    
   10 C10       4 C4    
   11 C11       5 C5    
   29 H29      18 C18     4.059316        2.148097
   35 H35      24 C24   
   28 H28      15 C15     4.059355        2.148118
   34 H34      21 C21   
   30 H30      17 C17     4.063883        2.150514
   36 H36      23 C23   
   27 H27      16 C16     4.063973        2.150562
   33 H33      22 C22   
   37 NI37     14 C14     4.069091        2.153270
   38 NI38     20 C20   
   37 NI37     13 C13     4.069706        2.153596
   38 NI38     19 C19   
   27 H27       8 C8      4.083011        2.160636
   33 H33      11 C11   
   30 H30      10 C10     4.083077        2.160671
   36 H36       7 C7    
   25 H25      14 C14     4.088073        2.163315
   26 H26      13 C13   
   31 H31      20 C20   
   32 H32      19 C19   
   28 H28       9 C9      4.096083        2.167554
   34 H34      12 C12   
   29 H29       9 C9      4.096120        2.167573
   35 H35      12 C12   
   25 H25       7 C7      4.128888        2.184914
   31 H31      10 C10   
   26 H26       8 C8      4.128987        2.184966
   32 H32      11 C11   
   37 NI37      2 C2      4.369629        2.312308
   38 NI38      5 C5    
   37 NI37      1 C1      4.370212        2.312617
   38 NI38      4 C4    
   37 NI37      8 C8      4.463408        2.361934
   38 NI38     11 C11   
   37 NI37      7 C7      4.464147        2.362325
   38 NI38     10 C10   
   16 C16       8 C8      4.600811        2.434644
   22 C22      11 C11   
   17 C17      10 C10     4.600873        2.434677
   23 C23       7 C7    
   15 C15       9 C9      4.623591        2.446699
   18 C18       9 C9    
   21 C21      12 C12   
   24 C24      12 C12   
   16 C16       3 C3      4.632381        2.451350
   17 C17       3 C3    
   22 C22       6 C6    
   23 C23       6 C6    
   14 C14       2 C2      4.644587        2.457809
   20 C20       5 C5    
   13 C13       1 C1      4.644649        2.457842
   19 C19       4 C4    
   15 C15       2 C2      4.652615        2.462058
   18 C18       4 C4    
   21 C21       5 C5    
   24 C24       1 C1    
    4 C4        2 C2      4.664012        2.468089
    5 C5        1 C1    
    9 C9        2 C2      4.676020        2.474443
   12 C12       5 C5    
    9 C9        4 C4      4.676061        2.474465
   12 C12       1 C1    
   30 H30      29 H29     4.683055        2.478166
   36 H36      35 H35   
   28 H28      27 H27     4.683154        2.478218
   34 H34      33 H33   
   14 C14       7 C7      4.684004        2.478668
   20 C20      10 C10   
   13 C13       8 C8      4.684048        2.478691
   19 C19      11 C11   
    7 C7        6 C6      4.686952        2.480228
    8 C8        3 C3    
   10 C10       3 C3    
   11 C11       6 C6    
   29 H29      28 H28     4.694518        2.484232
   35 H35      34 H34   
   26 H26      25 H25     4.695182        2.484583
   32 H32      31 H31   
    3 C3        1 C1      4.699467        2.486851
    6 C6        4 C4    
    5 C5        3 C3      4.699554        2.486897
    6 C6        2 C2    
   17 C17      16 C16     4.710068        2.492461
   23 C23      22 C22   
    7 C7        2 C2      4.732930        2.504559
   10 C10       5 C5    
    8 C8        1 C1      4.733058        2.504626
   11 C11       4 C4    
   19 C19      18 C18     4.743814        2.510318
   24 C24      13 C13   
   15 C15      14 C14     4.743852        2.510338
   21 C21      20 C20   
   31 H31      30 H30     4.791878        2.535753
   36 H36      25 H25   
   27 H27      26 H26     4.792051        2.535844
   33 H33      32 H32   
   28 H28      17 C17     5.135139        2.717399
   29 H29      16 C16   
   34 H34      23 C23   
   35 H35      22 C22   
   30 H30      19 C19     5.183397        2.742936
   36 H36      13 C13   
   27 H27      14 C14     5.183446        2.742961
   33 H33      20 C20   
   25 H25      24 C24     5.200380        2.751922
   31 H31      18 C18   
   26 H26      15 C15     5.200493        2.751982
   32 H32      21 C21   
   16 C16       2 C2      5.346399        2.829193
   22 C22       5 C5    
   17 C17       4 C4      5.346416        2.829202
   23 C23       1 C1    
   18 C18       3 C3      5.350065        2.831132
   24 C24       6 C6    
   15 C15       3 C3      5.350136        2.831170
   21 C21       6 C6    
   13 C13       2 C2      5.366870        2.840025
   19 C19       5 C5    
   14 C14       1 C1      5.366981        2.840084
   20 C20       4 C4    
    9 C9        8 C8      5.395341        2.855091
   12 C12      11 C11   
   10 C10       9 C9      5.395450        2.855149
   12 C12       7 C7    
    4 C4        1 C1      5.401820        2.858520
    5 C5        2 C2      5.402021        2.858626
    6 C6        3 C3      5.432137        2.874563
    8 C8        7 C7      5.485611        2.902860
   11 C11      10 C10   
   37 NI37     26 H26     5.497303        2.909047
   38 NI38     32 H32   
   37 NI37     25 H25     5.498160        2.909501
   38 NI38     31 H31   
--


            Nuclear Potential Energy           3152.76180619 au

--- Stop Module: gateway at Wed Jul  1 17:42:27 2026 /rc=_RC_ALL_IS_WELL_ ---
*** files: caspt2xms_T.RICDLib xmldump
    saved to directory <scratch-path-omitted>
--- Module gateway spent 3 seconds ---

--- Start Module: seward at Wed Jul  1 17:42:27 2026 ---

()()()()()()()()()()()()()()()()()()()()()()()()()()()()()()()()()()()()()()()()()()()()()()()()()()

                                              &SEWARD

                       only a single process is used, running in SERIAL mode
                       available to each process: 12 GB of memory, 1 thread?
                                            pid: 3380157
()()()()()()()()()()()()()()()()()()()()()()()()()()()()()()()()()()()()()()()()()()()()()()()()()()

               SEWARD will generate:
                  Multipole Moment integrals up to order  2
                  Kinetic Energy integrals
                  Nuclear Attraction integrals (point charge)
                  One-Electron Hamiltonian integrals
                  Velocity integrals
                  Orbital angular momentum around ( 0.0000 -0.0000  0.9761 )
                  Velocity quadrupole around ( 0.0000 -0.0000  0.9761 )
                  Atomic mean-field integrals
                  RI decomposed two-electron repulsion integrals stored Cholesky style
                   - acCD auxiliary basis
                   - CD Threshold:   0.10E-03

                   Integrals are discarded if absolute value <: 1.00E-14
                   Integral cutoff threshold is set to       <: 1.00E-16

            Nuclear Potential Energy           3152.76180619 au


      Basis set specifications :
      Symmetry species         a  
      Basis functions          906


      Input file to MOLDEN was generated!

Note: The following floating-point exceptions are signalling: IEEE_UNDERFLOW_FLAG IEEE_DENORMAL
--- Stop Module: seward at Wed Jul  1 17:52:16 2026 /rc=_RC_ALL_IS_WELL_ ---
*** files: caspt2xms_T.GssOrb caspt2xms_T.guessorb.h5 caspt2xms_T.guessorb.molden xmldump
    saved to directory <scratch-path-omitted>
--- Module seward spent 9 minutes 49 seconds ---

*** symbolic link created: INPORB -> caspt2xms_T.GssOrb
--- Start Module: rasscf at Wed Jul  1 17:52:17 2026 ---

()()()()()()()()()()()()()()()()()()()()()()()()()()()()()()()()()()()()()()()()()()()()()()()()()()

                                              &RASSCF

                       only a single process is used, running in SERIAL mode
                       available to each process: 12 GB of memory, 1 thread?
                                            pid: 3381315
()()()()()()()()()()()()()()()()()()()()()()()()()()()()()()()()()()()()()()()()()()()()()()()()()()

 ###############################################################################
 ###############################################################################
 ###                                                                         ###
 ###                                                                         ###
 ###    WARNING: CHARGE and NACTEL are only compatible if INACTIVE           ###
 ###    is not given and the symmetry group is C1. Hence the                 ###
 ###    CHARGE command will be ignored.                                      ###
 ###                                                                         ###
 ###                                                                         ###
 ###############################################################################
 ###############################################################################

      Header of the ONEINT file:
      --------------------------
      
      Integrals generated by Gateway/Seward, Wed Jul  1 17:42:28 2026


      OrdInt status: non-squared


      Cartesian coordinates in Angstrom:
      -----------------------------------------------------
      No.  Label        X            Y            Z        
      -----------------------------------------------------
       1   C1         1.42924031  -0.00748264   0.02823884
       2   C2         0.70818144   1.24153737   0.02803895
       3   C3        -0.71862965   1.24472889  -0.02697471
       4   C4        -1.42924039   0.00748259   0.02823911
       5   C5        -0.70818155  -1.24153741   0.02803927
       6   C6         0.71862970  -1.24472887  -0.02697464
       7   C7         2.87344400  -0.01696604   0.00311114
       8   C8         1.42204247   2.49700128   0.00252559
       9   C9        -1.43037261   2.47753183  -0.11952247
      10   C10       -2.87344406   0.01696604   0.00311162
      11   C11       -1.42204255  -2.49700134   0.00252593
      12   C12        1.43037277  -2.47753176  -0.11952240
      13   C13        3.53919385   1.23273526   0.25394576
      14   C14        2.83716140   2.44872530   0.25380206
      15   C15        0.68834830   3.70078833  -0.08786789
      16   C16       -0.69276978   3.69238306  -0.15910225
      17   C17       -2.85131717   2.44617531  -0.15846379
      18   C18       -3.54911399   1.25433361  -0.08677346
      19   C19       -3.53919402  -1.23273526   0.25394612
      20   C20       -2.83716156  -2.44872541   0.25380223
      21   C21       -0.68834819  -3.70078845  -0.08786807
      22   C22        0.69276997  -3.69238305  -0.15910229
      23   C23        2.85131735  -2.44617519  -0.15846363
      24   C24        3.54911402  -1.25433341  -0.08677335
      25   H25        4.62151125   1.23379255   0.39517136
      26   H26        3.37923869   3.38551561   0.39495519
      27   H27        1.23256597   4.64756844  -0.08413234
      28   H28       -1.24098431   4.63367705  -0.23553410
      29   H29       -3.39241163   3.39159450  -0.23470201
      30   H30       -4.64115822   1.25645421  -0.08266621
      31   H31       -4.62151158  -1.23379256   0.39517159
      32   H32       -3.37923899  -3.38551587   0.39495488
      33   H33       -1.23256583  -4.64756868  -0.08413285
      34   H34        1.24098454  -4.63367703  -0.23553430
      35   H35        3.39241183  -3.39159438  -0.23470162
      36   H36        4.64115818  -1.25645388  -0.08266582
      37   NI37       2.11117059   1.21970454   1.86594902
      38   NI38      -2.11117054  -1.21970457   1.86594954
      -----------------------------------------------------
      Nuclear repulsion energy = 3152.76180619

++    Wave function specifications:
      -----------------------------

      Number of closed shell electrons         200
      Number of electrons in active shells      12
      Max number of holes in RAS1 space          0
      Max nr of electrons in RAS3 space          0
      Number of inactive orbitals              100
      Number of active orbitals                 12
      Number of secondary orbitals             794
      Spin quantum number                      1.0
      State symmetry                             1
--

++    Orbital specifications:
      -----------------------

      Symmetry species                           1
                                                 a
      Frozen orbitals                            0
      Inactive orbitals                        100
      Active orbitals                           12
      RAS1 orbitals                              0
      RAS2 orbitals                             12
      RAS3 orbitals                              0
      Secondary orbitals                       794
      Deleted orbitals                           0
      Number of basis functions                906
--

++    CI expansion specifications:
      ----------------------------

      Number of CSFs                        382239
      Number of determinants                627264
      Number of root(s) required                 5
      Root chosen for geometry opt.              5
      CI roots used                              1     2     3     4     5
      weights                                0.200 0.200 0.200 0.200 0.200
      highest root included in the CI            5
      max. size of the explicit Hamiltonian    200
--

++    Optimization specifications:
      ----------------------------

      RASSCF algorithm: LK RI/DF
      Maximum number of macro iterations       200
      Maximum number of SX iterations          100
      Threshold for RASSCF energy            1.000E-07
      Threshold for max MO rotation          1.000E-05
      Threshold for max BLB element          1.000E-05
      Level shift parameter                  5.000E-01
      Make Quasi-Newton update
--

      The MO-coefficients are taken from the file:
      <scratch-path-omitted>                                                                                                                                                                                         
      Title: B1 Ni2/coronene CAS(26,15) triplet natural orbitals (regenerated from rasscf_T

      Total molecular charge    0.00

      ************************************************************************************************************************
      *                                                                                                                      *
      *                                            Wave function control section                                             *
      *                                                                                                                      *
      ************************************************************************************************************************


                                         CASCI only, no orbital optimization will be done.
                                         -------------------------------------------------

      Iter CI   SX   CI       RASSCF       Energy    max ROT     max BLB   max BLB  Level Ln srch  Step   QN   Walltime
          iter iter root      energy       change     param      element    value   shift minimum  type update hh:mm:ss
 Nr of preliminary CI iterations:  57
        1   1    0    0 -3929.68096058    0.00E+00   0.00E+00   98 106 1  7.17E-02*  0.00   0.00    SX    NO    0:25:16

      ************************************************************************************************************************
                                                      Wave function printout:
                       occupation of active orbitals, and spin coupling of open shells (u,d: Spin up or down)
      ************************************************************************************************************************

      Note: transformation to natural orbitals
      has been made, which may change the order of the CSFs.

      printout of CI-coefficients larger than  0.05 for root  1
      energy=   -3929.694890
      conf/sym  111111111111     Coeff  Weight
            37  222220uu0000   0.41991 0.17633
            40  222220u00u00   0.21228 0.04506
            52  2222uduu0000  -0.09735 0.00948
           127  222202uu0000  -0.40536 0.16431
           130  222202u00u00  -0.20462 0.04187
           172  2u22d2uu0000  -0.07945 0.00631
           352  2222uu200000   0.56889 0.32363
           355  2222uu020000  -0.31797 0.10110
           362  2222uu0d0u00  -0.15598 0.02433
           365  2222uu0u0d00  -0.22952 0.05268
           367  2222uu000200  -0.11453 0.01312
           460  2u222u200000   0.08024 0.00644
          1366  22220u2000u0  -0.05336 0.00285

      printout of CI-coefficients larger than  0.05 for root  2
      energy=   -3929.683192
      conf/sym  111111111111     Coeff  Weight
             1  22222uu00000   0.16179 0.02618
             8  2222u20u0000  -0.11564 0.01337
            10  2222u2000u00  -0.06497 0.00422
            37  222220uu0000   0.45369 0.20583
            40  222220u00u00   0.19622 0.03850
            52  2222uduu0000  -0.10493 0.01101
           127  222202uu0000  -0.43649 0.19052
           130  222202u00u00  -0.19086 0.03643
           172  2u22d2uu0000  -0.08968 0.00804
           352  2222uu200000  -0.51048 0.26059
           355  2222uu020000   0.27849 0.07756
           362  2222uu0d0u00   0.15797 0.02495
           365  2222uu0u0d00   0.18376 0.03377
           367  2222uu000200   0.09917 0.00984
           460  2u222u200000  -0.07619 0.00580
           892  2222u02u0000   0.09097 0.00828
           901  2222u0200u00   0.05260 0.00277
          1343  22220uu20000  -0.06778 0.00459
          1360  22220uuu0d00  -0.05523 0.00305

      printout of CI-coefficients larger than  0.05 for root  3
      energy=   -3929.682912
      conf/sym  111111111111     Coeff  Weight
             2  22222u0u0000  -0.13079 0.01711
             4  22222u000u00  -0.06914 0.00478
             7  2222u2u00000   0.14458 0.02090
           353  2222uudu0000   0.69411 0.48179
           354  2222uuud0000  -0.50846 0.25853
           361  2222uud00u00   0.32630 0.10647
           364  2222uuu00d00  -0.21098 0.04451
           461  2u222udu0000   0.09992 0.00998
           462  2u222uud0000  -0.07100 0.00504
           469  2u222ud00u00   0.05081 0.00258
           893  2222u0u20000   0.06847 0.00469
          1342  22220u2u0000  -0.09604 0.00922
          1367  22220udu00u0  -0.05618 0.00316

      printout of CI-coefficients larger than  0.05 for root  4
      energy=   -3929.674854
      conf/sym  111111111111     Coeff  Weight
            67  222u2duu0000   0.22515 0.05069
            70  222u2du00u00   0.11412 0.01302
            82  22u22duu0000   0.31790 0.10106
            85  22u22du00u00   0.16333 0.02668
           112  u2222duu0000   0.18627 0.03470
           115  u2222du00u00   0.09726 0.00946
           142  222ud2uu0000   0.18689 0.03493
           145  222ud2u00u00   0.09455 0.00894
           157  22u2d2uu0000   0.26482 0.07013
           160  22u2d2u00u00   0.13596 0.01849
           187  u222d2uu0000   0.15416 0.02376
           190  u222d2u00u00   0.08047 0.00648
           388  222u2u200000  -0.23688 0.05611
           391  222u2u020000   0.13231 0.01751
           398  222u2u0d0u00   0.06496 0.00422
           401  222u2u0u0d00   0.09528 0.00908
           424  22u22u200000  -0.33370 0.11136
           427  22u22u020000   0.18570 0.03448
           434  22u22u0d0u00   0.09221 0.00850
           437  22u22u0u0d00   0.13460 0.01812
           439  22u22u000200   0.06789 0.00461
           496  u2222u200000  -0.19853 0.03942
           499  u2222u020000   0.10977 0.01205
           506  u2222u0d0u00   0.05532 0.00306
           509  u2222u0u0d00   0.08014 0.00642
           532  222uu2200000  -0.19392 0.03761
           535  222uu2020000   0.10899 0.01188
           542  222uu20d0u00   0.05346 0.00286
           545  222uu20u0d00   0.07842 0.00615
           568  22u2u2200000  -0.27792 0.07724
           571  22u2u2020000   0.15562 0.02422
           578  22u2u20d0u00   0.07738 0.00599
           581  22u2u20u0d00   0.11266 0.01269
           583  22u2u2000200   0.05685 0.00323
           640  u222u2200000  -0.16339 0.02670
           643  u222u2020000   0.09092 0.00827
           653  u222u20u0d00   0.06632 0.00440

      printout of CI-coefficients larger than  0.05 for root  5
      energy=   -3929.668954
      conf/sym  111111111111     Coeff  Weight
            67  222u2duu0000  -0.20928 0.04380
            70  222u2du00u00  -0.10530 0.01109
            82  22u22duu0000   0.23696 0.05615
            85  22u22du00u00   0.12118 0.01469
           112  u2222duu0000  -0.17101 0.02924
           115  u2222du00u00  -0.08901 0.00792
           142  222ud2uu0000   0.23810 0.05669
           145  222ud2u00u00   0.11961 0.01431
           157  22u2d2uu0000  -0.28112 0.07903
           160  22u2d2u00u00  -0.14358 0.02061
           187  u222d2uu0000   0.19392 0.03761
           190  u222d2u00u00   0.10098 0.01020
           388  222u2u200000  -0.22606 0.05110
           391  222u2u020000   0.12642 0.01598
           398  222u2u0d0u00   0.06194 0.00384
           401  222u2u0u0d00   0.09060 0.00821
           424  22u22u200000   0.26070 0.06796
           427  22u22u020000  -0.14515 0.02107
           434  22u22u0d0u00  -0.07189 0.00517
           437  22u22u0u0d00  -0.10491 0.01101
           439  22u22u000200  -0.05270 0.00278
           496  u2222u200000  -0.18757 0.03518
           499  u2222u020000   0.10359 0.01073
           506  u2222u0d0u00   0.05219 0.00272
           509  u2222u0u0d00   0.07545 0.00569
           532  222uu2200000   0.25799 0.06656
           535  222uu2020000  -0.14533 0.02112
           542  222uu20d0u00  -0.07106 0.00505
           545  222uu20u0d00  -0.10408 0.01083
           547  222uu2000200  -0.05147 0.00265
           568  22u2u2200000  -0.30323 0.09195
           571  22u2u2020000   0.16997 0.02889
           578  22u2u20d0u00   0.08440 0.00712
           581  22u2u20u0d00   0.12261 0.01503
           583  22u2u2000200   0.06166 0.00380
           640  u222u2200000   0.21509 0.04626
           643  u222u2020000  -0.11967 0.01432
           650  u222u20d0u00  -0.06025 0.00363
           653  u222u20u0d00  -0.08712 0.00759

      Natural orbitals and occupation numbers for root  1
      sym 1:   1.999313   1.988576   1.999136   1.983388   1.010737   0.989340   1.139098   0.859329   0.013353   0.012362
               0.001134   0.004234

      Natural orbitals and occupation numbers for root  2
      sym 1:   1.999137   1.988508   1.998794   1.983760   0.996554   1.003770   1.145519   0.849729   0.013430   0.014769
               0.001614   0.004416

      Natural orbitals and occupation numbers for root  3
      sym 1:   1.999121   1.988529   1.998817   1.984160   1.042688   1.052241   0.956616   0.946977   0.013193   0.011545
               0.001607   0.004506

      Natural orbitals and occupation numbers for root  4
      sym 1:   1.999279   1.987899   1.000590   1.984202   1.998684   0.999919   1.147843   0.850413   0.013020   0.012185
               0.001446   0.004521

      Natural orbitals and occupation numbers for root  5
      sym 1:   1.999217   1.987814   1.000960   1.984267   1.000058   1.998203   1.152137   0.845712   0.013427   0.012133
               0.001554   0.004517

      ************************************************************************************************************************
      *                                                                                                                      *
      *                                                    Final results                                                     *
      *                                                                                                                      *
      ************************************************************************************************************************


++    Wave function specifications:
      -----------------------------

      Number of closed shell electrons         200
      Number of electrons in active shells      12
      Max number of holes in RAS1 space          0
      Max nr of electrons in RAS3 space          0
      Number of inactive orbitals              100
      Number of active orbitals                 12
      Number of secondary orbitals             794
      Spin quantum number                      1.0
      State symmetry                             1
--

++    Orbital specifications:
      -----------------------

      Symmetry species                           1
                                                 a
      Frozen orbitals                            0
      Inactive orbitals                        100
      Active orbitals                           12
      RAS1 orbitals                              0
      RAS2 orbitals                             12
      RAS3 orbitals                              0
      Secondary orbitals                       794
      Deleted orbitals                           0
      Number of basis functions                906
--

++    CI expansion specifications:
      ----------------------------

      Number of CSFs                        382239
      Number of determinants                627264
      Number of root(s) required                 5
      CI roots used                              1     2     3     4     5
      weights                                0.200 0.200 0.200 0.200 0.200
      highest root included in the CI            5
      Root passed to geometry opt.               5
--

++    Final optimization conditions:
      ------------------------------

      Average CI energy                           -3929.68096034
      RASSCF energy for state  5                  -3929.66895350
      Super-CI energy                                 0.00000000
      RASSCF energy change                            0.00000000
      Max change in MO coefficients               0.000E+00
      Max non-diagonal density matrix element     0.000E+00
      Maximum BLB matrix element                  7.172E-02
      (orbital pair  98, 106 in symmetry   1)
      Norm of electronic gradient            2.584E-01
--


      Final state energy(ies):
      ------------------------

::    RASSCF root number  1 Total energy:  -3929.69488965
::    RASSCF root number  2 Total energy:  -3929.68319178
::    RASSCF root number  3 Total energy:  -3929.68291233
::    RASSCF root number  4 Total energy:  -3929.67485444
::    RASSCF root number  5 Total energy:  -3929.66895350

++    Molecular orbitals:
      -------------------

      All orbitals are eigenfunctions of the PT2 Fock matrix


      MOLECULAR ORBITALS FOR SYMMETRY SPECIES 1: a  

      INDEX  OCCUPATION  COEFFICIENTS ...
          1 -305.3784                                                                                                                     
               862 NI38   1s     (-0.9977)
          2 -305.3759                                                                                                                     
               817 NI37   1s     ( 0.9977)
          3  -37.6573                                                                                                                     
               862 NI38   1s     ( 0.3187) 863 NI38   2s     (-1.0382)
          4  -37.6550                                                                                                                     
               817 NI37   1s     ( 0.3187) 818 NI37   2s     (-1.0382)
          5  -32.6889                                                                                                                     
               868 NI38   2px    ( 0.3735) 872 NI38   2py    ( 0.2257) 876 NI38   2pz    (-0.8899)
          6  -32.6884                                                                                                                     
               868 NI38   2px    ( 0.7648) 872 NI38   2py    ( 0.4546) 876 NI38   2pz    ( 0.4363)
          7  -32.6867                                                                                                                     
               823 NI37   2px    ( 0.5362) 827 NI37   2py    ( 0.3312) 831 NI37   2pz    ( 0.7649)
          8  -32.6859                                                                                                                     
               823 NI37   2px    ( 0.6551) 827 NI37   2py    ( 0.3945) 831 NI37   2pz    (-0.6303)
          9  -32.6787                                                                                                                     
               868 NI38   2px    (-0.5076) 872 NI38   2py    ( 0.8513)
         10  -32.6763                                                                                                                     
               823 NI37   2px    (-0.5152) 827 NI37   2py    ( 0.8467)
         11  -11.2933                                                                                                                     
                 1 C1     1s     ( 0.3278)   2 C1     2s     ( 0.4294)  32 C2     1s     ( 0.3296)  33 C2     2s     ( 0.4317)
      
         12  -11.2932                                                                                                                     
                94 C4     1s     ( 0.3341)  95 C4     2s     ( 0.4376) 125 C5     1s     ( 0.3236) 126 C5     2s     ( 0.4238)
      
         13  -11.2924                                                                                                                     
                 1 C1     1s     ( 0.3238)   2 C1     2s     ( 0.4242)  32 C2     1s     (-0.3221)  33 C2     2s     (-0.4219)
      
         14  -11.2923                                                                                                                     
                94 C4     1s     (-0.3181)  95 C4     2s     (-0.4167) 125 C5     1s     ( 0.3284) 126 C5     2s     ( 0.4301)
      
         15  -11.2877                                                                                                                     
               187 C7     1s     ( 0.1024) 188 C7     2s     ( 0.1341) 218 C8     1s     ( 0.1045) 219 C8     2s     ( 0.1369)
               373 C13    1s     ( 0.3117) 374 C13    2s     ( 0.4083) 404 C14    1s     ( 0.3159) 405 C14    2s     ( 0.4139)
      
         16  -11.2871                                                                                                                     
               281 C10    2s     ( 0.1247) 312 C11    2s     ( 0.1226) 559 C19    1s     ( 0.3166) 560 C19    2s     ( 0.4147)
               590 C20    1s     ( 0.3168) 591 C20    2s     ( 0.4150)
         17  -11.2868                                                                                                                     
               187 C7     1s     (-0.2210) 188 C7     2s     (-0.2894) 218 C8     1s     ( 0.2208) 219 C8     2s     ( 0.2892)
               373 C13    1s     (-0.2475) 374 C13    2s     (-0.3242) 404 C14    1s     ( 0.2427) 405 C14    2s     ( 0.3180)
      
         18  -11.2861                                                                                                                     
               280 C10    1s     (-0.2035) 281 C10    2s     (-0.2666) 311 C11    1s     ( 0.1966) 312 C11    2s     ( 0.2576)
               559 C19    1s     (-0.2612) 560 C19    2s     (-0.3421) 590 C20    1s     ( 0.2641) 591 C20    2s     ( 0.3460)
      
         19  -11.2861                                                                                                                     
               187 C7     1s     ( 0.3090) 188 C7     2s     ( 0.4048) 218 C8     1s     ( 0.3171) 219 C8     2s     ( 0.4153)
               374 C13    2s     (-0.1300) 404 C14    1s     (-0.1084) 405 C14    2s     (-0.1420)
         20  -11.2858                                                                                                                     
               187 C7     1s     ( 0.2499) 188 C7     2s     ( 0.3273) 218 C8     1s     (-0.2388) 219 C8     2s     (-0.3128)
               373 C13    1s     (-0.2244) 374 C13    2s     (-0.2939) 404 C14    1s     ( 0.2194) 405 C14    2s     ( 0.2874)
      
         21  -11.2853                                                                                                                     
               280 C10    1s     ( 0.3258) 281 C10    2s     ( 0.4268) 311 C11    1s     ( 0.3055) 312 C11    2s     ( 0.4002)
               559 C19    1s     (-0.1071) 560 C19    2s     (-0.1403) 591 C20    2s     (-0.1076)
         22  -11.2851                                                                                                                     
               280 C10    1s     ( 0.2466) 281 C10    2s     ( 0.3230) 311 C11    1s     (-0.2769) 312 C11    2s     (-0.3627)
               559 C19    1s     (-0.1968) 560 C19    2s     (-0.2578) 590 C20    1s     ( 0.2043) 591 C20    2s     ( 0.2677)
      
         23  -11.2800                                                                                                                     
                64 C3     2s     (-0.1226) 156 C6     1s     ( 0.4556) 157 C6     2s     ( 0.5967)
         24  -11.2800                                                                                                                     
                63 C3     1s     ( 0.4556)  64 C3     2s     ( 0.5968) 157 C6     2s     ( 0.1228)
         25  -11.2738                                                                                                                     
               342 C12    1s     ( 0.4643) 343 C12    2s     ( 0.6082)
         26  -11.2738                                                                                                                     
               249 C9     1s     ( 0.4643) 250 C9     2s     ( 0.6082)
         27  -11.2656                                                                                                                     
               683 C23    1s     ( 0.2686) 684 C23    2s     ( 0.3519) 714 C24    1s     ( 0.3805) 715 C24    2s     ( 0.4985)
      
         28  -11.2656                                                                                                                     
               435 C15    1s     (-0.3810) 436 C15    2s     (-0.4992) 466 C16    1s     (-0.2678) 467 C16    2s     (-0.3509)
      
         29  -11.2653                                                                                                                     
               497 C17    1s     (-0.2999) 498 C17    2s     (-0.3929) 528 C18    1s     (-0.3568) 529 C18    2s     (-0.4674)
      
         30  -11.2653                                                                                                                     
               621 C21    1s     (-0.3577) 622 C21    2s     (-0.4687) 652 C22    1s     (-0.2988) 653 C22    2s     (-0.3915)
      
         31  -11.2642                                                                                                                     
               683 C23    1s     ( 0.3792) 684 C23    2s     ( 0.4968) 714 C24    1s     (-0.2685) 715 C24    2s     (-0.3517)
      
         32  -11.2642                                                                                                                     
               435 C15    1s     (-0.2676) 436 C15    2s     (-0.3506) 466 C16    1s     ( 0.3795) 467 C16    2s     ( 0.4972)
      
         33  -11.2639                                                                                                                     
               497 C17    1s     (-0.3555) 498 C17    2s     (-0.4658) 528 C18    1s     ( 0.2990) 529 C18    2s     ( 0.3917)
      
         34  -11.2639                                                                                                                     
               621 C21    1s     (-0.2981) 622 C21    2s     (-0.3905) 652 C22    1s     ( 0.3567) 653 C22    2s     ( 0.4673)
      
         35   -4.6416                                                                                                                     
               862 NI38   1s     (-0.1174) 863 NI38   2s     ( 0.4615) 864 NI38   3s     (-0.6243) 865 NI38   4s     (-0.4766)
      
         36   -4.6399                                                                                                                     
               817 NI37   1s     (-0.1174) 818 NI37   2s     ( 0.4615) 819 NI37   3s     (-0.6244) 820 NI37   4s     (-0.4766)
      
         37   -3.0519                                                                                                                     
               869 NI38   3px    ( 0.1244) 876 NI38   2pz    (-0.3733) 877 NI38   3pz    ( 0.8516) 878 NI38   *pz    ( 0.2677)
      
         38   -3.0503                                                                                                                     
               831 NI37   2pz    (-0.3755) 832 NI37   3pz    ( 0.8565) 833 NI37   *pz    ( 0.2693)
         39   -3.0485                                                                                                                     
               824 NI37   3px    ( 0.1091) 868 NI38   2px    (-0.3172) 869 NI38   3px    ( 0.7235) 870 NI38   *px    ( 0.2271)
               872 NI38   2py    (-0.1891) 873 NI38   3py    ( 0.4314) 874 NI38   *py    ( 0.1354) 877 NI38   3pz    (-0.1398)
      
         40   -3.0471                                                                                                                     
               823 NI37   2px    (-0.3178) 824 NI37   3px    ( 0.7249) 825 NI37   *px    ( 0.2275) 827 NI37   2py    (-0.1924)
               828 NI37   3py    ( 0.4390) 829 NI37   *py    ( 0.1378) 832 NI37   3pz    ( 0.1084) 869 NI38   3px    (-0.1028)
      
         41   -3.0405                                                                                                                     
               824 NI37   3px    ( 0.1126) 828 NI37   3py    (-0.1827) 868 NI38   2px    (-0.1872) 869 NI38   3px    ( 0.4265)
               870 NI38   *px    ( 0.1349) 872 NI38   2py    ( 0.3148) 873 NI38   3py    (-0.7174) 874 NI38   *py    (-0.2270)
      
         42   -3.0385                                                                                                                     
               823 NI37   2px    ( 0.1892) 824 NI37   3px    (-0.4312) 825 NI37   *px    (-0.1364) 827 NI37   2py    (-0.3134)
               828 NI37   3py    ( 0.7141) 829 NI37   *py    ( 0.2259) 869 NI38   3px    ( 0.1105) 873 NI38   3py    (-0.1827)
      
         43   -1.2471                                                                                                                     
                 3 C1     *s     ( 0.1101)   4 C1     *s     ( 0.1044)  34 C2     *s     ( 0.1101)  35 C2     *s     ( 0.1044)
                65 C3     *s     ( 0.1040)  96 C4     *s     ( 0.1096)  97 C4     *s     ( 0.1040) 127 C5     *s     ( 0.1096)
               128 C5     *s     ( 0.1040) 158 C6     *s     ( 0.1040)
         44   -1.2057                                                                                                                     
                 5 C1     *s     (-0.1010)  36 C2     *s     (-0.1010)  70 C3     *px    ( 0.1142)  98 C4     *s     ( 0.1009)
               129 C5     *s     ( 0.1009) 163 C6     *px    ( 0.1142) 189 C7     *s     (-0.1020) 220 C8     *s     (-0.1020)
               282 C10    *s     ( 0.1021) 313 C11    *s     ( 0.1021)
         45   -1.1942                                                                                                                     
                11 C1     *py    (-0.1185)  65 C3     *s     ( 0.1028)  67 C3     *s     ( 0.1272) 104 C4     *py    (-0.1235)
               132 C5     *px    ( 0.1022) 158 C6     *s     (-0.1028) 160 C6     *s     (-0.1273) 251 C9     *s     ( 0.1160)
               252 C9     *s     ( 0.1070) 344 C12    *s     (-0.1160) 345 C12    *s     (-0.1070)
         46   -1.1415                                                                                                                     
                67 C3     *s     ( 0.1246) 160 C6     *s     ( 0.1246) 251 C9     *s     ( 0.1081) 252 C9     *s     ( 0.1138)
               344 C12    *s     ( 0.1080) 345 C12    *s     ( 0.1138) 375 C13    *s     (-0.1061) 406 C14    *s     (-0.1061)
               561 C19    *s     (-0.1060) 592 C20    *s     (-0.1061)
         47   -1.1362                                                                                                                     
                 5 C1     *s     ( 0.1320)  11 C1     *py    ( 0.1293)  36 C2     *s     (-0.1319)  42 C2     *py    ( 0.1068)
                98 C4     *s     ( 0.1305) 104 C4     *py    (-0.1299) 129 C5     *s     (-0.1307) 135 C5     *py    (-0.1056)
               189 C7     *s     ( 0.1019) 190 C7     *s     ( 0.1073) 220 C8     *s     (-0.1018) 221 C8     *s     (-0.1072)
               282 C10    *s     ( 0.1025) 283 C10    *s     ( 0.1078) 313 C11    *s     (-0.1024) 314 C11    *s     (-0.1077)
               437 C15    *s     (-0.1043) 530 C18    *s     ( 0.1041) 623 C21    *s     (-0.1041) 716 C24    *s     ( 0.1043)
      
         48   -1.1170                                                                                                                     
      
         49   -1.0777                                                                                                                     
               375 C13    *s     (-0.1023) 376 C13    *s     (-0.1050) 406 C14    *s     (-0.1023) 407 C14    *s     (-0.1050)
               561 C19    *s     ( 0.1023) 562 C19    *s     ( 0.1050) 592 C20    *s     ( 0.1023) 593 C20    *s     ( 0.1049)
      
         50   -1.0652                                                                                                                     
                 5 C1     *s     (-0.1451)  36 C2     *s     ( 0.1451)  67 C3     *s     (-0.1213)  98 C4     *s     ( 0.1446)
               129 C5     *s     (-0.1446) 160 C6     *s     ( 0.1213) 189 C7     *s     ( 0.1102) 190 C7     *s     ( 0.1130)
               220 C8     *s     (-0.1102) 221 C8     *s     (-0.1130) 251 C9     *s     ( 0.1128) 252 C9     *s     ( 0.1119)
               282 C10    *s     (-0.1105) 283 C10    *s     (-0.1132) 313 C11    *s     ( 0.1105) 314 C11    *s     ( 0.1132)
               344 C12    *s     (-0.1128) 345 C12    *s     (-0.1119)
         51   -1.0459                                                                                                                     
                 3 C1     *s     (-0.1253)   4 C1     *s     (-0.1339)  34 C2     *s     (-0.1252)  35 C2     *s     (-0.1339)
                96 C4     *s     ( 0.1254)  97 C4     *s     ( 0.1340) 127 C5     *s     ( 0.1254) 128 C5     *s     ( 0.1340)
      
         52   -1.0386                                                                                                                     
                64 C3     2s     ( 0.1009)  65 C3     *s     (-0.1470)  66 C3     *s     (-0.1505) 157 C6     2s     (-0.1008)
               158 C6     *s     ( 0.1470) 159 C6     *s     ( 0.1505)
         53   -0.9978                                                                                                                     
               251 C9     *s     ( 0.1045) 252 C9     *s     ( 0.1069) 344 C12    *s     ( 0.1045) 345 C12    *s     ( 0.1069)
               376 C13    *s     ( 0.1002) 562 C19    *s     ( 0.1004) 593 C20    *s     ( 0.1000)
         54   -0.9949                                                                                                                     
                11 C1     *py    (-0.1148)  39 C2     *px    ( 0.1132) 104 C4     *py    ( 0.1158) 132 C5     *px    (-0.1143)
               468 C16    *s     (-0.1119) 469 C16    *s     (-0.1092) 499 C17    *s     ( 0.1112) 500 C17    *s     ( 0.1086)
               654 C22    *s     (-0.1111) 655 C22    *s     (-0.1086) 685 C23    *s     ( 0.1120) 686 C23    *s     ( 0.1092)
      
         55   -0.8956                                                                                                                     
               252 C9     *s     ( 0.1184) 345 C12    *s     (-0.1184) 376 C13    *s     (-0.1130) 407 C14    *s     ( 0.1133)
               562 C19    *s     ( 0.1081) 593 C20    *s     (-0.1086)
         56   -0.8945                                                                                                                     
               190 C7     *s     ( 0.1104) 221 C8     *s     ( 0.1108) 283 C10    *s     (-0.1096) 314 C11    *s     (-0.1099)
               468 C16    *s     (-0.1015) 469 C16    *s     (-0.1151) 500 C17    *s     ( 0.1129) 655 C22    *s     ( 0.1129)
               685 C23    *s     (-0.1016) 686 C23    *s     (-0.1151)
         57   -0.8916                                                                                                                     
                 5 C1     *s     (-0.1436)  11 C1     *py    (-0.1430)  34 C2     *s     ( 0.1101)  35 C2     *s     ( 0.1496)
                36 C2     *s     ( 0.1870)  39 C2     *px    ( 0.1282)  98 C4     *s     (-0.1459) 104 C4     *py    ( 0.1420)
               127 C5     *s     ( 0.1119) 128 C5     *s     ( 0.1512) 129 C5     *s     ( 0.1889) 132 C5     *px    (-0.1280)
      
         58   -0.8916                                                                                                                     
                 4 C1     *s     ( 0.1353)   5 C1     *s     ( 0.1441)  11 C1     *py    ( 0.1004)  66 C3     *s     (-0.1186)
                97 C4     *s     ( 0.1372)  98 C4     *s     ( 0.1450) 104 C4     *py    (-0.1009) 159 C6     *s     (-0.1209)
      
         59   -0.8739                                                                                                                     
      
         60   -0.8072                                                                                                                     
                11 C1     *py    (-0.1137)  70 C3     *px    ( 0.1099) 104 C4     *py    ( 0.1152) 163 C6     *px    (-0.1101)
               376 C13    *s     (-0.1223) 377 C13    *s     (-0.1313) 407 C14    *s     ( 0.1223) 408 C14    *s     ( 0.1313)
               438 C15    *s     (-0.1018) 439 C15    *s     (-0.1168) 469 C16    *s     ( 0.1091) 470 C16    *s     ( 0.1246)
               500 C17    *s     (-0.1106) 501 C17    *s     (-0.1249) 531 C18    *s     ( 0.1032) 532 C18    *s     ( 0.1168)
               562 C19    *s     (-0.1200) 563 C19    *s     (-0.1305) 593 C20    *s     ( 0.1200) 594 C20    *s     ( 0.1304)
               624 C21    *s     (-0.1031) 625 C21    *s     (-0.1166) 655 C22    *s     ( 0.1105) 656 C22    *s     ( 0.1247)
               686 C23    *s     (-0.1091) 687 C23    *s     (-0.1245) 717 C24    *s     ( 0.1018) 718 C24    *s     ( 0.1167)
      
         61   -0.7903                                                                                                                     
                 4 C1     *s     (-0.1091)   5 C1     *s     (-0.1299)  35 C2     *s     ( 0.1091)  36 C2     *s     ( 0.1297)
                66 C3     *s     (-0.1079)  97 C4     *s     ( 0.1089)  98 C4     *s     ( 0.1310) 128 C5     *s     (-0.1089)
               129 C5     *s     (-0.1309) 159 C6     *s     ( 0.1079)
         62   -0.7706                                                                                                                     
      
         63   -0.7688                                                                                                                     
                 5 C1     *s     (-0.1037)  36 C2     *s     ( 0.1035)  98 C4     *s     ( 0.1032) 129 C5     *s     (-0.1029)
               252 C9     *s     (-0.1112) 253 C9     *s     (-0.1129) 345 C12    *s     ( 0.1112) 346 C12    *s     ( 0.1129)
      
         64   -0.7531                                                                                                                     
                 9 C1     2py    ( 0.1115) 102 C4     2py    ( 0.1115)
         65   -0.7306                                                                                                                     
      
         66   -0.6819                                                                                                                     
                66 C3     *s     ( 0.1010) 159 C6     *s     ( 0.1009) 378 C13    2px    (-0.1042) 409 C14    2px    (-0.1086)
               564 C19    2px    ( 0.1042) 595 C20    2px    ( 0.1085)
         67   -0.6763                                                                                                                     
                 4 C1     *s     ( 0.1060)   5 C1     *s     ( 0.1353)  35 C2     *s     (-0.1059)  36 C2     *s     (-0.1351)
                97 C4     *s     ( 0.1058)  98 C4     *s     ( 0.1329) 128 C5     *s     (-0.1056) 129 C5     *s     (-0.1331)
               443 C15    2py    (-0.1144) 474 C16    2py    (-0.1058) 629 C21    2py    ( 0.1147) 660 C22    2py    ( 0.1059)
      
         68   -0.6649                                                                                                                     
               381 C13    2py    (-0.1269) 382 C13    *py    (-0.1002) 412 C14    2py    ( 0.1405) 413 C14    *py    ( 0.1117)
               567 C19    2py    (-0.1254) 598 C20    2py    ( 0.1352) 599 C20    *py    ( 0.1079)
         69   -0.6645                                                                                                                     
                 5 C1     *s     ( 0.1642)  36 C2     *s     (-0.1657)  68 C3     2px    (-0.1031)  98 C4     *s     ( 0.1817)
               129 C5     *s     (-0.1799) 161 C6     2px    ( 0.1116) 190 C7     *s     (-0.1047) 191 C7     *s     (-0.1389)
               221 C8     *s     ( 0.1069) 222 C8     *s     ( 0.1381) 283 C10    *s     (-0.1035) 284 C10    *s     (-0.1386)
               314 C11    *s     ( 0.1006) 315 C11    *s     ( 0.1386) 377 C13    *s     ( 0.1107) 408 C14    *s     (-0.1095)
      
         70   -0.6625                                                                                                                     
               440 C15    2px    ( 0.1345) 441 C15    *px    ( 0.1033) 471 C16    2px    (-0.1178) 505 C17    2py    ( 0.1067)
               536 C18    2py    (-0.1150) 563 C19    *s     (-0.1078) 594 C20    *s     ( 0.1076) 626 C21    2px    ( 0.1337)
               627 C21    *px    ( 0.1030) 657 C22    2px    (-0.1213) 722 C24    2py    (-0.1149)
         71   -0.6618                                                                                                                     
                 9 C1     2py    ( 0.1192) 102 C4     2py    (-0.1191) 252 C9     *s     ( 0.1260) 253 C9     *s     ( 0.1029)
               345 C12    *s     ( 0.1257) 346 C12    *s     ( 0.1037)
         72   -0.6186                                                                                                                     
                 5 C1     *s     (-0.1962)  36 C2     *s     ( 0.2037)  42 C2     *py    (-0.1142)  98 C4     *s     ( 0.1938)
               129 C5     *s     (-0.2015) 135 C5     *py    (-0.1077) 253 C9     *s     (-0.1287) 346 C12    *s     ( 0.1283)
               443 C15    2py    (-0.1132) 533 C18    2px    ( 0.1145) 629 C21    2py    (-0.1125) 719 C24    2px    ( 0.1137)
      
         73   -0.6183                                                                                                                     
                 9 C1     2py    (-0.1024)  37 C2     2px    (-0.1229)  38 C2     *px    (-0.1002)  68 C3     2px    ( 0.1222)
               102 C4     2py    (-0.1018) 130 C5     2px    (-0.1207) 161 C6     2px    ( 0.1201) 378 C13    2px    (-0.1015)
      
         74   -0.6175                                                                                                                     
      
         75   -0.6148                                                                                                                     
      
         76   -0.6110                                                                                                                     
                 9 C1     2py    ( 0.1040)  40 C2     2py    (-0.1205) 102 C4     2py    ( 0.1036) 133 C5     2py    (-0.1221)
               474 C16    2py    (-0.1193) 660 C22    2py    (-0.1214)
         77   -0.5945                                                                                                                     
                73 C3     *py    ( 0.1050) 166 C6     *py    (-0.1046) 253 C9     *s     (-0.1057) 346 C12    *s     (-0.1059)
               381 C13    2py    ( 0.1378) 382 C13    *py    ( 0.1120) 412 C14    2py    (-0.1257) 413 C14    *py    (-0.1009)
               567 C19    2py    (-0.1376) 568 C19    *py    (-0.1118) 598 C20    2py    ( 0.1257) 599 C20    *py    ( 0.1009)
      
         78   -0.5906                                                                                                                     
                 8 C1     *px    ( 0.1268)  42 C2     *py    (-0.1556) 101 C4     *px    (-0.1264) 135 C5     *py    ( 0.1561)
               440 C15    2px    (-0.1357) 441 C15    *px    (-0.1050) 471 C16    2px    ( 0.1457) 472 C16    *px    ( 0.1137)
               505 C17    2py    ( 0.1286) 536 C18    2py    (-0.1208) 626 C21    2px    ( 0.1364) 627 C21    *px    ( 0.1056)
               657 C22    2px    (-0.1461) 658 C22    *px    (-0.1139) 691 C23    2py    (-0.1280) 722 C24    2py    ( 0.1211)
      
         79   -0.5714                                                                                                                     
               198 C7     2pz    (-0.1036) 199 C7     *pz    (-0.1007) 229 C8     2pz    (-0.1020) 291 C10    2pz    ( 0.1024)
               322 C11    2pz    ( 0.1037) 323 C11    *pz    ( 0.1008)
         80   -0.5609                                                                                                                     
                 4 C1     *s     ( 0.1061)   5 C1     *s     ( 0.2075)  35 C2     *s     (-0.1061)  36 C2     *s     (-0.2074)
                97 C4     *s     (-0.1083)  98 C4     *s     (-0.1916) 128 C5     *s     ( 0.1083) 129 C5     *s     ( 0.1915)
      
         81   -0.5601                                                                                                                     
                11 C1     *py    (-0.1199) 104 C4     *py    ( 0.1346) 132 C5     *px    (-0.1003) 195 C7     2py    ( 0.1038)
               288 C10    2py    (-0.1084) 316 C11    2px    ( 0.1055) 443 C15    2py    (-0.1037) 474 C16    2py    ( 0.1059)
      
         82   -0.5503                                                                                                                     
      
         83   -0.5475                                                                                                                     
               195 C7     2py    ( 0.1022) 288 C10    2py    ( 0.1021) 536 C18    2py    (-0.1170) 722 C24    2py    (-0.1170)
      
         84   -0.5394                                                                                                                     
                71 C3     2py    (-0.1036) 164 C6     2py    (-0.1037)
         85   -0.5382                                                                                                                     
               254 C9     2px    (-0.1187) 347 C12    2px    (-0.1188) 470 C16    *s     (-0.1156) 501 C17    *s     ( 0.1162)
               502 C17    2px    ( 0.1141) 533 C18    2px    (-0.1099) 656 C22    *s     ( 0.1155) 687 C23    *s     (-0.1163)
               688 C23    2px    ( 0.1142) 719 C24    2px    (-0.1096)
         86   -0.4936                                                                                                                     
                 9 C1     2py    (-0.1092)  40 C2     2py    ( 0.1056)  71 C3     2py    (-0.1111) 102 C4     2py    ( 0.1094)
               133 C5     2py    (-0.1059) 164 C6     2py    ( 0.1111) 257 C9     2py    ( 0.1175) 350 C12    2py    (-0.1176)
      
         87   -0.4907                                                                                                                     
                 6 C1     2px    ( 0.1083)  37 C2     2px    (-0.1126)  68 C3     2px    ( 0.1127)  99 C4     2px    (-0.1086)
               130 C5     2px    ( 0.1128) 161 C6     2px    (-0.1128) 191 C7     *s     ( 0.1164) 192 C7     2px    (-0.1095)
               222 C8     *s     (-0.1157) 284 C10    *s     ( 0.1159) 285 C10    2px    ( 0.1099) 315 C11    *s     (-0.1153)
               470 C16    *s     (-0.1070) 501 C17    *s     ( 0.1066) 656 C22    *s     (-0.1065) 687 C23    *s     ( 0.1072)
      
         88   -0.4748                                                                                                                     
               260 C9     2pz    ( 0.1494) 261 C9     *pz    ( 0.1489) 353 C12    2pz    ( 0.1491) 354 C12    *pz    ( 0.1486)
               477 C16    2pz    ( 0.1073) 478 C16    *pz    ( 0.1064) 508 C17    2pz    ( 0.1073) 509 C17    *pz    ( 0.1063)
               663 C22    2pz    ( 0.1069) 664 C22    *pz    ( 0.1060) 694 C23    2pz    ( 0.1070) 695 C23    *pz    ( 0.1060)
      
         89   -0.4587                                                                                                                     
                 5 C1     *s     (-0.1145)  11 C1     *py    ( 0.2508)  36 C2     *s     ( 0.1186)  39 C2     *px    (-0.2507)
                70 C3     *px    (-0.2620)  73 C3     *py    (-0.1561)  98 C4     *s     (-0.1182) 104 C4     *py    (-0.2627)
               129 C5     *s     ( 0.1161) 132 C5     *px    ( 0.2593) 163 C6     *px    ( 0.2617) 166 C6     *py    ( 0.1468)
               446 C15    2pz    (-0.1110) 447 C15    *pz    (-0.1110) 539 C18    2pz    ( 0.1113) 540 C18    *pz    ( 0.1111)
               632 C21    2pz    (-0.1112) 633 C21    *pz    (-0.1110) 725 C24    2pz    ( 0.1090) 726 C24    *pz    ( 0.1089)
               851 NI37   3d2+   ( 0.1393) 896 NI38   3d2+   ( 0.1359)
         90   -0.4529                                                                                                                     
               843 NI37   3d0    (-0.1412) 880 NI38   3d2-   ( 0.2066) 881 NI38   *d2-   ( 0.1380) 888 NI38   3d0    (-0.5050)
               889 NI38   *d0    (-0.3366) 890 NI38   *d0    (-0.2174) 896 NI38   3d2+   ( 0.1242)
         91   -0.4514                                                                                                                     
               835 NI37   3d2-   ( 0.2186) 836 NI37   *d2-   ( 0.1460) 843 NI37   3d0    (-0.5045) 844 NI37   *d0    (-0.3362)
               845 NI37   *d0    (-0.2170) 851 NI37   3d2+   ( 0.1202) 888 NI38   3d0    ( 0.1433)
         92   -0.4218                                                                                                                     
               835 NI37   3d2-   ( 0.2181) 836 NI37   *d2-   ( 0.1465) 843 NI37   3d0    ( 0.1528) 844 NI37   *d0    ( 0.1021)
               851 NI37   3d2+   ( 0.1335) 880 NI38   3d2-   (-0.2577) 881 NI38   *d2-   (-0.1731) 882 NI38   *d2-   (-0.1132)
               888 NI38   3d0    (-0.1711) 889 NI38   *d0    (-0.1144) 896 NI38   3d2+   (-0.1519) 897 NI38   *d2+   (-0.1020)
      
         93   -0.4150                                                                                                                     
                74 C3     2pz    ( 0.1357)  75 C3     *pz    ( 0.1385) 167 C6     2pz    ( 0.1347) 168 C6     *pz    ( 0.1375)
               446 C15    2pz    (-0.1145) 447 C15    *pz    (-0.1140) 539 C18    2pz    (-0.1092) 540 C18    *pz    (-0.1088)
               632 C21    2pz    (-0.1089) 633 C21    *pz    (-0.1084) 725 C24    2pz    (-0.1121) 726 C24    *pz    (-0.1116)
      
         94   -0.4129                                                                                                                     
                67 C3     *s     ( 0.1588) 835 NI37   3d2-   ( 0.2305) 836 NI37   *d2-   ( 0.1544) 837 NI37   *d2-   ( 0.1001)
               843 NI37   3d0    ( 0.1832) 844 NI37   *d0    ( 0.1226) 851 NI37   3d2+   ( 0.2662) 852 NI37   *d2+   ( 0.1790)
               853 NI37   *d2+   ( 0.1170) 880 NI38   3d2-   ( 0.3359) 881 NI38   *d2-   ( 0.2255) 882 NI38   *d2-   ( 0.1469)
               888 NI38   3d0    ( 0.1746) 889 NI38   *d0    ( 0.1170)
         95   -0.4127                                                                                                                     
                67 C3     *s     ( 0.1697) 132 C5     *px    ( 0.1168) 160 C6     *s     (-0.2306) 835 NI37   3d2-   (-0.2710)
               836 NI37   *d2-   (-0.1825) 837 NI37   *d2-   (-0.1197) 851 NI37   3d2+   ( 0.2450) 852 NI37   *d2+   ( 0.1655)
               853 NI37   *d2+   ( 0.1093) 896 NI38   3d2+   (-0.3345) 897 NI38   *d2+   (-0.2255) 898 NI38   *d2+   (-0.1481)
      
         96   -0.4075                                                                                                                     
                 5 C1     *s     (-0.1616)  11 C1     *py    ( 0.1139)  12 C1     2pz    ( 0.1053)  13 C1     *pz    ( 0.1083)
                36 C2     *s     (-0.1653)  39 C2     *px    ( 0.1188)  43 C2     2pz    ( 0.1074)  44 C2     *pz    ( 0.1107)
                70 C3     *px    ( 0.1501)  98 C4     *s     ( 0.1588) 104 C4     *py    ( 0.1123) 105 C4     2pz    (-0.1052)
               106 C4     *pz    (-0.1084) 129 C5     *s     ( 0.1725) 132 C5     *px    ( 0.1136) 136 C5     2pz    (-0.1058)
               137 C5     *pz    (-0.1088) 163 C6     *px    ( 0.1515) 384 C13    2pz    (-0.1086) 385 C13    *pz    (-0.1099)
               415 C14    2pz    (-0.1079) 416 C14    *pz    (-0.1094) 439 C15    *s     (-0.1060) 570 C19    2pz    ( 0.1108)
               571 C19    *pz    ( 0.1126) 601 C20    2pz    ( 0.1080) 602 C20    *pz    ( 0.1095) 718 C24    *s     (-0.1085)
               835 NI37   3d2-   ( 0.1970) 836 NI37   *d2-   ( 0.1319) 851 NI37   3d2+   ( 0.1225) 880 NI38   3d2-   (-0.1691)
               881 NI38   *d2-   (-0.1132)
         97   -0.3942                                                                                                                     
                 5 C1     *s     ( 0.1886)   8 C1     *px    (-0.1150)  11 C1     *py    (-0.1017)  36 C2     *s     (-0.1913)
                39 C2     *px    ( 0.1482)  67 C3     *s     ( 0.1422)  70 C3     *px    ( 0.1518) 135 C5     *py    ( 0.1006)
               160 C6     *s     (-0.1419) 166 C6     *py    (-0.1379) 191 C7     *s     ( 0.1027) 222 C8     *s     (-0.1036)
               477 C16    2pz    (-0.1045) 478 C16    *pz    (-0.1041) 694 C23    2pz    ( 0.1025) 695 C23    *pz    ( 0.1021)
               835 NI37   3d2-   ( 0.1047) 839 NI37   3d1-   (-0.1178) 851 NI37   3d2+   (-0.1776) 852 NI37   *d2+   (-0.1200)
               880 NI38   3d2-   ( 0.1748) 881 NI38   *d2-   ( 0.1180) 896 NI38   3d2+   (-0.3047) 897 NI38   *d2+   (-0.2056)
               898 NI38   *d2+   (-0.1358)
         98   -0.3857                                                                                                                     
                 5 C1     *s     (-0.1391)   8 C1     *px    ( 0.1790)  36 C2     *s     ( 0.1305)  42 C2     *py    (-0.1642)
                67 C3     *s     (-0.2809)  73 C3     *py    ( 0.1958)  98 C4     *s     ( 0.2155) 101 C4     *px    ( 0.2024)
               104 C4     *py    ( 0.1174) 129 C5     *s     (-0.2108) 132 C5     *px    (-0.1997) 135 C5     *py    (-0.1181)
               160 C6     *s     ( 0.2846) 163 C6     *px    (-0.1584) 166 C6     *py    ( 0.1149) 191 C7     *s     (-0.1443)
               199 C7     *pz    ( 0.1001) 222 C8     *s     ( 0.1442) 253 C9     *s     (-0.1107) 260 C9     2pz    ( 0.1111)
               261 C9     *pz    ( 0.1120) 284 C10    *s     ( 0.1802) 291 C10    2pz    (-0.1099) 292 C10    *pz    (-0.1128)
               315 C11    *s     (-0.1809) 322 C11    2pz    ( 0.1126) 323 C11    *pz    ( 0.1156) 346 C12    *s     ( 0.1117)
               353 C12    2pz    (-0.1146) 354 C12    *pz    (-0.1155) 508 C17    2pz    ( 0.1120) 509 C17    *pz    ( 0.1110)
               663 C22    2pz    (-0.1114) 664 C22    *pz    (-0.1104) 835 NI37   3d2-   ( 0.1219) 851 NI37   3d2+   (-0.2043)
               852 NI37   *d2+   (-0.1378)
         99   -0.3769                                                                                                                     
                13 C1     *pz    ( 0.1005) 137 C5     *pz    (-0.1002) 446 C15    2pz    (-0.1086) 447 C15    *pz    (-0.1084)
               477 C16    2pz    (-0.1095) 478 C16    *pz    (-0.1095) 508 C17    2pz    ( 0.1102) 509 C17    *pz    ( 0.1102)
               539 C18    2pz    ( 0.1091) 540 C18    *pz    ( 0.1089) 632 C21    2pz    ( 0.1119) 633 C21    *pz    ( 0.1117)
               663 C22    2pz    ( 0.1125) 664 C22    *pz    ( 0.1126) 694 C23    2pz    (-0.1129) 695 C23    *pz    (-0.1129)
               725 C24    2pz    (-0.1103) 726 C24    *pz    (-0.1101) 835 NI37   3d2-   (-0.1039)
        100   -0.3542                                                                                                                     
                 5 C1     *s     ( 0.3420)   8 C1     *px    (-0.1781)  36 C2     *s     (-0.3435)  42 C2     *py    ( 0.1720)
                67 C3     *s     ( 0.2912)  73 C3     *py    (-0.1685)  74 C3     2pz    (-0.1742)  75 C3     *pz    (-0.1784)
                98 C4     *s     (-0.3442) 101 C4     *px    (-0.1803) 129 C5     *s     ( 0.3421) 135 C5     *py    ( 0.1727)
               160 C6     *s     (-0.2879) 166 C6     *py    (-0.1664) 167 C6     2pz    ( 0.1722) 168 C6     *pz    ( 0.1763)
               851 NI37   3d2+   ( 0.1190) 896 NI38   3d2+   (-0.1226)
        101   -0.3962                                                                                                                     
                 8 C1     *px    (-0.1748)  11 C1     *py    (-0.5150)  39 C2     *px    ( 0.5470)  42 C2     *py    (-0.1100)
                70 C3     *px    ( 0.5069)  73 C3     *py    ( 0.2735) 101 C4     *px    ( 0.1492) 104 C4     *py    ( 0.5156)
               132 C5     *px    (-0.5387) 135 C5     *py    ( 0.1332) 163 C6     *px    (-0.4973) 166 C6     *py    (-0.2958)
               191 C7     *s     ( 0.1626) 222 C8     *s     (-0.1535) 284 C10    *s     ( 0.1449) 315 C11    *s     (-0.1361)
               835 NI37   3d2-   (-0.1020) 839 NI37   3d1-   (-0.2205) 840 NI37   *d1-   (-0.1477) 847 NI37   3d1+   ( 0.1393)
               851 NI37   3d2+   ( 0.1863) 852 NI37   *d2+   ( 0.1252) 884 NI38   3d1-   ( 0.2075) 885 NI38   *d1-   ( 0.1389)
               892 NI38   3d1+   (-0.1308) 896 NI38   3d2+   ( 0.1764) 897 NI38   *d2+   ( 0.1186)
        102   -0.3862                                                                                                                     
                 5 C1     *s     (-0.1949)  11 C1     *py    ( 0.1555)  36 C2     *s     (-0.1892)  67 C3     *s     ( 0.3631)
                98 C4     *s     (-0.1966) 104 C4     *py    (-0.1522) 129 C5     *s     (-0.1859) 160 C6     *s     ( 0.3656)
               384 C13    2pz    (-0.1278) 385 C13    *pz    (-0.1327) 415 C14    2pz    (-0.1321) 416 C14    *pz    (-0.1370)
               439 C15    *s     (-0.1082) 570 C19    2pz    (-0.1267) 571 C19    *pz    (-0.1316) 601 C20    2pz    (-0.1318)
               602 C20    *pz    (-0.1366) 625 C21    *s     (-0.1097) 718 C24    *s     (-0.1018)
        103   -0.3416                                                                                                                     
                 5 C1     *s     (-0.3529)   8 C1     *px    ( 0.1179)  11 C1     *py    (-0.2021)  36 C2     *s     ( 0.3498)
                39 C2     *px    ( 0.1186)  42 C2     *py    (-0.2039)  73 C3     *py    ( 0.1046)  98 C4     *s     ( 0.3722)
               101 C4     *px    ( 0.1283) 104 C4     *py    (-0.2033) 129 C5     *s     (-0.3746) 132 C5     *px    ( 0.1107)
               135 C5     *py    (-0.2127) 197 C7     *py    ( 0.1426) 225 C8     *px    (-0.1392) 253 C9     *s     (-0.1532)
               290 C10    *py    ( 0.1529) 318 C11    *px    (-0.1482) 346 C12    *s     ( 0.1522) 377 C13    *s     (-0.2108)
               408 C14    *s     ( 0.2108) 439 C15    *s     (-0.1299) 532 C18    *s     (-0.1403) 563 C19    *s     ( 0.2250)
               594 C20    *s     (-0.2242) 625 C21    *s     ( 0.1391) 718 C24    *s     ( 0.1282) 839 NI37   3d1-   ( 0.3415)
               840 NI37   *d1-   ( 0.2279) 841 NI37   *d1-   ( 0.1453) 847 NI37   3d1+   (-0.2028) 848 NI37   *d1+   (-0.1353)
               884 NI38   3d1-   ( 0.3789) 885 NI38   *d1-   ( 0.2529) 886 NI38   *d1-   ( 0.1611) 892 NI38   3d1+   (-0.2237)
               893 NI38   *d1+   (-0.1493)
        104   -0.2868                                                                                                                     
                 5 C1     *s     (-0.1196)  11 C1     *py    (-0.4057)  36 C2     *s     ( 0.1220)  39 C2     *px    ( 0.3341)
                42 C2     *py    (-0.2320)  70 C3     *px    ( 0.2671)  73 C3     *py    ( 0.1510)  98 C4     *s     (-0.1094)
               104 C4     *py    ( 0.3871) 129 C5     *s     ( 0.1081) 132 C5     *px    (-0.3172) 135 C5     *py    ( 0.2280)
               163 C6     *px    (-0.2659) 166 C6     *py    (-0.1572) 197 C7     *py    ( 0.1283) 198 C7     2pz    (-0.1125)
               199 C7     *pz    (-0.1150) 225 C8     *px    (-0.1331) 229 C8     2pz    ( 0.1132) 230 C8     *pz    ( 0.1158)
               290 C10    *py    (-0.1174) 292 C10    *pz    (-0.1015) 318 C11    *px    ( 0.1241) 323 C11    *pz    ( 0.1010)
               377 C13    *s     (-0.1946) 408 C14    *s     ( 0.1933) 563 C19    *s     (-0.1759) 594 C20    *s     ( 0.1754)
               839 NI37   3d1-   ( 0.2722) 840 NI37   *d1-   ( 0.1809) 841 NI37   *d1-   ( 0.1128) 847 NI37   3d1+   (-0.1645)
               848 NI37   *d1+   (-0.1093) 884 NI38   3d1-   (-0.2477) 885 NI38   *d1-   (-0.1646) 886 NI38   *d1-   (-0.1028)
               892 NI38   3d1+   ( 0.1466)
        105   -0.1034                                                                                                                     
                67 C3     *s     (-0.1086)  98 C4     *s     ( 0.1072) 129 C5     *s     ( 0.1053) 160 C6     *s     (-0.1084)
               839 NI37   3d1-   (-0.1925) 840 NI37   *d1-   (-0.1275) 847 NI37   3d1+   (-0.3206) 848 NI37   *d1+   (-0.2124)
               849 NI37   *d1+   (-0.1248) 884 NI38   3d1-   ( 0.2254) 885 NI38   *d1-   ( 0.1493) 892 NI38   3d1+   ( 0.3813)
               893 NI38   *d1+   ( 0.2526) 894 NI38   *d1+   ( 0.1484)
        106   -0.0949                                                                                                                     
                 5 C1     *s     (-0.1227)  36 C2     *s     (-0.1127)  98 C4     *s     ( 0.1056) 822 NI37   *s     ( 0.1211)
               839 NI37   3d1-   ( 0.2311) 840 NI37   *d1-   ( 0.1530) 847 NI37   3d1+   ( 0.3859) 848 NI37   *d1+   ( 0.2555)
               849 NI37   *d1+   ( 0.1500) 867 NI38   *s     (-0.1049) 884 NI38   3d1-   ( 0.1941) 885 NI38   *d1-   ( 0.1285)
               892 NI38   3d1+   ( 0.3293) 893 NI38   *d1+   ( 0.2180) 894 NI38   *d1+   ( 0.1280)
        107   -0.0293                                                                                                                     
                 5 C1     *s     ( 0.1007)  67 C3     *s     (-0.4356) 160 C6     *s     (-0.4355) 377 C13    *s     (-0.1227)
               408 C14    *s     (-0.1238) 563 C19    *s     (-0.1235) 594 C20    *s     (-0.1243) 820 NI37   4s     (-0.1214)
               821 NI37   *s     ( 0.1238) 822 NI37   *s     ( 0.8636) 865 NI38   4s     (-0.1223) 866 NI38   *s     ( 0.1246)
               867 NI38   *s     ( 0.8702)
        108   -0.0086                                                                                                                     
                 5 C1     *s     (-0.2172)  36 C2     *s     (-0.2168)  70 C3     *px    ( 0.1195)  98 C4     *s     ( 0.2167)
               129 C5     *s     ( 0.2165) 163 C6     *px    ( 0.1193) 191 C7     *s     ( 0.1001) 194 C7     *px    (-0.1270)
               199 C7     *pz    ( 0.1025) 200 C7     *pz    ( 0.1585) 228 C8     *py    (-0.1124) 230 C8     *pz    ( 0.1023)
               231 C8     *pz    ( 0.1580) 284 C10    *s     (-0.1000) 287 C10    *px    (-0.1269) 292 C10    *pz    (-0.1024)
               293 C10    *pz    (-0.1583) 321 C11    *py    (-0.1124) 323 C11    *pz    (-0.1021) 324 C11    *pz    (-0.1577)
               479 C16    *pz    (-0.1424) 510 C17    *pz    ( 0.1419) 665 C22    *pz    ( 0.1420) 696 C23    *pz    (-0.1423)
               820 NI37   4s     ( 0.1066) 821 NI37   *s     (-0.1092) 822 NI37   *s     (-0.6573) 865 NI38   4s     (-0.1060)
               866 NI38   *s     ( 0.1085) 867 NI38   *s     ( 0.6531)
        109    0.0241                                                                                                                     
                 5 C1     *s     (-0.1716)   8 C1     *px    ( 0.2940)  36 C2     *s     ( 0.1673)  42 C2     *py    (-0.2870)
                67 C3     *s     (-0.1617)  70 C3     *px    (-0.1004)  73 C3     *py    ( 0.1784)  76 C3     *pz    (-0.1555)
                98 C4     *s     ( 0.1730) 101 C4     *px    ( 0.2938) 129 C5     *s     (-0.1690) 135 C5     *py    (-0.2861)
               160 C6     *s     ( 0.1622) 163 C6     *px    (-0.1022) 166 C6     *py    ( 0.1773) 169 C6     *pz    ( 0.1554)
               191 C7     *s     (-0.2205) 194 C7     *px    ( 0.1926) 197 C7     *py    (-0.1336) 200 C7     *pz    (-0.1421)
               222 C8     *s     ( 0.2230) 228 C8     *py    (-0.2342) 231 C8     *pz    ( 0.1433) 253 C9     *s     (-0.1238)
               260 C9     2pz    ( 0.1276) 261 C9     *pz    ( 0.1304) 262 C9     *pz    ( 0.1998) 284 C10    *s     ( 0.2209)
               287 C10    *px    ( 0.1923) 290 C10    *py    (-0.1341) 293 C10    *pz    ( 0.1424) 315 C11    *s     (-0.2230)
               321 C11    *py    (-0.2342) 324 C11    *pz    (-0.1435) 346 C12    *s     ( 0.1236) 353 C12    2pz    (-0.1276)
               354 C12    *pz    (-0.1303) 355 C12    *pz    (-0.1998) 384 C13    2pz    (-0.1097) 385 C13    *pz    (-0.1176)
               386 C13    *pz    (-0.2222) 415 C14    2pz    ( 0.1095) 416 C14    *pz    ( 0.1174) 417 C14    *pz    ( 0.2217)
               439 C15    *s     ( 0.1820) 446 C15    2pz    (-0.1069) 447 C15    *pz    (-0.1028) 448 C15    *pz    (-0.2040)
               532 C18    *s     ( 0.1834) 539 C18    2pz    (-0.1074) 540 C18    *pz    (-0.1032) 541 C18    *pz    (-0.2050)
               570 C19    2pz    ( 0.1093) 571 C19    *pz    ( 0.1172) 572 C19    *pz    ( 0.2212) 601 C20    2pz    (-0.1091)
               602 C20    *pz    (-0.1169) 603 C20    *pz    (-0.2207) 625 C21    *s     (-0.1821) 632 C21    2pz    ( 0.1070)
               633 C21    *pz    ( 0.1028) 634 C21    *pz    ( 0.2043) 718 C24    *s     (-0.1834) 725 C24    2pz    ( 0.1072)
               726 C24    *pz    ( 0.1031) 727 C24    *pz    ( 0.2044)
        110    0.0399                                                                                                                     
                 5 C1     *s     ( 0.6510)   8 C1     *px    ( 0.1740)  11 C1     *py    (-0.1157)  14 C1     *pz    ( 0.1209)
                36 C2     *s     ( 0.6525)  42 C2     *py    ( 0.2074)  45 C2     *pz    ( 0.1206)  70 C3     *px    (-0.2474)
                73 C3     *py    (-0.1413)  98 C4     *s     (-0.6525) 101 C4     *px    ( 0.1743) 104 C4     *py    (-0.1167)
               107 C4     *pz    (-0.1202) 129 C5     *s     (-0.6540) 135 C5     *py    ( 0.2083) 138 C5     *pz    (-0.1200)
               163 C6     *px    (-0.2468) 166 C6     *py    (-0.1426) 191 C7     *s     (-0.2964) 194 C7     *px    ( 0.2054)
               200 C7     *pz    (-0.1122) 222 C8     *s     (-0.2952) 225 C8     *px    ( 0.1623) 228 C8     *py    ( 0.1431)
               231 C8     *pz    (-0.1116) 256 C9     *px    ( 0.1766) 259 C9     *py    ( 0.1034) 284 C10    *s     ( 0.2984)
               287 C10    *px    ( 0.2058) 293 C10    *pz    ( 0.1127) 315 C11    *s     ( 0.2972) 318 C11    *px    ( 0.1628)
               321 C11    *py    ( 0.1432) 324 C11    *pz    ( 0.1121) 349 C12    *px    ( 0.1777) 352 C12    *py    ( 0.1017)
               386 C13    *pz    ( 0.1346) 417 C14    *pz    ( 0.1355) 439 C15    *s     ( 0.1587) 470 C16    *s     (-0.2548)
               479 C16    *pz    ( 0.1671) 501 C17    *s     ( 0.2556) 510 C17    *pz    (-0.1659) 532 C18    *s     (-0.1596)
               572 C19    *pz    (-0.1346) 603 C20    *pz    (-0.1355) 625 C21    *s     (-0.1597) 656 C22    *s     ( 0.2551)
               665 C22    *pz    (-0.1660) 687 C23    *s     (-0.2553) 696 C23    *pz    ( 0.1671) 718 C24    *s     ( 0.1586)
               822 NI37   *s     (-0.8010) 867 NI38   *s     ( 0.7973)
        111    0.0759                                                                                                                     
                 5 C1     *s     ( 0.2860)   8 C1     *px    ( 0.1057)  11 C1     *py    (-0.1933)  14 C1     *pz    (-0.1600)
                36 C2     *s     ( 0.2605)  39 C2     *px    (-0.1069)  42 C2     *py    ( 0.1729)  45 C2     *pz    (-0.1779)
                67 C3     *s     (-1.0945)  70 C3     *px    ( 0.1878)  73 C3     *py    (-0.3002)  74 C3     2pz    ( 0.1725)
                75 C3     *pz    ( 0.1776)  76 C3     *pz    ( 0.3103)  98 C4     *s     ( 0.2835) 101 C4     *px    (-0.1048)
               104 C4     *py    ( 0.1927) 107 C4     *pz    (-0.1605) 129 C5     *s     ( 0.2577) 132 C5     *px    ( 0.1069)
               135 C5     *py    (-0.1722) 138 C5     *pz    (-0.1784) 160 C6     *s     (-1.0945) 163 C6     *px    (-0.1888)
               166 C6     *py    ( 0.2997) 167 C6     2pz    ( 0.1725) 168 C6     *pz    ( 0.1777) 169 C6     *pz    ( 0.3103)
               191 C7     *s     (-0.4186) 222 C8     *s     (-0.4169) 253 C9     *s     ( 0.6798) 256 C9     *px    ( 0.1999)
               259 C9     *py    (-0.3610) 262 C9     *pz    ( 0.1402) 284 C10    *s     (-0.4173) 315 C11    *s     (-0.4157)
               346 C12    *s     ( 0.6799) 349 C12    *px    (-0.1992) 352 C12    *py    ( 0.3614) 355 C12    *pz    ( 0.1402)
               380 C13    *px    (-0.1171) 414 C14    *py    (-0.1015) 439 C15    *s     ( 0.2424) 448 C15    *pz    ( 0.2701)
               473 C16    *px    (-0.1186) 479 C16    *pz    (-0.3063) 507 C17    *py    ( 0.1194) 510 C17    *pz    (-0.2990)
               532 C18    *s     ( 0.2475) 541 C18    *pz    ( 0.2598) 566 C19    *px    ( 0.1169) 600 C20    *py    ( 0.1012)
               625 C21    *s     ( 0.2420) 634 C21    *pz    ( 0.2705) 659 C22    *px    ( 0.1184) 665 C22    *pz    (-0.3071)
               693 C23    *py    (-0.1197) 696 C23    *pz    (-0.2982) 718 C24    *s     ( 0.2480) 727 C24    *pz    ( 0.2594)
               821 NI37   *s     (-0.1116) 822 NI37   *s     ( 0.2096) 866 NI38   *s     (-0.1115) 867 NI38   *s     ( 0.2120)
      
        112    0.0762                                                                                                                     
                 5 C1     *s     ( 0.4111)   8 C1     *px    ( 0.1358)  12 C1     2pz    ( 0.1570)  13 C1     *pz    ( 0.1701)
                14 C1     *pz    ( 0.2985)  36 C2     *s     (-0.4269)  42 C2     *py    (-0.1624)  43 C2     2pz    (-0.1518)
                44 C2     *pz    (-0.1644)  45 C2     *pz    (-0.2878)  70 C3     *px    ( 0.2348)  73 C3     *py    ( 0.1478)
                98 C4     *s     ( 0.4101) 101 C4     *px    (-0.1369) 105 C4     2pz    ( 0.1571) 106 C4     *pz    ( 0.1702)
               107 C4     *pz    ( 0.2985) 129 C5     *s     (-0.4255) 135 C5     *py    ( 0.1636) 136 C5     2pz    (-0.1519)
               137 C5     *pz    (-0.1646) 138 C5     *pz    (-0.2878) 163 C6     *px    (-0.2344) 166 C6     *py    (-0.1484)
               194 C7     *px    ( 0.1191) 197 C7     *py    ( 0.1533) 200 C7     *pz    ( 0.1099) 225 C8     *px    (-0.1964)
               231 C8     *pz    (-0.1049) 256 C9     *px    (-0.1828) 287 C10    *px    (-0.1199) 290 C10    *py    (-0.1532)
               293 C10    *pz    ( 0.1094) 318 C11    *px    ( 0.1966) 324 C11    *pz    (-0.1045) 349 C12    *px    ( 0.1828)
               377 C13    *s     (-0.1918) 380 C13    *px    ( 0.1630) 383 C13    *py    ( 0.2161) 386 C13    *pz    (-0.3093)
               408 C14    *s     ( 0.1877) 411 C14    *px    (-0.2642) 417 C14    *pz    ( 0.3066) 448 C15    *pz    ( 0.1605)
               470 C16    *s     ( 0.1136) 479 C16    *pz    (-0.1187) 501 C17    *s     (-0.1104) 510 C17    *pz    ( 0.1378)
               541 C18    *pz    (-0.1766) 563 C19    *s     (-0.1923) 566 C19    *px    (-0.1632) 569 C19    *py    (-0.2163)
               572 C19    *pz    (-0.3099) 594 C20    *s     ( 0.1883) 597 C20    *px    ( 0.2644) 603 C20    *pz    ( 0.3073)
               634 C21    *pz    ( 0.1599) 656 C22    *s     ( 0.1137) 665 C22    *pz    (-0.1186) 687 C23    *s     (-0.1102)
               696 C23    *pz    ( 0.1377) 727 C24    *pz    (-0.1771)
        113    0.0973                                                                                                                     
                 5 C1     *s     ( 0.1309)   8 C1     *px    (-0.2764)  36 C2     *s     ( 0.1331)  39 C2     *px    (-0.2030)
                42 C2     *py    (-0.1984)  67 C3     *s     (-0.2477)  70 C3     *px    (-0.2836)  73 C3     *py    ( 0.4816)
                76 C3     *pz    ( 0.1018)  98 C4     *s     ( 0.1287) 101 C4     *px    ( 0.2764) 129 C5     *s     ( 0.1310)
               132 C5     *px    ( 0.2025) 135 C5     *py    ( 0.1992) 160 C6     *s     (-0.2481) 163 C6     *px    ( 0.2823)
               166 C6     *py    (-0.4826) 169 C6     *pz    ( 0.1018) 197 C7     *py    (-0.1485) 198 C7     2pz    (-0.1301)
               199 C7     *pz    (-0.1316) 200 C7     *pz    (-0.4058) 225 C8     *px    (-0.1623) 229 C8     2pz    (-0.1301)
               230 C8     *pz    (-0.1316) 231 C8     *pz    (-0.4057) 253 C9     *s     (-0.4355) 259 C9     *py    ( 0.1582)
               260 C9     2pz    (-0.1329) 261 C9     *pz    (-0.1294) 262 C9     *pz    (-0.3961) 290 C10    *py    ( 0.1491)
               291 C10    2pz    (-0.1299) 292 C10    *pz    (-0.1314) 293 C10    *pz    (-0.4052) 318 C11    *px    ( 0.1628)
               322 C11    2pz    (-0.1299) 323 C11    *pz    (-0.1314) 324 C11    *pz    (-0.4050) 346 C12    *s     (-0.4357)
               352 C12    *py    (-0.1578) 353 C12    2pz    (-0.1329) 354 C12    *pz    (-0.1294) 355 C12    *pz    (-0.3961)
               377 C13    *s     ( 0.3011) 380 C13    *px    (-0.2378) 386 C13    *pz    ( 0.1914) 408 C14    *s     ( 0.2994)
               411 C14    *px    (-0.1799) 414 C14    *py    (-0.1703) 417 C14    *pz    ( 0.1916) 439 C15    *s     (-0.1369)
               448 C15    *pz    ( 0.1906) 479 C16    *pz    ( 0.1774) 510 C17    *pz    ( 0.1779) 532 C18    *s     (-0.1440)
               541 C18    *pz    ( 0.1900) 563 C19    *s     ( 0.3016) 566 C19    *px    ( 0.2374) 572 C19    *pz    ( 0.1910)
               594 C20    *s     ( 0.2992) 597 C20    *px    ( 0.1797) 600 C20    *py    ( 0.1697) 603 C20    *pz    ( 0.1912)
               625 C21    *s     (-0.1376) 634 C21    *pz    ( 0.1899) 665 C22    *pz    ( 0.1778) 696 C23    *pz    ( 0.1775)
               718 C24    *s     (-0.1433) 727 C24    *pz    ( 0.1906) 747 H25    *s     ( 0.1480) 753 H26    *s     ( 0.1481)
               783 H31    *s     ( 0.1476) 789 H32    *s     ( 0.1476) 822 NI37   *s     (-0.1520) 867 NI38   *s     (-0.1515)
      
        114    0.1310                                                                                                                     
                 5 C1     *s     ( 0.6326)   8 C1     *px    ( 0.6229)  11 C1     *py    ( 1.4219)  36 C2     *s     (-0.6364)
                39 C2     *px    (-1.5436)  42 C2     *py    ( 0.1693)  70 C3     *px    (-1.0347)  73 C3     *py    (-0.5981)
                98 C4     *s     ( 0.6223) 101 C4     *px    (-0.6268) 104 C4     *py    (-1.4184) 129 C5     *s     (-0.6248)
               132 C5     *px    ( 1.5425) 135 C5     *py    (-0.1647) 163 C6     *px    ( 1.0369) 166 C6     *py    ( 0.5947)
               191 C7     *s     (-1.2298) 194 C7     *px    ( 0.4176) 197 C7     *py    (-0.7024) 222 C8     *s     ( 1.2339)
               225 C8     *px    ( 0.3977) 228 C8     *py    (-0.7148) 256 C9     *px    ( 0.2659) 259 C9     *py    ( 0.1524)
               284 C10    *s     (-1.2247) 287 C10    *px    (-0.4185) 290 C10    *py    ( 0.7015) 315 C11    *s     ( 1.2281)
               318 C11    *px    (-0.3968) 321 C11    *py    ( 0.7146) 349 C12    *px    (-0.2646) 352 C12    *py    (-0.1548)
               377 C13    *s     ( 0.6401) 380 C13    *px    (-0.4333) 383 C13    *py    (-0.1372) 384 C13    2pz    (-0.1151)
               385 C13    *pz    (-0.1284) 386 C13    *pz    (-0.4210) 408 C14    *s     (-0.6376) 411 C14    *px    ( 0.3353)
               414 C14    *py    ( 0.3079) 415 C14    2pz    ( 0.1151) 416 C14    *pz    ( 0.1283) 417 C14    *pz    ( 0.4211)
               439 C15    *s     ( 0.5440) 442 C15    *px    ( 0.1588) 446 C15    2pz    (-0.1144) 447 C15    *pz    (-0.1140)
               448 C15    *pz    (-0.2918) 470 C16    *s     (-0.1354) 477 C16    2pz    ( 0.1192) 478 C16    *pz    ( 0.1156)
               479 C16    *pz    ( 0.3092) 501 C17    *s     ( 0.1410) 508 C17    2pz    (-0.1191) 509 C17    *pz    (-0.1154)
               510 C17    *pz    (-0.3082) 532 C18    *s     (-0.5454) 538 C18    *py    ( 0.1280) 539 C18    2pz    ( 0.1143)
               540 C18    *pz    ( 0.1139) 541 C18    *pz    ( 0.2916) 563 C19    *s     ( 0.6348) 566 C19    *px    ( 0.4296)
               569 C19    *py    ( 0.1363) 570 C19    2pz    (-0.1149) 571 C19    *pz    (-0.1282) 572 C19    *pz    (-0.4193)
               594 C20    *s     (-0.6329) 597 C20    *px    (-0.3328) 600 C20    *py    (-0.3048) 601 C20    2pz    ( 0.1148)
               602 C20    *pz    ( 0.1281) 603 C20    *pz    ( 0.4195) 625 C21    *s     ( 0.5442) 628 C21    *px    (-0.1584)
               632 C21    2pz    (-0.1143) 633 C21    *pz    (-0.1139) 634 C21    *pz    (-0.2916) 656 C22    *s     (-0.1383)
               663 C22    2pz    ( 0.1190) 664 C22    *pz    ( 0.1154) 665 C22    *pz    ( 0.3082) 687 C23    *s     ( 0.1383)
               694 C23    2pz    (-0.1193) 695 C23    *pz    (-0.1156) 696 C23    *pz    (-0.3092) 718 C24    *s     (-0.5451)
               724 C24    *py    (-0.1269) 725 C24    2pz    ( 0.1144) 726 C24    *pz    ( 0.1140) 727 C24    *pz    ( 0.2918)
               747 H25    *s     ( 0.2856) 753 H26    *s     (-0.2872) 759 H27    *s     (-0.2099) 777 H30    *s     ( 0.2056)
               783 H31    *s     ( 0.2832) 789 H32    *s     (-0.2845) 795 H33    *s     (-0.2070) 813 H36    *s     ( 0.2083)
      
        115    0.1351                                                                                                                     
                 4 C1     *s     ( 0.3483)   5 C1     *s     ( 0.4199)   7 C1     *px    ( 0.1005)   8 C1     *px    ( 0.1618)
                11 C1     *py    (-0.1509)  14 C1     *pz    (-0.1101)  35 C2     *s     ( 0.3483)  36 C2     *s     ( 0.4251)
                42 C2     *py    ( 0.2142)  45 C2     *pz    (-0.1099)  66 C3     *s     ( 0.2647)  67 C3     *s     (-0.7876)
                70 C3     *px    ( 0.1656)  72 C3     *py    ( 0.1113)  73 C3     *py    (-0.2752)  97 C4     *s     ( 0.3408)
                98 C4     *s     ( 0.4110) 101 C4     *px    (-0.1487) 104 C4     *py    ( 0.1569) 107 C4     *pz    (-0.1063)
               128 C5     *s     ( 0.3408) 129 C5     *s     ( 0.4123) 135 C5     *py    (-0.2074) 138 C5     *pz    (-0.1062)
               159 C6     *s     ( 0.2646) 160 C6     *s     (-0.7879) 163 C6     *px    (-0.1537) 165 C6     *py    (-0.1081)
               166 C6     *py    ( 0.2824) 190 C7     *s     ( 0.1528) 191 C7     *s     (-0.6339) 193 C7     *px    ( 0.1600)
               194 C7     *px    ( 0.7245) 197 C7     *py    ( 0.1369) 221 C8     *s     ( 0.1526) 222 C8     *s     (-0.6372)
               225 C8     *px    ( 0.4802) 227 C8     *py    ( 0.1373) 228 C8     *py    ( 0.5590) 252 C9     *s     ( 0.1062)
               253 C9     *s     ( 1.0553) 258 C9     *py    ( 0.1599) 259 C9     *py    ( 0.1292) 283 C10    *s     ( 0.1503)
               284 C10    *s     (-0.6169) 286 C10    *px    (-0.1537) 287 C10    *px    (-0.6848) 290 C10    *py    (-0.1436)
               314 C11    *s     ( 0.1503) 315 C11    *s     (-0.6176) 318 C11    *px    (-0.4667) 320 C11    *py    (-0.1327)
               321 C11    *py    (-0.5209) 345 C12    *s     ( 0.1061) 346 C12    *s     ( 1.0548) 351 C12    *py    (-0.1565)
               352 C12    *py    (-0.1375) 377 C13    *s     (-1.1147) 380 C13    *px    (-0.7350) 383 C13    *py    ( 0.2227)
               386 C13    *pz    (-0.1006) 408 C14    *s     (-1.1124) 411 C14    *px    (-0.1763) 414 C14    *py    (-0.7491)
               417 C14    *pz    (-0.1006) 438 C15    *s     (-0.1661) 439 C15    *s     (-0.3285) 442 C15    *px    (-0.5660)
               444 C15    *py    ( 0.1035) 445 C15    *py    (-0.6996) 469 C16    *s     (-0.1220) 470 C16    *s     (-1.1701)
               473 C16    *px    ( 0.2243) 475 C16    *py    ( 0.1169) 476 C16    *py    (-0.1102) 500 C17    *s     (-0.1202)
               501 C17    *s     (-1.1505) 503 C17    *px    (-0.1103) 507 C17    *py    (-0.2566) 531 C18    *s     (-0.1587)
               532 C18    *s     (-0.3135) 535 C18    *px    ( 0.8526) 538 C18    *py    ( 0.1263) 563 C19    *s     (-1.0645)
               566 C19    *px    ( 0.7027) 569 C19    *py    (-0.2121) 594 C20    *s     (-1.0647) 597 C20    *px    ( 0.1681)
               600 C20    *py    ( 0.7145) 624 C21    *s     (-0.1588) 625 C21    *s     (-0.3123) 628 C21    *px    ( 0.5359)
               630 C21    *py    (-0.1007) 631 C21    *py    ( 0.6755) 655 C22    *s     (-0.1203) 656 C22    *s     (-1.1520)
               659 C22    *px    (-0.2320) 661 C22    *py    (-0.1134) 662 C22    *py    ( 0.1103) 686 C23    *s     (-0.1218)
               687 C23    *s     (-1.1676) 689 C23    *px    ( 0.1154) 693 C23    *py    ( 0.2498) 717 C24    *s     (-0.1657)
               718 C24    *s     (-0.3299) 721 C24    *px    (-0.8876) 724 C24    *py    (-0.1406) 746 H25    *s     (-0.1721)
               747 H25    *s     ( 1.3210) 752 H26    *s     (-0.1722) 753 H26    *s     ( 1.3222) 758 H27    *s     (-0.1429)
               759 H27    *s     ( 1.1542) 764 H28    *s     (-0.1178) 765 H28    *s     ( 0.7769) 770 H29    *s     (-0.1164)
               771 H29    *s     ( 0.7702) 776 H30    *s     (-0.1375) 777 H30    *s     ( 1.1112) 782 H31    *s     (-0.1653)
               783 H31    *s     ( 1.2646) 788 H32    *s     (-0.1653) 789 H32    *s     ( 1.2647) 794 H33    *s     (-0.1375)
               795 H33    *s     ( 1.1113) 800 H34    *s     (-0.1164) 801 H34    *s     ( 0.7699) 806 H35    *s     (-0.1177)
               807 H35    *s     ( 0.7768) 812 H36    *s     (-0.1428) 813 H36    *s     ( 1.1531) 822 NI37   *s     ( 0.1527)
               867 NI38   *s     ( 0.1461)
        116    0.1404                                                                                                                     
                 4 C1     *s     ( 0.2208)   5 C1     *s     ( 0.3194)   7 C1     *px    ( 0.1763)   8 C1     *px    ( 0.4025)
                11 C1     *py    ( 0.2189)  14 C1     *pz    (-0.1128)  35 C2     *s     ( 0.2210)  36 C2     *s     ( 0.3310)
                38 C2     *px    ( 0.1630)  39 C2     *px    ( 0.3890)  41 C2     *py    ( 0.1095)  42 C2     *py    ( 0.2346)
                45 C2     *pz    (-0.1126)  69 C3     *px    ( 0.1637)  70 C3     *px    ( 0.3785)  73 C3     *py    ( 0.2305)
                97 C4     *s     (-0.2328)  98 C4     *s     (-0.3170) 100 C4     *px    ( 0.1790) 101 C4     *px    ( 0.4097)
               104 C4     *py    ( 0.2210) 107 C4     *pz    ( 0.1159) 128 C5     *s     (-0.2331) 129 C5     *s     (-0.3255)
               131 C5     *px    ( 0.1633) 132 C5     *px    ( 0.3952) 134 C5     *py    ( 0.1124) 135 C5     *py    ( 0.2405)
               138 C5     *pz    ( 0.1157) 162 C6     *px    ( 0.1607) 163 C6     *px    ( 0.3871) 166 C6     *py    ( 0.2174)
               191 C7     *s     (-0.5483) 193 C7     *px    ( 0.1877) 194 C7     *px    ( 1.2080) 197 C7     *py    (-0.2259)
               222 C8     *s     (-0.5508) 224 C8     *px    ( 0.1469) 225 C8     *px    ( 0.4088) 227 C8     *py    ( 0.1321)
               228 C8     *py    ( 1.1584) 255 C9     *px    ( 0.1744) 256 C9     *px    (-0.4568) 259 C9     *py    (-0.2698)
               284 C10    *s     ( 0.5575) 286 C10    *px    ( 0.1927) 287 C10    *px    ( 1.2298) 290 C10    *py    (-0.2271)
               303 C10    *d2+   ( 0.1008) 315 C11    *s     ( 0.5579) 317 C11    *px    ( 0.1480) 318 C11    *px    ( 0.4189)
               320 C11    *py    ( 0.1371) 321 C11    *py    ( 1.1779) 348 C12    *px    ( 0.1704) 349 C12    *px    (-0.4636)
               351 C12    *py    ( 0.1031) 352 C12    *py    (-0.2592) 377 C13    *s     (-1.4487) 379 C13    *px    ( 0.1135)
               380 C13    *px    (-0.9901) 383 C13    *py    ( 0.3139) 386 C13    *pz    (-0.1634) 408 C14    *s     (-1.4488)
               410 C14    *px    ( 0.1268) 411 C14    *px    (-0.2247) 414 C14    *py    (-1.0157) 417 C14    *pz    (-0.1637)
               438 C15    *s     (-0.2098) 439 C15    *s     (-0.4856) 442 C15    *px    (-0.9061) 445 C15    *py    (-0.6874)
               470 C16    *s     (-0.5088) 472 C16    *px    ( 0.1267) 473 C16    *px    (-0.2501) 475 C16    *py    ( 0.1027)
               501 C17    *s     ( 0.5349) 503 C17    *px    ( 0.1564) 504 C17    *px    (-0.1379) 507 C17    *py    (-0.1908)
               531 C18    *s     ( 0.2158) 532 C18    *s     ( 0.5181) 534 C18    *px    ( 0.1174) 535 C18    *px    (-1.0658)
               538 C18    *py    (-0.4480) 563 C19    *s     ( 1.4783) 565 C19    *px    ( 0.1158) 566 C19    *px    (-1.0114)
               569 C19    *py    ( 0.3200) 572 C19    *pz    ( 0.1660) 594 C20    *s     ( 1.4804) 596 C20    *px    ( 0.1289)
               597 C20    *px    (-0.2289) 600 C20    *py    (-1.0359) 603 C20    *pz    ( 0.1662) 624 C21    *s     ( 0.2158)
               625 C21    *s     ( 0.5172) 628 C21    *px    (-0.9213) 631 C21    *py    (-0.7006) 656 C22    *s     ( 0.5370)
               658 C22    *px    ( 0.1269) 659 C22    *px    (-0.2336) 661 C22    *py    ( 0.1074) 687 C23    *s     (-0.5052)
               689 C23    *px    ( 0.1521) 690 C23    *px    (-0.1306) 693 C23    *py    (-0.2140) 717 C24    *s     (-0.2096)
               718 C24    *s     (-0.4874) 720 C24    *px    ( 0.1140) 721 C24    *px    (-1.0459) 724 C24    *py    (-0.4417)
               746 H25    *s     (-0.2036) 747 H25    *s     ( 1.6796) 752 H26    *s     (-0.2038) 753 H26    *s     ( 1.6815)
               758 H27    *s     (-0.1581) 759 H27    *s     ( 1.2436) 765 H28    *s     ( 0.1855) 771 H29    *s     (-0.2259)
               776 H30    *s     ( 0.1629) 777 H30    *s     (-1.2777) 782 H31    *s     ( 0.2081) 783 H31    *s     (-1.7160)
               788 H32    *s     ( 0.2082) 789 H32    *s     (-1.7168) 794 H33    *s     ( 0.1630) 795 H33    *s     (-1.2790)
               801 H34    *s     (-0.2264) 807 H35    *s     ( 0.1850) 812 H36    *s     (-0.1578) 813 H36    *s     ( 1.2414)
               822 NI37   *s     ( 0.2066) 846 NI37   *d0    (-0.1061) 867 NI38   *s     (-0.2119) 879 NI38   *pz    ( 0.1017)
               891 NI38   *d0    ( 0.1080)
        117    0.1436                                                                                                                     
                 5 C1     *s     ( 2.0663)   7 C1     *px    ( 0.1607)  10 C1     *py    (-0.2959)  11 C1     *py    ( 2.3453)
                36 C2     *s     (-2.0650)  38 C2     *px    ( 0.1760)  39 C2     *px    (-2.0058)  41 C2     *py    (-0.2870)
                42 C2     *py    ( 1.2158)  47 C2     *d2-   (-0.1030)  66 C3     *s     (-0.2061)  67 C3     *s     (-3.4864)
                69 C3     *px    ( 0.1838)  72 C3     *py    (-0.3203)  73 C3     *py    ( 0.1328)  78 C3     *d2-   ( 0.1064)
                98 C4     *s     (-2.0017) 100 C4     *px    ( 0.1582) 103 C4     *py    (-0.2952) 104 C4     *py    ( 2.3478)
               129 C5     *s     ( 2.0003) 131 C5     *px    ( 0.1767) 132 C5     *px    (-2.0196) 134 C5     *py    (-0.2845)
               135 C5     *py    ( 1.1971) 140 C5     *d2-   ( 0.1018) 159 C6     *s     ( 0.2062) 160 C6     *s     ( 3.4865)
               162 C6     *px    ( 0.1857) 165 C6     *py    (-0.3193) 166 C6     *py    ( 0.1166) 171 C6     *d2-   (-0.1066)
               191 C7     *s     (-1.1957) 193 C7     *px    ( 0.2021) 194 C7     *px    ( 0.2383) 196 C7     *py    (-0.2415)
               197 C7     *py    (-0.5935) 222 C8     *s     ( 1.1944) 224 C8     *px    ( 0.1082) 225 C8     *px    ( 0.3956)
               227 C8     *py    (-0.2956) 228 C8     *py    (-0.5015) 233 C8     *d2-   ( 0.1156) 253 C9     *s     ( 0.6065)
               255 C9     *px    ( 0.1799) 256 C9     *px    ( 0.4624) 258 C9     *py    (-0.3154) 259 C9     *py    (-0.8225)
               264 C9     *d2-   (-0.1639) 284 C10    *s     ( 1.1595) 286 C10    *px    ( 0.1996) 287 C10    *px    ( 0.2397)
               289 C10    *py    (-0.2393) 290 C10    *py    (-0.5942) 315 C11    *s     (-1.1582) 317 C11    *px    ( 0.1076)
               318 C11    *px    ( 0.3954) 320 C11    *py    (-0.2925) 321 C11    *py    (-0.5036) 326 C11    *d2-   (-0.1145)
               346 C12    *s     (-0.6065) 348 C12    *px    ( 0.1833) 349 C12    *px    ( 0.4811) 351 C12    *py    (-0.3135)
               352 C12    *py    (-0.8118) 357 C12    *d2-   ( 0.1630) 376 C13    *s     (-0.1363) 377 C13    *s     ( 1.7204)
               380 C13    *px    (-1.3492) 382 C13    *py    (-0.1358) 386 C13    *pz    (-0.2059) 407 C14    *s     ( 0.1363)
               408 C14    *s     (-1.7222) 411 C14    *px    ( 0.6339) 413 C14    *py    (-0.1210) 414 C14    *py    ( 1.1908)
               417 C14    *pz    ( 0.2057) 438 C15    *s     ( 0.3114) 439 C15    *s     ( 1.1745) 441 C15    *px    ( 0.1158)
               442 C15    *px    ( 0.1756) 444 C15    *py    (-0.2216) 445 C15    *py    ( 0.4831) 450 C15    *d2-   (-0.1098)
               469 C16    *s     ( 0.3500) 470 C16    *s     ( 0.5877) 473 C16    *px    (-0.8769) 475 C16    *py    (-0.1958)
               476 C16    *py    ( 0.7457) 500 C17    *s     ( 0.3467) 501 C17    *s     ( 0.5558) 503 C17    *px    ( 0.1514)
               504 C17    *px    (-0.2164) 506 C17    *py    (-0.1244) 507 C17    *py    ( 1.1377) 531 C18    *s     ( 0.3068)
               532 C18    *s     ( 1.1913) 534 C18    *px    ( 0.1320) 535 C18    *px    (-0.4827) 537 C18    *py    (-0.2102)
               562 C19    *s     ( 0.1343) 563 C19    *s     (-1.6916) 566 C19    *px    (-1.3200) 568 C19    *py    (-0.1343)
               572 C19    *pz    ( 0.2021) 593 C20    *s     (-0.1342) 594 C20    *s     ( 1.6929) 597 C20    *px    ( 0.6151)
               599 C20    *py    (-0.1197) 600 C20    *py    ( 1.1683) 603 C20    *pz    (-0.2019) 624 C21    *s     (-0.3067)
               625 C21    *s     (-1.1917) 627 C21    *px    ( 0.1162) 628 C21    *px    ( 0.1666) 630 C21    *py    (-0.2194)
               631 C21    *py    ( 0.4601) 636 C21    *d2-   ( 0.1085) 655 C22    *s     (-0.3467) 656 C22    *s     (-0.5549)
               659 C22    *px    (-0.8776) 661 C22    *py    (-0.1933) 662 C22    *py    ( 0.7566) 686 C23    *s     (-0.3501)
               687 C23    *s     (-0.5889) 689 C23    *px    ( 0.1545) 690 C23    *px    (-0.2076) 692 C23    *py    (-0.1243)
               693 C23    *py    ( 1.1321) 717 C24    *s     (-0.3116) 718 C24    *s     (-1.1747) 720 C24    *px    ( 0.1341)
               721 C24    *px    (-0.5073) 723 C24    *py    (-0.2111) 747 H25    *s     ( 0.8466) 753 H26    *s     (-0.8447)
               758 H27    *s     ( 0.1841) 759 H27    *s     (-1.1405) 764 H28    *s     ( 0.2297) 765 H28    *s     (-1.5512)
               770 H29    *s     ( 0.2282) 771 H29    *s     (-1.5473) 776 H30    *s     ( 0.1810) 777 H30    *s     (-1.1175)
               783 H31    *s     (-0.8262) 789 H32    *s     ( 0.8250) 794 H33    *s     (-0.1809) 795 H33    *s     ( 1.1168)
               800 H34    *s     (-0.2282) 801 H34    *s     ( 1.5475) 806 H35    *s     (-0.2298) 807 H35    *s     ( 1.5516)
               812 H36    *s     (-0.1842) 813 H36    *s     ( 1.1417)
--

      Von Neumann Entropy (Root   1) =  2.12587


      Mulliken population analysis for root number:  1
      -----------------------------------------------


++    Molecular charges:
      ------------------

      Mulliken charges per centre and basis function type
      ---------------------------------------------------

                C1      C2      C3      C4      C5      C6      C7      C8      C9      C10     C11     C12   
      1s       0.8547  0.8547  0.8547  0.8547  0.8547  0.8547  0.8547  0.8547  0.8547  0.8547  0.8547  0.8547
      2s       1.1233  1.1233  1.1232  1.1233  1.1233  1.1232  1.1233  1.1233  1.1232  1.1233  1.1233  1.1232
      2px      0.4569  0.4600  0.4574  0.4569  0.4600  0.4574  0.4499  0.4542  0.4648  0.4499  0.4542  0.4648
      2pz      0.3178  0.3177  0.3234  0.3177  0.3177  0.3234  0.3200  0.3200  0.3144  0.3203  0.3203  0.3144
      2py      0.4564  0.4532  0.4612  0.4564  0.4532  0.4612  0.4637  0.4594  0.4598  0.4637  0.4594  0.4598
      3s       0.0000  0.0000  0.0000  0.0000  0.0000  0.0000  0.0000  0.0000  0.0000  0.0000  0.0000  0.0000
      3px      0.0000  0.0000  0.0000  0.0000  0.0000  0.0000  0.0000  0.0000  0.0000  0.0000  0.0000  0.0000
      3pz      0.0000  0.0000  0.0000  0.0000  0.0000  0.0000  0.0000  0.0000  0.0000  0.0000  0.0000  0.0000
      3py      0.0000  0.0000  0.0000  0.0000  0.0000  0.0000  0.0000  0.0000  0.0000  0.0000  0.0000  0.0000
      4s       0.0000  0.0000  0.0000  0.0000  0.0000  0.0000  0.0000  0.0000  0.0000  0.0000  0.0000  0.0000
      3d2+     0.0000  0.0000  0.0000  0.0000  0.0000  0.0000  0.0000  0.0000  0.0000  0.0000  0.0000  0.0000
      3d1+     0.0000  0.0000  0.0000  0.0000  0.0000  0.0000  0.0000  0.0000  0.0000  0.0000  0.0000  0.0000
      3d0      0.0000  0.0000  0.0000  0.0000  0.0000  0.0000  0.0000  0.0000  0.0000  0.0000  0.0000  0.0000
      3d1-     0.0000  0.0000  0.0000  0.0000  0.0000  0.0000  0.0000  0.0000  0.0000  0.0000  0.0000  0.0000
      3d2-     0.0000  0.0000  0.0000  0.0000  0.0000  0.0000  0.0000  0.0000  0.0000  0.0000  0.0000  0.0000
      *s       1.2891  1.2888  1.3399  1.2891  1.2889  1.3400  1.0051  1.0053  1.1068  1.0051  1.0053  1.1068
      *px      0.4299  0.2660  0.4450  0.4299  0.2660  0.4450  0.3641  0.4360  0.3944  0.3641  0.4360  0.3944
      *pz      0.6419  0.6418  0.5888  0.6418  0.6418  0.5888  0.5704  0.5702  0.5851  0.5710  0.5709  0.5851
      *py      0.1474  0.3127  0.3610  0.1474  0.3126  0.3610  0.4646  0.3925  0.3899  0.4646  0.3926  0.3899
      *d2+     0.0506  0.0545  0.0603  0.0506  0.0545  0.0603  0.0424  0.0392  0.0452  0.0424  0.0392  0.0452
      *d1+     0.0248  0.0269  0.0259  0.0248  0.0269  0.0259  0.0211  0.0233  0.0268  0.0211  0.0233  0.0268
      *d0      0.0058  0.0058  0.0034  0.0058  0.0058  0.0034  0.0087  0.0087  0.0059  0.0087  0.0087  0.0059
      *d1-     0.0256  0.0235  0.0257  0.0256  0.0236  0.0257  0.0272  0.0250  0.0233  0.0272  0.0251  0.0233
      *d2-     0.0533  0.0494  0.0632  0.0533  0.0494  0.0632  0.0373  0.0405  0.0507  0.0373  0.0405  0.0507
      *f3+     0.0021  0.0021  0.0021  0.0021  0.0021  0.0021  0.0021  0.0021  0.0022  0.0021  0.0021  0.0022
      *f2+     0.0009  0.0010  0.0011  0.0009  0.0010  0.0011  0.0011  0.0008  0.0008  0.0011  0.0008  0.0008
      *f1+     0.0011  0.0010  0.0011  0.0011  0.0010  0.0011  0.0010  0.0012  0.0011  0.0010  0.0012  0.0011
      *f0      0.0018  0.0018  0.0020  0.0018  0.0018  0.0020  0.0017  0.0017  0.0020  0.0017  0.0017  0.0020
      *f1-     0.0010  0.0011  0.0011  0.0010  0.0011  0.0011  0.0013  0.0010  0.0011  0.0013  0.0010  0.0011
      *f2-     0.0009  0.0009  0.0010  0.0009  0.0009  0.0010  0.0008  0.0011  0.0010  0.0008  0.0011  0.0010
      *f3-     0.0030  0.0030  0.0032  0.0030  0.0030  0.0032  0.0029  0.0029  0.0031  0.0029  0.0029  0.0031
      Total    5.8883  5.8893  6.1449  5.8882  5.8893  6.1448  5.7634  5.7633  5.8564  5.7643  5.7643  5.8563

      N-E      0.1117  0.1107 -0.1449  0.1118  0.1107 -0.1448  0.2366  0.2367  0.1436  0.2357  0.2357  0.1437

                C13     C14     C15     C16     C17     C18     C19     C20     C21     C22     C23     C24   
      1s       0.8548  0.8548  0.8548  0.8548  0.8548  0.8548  0.8548  0.8548  0.8548  0.8548  0.8548  0.8548
      2s       1.1233  1.1233  1.1232  1.1232  1.1232  1.1232  1.1233  1.1233  1.1232  1.1232  1.1232  1.1232
      2px      0.4473  0.4495  0.4718  0.4717  0.4578  0.4520  0.4473  0.4495  0.4718  0.4717  0.4577  0.4520
      2pz      0.3149  0.3150  0.3160  0.3107  0.3107  0.3160  0.3150  0.3151  0.3160  0.3107  0.3107  0.3160
      2py      0.4582  0.4560  0.4482  0.4484  0.4623  0.4680  0.4582  0.4560  0.4482  0.4484  0.4623  0.4680
      3s       0.0000  0.0000  0.0000  0.0000  0.0000  0.0000  0.0000  0.0000  0.0000  0.0000  0.0000  0.0000
      3px      0.0000  0.0000  0.0000  0.0000  0.0000  0.0000  0.0000  0.0000  0.0000  0.0000  0.0000  0.0000
      3pz      0.0000  0.0000  0.0000  0.0000  0.0000  0.0000  0.0000  0.0000  0.0000  0.0000  0.0000  0.0000
      3py      0.0000  0.0000  0.0000  0.0000  0.0000  0.0000  0.0000  0.0000  0.0000  0.0000  0.0000  0.0000
      4s       0.0000  0.0000  0.0000  0.0000  0.0000  0.0000  0.0000  0.0000  0.0000  0.0000  0.0000  0.0000
      3d2+     0.0000  0.0000  0.0000  0.0000  0.0000  0.0000  0.0000  0.0000  0.0000  0.0000  0.0000  0.0000
      3d1+     0.0000  0.0000  0.0000  0.0000  0.0000  0.0000  0.0000  0.0000  0.0000  0.0000  0.0000  0.0000
      3d0      0.0000  0.0000  0.0000  0.0000  0.0000  0.0000  0.0000  0.0000  0.0000  0.0000  0.0000  0.0000
      3d1-     0.0000  0.0000  0.0000  0.0000  0.0000  0.0000  0.0000  0.0000  0.0000  0.0000  0.0000  0.0000
      3d2-     0.0000  0.0000  0.0000  0.0000  0.0000  0.0000  0.0000  0.0000  0.0000  0.0000  0.0000  0.0000
      *s       1.2148  1.2143  1.2427  1.2169  1.2170  1.2426  1.2148  1.2144  1.2427  1.2169  1.2170  1.2426
      *px      0.5339  0.5067  0.5059  0.5129  0.4939  0.5322  0.5339  0.5067  0.5059  0.5129  0.4939  0.5322
      *pz      0.6338  0.6340  0.6538  0.6510  0.6509  0.6537  0.6341  0.6343  0.6538  0.6509  0.6510  0.6538
      *py      0.4923  0.5195  0.5184  0.5129  0.5319  0.4920  0.4923  0.5195  0.5184  0.5129  0.5319  0.4920
      *d2+     0.0280  0.0285  0.0277  0.0280  0.0315  0.0310  0.0280  0.0285  0.0277  0.0280  0.0315  0.0310
      *d1+     0.0120  0.0208  0.0238  0.0235  0.0205  0.0067  0.0120  0.0209  0.0238  0.0235  0.0205  0.0067
      *d0      0.0099  0.0099  0.0053  0.0048  0.0048  0.0053  0.0099  0.0099  0.0053  0.0048  0.0048  0.0053
      *d1-     0.0268  0.0179  0.0109  0.0102  0.0131  0.0280  0.0268  0.0179  0.0110  0.0102  0.0131  0.0280
      *d2-     0.0269  0.0263  0.0330  0.0321  0.0286  0.0297  0.0269  0.0263  0.0330  0.0321  0.0286  0.0297
      *f3+     0.0019  0.0019  0.0019  0.0019  0.0019  0.0019  0.0019  0.0019  0.0019  0.0019  0.0019  0.0019
      *f2+     0.0005  0.0009  0.0009  0.0009  0.0008  0.0003  0.0005  0.0009  0.0009  0.0009  0.0008  0.0003
      *f1+     0.0008  0.0010  0.0009  0.0009  0.0009  0.0009  0.0008  0.0010  0.0009  0.0009  0.0009  0.0009
      *f0      0.0014  0.0014  0.0016  0.0016  0.0016  0.0016  0.0014  0.0014  0.0016  0.0016  0.0016  0.0016
      *f1-     0.0009  0.0008  0.0009  0.0008  0.0009  0.0010  0.0009  0.0008  0.0009  0.0008  0.0009  0.0010
      *f2-     0.0011  0.0006  0.0005  0.0005  0.0005  0.0011  0.0011  0.0006  0.0005  0.0005  0.0005  0.0011
      *f3-     0.0017  0.0017  0.0019  0.0020  0.0020  0.0019  0.0017  0.0017  0.0019  0.0020  0.0020  0.0019
      Total    6.1850  6.1848  6.2442  6.2095  6.2096  6.2440  6.1854  6.1853  6.2442  6.2095  6.2097  6.2439

      N-E     -0.1850 -0.1848 -0.2442 -0.2095 -0.2096 -0.2440 -0.1854 -0.1853 -0.2442 -0.2095 -0.2097 -0.2439

                H25     H26     H27     H28     H29     H30     H31     H32     H33     H34     H35     H36   
      1s       0.2627  0.2627  0.2635  0.2638  0.2638  0.2635  0.2627  0.2627  0.2635  0.2638  0.2638  0.2635
      2s       0.0000  0.0000  0.0000  0.0000  0.0000  0.0000  0.0000  0.0000  0.0000  0.0000  0.0000  0.0000
      2px      0.0000  0.0000  0.0000  0.0000  0.0000  0.0000  0.0000  0.0000  0.0000  0.0000  0.0000  0.0000
      2pz      0.0000  0.0000  0.0000  0.0000  0.0000  0.0000  0.0000  0.0000  0.0000  0.0000  0.0000  0.0000
      2py      0.0000  0.0000  0.0000  0.0000  0.0000  0.0000  0.0000  0.0000  0.0000  0.0000  0.0000  0.0000
      3s       0.0000  0.0000  0.0000  0.0000  0.0000  0.0000  0.0000  0.0000  0.0000  0.0000  0.0000  0.0000
      3px      0.0000  0.0000  0.0000  0.0000  0.0000  0.0000  0.0000  0.0000  0.0000  0.0000  0.0000  0.0000
      3pz      0.0000  0.0000  0.0000  0.0000  0.0000  0.0000  0.0000  0.0000  0.0000  0.0000  0.0000  0.0000
      3py      0.0000  0.0000  0.0000  0.0000  0.0000  0.0000  0.0000  0.0000  0.0000  0.0000  0.0000  0.0000
      4s       0.0000  0.0000  0.0000  0.0000  0.0000  0.0000  0.0000  0.0000  0.0000  0.0000  0.0000  0.0000
      3d2+     0.0000  0.0000  0.0000  0.0000  0.0000  0.0000  0.0000  0.0000  0.0000  0.0000  0.0000  0.0000
      3d1+     0.0000  0.0000  0.0000  0.0000  0.0000  0.0000  0.0000  0.0000  0.0000  0.0000  0.0000  0.0000
      3d0      0.0000  0.0000  0.0000  0.0000  0.0000  0.0000  0.0000  0.0000  0.0000  0.0000  0.0000  0.0000
      3d1-     0.0000  0.0000  0.0000  0.0000  0.0000  0.0000  0.0000  0.0000  0.0000  0.0000  0.0000  0.0000
      3d2-     0.0000  0.0000  0.0000  0.0000  0.0000  0.0000  0.0000  0.0000  0.0000  0.0000  0.0000  0.0000
      *s       0.5670  0.5670  0.5809  0.5777  0.5777  0.5809  0.5670  0.5670  0.5809  0.5777  0.5777  0.5809
      *px      0.0167  0.0066  0.0061  0.0061  0.0064  0.0163  0.0167  0.0066  0.0061  0.0061  0.0064  0.0163
      *pz      0.0044  0.0044  0.0041  0.0041  0.0041  0.0041  0.0044  0.0044  0.0041  0.0041  0.0041  0.0041
      *py      0.0030  0.0131  0.0131  0.0130  0.0128  0.0029  0.0030  0.0131  0.0131  0.0130  0.0128  0.0029
      *d2+     0.0000  0.0000  0.0000  0.0000  0.0000  0.0000  0.0000  0.0000  0.0000  0.0000  0.0000  0.0000
      *d1+     0.0000  0.0000  0.0000  0.0000  0.0000  0.0000  0.0000  0.0000  0.0000  0.0000  0.0000  0.0000
      *d0      0.0000  0.0000  0.0000  0.0000  0.0000  0.0000  0.0000  0.0000  0.0000  0.0000  0.0000  0.0000
      *d1-     0.0000  0.0000  0.0000  0.0000  0.0000  0.0000  0.0000  0.0000  0.0000  0.0000  0.0000  0.0000
      *d2-     0.0000  0.0000  0.0000  0.0000  0.0000  0.0000  0.0000  0.0000  0.0000  0.0000  0.0000  0.0000
      *f3+     0.0000  0.0000  0.0000  0.0000  0.0000  0.0000  0.0000  0.0000  0.0000  0.0000  0.0000  0.0000
      *f2+     0.0000  0.0000  0.0000  0.0000  0.0000  0.0000  0.0000  0.0000  0.0000  0.0000  0.0000  0.0000
      *f1+     0.0000  0.0000  0.0000  0.0000  0.0000  0.0000  0.0000  0.0000  0.0000  0.0000  0.0000  0.0000
      *f0      0.0000  0.0000  0.0000  0.0000  0.0000  0.0000  0.0000  0.0000  0.0000  0.0000  0.0000  0.0000
      *f1-     0.0000  0.0000  0.0000  0.0000  0.0000  0.0000  0.0000  0.0000  0.0000  0.0000  0.0000  0.0000
      *f2-     0.0000  0.0000  0.0000  0.0000  0.0000  0.0000  0.0000  0.0000  0.0000  0.0000  0.0000  0.0000
      *f3-     0.0000  0.0000  0.0000  0.0000  0.0000  0.0000  0.0000  0.0000  0.0000  0.0000  0.0000  0.0000
      Total    0.8538  0.8537  0.8677  0.8648  0.8648  0.8677  0.8538  0.8537  0.8677  0.8648  0.8648  0.8677

      N-E      0.1462  0.1463  0.1323  0.1352  0.1352  0.1323  0.1462  0.1463  0.1323  0.1352  0.1352  0.1323

                NI37    NI38  
      1s       1.9997  1.9997
      2s       2.0006  2.0006
      2px      1.9958  1.9958
      2pz      1.9958  1.9958
      2py      1.9958  1.9958
      3s       1.1578  1.1578
      3px      1.5698  1.5698
      3pz      1.5734  1.5734
      3py      1.5669  1.5669
      4s       0.8153  0.8153
      3d2+     0.9375  0.9376
      3d1+     0.6532  0.6503
      3d0      0.9847  0.9846
      3d1-     0.8692  0.8723
      3d2-     0.9567  0.9567
      *s       1.1771  1.1768
      *px      0.4895  0.4895
      *pz      0.5332  0.5332
      *py      0.4806  0.4806
      *d2+     0.9905  0.9906
      *d1+     0.6475  0.6448
      *d0      0.9953  0.9953
      *d1-     0.8650  0.8678
      *d2-     0.9924  0.9924
      *f3+     0.0000  0.0000
      *f2+     0.0000  0.0000
      *f1+     0.0000  0.0000
      *f0      0.0001  0.0001
      *f1-     0.0000  0.0000
      *f2-     0.0000  0.0000
      *f3-     0.0000  0.0000
      Total   28.2436 28.2435

      N-E     -0.2436 -0.2435

      Total electronic charge=  212.000000

      Total            charge=   -0.000000
--



      Expectation values of various properties for root number:  1
      -----------------------------------------------------------


++    Molecular properties:
      ---------------------

      Charge (e):
                      =   -0.0000
      Dipole Moment (Debye):
      Origin of the operator (Ang)=    0.0000    0.0000    0.0000
                   X=  3.1435E-02               Y=  1.8271E-02               Z= -8.9744E+00           Total=  8.9744E+00
      Quadrupole Moment (Debye*Ang):
      Origin of the operator (Ang)=    0.0000   -0.0000    0.5165
                  XX= -1.3917E+02              XY= -1.9819E+00              XZ= -1.5037E-02              YY= -1.3687E+02
                  YZ= -4.6592E-03              ZZ= -2.0279E+02
      In traceless form (Debye*Ang)
                  XX=  3.0664E+01              XY= -2.9728E+00              XZ= -2.2556E-02              YY=  3.4111E+01
                  YZ= -6.9889E-03              ZZ= -6.4775E+01
--


      Mulliken spin population analysis for root number:  1
      ---------------------------------------------------


++    Molecular charges:
      ------------------

      Mulliken spin population per centre and basis function type
      ---------------------------------------------------

                C1      C2      C3      C4      C5      C6      C7      C8      C9      C10     C11     C12   
      1s       0.0000  0.0000  0.0000  0.0000  0.0000  0.0000  0.0000  0.0000  0.0000  0.0000  0.0000  0.0000
      2s      -0.0000 -0.0000 -0.0000 -0.0000 -0.0000 -0.0000 -0.0000 -0.0000 -0.0000 -0.0000 -0.0000 -0.0000
      2px      0.0000  0.0002  0.0001  0.0000  0.0002  0.0001  0.0002  0.0001  0.0000  0.0002  0.0001  0.0000
      2pz      0.0013  0.0013  0.0008  0.0014  0.0014  0.0008  0.0039  0.0038  0.0002  0.0038  0.0038  0.0002
      2py      0.0002  0.0000  0.0000  0.0003  0.0000  0.0000  0.0000  0.0001  0.0000  0.0000  0.0001  0.0000
      3s       0.0000  0.0000  0.0000  0.0000  0.0000  0.0000  0.0000  0.0000  0.0000  0.0000  0.0000  0.0000
      3px      0.0000  0.0000  0.0000  0.0000  0.0000  0.0000  0.0000  0.0000  0.0000  0.0000  0.0000  0.0000
      3pz      0.0000  0.0000  0.0000  0.0000  0.0000  0.0000  0.0000  0.0000  0.0000  0.0000  0.0000  0.0000
      3py      0.0000  0.0000  0.0000  0.0000  0.0000  0.0000  0.0000  0.0000  0.0000  0.0000  0.0000  0.0000
      4s       0.0000  0.0000  0.0000  0.0000  0.0000  0.0000  0.0000  0.0000  0.0000  0.0000  0.0000  0.0000
      3d2+     0.0000  0.0000  0.0000  0.0000  0.0000  0.0000  0.0000  0.0000  0.0000  0.0000  0.0000  0.0000
      3d1+     0.0000  0.0000  0.0000  0.0000  0.0000  0.0000  0.0000  0.0000  0.0000  0.0000  0.0000  0.0000
      3d0      0.0000  0.0000  0.0000  0.0000  0.0000  0.0000  0.0000  0.0000  0.0000  0.0000  0.0000  0.0000
      3d1-     0.0000  0.0000  0.0000  0.0000  0.0000  0.0000  0.0000  0.0000  0.0000  0.0000  0.0000  0.0000
      3d2-     0.0000  0.0000  0.0000  0.0000  0.0000  0.0000  0.0000  0.0000  0.0000  0.0000  0.0000  0.0000
      *s       0.0014  0.0015 -0.0188  0.0015  0.0015 -0.0188 -0.0009 -0.0008  0.0016 -0.0009 -0.0009  0.0016
      *px     -0.0003 -0.0008  0.0006 -0.0003 -0.0008  0.0007 -0.0007  0.0000 -0.0003 -0.0008  0.0000 -0.0003
      *pz      0.0001  0.0001 -0.0012  0.0003  0.0003 -0.0012 -0.0018 -0.0018 -0.0002 -0.0019 -0.0019 -0.0002
      *py     -0.0010 -0.0006  0.0007 -0.0010 -0.0006  0.0007 -0.0006 -0.0013  0.0013 -0.0006 -0.0013  0.0013
      *d2+    -0.0000  0.0001  0.0000 -0.0000  0.0001  0.0000  0.0000 -0.0000 -0.0000  0.0000 -0.0000 -0.0000
      *d1+     0.0003  0.0001  0.0001  0.0003  0.0001  0.0001  0.0001  0.0003  0.0003  0.0001  0.0002  0.0003
      *d0      0.0007  0.0007  0.0003  0.0007  0.0007  0.0003  0.0001  0.0001  0.0000  0.0001  0.0001  0.0000
      *d1-     0.0001  0.0002  0.0000  0.0001  0.0002  0.0000  0.0002 -0.0000  0.0001  0.0001 -0.0000  0.0001
      *d2-     0.0001  0.0000  0.0000  0.0001  0.0000  0.0000 -0.0000  0.0000  0.0000 -0.0000  0.0001  0.0000
      *f3+     0.0000  0.0000  0.0000  0.0000  0.0000  0.0000 -0.0000 -0.0000  0.0000 -0.0000 -0.0000  0.0000
      *f2+     0.0000  0.0000  0.0000  0.0000  0.0000  0.0000  0.0000  0.0000  0.0000  0.0000  0.0000  0.0000
      *f1+     0.0000  0.0000  0.0000  0.0000  0.0000  0.0000  0.0000  0.0000  0.0000  0.0000  0.0000  0.0000
      *f0      0.0000  0.0000  0.0000  0.0000  0.0000  0.0000  0.0000  0.0000  0.0000  0.0000  0.0000  0.0000
      *f1-     0.0000  0.0000  0.0000  0.0000  0.0000  0.0000  0.0000  0.0000  0.0000  0.0000  0.0000  0.0000
      *f2-     0.0000  0.0000  0.0000  0.0000  0.0000  0.0000  0.0000  0.0000  0.0000  0.0000  0.0000  0.0000
      *f3-     0.0000  0.0000  0.0000  0.0000  0.0000  0.0000  0.0000  0.0000  0.0000  0.0000  0.0000  0.0000
      Total    0.0030  0.0029 -0.0174  0.0032  0.0032 -0.0174  0.0004  0.0005  0.0031  0.0003  0.0004  0.0031

                C13     C14     C15     C16     C17     C18     C19     C20     C21     C22     C23     C24   
      1s       0.0000  0.0000  0.0000  0.0000  0.0000  0.0000  0.0000  0.0000  0.0000  0.0000  0.0000  0.0000
      2s      -0.0000 -0.0000 -0.0000 -0.0000 -0.0000 -0.0000 -0.0000 -0.0000 -0.0000 -0.0000 -0.0000 -0.0000
      2px      0.0004  0.0000  0.0000  0.0000  0.0000  0.0000  0.0004  0.0000  0.0000  0.0000  0.0000  0.0000
      2pz      0.0020  0.0020  0.0003  0.0012  0.0013  0.0003  0.0020  0.0019  0.0003  0.0012  0.0013  0.0003
      2py      0.0001  0.0004  0.0000  0.0000  0.0000  0.0000  0.0001  0.0004  0.0000  0.0000  0.0000  0.0000
      3s       0.0000  0.0000  0.0000  0.0000  0.0000  0.0000  0.0000  0.0000  0.0000  0.0000  0.0000  0.0000
      3px      0.0000  0.0000  0.0000  0.0000  0.0000  0.0000  0.0000  0.0000  0.0000  0.0000  0.0000  0.0000
      3pz      0.0000  0.0000  0.0000  0.0000  0.0000  0.0000  0.0000  0.0000  0.0000  0.0000  0.0000  0.0000
      3py      0.0000  0.0000  0.0000  0.0000  0.0000  0.0000  0.0000  0.0000  0.0000  0.0000  0.0000  0.0000
      4s       0.0000  0.0000  0.0000  0.0000  0.0000  0.0000  0.0000  0.0000  0.0000  0.0000  0.0000  0.0000
      3d2+     0.0000  0.0000  0.0000  0.0000  0.0000  0.0000  0.0000  0.0000  0.0000  0.0000  0.0000  0.0000
      3d1+     0.0000  0.0000  0.0000  0.0000  0.0000  0.0000  0.0000  0.0000  0.0000  0.0000  0.0000  0.0000
      3d0      0.0000  0.0000  0.0000  0.0000  0.0000  0.0000  0.0000  0.0000  0.0000  0.0000  0.0000  0.0000
      3d1-     0.0000  0.0000  0.0000  0.0000  0.0000  0.0000  0.0000  0.0000  0.0000  0.0000  0.0000  0.0000
      3d2-     0.0000  0.0000  0.0000  0.0000  0.0000  0.0000  0.0000  0.0000  0.0000  0.0000  0.0000  0.0000
      *s      -0.0097 -0.0097 -0.0029  0.0010  0.0010 -0.0029 -0.0097 -0.0097 -0.0029  0.0010  0.0010 -0.0029
      *px      0.0001 -0.0000 -0.0002 -0.0002  0.0001 -0.0003  0.0001 -0.0000 -0.0002 -0.0002  0.0001 -0.0003
      *pz      0.0010  0.0010 -0.0001  0.0034  0.0034 -0.0001  0.0009  0.0009 -0.0001  0.0034  0.0034 -0.0001
      *py      0.0001  0.0003 -0.0009  0.0001 -0.0001 -0.0009  0.0001  0.0003 -0.0009  0.0001 -0.0001 -0.0009
      *d2+     0.0001 -0.0000  0.0000 -0.0000 -0.0000  0.0000  0.0001 -0.0000  0.0000 -0.0000 -0.0000  0.0000
      *d1+     0.0001  0.0002  0.0004  0.0000  0.0000  0.0000  0.0001  0.0002  0.0004  0.0000  0.0000  0.0000
      *d0      0.0009  0.0009  0.0001  0.0000  0.0000  0.0001  0.0009  0.0009  0.0001  0.0000  0.0000  0.0001
      *d1-     0.0002 -0.0000  0.0002  0.0000  0.0000  0.0006  0.0002 -0.0000  0.0002  0.0000  0.0000  0.0006
      *d2-     0.0000  0.0001 -0.0000 -0.0000 -0.0000  0.0000  0.0000  0.0001 -0.0000 -0.0000 -0.0000  0.0000
      *f3+     0.0000  0.0000  0.0000  0.0000  0.0000  0.0000  0.0000  0.0000  0.0000  0.0000  0.0000  0.0000
      *f2+     0.0000  0.0000  0.0000  0.0000  0.0000  0.0000  0.0000  0.0000  0.0000  0.0000  0.0000  0.0000
      *f1+     0.0000  0.0000  0.0000  0.0000  0.0000  0.0000  0.0000  0.0000  0.0000  0.0000  0.0000  0.0000
      *f0      0.0000  0.0000  0.0000 -0.0000 -0.0000  0.0000  0.0000  0.0000  0.0000 -0.0000 -0.0000  0.0000
      *f1-     0.0000  0.0000  0.0000  0.0000  0.0000  0.0000  0.0000  0.0000  0.0000  0.0000  0.0000  0.0000
      *f2-     0.0000  0.0000  0.0000  0.0000  0.0000  0.0000  0.0000  0.0000  0.0000  0.0000  0.0000  0.0000
      *f3-     0.0000  0.0000  0.0000  0.0000  0.0000  0.0000  0.0000  0.0000  0.0000  0.0000  0.0000  0.0000
      Total   -0.0047 -0.0046 -0.0031  0.0057  0.0058 -0.0031 -0.0048 -0.0049 -0.0031  0.0057  0.0057 -0.0031

                H25     H26     H27     H28     H29     H30     H31     H32     H33     H34     H35     H36   
      1s       0.0001  0.0001  0.0000  0.0000  0.0000  0.0000  0.0001  0.0001  0.0000  0.0000  0.0000  0.0000
      2s       0.0000  0.0000  0.0000  0.0000  0.0000  0.0000  0.0000  0.0000  0.0000  0.0000  0.0000  0.0000
      2px      0.0000  0.0000  0.0000  0.0000  0.0000  0.0000  0.0000  0.0000  0.0000  0.0000  0.0000  0.0000
      2pz      0.0000  0.0000  0.0000  0.0000  0.0000  0.0000  0.0000  0.0000  0.0000  0.0000  0.0000  0.0000
      2py      0.0000  0.0000  0.0000  0.0000  0.0000  0.0000  0.0000  0.0000  0.0000  0.0000  0.0000  0.0000
      3s       0.0000  0.0000  0.0000  0.0000  0.0000  0.0000  0.0000  0.0000  0.0000  0.0000  0.0000  0.0000
      3px      0.0000  0.0000  0.0000  0.0000  0.0000  0.0000  0.0000  0.0000  0.0000  0.0000  0.0000  0.0000
      3pz      0.0000  0.0000  0.0000  0.0000  0.0000  0.0000  0.0000  0.0000  0.0000  0.0000  0.0000  0.0000
      3py      0.0000  0.0000  0.0000  0.0000  0.0000  0.0000  0.0000  0.0000  0.0000  0.0000  0.0000  0.0000
      4s       0.0000  0.0000  0.0000  0.0000  0.0000  0.0000  0.0000  0.0000  0.0000  0.0000  0.0000  0.0000
      3d2+     0.0000  0.0000  0.0000  0.0000  0.0000  0.0000  0.0000  0.0000  0.0000  0.0000  0.0000  0.0000
      3d1+     0.0000  0.0000  0.0000  0.0000  0.0000  0.0000  0.0000  0.0000  0.0000  0.0000  0.0000  0.0000
      3d0      0.0000  0.0000  0.0000  0.0000  0.0000  0.0000  0.0000  0.0000  0.0000  0.0000  0.0000  0.0000
      3d1-     0.0000  0.0000  0.0000  0.0000  0.0000  0.0000  0.0000  0.0000  0.0000  0.0000  0.0000  0.0000
      3d2-     0.0000  0.0000  0.0000  0.0000  0.0000  0.0000  0.0000  0.0000  0.0000  0.0000  0.0000  0.0000
      *s      -0.0008 -0.0009 -0.0000 -0.0000 -0.0000 -0.0000 -0.0009 -0.0009 -0.0000 -0.0000 -0.0000 -0.0000
      *px      0.0000  0.0000  0.0000  0.0000  0.0000  0.0000  0.0000  0.0000  0.0000  0.0000  0.0000  0.0000
      *pz      0.0000  0.0000  0.0000  0.0000  0.0000  0.0000  0.0000  0.0000  0.0000  0.0000  0.0000  0.0000
      *py      0.0000  0.0000  0.0000  0.0000  0.0000 -0.0000  0.0000  0.0000  0.0000  0.0000  0.0000 -0.0000
      *d2+     0.0000  0.0000  0.0000  0.0000  0.0000  0.0000  0.0000  0.0000  0.0000  0.0000  0.0000  0.0000
      *d1+     0.0000  0.0000  0.0000  0.0000  0.0000  0.0000  0.0000  0.0000  0.0000  0.0000  0.0000  0.0000
      *d0      0.0000  0.0000  0.0000  0.0000  0.0000  0.0000  0.0000  0.0000  0.0000  0.0000  0.0000  0.0000
      *d1-     0.0000  0.0000  0.0000  0.0000  0.0000  0.0000  0.0000  0.0000  0.0000  0.0000  0.0000  0.0000
      *d2-     0.0000  0.0000  0.0000  0.0000  0.0000  0.0000  0.0000  0.0000  0.0000  0.0000  0.0000  0.0000
      *f3+     0.0000  0.0000  0.0000  0.0000  0.0000  0.0000  0.0000  0.0000  0.0000  0.0000  0.0000  0.0000
      *f2+     0.0000  0.0000  0.0000  0.0000  0.0000  0.0000  0.0000  0.0000  0.0000  0.0000  0.0000  0.0000
      *f1+     0.0000  0.0000  0.0000  0.0000  0.0000  0.0000  0.0000  0.0000  0.0000  0.0000  0.0000  0.0000
      *f0      0.0000  0.0000  0.0000  0.0000  0.0000  0.0000  0.0000  0.0000  0.0000  0.0000  0.0000  0.0000
      *f1-     0.0000  0.0000  0.0000  0.0000  0.0000  0.0000  0.0000  0.0000  0.0000  0.0000  0.0000  0.0000
      *f2-     0.0000  0.0000  0.0000  0.0000  0.0000  0.0000  0.0000  0.0000  0.0000  0.0000  0.0000  0.0000
      *f3-     0.0000  0.0000  0.0000  0.0000  0.0000  0.0000  0.0000  0.0000  0.0000  0.0000  0.0000  0.0000
      Total   -0.0007 -0.0007  0.0000  0.0000  0.0000  0.0000 -0.0007 -0.0007  0.0000  0.0000  0.0000  0.0000

                NI37    NI38  
      1s       0.0000  0.0000
      2s       0.0001  0.0001
      2px      0.0000  0.0000
      2pz      0.0000  0.0000
      2py      0.0000  0.0000
      3s       0.0031  0.0031
      3px      0.0001  0.0001
      3pz      0.0012  0.0012
      3py      0.0000  0.0000
      4s      -0.0053 -0.0053
      3d2+     0.0003  0.0003
      3d1+     0.1982  0.1998
      3d0      0.0006  0.0006
      3d1-     0.0721  0.0704
      3d2-     0.0003  0.0003
      *s       0.4758  0.4757
      *px      0.0010  0.0010
      *pz      0.0224  0.0224
      *py      0.0003  0.0003
      *d2+     0.0002  0.0002
      *d1+     0.1771  0.1786
      *d0      0.0009  0.0009
      *d1-     0.0646  0.0630
      *d2-     0.0001  0.0001
      *f3+    -0.0000 -0.0000
      *f2+     0.0000  0.0000
      *f1+     0.0000  0.0000
      *f0      0.0000  0.0000
      *f1-     0.0000  0.0000
      *f2-     0.0000  0.0000
      *f3-     0.0000  0.0000
      Total    1.0131  1.0129

      Total electronic spin=    2.000000
--


      Von Neumann Entropy (Root   2) =  2.13505


      Mulliken population analysis for root number:  2
      -----------------------------------------------


++    Molecular charges:
      ------------------

      Mulliken charges per centre and basis function type
      ---------------------------------------------------

                C1      C2      C3      C4      C5      C6      C7      C8      C9      C10     C11     C12   
      1s       0.8547  0.8547  0.8547  0.8547  0.8547  0.8547  0.8547  0.8547  0.8547  0.8547  0.8547  0.8547
      2s       1.1233  1.1233  1.1232  1.1233  1.1233  1.1232  1.1233  1.1233  1.1232  1.1233  1.1233  1.1232
      2px      0.4569  0.4600  0.4574  0.4569  0.4600  0.4574  0.4499  0.4542  0.4648  0.4499  0.4542  0.4648
      2pz      0.3177  0.3177  0.3238  0.3176  0.3176  0.3238  0.3209  0.3209  0.3143  0.3212  0.3212  0.3143
      2py      0.4564  0.4532  0.4612  0.4564  0.4532  0.4612  0.4638  0.4594  0.4598  0.4638  0.4594  0.4598
      3s       0.0000  0.0000  0.0000  0.0000  0.0000  0.0000  0.0000  0.0000  0.0000  0.0000  0.0000  0.0000
      3px      0.0000  0.0000  0.0000  0.0000  0.0000  0.0000  0.0000  0.0000  0.0000  0.0000  0.0000  0.0000
      3pz      0.0000  0.0000  0.0000  0.0000  0.0000  0.0000  0.0000  0.0000  0.0000  0.0000  0.0000  0.0000
      3py      0.0000  0.0000  0.0000  0.0000  0.0000  0.0000  0.0000  0.0000  0.0000  0.0000  0.0000  0.0000
      4s       0.0000  0.0000  0.0000  0.0000  0.0000  0.0000  0.0000  0.0000  0.0000  0.0000  0.0000  0.0000
      3d2+     0.0000  0.0000  0.0000  0.0000  0.0000  0.0000  0.0000  0.0000  0.0000  0.0000  0.0000  0.0000
      3d1+     0.0000  0.0000  0.0000  0.0000  0.0000  0.0000  0.0000  0.0000  0.0000  0.0000  0.0000  0.0000
      3d0      0.0000  0.0000  0.0000  0.0000  0.0000  0.0000  0.0000  0.0000  0.0000  0.0000  0.0000  0.0000
      3d1-     0.0000  0.0000  0.0000  0.0000  0.0000  0.0000  0.0000  0.0000  0.0000  0.0000  0.0000  0.0000
      3d2-     0.0000  0.0000  0.0000  0.0000  0.0000  0.0000  0.0000  0.0000  0.0000  0.0000  0.0000  0.0000
      *s       1.2893  1.2891  1.3423  1.2894  1.2892  1.3424  1.0049  1.0052  1.1062  1.0049  1.0051  1.1062
      *px      0.4303  0.2661  0.4446  0.4303  0.2661  0.4445  0.3640  0.4361  0.3945  0.3640  0.4361  0.3945
      *pz      0.6422  0.6421  0.5892  0.6422  0.6422  0.5892  0.5712  0.5711  0.5850  0.5718  0.5718  0.5849
      *py      0.1474  0.3129  0.3607  0.1473  0.3129  0.3607  0.4646  0.3922  0.3897  0.4646  0.3922  0.3897
      *d2+     0.0506  0.0545  0.0603  0.0506  0.0545  0.0603  0.0424  0.0392  0.0452  0.0424  0.0392  0.0452
      *d1+     0.0248  0.0269  0.0259  0.0248  0.0269  0.0259  0.0211  0.0233  0.0269  0.0211  0.0233  0.0269
      *d0      0.0058  0.0059  0.0034  0.0059  0.0059  0.0034  0.0087  0.0087  0.0059  0.0087  0.0087  0.0059
      *d1-     0.0257  0.0236  0.0257  0.0257  0.0236  0.0257  0.0272  0.0251  0.0234  0.0272  0.0251  0.0234
      *d2-     0.0534  0.0494  0.0632  0.0534  0.0494  0.0632  0.0373  0.0405  0.0507  0.0373  0.0405  0.0507
      *f3+     0.0021  0.0021  0.0021  0.0021  0.0021  0.0021  0.0021  0.0021  0.0022  0.0021  0.0021  0.0022
      *f2+     0.0009  0.0010  0.0011  0.0009  0.0010  0.0011  0.0011  0.0008  0.0009  0.0011  0.0008  0.0009
      *f1+     0.0011  0.0010  0.0011  0.0011  0.0010  0.0011  0.0010  0.0012  0.0011  0.0010  0.0012  0.0011
      *f0      0.0018  0.0018  0.0020  0.0018  0.0018  0.0020  0.0017  0.0017  0.0020  0.0017  0.0017  0.0020
      *f1-     0.0010  0.0011  0.0011  0.0010  0.0011  0.0011  0.0013  0.0010  0.0011  0.0013  0.0010  0.0011
      *f2-     0.0009  0.0009  0.0010  0.0009  0.0009  0.0010  0.0008  0.0011  0.0010  0.0008  0.0011  0.0010
      *f3-     0.0030  0.0030  0.0032  0.0030  0.0030  0.0032  0.0029  0.0029  0.0031  0.0029  0.0029  0.0031
      Total    5.8892  5.8903  6.1474  5.8892  5.8904  6.1473  5.7649  5.7648  5.8557  5.7658  5.7658  5.8557

      N-E      0.1108  0.1097 -0.1474  0.1108  0.1096 -0.1473  0.2351  0.2352  0.1443  0.2342  0.2342  0.1443

                C13     C14     C15     C16     C17     C18     C19     C20     C21     C22     C23     C24   
      1s       0.8548  0.8548  0.8548  0.8548  0.8548  0.8548  0.8548  0.8548  0.8548  0.8548  0.8548  0.8548
      2s       1.1233  1.1233  1.1232  1.1232  1.1232  1.1232  1.1233  1.1233  1.1232  1.1232  1.1232  1.1232
      2px      0.4473  0.4495  0.4718  0.4717  0.4578  0.4520  0.4473  0.4495  0.4718  0.4717  0.4578  0.4520
      2pz      0.3147  0.3148  0.3162  0.3114  0.3114  0.3162  0.3148  0.3149  0.3162  0.3114  0.3114  0.3162
      2py      0.4582  0.4560  0.4482  0.4484  0.4623  0.4680  0.4582  0.4560  0.4482  0.4484  0.4623  0.4680
      3s       0.0000  0.0000  0.0000  0.0000  0.0000  0.0000  0.0000  0.0000  0.0000  0.0000  0.0000  0.0000
      3px      0.0000  0.0000  0.0000  0.0000  0.0000  0.0000  0.0000  0.0000  0.0000  0.0000  0.0000  0.0000
      3pz      0.0000  0.0000  0.0000  0.0000  0.0000  0.0000  0.0000  0.0000  0.0000  0.0000  0.0000  0.0000
      3py      0.0000  0.0000  0.0000  0.0000  0.0000  0.0000  0.0000  0.0000  0.0000  0.0000  0.0000  0.0000
      4s       0.0000  0.0000  0.0000  0.0000  0.0000  0.0000  0.0000  0.0000  0.0000  0.0000  0.0000  0.0000
      3d2+     0.0000  0.0000  0.0000  0.0000  0.0000  0.0000  0.0000  0.0000  0.0000  0.0000  0.0000  0.0000
      3d1+     0.0000  0.0000  0.0000  0.0000  0.0000  0.0000  0.0000  0.0000  0.0000  0.0000  0.0000  0.0000
      3d0      0.0000  0.0000  0.0000  0.0000  0.0000  0.0000  0.0000  0.0000  0.0000  0.0000  0.0000  0.0000
      3d1-     0.0000  0.0000  0.0000  0.0000  0.0000  0.0000  0.0000  0.0000  0.0000  0.0000  0.0000  0.0000
      3d2-     0.0000  0.0000  0.0000  0.0000  0.0000  0.0000  0.0000  0.0000  0.0000  0.0000  0.0000  0.0000
      *s       1.2152  1.2148  1.2426  1.2169  1.2170  1.2425  1.2152  1.2149  1.2426  1.2169  1.2170  1.2425
      *px      0.5340  0.5067  0.5058  0.5129  0.4939  0.5322  0.5340  0.5067  0.5058  0.5129  0.4939  0.5322
      *pz      0.6346  0.6348  0.6538  0.6526  0.6527  0.6537  0.6349  0.6351  0.6537  0.6527  0.6526  0.6537
      *py      0.4923  0.5196  0.5183  0.5129  0.5319  0.4919  0.4923  0.5196  0.5183  0.5129  0.5319  0.4919
      *d2+     0.0280  0.0285  0.0277  0.0280  0.0315  0.0310  0.0280  0.0285  0.0277  0.0280  0.0315  0.0310
      *d1+     0.0120  0.0209  0.0240  0.0235  0.0205  0.0067  0.0120  0.0210  0.0240  0.0235  0.0205  0.0067
      *d0      0.0099  0.0099  0.0052  0.0048  0.0048  0.0052  0.0099  0.0099  0.0052  0.0048  0.0048  0.0052
      *d1-     0.0268  0.0179  0.0110  0.0102  0.0131  0.0283  0.0269  0.0179  0.0110  0.0102  0.0131  0.0282
      *d2-     0.0269  0.0263  0.0330  0.0321  0.0286  0.0297  0.0269  0.0263  0.0330  0.0321  0.0286  0.0297
      *f3+     0.0019  0.0019  0.0019  0.0019  0.0019  0.0019  0.0019  0.0019  0.0019  0.0019  0.0019  0.0019
      *f2+     0.0005  0.0009  0.0009  0.0009  0.0008  0.0003  0.0005  0.0009  0.0009  0.0009  0.0008  0.0003
      *f1+     0.0008  0.0010  0.0009  0.0009  0.0009  0.0009  0.0008  0.0010  0.0009  0.0009  0.0009  0.0009
      *f0      0.0014  0.0014  0.0016  0.0016  0.0016  0.0016  0.0014  0.0014  0.0016  0.0016  0.0016  0.0016
      *f1-     0.0009  0.0008  0.0009  0.0008  0.0009  0.0010  0.0009  0.0008  0.0009  0.0008  0.0009  0.0010
      *f2-     0.0011  0.0006  0.0005  0.0005  0.0005  0.0011  0.0011  0.0006  0.0005  0.0005  0.0005  0.0011
      *f3-     0.0017  0.0017  0.0019  0.0020  0.0020  0.0019  0.0017  0.0017  0.0019  0.0020  0.0020  0.0019
      Total    6.1863  6.1862  6.2443  6.2119  6.2121  6.2441  6.1868  6.1866  6.2443  6.2119  6.2120  6.2441

      N-E     -0.1863 -0.1862 -0.2443 -0.2119 -0.2121 -0.2441 -0.1868 -0.1866 -0.2443 -0.2119 -0.2120 -0.2441

                H25     H26     H27     H28     H29     H30     H31     H32     H33     H34     H35     H36   
      1s       0.2627  0.2627  0.2635  0.2638  0.2638  0.2635  0.2627  0.2627  0.2635  0.2638  0.2638  0.2635
      2s       0.0000  0.0000  0.0000  0.0000  0.0000  0.0000  0.0000  0.0000  0.0000  0.0000  0.0000  0.0000
      2px      0.0000  0.0000  0.0000  0.0000  0.0000  0.0000  0.0000  0.0000  0.0000  0.0000  0.0000  0.0000
      2pz      0.0000  0.0000  0.0000  0.0000  0.0000  0.0000  0.0000  0.0000  0.0000  0.0000  0.0000  0.0000
      2py      0.0000  0.0000  0.0000  0.0000  0.0000  0.0000  0.0000  0.0000  0.0000  0.0000  0.0000  0.0000
      3s       0.0000  0.0000  0.0000  0.0000  0.0000  0.0000  0.0000  0.0000  0.0000  0.0000  0.0000  0.0000
      3px      0.0000  0.0000  0.0000  0.0000  0.0000  0.0000  0.0000  0.0000  0.0000  0.0000  0.0000  0.0000
      3pz      0.0000  0.0000  0.0000  0.0000  0.0000  0.0000  0.0000  0.0000  0.0000  0.0000  0.0000  0.0000
      3py      0.0000  0.0000  0.0000  0.0000  0.0000  0.0000  0.0000  0.0000  0.0000  0.0000  0.0000  0.0000
      4s       0.0000  0.0000  0.0000  0.0000  0.0000  0.0000  0.0000  0.0000  0.0000  0.0000  0.0000  0.0000
      3d2+     0.0000  0.0000  0.0000  0.0000  0.0000  0.0000  0.0000  0.0000  0.0000  0.0000  0.0000  0.0000
      3d1+     0.0000  0.0000  0.0000  0.0000  0.0000  0.0000  0.0000  0.0000  0.0000  0.0000  0.0000  0.0000
      3d0      0.0000  0.0000  0.0000  0.0000  0.0000  0.0000  0.0000  0.0000  0.0000  0.0000  0.0000  0.0000
      3d1-     0.0000  0.0000  0.0000  0.0000  0.0000  0.0000  0.0000  0.0000  0.0000  0.0000  0.0000  0.0000
      3d2-     0.0000  0.0000  0.0000  0.0000  0.0000  0.0000  0.0000  0.0000  0.0000  0.0000  0.0000  0.0000
      *s       0.5670  0.5670  0.5809  0.5777  0.5777  0.5809  0.5670  0.5670  0.5809  0.5777  0.5777  0.5809
      *px      0.0166  0.0066  0.0061  0.0061  0.0064  0.0163  0.0166  0.0066  0.0061  0.0061  0.0064  0.0163
      *pz      0.0044  0.0044  0.0041  0.0042  0.0042  0.0041  0.0044  0.0044  0.0041  0.0042  0.0042  0.0041
      *py      0.0030  0.0131  0.0131  0.0130  0.0128  0.0029  0.0030  0.0131  0.0131  0.0130  0.0128  0.0029
      *d2+     0.0000  0.0000  0.0000  0.0000  0.0000  0.0000  0.0000  0.0000  0.0000  0.0000  0.0000  0.0000
      *d1+     0.0000  0.0000  0.0000  0.0000  0.0000  0.0000  0.0000  0.0000  0.0000  0.0000  0.0000  0.0000
      *d0      0.0000  0.0000  0.0000  0.0000  0.0000  0.0000  0.0000  0.0000  0.0000  0.0000  0.0000  0.0000
      *d1-     0.0000  0.0000  0.0000  0.0000  0.0000  0.0000  0.0000  0.0000  0.0000  0.0000  0.0000  0.0000
      *d2-     0.0000  0.0000  0.0000  0.0000  0.0000  0.0000  0.0000  0.0000  0.0000  0.0000  0.0000  0.0000
      *f3+     0.0000  0.0000  0.0000  0.0000  0.0000  0.0000  0.0000  0.0000  0.0000  0.0000  0.0000  0.0000
      *f2+     0.0000  0.0000  0.0000  0.0000  0.0000  0.0000  0.0000  0.0000  0.0000  0.0000  0.0000  0.0000
      *f1+     0.0000  0.0000  0.0000  0.0000  0.0000  0.0000  0.0000  0.0000  0.0000  0.0000  0.0000  0.0000
      *f0      0.0000  0.0000  0.0000  0.0000  0.0000  0.0000  0.0000  0.0000  0.0000  0.0000  0.0000  0.0000
      *f1-     0.0000  0.0000  0.0000  0.0000  0.0000  0.0000  0.0000  0.0000  0.0000  0.0000  0.0000  0.0000
      *f2-     0.0000  0.0000  0.0000  0.0000  0.0000  0.0000  0.0000  0.0000  0.0000  0.0000  0.0000  0.0000
      *f3-     0.0000  0.0000  0.0000  0.0000  0.0000  0.0000  0.0000  0.0000  0.0000  0.0000  0.0000  0.0000
      Total    0.8537  0.8537  0.8677  0.8648  0.8648  0.8677  0.8537  0.8537  0.8677  0.8648  0.8648  0.8677

      N-E      0.1463  0.1463  0.1323  0.1352  0.1352  0.1323  0.1463  0.1463  0.1323  0.1352  0.1352  0.1323

                NI37    NI38  
      1s       1.9997  1.9997
      2s       2.0006  2.0006
      2px      1.9958  1.9958
      2pz      1.9958  1.9958
      2py      1.9958  1.9958
      3s       1.1579  1.1579
      3px      1.5698  1.5698
      3pz      1.5733  1.5733
      3py      1.5669  1.5669
      4s       0.8152  0.8152
      3d2+     0.9376  0.9376
      3d1+     0.6530  0.6501
      3d0      0.9847  0.9847
      3d1-     0.8691  0.8722
      3d2-     0.9568  0.9568
      *s       1.1639  1.1629
      *px      0.4894  0.4894
      *pz      0.5322  0.5322
      *py      0.4805  0.4806
      *d2+     0.9906  0.9906
      *d1+     0.6477  0.6450
      *d0      0.9953  0.9953
      *d1-     0.8650  0.8678
      *d2-     0.9925  0.9925
      *f3+     0.0000  0.0000
      *f2+     0.0000  0.0000
      *f1+     0.0000  0.0000
      *f0      0.0001  0.0001
      *f1-     0.0000  0.0000
      *f2-     0.0000  0.0000
      *f3-     0.0000  0.0000
      Total   28.2294 28.2285

      N-E     -0.2294 -0.2285

      Total electronic charge=  212.000000

      Total            charge=   -0.000000
--



      Expectation values of various properties for root number:  2
      -----------------------------------------------------------


++    Molecular properties:
      ---------------------

      Charge (e):
                      =   -0.0000
      Dipole Moment (Debye):
      Origin of the operator (Ang)=    0.0000    0.0000    0.0000
                   X=  2.8842E-02               Y=  1.6678E-02               Z= -8.6126E+00           Total=  8.6127E+00
      Quadrupole Moment (Debye*Ang):
      Origin of the operator (Ang)=    0.0000   -0.0000    0.5165
                  XX= -1.3949E+02              XY= -1.8158E+00              XZ= -2.3792E-02              YY= -1.3739E+02
                  YZ= -1.1379E-02              ZZ= -2.0207E+02
      In traceless form (Debye*Ang)
                  XX=  3.0240E+01              XY= -2.7237E+00              XZ= -3.5689E-02              YY=  3.3391E+01
                  YZ= -1.7069E-02              ZZ= -6.3631E+01
--


      Mulliken spin population analysis for root number:  2
      ---------------------------------------------------


++    Molecular charges:
      ------------------

      Mulliken spin population per centre and basis function type
      ---------------------------------------------------

                C1      C2      C3      C4      C5      C6      C7      C8      C9      C10     C11     C12   
      1s       0.0000  0.0000  0.0000  0.0000  0.0000  0.0000  0.0000  0.0000  0.0000  0.0000  0.0000  0.0000
      2s      -0.0000 -0.0000 -0.0000 -0.0000 -0.0000 -0.0000 -0.0000 -0.0000 -0.0000 -0.0000 -0.0000 -0.0000
      2px      0.0000  0.0002  0.0001  0.0000  0.0002  0.0001  0.0002  0.0001  0.0000  0.0001  0.0001  0.0000
      2pz      0.0011  0.0011  0.0009  0.0012  0.0012  0.0009  0.0050  0.0050  0.0002  0.0048  0.0048  0.0002
      2py      0.0002  0.0000  0.0000  0.0002  0.0000  0.0000  0.0000  0.0001  0.0000  0.0000  0.0000  0.0000
      3s       0.0000  0.0000  0.0000  0.0000  0.0000  0.0000  0.0000  0.0000  0.0000  0.0000  0.0000  0.0000
      3px      0.0000  0.0000  0.0000  0.0000  0.0000  0.0000  0.0000  0.0000  0.0000  0.0000  0.0000  0.0000
      3pz      0.0000  0.0000  0.0000  0.0000  0.0000  0.0000  0.0000  0.0000  0.0000  0.0000  0.0000  0.0000
      3py      0.0000  0.0000  0.0000  0.0000  0.0000  0.0000  0.0000  0.0000  0.0000  0.0000  0.0000  0.0000
      4s       0.0000  0.0000  0.0000  0.0000  0.0000  0.0000  0.0000  0.0000  0.0000  0.0000  0.0000  0.0000
      3d2+     0.0000  0.0000  0.0000  0.0000  0.0000  0.0000  0.0000  0.0000  0.0000  0.0000  0.0000  0.0000
      3d1+     0.0000  0.0000  0.0000  0.0000  0.0000  0.0000  0.0000  0.0000  0.0000  0.0000  0.0000  0.0000
      3d0      0.0000  0.0000  0.0000  0.0000  0.0000  0.0000  0.0000  0.0000  0.0000  0.0000  0.0000  0.0000
      3d1-     0.0000  0.0000  0.0000  0.0000  0.0000  0.0000  0.0000  0.0000  0.0000  0.0000  0.0000  0.0000
      3d2-     0.0000  0.0000  0.0000  0.0000  0.0000  0.0000  0.0000  0.0000  0.0000  0.0000  0.0000  0.0000
      *s       0.0026  0.0026 -0.0226  0.0028  0.0028 -0.0226 -0.0017 -0.0016  0.0020 -0.0017 -0.0016  0.0020
      *px     -0.0003 -0.0011  0.0005 -0.0002 -0.0009  0.0005 -0.0010  0.0001 -0.0003 -0.0010  0.0001 -0.0003
      *pz     -0.0004 -0.0005 -0.0015 -0.0002 -0.0002 -0.0015 -0.0017 -0.0017 -0.0002 -0.0017 -0.0017 -0.0002
      *py     -0.0015 -0.0006  0.0007 -0.0013 -0.0006  0.0007 -0.0006 -0.0017  0.0016 -0.0006 -0.0016  0.0017
      *d2+    -0.0000  0.0001  0.0000 -0.0000  0.0001  0.0000  0.0000 -0.0000 -0.0000  0.0000 -0.0000 -0.0000
      *d1+     0.0003  0.0001  0.0001  0.0003  0.0001  0.0001  0.0001  0.0002  0.0003  0.0001  0.0002  0.0004
      *d0      0.0008  0.0008  0.0003  0.0008  0.0008  0.0003  0.0002  0.0002  0.0000  0.0001  0.0001  0.0000
      *d1-     0.0000  0.0002  0.0000  0.0000  0.0002  0.0000  0.0001 -0.0000  0.0002  0.0001 -0.0000  0.0002
      *d2-     0.0001  0.0000  0.0000  0.0001  0.0000  0.0000 -0.0000  0.0000  0.0000 -0.0000  0.0000  0.0000
      *f3+     0.0000  0.0000  0.0000  0.0000  0.0000  0.0000 -0.0000 -0.0000  0.0000 -0.0000 -0.0000  0.0000
      *f2+     0.0000  0.0000  0.0000  0.0000  0.0000  0.0000  0.0000  0.0000  0.0000  0.0000  0.0000  0.0000
      *f1+     0.0000  0.0000  0.0000  0.0000  0.0000  0.0000  0.0000  0.0000  0.0000  0.0000  0.0000  0.0000
      *f0      0.0000  0.0000  0.0000  0.0000  0.0000  0.0000  0.0000  0.0000  0.0000  0.0000  0.0000  0.0000
      *f1-     0.0000  0.0000  0.0000  0.0000  0.0000  0.0000  0.0000  0.0000 -0.0000  0.0000  0.0000  0.0000
      *f2-     0.0000  0.0000  0.0000  0.0000  0.0000  0.0000  0.0000  0.0000  0.0000  0.0000  0.0000  0.0000
      *f3-     0.0000  0.0000  0.0000  0.0000  0.0000  0.0000  0.0000  0.0000  0.0000  0.0000  0.0000  0.0000
      Total    0.0032  0.0031 -0.0215  0.0037  0.0037 -0.0215  0.0006  0.0007  0.0039  0.0005  0.0005  0.0039

                C13     C14     C15     C16     C17     C18     C19     C20     C21     C22     C23     C24   
      1s       0.0000  0.0000  0.0000  0.0000  0.0000  0.0000  0.0000  0.0000  0.0000  0.0000  0.0000  0.0000
      2s      -0.0001 -0.0001 -0.0000 -0.0000 -0.0000 -0.0000 -0.0000 -0.0000 -0.0000 -0.0000 -0.0000 -0.0000
      2px      0.0004  0.0000  0.0000  0.0000  0.0000  0.0000  0.0003  0.0000  0.0000  0.0000  0.0000  0.0000
      2pz      0.0019  0.0019  0.0004  0.0018  0.0018  0.0004  0.0018  0.0018  0.0004  0.0018  0.0018  0.0004
      2py      0.0001  0.0004  0.0000  0.0000  0.0000  0.0000  0.0001  0.0003  0.0000  0.0000  0.0000  0.0000
      3s       0.0000  0.0000  0.0000  0.0000  0.0000  0.0000  0.0000  0.0000  0.0000  0.0000  0.0000  0.0000
      3px      0.0000  0.0000  0.0000  0.0000  0.0000  0.0000  0.0000  0.0000  0.0000  0.0000  0.0000  0.0000
      3pz      0.0000  0.0000  0.0000  0.0000  0.0000  0.0000  0.0000  0.0000  0.0000  0.0000  0.0000  0.0000
      3py      0.0000  0.0000  0.0000  0.0000  0.0000  0.0000  0.0000  0.0000  0.0000  0.0000  0.0000  0.0000
      4s       0.0000  0.0000  0.0000  0.0000  0.0000  0.0000  0.0000  0.0000  0.0000  0.0000  0.0000  0.0000
      3d2+     0.0000  0.0000  0.0000  0.0000  0.0000  0.0000  0.0000  0.0000  0.0000  0.0000  0.0000  0.0000
      3d1+     0.0000  0.0000  0.0000  0.0000  0.0000  0.0000  0.0000  0.0000  0.0000  0.0000  0.0000  0.0000
      3d0      0.0000  0.0000  0.0000  0.0000  0.0000  0.0000  0.0000  0.0000  0.0000  0.0000  0.0000  0.0000
      3d1-     0.0000  0.0000  0.0000  0.0000  0.0000  0.0000  0.0000  0.0000  0.0000  0.0000  0.0000  0.0000
      3d2-     0.0000  0.0000  0.0000  0.0000  0.0000  0.0000  0.0000  0.0000  0.0000  0.0000  0.0000  0.0000
      *s      -0.0117 -0.0117 -0.0033  0.0012  0.0011 -0.0031 -0.0112 -0.0112 -0.0031  0.0011  0.0012 -0.0033
      *px      0.0001 -0.0001 -0.0003 -0.0002  0.0001 -0.0003  0.0000 -0.0001 -0.0003 -0.0002  0.0001 -0.0003
      *pz      0.0002  0.0002 -0.0002  0.0047  0.0046 -0.0001  0.0001  0.0001 -0.0001  0.0046  0.0047 -0.0001
      *py      0.0001  0.0002 -0.0011  0.0002 -0.0002 -0.0010  0.0001  0.0002 -0.0010  0.0001 -0.0002 -0.0011
      *d2+     0.0001 -0.0000  0.0000  0.0000 -0.0000 -0.0000  0.0001 -0.0000  0.0000  0.0000 -0.0000 -0.0000
      *d1+     0.0001  0.0003  0.0006  0.0000  0.0000  0.0000  0.0001  0.0003  0.0006  0.0000  0.0000  0.0000
      *d0      0.0011  0.0011  0.0001  0.0000  0.0000  0.0001  0.0011  0.0011  0.0001  0.0000  0.0000  0.0001
      *d1-     0.0002  0.0000  0.0003  0.0000  0.0000  0.0008  0.0002 -0.0000  0.0002  0.0000  0.0000  0.0008
      *d2-     0.0000  0.0001 -0.0000 -0.0000 -0.0000  0.0000  0.0000  0.0001 -0.0000 -0.0000 -0.0000  0.0000
      *f3+     0.0000  0.0000  0.0000  0.0000  0.0000  0.0000  0.0000  0.0000  0.0000  0.0000  0.0000  0.0000
      *f2+     0.0000  0.0000  0.0000  0.0000  0.0000  0.0000  0.0000  0.0000  0.0000  0.0000  0.0000  0.0000
      *f1+     0.0000  0.0000  0.0000  0.0000  0.0000  0.0000  0.0000  0.0000  0.0000  0.0000  0.0000  0.0000
      *f0      0.0000  0.0000  0.0000 -0.0000 -0.0000  0.0000  0.0000  0.0000  0.0000 -0.0000 -0.0000  0.0000
      *f1-     0.0000  0.0000  0.0000  0.0000  0.0000  0.0000  0.0000  0.0000  0.0000  0.0000  0.0000  0.0000
      *f2-     0.0000  0.0000  0.0000  0.0000  0.0000  0.0000  0.0000  0.0000  0.0000  0.0000  0.0000  0.0000
      *f3-     0.0000  0.0000  0.0000  0.0000  0.0000  0.0000  0.0000  0.0000  0.0000  0.0000  0.0000  0.0000
      Total   -0.0074 -0.0074 -0.0035  0.0077  0.0075 -0.0033 -0.0073 -0.0074 -0.0033  0.0074  0.0077 -0.0035

                H25     H26     H27     H28     H29     H30     H31     H32     H33     H34     H35     H36   
      1s       0.0001  0.0001  0.0000  0.0000  0.0000  0.0000  0.0001  0.0001  0.0000  0.0000  0.0000  0.0000
      2s       0.0000  0.0000  0.0000  0.0000  0.0000  0.0000  0.0000  0.0000  0.0000  0.0000  0.0000  0.0000
      2px      0.0000  0.0000  0.0000  0.0000  0.0000  0.0000  0.0000  0.0000  0.0000  0.0000  0.0000  0.0000
      2pz      0.0000  0.0000  0.0000  0.0000  0.0000  0.0000  0.0000  0.0000  0.0000  0.0000  0.0000  0.0000
      2py      0.0000  0.0000  0.0000  0.0000  0.0000  0.0000  0.0000  0.0000  0.0000  0.0000  0.0000  0.0000
      3s       0.0000  0.0000  0.0000  0.0000  0.0000  0.0000  0.0000  0.0000  0.0000  0.0000  0.0000  0.0000
      3px      0.0000  0.0000  0.0000  0.0000  0.0000  0.0000  0.0000  0.0000  0.0000  0.0000  0.0000  0.0000
      3pz      0.0000  0.0000  0.0000  0.0000  0.0000  0.0000  0.0000  0.0000  0.0000  0.0000  0.0000  0.0000
      3py      0.0000  0.0000  0.0000  0.0000  0.0000  0.0000  0.0000  0.0000  0.0000  0.0000  0.0000  0.0000
      4s       0.0000  0.0000  0.0000  0.0000  0.0000  0.0000  0.0000  0.0000  0.0000  0.0000  0.0000  0.0000
      3d2+     0.0000  0.0000  0.0000  0.0000  0.0000  0.0000  0.0000  0.0000  0.0000  0.0000  0.0000  0.0000
      3d1+     0.0000  0.0000  0.0000  0.0000  0.0000  0.0000  0.0000  0.0000  0.0000  0.0000  0.0000  0.0000
      3d0      0.0000  0.0000  0.0000  0.0000  0.0000  0.0000  0.0000  0.0000  0.0000  0.0000  0.0000  0.0000
      3d1-     0.0000  0.0000  0.0000  0.0000  0.0000  0.0000  0.0000  0.0000  0.0000  0.0000  0.0000  0.0000
      3d2-     0.0000  0.0000  0.0000  0.0000  0.0000  0.0000  0.0000  0.0000  0.0000  0.0000  0.0000  0.0000
      *s      -0.0010 -0.0010 -0.0000 -0.0000 -0.0000 -0.0000 -0.0010 -0.0010 -0.0000 -0.0000 -0.0000 -0.0000
      *px      0.0000  0.0000  0.0000  0.0000  0.0000  0.0000  0.0000  0.0000  0.0000  0.0000  0.0000  0.0000
      *pz      0.0000  0.0000  0.0000  0.0000  0.0000  0.0000  0.0000  0.0000  0.0000  0.0000  0.0000  0.0000
      *py      0.0000  0.0000  0.0000  0.0000  0.0000 -0.0000  0.0000  0.0000  0.0000  0.0000  0.0000 -0.0000
      *d2+     0.0000  0.0000  0.0000  0.0000  0.0000  0.0000  0.0000  0.0000  0.0000  0.0000  0.0000  0.0000
      *d1+     0.0000  0.0000  0.0000  0.0000  0.0000  0.0000  0.0000  0.0000  0.0000  0.0000  0.0000  0.0000
      *d0      0.0000  0.0000  0.0000  0.0000  0.0000  0.0000  0.0000  0.0000  0.0000  0.0000  0.0000  0.0000
      *d1-     0.0000  0.0000  0.0000  0.0000  0.0000  0.0000  0.0000  0.0000  0.0000  0.0000  0.0000  0.0000
      *d2-     0.0000  0.0000  0.0000  0.0000  0.0000  0.0000  0.0000  0.0000  0.0000  0.0000  0.0000  0.0000
      *f3+     0.0000  0.0000  0.0000  0.0000  0.0000  0.0000  0.0000  0.0000  0.0000  0.0000  0.0000  0.0000
      *f2+     0.0000  0.0000  0.0000  0.0000  0.0000  0.0000  0.0000  0.0000  0.0000  0.0000  0.0000  0.0000
      *f1+     0.0000  0.0000  0.0000  0.0000  0.0000  0.0000  0.0000  0.0000  0.0000  0.0000  0.0000  0.0000
      *f0      0.0000  0.0000  0.0000  0.0000  0.0000  0.0000  0.0000  0.0000  0.0000  0.0000  0.0000  0.0000
      *f1-     0.0000  0.0000  0.0000  0.0000  0.0000  0.0000  0.0000  0.0000  0.0000  0.0000  0.0000  0.0000
      *f2-     0.0000  0.0000  0.0000  0.0000  0.0000  0.0000  0.0000  0.0000  0.0000  0.0000  0.0000  0.0000
      *f3-     0.0000  0.0000  0.0000  0.0000  0.0000  0.0000  0.0000  0.0000  0.0000  0.0000  0.0000  0.0000
      Total   -0.0009 -0.0009  0.0000  0.0000  0.0000  0.0000 -0.0008 -0.0008  0.0000  0.0000  0.0000  0.0000

                NI37    NI38  
      1s       0.0000  0.0000
      2s       0.0001  0.0001
      2px      0.0000  0.0000
      2pz      0.0000  0.0000
      2py      0.0000  0.0000
      3s       0.0037  0.0035
      3px      0.0001  0.0001
      3pz      0.0014  0.0013
      3py      0.0000  0.0000
      4s      -0.0064 -0.0061
      3d2+     0.0003  0.0003
      3d1+     0.1731  0.1638
      3d0      0.0007  0.0006
      3d1-     0.0631  0.0578
      3d2-     0.0003  0.0003
      *s       0.5689  0.5408
      *px      0.0010  0.0010
      *pz      0.0269  0.0256
      *py      0.0003  0.0003
      *d2+     0.0002  0.0001
      *d1+     0.1548  0.1465
      *d0      0.0010  0.0009
      *d1-     0.0566  0.0518
      *d2-     0.0001  0.0001
      *f3+    -0.0000 -0.0000
      *f2+     0.0000  0.0000
      *f1+     0.0000  0.0000
      *f0      0.0000  0.0000
      *f1-     0.0000  0.0000
      *f2-     0.0000  0.0000
      *f3-     0.0000  0.0000
      Total    1.0462  0.9890

      Total electronic spin=    2.000000
--


      Von Neumann Entropy (Root   3) =  2.13689


      Mulliken population analysis for root number:  3
      -----------------------------------------------


++    Molecular charges:
      ------------------

      Mulliken charges per centre and basis function type
      ---------------------------------------------------

                C1      C2      C3      C4      C5      C6      C7      C8      C9      C10     C11     C12   
      1s       0.8547  0.8547  0.8547  0.8547  0.8547  0.8547  0.8547  0.8547  0.8547  0.8547  0.8547  0.8547
      2s       1.1233  1.1233  1.1232  1.1233  1.1233  1.1232  1.1233  1.1233  1.1232  1.1233  1.1233  1.1232
      2px      0.4569  0.4600  0.4574  0.4569  0.4600  0.4574  0.4499  0.4542  0.4648  0.4499  0.4542  0.4648
      2pz      0.3179  0.3178  0.3235  0.3178  0.3178  0.3235  0.3223  0.3223  0.3142  0.3225  0.3225  0.3142
      2py      0.4564  0.4532  0.4612  0.4564  0.4532  0.4612  0.4638  0.4594  0.4598  0.4638  0.4594  0.4598
      3s       0.0000  0.0000  0.0000  0.0000  0.0000  0.0000  0.0000  0.0000  0.0000  0.0000  0.0000  0.0000
      3px      0.0000  0.0000  0.0000  0.0000  0.0000  0.0000  0.0000  0.0000  0.0000  0.0000  0.0000  0.0000
      3pz      0.0000  0.0000  0.0000  0.0000  0.0000  0.0000  0.0000  0.0000  0.0000  0.0000  0.0000  0.0000
      3py      0.0000  0.0000  0.0000  0.0000  0.0000  0.0000  0.0000  0.0000  0.0000  0.0000  0.0000  0.0000
      4s       0.0000  0.0000  0.0000  0.0000  0.0000  0.0000  0.0000  0.0000  0.0000  0.0000  0.0000  0.0000
      3d2+     0.0000  0.0000  0.0000  0.0000  0.0000  0.0000  0.0000  0.0000  0.0000  0.0000  0.0000  0.0000
      3d1+     0.0000  0.0000  0.0000  0.0000  0.0000  0.0000  0.0000  0.0000  0.0000  0.0000  0.0000  0.0000
      3d0      0.0000  0.0000  0.0000  0.0000  0.0000  0.0000  0.0000  0.0000  0.0000  0.0000  0.0000  0.0000
      3d1-     0.0000  0.0000  0.0000  0.0000  0.0000  0.0000  0.0000  0.0000  0.0000  0.0000  0.0000  0.0000
      3d2-     0.0000  0.0000  0.0000  0.0000  0.0000  0.0000  0.0000  0.0000  0.0000  0.0000  0.0000  0.0000
      *s       1.2889  1.2887  1.3472  1.2889  1.2887  1.3472  1.0051  1.0054  1.1058  1.0052  1.0053  1.1059
      *px      0.4305  0.2660  0.4440  0.4305  0.2660  0.4440  0.3640  0.4362  0.3943  0.3640  0.4362  0.3943
      *pz      0.6432  0.6431  0.5895  0.6432  0.6432  0.5895  0.5723  0.5722  0.5850  0.5729  0.5728  0.5850
      *py      0.1473  0.3132  0.3604  0.1473  0.3131  0.3604  0.4643  0.3919  0.3893  0.4643  0.3919  0.3893
      *d2+     0.0506  0.0545  0.0603  0.0506  0.0545  0.0603  0.0424  0.0392  0.0452  0.0424  0.0392  0.0452
      *d1+     0.0249  0.0269  0.0259  0.0249  0.0269  0.0259  0.0212  0.0232  0.0271  0.0211  0.0232  0.0271
      *d0      0.0058  0.0058  0.0033  0.0058  0.0058  0.0033  0.0087  0.0087  0.0059  0.0087  0.0087  0.0059
      *d1-     0.0257  0.0237  0.0257  0.0257  0.0237  0.0257  0.0271  0.0251  0.0234  0.0272  0.0251  0.0234
      *d2-     0.0534  0.0494  0.0632  0.0534  0.0494  0.0632  0.0373  0.0405  0.0507  0.0373  0.0405  0.0507
      *f3+     0.0021  0.0021  0.0021  0.0021  0.0021  0.0021  0.0021  0.0021  0.0022  0.0021  0.0021  0.0022
      *f2+     0.0009  0.0010  0.0011  0.0009  0.0010  0.0011  0.0011  0.0008  0.0009  0.0011  0.0008  0.0009
      *f1+     0.0011  0.0010  0.0011  0.0011  0.0010  0.0011  0.0010  0.0012  0.0011  0.0010  0.0012  0.0011
      *f0      0.0018  0.0018  0.0020  0.0018  0.0018  0.0020  0.0017  0.0017  0.0020  0.0017  0.0017  0.0020
      *f1-     0.0010  0.0011  0.0011  0.0010  0.0011  0.0011  0.0013  0.0010  0.0011  0.0013  0.0010  0.0011
      *f2-     0.0009  0.0009  0.0010  0.0009  0.0009  0.0010  0.0008  0.0011  0.0010  0.0008  0.0011  0.0010
      *f3-     0.0030  0.0030  0.0032  0.0030  0.0030  0.0032  0.0029  0.0029  0.0031  0.0029  0.0029  0.0031
      Total    5.8902  5.8913  6.1512  5.8901  5.8913  6.1512  5.7673  5.7672  5.8549  5.7682  5.7681  5.8549

      N-E      0.1098  0.1087 -0.1512  0.1099  0.1087 -0.1512  0.2327  0.2328  0.1451  0.2318  0.2319  0.1451

                C13     C14     C15     C16     C17     C18     C19     C20     C21     C22     C23     C24   
      1s       0.8548  0.8548  0.8548  0.8548  0.8548  0.8548  0.8548  0.8548  0.8548  0.8548  0.8548  0.8548
      2s       1.1233  1.1233  1.1232  1.1232  1.1232  1.1232  1.1233  1.1233  1.1232  1.1232  1.1232  1.1232
      2px      0.4473  0.4495  0.4718  0.4717  0.4578  0.4520  0.4473  0.4495  0.4718  0.4717  0.4578  0.4520
      2pz      0.3146  0.3146  0.3163  0.3122  0.3121  0.3163  0.3147  0.3147  0.3163  0.3121  0.3121  0.3163
      2py      0.4582  0.4560  0.4482  0.4484  0.4623  0.4680  0.4582  0.4560  0.4482  0.4484  0.4623  0.4680
      3s       0.0000  0.0000  0.0000  0.0000  0.0000  0.0000  0.0000  0.0000  0.0000  0.0000  0.0000  0.0000
      3px      0.0000  0.0000  0.0000  0.0000  0.0000  0.0000  0.0000  0.0000  0.0000  0.0000  0.0000  0.0000
      3pz      0.0000  0.0000  0.0000  0.0000  0.0000  0.0000  0.0000  0.0000  0.0000  0.0000  0.0000  0.0000
      3py      0.0000  0.0000  0.0000  0.0000  0.0000  0.0000  0.0000  0.0000  0.0000  0.0000  0.0000  0.0000
      4s       0.0000  0.0000  0.0000  0.0000  0.0000  0.0000  0.0000  0.0000  0.0000  0.0000  0.0000  0.0000
      3d2+     0.0000  0.0000  0.0000  0.0000  0.0000  0.0000  0.0000  0.0000  0.0000  0.0000  0.0000  0.0000
      3d1+     0.0000  0.0000  0.0000  0.0000  0.0000  0.0000  0.0000  0.0000  0.0000  0.0000  0.0000  0.0000
      3d0      0.0000  0.0000  0.0000  0.0000  0.0000  0.0000  0.0000  0.0000  0.0000  0.0000  0.0000  0.0000
      3d1-     0.0000  0.0000  0.0000  0.0000  0.0000  0.0000  0.0000  0.0000  0.0000  0.0000  0.0000  0.0000
      3d2-     0.0000  0.0000  0.0000  0.0000  0.0000  0.0000  0.0000  0.0000  0.0000  0.0000  0.0000  0.0000
      *s       1.2154  1.2150  1.2422  1.2167  1.2169  1.2421  1.2154  1.2150  1.2422  1.2167  1.2169  1.2421
      *px      0.5342  0.5067  0.5057  0.5130  0.4939  0.5322  0.5342  0.5067  0.5057  0.5129  0.4939  0.5322
      *pz      0.6354  0.6356  0.6537  0.6542  0.6542  0.6536  0.6356  0.6357  0.6536  0.6542  0.6543  0.6536
      *py      0.4923  0.5198  0.5183  0.5129  0.5320  0.4918  0.4923  0.5198  0.5183  0.5129  0.5320  0.4918
      *d2+     0.0280  0.0285  0.0277  0.0280  0.0315  0.0310  0.0280  0.0285  0.0277  0.0280  0.0315  0.0310
      *d1+     0.0120  0.0210  0.0242  0.0235  0.0205  0.0067  0.0120  0.0210  0.0242  0.0235  0.0205  0.0067
      *d0      0.0100  0.0100  0.0052  0.0048  0.0048  0.0052  0.0100  0.0100  0.0052  0.0048  0.0048  0.0052
      *d1-     0.0269  0.0179  0.0110  0.0102  0.0131  0.0285  0.0269  0.0179  0.0111  0.0102  0.0131  0.0285
      *d2-     0.0269  0.0263  0.0330  0.0321  0.0286  0.0297  0.0269  0.0263  0.0330  0.0321  0.0286  0.0297
      *f3+     0.0019  0.0019  0.0019  0.0019  0.0019  0.0019  0.0019  0.0019  0.0019  0.0019  0.0019  0.0019
      *f2+     0.0005  0.0009  0.0009  0.0009  0.0008  0.0003  0.0005  0.0009  0.0009  0.0009  0.0008  0.0003
      *f1+     0.0008  0.0010  0.0009  0.0009  0.0009  0.0009  0.0008  0.0010  0.0009  0.0009  0.0009  0.0009
      *f0      0.0014  0.0014  0.0016  0.0016  0.0016  0.0016  0.0014  0.0014  0.0016  0.0016  0.0016  0.0016
      *f1-     0.0009  0.0008  0.0009  0.0008  0.0009  0.0010  0.0009  0.0008  0.0009  0.0008  0.0009  0.0010
      *f2-     0.0011  0.0006  0.0006  0.0005  0.0005  0.0011  0.0011  0.0006  0.0006  0.0005  0.0005  0.0011
      *f3-     0.0017  0.0017  0.0019  0.0020  0.0020  0.0019  0.0017  0.0017  0.0019  0.0020  0.0020  0.0019
      Total    6.1874  6.1873  6.2441  6.2142  6.2142  6.2439  6.1878  6.1876  6.2440  6.2141  6.2143  6.2438

      N-E     -0.1874 -0.1873 -0.2441 -0.2142 -0.2142 -0.2439 -0.1878 -0.1876 -0.2440 -0.2141 -0.2143 -0.2438

                H25     H26     H27     H28     H29     H30     H31     H32     H33     H34     H35     H36   
      1s       0.2627  0.2627  0.2635  0.2638  0.2638  0.2635  0.2627  0.2627  0.2635  0.2638  0.2638  0.2635
      2s       0.0000  0.0000  0.0000  0.0000  0.0000  0.0000  0.0000  0.0000  0.0000  0.0000  0.0000  0.0000
      2px      0.0000  0.0000  0.0000  0.0000  0.0000  0.0000  0.0000  0.0000  0.0000  0.0000  0.0000  0.0000
      2pz      0.0000  0.0000  0.0000  0.0000  0.0000  0.0000  0.0000  0.0000  0.0000  0.0000  0.0000  0.0000
      2py      0.0000  0.0000  0.0000  0.0000  0.0000  0.0000  0.0000  0.0000  0.0000  0.0000  0.0000  0.0000
      3s       0.0000  0.0000  0.0000  0.0000  0.0000  0.0000  0.0000  0.0000  0.0000  0.0000  0.0000  0.0000
      3px      0.0000  0.0000  0.0000  0.0000  0.0000  0.0000  0.0000  0.0000  0.0000  0.0000  0.0000  0.0000
      3pz      0.0000  0.0000  0.0000  0.0000  0.0000  0.0000  0.0000  0.0000  0.0000  0.0000  0.0000  0.0000
      3py      0.0000  0.0000  0.0000  0.0000  0.0000  0.0000  0.0000  0.0000  0.0000  0.0000  0.0000  0.0000
      4s       0.0000  0.0000  0.0000  0.0000  0.0000  0.0000  0.0000  0.0000  0.0000  0.0000  0.0000  0.0000
      3d2+     0.0000  0.0000  0.0000  0.0000  0.0000  0.0000  0.0000  0.0000  0.0000  0.0000  0.0000  0.0000
      3d1+     0.0000  0.0000  0.0000  0.0000  0.0000  0.0000  0.0000  0.0000  0.0000  0.0000  0.0000  0.0000
      3d0      0.0000  0.0000  0.0000  0.0000  0.0000  0.0000  0.0000  0.0000  0.0000  0.0000  0.0000  0.0000
      3d1-     0.0000  0.0000  0.0000  0.0000  0.0000  0.0000  0.0000  0.0000  0.0000  0.0000  0.0000  0.0000
      3d2-     0.0000  0.0000  0.0000  0.0000  0.0000  0.0000  0.0000  0.0000  0.0000  0.0000  0.0000  0.0000
      *s       0.5671  0.5671  0.5809  0.5777  0.5777  0.5809  0.5671  0.5670  0.5809  0.5777  0.5777  0.5809
      *px      0.0166  0.0066  0.0061  0.0061  0.0064  0.0163  0.0166  0.0066  0.0061  0.0061  0.0064  0.0163
      *pz      0.0044  0.0044  0.0041  0.0042  0.0042  0.0041  0.0044  0.0044  0.0041  0.0042  0.0042  0.0041
      *py      0.0030  0.0131  0.0131  0.0130  0.0128  0.0029  0.0030  0.0131  0.0131  0.0130  0.0128  0.0029
      *d2+     0.0000  0.0000  0.0000  0.0000  0.0000  0.0000  0.0000  0.0000  0.0000  0.0000  0.0000  0.0000
      *d1+     0.0000  0.0000  0.0000  0.0000  0.0000  0.0000  0.0000  0.0000  0.0000  0.0000  0.0000  0.0000
      *d0      0.0000  0.0000  0.0000  0.0000  0.0000  0.0000  0.0000  0.0000  0.0000  0.0000  0.0000  0.0000
      *d1-     0.0000  0.0000  0.0000  0.0000  0.0000  0.0000  0.0000  0.0000  0.0000  0.0000  0.0000  0.0000
      *d2-     0.0000  0.0000  0.0000  0.0000  0.0000  0.0000  0.0000  0.0000  0.0000  0.0000  0.0000  0.0000
      *f3+     0.0000  0.0000  0.0000  0.0000  0.0000  0.0000  0.0000  0.0000  0.0000  0.0000  0.0000  0.0000
      *f2+     0.0000  0.0000  0.0000  0.0000  0.0000  0.0000  0.0000  0.0000  0.0000  0.0000  0.0000  0.0000
      *f1+     0.0000  0.0000  0.0000  0.0000  0.0000  0.0000  0.0000  0.0000  0.0000  0.0000  0.0000  0.0000
      *f0      0.0000  0.0000  0.0000  0.0000  0.0000  0.0000  0.0000  0.0000  0.0000  0.0000  0.0000  0.0000
      *f1-     0.0000  0.0000  0.0000  0.0000  0.0000  0.0000  0.0000  0.0000  0.0000  0.0000  0.0000  0.0000
      *f2-     0.0000  0.0000  0.0000  0.0000  0.0000  0.0000  0.0000  0.0000  0.0000  0.0000  0.0000  0.0000
      *f3-     0.0000  0.0000  0.0000  0.0000  0.0000  0.0000  0.0000  0.0000  0.0000  0.0000  0.0000  0.0000
      Total    0.8538  0.8538  0.8677  0.8649  0.8649  0.8677  0.8538  0.8538  0.8677  0.8649  0.8649  0.8677

      N-E      0.1462  0.1462  0.1323  0.1351  0.1351  0.1323  0.1462  0.1462  0.1323  0.1351  0.1351  0.1323

                NI37    NI38  
      1s       1.9997  1.9997
      2s       2.0006  2.0006
      2px      1.9958  1.9958
      2pz      1.9958  1.9958
      2py      1.9958  1.9958
      3s       1.1579  1.1579
      3px      1.5698  1.5698
      3pz      1.5733  1.5733
      3py      1.5669  1.5669
      4s       0.8152  0.8152
      3d2+     0.9376  0.9376
      3d1+     0.6530  0.6500
      3d0      0.9847  0.9846
      3d1-     0.8691  0.8723
      3d2-     0.9569  0.9569
      *s       1.1467  1.1468
      *px      0.4893  0.4893
      *pz      0.5326  0.5326
      *py      0.4805  0.4805
      *d2+     0.9906  0.9906
      *d1+     0.6477  0.6449
      *d0      0.9956  0.9956
      *d1-     0.8649  0.8679
      *d2-     0.9926  0.9926
      *f3+     0.0000  0.0000
      *f2+     0.0000  0.0000
      *f1+     0.0000  0.0000
      *f0      0.0001  0.0001
      *f1-     0.0000  0.0000
      *f2-     0.0000  0.0000
      *f3-     0.0000  0.0000
      Total   28.2126 28.2131

      N-E     -0.2126 -0.2131

      Total electronic charge=  212.000000

      Total            charge=   -0.000000
--



      Expectation values of various properties for root number:  3
      -----------------------------------------------------------


++    Molecular properties:
      ---------------------

      Charge (e):
                      =   -0.0000
      Dipole Moment (Debye):
      Origin of the operator (Ang)=    0.0000    0.0000    0.0000
                   X=  2.8877E-02               Y=  1.6657E-02               Z= -8.2649E+00           Total=  8.2650E+00
      Quadrupole Moment (Debye*Ang):
      Origin of the operator (Ang)=    0.0000   -0.0000    0.5165
                  XX= -1.4003E+02              XY= -1.8059E+00              XZ= -7.5585E-03              YY= -1.3794E+02
                  YZ= -2.3393E-03              ZZ= -2.0140E+02
      In traceless form (Debye*Ang)
                  XX=  2.9642E+01              XY= -2.7089E+00              XZ= -1.1338E-02              YY=  3.2775E+01
                  YZ= -3.5089E-03              ZZ= -6.2417E+01
--


      Mulliken spin population analysis for root number:  3
      ---------------------------------------------------


++    Molecular charges:
      ------------------

      Mulliken spin population per centre and basis function type
      ---------------------------------------------------

                C1      C2      C3      C4      C5      C6      C7      C8      C9      C10     C11     C12   
      1s       0.0000  0.0000  0.0000  0.0000  0.0000  0.0000  0.0000  0.0000  0.0000  0.0000  0.0000  0.0000
      2s      -0.0000 -0.0000 -0.0000 -0.0000 -0.0000 -0.0000 -0.0000 -0.0000 -0.0000 -0.0000 -0.0000 -0.0000
      2px      0.0000  0.0002  0.0001  0.0000  0.0002  0.0001  0.0001  0.0001  0.0000  0.0002  0.0001  0.0000
      2pz      0.0012  0.0012  0.0009  0.0013  0.0013  0.0009  0.0041  0.0041  0.0002  0.0043  0.0043  0.0002
      2py      0.0002  0.0000  0.0000  0.0002  0.0000  0.0000  0.0000  0.0001  0.0000  0.0000  0.0001  0.0000
      3s       0.0000  0.0000  0.0000  0.0000  0.0000  0.0000  0.0000  0.0000  0.0000  0.0000  0.0000  0.0000
      3px      0.0000  0.0000  0.0000  0.0000  0.0000  0.0000  0.0000  0.0000  0.0000  0.0000  0.0000  0.0000
      3pz      0.0000  0.0000  0.0000  0.0000  0.0000  0.0000  0.0000  0.0000  0.0000  0.0000  0.0000  0.0000
      3py      0.0000  0.0000  0.0000  0.0000  0.0000  0.0000  0.0000  0.0000  0.0000  0.0000  0.0000  0.0000
      4s       0.0000  0.0000  0.0000  0.0000  0.0000  0.0000  0.0000  0.0000  0.0000  0.0000  0.0000  0.0000
      3d2+     0.0000  0.0000  0.0000  0.0000  0.0000  0.0000  0.0000  0.0000  0.0000  0.0000  0.0000  0.0000
      3d1+     0.0000  0.0000  0.0000  0.0000  0.0000  0.0000  0.0000  0.0000  0.0000  0.0000  0.0000  0.0000
      3d0      0.0000  0.0000  0.0000  0.0000  0.0000  0.0000  0.0000  0.0000  0.0000  0.0000  0.0000  0.0000
      3d1-     0.0000  0.0000  0.0000  0.0000  0.0000  0.0000  0.0000  0.0000  0.0000  0.0000  0.0000  0.0000
      3d2-     0.0000  0.0000  0.0000  0.0000  0.0000  0.0000  0.0000  0.0000  0.0000  0.0000  0.0000  0.0000
      *s       0.0019  0.0019 -0.0208  0.0017  0.0017 -0.0208 -0.0011 -0.0010  0.0018 -0.0011 -0.0011  0.0018
      *px     -0.0003 -0.0008  0.0006 -0.0003 -0.0010  0.0007 -0.0008  0.0000 -0.0003 -0.0009  0.0001 -0.0003
      *pz     -0.0001 -0.0001 -0.0014 -0.0000 -0.0001 -0.0014 -0.0019 -0.0019 -0.0002 -0.0020 -0.0020 -0.0002
      *py     -0.0011 -0.0007  0.0007 -0.0012 -0.0006  0.0007 -0.0006 -0.0014  0.0015 -0.0006 -0.0015  0.0015
      *d2+    -0.0000  0.0001  0.0000 -0.0000  0.0001  0.0000  0.0000 -0.0000 -0.0000  0.0000 -0.0000 -0.0000
      *d1+     0.0003  0.0001  0.0001  0.0003  0.0001  0.0001  0.0001  0.0002  0.0003  0.0001  0.0002  0.0003
      *d0      0.0008  0.0008  0.0003  0.0008  0.0008  0.0003  0.0001  0.0001  0.0000  0.0001  0.0001  0.0000
      *d1-     0.0001  0.0002  0.0000  0.0001  0.0002  0.0000  0.0001 -0.0000  0.0002  0.0001 -0.0000  0.0002
      *d2-     0.0001  0.0000  0.0000  0.0001  0.0000  0.0000 -0.0000  0.0000  0.0000 -0.0000  0.0000  0.0000
      *f3+     0.0000  0.0000  0.0000  0.0000  0.0000  0.0000 -0.0000 -0.0000  0.0000 -0.0000 -0.0000  0.0000
      *f2+     0.0000  0.0000  0.0000  0.0000  0.0000  0.0000  0.0000  0.0000  0.0000  0.0000  0.0000  0.0000
      *f1+     0.0000  0.0000  0.0000  0.0000  0.0000  0.0000  0.0000  0.0000  0.0000  0.0000  0.0000  0.0000
      *f0      0.0000  0.0000  0.0000  0.0000  0.0000  0.0000  0.0000  0.0000  0.0000  0.0000  0.0000  0.0000
      *f1-     0.0000  0.0000  0.0000  0.0000  0.0000  0.0000  0.0000  0.0000  0.0000  0.0000  0.0000  0.0000
      *f2-     0.0000  0.0000  0.0000  0.0000  0.0000  0.0000  0.0000  0.0000  0.0000  0.0000  0.0000  0.0000
      *f3-     0.0000  0.0000  0.0000  0.0000  0.0000  0.0000  0.0000  0.0000  0.0000  0.0000  0.0000  0.0000
      Total    0.0030  0.0030 -0.0193  0.0030  0.0029 -0.0193  0.0003  0.0004  0.0034  0.0003  0.0003  0.0034

                C13     C14     C15     C16     C17     C18     C19     C20     C21     C22     C23     C24   
      1s       0.0000  0.0000  0.0000  0.0000  0.0000  0.0000  0.0000  0.0000  0.0000  0.0000  0.0000  0.0000
      2s      -0.0000 -0.0000 -0.0000 -0.0000 -0.0000 -0.0000 -0.0000 -0.0000 -0.0000 -0.0000 -0.0000 -0.0000
      2px      0.0004  0.0000  0.0000  0.0000  0.0000  0.0000  0.0004  0.0000  0.0000  0.0000  0.0000  0.0000
      2pz      0.0019  0.0019  0.0003  0.0014  0.0014  0.0003  0.0019  0.0019  0.0003  0.0014  0.0014  0.0003
      2py      0.0001  0.0004  0.0000  0.0000  0.0000  0.0000  0.0001  0.0004  0.0000  0.0000  0.0000  0.0000
      3s       0.0000  0.0000  0.0000  0.0000  0.0000  0.0000  0.0000  0.0000  0.0000  0.0000  0.0000  0.0000
      3px      0.0000  0.0000  0.0000  0.0000  0.0000  0.0000  0.0000  0.0000  0.0000  0.0000  0.0000  0.0000
      3pz      0.0000  0.0000  0.0000  0.0000  0.0000  0.0000  0.0000  0.0000  0.0000  0.0000  0.0000  0.0000
      3py      0.0000  0.0000  0.0000  0.0000  0.0000  0.0000  0.0000  0.0000  0.0000  0.0000  0.0000  0.0000
      4s       0.0000  0.0000  0.0000  0.0000  0.0000  0.0000  0.0000  0.0000  0.0000  0.0000  0.0000  0.0000
      3d2+     0.0000  0.0000  0.0000  0.0000  0.0000  0.0000  0.0000  0.0000  0.0000  0.0000  0.0000  0.0000
      3d1+     0.0000  0.0000  0.0000  0.0000  0.0000  0.0000  0.0000  0.0000  0.0000  0.0000  0.0000  0.0000
      3d0      0.0000  0.0000  0.0000  0.0000  0.0000  0.0000  0.0000  0.0000  0.0000  0.0000  0.0000  0.0000
      3d1-     0.0000  0.0000  0.0000  0.0000  0.0000  0.0000  0.0000  0.0000  0.0000  0.0000  0.0000  0.0000
      3d2-     0.0000  0.0000  0.0000  0.0000  0.0000  0.0000  0.0000  0.0000  0.0000  0.0000  0.0000  0.0000
      *s      -0.0103 -0.0103 -0.0030  0.0011  0.0011 -0.0032 -0.0109 -0.0109 -0.0032  0.0011  0.0011 -0.0030
      *px      0.0001 -0.0001 -0.0002 -0.0002  0.0001 -0.0003  0.0000 -0.0001 -0.0002 -0.0002  0.0001 -0.0003
      *pz      0.0004  0.0005 -0.0001  0.0037  0.0039 -0.0002  0.0003  0.0003 -0.0002  0.0038  0.0037 -0.0001
      *py      0.0001  0.0002 -0.0010  0.0001 -0.0001 -0.0010  0.0001  0.0002 -0.0010  0.0002 -0.0001 -0.0009
      *d2+     0.0001 -0.0000  0.0000 -0.0000 -0.0000 -0.0000  0.0001 -0.0000  0.0000 -0.0000 -0.0000 -0.0000
      *d1+     0.0001  0.0002  0.0005  0.0000  0.0000  0.0000  0.0001  0.0002  0.0005  0.0000  0.0000  0.0000
      *d0      0.0010  0.0010  0.0001  0.0000  0.0000  0.0001  0.0010  0.0010  0.0001  0.0000  0.0000  0.0001
      *d1-     0.0002 -0.0000  0.0002  0.0000  0.0000  0.0007  0.0002 -0.0000  0.0002  0.0000  0.0000  0.0007
      *d2-     0.0000  0.0001 -0.0000 -0.0000 -0.0000  0.0000  0.0000  0.0001 -0.0000 -0.0000 -0.0000  0.0000
      *f3+     0.0000  0.0000  0.0000  0.0000  0.0000  0.0000  0.0000  0.0000  0.0000  0.0000  0.0000  0.0000
      *f2+     0.0000  0.0000  0.0000  0.0000  0.0000  0.0000  0.0000  0.0000  0.0000  0.0000  0.0000  0.0000
      *f1+     0.0000  0.0000  0.0000  0.0000  0.0000  0.0000  0.0000  0.0000  0.0000  0.0000  0.0000  0.0000
      *f0      0.0000  0.0000  0.0000 -0.0000 -0.0000  0.0000  0.0000  0.0000  0.0000 -0.0000 -0.0000  0.0000
      *f1-     0.0000  0.0000  0.0000  0.0000  0.0000  0.0000  0.0000  0.0000  0.0000  0.0000  0.0000  0.0000
      *f2-     0.0000  0.0000  0.0000  0.0000  0.0000  0.0000  0.0000  0.0000  0.0000  0.0000  0.0000  0.0000
      *f3-     0.0000  0.0000  0.0000  0.0000  0.0000  0.0000  0.0000  0.0000  0.0000  0.0000  0.0000  0.0000
      Total   -0.0061 -0.0060 -0.0032  0.0062  0.0065 -0.0035 -0.0066 -0.0066 -0.0035  0.0064  0.0062 -0.0032

                H25     H26     H27     H28     H29     H30     H31     H32     H33     H34     H35     H36   
      1s       0.0001  0.0001  0.0000  0.0000  0.0000  0.0000  0.0001  0.0001  0.0000  0.0000  0.0000  0.0000
      2s       0.0000  0.0000  0.0000  0.0000  0.0000  0.0000  0.0000  0.0000  0.0000  0.0000  0.0000  0.0000
      2px      0.0000  0.0000  0.0000  0.0000  0.0000  0.0000  0.0000  0.0000  0.0000  0.0000  0.0000  0.0000
      2pz      0.0000  0.0000  0.0000  0.0000  0.0000  0.0000  0.0000  0.0000  0.0000  0.0000  0.0000  0.0000
      2py      0.0000  0.0000  0.0000  0.0000  0.0000  0.0000  0.0000  0.0000  0.0000  0.0000  0.0000  0.0000
      3s       0.0000  0.0000  0.0000  0.0000  0.0000  0.0000  0.0000  0.0000  0.0000  0.0000  0.0000  0.0000
      3px      0.0000  0.0000  0.0000  0.0000  0.0000  0.0000  0.0000  0.0000  0.0000  0.0000  0.0000  0.0000
      3pz      0.0000  0.0000  0.0000  0.0000  0.0000  0.0000  0.0000  0.0000  0.0000  0.0000  0.0000  0.0000
      3py      0.0000  0.0000  0.0000  0.0000  0.0000  0.0000  0.0000  0.0000  0.0000  0.0000  0.0000  0.0000
      4s       0.0000  0.0000  0.0000  0.0000  0.0000  0.0000  0.0000  0.0000  0.0000  0.0000  0.0000  0.0000
      3d2+     0.0000  0.0000  0.0000  0.0000  0.0000  0.0000  0.0000  0.0000  0.0000  0.0000  0.0000  0.0000
      3d1+     0.0000  0.0000  0.0000  0.0000  0.0000  0.0000  0.0000  0.0000  0.0000  0.0000  0.0000  0.0000
      3d0      0.0000  0.0000  0.0000  0.0000  0.0000  0.0000  0.0000  0.0000  0.0000  0.0000  0.0000  0.0000
      3d1-     0.0000  0.0000  0.0000  0.0000  0.0000  0.0000  0.0000  0.0000  0.0000  0.0000  0.0000  0.0000
      3d2-     0.0000  0.0000  0.0000  0.0000  0.0000  0.0000  0.0000  0.0000  0.0000  0.0000  0.0000  0.0000
      *s      -0.0009 -0.0009 -0.0000 -0.0000 -0.0000 -0.0000 -0.0010 -0.0010 -0.0000 -0.0000 -0.0000 -0.0000
      *px      0.0000  0.0000  0.0000  0.0000  0.0000  0.0000  0.0000  0.0000  0.0000  0.0000  0.0000  0.0000
      *pz      0.0000  0.0000  0.0000  0.0000  0.0000  0.0000  0.0000  0.0000  0.0000  0.0000  0.0000  0.0000
      *py      0.0000  0.0000  0.0000  0.0000  0.0000 -0.0000  0.0000  0.0000  0.0000  0.0000  0.0000 -0.0000
      *d2+     0.0000  0.0000  0.0000  0.0000  0.0000  0.0000  0.0000  0.0000  0.0000  0.0000  0.0000  0.0000
      *d1+     0.0000  0.0000  0.0000  0.0000  0.0000  0.0000  0.0000  0.0000  0.0000  0.0000  0.0000  0.0000
      *d0      0.0000  0.0000  0.0000  0.0000  0.0000  0.0000  0.0000  0.0000  0.0000  0.0000  0.0000  0.0000
      *d1-     0.0000  0.0000  0.0000  0.0000  0.0000  0.0000  0.0000  0.0000  0.0000  0.0000  0.0000  0.0000
      *d2-     0.0000  0.0000  0.0000  0.0000  0.0000  0.0000  0.0000  0.0000  0.0000  0.0000  0.0000  0.0000
      *f3+     0.0000  0.0000  0.0000  0.0000  0.0000  0.0000  0.0000  0.0000  0.0000  0.0000  0.0000  0.0000
      *f2+     0.0000  0.0000  0.0000  0.0000  0.0000  0.0000  0.0000  0.0000  0.0000  0.0000  0.0000  0.0000
      *f1+     0.0000  0.0000  0.0000  0.0000  0.0000  0.0000  0.0000  0.0000  0.0000  0.0000  0.0000  0.0000
      *f0      0.0000  0.0000  0.0000  0.0000  0.0000  0.0000  0.0000  0.0000  0.0000  0.0000  0.0000  0.0000
      *f1-     0.0000  0.0000  0.0000  0.0000  0.0000  0.0000  0.0000  0.0000  0.0000  0.0000  0.0000  0.0000
      *f2-     0.0000  0.0000  0.0000  0.0000  0.0000  0.0000  0.0000  0.0000  0.0000  0.0000  0.0000  0.0000
      *f3-     0.0000  0.0000  0.0000  0.0000  0.0000  0.0000  0.0000  0.0000  0.0000  0.0000  0.0000  0.0000
      Total   -0.0008 -0.0008  0.0000  0.0000  0.0000  0.0000 -0.0008 -0.0008  0.0000  0.0000  0.0000  0.0000

                NI37    NI38  
      1s       0.0000  0.0000
      2s       0.0001  0.0001
      2px      0.0000  0.0000
      2pz      0.0000  0.0000
      2py      0.0000  0.0000
      3s       0.0033  0.0035
      3px      0.0001  0.0001
      3pz      0.0013  0.0013
      3py      0.0000  0.0000
      4s      -0.0056 -0.0060
      3d2+     0.0003  0.0003
      3d1+     0.1777  0.1899
      3d0      0.0006  0.0006
      3d1-     0.0647  0.0669
      3d2-     0.0003  0.0003
      *s       0.5037  0.5316
      *px      0.0010  0.0010
      *pz      0.0237  0.0250
      *py      0.0003  0.0003
      *d2+     0.0002  0.0002
      *d1+     0.1588  0.1698
      *d0      0.0009  0.0010
      *d1-     0.0580  0.0599
      *d2-     0.0001  0.0001
      *f3+    -0.0000 -0.0000
      *f2+     0.0000  0.0000
      *f1+     0.0000  0.0000
      *f0      0.0000  0.0000
      *f1-     0.0000  0.0000
      *f2-     0.0000  0.0000
      *f3-     0.0000  0.0000
      Total    0.9893  1.0460

      Total electronic spin=    2.000000
--


      Von Neumann Entropy (Root   4) =  2.12530


      Mulliken population analysis for root number:  4
      -----------------------------------------------


++    Molecular charges:
      ------------------

      Mulliken charges per centre and basis function type
      ---------------------------------------------------

                C1      C2      C3      C4      C5      C6      C7      C8      C9      C10     C11     C12   
      1s       0.8547  0.8547  0.8547  0.8547  0.8547  0.8547  0.8547  0.8547  0.8547  0.8547  0.8547  0.8547
      2s       1.1233  1.1233  1.1232  1.1233  1.1233  1.1232  1.1233  1.1233  1.1232  1.1233  1.1233  1.1232
      2px      0.4569  0.4600  0.4574  0.4565  0.4603  0.4575  0.4499  0.4542  0.4648  0.4500  0.4544  0.4648
      2pz      0.3185  0.3185  0.3233  0.3197  0.3196  0.3233  0.3194  0.3194  0.3142  0.3188  0.3188  0.3142
      2py      0.4564  0.4532  0.4613  0.4567  0.4530  0.4612  0.4637  0.4594  0.4598  0.4636  0.4593  0.4598
      3s       0.0000  0.0000  0.0000  0.0000  0.0000  0.0000  0.0000  0.0000  0.0000  0.0000  0.0000  0.0000
      3px      0.0000  0.0000  0.0000  0.0000  0.0000  0.0000  0.0000  0.0000  0.0000  0.0000  0.0000  0.0000
      3pz      0.0000  0.0000  0.0000  0.0000  0.0000  0.0000  0.0000  0.0000  0.0000  0.0000  0.0000  0.0000
      3py      0.0000  0.0000  0.0000  0.0000  0.0000  0.0000  0.0000  0.0000  0.0000  0.0000  0.0000  0.0000
      4s       0.0000  0.0000  0.0000  0.0000  0.0000  0.0000  0.0000  0.0000  0.0000  0.0000  0.0000  0.0000
      3d2+     0.0000  0.0000  0.0000  0.0000  0.0000  0.0000  0.0000  0.0000  0.0000  0.0000  0.0000  0.0000
      3d1+     0.0000  0.0000  0.0000  0.0000  0.0000  0.0000  0.0000  0.0000  0.0000  0.0000  0.0000  0.0000
      3d0      0.0000  0.0000  0.0000  0.0000  0.0000  0.0000  0.0000  0.0000  0.0000  0.0000  0.0000  0.0000
      3d1-     0.0000  0.0000  0.0000  0.0000  0.0000  0.0000  0.0000  0.0000  0.0000  0.0000  0.0000  0.0000
      3d2-     0.0000  0.0000  0.0000  0.0000  0.0000  0.0000  0.0000  0.0000  0.0000  0.0000  0.0000  0.0000
      *s       1.2887  1.2884  1.3391  1.2898  1.2897  1.3391  1.0051  1.0053  1.1070  1.0051  1.0053  1.1070
      *px      0.4300  0.2663  0.4452  0.4286  0.2668  0.4449  0.3640  0.4359  0.3944  0.3645  0.4357  0.3944
      *pz      0.6423  0.6423  0.5895  0.6447  0.6446  0.5895  0.5693  0.5692  0.5849  0.5693  0.5693  0.5848
      *py      0.1477  0.3128  0.3609  0.1478  0.3110  0.3612  0.4646  0.3925  0.3900  0.4633  0.3919  0.3900
      *d2+     0.0506  0.0545  0.0602  0.0505  0.0543  0.0603  0.0424  0.0392  0.0452  0.0426  0.0390  0.0452
      *d1+     0.0247  0.0269  0.0260  0.0251  0.0268  0.0261  0.0212  0.0233  0.0267  0.0211  0.0236  0.0268
      *d0      0.0058  0.0058  0.0034  0.0059  0.0059  0.0034  0.0087  0.0087  0.0059  0.0085  0.0085  0.0059
      *d1-     0.0257  0.0235  0.0258  0.0253  0.0236  0.0257  0.0272  0.0252  0.0234  0.0274  0.0249  0.0232
      *d2-     0.0533  0.0495  0.0631  0.0535  0.0497  0.0631  0.0373  0.0405  0.0507  0.0373  0.0409  0.0507
      *f3+     0.0021  0.0021  0.0021  0.0021  0.0021  0.0021  0.0021  0.0021  0.0022  0.0021  0.0021  0.0022
      *f2+     0.0009  0.0010  0.0011  0.0009  0.0010  0.0011  0.0011  0.0008  0.0008  0.0011  0.0008  0.0008
      *f1+     0.0011  0.0010  0.0011  0.0010  0.0010  0.0011  0.0010  0.0012  0.0011  0.0010  0.0012  0.0011
      *f0      0.0018  0.0018  0.0020  0.0018  0.0018  0.0020  0.0017  0.0017  0.0020  0.0017  0.0017  0.0020
      *f1-     0.0010  0.0011  0.0011  0.0010  0.0011  0.0011  0.0013  0.0010  0.0011  0.0013  0.0010  0.0011
      *f2-     0.0009  0.0009  0.0010  0.0009  0.0009  0.0010  0.0008  0.0011  0.0010  0.0008  0.0011  0.0010
      *f3-     0.0030  0.0030  0.0032  0.0030  0.0030  0.0032  0.0029  0.0029  0.0031  0.0029  0.0029  0.0031
      Total    5.8894  5.8906  6.1449  5.8930  5.8940  6.1448  5.7618  5.7616  5.8562  5.7605  5.7605  5.8561

      N-E      0.1106  0.1094 -0.1449  0.1070  0.1060 -0.1448  0.2382  0.2384  0.1438  0.2395  0.2395  0.1439

                C13     C14     C15     C16     C17     C18     C19     C20     C21     C22     C23     C24   
      1s       0.8548  0.8548  0.8548  0.8548  0.8548  0.8548  0.8548  0.8548  0.8548  0.8548  0.8548  0.8548
      2s       1.1233  1.1233  1.1232  1.1232  1.1232  1.1232  1.1233  1.1233  1.1232  1.1232  1.1232  1.1232
      2px      0.4473  0.4495  0.4718  0.4717  0.4578  0.4520  0.4479  0.4492  0.4717  0.4717  0.4577  0.4520
      2pz      0.3148  0.3148  0.3164  0.3106  0.3099  0.3158  0.3171  0.3171  0.3158  0.3099  0.3106  0.3163
      2py      0.4582  0.4560  0.4482  0.4484  0.4623  0.4679  0.4580  0.4567  0.4482  0.4484  0.4623  0.4680
      3s       0.0000  0.0000  0.0000  0.0000  0.0000  0.0000  0.0000  0.0000  0.0000  0.0000  0.0000  0.0000
      3px      0.0000  0.0000  0.0000  0.0000  0.0000  0.0000  0.0000  0.0000  0.0000  0.0000  0.0000  0.0000
      3pz      0.0000  0.0000  0.0000  0.0000  0.0000  0.0000  0.0000  0.0000  0.0000  0.0000  0.0000  0.0000
      3py      0.0000  0.0000  0.0000  0.0000  0.0000  0.0000  0.0000  0.0000  0.0000  0.0000  0.0000  0.0000
      4s       0.0000  0.0000  0.0000  0.0000  0.0000  0.0000  0.0000  0.0000  0.0000  0.0000  0.0000  0.0000
      3d2+     0.0000  0.0000  0.0000  0.0000  0.0000  0.0000  0.0000  0.0000  0.0000  0.0000  0.0000  0.0000
      3d1+     0.0000  0.0000  0.0000  0.0000  0.0000  0.0000  0.0000  0.0000  0.0000  0.0000  0.0000  0.0000
      3d0      0.0000  0.0000  0.0000  0.0000  0.0000  0.0000  0.0000  0.0000  0.0000  0.0000  0.0000  0.0000
      3d1-     0.0000  0.0000  0.0000  0.0000  0.0000  0.0000  0.0000  0.0000  0.0000  0.0000  0.0000  0.0000
      3d2-     0.0000  0.0000  0.0000  0.0000  0.0000  0.0000  0.0000  0.0000  0.0000  0.0000  0.0000  0.0000
      *s       1.2147  1.2143  1.2427  1.2170  1.2170  1.2428  1.2152  1.2150  1.2429  1.2169  1.2171  1.2426
      *px      0.5338  0.5065  0.5059  0.5129  0.4939  0.5319  0.5348  0.5067  0.5059  0.5129  0.4939  0.5322
      *pz      0.6330  0.6331  0.6550  0.6508  0.6495  0.6534  0.6403  0.6402  0.6534  0.6495  0.6509  0.6549
      *py      0.4922  0.5195  0.5184  0.5129  0.5319  0.4918  0.4920  0.5204  0.5179  0.5129  0.5319  0.4920
      *d2+     0.0280  0.0285  0.0277  0.0280  0.0315  0.0311  0.0278  0.0285  0.0278  0.0280  0.0315  0.0310
      *d1+     0.0120  0.0208  0.0237  0.0235  0.0205  0.0067  0.0120  0.0210  0.0236  0.0235  0.0205  0.0067
      *d0      0.0099  0.0099  0.0053  0.0048  0.0048  0.0053  0.0099  0.0099  0.0053  0.0048  0.0048  0.0053
      *d1-     0.0267  0.0180  0.0109  0.0101  0.0131  0.0278  0.0268  0.0178  0.0109  0.0102  0.0132  0.0279
      *d2-     0.0269  0.0263  0.0330  0.0321  0.0286  0.0297  0.0269  0.0263  0.0330  0.0321  0.0286  0.0297
      *f3+     0.0019  0.0019  0.0019  0.0019  0.0019  0.0019  0.0019  0.0019  0.0019  0.0019  0.0019  0.0019
      *f2+     0.0005  0.0009  0.0009  0.0009  0.0008  0.0003  0.0005  0.0009  0.0009  0.0009  0.0008  0.0003
      *f1+     0.0008  0.0010  0.0009  0.0009  0.0009  0.0009  0.0009  0.0009  0.0009  0.0009  0.0009  0.0009
      *f0      0.0014  0.0014  0.0016  0.0016  0.0016  0.0016  0.0014  0.0014  0.0016  0.0016  0.0016  0.0016
      *f1-     0.0009  0.0008  0.0009  0.0008  0.0009  0.0010  0.0009  0.0009  0.0009  0.0008  0.0009  0.0010
      *f2-     0.0011  0.0006  0.0005  0.0005  0.0005  0.0011  0.0011  0.0006  0.0005  0.0005  0.0005  0.0011
      *f3-     0.0017  0.0017  0.0019  0.0020  0.0020  0.0020  0.0017  0.0017  0.0020  0.0020  0.0020  0.0019
      Total    6.1839  6.1835  6.2456  6.2094  6.2073  6.2428  6.1952  6.1952  6.2429  6.2071  6.2096  6.2453

      N-E     -0.1839 -0.1835 -0.2456 -0.2094 -0.2073 -0.2428 -0.1952 -0.1952 -0.2429 -0.2071 -0.2096 -0.2453

                H25     H26     H27     H28     H29     H30     H31     H32     H33     H34     H35     H36   
      1s       0.2627  0.2627  0.2635  0.2638  0.2638  0.2635  0.2627  0.2627  0.2635  0.2638  0.2638  0.2635
      2s       0.0000  0.0000  0.0000  0.0000  0.0000  0.0000  0.0000  0.0000  0.0000  0.0000  0.0000  0.0000
      2px      0.0000  0.0000  0.0000  0.0000  0.0000  0.0000  0.0000  0.0000  0.0000  0.0000  0.0000  0.0000
      2pz      0.0000  0.0000  0.0000  0.0000  0.0000  0.0000  0.0000  0.0000  0.0000  0.0000  0.0000  0.0000
      2py      0.0000  0.0000  0.0000  0.0000  0.0000  0.0000  0.0000  0.0000  0.0000  0.0000  0.0000  0.0000
      3s       0.0000  0.0000  0.0000  0.0000  0.0000  0.0000  0.0000  0.0000  0.0000  0.0000  0.0000  0.0000
      3px      0.0000  0.0000  0.0000  0.0000  0.0000  0.0000  0.0000  0.0000  0.0000  0.0000  0.0000  0.0000
      3pz      0.0000  0.0000  0.0000  0.0000  0.0000  0.0000  0.0000  0.0000  0.0000  0.0000  0.0000  0.0000
      3py      0.0000  0.0000  0.0000  0.0000  0.0000  0.0000  0.0000  0.0000  0.0000  0.0000  0.0000  0.0000
      4s       0.0000  0.0000  0.0000  0.0000  0.0000  0.0000  0.0000  0.0000  0.0000  0.0000  0.0000  0.0000
      3d2+     0.0000  0.0000  0.0000  0.0000  0.0000  0.0000  0.0000  0.0000  0.0000  0.0000  0.0000  0.0000
      3d1+     0.0000  0.0000  0.0000  0.0000  0.0000  0.0000  0.0000  0.0000  0.0000  0.0000  0.0000  0.0000
      3d0      0.0000  0.0000  0.0000  0.0000  0.0000  0.0000  0.0000  0.0000  0.0000  0.0000  0.0000  0.0000
      3d1-     0.0000  0.0000  0.0000  0.0000  0.0000  0.0000  0.0000  0.0000  0.0000  0.0000  0.0000  0.0000
      3d2-     0.0000  0.0000  0.0000  0.0000  0.0000  0.0000  0.0000  0.0000  0.0000  0.0000  0.0000  0.0000
      *s       0.5670  0.5670  0.5809  0.5777  0.5777  0.5810  0.5671  0.5671  0.5810  0.5777  0.5777  0.5809
      *px      0.0167  0.0066  0.0061  0.0061  0.0064  0.0163  0.0167  0.0066  0.0061  0.0061  0.0064  0.0163
      *pz      0.0044  0.0044  0.0041  0.0041  0.0041  0.0041  0.0044  0.0044  0.0041  0.0041  0.0041  0.0041
      *py      0.0030  0.0131  0.0131  0.0130  0.0128  0.0029  0.0030  0.0131  0.0131  0.0130  0.0128  0.0029
      *d2+     0.0000  0.0000  0.0000  0.0000  0.0000  0.0000  0.0000  0.0000  0.0000  0.0000  0.0000  0.0000
      *d1+     0.0000  0.0000  0.0000  0.0000  0.0000  0.0000  0.0000  0.0000  0.0000  0.0000  0.0000  0.0000
      *d0      0.0000  0.0000  0.0000  0.0000  0.0000  0.0000  0.0000  0.0000  0.0000  0.0000  0.0000  0.0000
      *d1-     0.0000  0.0000  0.0000  0.0000  0.0000  0.0000  0.0000  0.0000  0.0000  0.0000  0.0000  0.0000
      *d2-     0.0000  0.0000  0.0000  0.0000  0.0000  0.0000  0.0000  0.0000  0.0000  0.0000  0.0000  0.0000
      *f3+     0.0000  0.0000  0.0000  0.0000  0.0000  0.0000  0.0000  0.0000  0.0000  0.0000  0.0000  0.0000
      *f2+     0.0000  0.0000  0.0000  0.0000  0.0000  0.0000  0.0000  0.0000  0.0000  0.0000  0.0000  0.0000
      *f1+     0.0000  0.0000  0.0000  0.0000  0.0000  0.0000  0.0000  0.0000  0.0000  0.0000  0.0000  0.0000
      *f0      0.0000  0.0000  0.0000  0.0000  0.0000  0.0000  0.0000  0.0000  0.0000  0.0000  0.0000  0.0000
      *f1-     0.0000  0.0000  0.0000  0.0000  0.0000  0.0000  0.0000  0.0000  0.0000  0.0000  0.0000  0.0000
      *f2-     0.0000  0.0000  0.0000  0.0000  0.0000  0.0000  0.0000  0.0000  0.0000  0.0000  0.0000  0.0000
      *f3-     0.0000  0.0000  0.0000  0.0000  0.0000  0.0000  0.0000  0.0000  0.0000  0.0000  0.0000  0.0000
      Total    0.8538  0.8537  0.8677  0.8648  0.8648  0.8678  0.8539  0.8539  0.8677  0.8648  0.8648  0.8677

      N-E      0.1462  0.1463  0.1323  0.1352  0.1352  0.1322  0.1461  0.1461  0.1323  0.1352  0.1352  0.1323

                NI37    NI38  
      1s       1.9997  1.9997
      2s       2.0006  2.0006
      2px      1.9958  1.9958
      2pz      1.9958  1.9958
      2py      1.9958  1.9958
      3s       1.1578  1.1579
      3px      1.5698  1.5699
      3pz      1.5734  1.5734
      3py      1.5669  1.5670
      4s       0.8153  0.8152
      3d2+     0.9319  0.9261
      3d1+     0.6531  0.8960
      3d0      0.9847  0.9849
      3d1-     0.8693  0.6554
      3d2-     0.9549  0.9530
      *s       1.1815  1.1806
      *px      0.4896  0.4909
      *pz      0.5333  0.5332
      *py      0.4805  0.4819
      *d2+     0.9843  0.9793
      *d1+     0.6475  0.8560
      *d0      0.9954  0.9956
      *d1-     0.8650  0.6477
      *d2-     0.9904  0.9888
      *f3+     0.0000  0.0000
      *f2+     0.0000  0.0000
      *f1+     0.0000  0.0000
      *f0      0.0001  0.0001
      *f1-     0.0000  0.0000
      *f2-     0.0000  0.0000
      *f3-     0.0000  0.0000
      Total   28.2325 28.2407

      N-E     -0.2325 -0.2407

      Total electronic charge=  212.000000

      Total            charge=   -0.000000
--



      Expectation values of various properties for root number:  4
      -----------------------------------------------------------


++    Molecular properties:
      ---------------------

      Charge (e):
                      =   -0.0000
      Dipole Moment (Debye):
      Origin of the operator (Ang)=    0.0000    0.0000    0.0000
                   X=  3.6048E-01               Y=  2.0579E-01               Z= -8.9520E+00           Total=  8.9616E+00
      Quadrupole Moment (Debye*Ang):
      Origin of the operator (Ang)=    0.0000   -0.0000    0.5165
                  XX= -1.3963E+02              XY= -2.7620E+00              XZ=  2.2008E-01              YY= -1.3644E+02
                  YZ=  1.3913E-01              ZZ= -2.0293E+02
      In traceless form (Debye*Ang)
                  XX=  3.0052E+01              XY= -4.1430E+00              XZ=  3.3011E-01              YY=  3.4839E+01
                  YZ=  2.0869E-01              ZZ= -6.4891E+01
--


      Mulliken spin population analysis for root number:  4
      ---------------------------------------------------


++    Molecular charges:
      ------------------

      Mulliken spin population per centre and basis function type
      ---------------------------------------------------

                C1      C2      C3      C4      C5      C6      C7      C8      C9      C10     C11     C12   
      1s       0.0000  0.0000  0.0000  0.0000  0.0000  0.0000  0.0000  0.0000  0.0000  0.0000  0.0000  0.0000
      2s      -0.0000 -0.0000 -0.0000 -0.0000 -0.0000 -0.0000 -0.0000 -0.0000 -0.0000 -0.0000 -0.0000 -0.0000
      2px      0.0000  0.0002  0.0001  0.0002  0.0001  0.0000  0.0002  0.0002  0.0000  0.0001  0.0000  0.0000
      2pz      0.0007  0.0007  0.0007  0.0003  0.0003  0.0007  0.0039  0.0039  0.0002  0.0040  0.0041  0.0002
      2py      0.0003  0.0000  0.0000  0.0000  0.0002  0.0000  0.0000  0.0001  0.0000  0.0001  0.0002  0.0000
      3s       0.0000  0.0000  0.0000  0.0000  0.0000  0.0000  0.0000  0.0000  0.0000  0.0000  0.0000  0.0000
      3px      0.0000  0.0000  0.0000  0.0000  0.0000  0.0000  0.0000  0.0000  0.0000  0.0000  0.0000  0.0000
      3pz      0.0000  0.0000  0.0000  0.0000  0.0000  0.0000  0.0000  0.0000  0.0000  0.0000  0.0000  0.0000
      3py      0.0000  0.0000  0.0000  0.0000  0.0000  0.0000  0.0000  0.0000  0.0000  0.0000  0.0000  0.0000
      4s       0.0000  0.0000  0.0000  0.0000  0.0000  0.0000  0.0000  0.0000  0.0000  0.0000  0.0000  0.0000
      3d2+     0.0000  0.0000  0.0000  0.0000  0.0000  0.0000  0.0000  0.0000  0.0000  0.0000  0.0000  0.0000
      3d1+     0.0000  0.0000  0.0000  0.0000  0.0000  0.0000  0.0000  0.0000  0.0000  0.0000  0.0000  0.0000
      3d0      0.0000  0.0000  0.0000  0.0000  0.0000  0.0000  0.0000  0.0000  0.0000  0.0000  0.0000  0.0000
      3d1-     0.0000  0.0000  0.0000  0.0000  0.0000  0.0000  0.0000  0.0000  0.0000  0.0000  0.0000  0.0000
      3d2-     0.0000  0.0000  0.0000  0.0000  0.0000  0.0000  0.0000  0.0000  0.0000  0.0000  0.0000  0.0000
      *s       0.0010  0.0010 -0.0173  0.0012  0.0012 -0.0173 -0.0007 -0.0007  0.0015 -0.0009 -0.0009  0.0015
      *px     -0.0004 -0.0009  0.0007  0.0004 -0.0010  0.0008 -0.0006  0.0001 -0.0003 -0.0010  0.0002 -0.0003
      *pz     -0.0008 -0.0009 -0.0013 -0.0013 -0.0012 -0.0013 -0.0009 -0.0009 -0.0001 -0.0010 -0.0010 -0.0001
      *py     -0.0011 -0.0007  0.0008 -0.0010  0.0003  0.0007 -0.0005 -0.0012  0.0012  0.0002 -0.0009  0.0012
      *d2+    -0.0000  0.0001  0.0000  0.0000  0.0002  0.0000  0.0000 -0.0000 -0.0000 -0.0001  0.0001 -0.0000
      *d1+     0.0003  0.0001 -0.0000  0.0001  0.0002 -0.0000  0.0000  0.0003  0.0003  0.0001  0.0001  0.0002
      *d0      0.0007  0.0007  0.0002  0.0006  0.0006  0.0002  0.0001  0.0001  0.0000  0.0002  0.0003  0.0000
      *d1-    -0.0000  0.0001 -0.0000  0.0002  0.0001 -0.0000  0.0002 -0.0001  0.0001  0.0000  0.0001  0.0002
      *d2-     0.0001 -0.0000  0.0000  0.0001 -0.0001  0.0001 -0.0000  0.0000 -0.0000 -0.0000 -0.0002 -0.0000
      *f3+     0.0000  0.0000  0.0000  0.0000  0.0000  0.0000 -0.0000 -0.0000 -0.0000 -0.0000 -0.0000 -0.0000
      *f2+     0.0000  0.0000  0.0000  0.0000  0.0000  0.0000  0.0000  0.0000  0.0000  0.0000  0.0000  0.0000
      *f1+     0.0000  0.0000  0.0000  0.0000  0.0000  0.0000  0.0000  0.0000  0.0000  0.0000  0.0000  0.0000
      *f0      0.0000  0.0000  0.0000  0.0000  0.0000  0.0000  0.0000  0.0000  0.0000  0.0000  0.0000  0.0000
      *f1-     0.0000  0.0000  0.0000  0.0000  0.0000  0.0000  0.0000  0.0000 -0.0000  0.0000  0.0000  0.0000
      *f2-     0.0000  0.0000  0.0000 -0.0000  0.0000  0.0000  0.0000  0.0000  0.0000 -0.0000 -0.0000  0.0000
      *f3-     0.0000  0.0000  0.0000  0.0000 -0.0000  0.0000  0.0000  0.0000  0.0000  0.0000  0.0000  0.0000
      Total    0.0006  0.0006 -0.0160  0.0008  0.0009 -0.0159  0.0018  0.0019  0.0029  0.0018  0.0019  0.0030

                C13     C14     C15     C16     C17     C18     C19     C20     C21     C22     C23     C24   
      1s       0.0000  0.0000  0.0000  0.0000  0.0000  0.0000  0.0000  0.0000  0.0000  0.0000  0.0000  0.0000
      2s      -0.0000 -0.0000 -0.0000 -0.0000 -0.0000 -0.0000 -0.0000 -0.0000 -0.0000 -0.0000 -0.0000 -0.0000
      2px      0.0004  0.0001  0.0000  0.0000  0.0000  0.0000  0.0001  0.0002  0.0000  0.0000  0.0000  0.0000
      2pz      0.0024  0.0024  0.0003  0.0012  0.0015  0.0003  0.0005  0.0005  0.0003  0.0015  0.0012  0.0003
      2py      0.0001  0.0004  0.0000  0.0000  0.0000  0.0001  0.0002  0.0000  0.0000  0.0000  0.0000  0.0000
      3s       0.0000  0.0000  0.0000  0.0000  0.0000  0.0000  0.0000  0.0000  0.0000  0.0000  0.0000  0.0000
      3px      0.0000  0.0000  0.0000  0.0000  0.0000  0.0000  0.0000  0.0000  0.0000  0.0000  0.0000  0.0000
      3pz      0.0000  0.0000  0.0000  0.0000  0.0000  0.0000  0.0000  0.0000  0.0000  0.0000  0.0000  0.0000
      3py      0.0000  0.0000  0.0000  0.0000  0.0000  0.0000  0.0000  0.0000  0.0000  0.0000  0.0000  0.0000
      4s       0.0000  0.0000  0.0000  0.0000  0.0000  0.0000  0.0000  0.0000  0.0000  0.0000  0.0000  0.0000
      3d2+     0.0000  0.0000  0.0000  0.0000  0.0000  0.0000  0.0000  0.0000  0.0000  0.0000  0.0000  0.0000
      3d1+     0.0000  0.0000  0.0000  0.0000  0.0000  0.0000  0.0000  0.0000  0.0000  0.0000  0.0000  0.0000
      3d0      0.0000  0.0000  0.0000  0.0000  0.0000  0.0000  0.0000  0.0000  0.0000  0.0000  0.0000  0.0000
      3d1-     0.0000  0.0000  0.0000  0.0000  0.0000  0.0000  0.0000  0.0000  0.0000  0.0000  0.0000  0.0000
      3d2-     0.0000  0.0000  0.0000  0.0000  0.0000  0.0000  0.0000  0.0000  0.0000  0.0000  0.0000  0.0000
      *s      -0.0090 -0.0089 -0.0027  0.0010  0.0009 -0.0026 -0.0087 -0.0088 -0.0026  0.0009  0.0010 -0.0027
      *px      0.0002  0.0001 -0.0002 -0.0002  0.0001 -0.0001 -0.0004  0.0000 -0.0002 -0.0001  0.0001 -0.0003
      *pz      0.0024  0.0025 -0.0003  0.0031  0.0037 -0.0000 -0.0027 -0.0028  0.0000  0.0036  0.0031 -0.0002
      *py      0.0002  0.0003 -0.0009  0.0001 -0.0001 -0.0006  0.0003 -0.0002 -0.0005  0.0001 -0.0001 -0.0008
      *d2+     0.0001 -0.0000  0.0000  0.0000  0.0000 -0.0000  0.0002  0.0000 -0.0000  0.0000  0.0000  0.0000
      *d1+     0.0001  0.0003  0.0004  0.0000  0.0000  0.0000  0.0001  0.0001  0.0005  0.0000  0.0000  0.0000
      *d0      0.0009  0.0009  0.0001  0.0000  0.0000  0.0001  0.0008  0.0008  0.0001  0.0000  0.0000  0.0001
      *d1-     0.0002 -0.0000  0.0002  0.0000  0.0000  0.0006  0.0001  0.0001  0.0002  0.0000  0.0000  0.0006
      *d2-     0.0000  0.0002 -0.0000 -0.0000  0.0000 -0.0000 -0.0000  0.0002 -0.0000  0.0000  0.0000  0.0000
      *f3+     0.0000  0.0000 -0.0000 -0.0000  0.0000  0.0000  0.0000  0.0000  0.0000  0.0000 -0.0000 -0.0000
      *f2+     0.0000  0.0000  0.0000  0.0000  0.0000  0.0000  0.0000  0.0000  0.0000  0.0000  0.0000  0.0000
      *f1+     0.0000  0.0000  0.0000  0.0000  0.0000  0.0000  0.0000  0.0000  0.0000  0.0000  0.0000  0.0000
      *f0      0.0000  0.0000  0.0000 -0.0000 -0.0000  0.0000  0.0000  0.0000  0.0000 -0.0000 -0.0000  0.0000
      *f1-     0.0000  0.0000  0.0000  0.0000  0.0000  0.0000  0.0000  0.0000  0.0000  0.0000  0.0000  0.0000
      *f2-     0.0000  0.0000  0.0000  0.0000  0.0000  0.0000 -0.0000  0.0000  0.0000  0.0000  0.0000  0.0000
      *f3-     0.0000  0.0000  0.0000  0.0000  0.0000 -0.0000 -0.0000 -0.0000 -0.0000  0.0000  0.0000  0.0000
      Total   -0.0018 -0.0016 -0.0030  0.0053  0.0061 -0.0023 -0.0096 -0.0098 -0.0022  0.0061  0.0053 -0.0030

                H25     H26     H27     H28     H29     H30     H31     H32     H33     H34     H35     H36   
      1s       0.0001  0.0001  0.0000  0.0000  0.0000  0.0000  0.0001  0.0000  0.0000  0.0000  0.0000  0.0000
      2s       0.0000  0.0000  0.0000  0.0000  0.0000  0.0000  0.0000  0.0000  0.0000  0.0000  0.0000  0.0000
      2px      0.0000  0.0000  0.0000  0.0000  0.0000  0.0000  0.0000  0.0000  0.0000  0.0000  0.0000  0.0000
      2pz      0.0000  0.0000  0.0000  0.0000  0.0000  0.0000  0.0000  0.0000  0.0000  0.0000  0.0000  0.0000
      2py      0.0000  0.0000  0.0000  0.0000  0.0000  0.0000  0.0000  0.0000  0.0000  0.0000  0.0000  0.0000
      3s       0.0000  0.0000  0.0000  0.0000  0.0000  0.0000  0.0000  0.0000  0.0000  0.0000  0.0000  0.0000
      3px      0.0000  0.0000  0.0000  0.0000  0.0000  0.0000  0.0000  0.0000  0.0000  0.0000  0.0000  0.0000
      3pz      0.0000  0.0000  0.0000  0.0000  0.0000  0.0000  0.0000  0.0000  0.0000  0.0000  0.0000  0.0000
      3py      0.0000  0.0000  0.0000  0.0000  0.0000  0.0000  0.0000  0.0000  0.0000  0.0000  0.0000  0.0000
      4s       0.0000  0.0000  0.0000  0.0000  0.0000  0.0000  0.0000  0.0000  0.0000  0.0000  0.0000  0.0000
      3d2+     0.0000  0.0000  0.0000  0.0000  0.0000  0.0000  0.0000  0.0000  0.0000  0.0000  0.0000  0.0000
      3d1+     0.0000  0.0000  0.0000  0.0000  0.0000  0.0000  0.0000  0.0000  0.0000  0.0000  0.0000  0.0000
      3d0      0.0000  0.0000  0.0000  0.0000  0.0000  0.0000  0.0000  0.0000  0.0000  0.0000  0.0000  0.0000
      3d1-     0.0000  0.0000  0.0000  0.0000  0.0000  0.0000  0.0000  0.0000  0.0000  0.0000  0.0000  0.0000
      3d2-     0.0000  0.0000  0.0000  0.0000  0.0000  0.0000  0.0000  0.0000  0.0000  0.0000  0.0000  0.0000
      *s      -0.0008 -0.0008 -0.0000 -0.0000 -0.0000 -0.0000 -0.0008 -0.0008 -0.0000 -0.0000 -0.0000 -0.0000
      *px      0.0000  0.0000  0.0000  0.0000  0.0000  0.0000  0.0000  0.0000  0.0000  0.0000  0.0000  0.0000
      *pz      0.0001  0.0001  0.0000  0.0000  0.0000  0.0000  0.0000  0.0000  0.0000  0.0000  0.0000  0.0000
      *py      0.0000  0.0000  0.0000  0.0000  0.0000  0.0000  0.0000  0.0000  0.0000  0.0000  0.0000 -0.0000
      *d2+     0.0000  0.0000  0.0000  0.0000  0.0000  0.0000  0.0000  0.0000  0.0000  0.0000  0.0000  0.0000
      *d1+     0.0000  0.0000  0.0000  0.0000  0.0000  0.0000  0.0000  0.0000  0.0000  0.0000  0.0000  0.0000
      *d0      0.0000  0.0000  0.0000  0.0000  0.0000  0.0000  0.0000  0.0000  0.0000  0.0000  0.0000  0.0000
      *d1-     0.0000  0.0000  0.0000  0.0000  0.0000  0.0000  0.0000  0.0000  0.0000  0.0000  0.0000  0.0000
      *d2-     0.0000  0.0000  0.0000  0.0000  0.0000  0.0000  0.0000  0.0000  0.0000  0.0000  0.0000  0.0000
      *f3+     0.0000  0.0000  0.0000  0.0000  0.0000  0.0000  0.0000  0.0000  0.0000  0.0000  0.0000  0.0000
      *f2+     0.0000  0.0000  0.0000  0.0000  0.0000  0.0000  0.0000  0.0000  0.0000  0.0000  0.0000  0.0000
      *f1+     0.0000  0.0000  0.0000  0.0000  0.0000  0.0000  0.0000  0.0000  0.0000  0.0000  0.0000  0.0000
      *f0      0.0000  0.0000  0.0000  0.0000  0.0000  0.0000  0.0000  0.0000  0.0000  0.0000  0.0000  0.0000
      *f1-     0.0000  0.0000  0.0000  0.0000  0.0000  0.0000  0.0000  0.0000  0.0000  0.0000  0.0000  0.0000
      *f2-     0.0000  0.0000  0.0000  0.0000  0.0000  0.0000  0.0000  0.0000  0.0000  0.0000  0.0000  0.0000
      *f3-     0.0000  0.0000  0.0000  0.0000  0.0000  0.0000  0.0000  0.0000  0.0000  0.0000  0.0000  0.0000
      Total   -0.0006 -0.0006  0.0000  0.0000  0.0000 -0.0000 -0.0007 -0.0007 -0.0000  0.0000  0.0000  0.0000

                NI37    NI38  
      1s       0.0000  0.0000
      2s       0.0000  0.0000
      2px      0.0000  0.0000
      2pz      0.0000  0.0000
      2py      0.0000  0.0000
      3s       0.0029  0.0027
      3px      0.0001  0.0000
      3pz      0.0011  0.0011
      3py      0.0001  0.0000
      4s      -0.0050 -0.0047
      3d2+     0.0040  0.0070
      3d1+     0.2105  0.0727
      3d0      0.0006  0.0004
      3d1-     0.0768  0.2059
      3d2-     0.0015  0.0024
      *s       0.4445  0.4202
      *px      0.0010  0.0002
      *pz      0.0209  0.0199
      *py      0.0003 -0.0005
      *d2+     0.0041  0.0068
      *d1+     0.1880  0.0702
      *d0      0.0008  0.0007
      *d1-     0.0688  0.1996
      *d2-     0.0014  0.0022
      *f3+     0.0000  0.0000
      *f2+     0.0000  0.0000
      *f1+     0.0000  0.0000
      *f0      0.0000  0.0000
      *f1-     0.0000  0.0000
      *f2-     0.0000  0.0000
      *f3-     0.0000  0.0000
      Total    1.0225  1.0067

      Total electronic spin=    2.000000
--


      Von Neumann Entropy (Root   5) =  2.12618


      Mulliken population analysis for root number:  5
      -----------------------------------------------


++    Molecular charges:
      ------------------

      Mulliken charges per centre and basis function type
      ---------------------------------------------------

                C1      C2      C3      C4      C5      C6      C7      C8      C9      C10     C11     C12   
      1s       0.8547  0.8547  0.8547  0.8547  0.8547  0.8547  0.8547  0.8547  0.8547  0.8547  0.8547  0.8547
      2s       1.1233  1.1233  1.1232  1.1233  1.1233  1.1232  1.1233  1.1233  1.1232  1.1233  1.1233  1.1232
      2px      0.4565  0.4603  0.4575  0.4569  0.4600  0.4574  0.4500  0.4544  0.4648  0.4499  0.4542  0.4648
      2pz      0.3200  0.3198  0.3233  0.3185  0.3185  0.3233  0.3181  0.3181  0.3141  0.3199  0.3199  0.3142
      2py      0.4567  0.4530  0.4612  0.4564  0.4532  0.4613  0.4637  0.4592  0.4598  0.4637  0.4594  0.4598
      3s       0.0000  0.0000  0.0000  0.0000  0.0000  0.0000  0.0000  0.0000  0.0000  0.0000  0.0000  0.0000
      3px      0.0000  0.0000  0.0000  0.0000  0.0000  0.0000  0.0000  0.0000  0.0000  0.0000  0.0000  0.0000
      3pz      0.0000  0.0000  0.0000  0.0000  0.0000  0.0000  0.0000  0.0000  0.0000  0.0000  0.0000  0.0000
      3py      0.0000  0.0000  0.0000  0.0000  0.0000  0.0000  0.0000  0.0000  0.0000  0.0000  0.0000  0.0000
      4s       0.0000  0.0000  0.0000  0.0000  0.0000  0.0000  0.0000  0.0000  0.0000  0.0000  0.0000  0.0000
      3d2+     0.0000  0.0000  0.0000  0.0000  0.0000  0.0000  0.0000  0.0000  0.0000  0.0000  0.0000  0.0000
      3d1+     0.0000  0.0000  0.0000  0.0000  0.0000  0.0000  0.0000  0.0000  0.0000  0.0000  0.0000  0.0000
      3d0      0.0000  0.0000  0.0000  0.0000  0.0000  0.0000  0.0000  0.0000  0.0000  0.0000  0.0000  0.0000
      3d1-     0.0000  0.0000  0.0000  0.0000  0.0000  0.0000  0.0000  0.0000  0.0000  0.0000  0.0000  0.0000
      3d2-     0.0000  0.0000  0.0000  0.0000  0.0000  0.0000  0.0000  0.0000  0.0000  0.0000  0.0000  0.0000
      *s       1.2903  1.2901  1.3389  1.2884  1.2881  1.3389  1.0049  1.0051  1.1070  1.0052  1.0053  1.1070
      *px      0.4287  0.2668  0.4448  0.4300  0.2662  0.4451  0.3645  0.4357  0.3944  0.3641  0.4359  0.3944
      *pz      0.6454  0.6451  0.5895  0.6421  0.6422  0.5895  0.5680  0.5679  0.5847  0.5705  0.5704  0.5848
      *py      0.1478  0.3110  0.3612  0.1478  0.3128  0.3609  0.4634  0.3919  0.3900  0.4646  0.3926  0.3900
      *d2+     0.0505  0.0543  0.0603  0.0506  0.0545  0.0602  0.0426  0.0390  0.0452  0.0424  0.0392  0.0452
      *d1+     0.0250  0.0268  0.0262  0.0248  0.0269  0.0260  0.0211  0.0236  0.0268  0.0212  0.0233  0.0267
      *d0      0.0059  0.0059  0.0034  0.0058  0.0058  0.0034  0.0085  0.0085  0.0059  0.0087  0.0087  0.0059
      *d1-     0.0254  0.0236  0.0257  0.0256  0.0236  0.0258  0.0274  0.0249  0.0232  0.0272  0.0252  0.0233
      *d2-     0.0535  0.0497  0.0631  0.0533  0.0495  0.0631  0.0373  0.0409  0.0507  0.0373  0.0405  0.0507
      *f3+     0.0021  0.0021  0.0021  0.0021  0.0021  0.0021  0.0021  0.0021  0.0022  0.0021  0.0021  0.0022
      *f2+     0.0009  0.0010  0.0011  0.0009  0.0010  0.0011  0.0011  0.0008  0.0008  0.0011  0.0008  0.0008
      *f1+     0.0010  0.0010  0.0011  0.0011  0.0010  0.0011  0.0010  0.0012  0.0011  0.0010  0.0012  0.0011
      *f0      0.0018  0.0018  0.0020  0.0018  0.0018  0.0020  0.0017  0.0017  0.0020  0.0017  0.0017  0.0020
      *f1-     0.0010  0.0011  0.0011  0.0010  0.0011  0.0011  0.0013  0.0010  0.0011  0.0013  0.0010  0.0011
      *f2-     0.0009  0.0009  0.0010  0.0009  0.0009  0.0010  0.0008  0.0011  0.0010  0.0008  0.0011  0.0010
      *f3-     0.0030  0.0030  0.0032  0.0030  0.0030  0.0032  0.0029  0.0029  0.0031  0.0029  0.0029  0.0031
      Total    5.8945  5.8951  6.1446  5.8890  5.8901  6.1446  5.7583  5.7582  5.8559  5.7636  5.7634  5.8561

      N-E      0.1055  0.1049 -0.1446  0.1110  0.1099 -0.1446  0.2417  0.2418  0.1441  0.2364  0.2366  0.1439

                C13     C14     C15     C16     C17     C18     C19     C20     C21     C22     C23     C24   
      1s       0.8548  0.8548  0.8548  0.8548  0.8548  0.8548  0.8548  0.8548  0.8548  0.8548  0.8548  0.8548
      2s       1.1233  1.1233  1.1232  1.1232  1.1232  1.1232  1.1233  1.1233  1.1232  1.1232  1.1232  1.1232
      2px      0.4479  0.4492  0.4717  0.4717  0.4578  0.4520  0.4473  0.4495  0.4718  0.4717  0.4578  0.4520
      2pz      0.3167  0.3167  0.3157  0.3098  0.3106  0.3164  0.3150  0.3151  0.3165  0.3105  0.3098  0.3157
      2py      0.4580  0.4567  0.4481  0.4484  0.4623  0.4680  0.4582  0.4560  0.4482  0.4484  0.4623  0.4679
      3s       0.0000  0.0000  0.0000  0.0000  0.0000  0.0000  0.0000  0.0000  0.0000  0.0000  0.0000  0.0000
      3px      0.0000  0.0000  0.0000  0.0000  0.0000  0.0000  0.0000  0.0000  0.0000  0.0000  0.0000  0.0000
      3pz      0.0000  0.0000  0.0000  0.0000  0.0000  0.0000  0.0000  0.0000  0.0000  0.0000  0.0000  0.0000
      3py      0.0000  0.0000  0.0000  0.0000  0.0000  0.0000  0.0000  0.0000  0.0000  0.0000  0.0000  0.0000
      4s       0.0000  0.0000  0.0000  0.0000  0.0000  0.0000  0.0000  0.0000  0.0000  0.0000  0.0000  0.0000
      3d2+     0.0000  0.0000  0.0000  0.0000  0.0000  0.0000  0.0000  0.0000  0.0000  0.0000  0.0000  0.0000
      3d1+     0.0000  0.0000  0.0000  0.0000  0.0000  0.0000  0.0000  0.0000  0.0000  0.0000  0.0000  0.0000
      3d0      0.0000  0.0000  0.0000  0.0000  0.0000  0.0000  0.0000  0.0000  0.0000  0.0000  0.0000  0.0000
      3d1-     0.0000  0.0000  0.0000  0.0000  0.0000  0.0000  0.0000  0.0000  0.0000  0.0000  0.0000  0.0000
      3d2-     0.0000  0.0000  0.0000  0.0000  0.0000  0.0000  0.0000  0.0000  0.0000  0.0000  0.0000  0.0000
      *s       1.2150  1.2149  1.2429  1.2168  1.2171  1.2426  1.2147  1.2143  1.2427  1.2170  1.2169  1.2428
      *px      0.5347  0.5064  0.5059  0.5129  0.4939  0.5322  0.5338  0.5066  0.5059  0.5129  0.4939  0.5319
      *pz      0.6393  0.6393  0.6532  0.6494  0.6508  0.6549  0.6334  0.6335  0.6550  0.6506  0.6495  0.6533
      *py      0.4918  0.5204  0.5179  0.5129  0.5319  0.4920  0.4922  0.5195  0.5184  0.5129  0.5319  0.4918
      *d2+     0.0278  0.0284  0.0278  0.0280  0.0315  0.0310  0.0280  0.0285  0.0277  0.0280  0.0315  0.0311
      *d1+     0.0120  0.0210  0.0236  0.0235  0.0205  0.0067  0.0120  0.0208  0.0237  0.0235  0.0205  0.0067
      *d0      0.0099  0.0099  0.0053  0.0048  0.0048  0.0053  0.0099  0.0099  0.0053  0.0048  0.0048  0.0053
      *d1-     0.0267  0.0178  0.0109  0.0102  0.0132  0.0280  0.0268  0.0180  0.0109  0.0101  0.0131  0.0278
      *d2-     0.0269  0.0263  0.0330  0.0321  0.0286  0.0297  0.0269  0.0263  0.0330  0.0321  0.0286  0.0297
      *f3+     0.0019  0.0019  0.0019  0.0019  0.0019  0.0019  0.0019  0.0019  0.0019  0.0019  0.0019  0.0019
      *f2+     0.0005  0.0009  0.0009  0.0009  0.0008  0.0003  0.0005  0.0009  0.0009  0.0009  0.0008  0.0003
      *f1+     0.0009  0.0009  0.0009  0.0009  0.0009  0.0009  0.0008  0.0010  0.0009  0.0009  0.0009  0.0009
      *f0      0.0014  0.0014  0.0016  0.0016  0.0016  0.0016  0.0014  0.0014  0.0016  0.0016  0.0016  0.0016
      *f1-     0.0009  0.0009  0.0009  0.0008  0.0009  0.0010  0.0009  0.0008  0.0009  0.0008  0.0009  0.0010
      *f2-     0.0011  0.0006  0.0005  0.0005  0.0005  0.0011  0.0011  0.0006  0.0005  0.0005  0.0005  0.0011
      *f3-     0.0017  0.0017  0.0020  0.0020  0.0020  0.0019  0.0017  0.0017  0.0019  0.0020  0.0020  0.0020
      Total    6.1932  6.1935  6.2426  6.2069  6.2096  6.2454  6.1845  6.1843  6.2458  6.2091  6.2072  6.2426

      N-E     -0.1932 -0.1935 -0.2426 -0.2069 -0.2096 -0.2454 -0.1845 -0.1843 -0.2458 -0.2091 -0.2072 -0.2426

                H25     H26     H27     H28     H29     H30     H31     H32     H33     H34     H35     H36   
      1s       0.2627  0.2627  0.2635  0.2638  0.2638  0.2635  0.2627  0.2627  0.2635  0.2638  0.2638  0.2635
      2s       0.0000  0.0000  0.0000  0.0000  0.0000  0.0000  0.0000  0.0000  0.0000  0.0000  0.0000  0.0000
      2px      0.0000  0.0000  0.0000  0.0000  0.0000  0.0000  0.0000  0.0000  0.0000  0.0000  0.0000  0.0000
      2pz      0.0000  0.0000  0.0000  0.0000  0.0000  0.0000  0.0000  0.0000  0.0000  0.0000  0.0000  0.0000
      2py      0.0000  0.0000  0.0000  0.0000  0.0000  0.0000  0.0000  0.0000  0.0000  0.0000  0.0000  0.0000
      3s       0.0000  0.0000  0.0000  0.0000  0.0000  0.0000  0.0000  0.0000  0.0000  0.0000  0.0000  0.0000
      3px      0.0000  0.0000  0.0000  0.0000  0.0000  0.0000  0.0000  0.0000  0.0000  0.0000  0.0000  0.0000
      3pz      0.0000  0.0000  0.0000  0.0000  0.0000  0.0000  0.0000  0.0000  0.0000  0.0000  0.0000  0.0000
      3py      0.0000  0.0000  0.0000  0.0000  0.0000  0.0000  0.0000  0.0000  0.0000  0.0000  0.0000  0.0000
      4s       0.0000  0.0000  0.0000  0.0000  0.0000  0.0000  0.0000  0.0000  0.0000  0.0000  0.0000  0.0000
      3d2+     0.0000  0.0000  0.0000  0.0000  0.0000  0.0000  0.0000  0.0000  0.0000  0.0000  0.0000  0.0000
      3d1+     0.0000  0.0000  0.0000  0.0000  0.0000  0.0000  0.0000  0.0000  0.0000  0.0000  0.0000  0.0000
      3d0      0.0000  0.0000  0.0000  0.0000  0.0000  0.0000  0.0000  0.0000  0.0000  0.0000  0.0000  0.0000
      3d1-     0.0000  0.0000  0.0000  0.0000  0.0000  0.0000  0.0000  0.0000  0.0000  0.0000  0.0000  0.0000
      3d2-     0.0000  0.0000  0.0000  0.0000  0.0000  0.0000  0.0000  0.0000  0.0000  0.0000  0.0000  0.0000
      *s       0.5671  0.5671  0.5810  0.5777  0.5777  0.5809  0.5670  0.5670  0.5809  0.5777  0.5777  0.5810
      *px      0.0167  0.0066  0.0061  0.0061  0.0064  0.0163  0.0167  0.0066  0.0061  0.0061  0.0064  0.0163
      *pz      0.0044  0.0044  0.0041  0.0041  0.0041  0.0041  0.0044  0.0044  0.0041  0.0041  0.0041  0.0041
      *py      0.0030  0.0131  0.0131  0.0130  0.0128  0.0029  0.0030  0.0131  0.0131  0.0130  0.0128  0.0029
      *d2+     0.0000  0.0000  0.0000  0.0000  0.0000  0.0000  0.0000  0.0000  0.0000  0.0000  0.0000  0.0000
      *d1+     0.0000  0.0000  0.0000  0.0000  0.0000  0.0000  0.0000  0.0000  0.0000  0.0000  0.0000  0.0000
      *d0      0.0000  0.0000  0.0000  0.0000  0.0000  0.0000  0.0000  0.0000  0.0000  0.0000  0.0000  0.0000
      *d1-     0.0000  0.0000  0.0000  0.0000  0.0000  0.0000  0.0000  0.0000  0.0000  0.0000  0.0000  0.0000
      *d2-     0.0000  0.0000  0.0000  0.0000  0.0000  0.0000  0.0000  0.0000  0.0000  0.0000  0.0000  0.0000
      *f3+     0.0000  0.0000  0.0000  0.0000  0.0000  0.0000  0.0000  0.0000  0.0000  0.0000  0.0000  0.0000
      *f2+     0.0000  0.0000  0.0000  0.0000  0.0000  0.0000  0.0000  0.0000  0.0000  0.0000  0.0000  0.0000
      *f1+     0.0000  0.0000  0.0000  0.0000  0.0000  0.0000  0.0000  0.0000  0.0000  0.0000  0.0000  0.0000
      *f0      0.0000  0.0000  0.0000  0.0000  0.0000  0.0000  0.0000  0.0000  0.0000  0.0000  0.0000  0.0000
      *f1-     0.0000  0.0000  0.0000  0.0000  0.0000  0.0000  0.0000  0.0000  0.0000  0.0000  0.0000  0.0000
      *f2-     0.0000  0.0000  0.0000  0.0000  0.0000  0.0000  0.0000  0.0000  0.0000  0.0000  0.0000  0.0000
      *f3-     0.0000  0.0000  0.0000  0.0000  0.0000  0.0000  0.0000  0.0000  0.0000  0.0000  0.0000  0.0000
      Total    0.8539  0.8539  0.8677  0.8648  0.8648  0.8677  0.8538  0.8537  0.8677  0.8648  0.8648  0.8678

      N-E      0.1461  0.1461  0.1323  0.1352  0.1352  0.1323  0.1462  0.1463  0.1323  0.1352  0.1352  0.1322

                NI37    NI38  
      1s       1.9997  1.9997
      2s       2.0006  2.0006
      2px      1.9958  1.9958
      2pz      1.9958  1.9958
      2py      1.9958  1.9958
      3s       1.1579  1.1578
      3px      1.5699  1.5698
      3pz      1.5734  1.5735
      3py      1.5669  1.5669
      4s       0.8152  0.8153
      3d2+     0.9191  0.9294
      3d1+     0.8964  0.6502
      3d0      0.9849  0.9847
      3d1-     0.6685  0.8727
      3d2-     0.9505  0.9544
      *s       1.1789  1.1831
      *px      0.4909  0.4897
      *pz      0.5331  0.5333
      *py      0.4818  0.4805
      *d2+     0.9721  0.9816
      *d1+     0.8571  0.6448
      *d0      0.9955  0.9953
      *d1-     0.6616  0.8680
      *d2-     0.9862  0.9897
      *f3+     0.0000  0.0000
      *f2+     0.0000  0.0000
      *f1+     0.0000  0.0000
      *f0      0.0001  0.0001
      *f1-     0.0000  0.0000
      *f2-     0.0000  0.0000
      *f3-     0.0000  0.0000
      Total   28.2480 28.2285

      N-E     -0.2480 -0.2285

      Total electronic charge=  212.000000

      Total            charge=   -0.000000
--



      Expectation values of various properties for root number:  5
      -----------------------------------------------------------


++    Molecular properties:
      ---------------------

      Charge (e):
                      =   -0.0000
      Dipole Moment (Debye):
      Origin of the operator (Ang)=    0.0000    0.0000    0.0000
                   X= -3.2792E-01               Y= -1.8430E-01               Z= -8.9705E+00           Total=  8.9784E+00
      Quadrupole Moment (Debye*Ang):
      Origin of the operator (Ang)=    0.0000   -0.0000    0.5165
                  XX= -1.3949E+02              XY= -2.7371E+00              XZ= -3.6607E-01              YY= -1.3634E+02
                  YZ= -2.2718E-01              ZZ= -2.0294E+02
      In traceless form (Debye*Ang)
                  XX=  3.0153E+01              XY= -4.1057E+00              XZ= -5.4911E-01              YY=  3.4870E+01
                  YZ= -3.4077E-01              ZZ= -6.5022E+01
--


      Mulliken spin population analysis for root number:  5
      ---------------------------------------------------


++    Molecular charges:
      ------------------

      Mulliken spin population per centre and basis function type
      ---------------------------------------------------

                C1      C2      C3      C4      C5      C6      C7      C8      C9      C10     C11     C12   
      1s       0.0000  0.0000  0.0000  0.0000  0.0000  0.0000  0.0000  0.0000  0.0000  0.0000  0.0000  0.0000
      2s      -0.0000 -0.0000 -0.0000 -0.0000 -0.0000 -0.0000 -0.0000 -0.0000 -0.0000 -0.0000 -0.0000 -0.0000
      2px      0.0002  0.0001  0.0000  0.0000  0.0002  0.0001  0.0001  0.0000  0.0000  0.0002  0.0002  0.0000
      2pz      0.0002  0.0003  0.0007  0.0008  0.0007  0.0007  0.0041  0.0041  0.0003  0.0037  0.0037  0.0003
      2py      0.0000  0.0002  0.0000  0.0003  0.0000  0.0000  0.0001  0.0002  0.0000  0.0000  0.0001  0.0000
      3s       0.0000  0.0000  0.0000  0.0000  0.0000  0.0000  0.0000  0.0000  0.0000  0.0000  0.0000  0.0000
      3px      0.0000  0.0000  0.0000  0.0000  0.0000  0.0000  0.0000  0.0000  0.0000  0.0000  0.0000  0.0000
      3pz      0.0000  0.0000  0.0000  0.0000  0.0000  0.0000  0.0000  0.0000  0.0000  0.0000  0.0000  0.0000
      3py      0.0000  0.0000  0.0000  0.0000  0.0000  0.0000  0.0000  0.0000  0.0000  0.0000  0.0000  0.0000
      4s       0.0000  0.0000  0.0000  0.0000  0.0000  0.0000  0.0000  0.0000  0.0000  0.0000  0.0000  0.0000
      3d2+     0.0000  0.0000  0.0000  0.0000  0.0000  0.0000  0.0000  0.0000  0.0000  0.0000  0.0000  0.0000
      3d1+     0.0000  0.0000  0.0000  0.0000  0.0000  0.0000  0.0000  0.0000  0.0000  0.0000  0.0000  0.0000
      3d0      0.0000  0.0000  0.0000  0.0000  0.0000  0.0000  0.0000  0.0000  0.0000  0.0000  0.0000  0.0000
      3d1-     0.0000  0.0000  0.0000  0.0000  0.0000  0.0000  0.0000  0.0000  0.0000  0.0000  0.0000  0.0000
      3d2-     0.0000  0.0000  0.0000  0.0000  0.0000  0.0000  0.0000  0.0000  0.0000  0.0000  0.0000  0.0000
      *s       0.0013  0.0013 -0.0166  0.0009  0.0009 -0.0166 -0.0009 -0.0009  0.0014 -0.0007 -0.0006  0.0014
      *px      0.0004 -0.0009  0.0008 -0.0004 -0.0008  0.0008 -0.0010  0.0002 -0.0003 -0.0005  0.0002 -0.0003
      *pz     -0.0015 -0.0013 -0.0012 -0.0006 -0.0007 -0.0012 -0.0006 -0.0006  0.0001 -0.0011 -0.0011  0.0000
      *py     -0.0009  0.0004  0.0007 -0.0011 -0.0007  0.0008  0.0002 -0.0009  0.0012 -0.0005 -0.0012  0.0012
      *d2+     0.0000  0.0002  0.0000 -0.0000  0.0001  0.0001 -0.0001  0.0000 -0.0000  0.0000 -0.0000 -0.0000
      *d1+     0.0001  0.0002 -0.0001  0.0003  0.0001 -0.0000  0.0001  0.0001  0.0002  0.0000  0.0003  0.0003
      *d0      0.0006  0.0006  0.0002  0.0007  0.0007  0.0002  0.0002  0.0002  0.0000  0.0001  0.0001  0.0000
      *d1-     0.0002  0.0001  0.0000 -0.0000  0.0001 -0.0000  0.0000  0.0001  0.0002  0.0002 -0.0001  0.0001
      *d2-     0.0001 -0.0001  0.0001  0.0001 -0.0000  0.0000 -0.0000 -0.0002 -0.0000 -0.0000  0.0000 -0.0000
      *f3+     0.0000  0.0000  0.0000  0.0000  0.0000  0.0000 -0.0000 -0.0000 -0.0000 -0.0000 -0.0000 -0.0000
      *f2+     0.0000  0.0000  0.0000  0.0000  0.0000  0.0000  0.0000  0.0000  0.0000  0.0000  0.0000  0.0000
      *f1+     0.0000  0.0000  0.0000  0.0000  0.0000  0.0000  0.0000  0.0000  0.0000  0.0000  0.0000  0.0000
      *f0      0.0000  0.0000  0.0000  0.0000  0.0000  0.0000  0.0000  0.0000  0.0000  0.0000  0.0000  0.0000
      *f1-     0.0000  0.0000  0.0000  0.0000  0.0000  0.0000  0.0000  0.0000  0.0000  0.0000  0.0000 -0.0000
      *f2-    -0.0000  0.0000  0.0000  0.0000  0.0000  0.0000 -0.0000 -0.0000  0.0000  0.0000  0.0000  0.0000
      *f3-     0.0000 -0.0000  0.0000  0.0000  0.0000  0.0000  0.0000  0.0000  0.0000  0.0000  0.0000  0.0000
      Total    0.0006  0.0010 -0.0151  0.0008  0.0008 -0.0151  0.0023  0.0024  0.0032  0.0015  0.0016  0.0031

                C13     C14     C15     C16     C17     C18     C19     C20     C21     C22     C23     C24   
      1s       0.0000  0.0000  0.0000  0.0000  0.0000  0.0000  0.0000  0.0000  0.0000  0.0000  0.0000  0.0000
      2s      -0.0000 -0.0000 -0.0000 -0.0000 -0.0000 -0.0000 -0.0000 -0.0000 -0.0000 -0.0000 -0.0000 -0.0000
      2px      0.0001  0.0002  0.0000  0.0000  0.0000  0.0000  0.0004  0.0001  0.0000  0.0000  0.0000  0.0000
      2pz      0.0006  0.0006  0.0004  0.0016  0.0011  0.0003  0.0025  0.0024  0.0003  0.0011  0.0015  0.0003
      2py      0.0002  0.0000  0.0000  0.0000  0.0000  0.0000  0.0001  0.0005  0.0000  0.0000  0.0000  0.0001
      3s       0.0000  0.0000  0.0000  0.0000  0.0000  0.0000  0.0000  0.0000  0.0000  0.0000  0.0000  0.0000
      3px      0.0000  0.0000  0.0000  0.0000  0.0000  0.0000  0.0000  0.0000  0.0000  0.0000  0.0000  0.0000
      3pz      0.0000  0.0000  0.0000  0.0000  0.0000  0.0000  0.0000  0.0000  0.0000  0.0000  0.0000  0.0000
      3py      0.0000  0.0000  0.0000  0.0000  0.0000  0.0000  0.0000  0.0000  0.0000  0.0000  0.0000  0.0000
      4s       0.0000  0.0000  0.0000  0.0000  0.0000  0.0000  0.0000  0.0000  0.0000  0.0000  0.0000  0.0000
      3d2+     0.0000  0.0000  0.0000  0.0000  0.0000  0.0000  0.0000  0.0000  0.0000  0.0000  0.0000  0.0000
      3d1+     0.0000  0.0000  0.0000  0.0000  0.0000  0.0000  0.0000  0.0000  0.0000  0.0000  0.0000  0.0000
      3d0      0.0000  0.0000  0.0000  0.0000  0.0000  0.0000  0.0000  0.0000  0.0000  0.0000  0.0000  0.0000
      3d1-     0.0000  0.0000  0.0000  0.0000  0.0000  0.0000  0.0000  0.0000  0.0000  0.0000  0.0000  0.0000
      3d2-     0.0000  0.0000  0.0000  0.0000  0.0000  0.0000  0.0000  0.0000  0.0000  0.0000  0.0000  0.0000
      *s      -0.0080 -0.0082 -0.0024  0.0009  0.0010 -0.0026 -0.0086 -0.0086 -0.0026  0.0010  0.0009 -0.0024
      *px     -0.0003  0.0002 -0.0002 -0.0001  0.0001 -0.0003  0.0003  0.0001 -0.0002 -0.0002  0.0001 -0.0001
      *pz     -0.0022 -0.0023  0.0002  0.0037  0.0030 -0.0001  0.0027  0.0026 -0.0002  0.0030  0.0037  0.0002
      *py      0.0003 -0.0003 -0.0005  0.0001 -0.0001 -0.0008  0.0001  0.0003 -0.0009  0.0001 -0.0001 -0.0006
      *d2+     0.0002  0.0000 -0.0000  0.0000  0.0000  0.0000  0.0001 -0.0000  0.0000  0.0000  0.0000 -0.0000
      *d1+     0.0001  0.0001  0.0005  0.0000  0.0000  0.0000  0.0001  0.0003  0.0004  0.0000  0.0000 -0.0000
      *d0      0.0008  0.0008  0.0000  0.0000  0.0000  0.0001  0.0008  0.0008  0.0001  0.0000  0.0000  0.0000
      *d1-     0.0001  0.0001  0.0002  0.0000  0.0000  0.0006  0.0002 -0.0000  0.0002  0.0000  0.0000  0.0006
      *d2-    -0.0000  0.0002 -0.0000  0.0000 -0.0000  0.0000  0.0000  0.0002 -0.0000 -0.0000  0.0000 -0.0000
      *f3+     0.0000  0.0000  0.0000  0.0000 -0.0000  0.0000  0.0000  0.0000  0.0000 -0.0000  0.0000  0.0000
      *f2+     0.0000  0.0000  0.0000  0.0000  0.0000  0.0000  0.0000  0.0000  0.0000  0.0000  0.0000  0.0000
      *f1+     0.0000  0.0000  0.0000  0.0000  0.0000  0.0000  0.0000  0.0000  0.0000  0.0000  0.0000  0.0000
      *f0      0.0000  0.0000  0.0000 -0.0000 -0.0000  0.0000  0.0000  0.0000  0.0000 -0.0000 -0.0000  0.0000
      *f1-     0.0000  0.0000  0.0000  0.0000  0.0000  0.0000  0.0000  0.0000  0.0000  0.0000  0.0000  0.0000
      *f2-    -0.0000  0.0000  0.0000  0.0000  0.0000  0.0000  0.0000  0.0000  0.0000  0.0000  0.0000  0.0000
      *f3-    -0.0000 -0.0000 -0.0000  0.0000  0.0000  0.0000  0.0000  0.0000  0.0000  0.0000  0.0000  0.0000
      Total   -0.0081 -0.0086 -0.0017  0.0062  0.0052 -0.0028 -0.0012 -0.0013 -0.0028  0.0052  0.0062 -0.0018

                H25     H26     H27     H28     H29     H30     H31     H32     H33     H34     H35     H36   
      1s       0.0001  0.0000  0.0000  0.0000  0.0000  0.0000  0.0001  0.0001  0.0000  0.0000  0.0000  0.0000
      2s       0.0000  0.0000  0.0000  0.0000  0.0000  0.0000  0.0000  0.0000  0.0000  0.0000  0.0000  0.0000
      2px      0.0000  0.0000  0.0000  0.0000  0.0000  0.0000  0.0000  0.0000  0.0000  0.0000  0.0000  0.0000
      2pz      0.0000  0.0000  0.0000  0.0000  0.0000  0.0000  0.0000  0.0000  0.0000  0.0000  0.0000  0.0000
      2py      0.0000  0.0000  0.0000  0.0000  0.0000  0.0000  0.0000  0.0000  0.0000  0.0000  0.0000  0.0000
      3s       0.0000  0.0000  0.0000  0.0000  0.0000  0.0000  0.0000  0.0000  0.0000  0.0000  0.0000  0.0000
      3px      0.0000  0.0000  0.0000  0.0000  0.0000  0.0000  0.0000  0.0000  0.0000  0.0000  0.0000  0.0000
      3pz      0.0000  0.0000  0.0000  0.0000  0.0000  0.0000  0.0000  0.0000  0.0000  0.0000  0.0000  0.0000
      3py      0.0000  0.0000  0.0000  0.0000  0.0000  0.0000  0.0000  0.0000  0.0000  0.0000  0.0000  0.0000
      4s       0.0000  0.0000  0.0000  0.0000  0.0000  0.0000  0.0000  0.0000  0.0000  0.0000  0.0000  0.0000
      3d2+     0.0000  0.0000  0.0000  0.0000  0.0000  0.0000  0.0000  0.0000  0.0000  0.0000  0.0000  0.0000
      3d1+     0.0000  0.0000  0.0000  0.0000  0.0000  0.0000  0.0000  0.0000  0.0000  0.0000  0.0000  0.0000
      3d0      0.0000  0.0000  0.0000  0.0000  0.0000  0.0000  0.0000  0.0000  0.0000  0.0000  0.0000  0.0000
      3d1-     0.0000  0.0000  0.0000  0.0000  0.0000  0.0000  0.0000  0.0000  0.0000  0.0000  0.0000  0.0000
      3d2-     0.0000  0.0000  0.0000  0.0000  0.0000  0.0000  0.0000  0.0000  0.0000  0.0000  0.0000  0.0000
      *s      -0.0007 -0.0007 -0.0000 -0.0000 -0.0000 -0.0000 -0.0008 -0.0008 -0.0000 -0.0000 -0.0000 -0.0000
      *px      0.0000  0.0000  0.0000  0.0000  0.0000  0.0000  0.0000  0.0000  0.0000  0.0000  0.0000  0.0000
      *pz      0.0000  0.0000  0.0000  0.0000  0.0000  0.0000  0.0001  0.0001  0.0000  0.0000  0.0000  0.0000
      *py      0.0000  0.0000  0.0000  0.0000  0.0000 -0.0000  0.0000  0.0000  0.0000  0.0000  0.0000  0.0000
      *d2+     0.0000  0.0000  0.0000  0.0000  0.0000  0.0000  0.0000  0.0000  0.0000  0.0000  0.0000  0.0000
      *d1+     0.0000  0.0000  0.0000  0.0000  0.0000  0.0000  0.0000  0.0000  0.0000  0.0000  0.0000  0.0000
      *d0      0.0000  0.0000  0.0000  0.0000  0.0000  0.0000  0.0000  0.0000  0.0000  0.0000  0.0000  0.0000
      *d1-     0.0000  0.0000  0.0000  0.0000  0.0000  0.0000  0.0000  0.0000  0.0000  0.0000  0.0000  0.0000
      *d2-     0.0000  0.0000  0.0000  0.0000  0.0000  0.0000  0.0000  0.0000  0.0000  0.0000  0.0000  0.0000
      *f3+     0.0000  0.0000  0.0000  0.0000  0.0000  0.0000  0.0000  0.0000  0.0000  0.0000  0.0000  0.0000
      *f2+     0.0000  0.0000  0.0000  0.0000  0.0000  0.0000  0.0000  0.0000  0.0000  0.0000  0.0000  0.0000
      *f1+     0.0000  0.0000  0.0000  0.0000  0.0000  0.0000  0.0000  0.0000  0.0000  0.0000  0.0000  0.0000
      *f0      0.0000  0.0000  0.0000  0.0000  0.0000  0.0000  0.0000  0.0000  0.0000  0.0000  0.0000  0.0000
      *f1-     0.0000  0.0000  0.0000  0.0000  0.0000  0.0000  0.0000  0.0000  0.0000  0.0000  0.0000  0.0000
      *f2-     0.0000  0.0000  0.0000  0.0000  0.0000  0.0000  0.0000  0.0000  0.0000  0.0000  0.0000  0.0000
      *f3-     0.0000  0.0000  0.0000  0.0000  0.0000  0.0000  0.0000  0.0000  0.0000  0.0000  0.0000  0.0000
      Total   -0.0006 -0.0006 -0.0000  0.0000  0.0000  0.0000 -0.0006 -0.0006  0.0000  0.0000  0.0000 -0.0000

                NI37    NI38  
      1s       0.0000  0.0000
      2s       0.0000  0.0000
      2px      0.0000  0.0000
      2pz      0.0000  0.0000
      2py      0.0000  0.0000
      3s       0.0026  0.0028
      3px      0.0000  0.0001
      3pz      0.0010  0.0011
      3py      0.0000  0.0001
      4s      -0.0044 -0.0048
      3d2+     0.0115  0.0057
      3d1+     0.0749  0.2178
      3d0      0.0004  0.0006
      3d1-     0.2047  0.0768
      3d2-     0.0040  0.0019
      *s       0.3967  0.4302
      *px      0.0002  0.0010
      *pz      0.0188  0.0202
      *py     -0.0005  0.0004
      *d2+     0.0114  0.0059
      *d1+     0.0718  0.1946
      *d0      0.0006  0.0008
      *d1-     0.1979  0.0687
      *d2-     0.0038  0.0019
      *f3+     0.0000  0.0000
      *f2+     0.0000  0.0000
      *f1+     0.0000  0.0000
      *f0      0.0000  0.0000
      *f1-     0.0000  0.0000
      *f2-     0.0000  0.0000
      *f3-     0.0000  0.0000
      Total    0.9953  1.0259

      Total electronic spin=    2.000000
--



      Input file to MOLDEN was generated!


      Input file to MOLDEN was generated!


      Input file to MOLDEN was generated!


      Input file to MOLDEN was generated!


      Input file to MOLDEN was generated!


      Input file to MOLDEN was generated!

      Canonical orbitals are written to the RASORB file
      Natural orbitals for root   1 are written to the RASORB.1 file
      Natural orbitals for root   2 are written to the RASORB.2 file
      Natural orbitals for root   3 are written to the RASORB.3 file
      Natural orbitals for root   4 are written to the RASORB.4 file
      Natural orbitals for root   5 are written to the RASORB.5 file
      Spin density orbitals for root   1 are written to the SPDORB.1 file
      Spin density orbitals for root   2 are written to the SPDORB.2 file
      Spin density orbitals for root   3 are written to the SPDORB.3 file
      Spin density orbitals for root   4 are written to the SPDORB.4 file
      Spin density orbitals for root   5 are written to the SPDORB.5 file

Note: The following floating-point exceptions are signalling: IEEE_UNDERFLOW_FLAG IEEE_DENORMAL
--- Stop Module: rasscf at Wed Jul  1 18:36:53 2026 /rc=_RC_ALL_IS_WELL_ ---
*** files: caspt2xms_T.rasscf.molden caspt2xms_T.rasscf.molden.1 caspt2xms_T.rasscf.molden.2 caspt2xms_T.rasscf.molden.3 caspt2xms_T.rasscf.molden.4 caspt2xms_T.rasscf.molden.5
           caspt2xms_T.RasOrb caspt2xms_T.RasOrb.1 caspt2xms_T.RasOrb.2 caspt2xms_T.RasOrb.3 caspt2xms_T.RasOrb.4 caspt2xms_T.RasOrb.5 caspt2xms_T.rasscf.h5 caspt2xms_T.SpdOrb.1
           caspt2xms_T.SpdOrb.2 caspt2xms_T.SpdOrb.3 caspt2xms_T.SpdOrb.4 caspt2xms_T.SpdOrb.5 xmldump
    saved to directory <scratch-path-omitted>
--- Module rasscf spent 44 minutes 36 seconds ---

*** symbolic link created: INPORB -> caspt2xms_T.RasOrb
--- Start Module: caspt2 at Wed Jul  1 18:36:54 2026 ---

()()()()()()()()()()()()()()()()()()()()()()()()()()()()()()()()()()()()()()()()()()()()()()()()()()

                                              &CASPT2

                       only a single process is used, running in SERIAL mode
                       available to each process: 12 GB of memory, 1 thread?
                                            pid: 3386522
()()()()()()()()()()()()()()()()()()()()()()()()()()()()()()()()()()()()()()()()()()()()()()()()()()


++    Wave function specifications:
      -----------------------------

      Number of closed shell electrons         128
      Number of electrons in active shells      12
      Max number of holes in RAS1 space          0
      Max number of electrons in RAS3 space      0
      Number of inactive orbitals               64
      Number of active orbitals                 12
      Number of secondary orbitals             794
      Spin quantum number                      1.0
      State symmetry                             1
      Number of CSFs                        382239
      Number of CASSCF root(s) available         5
      CASPT2 state passed to geometry opt.       5
      A file JOBMIX will be created
      This is a MULTI-STATE CASSCF reference
      Number of CI roots used                    5
      These are:                                 1   2   3   4   5
      Off-diagonal elements of Heff are computed
--

++    Orbital specifications:
      -----------------------

      Symmetry species                           1
                                                 a
      Frozen orbitals                           36
      Inactive orbitals                         64
      Active orbitals                           12
      Secondary orbitals                       794
      Deleted orbitals                           0
      Number of basis functions                906
--

++    CASPT2 specifications:
      ----------------------

      Type of calculation                        XMS-CASPT2
      Fock operator                              state-average
      IPEA shift                                 0.25
      Real shift                                 0.00
      Imaginary shift                            0.20
      The input orbitals will be transformed to quasi-canonical
      The input states will be rotated to diagonalize the Fock operator
--

--------------------------------------------------------------------------------
 Estimated memory requirements:
  POLY3 :                 91611449
  RHS:                  1316236000
  SIGMA :               1313208400
  PRPCTL:                        0
 Available workspace:   1348242150

++ CASPT2 computation for group   1

********************************************************************************
 Multi-State initialization phase begins for group   1
--------------------------------------------------------------------------------

  H0 in the original model space basis:
                1               2               3               4               5
   1     -121.34084970      0.00204078     -0.00002837     -0.00023729     -0.00037196
   2        0.00204078   -121.34395316      0.00005519      0.00005147      0.00012269
   3       -0.00002837      0.00005519   -121.34131526      0.00003226     -0.00004838
   4       -0.00023729      0.00005147      0.00003226   -121.10549969     -0.00013369
   5       -0.00037196      0.00012269     -0.00004838     -0.00013369   -121.10561695

  H0 eigenvectors:
                1               2               3               4               5
   1        0.89586070     -0.44427606     -0.00699255      0.00001971     -0.00187152
   2        0.44433225      0.89572763      0.01551029     -0.00010053      0.00053319
   3       -0.00062756     -0.01700195      0.99985523      0.00022664     -0.00009666
   4        0.00081030     -0.00063110     -0.00014709      0.83709401      0.54705807
   5        0.00119027     -0.00115335      0.00018606     -0.54705900      0.83709239

********************************************************************************
 Compute H0 matrices for state    1
--------------------------------------------------------------------------------
--------------------------------------------------------------------------------
 H0 matrices have been computed.

********************************************************************************
  CASPT2 EQUATION SOLUTION
--------------------------------------------------------------------------------

  Total nr of CASPT2 parameters:
   Before reduction:  1876168956
   After  reduction:  1876168956

 Variance of |WF0>:      23.3508728794

 The contributions to the second order correlation energy in atomic units.
-----------------------------------------------------------------------------------------------------------------------------
  IT.      VJTU        VJTI        ATVX        AIVX        VJAI        BVAT        BJAT        BJAI        TOTAL       RNORM  
-----------------------------------------------------------------------------------------------------------------------------
   1    -0.031906   -0.030008   -0.013911   -0.136146   -0.387094   -0.094901   -0.749418   -3.515338   -4.958721    0.012003
   2    -0.032969   -0.030117   -0.014054   -0.136933   -0.387458   -0.095222   -0.750698   -3.516075   -4.963527    0.001966
   3    -0.033011   -0.030126   -0.014067   -0.136943   -0.387476   -0.095261   -0.750808   -3.516125   -4.963818    0.000261
   4    -0.033022   -0.030124   -0.014064   -0.136922   -0.387466   -0.095255   -0.750767   -3.516100   -4.963722    0.000035
   5    -0.033023   -0.030124   -0.014064   -0.136921   -0.387466   -0.095255   -0.750766   -3.516100   -4.963719    0.000005
-----------------------------------------------------------------------------------------------------------------------------

  FINAL CASPT2 RESULT:

      Reference energy:       -3929.6948898884
      E2 (Non-variational):      -4.9637208237
      Shift correction:          -0.0339588792
      E2 (Variational):          -4.9976797029
      Total energy:           -3934.6925695913
      Residual norm:              0.0000007204
      Reference weight:           0.38070

      Contributions to the CASPT2 correlation energy
      Active & Virtual Only:         -0.1093192003
      One Inactive Excited:          -0.9207110957
      Two Inactive Excited:          -3.9336905278


++ Denominators, etc.
--------------------------------------------------------------------------------------------------------------
 Report on small energy denominators, large coefficients, and large energy contributions.
CASE  SYMM ACTIVE-MIX  NON-ACTIVE INDICES          DENOMINATOR     RHS VALUE       COEFFICIENT     CONTRIBUTION
VJTU     1  Mu1.0003  In1.073                       0.51994158      0.02106967     -0.03342094     -0.00070417
VJTU     1  Mu1.0001  In1.092                       0.27301407      0.00404573     -0.00892119     -0.00003609
VJTU     1  Mu1.0003  In1.092                       0.32348408      0.03085992     -0.06436623     -0.00198634
VJTU     1  Mu1.0001  In1.093                       0.26614892      0.00037277     -0.00083670     -0.00000031
VJTU     1  Mu1.0172  In1.093                       0.76246167     -0.02006682      0.02618696     -0.00052549
VJTU     1  Mu1.0001  In1.094                       0.26407632      0.00066879     -0.00150200     -0.00000100
VJTU     1  Mu1.0001  In1.095                       0.26383336     -0.00016040      0.00031603     -0.00000005
VJTU     1  Mu1.0001  In1.096                       0.25867308     -0.00938908      0.02121029     -0.00019915
VJTU     1  Mu1.0002  In1.096                       0.29947479      0.00554911     -0.01222779     -0.00006785
VJTU     1  Mu1.0003  In1.096                       0.30914310     -0.07195915      0.15498266     -0.01115242
VJTU     1  Mu1.0312  In1.096                       0.89400575     -0.02542037      0.02679343     -0.00068110
VJTU     1  Mu1.0001  In1.097                       0.24538668     -0.00008152      0.00018045     -0.00000001
VJTU     1  Mu1.0002  In1.097                       0.28618840      0.00073572     -0.00175036     -0.00000129
VJTU     1  Mu1.0003  In1.097                       0.29585670     -0.00068722      0.00147266     -0.00000101
VJTU     1  Mu1.0001  In1.098                       0.23682311     -0.00009899      0.00020553     -0.00000002
VJTU     1  Mu1.0002  In1.098                       0.27762482      0.00022146     -0.00053321     -0.00000012
VJTU     1  Mu1.0003  In1.098                       0.28729313     -0.00077250      0.00158400     -0.00000122
VJTU     1  Mu1.0004  In1.098                       0.29271123     -0.00021432      0.00056630     -0.00000012
VJTU     1  Mu1.0001  In1.099                       0.22807564     -0.00355377      0.00804135     -0.00002858
VJTU     1  Mu1.0002  In1.099                       0.26887735      0.00197385     -0.00445476     -0.00000879
VJTU     1  Mu1.0003  In1.099                       0.27854566     -0.02692382      0.05945881     -0.00160086
VJTU     1  Mu1.0004  In1.099                       0.28396376      0.00307230     -0.00666250     -0.00002047
VJTU     1  Mu1.0001  In1.100                       0.20541771      0.00015236     -0.00038756     -0.00000006
VJTU     1  Mu1.0002  In1.100                       0.24621942      0.00002685     -0.00009102     -0.00000000
VJTU     1  Mu1.0003  In1.100                       0.25588773      0.00115403     -0.00282899     -0.00000326
VJTU     1  Mu1.0004  In1.100                       0.26130583     -0.00033932      0.00086977     -0.00000030
VJTIP    1  Mu1.0025  In1.100 In1.100               0.86062614      0.02803666     -0.03095781     -0.00086795
VJTIM    1  Mu1.0013  In1.100 In1.088               0.92569332     -0.02396610      0.02543100     -0.00060948
ATVX     1  Mu1.0001  Se1.113                       0.07111886     -0.00000035      0.00000384     -0.00000000
ATVX     1  Mu1.0002  Se1.113                       0.08160703      0.00000324     -0.00001345     -0.00000000
ATVX     1  Mu1.0003  Se1.113                       0.10361931      0.00000301      0.00002964      0.00000000
ATVX     1  Mu1.0004  Se1.113                       0.12591351      0.00020196     -0.00006082     -0.00000001
ATVX     1  Mu1.0005  Se1.113                       0.15103424      0.00027580     -0.00084166     -0.00000023
ATVX     1  Mu1.0006  Se1.113                       0.17081081      0.00013569     -0.00037913     -0.00000005
ATVX     1  Mu1.0007  Se1.113                       0.17755658     -0.00052463      0.00139675     -0.00000073
ATVX     1  Mu1.0008  Se1.113                       0.19252383      0.00090963     -0.00288935     -0.00000263
ATVX     1  Mu1.0009  Se1.113                       0.19899200      0.00013076     -0.00041429     -0.00000005
ATVX     1  Mu1.0010  Se1.113                       0.21115377      0.00001320     -0.00004878     -0.00000000
ATVX     1  Mu1.0011  Se1.113                       0.21648888     -0.00000200      0.00000567     -0.00000000
ATVX     1  Mu1.0012  Se1.113                       0.22167656     -0.00001161      0.00003542     -0.00000000
ATVX     1  Mu1.0013  Se1.113                       0.22334714     -0.00000999      0.00002654     -0.00000000
ATVX     1  Mu1.0014  Se1.113                       0.24236439      0.00193702     -0.00484998     -0.00000939
ATVX     1  Mu1.0015  Se1.113                       0.25392538      0.00102418     -0.00242354     -0.00000248
ATVX     1  Mu1.0016  Se1.113                       0.27348336      0.00000089     -0.00000156     -0.00000000
ATVX     1  Mu1.0017  Se1.113                       0.27745613     -0.00005675      0.00017786     -0.00000001
ATVX     1  Mu1.0018  Se1.113                       0.27855359      0.00001434     -0.00004685     -0.00000000
ATVX     1  Mu1.0019  Se1.113                       0.28093601     -0.00002865      0.00008179     -0.00000000
ATVX     1  Mu1.0020  Se1.113                       0.28138224     -0.00000339      0.00000477     -0.00000000
ATVX     1  Mu1.0021  Se1.113                       0.28402637     -0.00000411      0.00000910     -0.00000000
ATVX     1  Mu1.0022  Se1.113                       0.28476056     -0.00003498      0.00008347     -0.00000000
ATVX     1  Mu1.0023  Se1.113                       0.28529731      0.00011185     -0.00025317     -0.00000003
ATVX     1  Mu1.0001  Se1.114                       0.10477072      0.00000677     -0.00001643     -0.00000000
ATVX     1  Mu1.0002  Se1.114                       0.11525888     -0.00000110      0.00000177     -0.00000000
ATVX     1  Mu1.0003  Se1.114                       0.13727116      0.00001206     -0.00002960     -0.00000000
ATVX     1  Mu1.0004  Se1.114                       0.15956536      0.00001401     -0.00003807     -0.00000000
ATVX     1  Mu1.0005  Se1.114                       0.18468609      0.00000028     -0.00000260     -0.00000000
ATVX     1  Mu1.0006  Se1.114                       0.20446266     -0.00000398      0.00001058     -0.00000000
ATVX     1  Mu1.0007  Se1.114                       0.21120844      0.00000546     -0.00001198     -0.00000000
ATVX     1  Mu1.0008  Se1.114                       0.22617569      0.00005689     -0.00015229     -0.00000001
ATVX     1  Mu1.0009  Se1.114                       0.23264385     -0.00000931      0.00002256     -0.00000000
ATVX     1  Mu1.0010  Se1.114                       0.24480563     -0.00000346      0.00000835     -0.00000000
ATVX     1  Mu1.0011  Se1.114                       0.25014074      0.00021837     -0.00058750     -0.00000013
ATVX     1  Mu1.0012  Se1.114                       0.25532841     -0.00000430      0.00001139     -0.00000000
ATVX     1  Mu1.0013  Se1.114                       0.25699899     -0.00000106      0.00000359     -0.00000000
ATVX     1  Mu1.0014  Se1.114                       0.27601625     -0.00000717      0.00001763     -0.00000000
ATVX     1  Mu1.0015  Se1.114                       0.28757723      0.00001338     -0.00003106     -0.00000000
ATVX     1  Mu1.0001  Se1.115                       0.10891335     -0.00015249      0.00036601     -0.00000006
ATVX     1  Mu1.0002  Se1.115                       0.11940152     -0.00001926      0.00003848     -0.00000000
ATVX     1  Mu1.0003  Se1.115                       0.14141380      0.00001895     -0.00002030     -0.00000000
ATVX     1  Mu1.0004  Se1.115                       0.16370800     -0.00032337      0.00140995     -0.00000046
ATVX     1  Mu1.0005  Se1.115                       0.18882873      0.00004302     -0.00004950     -0.00000000
ATVX     1  Mu1.0006  Se1.115                       0.20860530      0.00009614     -0.00028568     -0.00000003
ATVX     1  Mu1.0007  Se1.115                       0.21535108     -0.00042061      0.00125892     -0.00000053
ATVX     1  Mu1.0008  Se1.115                       0.23031833      0.00067184     -0.00164173     -0.00000110
ATVX     1  Mu1.0009  Se1.115                       0.23678649      0.00009176     -0.00022286     -0.00000002
ATVX     1  Mu1.0010  Se1.115                       0.24894826      0.00002208     -0.00005753     -0.00000000
ATVX     1  Mu1.0011  Se1.115                       0.25428337      0.00000176     -0.00000443     -0.00000000
ATVX     1  Mu1.0012  Se1.115                       0.25947105     -0.00001061      0.00002519     -0.00000000
ATVX     1  Mu1.0013  Se1.115                       0.26114163     -0.00000361      0.00000850     -0.00000000
ATVX     1  Mu1.0014  Se1.115                       0.28015888      0.00060306     -0.00136345     -0.00000082
ATVX     1  Mu1.0015  Se1.115                       0.29171987      0.00005761     -0.00003336     -0.00000000
ATVX     1  Mu1.0001  Se1.116                       0.11416155     -0.00000392      0.00004914     -0.00000000
ATVX     1  Mu1.0002  Se1.116                       0.12464972     -0.00006157     -0.00022738      0.00000001
ATVX     1  Mu1.0003  Se1.116                       0.14666200      0.00116537     -0.00216964     -0.00000253
ATVX     1  Mu1.0004  Se1.116                       0.16895620     -0.00000386      0.00002287     -0.00000000
ATVX     1  Mu1.0005  Se1.116                       0.19407693      0.00001925     -0.00006494     -0.00000000
ATVX     1  Mu1.0006  Se1.116                       0.21385350     -0.00023236      0.00071768     -0.00000017
ATVX     1  Mu1.0007  Se1.116                       0.22059928     -0.00007750      0.00023318     -0.00000002
ATVX     1  Mu1.0008  Se1.116                       0.23556653      0.00016336     -0.00044700     -0.00000007
ATVX     1  Mu1.0009  Se1.116                       0.24203469     -0.00112780      0.00303630     -0.00000342
ATVX     1  Mu1.0010  Se1.116                       0.25419646      0.00047721     -0.00122484     -0.00000058
ATVX     1  Mu1.0011  Se1.116                       0.25953157     -0.00000259      0.00000665     -0.00000000
ATVX     1  Mu1.0012  Se1.116                       0.26471925      0.00019885     -0.00055022     -0.00000011
ATVX     1  Mu1.0013  Se1.116                       0.26638983      0.00003270     -0.00008820     -0.00000000
ATVX     1  Mu1.0014  Se1.116                       0.28540708     -0.00002006      0.00004866     -0.00000000
ATVX     1  Mu1.0015  Se1.116                       0.29696807      0.00002772     -0.00006465     -0.00000000
ATVX     1  Mu1.0001  Se1.117                       0.11737627     -0.00000037      0.00000085     -0.00000000
ATVX     1  Mu1.0002  Se1.117                       0.12786444      0.00000084     -0.00000197     -0.00000000
ATVX     1  Mu1.0003  Se1.117                       0.14987672     -0.00000190      0.00000511     -0.00000000
ATVX     1  Mu1.0004  Se1.117                       0.17217092     -0.00000058      0.00000177     -0.00000000
ATVX     1  Mu1.0005  Se1.117                       0.19729165      0.00000011     -0.00000026     -0.00000000
ATVX     1  Mu1.0006  Se1.117                       0.21706822     -0.00000207      0.00000520     -0.00000000
ATVX     1  Mu1.0007  Se1.117                       0.22381400     -0.00000018      0.00000038     -0.00000000
ATVX     1  Mu1.0008  Se1.117                       0.23878125     -0.00000017     -0.00000039      0.00000000
ATVX     1  Mu1.0009  Se1.117                       0.24524941      0.00000040      0.00000048      0.00000000
ATVX     1  Mu1.0010  Se1.117                       0.25741118      0.00000089     -0.00000178     -0.00000000
ATVX     1  Mu1.0011  Se1.117                       0.26274629     -0.00000386      0.00000957     -0.00000000
ATVX     1  Mu1.0012  Se1.117                       0.26793397     -0.00000170      0.00000551     -0.00000000
ATVX     1  Mu1.0013  Se1.117                       0.26960455      0.00000037     -0.00000263     -0.00000000
ATVX     1  Mu1.0014  Se1.117                       0.28862180     -0.00000156      0.00000381     -0.00000000
ATVX     1  Mu1.0001  Se1.118                       0.12656953     -0.00014941      0.00036711     -0.00000005
ATVX     1  Mu1.0002  Se1.118                       0.13705769     -0.00001813      0.00004554     -0.00000000
ATVX     1  Mu1.0003  Se1.118                       0.15906997     -0.00000200      0.00000828     -0.00000000
ATVX     1  Mu1.0004  Se1.118                       0.18136417     -0.00030825      0.00108278     -0.00000033
ATVX     1  Mu1.0005  Se1.118                       0.20648490      0.00006103     -0.00007462     -0.00000000
ATVX     1  Mu1.0006  Se1.118                       0.22626148      0.00008714     -0.00026041     -0.00000002
ATVX     1  Mu1.0007  Se1.118                       0.23300725     -0.00034475      0.00106951     -0.00000037
ATVX     1  Mu1.0008  Se1.118                       0.24797450      0.00050003     -0.00085467     -0.00000043
ATVX     1  Mu1.0009  Se1.118                       0.25444266      0.00008664     -0.00017223     -0.00000001
ATVX     1  Mu1.0010  Se1.118                       0.26660444      0.00000923     -0.00002307     -0.00000000
ATVX     1  Mu1.0011  Se1.118                       0.27193955      0.00000193     -0.00000478     -0.00000000
ATVX     1  Mu1.0012  Se1.118                       0.27712722     -0.00001221      0.00002339     -0.00000000
ATVX     1  Mu1.0013  Se1.118                       0.27879780     -0.00000377      0.00000789     -0.00000000
ATVX     1  Mu1.0014  Se1.118                       0.29781506      0.00053700     -0.00118398     -0.00000064
ATVX     1  Mu1.0001  Se1.119                       0.12688794      0.00000355     -0.00000928     -0.00000000
ATVX     1  Mu1.0002  Se1.119                       0.13737611     -0.00000010      0.00000020     -0.00000000
ATVX     1  Mu1.0003  Se1.119                       0.15938839      0.00000343     -0.00000909     -0.00000000
ATVX     1  Mu1.0004  Se1.119                       0.18168259      0.00000904     -0.00002604     -0.00000000
ATVX     1  Mu1.0005  Se1.119                       0.20680332     -0.00000213      0.00000619     -0.00000000
ATVX     1  Mu1.0006  Se1.119                       0.22657989     -0.00000198      0.00000470     -0.00000000
ATVX     1  Mu1.0007  Se1.119                       0.23332567      0.00000269     -0.00000637     -0.00000000
ATVX     1  Mu1.0008  Se1.119                       0.24829292      0.00000017      0.00000344      0.00000000
ATVX     1  Mu1.0009  Se1.119                       0.25476108     -0.00000078      0.00000071     -0.00000000
ATVX     1  Mu1.0010  Se1.119                       0.26692285     -0.00000033     -0.00000002      0.00000000
ATVX     1  Mu1.0011  Se1.119                       0.27225796      0.00005420     -0.00013606     -0.00000001
ATVX     1  Mu1.0012  Se1.119                       0.27744564      0.00000034     -0.00000133     -0.00000000
ATVX     1  Mu1.0013  Se1.119                       0.27911622      0.00000080     -0.00000175     -0.00000000
ATVX     1  Mu1.0014  Se1.119                       0.29813347     -0.00000552      0.00001270     -0.00000000
ATVX     1  Mu1.0001  Se1.120                       0.13307138     -0.00000083      0.00000199     -0.00000000
ATVX     1  Mu1.0002  Se1.120                       0.14355955      0.00000229     -0.00000544     -0.00000000
ATVX     1  Mu1.0003  Se1.120                       0.16557183     -0.00000640      0.00001696     -0.00000000
ATVX     1  Mu1.0004  Se1.120                       0.18786603     -0.00000228      0.00000652     -0.00000000
ATVX     1  Mu1.0005  Se1.120                       0.21298676      0.00000021     -0.00000059     -0.00000000
ATVX     1  Mu1.0006  Se1.120                       0.23276333     -0.00000454      0.00001189     -0.00000000
ATVX     1  Mu1.0007  Se1.120                       0.23950910     -0.00000101      0.00000245     -0.00000000
ATVX     1  Mu1.0008  Se1.120                       0.25447635      0.00000007     -0.00000252     -0.00000000
ATVX     1  Mu1.0009  Se1.120                       0.26094451     -0.00000066      0.00000668     -0.00000000
ATVX     1  Mu1.0010  Se1.120                       0.27310629      0.00000067     -0.00000010     -0.00000000
ATVX     1  Mu1.0011  Se1.120                       0.27844140     -0.00000575      0.00001368     -0.00000000
ATVX     1  Mu1.0012  Se1.120                       0.28362908     -0.00000578      0.00001751     -0.00000000
ATVX     1  Mu1.0013  Se1.120                       0.28529966      0.00001315     -0.00003598     -0.00000000
ATVX     1  Mu1.0001  Se1.121                       0.14307138     -0.00000226      0.00000549     -0.00000000
ATVX     1  Mu1.0002  Se1.121                       0.15355955      0.00000979     -0.00002345     -0.00000000
ATVX     1  Mu1.0003  Se1.121                       0.17557183     -0.00003266      0.00008347     -0.00000000
ATVX     1  Mu1.0004  Se1.121                       0.19786603     -0.00000760      0.00002042     -0.00000000
ATVX     1  Mu1.0005  Se1.121                       0.22298676      0.00000258     -0.00000689     -0.00000000
ATVX     1  Mu1.0006  Se1.121                       0.24276333     -0.00001701      0.00004525     -0.00000000
ATVX     1  Mu1.0007  Se1.121                       0.24950910     -0.00000457      0.00001183     -0.00000000
ATVX     1  Mu1.0008  Se1.121                       0.26447635      0.00002375     -0.00006597     -0.00000000
ATVX     1  Mu1.0009  Se1.121                       0.27094452     -0.00004724      0.00012835     -0.00000001
ATVX     1  Mu1.0010  Se1.121                       0.28310629     -0.00003041      0.00007931     -0.00000000
ATVX     1  Mu1.0011  Se1.121                       0.28844140     -0.00000665      0.00001476     -0.00000000
ATVX     1  Mu1.0012  Se1.121                       0.29362908     -0.00004795      0.00012172     -0.00000001
ATVX     1  Mu1.0013  Se1.121                       0.29529966      0.00013502     -0.00031730     -0.00000004
ATVX     1  Mu1.0001  Se1.122                       0.15135525     -0.00000307      0.00002921     -0.00000000
ATVX     1  Mu1.0002  Se1.122                       0.16184341     -0.00003853     -0.00009095      0.00000000
ATVX     1  Mu1.0003  Se1.122                       0.18385569      0.00063950     -0.00134294     -0.00000086
ATVX     1  Mu1.0004  Se1.122                       0.20614989     -0.00000205      0.00001409     -0.00000000
ATVX     1  Mu1.0005  Se1.122                       0.23127062      0.00001089     -0.00002410     -0.00000000
ATVX     1  Mu1.0006  Se1.122                       0.25104719     -0.00012134      0.00027258     -0.00000003
ATVX     1  Mu1.0007  Se1.122                       0.25779297     -0.00004529      0.00010446     -0.00000000
ATVX     1  Mu1.0008  Se1.122                       0.27276022      0.00009157     -0.00015260     -0.00000001
ATVX     1  Mu1.0009  Se1.122                       0.27922838     -0.00056609      0.00103989     -0.00000059
ATVX     1  Mu1.0010  Se1.122                       0.29139016      0.00030922     -0.00095826     -0.00000030
ATVX     1  Mu1.0011  Se1.122                       0.29672527     -0.00000208      0.00000474     -0.00000000
ATVX     1  Mu1.0001  Se1.123                       0.15235065     -0.00000064      0.00000179     -0.00000000
ATVX     1  Mu1.0002  Se1.123                       0.16283881     -0.00000034      0.00000080     -0.00000000
ATVX     1  Mu1.0003  Se1.123                       0.18485109      0.00000719     -0.00001622     -0.00000000
ATVX     1  Mu1.0004  Se1.123                       0.20714529      0.00000124     -0.00000136     -0.00000000
ATVX     1  Mu1.0005  Se1.123                       0.23226602     -0.00000126      0.00000292     -0.00000000
ATVX     1  Mu1.0006  Se1.123                       0.25204259     -0.00000626      0.00001504     -0.00000000
ATVX     1  Mu1.0007  Se1.123                       0.25878837      0.00000250     -0.00000694     -0.00000000
ATVX     1  Mu1.0008  Se1.123                       0.27375562     -0.00001511      0.00003183     -0.00000000
ATVX     1  Mu1.0009  Se1.123                       0.28022378      0.00002278     -0.00004711     -0.00000000
ATVX     1  Mu1.0010  Se1.123                       0.29238555      0.00002030     -0.00004459     -0.00000000
ATVX     1  Mu1.0011  Se1.123                       0.29772067     -0.00002723      0.00006463     -0.00000000
ATVX     1  Mu1.0001  Se1.124                       0.16031117     -0.00044938      0.00115392     -0.00000052
ATVX     1  Mu1.0002  Se1.124                       0.17079934     -0.00005396      0.00014348     -0.00000001
ATVX     1  Mu1.0003  Se1.124                       0.19281162      0.00000221     -0.00002038     -0.00000000
ATVX     1  Mu1.0004  Se1.124                       0.21510582     -0.00062240      0.00154555     -0.00000096
ATVX     1  Mu1.0005  Se1.124                       0.24022655      0.00028298     -0.00056460     -0.00000016
ATVX     1  Mu1.0006  Se1.124                       0.26000312      0.00020080     -0.00059851     -0.00000012
ATVX     1  Mu1.0007  Se1.124                       0.26674890     -0.00067478      0.00218295     -0.00000147
ATVX     1  Mu1.0008  Se1.124                       0.28171615      0.00158638     -0.00258629     -0.00000410
ATVX     1  Mu1.0009  Se1.124                       0.28818431      0.00025390     -0.00046789     -0.00000012
ATVX     1  Mu1.0001  Se1.125                       0.16236916      0.00000332     -0.00000939     -0.00000000
ATVX     1  Mu1.0002  Se1.125                       0.17285732     -0.00000003     -0.00000001      0.00000000
ATVX     1  Mu1.0003  Se1.125                       0.19486960      0.00000303     -0.00000823     -0.00000000
ATVX     1  Mu1.0004  Se1.125                       0.21716380      0.00000774     -0.00002133     -0.00000000
ATVX     1  Mu1.0005  Se1.125                       0.24228453     -0.00000337      0.00000956     -0.00000000
ATVX     1  Mu1.0006  Se1.125                       0.26206110     -0.00000172      0.00000403     -0.00000000
ATVX     1  Mu1.0007  Se1.125                       0.26880688     -0.00000039      0.00000172     -0.00000000
ATVX     1  Mu1.0008  Se1.125                       0.28377413     -0.00000269      0.00000928     -0.00000000
ATVX     1  Mu1.0009  Se1.125                       0.29024229     -0.00000052      0.00000087     -0.00000000
ATVX     1  Mu1.0001  Se1.126                       0.16774663     -0.00060815      0.00157434     -0.00000096
ATVX     1  Mu1.0002  Se1.126                       0.17823480     -0.00007327      0.00019491     -0.00000001
ATVX     1  Mu1.0003  Se1.126                       0.20024708      0.00001246     -0.00005473     -0.00000000
ATVX     1  Mu1.0004  Se1.126                       0.22254128     -0.00081922      0.00177647     -0.00000146
ATVX     1  Mu1.0005  Se1.126                       0.24766201      0.00030555     -0.00067606     -0.00000021
ATVX     1  Mu1.0006  Se1.126                       0.26743858      0.00027839     -0.00079362     -0.00000022
ATVX     1  Mu1.0007  Se1.126                       0.27418435     -0.00097937      0.00292658     -0.00000287
ATVX     1  Mu1.0008  Se1.126                       0.28915160      0.00200626     -0.00370024     -0.00000742
ATVX     1  Mu1.0009  Se1.126                       0.29561976      0.00031448     -0.00062688     -0.00000020
ATVX     1  Mu1.0001  Se1.127                       0.17930084      0.00000848     -0.00005478     -0.00000000
ATVX     1  Mu1.0002  Se1.127                       0.18978900      0.00001099      0.00026126      0.00000000
ATVX     1  Mu1.0003  Se1.127                       0.21180128     -0.00092185      0.00188257     -0.00000174
ATVX     1  Mu1.0004  Se1.127                       0.23409548     -0.00000040     -0.00001767      0.00000000
ATVX     1  Mu1.0005  Se1.127                       0.25921621     -0.00001482      0.00003258     -0.00000000
ATVX     1  Mu1.0006  Se1.127                       0.27899278      0.00020554     -0.00045873     -0.00000009
ATVX     1  Mu1.0007  Se1.127                       0.28573856      0.00007834     -0.00017432     -0.00000001
ATVX     1  Mu1.0001  Se1.128                       0.18106361      0.00000036     -0.00000077     -0.00000000
ATVX     1  Mu1.0002  Se1.128                       0.19155178     -0.00000253      0.00000592     -0.00000000
ATVX     1  Mu1.0003  Se1.128                       0.21356406      0.00001213     -0.00003283     -0.00000000
ATVX     1  Mu1.0004  Se1.128                       0.23585826      0.00000193     -0.00000398     -0.00000000
ATVX     1  Mu1.0005  Se1.128                       0.26097899     -0.00000033     -0.00000020      0.00000000
ATVX     1  Mu1.0006  Se1.128                       0.28075556     -0.00000221      0.00000906     -0.00000000
ATVX     1  Mu1.0007  Se1.128                       0.28750133     -0.00000009      0.00000031     -0.00000000
ATVX     1  Mu1.0001  Se1.129                       0.18922355     -0.00000760      0.00002270     -0.00000000
ATVX     1  Mu1.0002  Se1.129                       0.19971172     -0.00000010      0.00000057     -0.00000000
ATVX     1  Mu1.0003  Se1.129                       0.22172400     -0.00000659      0.00001814     -0.00000000
ATVX     1  Mu1.0004  Se1.129                       0.24401820     -0.00001211      0.00003333     -0.00000000
ATVX     1  Mu1.0005  Se1.129                       0.26913893      0.00001078     -0.00003137     -0.00000000
ATVX     1  Mu1.0006  Se1.129                       0.28891550      0.00000402     -0.00000840     -0.00000000
ATVX     1  Mu1.0007  Se1.129                       0.29566128      0.00000494     -0.00001560     -0.00000000
ATVX     1  Mu1.0001  Se1.130                       0.19250860     -0.00000383      0.00000592     -0.00000000
ATVX     1  Mu1.0002  Se1.130                       0.20299677     -0.00001683      0.00009811     -0.00000000
ATVX     1  Mu1.0003  Se1.130                       0.22500905      0.00030229     -0.00107712     -0.00000033
ATVX     1  Mu1.0004  Se1.130                       0.24730325     -0.00000744      0.00002405     -0.00000000
ATVX     1  Mu1.0005  Se1.130                       0.27242398      0.00000312     -0.00001677     -0.00000000
ATVX     1  Mu1.0006  Se1.130                       0.29220055     -0.00003555      0.00017890     -0.00000001
ATVX     1  Mu1.0007  Se1.130                       0.29894632     -0.00001987      0.00007848     -0.00000000
ATVX     1  Mu1.0001  Se1.131                       0.19422234      0.00000026     -0.00000066     -0.00000000
ATVX     1  Mu1.0002  Se1.131                       0.20471050     -0.00000070      0.00000203     -0.00000000
ATVX     1  Mu1.0003  Se1.131                       0.22672278      0.00000193     -0.00000624     -0.00000000
ATVX     1  Mu1.0004  Se1.131                       0.24901698      0.00000086     -0.00000221     -0.00000000
ATVX     1  Mu1.0005  Se1.131                       0.27413771      0.00000021     -0.00000075     -0.00000000
ATVX     1  Mu1.0006  Se1.131                       0.29391429     -0.00000072      0.00000252     -0.00000000
ATVX     1  Mu1.0001  Se1.132                       0.20131521     -0.00064977      0.00161362     -0.00000105
ATVX     1  Mu1.0002  Se1.132                       0.21180337     -0.00008452      0.00020697     -0.00000002
ATVX     1  Mu1.0003  Se1.132                       0.23381565      0.00010294     -0.00030214     -0.00000003
ATVX     1  Mu1.0004  Se1.132                       0.25610986     -0.00194111      0.00470520     -0.00000913
ATVX     1  Mu1.0005  Se1.132                       0.28123058      0.00022827     -0.00037608     -0.00000009
ATVX     1  Mu1.0001  Se1.133                       0.20199628      0.00006630     -0.00016201     -0.00000001
ATVX     1  Mu1.0002  Se1.133                       0.21248445     -0.00007732      0.00021679     -0.00000002
ATVX     1  Mu1.0003  Se1.133                       0.23449673      0.00093755     -0.00282852     -0.00000265
ATVX     1  Mu1.0004  Se1.133                       0.25679093      0.00019697     -0.00047225     -0.00000009
ATVX     1  Mu1.0005  Se1.133                       0.28191166     -0.00001802      0.00001996     -0.00000000
ATVX     1  Mu1.0001  Se1.134                       0.21263672     -0.00014510      0.00053014     -0.00000008
ATVX     1  Mu1.0002  Se1.134                       0.22312488     -0.00001772      0.00005678     -0.00000000
ATVX     1  Mu1.0003  Se1.134                       0.24513716     -0.00002764      0.00010647     -0.00000000
ATVX     1  Mu1.0004  Se1.134                       0.26743137     -0.00081073      0.00378428     -0.00000307
ATVX     1  Mu1.0005  Se1.134                       0.29255209     -0.00018878      0.00071187     -0.00000013
ATVX     1  Mu1.0001  Se1.135                       0.21916202     -0.00000042      0.00000122     -0.00000000
ATVX     1  Mu1.0002  Se1.135                       0.22965019      0.00000004     -0.00000009     -0.00000000
ATVX     1  Mu1.0003  Se1.135                       0.25166247     -0.00000039      0.00000100     -0.00000000
ATVX     1  Mu1.0004  Se1.135                       0.27395667     -0.00000150      0.00000525     -0.00000000
ATVX     1  Mu1.0005  Se1.135                       0.29907740     -0.00000035      0.00000111     -0.00000000
ATVX     1  Mu1.0001  Se1.136                       0.23500501      0.00011581     -0.00031129     -0.00000004
ATVX     1  Mu1.0002  Se1.136                       0.24549318      0.00001351     -0.00003761     -0.00000000
ATVX     1  Mu1.0003  Se1.136                       0.26750546      0.00001413     -0.00003503     -0.00000000
ATVX     1  Mu1.0004  Se1.136                       0.28979966      0.00037971     -0.00119781     -0.00000045
ATVX     1  Mu1.0001  Se1.137                       0.23988330      0.00000262     -0.00000652     -0.00000000
ATVX     1  Mu1.0002  Se1.137                       0.25037146     -0.00000799      0.00001717     -0.00000000
ATVX     1  Mu1.0003  Se1.137                       0.27238374      0.00002906     -0.00007061     -0.00000000
ATVX     1  Mu1.0004  Se1.137                       0.29467795      0.00000799     -0.00002110     -0.00000000
ATVX     1  Mu1.0001  Se1.138                       0.24310647     -0.00004073      0.00021420     -0.00000001
ATVX     1  Mu1.0002  Se1.138                       0.25359463      0.00007826     -0.00110885     -0.00000009
ATVX     1  Mu1.0003  Se1.138                       0.27560691      0.00273267     -0.00561463     -0.00001534
ATVX     1  Mu1.0004  Se1.138                       0.29790111     -0.00000513      0.00005901     -0.00000000
ATVX     1  Mu1.0001  Se1.139                       0.24539933      0.00000528     -0.00001339     -0.00000000
ATVX     1  Mu1.0002  Se1.139                       0.25588750     -0.00000006      0.00000064     -0.00000000
ATVX     1  Mu1.0003  Se1.139                       0.27789978      0.00000134     -0.00000410     -0.00000000
ATVX     1  Mu1.0001  Se1.140                       0.24604460     -0.00017805      0.00037615     -0.00000007
ATVX     1  Mu1.0002  Se1.140                       0.25653276     -0.00002018      0.00003936     -0.00000000
ATVX     1  Mu1.0003  Se1.140                       0.27854504      0.00002427     -0.00007317     -0.00000000
ATVX     1  Mu1.0001  Se1.141                       0.26182211      0.00001708     -0.00008278     -0.00000000
ATVX     1  Mu1.0002  Se1.141                       0.27231028     -0.00010152      0.00063405     -0.00000006
ATVX     1  Mu1.0003  Se1.141                       0.29432256     -0.00021877     -0.00055614      0.00000012
ATVX     1  Mu1.0001  Se1.142                       0.26786112     -0.00000138      0.00000346     -0.00000000
ATVX     1  Mu1.0002  Se1.142                       0.27834929      0.00000486     -0.00001193     -0.00000000
ATVX     1  Mu1.0001  Se1.143                       0.27116988      0.00002031     -0.00011154     -0.00000000
ATVX     1  Mu1.0002  Se1.143                       0.28165805     -0.00007182      0.00077691     -0.00000006
ATVX     1  Mu1.0001  Se1.144                       0.27168693      0.00000041     -0.00000107     -0.00000000
ATVX     1  Mu1.0002  Se1.144                       0.28217509     -0.00000189      0.00000620     -0.00000000
ATVX     1  Mu1.0001  Se1.145                       0.27189769      0.00021060     -0.00056704     -0.00000012
ATVX     1  Mu1.0002  Se1.145                       0.28238586      0.00002460     -0.00006618     -0.00000000
ATVX     1  Mu1.0001  Se1.146                       0.29097145     -0.00003726     -0.00007755      0.00000000
ATVX     1  Mu1.0001  Se1.147                       0.29867800      0.00000497     -0.00001432     -0.00000000
--

   (Skipping property calculation,
    use PROP keyword to activate)
********************************************************************************
 Compute H0 matrices for state    2
--------------------------------------------------------------------------------
--------------------------------------------------------------------------------
 H0 matrices have been computed.

********************************************************************************
  CASPT2 EQUATION SOLUTION
--------------------------------------------------------------------------------

  Total nr of CASPT2 parameters:
   Before reduction:  1876168956
   After  reduction:  1876168956

 Variance of |WF0>:      23.3480633927

 The contributions to the second order correlation energy in atomic units.
-----------------------------------------------------------------------------------------------------------------------------
  IT.      VJTU        VJTI        ATVX        AIVX        VJAI        BVAT        BJAT        BJAI        TOTAL       RNORM  
-----------------------------------------------------------------------------------------------------------------------------
   1    -0.031436   -0.030318   -0.014990   -0.136728   -0.388752   -0.095384   -0.746809   -3.515348   -4.959764    0.011327
   2    -0.032431   -0.030427   -0.015145   -0.137520   -0.389119   -0.095706   -0.748099   -3.516084   -4.964531    0.001769
   3    -0.032459   -0.030435   -0.015156   -0.137528   -0.389133   -0.095738   -0.748188   -3.516123   -4.964760    0.000211
   4    -0.032467   -0.030434   -0.015154   -0.137511   -0.389125   -0.095734   -0.748153   -3.516102   -4.964680    0.000027
   5    -0.032467   -0.030434   -0.015154   -0.137511   -0.389124   -0.095733   -0.748152   -3.516102   -4.964678    0.000004
-----------------------------------------------------------------------------------------------------------------------------

  FINAL CASPT2 RESULT:

      Reference energy:       -3929.6831920173
      E2 (Non-variational):      -4.9646792633
      Shift correction:          -0.0339081846
      E2 (Variational):          -4.9985874479
      Total energy:           -3934.6817794652
      Residual norm:              0.0000006931
      Reference weight:           0.38046

      Contributions to the CASPT2 correlation energy
      Active & Virtual Only:         -0.1108875291
      One Inactive Excited:          -0.9181310498
      Two Inactive Excited:          -3.9356606844


++ Denominators, etc.
--------------------------------------------------------------------------------------------------------------
 Report on small energy denominators, large coefficients, and large energy contributions.
CASE  SYMM ACTIVE-MIX  NON-ACTIVE INDICES          DENOMINATOR     RHS VALUE       COEFFICIENT     CONTRIBUTION
VJTU     1  Mu1.0004  In1.073                       0.52785176     -0.01973566      0.03091552     -0.00061014
VJTU     1  Mu1.0001  In1.092                       0.28205526     -0.00894876      0.01963095     -0.00017567
VJTU     1  Mu1.0004  In1.092                       0.33139427     -0.02929887      0.06089887     -0.00178427
VJTU     1  Mu1.0001  In1.093                       0.27519011     -0.00076287      0.00167632     -0.00000128
VJTU     1  Mu1.0174  In1.093                       0.76460491      0.01927547     -0.02501916     -0.00048226
VJTU     1  Mu1.0001  In1.094                       0.27311752     -0.00139468      0.00312868     -0.00000436
VJTU     1  Mu1.0001  In1.095                       0.27287456      0.00033107     -0.00067000     -0.00000022
VJTU     1  Mu1.0001  In1.096                       0.26771428      0.02063262     -0.04637575     -0.00095685
VJTU     1  Mu1.0002  In1.096                       0.29779447     -0.00148347      0.00350689     -0.00000520
VJTU     1  Mu1.0004  In1.096                       0.31705329      0.06801620     -0.14517946     -0.00987456
VJTU     1  Mu1.0020  In1.096                       0.45871672      0.01656829     -0.02816768     -0.00046669
VJTU     1  Mu1.0001  In1.097                       0.25442788      0.00020277     -0.00045448     -0.00000009
VJTU     1  Mu1.0002  In1.097                       0.28450807     -0.00125763      0.00298046     -0.00000375
VJTU     1  Mu1.0003  In1.097                       0.29768744     -0.00067339      0.00157259     -0.00000106
VJTU     1  Mu1.0001  In1.098                       0.24586431      0.00021875     -0.00045940     -0.00000010
VJTU     1  Mu1.0002  In1.098                       0.27594450     -0.00031170      0.00077258     -0.00000024
VJTU     1  Mu1.0003  In1.098                       0.28912387     -0.00019578      0.00046605     -0.00000009
VJTU     1  Mu1.0004  In1.098                       0.29520332      0.00071360     -0.00144969     -0.00000103
VJTU     1  Mu1.0001  In1.099                       0.23711684      0.00748663     -0.01695921     -0.00012697
VJTU     1  Mu1.0002  In1.099                       0.26719703     -0.00038278      0.00096576     -0.00000037
VJTU     1  Mu1.0003  In1.099                       0.28037640     -0.00133780      0.00299385     -0.00000401
VJTU     1  Mu1.0004  In1.099                       0.28645585      0.02504310     -0.05484581     -0.00137351
VJTU     1  Mu1.0001  In1.100                       0.21445891     -0.00033153      0.00082759     -0.00000027
VJTU     1  Mu1.0002  In1.100                       0.24453909     -0.00017475      0.00047225     -0.00000008
VJTU     1  Mu1.0003  In1.100                       0.25771847     -0.00003888      0.00011716     -0.00000000
VJTU     1  Mu1.0004  In1.100                       0.26379791     -0.00111847      0.00272528     -0.00000305
VJTIP    1  Mu1.0027  In1.100 In1.100               0.86032831      0.02784990     -0.03076278     -0.00085674
VJTIM    1  Mu1.0013  In1.100 In1.088               0.92435403      0.02387216     -0.02537339     -0.00060572
ATVX     1  Mu1.0001  Se1.113                       0.07464016     -0.00014934      0.00047218     -0.00000007
ATVX     1  Mu1.0002  Se1.113                       0.08948613      0.00000336     -0.00000861     -0.00000000
ATVX     1  Mu1.0003  Se1.113                       0.11250711      0.00077880     -0.00149851     -0.00000117
ATVX     1  Mu1.0004  Se1.113                       0.13198022      0.00000453     -0.00003527     -0.00000000
ATVX     1  Mu1.0005  Se1.113                       0.17577115      0.00032156     -0.00114392     -0.00000037
ATVX     1  Mu1.0006  Se1.113                       0.19120005     -0.00004305      0.00011140     -0.00000000
ATVX     1  Mu1.0007  Se1.113                       0.20135729     -0.00013813      0.00087814     -0.00000012
ATVX     1  Mu1.0008  Se1.113                       0.20637885      0.00006146     -0.00008496     -0.00000001
ATVX     1  Mu1.0009  Se1.113                       0.21210136     -0.00000086      0.00000392     -0.00000000
ATVX     1  Mu1.0010  Se1.113                       0.21365948     -0.00026645      0.00050921     -0.00000014
ATVX     1  Mu1.0011  Se1.113                       0.22371958     -0.00002307      0.00007702     -0.00000000
ATVX     1  Mu1.0012  Se1.113                       0.25314364      0.00001371     -0.00003170     -0.00000000
ATVX     1  Mu1.0013  Se1.113                       0.25516257     -0.00003259      0.00008262     -0.00000000
ATVX     1  Mu1.0014  Se1.113                       0.26360170      0.00030463     -0.00067930     -0.00000021
ATVX     1  Mu1.0015  Se1.113                       0.26382231     -0.00039991      0.00088365     -0.00000035
ATVX     1  Mu1.0016  Se1.113                       0.26870568      0.00002237     -0.00005198     -0.00000000
ATVX     1  Mu1.0017  Se1.113                       0.27511852      0.00065435     -0.00151451     -0.00000099
ATVX     1  Mu1.0018  Se1.113                       0.28043497     -0.00083876      0.00211829     -0.00000178
ATVX     1  Mu1.0019  Se1.113                       0.29216896     -0.00001525      0.00004614     -0.00000000
ATVX     1  Mu1.0020  Se1.113                       0.29651302     -0.00014329      0.00035935     -0.00000005
ATVX     1  Mu1.0001  Se1.114                       0.10829201      0.00000212     -0.00000438     -0.00000000
ATVX     1  Mu1.0002  Se1.114                       0.12313799      0.00000311     -0.00000670     -0.00000000
ATVX     1  Mu1.0003  Se1.114                       0.14615896      0.00000691     -0.00001742     -0.00000000
ATVX     1  Mu1.0004  Se1.114                       0.16563207     -0.00000635      0.00001543     -0.00000000
ATVX     1  Mu1.0005  Se1.114                       0.20942301      0.00000915     -0.00003094     -0.00000000
ATVX     1  Mu1.0006  Se1.114                       0.22485190      0.00000682     -0.00002072     -0.00000000
ATVX     1  Mu1.0007  Se1.114                       0.23500915     -0.00000393      0.00002239     -0.00000000
ATVX     1  Mu1.0008  Se1.114                       0.24003070     -0.00000599      0.00001823     -0.00000000
ATVX     1  Mu1.0009  Se1.114                       0.24575321     -0.00000166      0.00000504     -0.00000000
ATVX     1  Mu1.0010  Se1.114                       0.24731134      0.00001915     -0.00005903     -0.00000000
ATVX     1  Mu1.0011  Se1.114                       0.25737143     -0.00000528      0.00001170     -0.00000000
ATVX     1  Mu1.0012  Se1.114                       0.28679550      0.00022926     -0.00056697     -0.00000013
ATVX     1  Mu1.0013  Se1.114                       0.28881442      0.00001211     -0.00002839     -0.00000000
ATVX     1  Mu1.0014  Se1.114                       0.29725355      0.00000544     -0.00001321     -0.00000000
ATVX     1  Mu1.0015  Se1.114                       0.29747416     -0.00000831      0.00001882     -0.00000000
ATVX     1  Mu1.0001  Se1.115                       0.11243465     -0.00000785      0.00039420     -0.00000000
ATVX     1  Mu1.0002  Se1.115                       0.12728063      0.00000073     -0.00000924     -0.00000000
ATVX     1  Mu1.0003  Se1.115                       0.15030160      0.00130741     -0.00282876     -0.00000370
ATVX     1  Mu1.0004  Se1.115                       0.16977471      0.00001274     -0.00004700     -0.00000000
ATVX     1  Mu1.0005  Se1.115                       0.21356564     -0.00022904      0.00058504     -0.00000013
ATVX     1  Mu1.0006  Se1.115                       0.22899454     -0.00003230      0.00008035     -0.00000000
ATVX     1  Mu1.0007  Se1.115                       0.23915178      0.00049255     -0.00120012     -0.00000059
ATVX     1  Mu1.0008  Se1.115                       0.24417334      0.00010199     -0.00027266     -0.00000003
ATVX     1  Mu1.0009  Se1.115                       0.24989585      0.00000364     -0.00001001     -0.00000000
ATVX     1  Mu1.0010  Se1.115                       0.25145397     -0.00030541      0.00083969     -0.00000026
ATVX     1  Mu1.0011  Se1.115                       0.26151407     -0.00002387      0.00006171     -0.00000000
ATVX     1  Mu1.0012  Se1.115                       0.29093814      0.00000484     -0.00000815     -0.00000000
ATVX     1  Mu1.0013  Se1.115                       0.29295706     -0.00001189      0.00002687     -0.00000000
ATVX     1  Mu1.0001  Se1.116                       0.11768285     -0.00000977      0.00002543     -0.00000000
ATVX     1  Mu1.0002  Se1.116                       0.13252882     -0.00028600      0.00090695     -0.00000026
ATVX     1  Mu1.0003  Se1.116                       0.15554980     -0.00001658      0.00006113     -0.00000000
ATVX     1  Mu1.0004  Se1.116                       0.17502291      0.00021699     -0.00106929     -0.00000023
ATVX     1  Mu1.0005  Se1.116                       0.21881384      0.00004391     -0.00013875     -0.00000001
ATVX     1  Mu1.0006  Se1.116                       0.23424274     -0.00015422      0.00015388     -0.00000002
ATVX     1  Mu1.0007  Se1.116                       0.24439998      0.00001889     -0.00003642     -0.00000000
ATVX     1  Mu1.0008  Se1.116                       0.24942154      0.00054532     -0.00150947     -0.00000082
ATVX     1  Mu1.0009  Se1.116                       0.25514405     -0.00002323      0.00006050     -0.00000000
ATVX     1  Mu1.0010  Se1.116                       0.25670217      0.00015420     -0.00040780     -0.00000006
ATVX     1  Mu1.0011  Se1.116                       0.26676227     -0.00151468      0.00378290     -0.00000573
ATVX     1  Mu1.0012  Se1.116                       0.29618633      0.00000207     -0.00000699     -0.00000000
ATVX     1  Mu1.0013  Se1.116                       0.29820526     -0.00038329      0.00100114     -0.00000038
ATVX     1  Mu1.0001  Se1.117                       0.12089757     -0.00000024      0.00000044     -0.00000000
ATVX     1  Mu1.0002  Se1.117                       0.13574354     -0.00000277      0.00000752     -0.00000000
ATVX     1  Mu1.0003  Se1.117                       0.15876452     -0.00000023      0.00000064     -0.00000000
ATVX     1  Mu1.0004  Se1.117                       0.17823763      0.00000098     -0.00000197     -0.00000000
ATVX     1  Mu1.0005  Se1.117                       0.22202856      0.00000106     -0.00000321     -0.00000000
ATVX     1  Mu1.0006  Se1.117                       0.23745746      0.00000478     -0.00001352     -0.00000000
ATVX     1  Mu1.0007  Se1.117                       0.24761470     -0.00000176      0.00000488     -0.00000000
ATVX     1  Mu1.0008  Se1.117                       0.25263626      0.00000492     -0.00001314     -0.00000000
ATVX     1  Mu1.0009  Se1.117                       0.25835877      0.00009723     -0.00023639     -0.00000002
ATVX     1  Mu1.0010  Se1.117                       0.25991689      0.00000196     -0.00000506     -0.00000000
ATVX     1  Mu1.0011  Se1.117                       0.26997699      0.00000221     -0.00000544     -0.00000000
ATVX     1  Mu1.0012  Se1.117                       0.29940106     -0.00000410      0.00000985     -0.00000000
ATVX     1  Mu1.0001  Se1.118                       0.13009082     -0.00006623      0.00045518     -0.00000003
ATVX     1  Mu1.0002  Se1.118                       0.14493680      0.00000727     -0.00002850     -0.00000000
ATVX     1  Mu1.0003  Se1.118                       0.16795778      0.00094425     -0.00218462     -0.00000206
ATVX     1  Mu1.0004  Se1.118                       0.18743088      0.00000499     -0.00001672     -0.00000000
ATVX     1  Mu1.0005  Se1.118                       0.23122182     -0.00026269      0.00088482     -0.00000023
ATVX     1  Mu1.0006  Se1.118                       0.24665071     -0.00002535      0.00006975     -0.00000000
ATVX     1  Mu1.0007  Se1.118                       0.25680796      0.00049130     -0.00147878     -0.00000073
ATVX     1  Mu1.0008  Se1.118                       0.26182951      0.00009879     -0.00030120     -0.00000003
ATVX     1  Mu1.0009  Se1.118                       0.26755202      0.00000433     -0.00001273     -0.00000000
ATVX     1  Mu1.0010  Se1.118                       0.26911015     -0.00034863      0.00102840     -0.00000036
ATVX     1  Mu1.0011  Se1.118                       0.27917024      0.00000446     -0.00000949     -0.00000000
ATVX     1  Mu1.0001  Se1.119                       0.13040924      0.00000229     -0.00000643     -0.00000000
ATVX     1  Mu1.0002  Se1.119                       0.14525522      0.00000109     -0.00000263     -0.00000000
ATVX     1  Mu1.0003  Se1.119                       0.16827619      0.00000187     -0.00000490     -0.00000000
ATVX     1  Mu1.0004  Se1.119                       0.18774930     -0.00000150      0.00000348     -0.00000000
ATVX     1  Mu1.0005  Se1.119                       0.23154023     -0.00000615      0.00001738     -0.00000000
ATVX     1  Mu1.0006  Se1.119                       0.24696913     -0.00000280      0.00000802     -0.00000000
ATVX     1  Mu1.0007  Se1.119                       0.25712637      0.00000889     -0.00002405     -0.00000000
ATVX     1  Mu1.0008  Se1.119                       0.26214793     -0.00000004      0.00000064     -0.00000000
ATVX     1  Mu1.0009  Se1.119                       0.26787044     -0.00000039      0.00000134     -0.00000000
ATVX     1  Mu1.0010  Se1.119                       0.26942856     -0.00000426      0.00000990     -0.00000000
ATVX     1  Mu1.0011  Se1.119                       0.27948866     -0.00000290      0.00000711     -0.00000000
ATVX     1  Mu1.0001  Se1.120                       0.13659268     -0.00000074      0.00000154     -0.00000000
ATVX     1  Mu1.0002  Se1.120                       0.15143865     -0.00000502      0.00001383     -0.00000000
ATVX     1  Mu1.0003  Se1.120                       0.17445963     -0.00000168      0.00000415     -0.00000000
ATVX     1  Mu1.0004  Se1.120                       0.19393274      0.00000273     -0.00000522     -0.00000000
ATVX     1  Mu1.0005  Se1.120                       0.23772367      0.00000252     -0.00000773     -0.00000000
ATVX     1  Mu1.0006  Se1.120                       0.25315257      0.00001318     -0.00003759     -0.00000000
ATVX     1  Mu1.0007  Se1.120                       0.26330981     -0.00000407      0.00001134     -0.00000000
ATVX     1  Mu1.0008  Se1.120                       0.26833136      0.00001025     -0.00002762     -0.00000000
ATVX     1  Mu1.0009  Se1.120                       0.27405388      0.00017483     -0.00041969     -0.00000007
ATVX     1  Mu1.0010  Se1.120                       0.27561200      0.00000385     -0.00000996     -0.00000000
ATVX     1  Mu1.0011  Se1.120                       0.28567209      0.00000650     -0.00001565     -0.00000000
ATVX     1  Mu1.0001  Se1.121                       0.14659268     -0.00000300      0.00000668     -0.00000000
ATVX     1  Mu1.0002  Se1.121                       0.16143865     -0.00001569      0.00004281     -0.00000000
ATVX     1  Mu1.0003  Se1.121                       0.18445963     -0.00000798      0.00002083     -0.00000000
ATVX     1  Mu1.0004  Se1.121                       0.20393274      0.00002762     -0.00006905     -0.00000000
ATVX     1  Mu1.0005  Se1.121                       0.24772367      0.00001567     -0.00004433     -0.00000000
ATVX     1  Mu1.0006  Se1.121                       0.26315257      0.00007266     -0.00019901     -0.00000001
ATVX     1  Mu1.0007  Se1.121                       0.27330981     -0.00001935      0.00005478     -0.00000000
ATVX     1  Mu1.0008  Se1.121                       0.27833137      0.00002173     -0.00005920     -0.00000000
ATVX     1  Mu1.0009  Se1.121                       0.28405388      0.00054544     -0.00128892     -0.00000070
ATVX     1  Mu1.0010  Se1.121                       0.28561200      0.00002098     -0.00005523     -0.00000000
ATVX     1  Mu1.0011  Se1.121                       0.29567210      0.00003443     -0.00008519     -0.00000000
ATVX     1  Mu1.0001  Se1.122                       0.15487654     -0.00000543      0.00001941     -0.00000000
ATVX     1  Mu1.0002  Se1.122                       0.16972252     -0.00014507      0.00048617     -0.00000007
ATVX     1  Mu1.0003  Se1.122                       0.19274349      0.00000340      0.00000845      0.00000000
ATVX     1  Mu1.0004  Se1.122                       0.21221660      0.00006955     -0.00051131     -0.00000004
ATVX     1  Mu1.0005  Se1.122                       0.25600753      0.00000576      0.00000923      0.00000000
ATVX     1  Mu1.0006  Se1.122                       0.27143643     -0.00034236      0.00115647     -0.00000040
ATVX     1  Mu1.0007  Se1.122                       0.28159368      0.00003325     -0.00010345     -0.00000000
ATVX     1  Mu1.0008  Se1.122                       0.28661523      0.00024884     -0.00052572     -0.00000013
ATVX     1  Mu1.0009  Se1.122                       0.29233774     -0.00001476      0.00003538     -0.00000000
ATVX     1  Mu1.0010  Se1.122                       0.29389587      0.00008277     -0.00019297     -0.00000002
ATVX     1  Mu1.0001  Se1.123                       0.15587194      0.00000076     -0.00000308     -0.00000000
ATVX     1  Mu1.0002  Se1.123                       0.17071792     -0.00001388      0.00004238     -0.00000000
ATVX     1  Mu1.0003  Se1.123                       0.19373889      0.00000179     -0.00000442     -0.00000000
ATVX     1  Mu1.0004  Se1.123                       0.21321200     -0.00001257      0.00003537     -0.00000000
ATVX     1  Mu1.0005  Se1.123                       0.25700293      0.00000118     -0.00000588     -0.00000000
ATVX     1  Mu1.0006  Se1.123                       0.27243183      0.00000857     -0.00002637     -0.00000000
ATVX     1  Mu1.0007  Se1.123                       0.28258907     -0.00000648      0.00001641     -0.00000000
ATVX     1  Mu1.0008  Se1.123                       0.28761063      0.00003533     -0.00008649     -0.00000000
ATVX     1  Mu1.0009  Se1.123                       0.29333314      0.00081175     -0.00189790     -0.00000154
ATVX     1  Mu1.0010  Se1.123                       0.29489127      0.00001151     -0.00002658     -0.00000000
ATVX     1  Mu1.0001  Se1.124                       0.16383247     -0.00058193      0.00203942     -0.00000119
ATVX     1  Mu1.0002  Se1.124                       0.17867844      0.00002690     -0.00009353     -0.00000000
ATVX     1  Mu1.0003  Se1.124                       0.20169942      0.00038132     -0.00096319     -0.00000037
ATVX     1  Mu1.0004  Se1.124                       0.22117253      0.00000305     -0.00001238     -0.00000000
ATVX     1  Mu1.0005  Se1.124                       0.26496346     -0.00084410      0.00285377     -0.00000241
ATVX     1  Mu1.0006  Se1.124                       0.28039236     -0.00004709      0.00011189     -0.00000001
ATVX     1  Mu1.0007  Se1.124                       0.29054960      0.00166668     -0.00495239     -0.00000825
ATVX     1  Mu1.0008  Se1.124                       0.29557116      0.00027151     -0.00078124     -0.00000021
ATVX     1  Mu1.0001  Se1.125                       0.16589045      0.00000203     -0.00000474     -0.00000000
ATVX     1  Mu1.0002  Se1.125                       0.18073643      0.00000093     -0.00000235     -0.00000000
ATVX     1  Mu1.0003  Se1.125                       0.20375740      0.00000332     -0.00000723     -0.00000000
ATVX     1  Mu1.0004  Se1.125                       0.22323051     -0.00000040      0.00000038     -0.00000000
ATVX     1  Mu1.0005  Se1.125                       0.26702144     -0.00001075      0.00002874     -0.00000000
ATVX     1  Mu1.0006  Se1.125                       0.28245034     -0.00000369      0.00000938     -0.00000000
ATVX     1  Mu1.0007  Se1.125                       0.29260759      0.00001418     -0.00003747     -0.00000000
ATVX     1  Mu1.0008  Se1.125                       0.29762914      0.00000062     -0.00000080     -0.00000000
ATVX     1  Mu1.0001  Se1.126                       0.17126793     -0.00095757      0.00306009     -0.00000293
ATVX     1  Mu1.0002  Se1.126                       0.18611390      0.00003865     -0.00012758     -0.00000000
ATVX     1  Mu1.0003  Se1.126                       0.20913488     -0.00050494      0.00098911     -0.00000050
ATVX     1  Mu1.0004  Se1.126                       0.22860799     -0.00000197      0.00000181     -0.00000000
ATVX     1  Mu1.0005  Se1.126                       0.27239892     -0.00106059      0.00330650     -0.00000351
ATVX     1  Mu1.0006  Se1.126                       0.28782782     -0.00003497      0.00007452     -0.00000000
ATVX     1  Mu1.0007  Se1.126                       0.29798506      0.00217772     -0.00604445     -0.00001316
ATVX     1  Mu1.0001  Se1.127                       0.18282213      0.00000464     -0.00001971     -0.00000000
ATVX     1  Mu1.0002  Se1.127                       0.19766811      0.00023161     -0.00076320     -0.00000018
ATVX     1  Mu1.0003  Se1.127                       0.22068908     -0.00000533     -0.00001873      0.00000000
ATVX     1  Mu1.0004  Se1.127                       0.24016219      0.00000073      0.00049470      0.00000000
ATVX     1  Mu1.0005  Se1.127                       0.28395312     -0.00004097      0.00005400     -0.00000000
ATVX     1  Mu1.0006  Se1.127                       0.29938202      0.00024575     -0.00126884     -0.00000031
ATVX     1  Mu1.0001  Se1.128                       0.18458491      0.00000129     -0.00000348     -0.00000000
ATVX     1  Mu1.0002  Se1.128                       0.19943088     -0.00000221      0.00000809     -0.00000000
ATVX     1  Mu1.0003  Se1.128                       0.22245186      0.00000262     -0.00000664     -0.00000000
ATVX     1  Mu1.0004  Se1.128                       0.24192497     -0.00000635      0.00001873     -0.00000000
ATVX     1  Mu1.0005  Se1.128                       0.28571590      0.00000352     -0.00001077     -0.00000000
ATVX     1  Mu1.0001  Se1.129                       0.19274485     -0.00000291      0.00000441     -0.00000000
ATVX     1  Mu1.0002  Se1.129                       0.20759082     -0.00000288      0.00000760     -0.00000000
ATVX     1  Mu1.0003  Se1.129                       0.23061180     -0.00000931      0.00002074     -0.00000000
ATVX     1  Mu1.0004  Se1.129                       0.25008491     -0.00000028      0.00000216     -0.00000000
ATVX     1  Mu1.0005  Se1.129                       0.29387584      0.00004718     -0.00012487     -0.00000001
ATVX     1  Mu1.0001  Se1.130                       0.19602990     -0.00000301      0.00001204     -0.00000000
ATVX     1  Mu1.0002  Se1.130                       0.21087587     -0.00007255      0.00011356     -0.00000001
ATVX     1  Mu1.0003  Se1.130                       0.23389685      0.00001968     -0.00005598     -0.00000000
ATVX     1  Mu1.0004  Se1.130                       0.25336996      0.00028037     -0.00034100     -0.00000010
ATVX     1  Mu1.0005  Se1.130                       0.29716089      0.00003748     -0.00011196     -0.00000000
ATVX     1  Mu1.0001  Se1.131                       0.19774363      0.00000007     -0.00000015     -0.00000000
ATVX     1  Mu1.0002  Se1.131                       0.21258961     -0.00000078      0.00000251     -0.00000000
ATVX     1  Mu1.0003  Se1.131                       0.23561059      0.00000055     -0.00000113     -0.00000000
ATVX     1  Mu1.0004  Se1.131                       0.25508369      0.00000054     -0.00000115     -0.00000000
ATVX     1  Mu1.0005  Se1.131                       0.29887463      0.00000159     -0.00000448     -0.00000000
ATVX     1  Mu1.0001  Se1.132                       0.20483650     -0.00098461      0.00364734     -0.00000359
ATVX     1  Mu1.0002  Se1.132                       0.21968248      0.00002701     -0.00011409     -0.00000000
ATVX     1  Mu1.0003  Se1.132                       0.24270346      0.00320164     -0.00858021     -0.00002747
ATVX     1  Mu1.0004  Se1.132                       0.26217656      0.00007680     -0.00017836     -0.00000001
ATVX     1  Mu1.0001  Se1.133                       0.20551758      0.00009564     -0.00035870     -0.00000003
ATVX     1  Mu1.0002  Se1.133                       0.22036355     -0.00020537      0.00046653     -0.00000010
ATVX     1  Mu1.0003  Se1.133                       0.24338453     -0.00032172      0.00085910     -0.00000028
ATVX     1  Mu1.0004  Se1.133                       0.26285764      0.00053513     -0.00094443     -0.00000051
ATVX     1  Mu1.0001  Se1.134                       0.21615801      0.00051062     -0.00065432     -0.00000033
ATVX     1  Mu1.0002  Se1.134                       0.23100399     -0.00001175      0.00001379     -0.00000000
ATVX     1  Mu1.0003  Se1.134                       0.25402497      0.00241779     -0.00442779     -0.00001071
ATVX     1  Mu1.0004  Se1.134                       0.27349807      0.00001050     -0.00003061     -0.00000000
ATVX     1  Mu1.0001  Se1.135                       0.22268332      0.00000006      0.00000032      0.00000000
ATVX     1  Mu1.0002  Se1.135                       0.23752929      0.00000008     -0.00000028     -0.00000000
ATVX     1  Mu1.0003  Se1.135                       0.26055027      0.00000104     -0.00000176     -0.00000000
ATVX     1  Mu1.0004  Se1.135                       0.28002338     -0.00000007      0.00000025     -0.00000000
ATVX     1  Mu1.0001  Se1.136                       0.23852631     -0.00001618     -0.00029575      0.00000000
ATVX     1  Mu1.0002  Se1.136                       0.25337228     -0.00000392      0.00002218     -0.00000000
ATVX     1  Mu1.0003  Se1.136                       0.27639326     -0.00122589      0.00253678     -0.00000311
ATVX     1  Mu1.0004  Se1.136                       0.29586637     -0.00000406      0.00001627     -0.00000000
ATVX     1  Mu1.0001  Se1.137                       0.24340459      0.00000154     -0.00000278     -0.00000000
ATVX     1  Mu1.0002  Se1.137                       0.25825057      0.00001611     -0.00004420     -0.00000000
ATVX     1  Mu1.0003  Se1.137                       0.28127155      0.00000643     -0.00001472     -0.00000000
ATVX     1  Mu1.0001  Se1.138                       0.24662776     -0.00002304      0.00007798     -0.00000000
ATVX     1  Mu1.0002  Se1.138                       0.26147374     -0.00082401      0.00245730     -0.00000202
ATVX     1  Mu1.0003  Se1.138                       0.28449471     -0.00000112      0.00007983     -0.00000000
ATVX     1  Mu1.0001  Se1.139                       0.24892063      0.00000813     -0.00002088     -0.00000000
ATVX     1  Mu1.0002  Se1.139                       0.26376660      0.00000101     -0.00000258     -0.00000000
ATVX     1  Mu1.0003  Se1.139                       0.28678758     -0.00000431      0.00002150     -0.00000000
ATVX     1  Mu1.0001  Se1.140                       0.24956589     -0.00050125      0.00132029     -0.00000066
ATVX     1  Mu1.0002  Se1.140                       0.26441187      0.00000887     -0.00002597     -0.00000000
ATVX     1  Mu1.0003  Se1.140                       0.28743285      0.00037862     -0.00162845     -0.00000062
ATVX     1  Mu1.0001  Se1.141                       0.26534341      0.00000414     -0.00002016     -0.00000000
ATVX     1  Mu1.0002  Se1.141                       0.28018938      0.00008577     -0.00041052     -0.00000004
ATVX     1  Mu1.0001  Se1.142                       0.27138242     -0.00000224      0.00000554     -0.00000000
ATVX     1  Mu1.0002  Se1.142                       0.28622839     -0.00000159      0.00000238     -0.00000000
ATVX     1  Mu1.0001  Se1.143                       0.27469118      0.00000711     -0.00003360     -0.00000000
ATVX     1  Mu1.0002  Se1.143                       0.28953715      0.00007732     -0.00056064     -0.00000004
ATVX     1  Mu1.0001  Se1.144                       0.27520822      0.00000121     -0.00000211     -0.00000000
ATVX     1  Mu1.0002  Se1.144                       0.29005420     -0.00000345      0.00000996     -0.00000000
ATVX     1  Mu1.0001  Se1.145                       0.27541899      0.00004620     -0.00065736     -0.00000003
ATVX     1  Mu1.0002  Se1.145                       0.29026496     -0.00000751      0.00003768     -0.00000000
ATVX     1  Mu1.0001  Se1.146                       0.29449275     -0.00037781      0.00052298     -0.00000020
--

   (Skipping property calculation,
    use PROP keyword to activate)
********************************************************************************
 Compute H0 matrices for state    3
--------------------------------------------------------------------------------
--------------------------------------------------------------------------------
 H0 matrices have been computed.

********************************************************************************
  CASPT2 EQUATION SOLUTION
--------------------------------------------------------------------------------

  Total nr of CASPT2 parameters:
   Before reduction:  1876168956
   After  reduction:  1876168956

 Variance of |WF0>:      23.3560709185

 The contributions to the second order correlation energy in atomic units.
-----------------------------------------------------------------------------------------------------------------------------
  IT.      VJTU        VJTI        ATVX        AIVX        VJAI        BVAT        BJAT        BJAI        TOTAL       RNORM  
-----------------------------------------------------------------------------------------------------------------------------
   1    -0.031012   -0.029881   -0.015501   -0.136914   -0.386103   -0.095416   -0.751160   -3.515351   -4.961338    0.011359
   2    -0.031994   -0.029987   -0.015665   -0.137705   -0.386465   -0.095739   -0.752453   -3.516087   -4.966096    0.001772
   3    -0.032021   -0.029995   -0.015677   -0.137714   -0.386479   -0.095772   -0.752542   -3.516127   -4.966326    0.000213
   4    -0.032029   -0.029994   -0.015675   -0.137698   -0.386471   -0.095767   -0.752507   -3.516106   -4.966246    0.000027
   5    -0.032030   -0.029994   -0.015675   -0.137697   -0.386471   -0.095767   -0.752506   -3.516105   -4.966244    0.000004
-----------------------------------------------------------------------------------------------------------------------------

  FINAL CASPT2 RESULT:

      Reference energy:       -3929.6829125656
      E2 (Non-variational):      -4.9662453551
      Shift correction:          -0.0338665178
      E2 (Variational):          -5.0001118729
      Total energy:           -3934.6830244385
      Residual norm:              0.0000007255
      Reference weight:           0.38045

      Contributions to the CASPT2 correlation energy
      Active & Virtual Only:         -0.1114416339
      One Inactive Excited:          -0.9222335862
      Two Inactive Excited:          -3.9325701350


++ Denominators, etc.
--------------------------------------------------------------------------------------------------------------
 Report on small energy denominators, large coefficients, and large energy contributions.
CASE  SYMM ACTIVE-MIX  NON-ACTIVE INDICES          DENOMINATOR     RHS VALUE       COEFFICIENT     CONTRIBUTION
VJTU     1  Mu1.0003  In1.073                       0.52266497      0.01857789     -0.02920874     -0.00054264
VJTU     1  Mu1.0001  In1.092                       0.27673951     -0.00018929      0.00039588     -0.00000007
VJTU     1  Mu1.0003  In1.092                       0.32620748      0.02773609     -0.05807051     -0.00161065
VJTU     1  Mu1.0001  In1.093                       0.26987436     -0.00095442      0.00249970     -0.00000239
VJTU     1  Mu1.0165  In1.093                       0.76280339      0.02185328     -0.02854790     -0.00062387
VJTU     1  Mu1.0001  In1.094                       0.26780177     -0.00167260      0.00352654     -0.00000590
VJTU     1  Mu1.0001  In1.095                       0.26755881      0.00044106     -0.00089044     -0.00000039
VJTU     1  Mu1.0001  In1.096                       0.26239853      0.00051813     -0.00109491     -0.00000057
VJTU     1  Mu1.0003  In1.096                       0.31186650     -0.06517222      0.13978861     -0.00911033
VJTU     1  Mu1.0004  In1.096                       0.33623814      0.01259209     -0.02628175     -0.00033094
VJTU     1  Mu1.0005  In1.096                       0.34101740      0.02733091     -0.05633417     -0.00153966
VJTU     1  Mu1.0314  In1.096                       0.89422120     -0.02561072      0.02698361     -0.00069107
VJTU     1  Mu1.0001  In1.097                       0.24911213     -0.00039380      0.00095997     -0.00000038
VJTU     1  Mu1.0002  In1.097                       0.29135760      0.00143132     -0.00336063     -0.00000481
VJTU     1  Mu1.0003  In1.097                       0.29858010     -0.00036949      0.00074242     -0.00000027
VJTU     1  Mu1.0001  In1.098                       0.24054856     -0.00009118      0.00023902     -0.00000002
VJTU     1  Mu1.0002  In1.098                       0.28279402      0.00040383     -0.00096893     -0.00000039
VJTU     1  Mu1.0003  In1.098                       0.29001653     -0.00066204      0.00133474     -0.00000088
VJTU     1  Mu1.0001  In1.099                       0.23180108      0.00023756     -0.00050817     -0.00000012
VJTU     1  Mu1.0002  In1.099                       0.27404655      0.00263250     -0.00596971     -0.00001572
VJTU     1  Mu1.0003  In1.099                       0.28126905     -0.02375641      0.05244425     -0.00124589
VJTU     1  Mu1.0001  In1.100                       0.20914315     -0.00007757      0.00020907     -0.00000002
VJTU     1  Mu1.0002  In1.100                       0.25138862      0.00009568     -0.00027816     -0.00000003
VJTU     1  Mu1.0003  In1.100                       0.25861112      0.00108408     -0.00264536     -0.00000287
VJTU     1  Mu1.0004  In1.100                       0.28298277     -0.00020307      0.00048928     -0.00000010
VJTU     1  Mu1.0005  In1.100                       0.28776203     -0.00044272      0.00106119     -0.00000047
VJTIP    1  Mu1.0026  In1.100 In1.100               0.86023706      0.02775265     -0.03065960     -0.00085089
VJTIM    1  Mu1.0011  In1.100 In1.088               0.92506248      0.02402502     -0.02551345     -0.00061296
ATVX     1  Mu1.0001  Se1.113                       0.07640600     -0.00000561      0.00002481     -0.00000000
ATVX     1  Mu1.0002  Se1.113                       0.10380242      0.00000945     -0.00004451     -0.00000000
ATVX     1  Mu1.0003  Se1.113                       0.10923366     -0.00025207      0.00039061     -0.00000010
ATVX     1  Mu1.0004  Se1.113                       0.13805071      0.00017937     -0.00025223     -0.00000005
ATVX     1  Mu1.0005  Se1.113                       0.14598090     -0.00003670      0.00006729     -0.00000000
ATVX     1  Mu1.0006  Se1.113                       0.19396372     -0.00000042     -0.00012473      0.00000000
ATVX     1  Mu1.0007  Se1.113                       0.19860115      0.00010929      0.00029412      0.00000003
ATVX     1  Mu1.0008  Se1.113                       0.20330540     -0.00000819      0.00010114     -0.00000000
ATVX     1  Mu1.0009  Se1.113                       0.21547048      0.00000019     -0.00000638     -0.00000000
ATVX     1  Mu1.0010  Se1.113                       0.23596665      0.00130052     -0.00315077     -0.00000410
ATVX     1  Mu1.0011  Se1.113                       0.24324944     -0.00140322      0.00347393     -0.00000487
ATVX     1  Mu1.0012  Se1.113                       0.24365816      0.00172473     -0.00438739     -0.00000757
ATVX     1  Mu1.0013  Se1.113                       0.24754749     -0.00077316      0.00198120     -0.00000153
ATVX     1  Mu1.0014  Se1.113                       0.27041102     -0.00000864      0.00001671     -0.00000000
ATVX     1  Mu1.0015  Se1.113                       0.27285769      0.00008288     -0.00021244     -0.00000002
ATVX     1  Mu1.0016  Se1.113                       0.27327744     -0.00004169      0.00010481     -0.00000000
ATVX     1  Mu1.0017  Se1.113                       0.27709472      0.00020731     -0.00050971     -0.00000011
ATVX     1  Mu1.0018  Se1.113                       0.28224899     -0.00004653      0.00010841     -0.00000001
ATVX     1  Mu1.0001  Se1.114                       0.11005785      0.00000490     -0.00000964     -0.00000000
ATVX     1  Mu1.0002  Se1.114                       0.13745428     -0.00000811      0.00001886     -0.00000000
ATVX     1  Mu1.0003  Se1.114                       0.14288551     -0.00001644      0.00004279     -0.00000000
ATVX     1  Mu1.0004  Se1.114                       0.17170256      0.00000306     -0.00000702     -0.00000000
ATVX     1  Mu1.0005  Se1.114                       0.17963276      0.00001146     -0.00003213     -0.00000000
ATVX     1  Mu1.0006  Se1.114                       0.22761557      0.00001142     -0.00003561     -0.00000000
ATVX     1  Mu1.0007  Se1.114                       0.23225301     -0.00000617      0.00003344     -0.00000000
ATVX     1  Mu1.0008  Se1.114                       0.23695725      0.00000902     -0.00002228     -0.00000000
ATVX     1  Mu1.0009  Se1.114                       0.24912234      0.00012286     -0.00035391     -0.00000004
ATVX     1  Mu1.0010  Se1.114                       0.26961850     -0.00002943      0.00007955     -0.00000000
ATVX     1  Mu1.0011  Se1.114                       0.27690129     -0.00002171      0.00004794     -0.00000000
ATVX     1  Mu1.0012  Se1.114                       0.27731001     -0.00000170     -0.00000045      0.00000000
ATVX     1  Mu1.0013  Se1.114                       0.28119934     -0.00000692      0.00002078     -0.00000000
ATVX     1  Mu1.0001  Se1.115                       0.11420049     -0.00000408      0.00002780     -0.00000000
ATVX     1  Mu1.0002  Se1.115                       0.14159691     -0.00005896      0.00014856     -0.00000001
ATVX     1  Mu1.0003  Se1.115                       0.14702815      0.00034612     -0.00121405     -0.00000042
ATVX     1  Mu1.0004  Se1.115                       0.17584520     -0.00035453      0.00134349     -0.00000048
ATVX     1  Mu1.0005  Se1.115                       0.18377539     -0.00010318      0.00029224     -0.00000003
ATVX     1  Mu1.0006  Se1.115                       0.23175821     -0.00012682      0.00030264     -0.00000004
ATVX     1  Mu1.0007  Se1.115                       0.23639565      0.00065638     -0.00159421     -0.00000105
ATVX     1  Mu1.0008  Se1.115                       0.24109989      0.00007546     -0.00017664     -0.00000001
ATVX     1  Mu1.0009  Se1.115                       0.25326497     -0.00000581      0.00001383     -0.00000000
ATVX     1  Mu1.0010  Se1.115                       0.27376114      0.00063894     -0.00152725     -0.00000098
ATVX     1  Mu1.0011  Se1.115                       0.28104393     -0.00094941      0.00218801     -0.00000208
ATVX     1  Mu1.0012  Se1.115                       0.28145265     -0.00000624      0.00006383     -0.00000000
ATVX     1  Mu1.0013  Se1.115                       0.28534198      0.00010071     -0.00029138     -0.00000003
ATVX     1  Mu1.0001  Se1.116                       0.11944869      0.00063658     -0.00094567     -0.00000060
ATVX     1  Mu1.0002  Se1.116                       0.14684511     -0.00192143      0.00436725     -0.00000839
ATVX     1  Mu1.0003  Se1.116                       0.15227635     -0.00013187      0.00031033     -0.00000004
ATVX     1  Mu1.0004  Se1.116                       0.18109340     -0.00000637      0.00002738     -0.00000000
ATVX     1  Mu1.0005  Se1.116                       0.18902359     -0.00000254      0.00000867     -0.00000000
ATVX     1  Mu1.0006  Se1.116                       0.23700641     -0.00044964      0.00090148     -0.00000041
ATVX     1  Mu1.0007  Se1.116                       0.24164385     -0.00010580      0.00020788     -0.00000002
ATVX     1  Mu1.0008  Se1.116                       0.24634809     -0.00004874      0.00025913     -0.00000001
ATVX     1  Mu1.0009  Se1.116                       0.25851317      0.00000475     -0.00001232     -0.00000000
ATVX     1  Mu1.0010  Se1.116                       0.27900934     -0.00010198      0.00025675     -0.00000003
ATVX     1  Mu1.0011  Se1.116                       0.28629213     -0.00016026      0.00038597     -0.00000006
ATVX     1  Mu1.0012  Se1.116                       0.28670085      0.00011385     -0.00030236     -0.00000003
ATVX     1  Mu1.0013  Se1.116                       0.29059018      0.00027692     -0.00070747     -0.00000020
ATVX     1  Mu1.0001  Se1.117                       0.12266341     -0.00000197      0.00000475     -0.00000000
ATVX     1  Mu1.0002  Se1.117                       0.15005983      0.00000034     -0.00000019     -0.00000000
ATVX     1  Mu1.0003  Se1.117                       0.15549107      0.00000044     -0.00000097     -0.00000000
ATVX     1  Mu1.0004  Se1.117                       0.18430812      0.00000026     -0.00000073     -0.00000000
ATVX     1  Mu1.0005  Se1.117                       0.19223831     -0.00000025      0.00000066     -0.00000000
ATVX     1  Mu1.0006  Se1.117                       0.24022113      0.00000718     -0.00001988     -0.00000000
ATVX     1  Mu1.0007  Se1.117                       0.24485857     -0.00000005      0.00000026     -0.00000000
ATVX     1  Mu1.0008  Se1.117                       0.24956281     -0.00000122      0.00000340     -0.00000000
ATVX     1  Mu1.0009  Se1.117                       0.26172789     -0.00000379      0.00000954     -0.00000000
ATVX     1  Mu1.0010  Se1.117                       0.28222406     -0.00000049      0.00000127     -0.00000000
ATVX     1  Mu1.0011  Se1.117                       0.28950685      0.00000163     -0.00000366     -0.00000000
ATVX     1  Mu1.0012  Se1.117                       0.28991557      0.00000037     -0.00000097     -0.00000000
ATVX     1  Mu1.0013  Se1.117                       0.29380490      0.00000056     -0.00000160     -0.00000000
ATVX     1  Mu1.0001  Se1.118                       0.13185666     -0.00001384      0.00003663     -0.00000000
ATVX     1  Mu1.0002  Se1.118                       0.15925309     -0.00002178      0.00006656     -0.00000000
ATVX     1  Mu1.0003  Se1.118                       0.16468432      0.00034295     -0.00113837     -0.00000039
ATVX     1  Mu1.0004  Se1.118                       0.19350137     -0.00037452      0.00127400     -0.00000048
ATVX     1  Mu1.0005  Se1.118                       0.20143157     -0.00010032      0.00027494     -0.00000003
ATVX     1  Mu1.0006  Se1.118                       0.24941438     -0.00014408      0.00043980     -0.00000006
ATVX     1  Mu1.0007  Se1.118                       0.25405182      0.00076525     -0.00223103     -0.00000171
ATVX     1  Mu1.0008  Se1.118                       0.25875606      0.00009140     -0.00025850     -0.00000002
ATVX     1  Mu1.0009  Se1.118                       0.27092115     -0.00000654      0.00001881     -0.00000000
ATVX     1  Mu1.0010  Se1.118                       0.29141731      0.00062254     -0.00151519     -0.00000094
ATVX     1  Mu1.0011  Se1.118                       0.29870010     -0.00079824      0.00179961     -0.00000144
ATVX     1  Mu1.0012  Se1.118                       0.29910883     -0.00000040      0.00006584     -0.00000000
ATVX     1  Mu1.0001  Se1.119                       0.13217508      0.00000160     -0.00000363     -0.00000000
ATVX     1  Mu1.0002  Se1.119                       0.15957150     -0.00000132      0.00000288     -0.00000000
ATVX     1  Mu1.0003  Se1.119                       0.16500274     -0.00000908      0.00002456     -0.00000000
ATVX     1  Mu1.0004  Se1.119                       0.19381979      0.00000456     -0.00001155     -0.00000000
ATVX     1  Mu1.0005  Se1.119                       0.20174998      0.00000230     -0.00000690     -0.00000000
ATVX     1  Mu1.0006  Se1.119                       0.24973280     -0.00000666      0.00001841     -0.00000000
ATVX     1  Mu1.0007  Se1.119                       0.25437024      0.00001465     -0.00003820     -0.00000000
ATVX     1  Mu1.0008  Se1.119                       0.25907448      0.00000385     -0.00001013     -0.00000000
ATVX     1  Mu1.0009  Se1.119                       0.27123956      0.00001865     -0.00005161     -0.00000000
ATVX     1  Mu1.0010  Se1.119                       0.29173573     -0.00000447      0.00001116     -0.00000000
ATVX     1  Mu1.0011  Se1.119                       0.29901852     -0.00000565      0.00001244     -0.00000000
ATVX     1  Mu1.0012  Se1.119                       0.29942724     -0.00000412      0.00000921     -0.00000000
ATVX     1  Mu1.0001  Se1.120                       0.13835852     -0.00000497      0.00001183     -0.00000000
ATVX     1  Mu1.0002  Se1.120                       0.16575494      0.00000313     -0.00000582     -0.00000000
ATVX     1  Mu1.0003  Se1.120                       0.17118618      0.00000136     -0.00000315     -0.00000000
ATVX     1  Mu1.0004  Se1.120                       0.20000322     -0.00000047      0.00000091     -0.00000000
ATVX     1  Mu1.0005  Se1.120                       0.20793342     -0.00000045      0.00000115     -0.00000000
ATVX     1  Mu1.0006  Se1.120                       0.25591624      0.00001845     -0.00005111     -0.00000000
ATVX     1  Mu1.0007  Se1.120                       0.26055367      0.00000021     -0.00000025     -0.00000000
ATVX     1  Mu1.0008  Se1.120                       0.26525791     -0.00000305      0.00000828     -0.00000000
ATVX     1  Mu1.0009  Se1.120                       0.27742300     -0.00000663      0.00001603     -0.00000000
ATVX     1  Mu1.0010  Se1.120                       0.29791916     -0.00000128      0.00000317     -0.00000000
ATVX     1  Mu1.0001  Se1.121                       0.14835852     -0.00002160      0.00005380     -0.00000000
ATVX     1  Mu1.0002  Se1.121                       0.17575494      0.00002916     -0.00007186     -0.00000000
ATVX     1  Mu1.0003  Se1.121                       0.18118618      0.00000598     -0.00001522     -0.00000000
ATVX     1  Mu1.0004  Se1.121                       0.21000323     -0.00000613      0.00001557     -0.00000000
ATVX     1  Mu1.0005  Se1.121                       0.21793342      0.00000411     -0.00001132     -0.00000000
ATVX     1  Mu1.0006  Se1.121                       0.26591624      0.00008779     -0.00023968     -0.00000002
ATVX     1  Mu1.0007  Se1.121                       0.27055368     -0.00000914      0.00002675     -0.00000000
ATVX     1  Mu1.0008  Se1.121                       0.27525792     -0.00000173      0.00000470     -0.00000000
ATVX     1  Mu1.0009  Se1.121                       0.28742300     -0.00000396      0.00000856     -0.00000000
ATVX     1  Mu1.0001  Se1.122                       0.15664238      0.00038103     -0.00066112     -0.00000025
ATVX     1  Mu1.0002  Se1.122                       0.18403881     -0.00107642      0.00252340     -0.00000272
ATVX     1  Mu1.0003  Se1.122                       0.18947004     -0.00007164      0.00016825     -0.00000001
ATVX     1  Mu1.0004  Se1.122                       0.21828709     -0.00000700      0.00003092     -0.00000000
ATVX     1  Mu1.0005  Se1.122                       0.22621729     -0.00000912      0.00003790     -0.00000000
ATVX     1  Mu1.0006  Se1.122                       0.27420010     -0.00063355      0.00191302     -0.00000121
ATVX     1  Mu1.0007  Se1.122                       0.27883754     -0.00012797      0.00036363     -0.00000005
ATVX     1  Mu1.0008  Se1.122                       0.28354178     -0.00003185      0.00012312     -0.00000000
ATVX     1  Mu1.0009  Se1.122                       0.29570687      0.00000346     -0.00000932     -0.00000000
ATVX     1  Mu1.0001  Se1.123                       0.15763778     -0.00000509      0.00001424     -0.00000000
ATVX     1  Mu1.0002  Se1.123                       0.18503421     -0.00001340      0.00003717     -0.00000000
ATVX     1  Mu1.0003  Se1.123                       0.19046544     -0.00000140      0.00000517     -0.00000000
ATVX     1  Mu1.0004  Se1.123                       0.21928249      0.00000655     -0.00001731     -0.00000000
ATVX     1  Mu1.0005  Se1.123                       0.22721269     -0.00000319      0.00000824     -0.00000000
ATVX     1  Mu1.0006  Se1.123                       0.27519550      0.00002890     -0.00006838     -0.00000000
ATVX     1  Mu1.0007  Se1.123                       0.27983294      0.00000244     -0.00000683     -0.00000000
ATVX     1  Mu1.0008  Se1.123                       0.28453718     -0.00000658      0.00001620     -0.00000000
ATVX     1  Mu1.0009  Se1.123                       0.29670227     -0.00003024      0.00007283     -0.00000000
ATVX     1  Mu1.0001  Se1.124                       0.16559831     -0.00003548      0.00008604     -0.00000000
ATVX     1  Mu1.0002  Se1.124                       0.19299473     -0.00006736      0.00020767     -0.00000001
ATVX     1  Mu1.0003  Se1.124                       0.19842597      0.00091987     -0.00286532     -0.00000264
ATVX     1  Mu1.0004  Se1.124                       0.22724302     -0.00104361      0.00310821     -0.00000324
ATVX     1  Mu1.0005  Se1.124                       0.23517321      0.00012869     -0.00045214     -0.00000006
ATVX     1  Mu1.0006  Se1.124                       0.28315603     -0.00050291      0.00148976     -0.00000075
ATVX     1  Mu1.0007  Se1.124                       0.28779347      0.00262348     -0.00743406     -0.00001950
ATVX     1  Mu1.0008  Se1.124                       0.29249771      0.00025986     -0.00072888     -0.00000019
ATVX     1  Mu1.0001  Se1.125                       0.16765629      0.00000124     -0.00000272     -0.00000000
ATVX     1  Mu1.0002  Se1.125                       0.19505272     -0.00000031      0.00000007     -0.00000000
ATVX     1  Mu1.0003  Se1.125                       0.20048395     -0.00000779      0.00002022     -0.00000000
ATVX     1  Mu1.0004  Se1.125                       0.22930100      0.00000107     -0.00000070     -0.00000000
ATVX     1  Mu1.0005  Se1.125                       0.23723120      0.00000223     -0.00000747     -0.00000000
ATVX     1  Mu1.0006  Se1.125                       0.28521401     -0.00000948      0.00002462     -0.00000000
ATVX     1  Mu1.0007  Se1.125                       0.28985145      0.00002248     -0.00005714     -0.00000000
ATVX     1  Mu1.0008  Se1.125                       0.29455569      0.00000463     -0.00001200     -0.00000000
ATVX     1  Mu1.0001  Se1.126                       0.17303377     -0.00004041      0.00009702     -0.00000000
ATVX     1  Mu1.0002  Se1.126                       0.20043019     -0.00010942      0.00032423     -0.00000004
ATVX     1  Mu1.0003  Se1.126                       0.20586143      0.00133260     -0.00395341     -0.00000527
ATVX     1  Mu1.0004  Se1.126                       0.23467847     -0.00155497      0.00421810     -0.00000656
ATVX     1  Mu1.0005  Se1.126                       0.24260867      0.00044161     -0.00133454     -0.00000059
ATVX     1  Mu1.0006  Se1.126                       0.29059149     -0.00061684      0.00171778     -0.00000106
ATVX     1  Mu1.0007  Se1.126                       0.29522892      0.00317961     -0.00852753     -0.00002711
ATVX     1  Mu1.0008  Se1.126                       0.29993316      0.00028168     -0.00075262     -0.00000021
ATVX     1  Mu1.0001  Se1.127                       0.18458797     -0.00068171      0.00133216     -0.00000091
ATVX     1  Mu1.0002  Se1.127                       0.21198440      0.00200848     -0.00482036     -0.00000968
ATVX     1  Mu1.0003  Se1.127                       0.21741563      0.00013575     -0.00032459     -0.00000004
ATVX     1  Mu1.0004  Se1.127                       0.24623268      0.00000618     -0.00003927     -0.00000000
ATVX     1  Mu1.0005  Se1.127                       0.25416288      0.00002126     -0.00008642     -0.00000000
ATVX     1  Mu1.0001  Se1.128                       0.18635075      0.00000207     -0.00000376     -0.00000000
ATVX     1  Mu1.0002  Se1.128                       0.21374717     -0.00000941      0.00002756     -0.00000000
ATVX     1  Mu1.0003  Se1.128                       0.21917841     -0.00000160      0.00000450     -0.00000000
ATVX     1  Mu1.0004  Se1.128                       0.24799545      0.00000183     -0.00000474     -0.00000000
ATVX     1  Mu1.0005  Se1.128                       0.25592565      0.00000136     -0.00000424     -0.00000000
ATVX     1  Mu1.0001  Se1.129                       0.19451069     -0.00000307      0.00000703     -0.00000000
ATVX     1  Mu1.0002  Se1.129                       0.22190711      0.00000005      0.00000152      0.00000000
ATVX     1  Mu1.0003  Se1.129                       0.22733835      0.00001900     -0.00004848     -0.00000000
ATVX     1  Mu1.0004  Se1.129                       0.25615540      0.00000400     -0.00001630     -0.00000000
ATVX     1  Mu1.0005  Se1.129                       0.26408559     -0.00000111      0.00000575     -0.00000000
ATVX     1  Mu1.0001  Se1.130                       0.19779574     -0.00001219     -0.00013051      0.00000000
ATVX     1  Mu1.0002  Se1.130                       0.22519216     -0.00033889      0.00129038     -0.00000044
ATVX     1  Mu1.0003  Se1.130                       0.23062340     -0.00001268      0.00005440     -0.00000000
ATVX     1  Mu1.0004  Se1.130                       0.25944045     -0.00001183      0.00003130     -0.00000000
ATVX     1  Mu1.0005  Se1.130                       0.26737064      0.00001659     -0.00005378     -0.00000000
ATVX     1  Mu1.0001  Se1.131                       0.19950947     -0.00000069      0.00000198     -0.00000000
ATVX     1  Mu1.0002  Se1.131                       0.22690590      0.00000116     -0.00000306     -0.00000000
ATVX     1  Mu1.0003  Se1.131                       0.23233713     -0.00000019      0.00000040     -0.00000000
ATVX     1  Mu1.0004  Se1.131                       0.26115418      0.00000022     -0.00000033     -0.00000000
ATVX     1  Mu1.0005  Se1.131                       0.26908438      0.00000129     -0.00000360     -0.00000000
ATVX     1  Mu1.0001  Se1.132                       0.20660234     -0.00003462      0.00008888     -0.00000000
ATVX     1  Mu1.0002  Se1.132                       0.23399877     -0.00026503      0.00075246     -0.00000020
ATVX     1  Mu1.0003  Se1.132                       0.23943001      0.00208266     -0.00592618     -0.00001234
ATVX     1  Mu1.0004  Se1.132                       0.26824705     -0.00329243      0.00832555     -0.00002741
ATVX     1  Mu1.0005  Se1.132                       0.27617725     -0.00013768      0.00028105     -0.00000004
ATVX     1  Mu1.0001  Se1.133                       0.20728342      0.00019605     -0.00060046     -0.00000012
ATVX     1  Mu1.0002  Se1.133                       0.23467984     -0.00106583      0.00322547     -0.00000344
ATVX     1  Mu1.0003  Se1.133                       0.24011108     -0.00028056      0.00080865     -0.00000023
ATVX     1  Mu1.0004  Se1.133                       0.26892813      0.00032547     -0.00081940     -0.00000027
ATVX     1  Mu1.0005  Se1.133                       0.27685832      0.00003817     -0.00009544     -0.00000000
ATVX     1  Mu1.0001  Se1.134                       0.21792385     -0.00002026      0.00007971     -0.00000000
ATVX     1  Mu1.0002  Se1.134                       0.24532028      0.00002027     -0.00003345     -0.00000000
ATVX     1  Mu1.0003  Se1.134                       0.25075152     -0.00016516     -0.00028582      0.00000005
ATVX     1  Mu1.0004  Se1.134                       0.27956856      0.00107729     -0.00140114     -0.00000151
ATVX     1  Mu1.0005  Se1.134                       0.28749876     -0.00104896      0.00277714     -0.00000291
ATVX     1  Mu1.0001  Se1.135                       0.22444916     -0.00000008      0.00000011     -0.00000000
ATVX     1  Mu1.0002  Se1.135                       0.25184558      0.00000003      0.00000010      0.00000000
ATVX     1  Mu1.0003  Se1.135                       0.25727682      0.00000032     -0.00000114     -0.00000000
ATVX     1  Mu1.0004  Se1.135                       0.28609387      0.00000056     -0.00000089     -0.00000000
ATVX     1  Mu1.0005  Se1.135                       0.29402406     -0.00000133      0.00000356     -0.00000000
ATVX     1  Mu1.0001  Se1.136                       0.24029215      0.00001943     -0.00005042     -0.00000000
ATVX     1  Mu1.0002  Se1.136                       0.26768857     -0.00000594      0.00000243     -0.00000000
ATVX     1  Mu1.0003  Se1.136                       0.27311981     -0.00007618      0.00049993     -0.00000004
ATVX     1  Mu1.0001  Se1.137                       0.24517043      0.00002378     -0.00005659     -0.00000000
ATVX     1  Mu1.0002  Se1.137                       0.27256686     -0.00002461      0.00005114     -0.00000000
ATVX     1  Mu1.0003  Se1.137                       0.27799810     -0.00000532      0.00001179     -0.00000000
ATVX     1  Mu1.0001  Se1.138                       0.24839360      0.00167628     -0.00281560     -0.00000472
ATVX     1  Mu1.0002  Se1.138                       0.27579003     -0.00481588      0.01092833     -0.00005263
ATVX     1  Mu1.0003  Se1.138                       0.28122126     -0.00034703      0.00079150     -0.00000027
ATVX     1  Mu1.0001  Se1.139                       0.25068647      0.00000041     -0.00000115     -0.00000000
ATVX     1  Mu1.0002  Se1.139                       0.27808289      0.00000264     -0.00000702     -0.00000000
ATVX     1  Mu1.0003  Se1.139                       0.28351413     -0.00001037      0.00002410     -0.00000000
ATVX     1  Mu1.0001  Se1.140                       0.25133173      0.00000614     -0.00001943     -0.00000000
ATVX     1  Mu1.0002  Se1.140                       0.27872816     -0.00006666      0.00015887     -0.00000001
ATVX     1  Mu1.0003  Se1.140                       0.28415940      0.00032678     -0.00071722     -0.00000023
ATVX     1  Mu1.0001  Se1.141                       0.26710925     -0.00053071      0.00084517     -0.00000045
ATVX     1  Mu1.0002  Se1.141                       0.29450567      0.00153694     -0.00311219     -0.00000478
ATVX     1  Mu1.0003  Se1.141                       0.29993691      0.00009461     -0.00018616     -0.00000002
ATVX     1  Mu1.0001  Se1.142                       0.27314826     -0.00000446      0.00000973     -0.00000000
ATVX     1  Mu1.0001  Se1.143                       0.27645702     -0.00100259      0.00157122     -0.00000158
ATVX     1  Mu1.0001  Se1.144                       0.27697406     -0.00000576      0.00001377     -0.00000000
ATVX     1  Mu1.0001  Se1.145                       0.27718483      0.00002991     -0.00007855     -0.00000000
ATVX     1  Mu1.0001  Se1.146                       0.29625859      0.00001119     -0.00004310     -0.00000000
--

   (Skipping property calculation,
    use PROP keyword to activate)
********************************************************************************
 Compute H0 matrices for state    4
--------------------------------------------------------------------------------
--------------------------------------------------------------------------------
 H0 matrices have been computed.

********************************************************************************
  CASPT2 EQUATION SOLUTION
--------------------------------------------------------------------------------

  Total nr of CASPT2 parameters:
   Before reduction:  1876168956
   After  reduction:  1876168956

 Variance of |WF0>:      23.3778643494

 The contributions to the second order correlation energy in atomic units.
-----------------------------------------------------------------------------------------------------------------------------
  IT.      VJTU        VJTI        ATVX        AIVX        VJAI        BVAT        BJAT        BJAI        TOTAL       RNORM  
-----------------------------------------------------------------------------------------------------------------------------
   1    -0.043059   -0.031795   -0.014761   -0.139510   -0.393805   -0.094706   -0.745743   -3.515362   -4.978741    0.013181
   2    -0.044695   -0.031897   -0.014934   -0.140298   -0.394150   -0.095107   -0.747250   -3.516109   -4.984439    0.002372
   3    -0.044762   -0.031902   -0.014943   -0.140305   -0.394155   -0.095139   -0.747341   -3.516135   -4.984681    0.000313
   4    -0.044771   -0.031900   -0.014940   -0.140283   -0.394145   -0.095132   -0.747290   -3.516108   -4.984568    0.000051
   5    -0.044772   -0.031899   -0.014940   -0.140282   -0.394144   -0.095131   -0.747288   -3.516107   -4.984563    0.000008
   6    -0.044772   -0.031899   -0.014940   -0.140282   -0.394144   -0.095132   -0.747289   -3.516108   -4.984566    0.000001
-----------------------------------------------------------------------------------------------------------------------------

  FINAL CASPT2 RESULT:

      Reference energy:       -3929.6748546820
      E2 (Non-variational):      -4.9845658119
      Shift correction:          -0.0490821433
      E2 (Variational):          -5.0336479552
      Total energy:           -3934.7085026373
      Residual norm:              0.0000002680
      Reference weight:           0.37651

      Contributions to the CASPT2 correlation energy
      Active & Virtual Only:         -0.1100710949
      One Inactive Excited:          -0.9323428517
      Two Inactive Excited:          -3.9421518654


++ Denominators, etc.
--------------------------------------------------------------------------------------------------------------
 Report on small energy denominators, large coefficients, and large energy contributions.
CASE  SYMM ACTIVE-MIX  NON-ACTIVE INDICES          DENOMINATOR     RHS VALUE       COEFFICIENT     CONTRIBUTION
VJTU     1  Mu1.0001  In1.066                       0.27373746      0.00000116     -0.00000295     -0.00000000
VJTU     1  Mu1.0001  In1.067                       0.26816134     -0.00006161      0.00014756     -0.00000001
VJTU     1  Mu1.0001  In1.068                       0.25674463     -0.00000389      0.00000937     -0.00000000
VJTU     1  Mu1.0002  In1.068                       0.29171104     -0.00000972      0.00002196     -0.00000000
VJTU     1  Mu1.0001  In1.069                       0.25635727      0.00006947     -0.00016011     -0.00000001
VJTU     1  Mu1.0002  In1.069                       0.29132368     -0.00003875      0.00009412     -0.00000000
VJTU     1  Mu1.0001  In1.070                       0.25434807     -0.00004000      0.00010882     -0.00000000
VJTU     1  Mu1.0002  In1.070                       0.28931448     -0.00001929      0.00007211     -0.00000000
VJTU     1  Mu1.0001  In1.071                       0.25365092     -0.00000070      0.00000196     -0.00000000
VJTU     1  Mu1.0002  In1.071                       0.28861733      0.00000043     -0.00000093     -0.00000000
VJTU     1  Mu1.0001  In1.072                       0.21050406     -0.00002350      0.00007632     -0.00000000
VJTU     1  Mu1.0002  In1.072                       0.24547047      0.00004545     -0.00006163     -0.00000000
VJTU     1  Mu1.0003  In1.072                       0.27614013      0.00080175     -0.00317551     -0.00000255
VJTU     1  Mu1.0004  In1.072                       0.29551066     -0.00059856      0.00051170     -0.00000031
VJTU     1  Mu1.0001  In1.073                       0.21016752      0.00000148     -0.00000480     -0.00000000
VJTU     1  Mu1.0002  In1.073                       0.24513393      0.00001949     -0.00004928     -0.00000000
VJTU     1  Mu1.0003  In1.073                       0.27580359     -0.00044731      0.00110816     -0.00000050
VJTU     1  Mu1.0004  In1.073                       0.29517412     -0.00076910      0.00181997     -0.00000140
VJTU     1  Mu1.0001  In1.074                       0.20932470     -0.00000329      0.00000886     -0.00000000
VJTU     1  Mu1.0002  In1.074                       0.24429111     -0.00000115      0.00000309     -0.00000000
VJTU     1  Mu1.0003  In1.074                       0.27496077      0.00014618     -0.00036549     -0.00000005
VJTU     1  Mu1.0004  In1.074                       0.29433130      0.00000424     -0.00001281     -0.00000000
VJTU     1  Mu1.0001  In1.075                       0.20662354     -0.00000092      0.00000207     -0.00000000
VJTU     1  Mu1.0002  In1.075                       0.24158995     -0.00000031      0.00000064     -0.00000000
VJTU     1  Mu1.0003  In1.075                       0.27225961      0.00000769     -0.00000025     -0.00000000
VJTU     1  Mu1.0004  In1.075                       0.29163014     -0.00000878      0.00002380     -0.00000000
VJTU     1  Mu1.0001  In1.076                       0.20283679     -0.00000026      0.00000061     -0.00000000
VJTU     1  Mu1.0002  In1.076                       0.23780320     -0.00000466      0.00001147     -0.00000000
VJTU     1  Mu1.0003  In1.076                       0.26847286      0.00006987     -0.00016671     -0.00000001
VJTU     1  Mu1.0004  In1.076                       0.28784340      0.00014270     -0.00033426     -0.00000005
VJTU     1  Mu1.0001  In1.077                       0.18637516      0.00000049     -0.00000153     -0.00000000
VJTU     1  Mu1.0002  In1.077                       0.22134157      0.00000223     -0.00000563     -0.00000000
VJTU     1  Mu1.0003  In1.077                       0.25201123     -0.00007761      0.00020810     -0.00000002
VJTU     1  Mu1.0004  In1.077                       0.27138176     -0.00004866      0.00011519     -0.00000001
VJTU     1  Mu1.0001  In1.078                       0.18241680      0.00011409     -0.00028860     -0.00000003
VJTU     1  Mu1.0002  In1.078                       0.21738321     -0.00004324      0.00011019     -0.00000000
VJTU     1  Mu1.0003  In1.078                       0.24805287     -0.00518463      0.01271825     -0.00006594
VJTU     1  Mu1.0004  In1.078                       0.26742340      0.00273445     -0.00659240     -0.00001803
VJTU     1  Mu1.0001  In1.079                       0.16324149     -0.00000381      0.00001019     -0.00000000
VJTU     1  Mu1.0002  In1.079                       0.19820790      0.00000697     -0.00001749     -0.00000000
VJTU     1  Mu1.0003  In1.079                       0.22887756      0.00015718     -0.00042873     -0.00000007
VJTU     1  Mu1.0004  In1.079                       0.24824809     -0.00014794      0.00038194     -0.00000006
VJTU     1  Mu1.0005  In1.079                       0.28112190      0.00001330     -0.00003448     -0.00000000
VJTU     1  Mu1.0001  In1.080                       0.15274888      0.00002544     -0.00005636     -0.00000000
VJTU     1  Mu1.0002  In1.080                       0.18771529      0.00005666     -0.00010366     -0.00000001
VJTU     1  Mu1.0003  In1.080                       0.21838495     -0.00280520      0.00681045     -0.00001910
VJTU     1  Mu1.0004  In1.080                       0.23775549     -0.00177627      0.00424905     -0.00000755
VJTU     1  Mu1.0005  In1.080                       0.27062929     -0.00037966      0.00089684     -0.00000034
VJTU     1  Mu1.0006  In1.080                       0.29195994      0.00033748     -0.00080356     -0.00000027
VJTU     1  Mu1.0007  In1.080                       0.29443643     -0.00003217      0.00008858     -0.00000000
VJTU     1  Mu1.0001  In1.081                       0.15201050     -0.00013478      0.00031447     -0.00000004
VJTU     1  Mu1.0002  In1.081                       0.18697691      0.00007778     -0.00019598     -0.00000002
VJTU     1  Mu1.0003  In1.081                       0.21764657      0.00719971     -0.01812195     -0.00013047
VJTU     1  Mu1.0004  In1.081                       0.23701711     -0.00424700      0.01060192     -0.00004503
VJTU     1  Mu1.0005  In1.081                       0.26989091      0.00046288     -0.00114331     -0.00000053
VJTU     1  Mu1.0006  In1.081                       0.29122156     -0.00012436      0.00027290     -0.00000003
VJTU     1  Mu1.0007  In1.081                       0.29369805      0.00030315     -0.00076589     -0.00000023
VJTU     1  Mu1.0001  In1.082                       0.14214059     -0.00003942      0.00011554     -0.00000000
VJTU     1  Mu1.0002  In1.082                       0.17710700      0.00007982     -0.00014045     -0.00000001
VJTU     1  Mu1.0003  In1.082                       0.20777666      0.00135299     -0.00534985     -0.00000724
VJTU     1  Mu1.0004  In1.082                       0.22714720     -0.00126197      0.00179946     -0.00000227
VJTU     1  Mu1.0005  In1.082                       0.26002100      0.00025842     -0.00091933     -0.00000024
VJTU     1  Mu1.0006  In1.082                       0.28135165     -0.00011755      0.00041810     -0.00000005
VJTU     1  Mu1.0007  In1.082                       0.28382814     -0.00001062      0.00008680     -0.00000000
VJTU     1  Mu1.0008  In1.082                       0.29486360      0.00000153     -0.00000290     -0.00000000
VJTU     1  Mu1.0001  In1.083                       0.13936815     -0.00000296      0.00000779     -0.00000000
VJTU     1  Mu1.0002  In1.083                       0.17433456     -0.00000078      0.00000169     -0.00000000
VJTU     1  Mu1.0003  In1.083                       0.20500422      0.00022019     -0.00057515     -0.00000013
VJTU     1  Mu1.0004  In1.083                       0.22437476      0.00013665     -0.00033579     -0.00000005
VJTU     1  Mu1.0005  In1.083                       0.25724856      0.00003610     -0.00008961     -0.00000000
VJTU     1  Mu1.0006  In1.083                       0.27857921     -0.00002439      0.00005802     -0.00000000
VJTU     1  Mu1.0007  In1.083                       0.28105570     -0.00000070      0.00000187     -0.00000000
VJTU     1  Mu1.0008  In1.083                       0.29209116      0.00002987     -0.00006888     -0.00000000
VJTU     1  Mu1.0001  In1.084                       0.13123769      0.00001208     -0.00002909     -0.00000000
VJTU     1  Mu1.0002  In1.084                       0.16620410      0.00006981     -0.00016178     -0.00000001
VJTU     1  Mu1.0003  In1.084                       0.19687376     -0.00181634      0.00475673     -0.00000864
VJTU     1  Mu1.0004  In1.084                       0.21624430     -0.00241816      0.00623742     -0.00001508
VJTU     1  Mu1.0005  In1.084                       0.24911810     -0.00036757      0.00094840     -0.00000035
VJTU     1  Mu1.0006  In1.084                       0.27044875      0.00026496     -0.00067307     -0.00000018
VJTU     1  Mu1.0007  In1.084                       0.27292524      0.00005883     -0.00015635     -0.00000001
VJTU     1  Mu1.0008  In1.084                       0.28396070      0.00000217     -0.00000487     -0.00000000
VJTU     1  Mu1.0009  In1.084                       0.29666185     -0.00024533      0.00059976     -0.00000015
VJTU     1  Mu1.0001  In1.085                       0.13002029      0.00000021     -0.00000086     -0.00000000
VJTU     1  Mu1.0002  In1.085                       0.16498670      0.00001055     -0.00002545     -0.00000000
VJTU     1  Mu1.0003  In1.085                       0.19565636     -0.00020028      0.00050385     -0.00000010
VJTU     1  Mu1.0004  In1.085                       0.21502690     -0.00039399      0.00098431     -0.00000039
VJTU     1  Mu1.0005  In1.085                       0.24790070     -0.00004652      0.00011337     -0.00000001
VJTU     1  Mu1.0006  In1.085                       0.26923135      0.00003820     -0.00009202     -0.00000000
VJTU     1  Mu1.0007  In1.085                       0.27170784      0.00000634     -0.00001691     -0.00000000
VJTU     1  Mu1.0008  In1.085                       0.28274330     -0.00005402      0.00012160     -0.00000001
VJTU     1  Mu1.0009  In1.085                       0.29544445     -0.00004459      0.00010294     -0.00000000
VJTU     1  Mu1.0001  In1.086                       0.08547015     -0.00000028      0.00000069     -0.00000000
VJTU     1  Mu1.0002  In1.086                       0.12043656     -0.00000334      0.00000721     -0.00000000
VJTU     1  Mu1.0003  In1.086                       0.15110622      0.00007771     -0.00019912     -0.00000002
VJTU     1  Mu1.0004  In1.086                       0.17047675      0.00007876     -0.00019619     -0.00000002
VJTU     1  Mu1.0005  In1.086                       0.20335056      0.00001102     -0.00002900     -0.00000000
VJTU     1  Mu1.0006  In1.086                       0.22468121     -0.00000796      0.00002134     -0.00000000
VJTU     1  Mu1.0007  In1.086                       0.22715770     -0.00000013      0.00000115     -0.00000000
VJTU     1  Mu1.0008  In1.086                       0.23819315     -0.00003466      0.00009379     -0.00000000
VJTU     1  Mu1.0009  In1.086                       0.25089431      0.00001008     -0.00002602     -0.00000000
VJTU     1  Mu1.0010  In1.086                       0.27996329     -0.00000200      0.00000416     -0.00000000
VJTU     1  Mu1.0011  In1.086                       0.28527262     -0.00002272      0.00006525     -0.00000000
VJTU     1  Mu1.0012  In1.086                       0.29354591      0.00002278     -0.00005972     -0.00000000
VJTU     1  Mu1.0013  In1.086                       0.29364122     -0.00001171      0.00002946     -0.00000000
VJTU     1  Mu1.0014  In1.086                       0.29516316      0.00000288     -0.00000594     -0.00000000
VJTU     1  Mu1.0015  In1.086                       0.29620876     -0.00001081      0.00002570     -0.00000000
VJTU     1  Mu1.0001  In1.087                       0.08259084      0.00009752     -0.00016450     -0.00000002
VJTU     1  Mu1.0002  In1.087                       0.11755725     -0.00006227      0.00014380     -0.00000001
VJTU     1  Mu1.0003  In1.087                       0.14822691     -0.00601070      0.01512899     -0.00009094
VJTU     1  Mu1.0004  In1.087                       0.16759745      0.00307894     -0.00796023     -0.00002451
VJTU     1  Mu1.0005  In1.087                       0.20047125     -0.00051516      0.00137279     -0.00000071
VJTU     1  Mu1.0006  In1.087                       0.22180190      0.00010511     -0.00025333     -0.00000003
VJTU     1  Mu1.0007  In1.087                       0.22427839     -0.00027307      0.00072425     -0.00000020
VJTU     1  Mu1.0008  In1.087                       0.23531385      0.00000111     -0.00000281     -0.00000000
VJTU     1  Mu1.0009  In1.087                       0.24801500     -0.00052601      0.00137801     -0.00000072
VJTU     1  Mu1.0010  In1.087                       0.27708399     -0.00023069      0.00058447     -0.00000013
VJTU     1  Mu1.0011  In1.087                       0.28239331     -0.00000059      0.00000159     -0.00000000
VJTU     1  Mu1.0012  In1.087                       0.29066661      0.00002153     -0.00005214     -0.00000000
VJTU     1  Mu1.0013  In1.087                       0.29076191      0.00008660     -0.00020934     -0.00000002
VJTU     1  Mu1.0014  In1.087                       0.29228385     -0.00012754      0.00032729     -0.00000004
VJTU     1  Mu1.0015  In1.087                       0.29332946      0.00021538     -0.00053339     -0.00000011
VJTU     1  Mu1.0001  In1.088                       0.06661681     -0.00000260      0.00000430     -0.00000000
VJTU     1  Mu1.0002  In1.088                       0.10158322     -0.00000570      0.00001122     -0.00000000
VJTU     1  Mu1.0003  In1.088                       0.13225288      0.00013083     -0.00030528     -0.00000004
VJTU     1  Mu1.0004  In1.088                       0.15162342      0.00015515     -0.00039047     -0.00000006
VJTU     1  Mu1.0005  In1.088                       0.18449722      0.00002287     -0.00006294     -0.00000000
VJTU     1  Mu1.0006  In1.088                       0.20582787     -0.00001699      0.00004625     -0.00000000
VJTU     1  Mu1.0007  In1.088                       0.20830436     -0.00000254      0.00000379     -0.00000000
VJTU     1  Mu1.0008  In1.088                       0.21933982      0.00008910     -0.00022859     -0.00000002
VJTU     1  Mu1.0009  In1.088                       0.23204097      0.00001923     -0.00004861     -0.00000000
VJTU     1  Mu1.0010  In1.088                       0.26110996      0.00001207     -0.00003359     -0.00000000
VJTU     1  Mu1.0011  In1.088                       0.26641928      0.00009463     -0.00023431     -0.00000002
VJTU     1  Mu1.0012  In1.088                       0.27469258      0.00000368     -0.00001054     -0.00000000
VJTU     1  Mu1.0013  In1.088                       0.27478789     -0.00001041      0.00002470     -0.00000000
VJTU     1  Mu1.0014  In1.088                       0.27630982      0.00000599     -0.00001239     -0.00000000
VJTU     1  Mu1.0015  In1.088                       0.27735543     -0.00001020      0.00002095     -0.00000000
VJTU     1  Mu1.0016  In1.088                       0.28658783     -0.00001026      0.00002449     -0.00000000
VJTU     1  Mu1.0017  In1.088                       0.29096061     -0.00001457      0.00003717     -0.00000000
VJTU     1  Mu1.0018  In1.088                       0.29801811     -0.00003058      0.00006921     -0.00000000
VJTU     1  Mu1.0001  In1.089                       0.05053559     -0.00078351      0.00093026     -0.00000073
VJTU     1  Mu1.0002  In1.089                       0.08550200      0.00033616     -0.00062346     -0.00000021
VJTU     1  Mu1.0003  In1.089                       0.11617166      0.03594764     -0.07920535     -0.00284725
VJTU     1  Mu1.0004  In1.089                       0.13554219     -0.01903244      0.04489862     -0.00085453
VJTU     1  Mu1.0005  In1.089                       0.16841600      0.00255813     -0.00654143     -0.00001673
VJTU     1  Mu1.0006  In1.089                       0.18974665     -0.00078903      0.00194492     -0.00000153
VJTU     1  Mu1.0007  In1.089                       0.19222314      0.00119279     -0.00326348     -0.00000389
VJTU     1  Mu1.0008  In1.089                       0.20325859     -0.00000029      0.00000088     -0.00000000
VJTU     1  Mu1.0009  In1.089                       0.21595975      0.00370992     -0.00938673     -0.00003482
VJTU     1  Mu1.0010  In1.089                       0.24502873      0.00164170     -0.00403514     -0.00000662
VJTU     1  Mu1.0011  In1.089                       0.25033806      0.00003516     -0.00008549     -0.00000000
VJTU     1  Mu1.0012  In1.089                       0.25861135     -0.00021521      0.00051186     -0.00000011
VJTU     1  Mu1.0013  In1.089                       0.25870666     -0.00073162      0.00173153     -0.00000127
VJTU     1  Mu1.0014  In1.089                       0.26022860      0.00118780     -0.00301362     -0.00000358
VJTU     1  Mu1.0015  In1.089                       0.26127420     -0.00097261      0.00236758     -0.00000230
VJTU     1  Mu1.0016  In1.089                       0.27050660     -0.00108823      0.00258303     -0.00000281
VJTU     1  Mu1.0017  In1.089                       0.27487939     -0.00525416      0.01262261     -0.00006632
VJTU     1  Mu1.0018  In1.089                       0.28193688     -0.00009991      0.00023604     -0.00000002
VJTU     1  Mu1.0019  In1.089                       0.28487216     -0.00259749      0.00613106     -0.00001593
VJTU     1  Mu1.0020  In1.089                       0.29364814      0.00003787     -0.00009792     -0.00000000
VJTU     1  Mu1.0021  In1.089                       0.29499915      0.00101389     -0.00238082     -0.00000241
VJTU     1  Mu1.0001  In1.090                       0.04475213     -0.00003040      0.00003216     -0.00000000
VJTU     1  Mu1.0002  In1.090                       0.07971854      0.00001089     -0.00001946     -0.00000000
VJTU     1  Mu1.0003  In1.090                       0.11038820      0.00129743     -0.00275706     -0.00000358
VJTU     1  Mu1.0004  In1.090                       0.12975873     -0.00060832      0.00141184     -0.00000086
VJTU     1  Mu1.0005  In1.090                       0.16263254      0.00009589     -0.00024394     -0.00000002
VJTU     1  Mu1.0006  In1.090                       0.18396319     -0.00004528      0.00011193     -0.00000001
VJTU     1  Mu1.0007  In1.090                       0.18643968      0.00002681     -0.00007853     -0.00000000
VJTU     1  Mu1.0008  In1.090                       0.19747513     -0.00018037      0.00044914     -0.00000008
VJTU     1  Mu1.0009  In1.090                       0.21017629      0.00013688     -0.00034197     -0.00000005
VJTU     1  Mu1.0010  In1.090                       0.23924527      0.00007663     -0.00018581     -0.00000001
VJTU     1  Mu1.0011  In1.090                       0.24455460     -0.00060487      0.00146933     -0.00000089
VJTU     1  Mu1.0012  In1.090                       0.25282789      0.00032960     -0.00078751     -0.00000026
VJTU     1  Mu1.0013  In1.090                       0.25292320     -0.00010262      0.00024300     -0.00000002
VJTU     1  Mu1.0014  In1.090                       0.25444514      0.00007608     -0.00018006     -0.00000001
VJTU     1  Mu1.0015  In1.090                       0.25549074     -0.00004860      0.00011187     -0.00000001
VJTU     1  Mu1.0016  In1.090                       0.26472314     -0.00000521      0.00002041     -0.00000000
VJTU     1  Mu1.0017  In1.090                       0.26909593     -0.00018789      0.00044890     -0.00000008
VJTU     1  Mu1.0018  In1.090                       0.27615342      0.00033366     -0.00078827     -0.00000026
VJTU     1  Mu1.0019  In1.090                       0.27908870     -0.00009766      0.00022802     -0.00000002
VJTU     1  Mu1.0020  In1.090                       0.28786468     -0.00392058      0.00908251     -0.00003561
VJTU     1  Mu1.0021  In1.090                       0.28921569     -0.00004776      0.00010575     -0.00000001
VJTU     1  Mu1.0022  In1.090                       0.29776890      0.00002551     -0.00005419     -0.00000000
VJTU     1  Mu1.0023  In1.090                       0.29851356      0.00120904     -0.00274733     -0.00000332
VJTU     1  Mu1.0001  In1.091                       0.04324708      0.00001946     -0.00002123     -0.00000000
VJTU     1  Mu1.0002  In1.091                       0.07821349      0.00001956     -0.00003112     -0.00000000
VJTU     1  Mu1.0003  In1.091                       0.10888315     -0.00111653      0.00242947     -0.00000271
VJTU     1  Mu1.0004  In1.091                       0.12825368     -0.00040480      0.00090418     -0.00000037
VJTU     1  Mu1.0005  In1.091                       0.16112749     -0.00012300      0.00031370     -0.00000004
VJTU     1  Mu1.0006  In1.091                       0.18245814      0.00008175     -0.00021284     -0.00000002
VJTU     1  Mu1.0007  In1.091                       0.18493463      0.00000343     -0.00001053     -0.00000000
VJTU     1  Mu1.0008  In1.091                       0.19597008     -0.00000364      0.00000282     -0.00000000
VJTU     1  Mu1.0009  In1.091                       0.20867124     -0.00013447      0.00034486     -0.00000005
VJTU     1  Mu1.0010  In1.091                       0.23774022     -0.00003053      0.00008619     -0.00000000
VJTU     1  Mu1.0011  In1.091                       0.24304955     -0.00000532      0.00001879     -0.00000000
VJTU     1  Mu1.0012  In1.091                       0.25132284     -0.00010186      0.00024546     -0.00000003
VJTU     1  Mu1.0013  In1.091                       0.25141815      0.00009048     -0.00022008     -0.00000002
VJTU     1  Mu1.0014  In1.091                       0.25294009     -0.00000335      0.00001205     -0.00000000
VJTU     1  Mu1.0015  In1.091                       0.25398569      0.00008289     -0.00020224     -0.00000002
VJTU     1  Mu1.0016  In1.091                       0.26321809      0.00001478     -0.00003639     -0.00000000
VJTU     1  Mu1.0017  In1.091                       0.26759088      0.00011611     -0.00029295     -0.00000003
VJTU     1  Mu1.0018  In1.091                       0.27464837     -0.00019504      0.00047700     -0.00000009
VJTU     1  Mu1.0019  In1.091                       0.27758365      0.00011246     -0.00027490     -0.00000003
VJTU     1  Mu1.0020  In1.091                       0.28635963     -0.00053803      0.00120554     -0.00000065
VJTU     1  Mu1.0021  In1.091                       0.28771064     -0.00004375      0.00010535     -0.00000000
VJTU     1  Mu1.0022  In1.091                       0.29626385     -0.00003759      0.00006834     -0.00000000
VJTU     1  Mu1.0023  In1.091                       0.29700851      0.00077361     -0.00177428     -0.00000137
VJTU     1  Mu1.0001  In1.092                       0.01371003     -0.00000180      0.00000066     -0.00000000
VJTU     1  Mu1.0002  In1.092                       0.04867644     -0.00000082      0.00000110     -0.00000000
VJTU     1  Mu1.0003  In1.092                       0.07934610     -0.00013011      0.00013859     -0.00000002
VJTU     1  Mu1.0004  In1.092                       0.09871663     -0.00023404      0.00034943     -0.00000008
VJTU     1  Mu1.0005  In1.092                       0.13159044     -0.00003868      0.00006171     -0.00000000
VJTU     1  Mu1.0006  In1.092                       0.15292108      0.00002561     -0.00003640     -0.00000000
VJTU     1  Mu1.0007  In1.092                       0.15539757     -0.00000568      0.00001619     -0.00000000
VJTU     1  Mu1.0008  In1.092                       0.16643303     -0.00014891      0.00034466     -0.00000005
VJTU     1  Mu1.0009  In1.092                       0.17913419     -0.00007792      0.00016659     -0.00000001
VJTU     1  Mu1.0010  In1.092                       0.20820317      0.00003244     -0.00008151     -0.00000000
VJTU     1  Mu1.0011  In1.092                       0.21351250      0.00047865     -0.00113581     -0.00000054
VJTU     1  Mu1.0012  In1.092                       0.22178579     -0.00009384      0.00020058     -0.00000002
VJTU     1  Mu1.0013  In1.092                       0.22188110      0.00005757     -0.00012319     -0.00000001
VJTU     1  Mu1.0014  In1.092                       0.22340304      0.00001425     -0.00003391     -0.00000000
VJTU     1  Mu1.0015  In1.092                       0.22444864      0.00005480     -0.00011638     -0.00000001
VJTU     1  Mu1.0016  In1.092                       0.23368104     -0.00003256      0.00007791     -0.00000000
VJTU     1  Mu1.0017  In1.092                       0.23805383     -0.00004428      0.00010851     -0.00000000
VJTU     1  Mu1.0018  In1.092                       0.24511132     -0.00018695      0.00045958     -0.00000009
VJTU     1  Mu1.0019  In1.092                       0.24804659      0.00002064     -0.00003823     -0.00000000
VJTU     1  Mu1.0020  In1.092                       0.25682258      0.00003549     -0.00012921     -0.00000000
VJTU     1  Mu1.0021  In1.092                       0.25817359     -0.00000013      0.00001288     -0.00000000
VJTU     1  Mu1.0022  In1.092                       0.26672680     -0.00005832      0.00011482     -0.00000001
VJTU     1  Mu1.0023  In1.092                       0.26747146      0.00012854     -0.00032945     -0.00000004
VJTU     1  Mu1.0024  In1.092                       0.27238139      0.00045277     -0.00100873     -0.00000046
VJTU     1  Mu1.0025  In1.092                       0.27397579     -0.00000023     -0.00000229      0.00000000
VJTU     1  Mu1.0026  In1.092                       0.27436515     -0.00004725      0.00009560     -0.00000000
VJTU     1  Mu1.0027  In1.092                       0.27591921      0.00001794     -0.00003463     -0.00000000
VJTU     1  Mu1.0028  In1.092                       0.28460152     -0.00004235      0.00008297     -0.00000000
VJTU     1  Mu1.0036  In1.092                       0.31815568     -0.01602419      0.03429131     -0.00054949
VJTU     1  Mu1.0001  In1.093                       0.00684488     -0.00000020      0.00000017     -0.00000000
VJTU     1  Mu1.0002  In1.093                       0.04181129     -0.00004019      0.00003905     -0.00000000
VJTU     1  Mu1.0003  In1.093                       0.07248095      0.00028741     -0.00052400     -0.00000015
VJTU     1  Mu1.0004  In1.093                       0.09185148      0.00131283     -0.00261136     -0.00000343
VJTU     1  Mu1.0005  In1.093                       0.12472529      0.00012338     -0.00030958     -0.00000004
VJTU     1  Mu1.0006  In1.093                       0.14605593     -0.00012423      0.00032673     -0.00000004
VJTU     1  Mu1.0007  In1.093                       0.14853242     -0.00004053      0.00010150     -0.00000000
VJTU     1  Mu1.0008  In1.093                       0.15956788      0.00025902     -0.00069594     -0.00000018
VJTU     1  Mu1.0009  In1.093                       0.17226904      0.00003950     -0.00011372     -0.00000000
VJTU     1  Mu1.0010  In1.093                       0.20133802      0.00003283     -0.00009924     -0.00000000
VJTU     1  Mu1.0011  In1.093                       0.20664735      0.00019522     -0.00053015     -0.00000010
VJTU     1  Mu1.0012  In1.093                       0.21492064     -0.00005323      0.00012740     -0.00000001
VJTU     1  Mu1.0013  In1.093                       0.21501595     -0.00003090      0.00008113     -0.00000000
VJTU     1  Mu1.0014  In1.093                       0.21653789     -0.00004651      0.00011833     -0.00000001
VJTU     1  Mu1.0015  In1.093                       0.21758349     -0.00003842      0.00009922     -0.00000000
VJTU     1  Mu1.0016  In1.093                       0.22681589     -0.00000010     -0.00000974      0.00000000
VJTU     1  Mu1.0017  In1.093                       0.23118868      0.00000210      0.00000647      0.00000000
VJTU     1  Mu1.0018  In1.093                       0.23824617      0.00010391     -0.00027634     -0.00000003
VJTU     1  Mu1.0019  In1.093                       0.24118144     -0.00008257      0.00022474     -0.00000002
VJTU     1  Mu1.0020  In1.093                       0.24995743      0.00008889     -0.00026854     -0.00000002
VJTU     1  Mu1.0021  In1.093                       0.25130844      0.00001517     -0.00003404     -0.00000000
VJTU     1  Mu1.0022  In1.093                       0.25986165      0.00003511     -0.00008040     -0.00000000
VJTU     1  Mu1.0023  In1.093                       0.26060631     -0.00007001      0.00018542     -0.00000001
VJTU     1  Mu1.0024  In1.093                       0.26551624      0.00008360     -0.00021503     -0.00000002
VJTU     1  Mu1.0025  In1.093                       0.26711064     -0.00000801      0.00001495     -0.00000000
VJTU     1  Mu1.0026  In1.093                       0.26750000      0.00007060     -0.00018682     -0.00000001
VJTU     1  Mu1.0027  In1.093                       0.26905406      0.00007594     -0.00019716     -0.00000001
VJTU     1  Mu1.0028  In1.093                       0.27773637     -0.00002776      0.00006961     -0.00000000
VJTU     1  Mu1.0029  In1.093                       0.29521090     -0.00364539      0.00944570     -0.00003443
VJTU     1  Mu1.0030  In1.093                       0.29735398      0.00064926     -0.00161723     -0.00000105
VJTU     1  Mu1.0001  In1.094                       0.00477228     -0.00020917      0.00002583     -0.00000001
VJTU     1  Mu1.0002  In1.094                       0.03973869     -0.00048640      0.00043531     -0.00000021
VJTU     1  Mu1.0003  In1.094                       0.07040835      0.01490799     -0.02391218     -0.00035648
VJTU     1  Mu1.0004  In1.094                       0.08977889      0.01288949     -0.02479697     -0.00031962
VJTU     1  Mu1.0005  In1.094                       0.12265269      0.00230436     -0.00537139     -0.00001238
VJTU     1  Mu1.0006  In1.094                       0.14398334     -0.00183484      0.00465646     -0.00000854
VJTU     1  Mu1.0007  In1.094                       0.14645983     -0.00021861      0.00058764     -0.00000013
VJTU     1  Mu1.0008  In1.094                       0.15749529     -0.00007060      0.00017424     -0.00000001
VJTU     1  Mu1.0009  In1.094                       0.17019644      0.00181212     -0.00457949     -0.00000830
VJTU     1  Mu1.0010  In1.094                       0.19926543      0.00052513     -0.00137991     -0.00000072
VJTU     1  Mu1.0011  In1.094                       0.20457475     -0.00014434      0.00037436     -0.00000005
VJTU     1  Mu1.0012  In1.094                       0.21284805     -0.00022256      0.00056422     -0.00000013
VJTU     1  Mu1.0013  In1.094                       0.21294335     -0.00105684      0.00266846     -0.00000282
VJTU     1  Mu1.0014  In1.094                       0.21446529     -0.00027301      0.00065817     -0.00000018
VJTU     1  Mu1.0015  In1.094                       0.21551090     -0.00125801      0.00322102     -0.00000405
VJTU     1  Mu1.0016  In1.094                       0.22474330     -0.00007900      0.00023335     -0.00000002
VJTU     1  Mu1.0017  In1.094                       0.22911608     -0.00134866      0.00338778     -0.00000457
VJTU     1  Mu1.0018  In1.094                       0.23617358      0.00024674     -0.00059307     -0.00000015
VJTU     1  Mu1.0019  In1.094                       0.23910885     -0.00157819      0.00398596     -0.00000629
VJTU     1  Mu1.0020  In1.094                       0.24788484      0.00002064     -0.00006528     -0.00000000
VJTU     1  Mu1.0021  In1.094                       0.24923584      0.00058899     -0.00145647     -0.00000086
VJTU     1  Mu1.0022  In1.094                       0.25778906      0.00053910     -0.00133897     -0.00000072
VJTU     1  Mu1.0023  In1.094                       0.25853371     -0.00005585      0.00015540     -0.00000001
VJTU     1  Mu1.0024  In1.094                       0.26344365     -0.00001241      0.00004132     -0.00000000
VJTU     1  Mu1.0025  In1.094                       0.26503804      0.00028130     -0.00072009     -0.00000020
VJTU     1  Mu1.0026  In1.094                       0.26542740      0.00212151     -0.00521481     -0.00001106
VJTU     1  Mu1.0027  In1.094                       0.26698147      0.00035592     -0.00086490     -0.00000031
VJTU     1  Mu1.0028  In1.094                       0.27566378     -0.00033360      0.00085110     -0.00000028
VJTU     1  Mu1.0029  In1.094                       0.29313831     -0.00601605      0.01325135     -0.00007972
VJTU     1  Mu1.0030  In1.094                       0.29528138      0.00110699     -0.00245891     -0.00000272
VJTU     1  Mu1.0031  In1.094                       0.29845123      0.00068097     -0.00160301     -0.00000109
VJTU     1  Mu1.0032  In1.094                       0.29931067      0.00026194     -0.00063076     -0.00000017
VJTU     1  Mu1.0001  In1.095                       0.00452932     -0.00060342      0.00007113     -0.00000004
VJTU     1  Mu1.0002  In1.095                       0.03949573     -0.00154475      0.00137516     -0.00000212
VJTU     1  Mu1.0003  In1.095                       0.07016539      0.04520266     -0.07236425     -0.00327106
VJTU     1  Mu1.0004  In1.095                       0.08953593      0.04165752     -0.07981791     -0.00332502
VJTU     1  Mu1.0005  In1.095                       0.12240973      0.00716997     -0.01667858     -0.00011959
VJTU     1  Mu1.0006  In1.095                       0.14374038     -0.00573842      0.01453695     -0.00008342
VJTU     1  Mu1.0007  In1.095                       0.14621687     -0.00067894      0.00184011     -0.00000125
VJTU     1  Mu1.0008  In1.095                       0.15725233     -0.00000937      0.00002124     -0.00000000
VJTU     1  Mu1.0009  In1.095                       0.16995349      0.00556055     -0.01405132     -0.00007813
VJTU     1  Mu1.0010  In1.095                       0.19902247      0.00145787     -0.00387354     -0.00000565
VJTU     1  Mu1.0011  In1.095                       0.20433180      0.00008174     -0.00020702     -0.00000002
VJTU     1  Mu1.0012  In1.095                       0.21260509     -0.00078225      0.00197782     -0.00000155
VJTU     1  Mu1.0013  In1.095                       0.21270040     -0.00330206      0.00833195     -0.00002751
VJTU     1  Mu1.0014  In1.095                       0.21422234     -0.00091815      0.00221749     -0.00000204
VJTU     1  Mu1.0015  In1.095                       0.21526794     -0.00398714      0.01020784     -0.00004070
VJTU     1  Mu1.0016  In1.095                       0.22450034     -0.00009436      0.00029803     -0.00000003
VJTU     1  Mu1.0017  In1.095                       0.22887313     -0.00393140      0.00992053     -0.00003900
VJTU     1  Mu1.0018  In1.095                       0.23593062     -0.00023592      0.00058521     -0.00000014
VJTU     1  Mu1.0019  In1.095                       0.23886589     -0.00471711      0.01192297     -0.00005624
VJTU     1  Mu1.0020  In1.095                       0.24764188     -0.00010100      0.00028054     -0.00000003
VJTU     1  Mu1.0021  In1.095                       0.24899288      0.00180996     -0.00442639     -0.00000801
VJTU     1  Mu1.0022  In1.095                       0.25754610      0.00169500     -0.00417887     -0.00000708
VJTU     1  Mu1.0023  In1.095                       0.25829076     -0.00002404      0.00011219     -0.00000000
VJTU     1  Mu1.0024  In1.095                       0.26320069     -0.00001810      0.00003546     -0.00000000
VJTU     1  Mu1.0025  In1.095                       0.26479508      0.00081055     -0.00208096     -0.00000169
VJTU     1  Mu1.0026  In1.095                       0.26518445      0.00648969     -0.01595931     -0.00010357
VJTU     1  Mu1.0027  In1.095                       0.26673851      0.00122497     -0.00302006     -0.00000370
VJTU     1  Mu1.0028  In1.095                       0.27542082     -0.00087877      0.00223279     -0.00000196
VJTU     1  Mu1.0029  In1.095                       0.29289535      0.00159723     -0.00336743     -0.00000538
VJTU     1  Mu1.0030  In1.095                       0.29503842     -0.00025981      0.00052603     -0.00000014
VJTU     1  Mu1.0031  In1.095                       0.29820828      0.00183011     -0.00438425     -0.00000802
VJTU     1  Mu1.0032  In1.095                       0.29906771      0.00096166     -0.00229059     -0.00000220
VJTU     1  Mu1.0001  In1.096                      -0.00063096     -0.00002630     -0.00000043      0.00000000
VJTU     1  Mu1.0002  In1.096                       0.03433545     -0.00005325      0.00003908     -0.00000000
VJTU     1  Mu1.0003  In1.096                       0.06500511      0.00239963     -0.00343699     -0.00000825
VJTU     1  Mu1.0004  In1.096                       0.08437565      0.00190672     -0.00322718     -0.00000615
VJTU     1  Mu1.0005  In1.096                       0.11724945      0.00037988     -0.00079429     -0.00000030
VJTU     1  Mu1.0006  In1.096                       0.13858010     -0.00026248      0.00059403     -0.00000016
VJTU     1  Mu1.0007  In1.096                       0.14105659      0.00000793     -0.00002143     -0.00000000
VJTU     1  Mu1.0008  In1.096                       0.15209205      0.00044825     -0.00103808     -0.00000047
VJTU     1  Mu1.0009  In1.096                       0.16479320      0.00041451     -0.00098071     -0.00000041
VJTU     1  Mu1.0010  In1.096                       0.19386219     -0.00000486      0.00000084     -0.00000000
VJTU     1  Mu1.0011  In1.096                       0.19917151     -0.00066492      0.00154261     -0.00000103
VJTU     1  Mu1.0012  In1.096                       0.20744481      0.00013163     -0.00024381     -0.00000003
VJTU     1  Mu1.0013  In1.096                       0.20754012     -0.00026505      0.00061937     -0.00000016
VJTU     1  Mu1.0014  In1.096                       0.20906205     -0.00008310      0.00018588     -0.00000002
VJTU     1  Mu1.0015  In1.096                       0.21010766     -0.00027288      0.00065643     -0.00000018
VJTU     1  Mu1.0016  In1.096                       0.21934006      0.00001710     -0.00003543     -0.00000000
VJTU     1  Mu1.0017  In1.096                       0.22371284     -0.00010654      0.00027506     -0.00000003
VJTU     1  Mu1.0018  In1.096                       0.23077034     -0.00020487      0.00050882     -0.00000010
VJTU     1  Mu1.0019  In1.096                       0.23370561     -0.00024416      0.00058503     -0.00000014
VJTU     1  Mu1.0020  In1.096                       0.24248160      0.00057001     -0.00135435     -0.00000077
VJTU     1  Mu1.0021  In1.096                       0.24383260      0.00017410     -0.00040655     -0.00000007
VJTU     1  Mu1.0022  In1.096                       0.25238582      0.00014479     -0.00035388     -0.00000005
VJTU     1  Mu1.0023  In1.096                       0.25313048      0.00017618     -0.00038105     -0.00000007
VJTU     1  Mu1.0024  In1.096                       0.25804041     -0.00075310      0.00170176     -0.00000128
VJTU     1  Mu1.0025  In1.096                       0.25963480      0.00006412     -0.00015621     -0.00000001
VJTU     1  Mu1.0026  In1.096                       0.26002416      0.00042520     -0.00100630     -0.00000043
VJTU     1  Mu1.0027  In1.096                       0.26157823     -0.00003675      0.00009513     -0.00000000
VJTU     1  Mu1.0028  In1.096                       0.27026054     -0.00003579      0.00008453     -0.00000000
VJTU     1  Mu1.0029  In1.096                       0.28773507      0.02381869     -0.05344549     -0.00127300
VJTU     1  Mu1.0030  In1.096                       0.28987814     -0.00594497      0.01338054     -0.00007955
VJTU     1  Mu1.0031  In1.096                       0.29304800     -0.00032917      0.00073017     -0.00000024
VJTU     1  Mu1.0032  In1.096                       0.29390743      0.00025633     -0.00057635     -0.00000015
VJTU     1  Mu1.0033  In1.096                       0.29698896     -0.00275693      0.00614896     -0.00001695
VJTU     1  Mu1.0034  In1.096                       0.29950795      0.00202886     -0.00459024     -0.00000931
VJTU     1  Mu1.0036  In1.096                       0.30381470      0.03802392     -0.08432618     -0.00320641
VJTU     1  Mu1.0042  In1.096                       0.35620078     -0.01693716      0.03545935     -0.00060058
VJTU     1  Mu1.0392  In1.096                       0.89451713     -0.02652193      0.02803508     -0.00074354
VJTU     1  Mu1.0001  In1.097                      -0.01391735      0.00114736      0.00039902      0.00000046
VJTU     1  Mu1.0002  In1.097                       0.02104906     -0.00090791      0.00044615     -0.00000041
VJTU     1  Mu1.0003  In1.097                       0.05171872     -0.04706202      0.05710469     -0.00268746
VJTU     1  Mu1.0004  In1.097                       0.07108925      0.03977339     -0.06178224     -0.00245729
VJTU     1  Mu1.0005  In1.097                       0.10396305     -0.00255184      0.00539028     -0.00001376
VJTU     1  Mu1.0006  In1.097                       0.12529370      0.00022699     -0.00049766     -0.00000011
VJTU     1  Mu1.0007  In1.097                       0.12777019     -0.00203647      0.00483054     -0.00000984
VJTU     1  Mu1.0008  In1.097                       0.13880565      0.00000893     -0.00002431     -0.00000000
VJTU     1  Mu1.0009  In1.097                       0.15150681     -0.00434949      0.01046761     -0.00004553
VJTU     1  Mu1.0010  In1.097                       0.18057579     -0.00222334      0.00538907     -0.00001198
VJTU     1  Mu1.0011  In1.097                       0.18588512     -0.00001199      0.00002755     -0.00000000
VJTU     1  Mu1.0012  In1.097                       0.19415841      0.00011364     -0.00026827     -0.00000003
VJTU     1  Mu1.0013  In1.097                       0.19425372      0.00027730     -0.00063618     -0.00000018
VJTU     1  Mu1.0014  In1.097                       0.19577566     -0.00194697      0.00493161     -0.00000960
VJTU     1  Mu1.0015  In1.097                       0.19682126      0.00034449     -0.00082747     -0.00000029
VJTU     1  Mu1.0016  In1.097                       0.20605366      0.00247238     -0.00611556     -0.00001512
VJTU     1  Mu1.0017  In1.097                       0.21042645      0.00700762     -0.01730959     -0.00012130
VJTU     1  Mu1.0018  In1.097                       0.21748394      0.00013023     -0.00033161     -0.00000004
VJTU     1  Mu1.0019  In1.097                       0.22041921      0.00346050     -0.00876745     -0.00003034
VJTU     1  Mu1.0020  In1.097                       0.22919520      0.00019533     -0.00046893     -0.00000009
VJTU     1  Mu1.0021  In1.097                       0.23054620     -0.00151891      0.00389192     -0.00000591
VJTU     1  Mu1.0022  In1.097                       0.23909942      0.00097061     -0.00233130     -0.00000226
VJTU     1  Mu1.0023  In1.097                       0.23984408      0.00001492     -0.00002786     -0.00000000
VJTU     1  Mu1.0024  In1.097                       0.24475401      0.00013624     -0.00033747     -0.00000005
VJTU     1  Mu1.0025  In1.097                       0.24634840     -0.00251579      0.00619144     -0.00001558
VJTU     1  Mu1.0026  In1.097                       0.24673777     -0.00412352      0.01034441     -0.00004266
VJTU     1  Mu1.0027  In1.097                       0.24829183      0.00391823     -0.00956774     -0.00003749
VJTU     1  Mu1.0028  In1.097                       0.25697414      0.00180420     -0.00444106     -0.00000801
VJTU     1  Mu1.0029  In1.097                       0.27444867     -0.00051969      0.00136076     -0.00000071
VJTU     1  Mu1.0030  In1.097                       0.27659174      0.00005050     -0.00013709     -0.00000001
VJTU     1  Mu1.0031  In1.097                       0.27976160      0.00155602     -0.00369812     -0.00000575
VJTU     1  Mu1.0032  In1.097                       0.28062103      0.00094671     -0.00220509     -0.00000209
VJTU     1  Mu1.0033  In1.097                       0.28370256      0.00001509     -0.00002601     -0.00000000
VJTU     1  Mu1.0034  In1.097                       0.28622155     -0.00000490     -0.00001265      0.00000000
VJTU     1  Mu1.0035  In1.097                       0.28872565      0.00201418     -0.00482741     -0.00000972
VJTU     1  Mu1.0036  In1.097                       0.29052830      0.00037629     -0.00081764     -0.00000031
VJTU     1  Mu1.0037  In1.097                       0.29663500      0.00001569     -0.00000265     -0.00000000
VJTU     1  Mu1.0038  In1.097                       0.29784304      0.00185174     -0.00420376     -0.00000778
VJTU     1  Mu1.0001  In1.098                      -0.02248093      0.00063690      0.00034666      0.00000022
VJTU     1  Mu1.0002  In1.098                       0.01248548      0.00037890     -0.00007908     -0.00000003
VJTU     1  Mu1.0003  In1.098                       0.04315514     -0.03657634      0.03569539     -0.00130561
VJTU     1  Mu1.0004  In1.098                       0.06252568     -0.00366582      0.00383488     -0.00001406
VJTU     1  Mu1.0005  In1.098                       0.09539948     -0.00364941      0.00670201     -0.00002446
VJTU     1  Mu1.0006  In1.098                       0.11673013      0.00241034     -0.00523845     -0.00001263
VJTU     1  Mu1.0007  In1.098                       0.11920662     -0.00061519      0.00153539     -0.00000094
VJTU     1  Mu1.0008  In1.098                       0.13024208      0.00001638     -0.00003431     -0.00000000
VJTU     1  Mu1.0009  In1.098                       0.14294323     -0.00403749      0.00872306     -0.00003522
VJTU     1  Mu1.0010  In1.098                       0.17201222     -0.00128851      0.00296417     -0.00000382
VJTU     1  Mu1.0011  In1.098                       0.17732154     -0.00002987      0.00006870     -0.00000000
VJTU     1  Mu1.0012  In1.098                       0.18559484      0.00045645     -0.00106080     -0.00000048
VJTU     1  Mu1.0013  In1.098                       0.18569015      0.00185714     -0.00430601     -0.00000800
VJTU     1  Mu1.0014  In1.098                       0.18721208     -0.00064832      0.00175696     -0.00000114
VJTU     1  Mu1.0015  In1.098                       0.18825769      0.00172232     -0.00385218     -0.00000663
VJTU     1  Mu1.0016  In1.098                       0.19749009      0.00073927     -0.00190919     -0.00000141
VJTU     1  Mu1.0017  In1.098                       0.20186287      0.00488083     -0.01185334     -0.00005785
VJTU     1  Mu1.0018  In1.098                       0.20892037      0.00009934     -0.00022985     -0.00000002
VJTU     1  Mu1.0019  In1.098                       0.21185564      0.00335272     -0.00785835     -0.00002635
VJTU     1  Mu1.0020  In1.098                       0.22063163      0.00011103     -0.00027855     -0.00000003
VJTU     1  Mu1.0021  In1.098                       0.22198263     -0.00217768      0.00536593     -0.00001169
VJTU     1  Mu1.0022  In1.098                       0.23053585     -0.00127648      0.00300712     -0.00000384
VJTU     1  Mu1.0023  In1.098                       0.23128051      0.00003080     -0.00009658     -0.00000000
VJTU     1  Mu1.0024  In1.098                       0.23619044      0.00005698     -0.00013620     -0.00000001
VJTU     1  Mu1.0025  In1.098                       0.23778483     -0.00140178      0.00336211     -0.00000471
VJTU     1  Mu1.0026  In1.098                       0.23817419     -0.00575177      0.01381545     -0.00007946
VJTU     1  Mu1.0027  In1.098                       0.23972826      0.00075004     -0.00180984     -0.00000136
VJTU     1  Mu1.0028  In1.098                       0.24841057      0.00125769     -0.00319151     -0.00000401
VJTU     1  Mu1.0029  In1.098                       0.26588510      0.00009533     -0.00011534     -0.00000001
VJTU     1  Mu1.0030  In1.098                       0.26802817     -0.00003730      0.00007708     -0.00000000
VJTU     1  Mu1.0031  In1.098                       0.27119803     -0.00045612      0.00095400     -0.00000044
VJTU     1  Mu1.0032  In1.098                       0.27205746     -0.00050014      0.00115398     -0.00000058
VJTU     1  Mu1.0033  In1.098                       0.27513898     -0.00007680      0.00018039     -0.00000001
VJTU     1  Mu1.0034  In1.098                       0.27765798      0.00012336     -0.00027178     -0.00000003
VJTU     1  Mu1.0035  In1.098                       0.28016208      0.00644149     -0.01490578     -0.00009602
VJTU     1  Mu1.0036  In1.098                       0.28196473      0.00043184     -0.00091341     -0.00000039
VJTU     1  Mu1.0037  In1.098                       0.28807142      0.00001128     -0.00002062     -0.00000000
VJTU     1  Mu1.0038  In1.098                       0.28927947     -0.00109700      0.00268040     -0.00000294
VJTU     1  Mu1.0039  In1.098                       0.29395530      0.00010083     -0.00032097     -0.00000003
VJTU     1  Mu1.0001  In1.099                      -0.03122840     -0.00001266     -0.00000992      0.00000000
VJTU     1  Mu1.0002  In1.099                       0.00373801     -0.00002184      0.00000182     -0.00000000
VJTU     1  Mu1.0003  In1.099                       0.03440767      0.00103338     -0.00082231     -0.00000085
VJTU     1  Mu1.0004  In1.099                       0.05377821      0.00064974     -0.00076577     -0.00000050
VJTU     1  Mu1.0005  In1.099                       0.08665201      0.00015240     -0.00026157     -0.00000004
VJTU     1  Mu1.0006  In1.099                       0.10798266     -0.00011641      0.00023411     -0.00000003
VJTU     1  Mu1.0007  In1.099                       0.11045915      0.00001323     -0.00002829     -0.00000000
VJTU     1  Mu1.0008  In1.099                       0.12149461      0.00007647     -0.00014064     -0.00000001
VJTU     1  Mu1.0009  In1.099                       0.13419576      0.00016009     -0.00034403     -0.00000006
VJTU     1  Mu1.0010  In1.099                       0.16326475      0.00000551     -0.00001512     -0.00000000
VJTU     1  Mu1.0011  In1.099                       0.16857407     -0.00030762      0.00070541     -0.00000022
VJTU     1  Mu1.0012  In1.099                       0.17684737     -0.00004646      0.00015169     -0.00000001
VJTU     1  Mu1.0013  In1.099                       0.17694267     -0.00007481      0.00016478     -0.00000001
VJTU     1  Mu1.0014  In1.099                       0.17846461     -0.00001595      0.00003909     -0.00000000
VJTU     1  Mu1.0015  In1.099                       0.17951021     -0.00010229      0.00023677     -0.00000002
VJTU     1  Mu1.0016  In1.099                       0.18874261     -0.00000393      0.00001629     -0.00000000
VJTU     1  Mu1.0017  In1.099                       0.19311540     -0.00005751      0.00014226     -0.00000001
VJTU     1  Mu1.0018  In1.099                       0.20017290      0.00009986     -0.00026577     -0.00000003
VJTU     1  Mu1.0019  In1.099                       0.20310817     -0.00011507      0.00028037     -0.00000003
VJTU     1  Mu1.0020  In1.099                       0.21188415      0.00024195     -0.00064087     -0.00000016
VJTU     1  Mu1.0021  In1.099                       0.21323516      0.00005859     -0.00015031     -0.00000001
VJTU     1  Mu1.0022  In1.099                       0.22178838      0.00006706     -0.00014784     -0.00000001
VJTU     1  Mu1.0023  In1.099                       0.22253303      0.00026709     -0.00072466     -0.00000019
VJTU     1  Mu1.0024  In1.099                       0.22744297     -0.00029319      0.00066464     -0.00000019
VJTU     1  Mu1.0025  In1.099                       0.22903736      0.00003811     -0.00009523     -0.00000000
VJTU     1  Mu1.0026  In1.099                       0.22942672      0.00018895     -0.00045697     -0.00000009
VJTU     1  Mu1.0027  In1.099                       0.23098078     -0.00004364      0.00010365     -0.00000000
VJTU     1  Mu1.0028  In1.099                       0.23966310     -0.00001335      0.00004344     -0.00000000
VJTU     1  Mu1.0029  In1.099                       0.25713763      0.00903441     -0.02065102     -0.00018657
VJTU     1  Mu1.0030  In1.099                       0.25928070     -0.00205730      0.00466362     -0.00000959
VJTU     1  Mu1.0031  In1.099                       0.26245055     -0.00011638      0.00026559     -0.00000003
VJTU     1  Mu1.0032  In1.099                       0.26330999      0.00010011     -0.00023105     -0.00000002
VJTU     1  Mu1.0033  In1.099                       0.26639151     -0.00065305      0.00147055     -0.00000096
VJTU     1  Mu1.0034  In1.099                       0.26891050      0.00127140     -0.00299388     -0.00000381
VJTU     1  Mu1.0035  In1.099                       0.27141460     -0.00024108      0.00053730     -0.00000013
VJTU     1  Mu1.0036  In1.099                       0.27321726      0.01401334     -0.03172771     -0.00044461
VJTU     1  Mu1.0037  In1.099                       0.27932395      0.00049019     -0.00114741     -0.00000056
VJTU     1  Mu1.0038  In1.099                       0.28053199      0.00011004     -0.00024088     -0.00000003
VJTU     1  Mu1.0039  In1.099                       0.28520783      0.00008807     -0.00020567     -0.00000002
VJTU     1  Mu1.0040  In1.099                       0.29344517      0.00038975     -0.00089084     -0.00000035
VJTU     1  Mu1.0001  In1.100                      -0.05388633     -0.00023402     -0.00029937      0.00000007
VJTU     1  Mu1.0002  In1.100                      -0.01891992     -0.00061451     -0.00025691      0.00000016
VJTU     1  Mu1.0003  In1.100                       0.01174974      0.01724343     -0.00500400     -0.00008629
VJTU     1  Mu1.0004  In1.100                       0.03112027      0.01788635     -0.01359874     -0.00024323
VJTU     1  Mu1.0005  In1.100                       0.06399408      0.00278245     -0.00407985     -0.00001135
VJTU     1  Mu1.0006  In1.100                       0.08532473     -0.00221660      0.00420854     -0.00000933
VJTU     1  Mu1.0007  In1.100                       0.08780122     -0.00040439      0.00079954     -0.00000032
VJTU     1  Mu1.0008  In1.100                       0.09883667     -0.00001742      0.00003295     -0.00000000
VJTU     1  Mu1.0009  In1.100                       0.11153783      0.00230003     -0.00481328     -0.00001107
VJTU     1  Mu1.0010  In1.100                       0.14060681      0.00045888     -0.00109381     -0.00000050
VJTU     1  Mu1.0011  In1.100                       0.14591614      0.00001673     -0.00003757     -0.00000000
VJTU     1  Mu1.0012  In1.100                       0.15418943     -0.00028634      0.00068465     -0.00000020
VJTU     1  Mu1.0013  In1.100                       0.15428474     -0.00123690      0.00295950     -0.00000366
VJTU     1  Mu1.0014  In1.100                       0.15580668     -0.00046373      0.00110204     -0.00000051
VJTU     1  Mu1.0015  In1.100                       0.15685228     -0.00168641      0.00409437     -0.00000690
VJTU     1  Mu1.0016  In1.100                       0.16608468      0.00013577     -0.00031832     -0.00000004
VJTU     1  Mu1.0017  In1.100                       0.17045747     -0.00133765      0.00328604     -0.00000440
VJTU     1  Mu1.0018  In1.100                       0.17751496     -0.00004783      0.00011262     -0.00000001
VJTU     1  Mu1.0019  In1.100                       0.18045024     -0.00171561      0.00418496     -0.00000718
VJTU     1  Mu1.0020  In1.100                       0.18922622     -0.00004478      0.00012196     -0.00000001
VJTU     1  Mu1.0021  In1.100                       0.19057723      0.00081210     -0.00202327     -0.00000164
VJTU     1  Mu1.0022  In1.100                       0.19913044      0.00084368     -0.00209350     -0.00000177
VJTU     1  Mu1.0023  In1.100                       0.19987510     -0.00001175      0.00005233     -0.00000000
VJTU     1  Mu1.0024  In1.100                       0.20478504      0.00001242     -0.00003502     -0.00000000
VJTU     1  Mu1.0025  In1.100                       0.20637943      0.00012380     -0.00029021     -0.00000004
VJTU     1  Mu1.0026  In1.100                       0.20676879      0.00250441     -0.00623518     -0.00001562
VJTU     1  Mu1.0027  In1.100                       0.20832285      0.00069216     -0.00177807     -0.00000123
VJTU     1  Mu1.0028  In1.100                       0.21700517     -0.00035210      0.00094749     -0.00000033
VJTU     1  Mu1.0029  In1.100                       0.23447970     -0.00053006      0.00139202     -0.00000074
VJTU     1  Mu1.0030  In1.100                       0.23662277      0.00014026     -0.00037248     -0.00000005
VJTU     1  Mu1.0031  In1.100                       0.23979262      0.00081458     -0.00203290     -0.00000166
VJTU     1  Mu1.0032  In1.100                       0.24065206      0.00014369     -0.00032754     -0.00000005
VJTU     1  Mu1.0033  In1.100                       0.24373358      0.00009564     -0.00024468     -0.00000002
VJTU     1  Mu1.0034  In1.100                       0.24625257     -0.00010105      0.00021835     -0.00000002
VJTU     1  Mu1.0035  In1.100                       0.24875667     -0.00374146      0.00918420     -0.00003436
VJTU     1  Mu1.0036  In1.100                       0.25055933     -0.00060698      0.00152004     -0.00000092
VJTU     1  Mu1.0037  In1.100                       0.25666602     -0.00000414      0.00000299     -0.00000000
VJTU     1  Mu1.0038  In1.100                       0.25787406      0.00098895     -0.00244486     -0.00000242
VJTU     1  Mu1.0039  In1.100                       0.26254989     -0.00005375      0.00016429     -0.00000001
VJTU     1  Mu1.0040  In1.100                       0.27078724     -0.00001764      0.00004704     -0.00000000
VJTIP    1  Mu1.0033  In1.100 In1.100               0.86052062     -0.02627873      0.02901103     -0.00076237
VJTIM    1  Mu1.0021  In1.100 In1.088               0.92635476      0.02410768     -0.02556785     -0.00061638
ATVX     1  Mu1.0001  Se1.113                      -0.17589856     -0.00000137     -0.00000271      0.00000000
ATVX     1  Mu1.0002  Se1.113                      -0.13111527      0.00000229      0.00000530      0.00000000
ATVX     1  Mu1.0003  Se1.113                      -0.09127809     -0.00000943     -0.00001878      0.00000000
ATVX     1  Mu1.0004  Se1.113                      -0.08747947     -0.00000853     -0.00001404      0.00000000
ATVX     1  Mu1.0005  Se1.113                      -0.06639058      0.00000949      0.00001332      0.00000000
ATVX     1  Mu1.0006  Se1.113                      -0.03917524     -0.00000792     -0.00000624      0.00000000
ATVX     1  Mu1.0007  Se1.113                       0.00457701     -0.00001414      0.00000124     -0.00000000
ATVX     1  Mu1.0008  Se1.113                       0.01036332      0.00001292     -0.00000236     -0.00000000
ATVX     1  Mu1.0009  Se1.113                       0.02574893      0.00001242     -0.00000522     -0.00000000
ATVX     1  Mu1.0010  Se1.113                       0.06944640      0.00005742     -0.00016860     -0.00000001
ATVX     1  Mu1.0011  Se1.113                       0.07682534     -0.00000696      0.00001185     -0.00000000
ATVX     1  Mu1.0012  Se1.113                       0.08912330     -0.00001039      0.00002018     -0.00000000
ATVX     1  Mu1.0013  Se1.113                       0.09599134      0.00029784     -0.00048002     -0.00000014
ATVX     1  Mu1.0014  Se1.113                       0.10786351     -0.00018746      0.00039502     -0.00000007
ATVX     1  Mu1.0015  Se1.113                       0.12538389      0.00007850     -0.00022337     -0.00000002
ATVX     1  Mu1.0016  Se1.113                       0.13902693     -0.00005966      0.00035319     -0.00000002
ATVX     1  Mu1.0017  Se1.113                       0.15518629     -0.00000713      0.00001380     -0.00000000
ATVX     1  Mu1.0018  Se1.113                       0.15776696     -0.00004771      0.00004205     -0.00000000
ATVX     1  Mu1.0019  Se1.113                       0.17373005      0.00018433     -0.00031696     -0.00000006
ATVX     1  Mu1.0020  Se1.113                       0.17783208      0.00067155     -0.00147194     -0.00000099
ATVX     1  Mu1.0021  Se1.113                       0.18007403      0.00087570     -0.00210812     -0.00000185
ATVX     1  Mu1.0022  Se1.113                       0.18758358      0.00041227     -0.00051006     -0.00000021
ATVX     1  Mu1.0023  Se1.113                       0.18947552     -0.00002673      0.00004415     -0.00000000
ATVX     1  Mu1.0024  Se1.113                       0.20319576     -0.00003093      0.00009982     -0.00000000
ATVX     1  Mu1.0025  Se1.113                       0.21467753     -0.00007208      0.00056267     -0.00000004
ATVX     1  Mu1.0026  Se1.113                       0.21627472      0.00000186     -0.00000788     -0.00000000
ATVX     1  Mu1.0027  Se1.113                       0.22008957     -0.00022817      0.00068098     -0.00000016
ATVX     1  Mu1.0028  Se1.113                       0.22145578     -0.00107537      0.00226783     -0.00000244
ATVX     1  Mu1.0029  Se1.113                       0.22770834     -0.00000035      0.00000194     -0.00000000
ATVX     1  Mu1.0030  Se1.113                       0.23037976     -0.00029472      0.00084140     -0.00000025
ATVX     1  Mu1.0031  Se1.113                       0.23440540      0.00045431     -0.00112645     -0.00000051
ATVX     1  Mu1.0032  Se1.113                       0.24042485     -0.00001362      0.00005525     -0.00000000
ATVX     1  Mu1.0033  Se1.113                       0.24432678     -0.00020752      0.00055537     -0.00000012
ATVX     1  Mu1.0034  Se1.113                       0.25334256      0.00040932     -0.00104065     -0.00000043
ATVX     1  Mu1.0035  Se1.113                       0.25509306      0.00030558     -0.00081815     -0.00000025
ATVX     1  Mu1.0036  Se1.113                       0.26257316      0.00088015     -0.00202433     -0.00000178
ATVX     1  Mu1.0037  Se1.113                       0.26382268      0.00119144     -0.00288022     -0.00000343
ATVX     1  Mu1.0038  Se1.113                       0.26605773      0.00028092     -0.00072005     -0.00000020
ATVX     1  Mu1.0039  Se1.113                       0.26817029     -0.00117632      0.00307148     -0.00000361
ATVX     1  Mu1.0040  Se1.113                       0.27134931      0.00163265     -0.00379704     -0.00000620
ATVX     1  Mu1.0041  Se1.113                       0.27198983      0.00002953     -0.00006741     -0.00000000
ATVX     1  Mu1.0042  Se1.113                       0.27266658     -0.00006832      0.00017259     -0.00000001
ATVX     1  Mu1.0043  Se1.113                       0.27456943      0.00034930     -0.00083133     -0.00000029
ATVX     1  Mu1.0044  Se1.113                       0.28119713     -0.00025909      0.00063688     -0.00000017
ATVX     1  Mu1.0045  Se1.113                       0.28215123     -0.00018220      0.00041155     -0.00000007
ATVX     1  Mu1.0046  Se1.113                       0.28329389     -0.00000143      0.00000610     -0.00000000
ATVX     1  Mu1.0047  Se1.113                       0.28348370      0.00001782     -0.00005225     -0.00000000
ATVX     1  Mu1.0048  Se1.113                       0.29039861      0.00006624     -0.00017131     -0.00000001
ATVX     1  Mu1.0049  Se1.113                       0.29127863      0.00039941     -0.00098778     -0.00000039
ATVX     1  Mu1.0050  Se1.113                       0.29406315     -0.00000863     -0.00000825      0.00000000
ATVX     1  Mu1.0051  Se1.113                       0.29941311     -0.00001261      0.00003264     -0.00000000
ATVX     1  Mu1.0001  Se1.114                      -0.14224671      0.00010842      0.00028030      0.00000003
ATVX     1  Mu1.0002  Se1.114                      -0.09746341     -0.00008355     -0.00018158      0.00000002
ATVX     1  Mu1.0003  Se1.114                      -0.05762624      0.00001664      0.00001784      0.00000000
ATVX     1  Mu1.0004  Se1.114                      -0.05382762      0.00026961      0.00034595      0.00000009
ATVX     1  Mu1.0005  Se1.114                      -0.03273873     -0.00033060     -0.00026704      0.00000009
ATVX     1  Mu1.0006  Se1.114                      -0.00552339     -0.00010701     -0.00001535      0.00000000
ATVX     1  Mu1.0007  Se1.114                       0.03822886      0.00018633     -0.00017013     -0.00000003
ATVX     1  Mu1.0008  Se1.114                       0.04401517     -0.00032007      0.00034441     -0.00000011
ATVX     1  Mu1.0009  Se1.114                       0.05940079     -0.00086806      0.00117108     -0.00000102
ATVX     1  Mu1.0010  Se1.114                       0.10309825      0.00000638     -0.00001409     -0.00000000
ATVX     1  Mu1.0011  Se1.114                       0.11047719      0.00032141     -0.00067686     -0.00000022
ATVX     1  Mu1.0012  Se1.114                       0.12277515     -0.00054070      0.00120581     -0.00000065
ATVX     1  Mu1.0013  Se1.114                       0.12964319      0.00000691     -0.00001781     -0.00000000
ATVX     1  Mu1.0014  Se1.114                       0.14151537      0.00000547     -0.00000914     -0.00000000
ATVX     1  Mu1.0015  Se1.114                       0.15903575      0.00000159     -0.00000521     -0.00000000
ATVX     1  Mu1.0016  Se1.114                       0.17267878      0.00000432     -0.00001142     -0.00000000
ATVX     1  Mu1.0017  Se1.114                       0.18883815     -0.00006611      0.00016973     -0.00000001
ATVX     1  Mu1.0018  Se1.114                       0.19141882     -0.00000832      0.00001930     -0.00000000
ATVX     1  Mu1.0019  Se1.114                       0.20738190     -0.00000445      0.00001242     -0.00000000
ATVX     1  Mu1.0020  Se1.114                       0.21148393      0.00001990     -0.00005068     -0.00000000
ATVX     1  Mu1.0021  Se1.114                       0.21372588     -0.00000178      0.00000540     -0.00000000
ATVX     1  Mu1.0022  Se1.114                       0.22123543     -0.00002438      0.00006196     -0.00000000
ATVX     1  Mu1.0023  Se1.114                       0.22312737      0.00026110     -0.00063697     -0.00000017
ATVX     1  Mu1.0024  Se1.114                       0.23684761     -0.00028068      0.00085108     -0.00000024
ATVX     1  Mu1.0025  Se1.114                       0.24832938      0.00000888     -0.00002764     -0.00000000
ATVX     1  Mu1.0026  Se1.114                       0.24992658     -0.00000202      0.00000645     -0.00000000
ATVX     1  Mu1.0027  Se1.114                       0.25374142      0.00002353     -0.00006446     -0.00000000
ATVX     1  Mu1.0028  Se1.114                       0.25510764     -0.00004365      0.00008568     -0.00000000
ATVX     1  Mu1.0029  Se1.114                       0.26136020      0.00013610     -0.00035012     -0.00000005
ATVX     1  Mu1.0030  Se1.114                       0.26403161      0.00000138     -0.00000091     -0.00000000
ATVX     1  Mu1.0031  Se1.114                       0.26805726      0.00000054     -0.00000040     -0.00000000
ATVX     1  Mu1.0032  Se1.114                       0.27407671     -0.00010815      0.00025959     -0.00000003
ATVX     1  Mu1.0033  Se1.114                       0.27797864     -0.00000023     -0.00001126      0.00000000
ATVX     1  Mu1.0034  Se1.114                       0.28699442      0.00000646     -0.00000332     -0.00000000
ATVX     1  Mu1.0035  Se1.114                       0.28874491     -0.00002220      0.00003804     -0.00000000
ATVX     1  Mu1.0036  Se1.114                       0.29622501      0.00000731     -0.00002070     -0.00000000
ATVX     1  Mu1.0037  Se1.114                       0.29747454      0.00001584     -0.00004015     -0.00000000
ATVX     1  Mu1.0038  Se1.114                       0.29970958     -0.00000426      0.00000930     -0.00000000
ATVX     1  Mu1.0001  Se1.115                      -0.13810407     -0.00000023     -0.00000035      0.00000000
ATVX     1  Mu1.0002  Se1.115                      -0.09332077     -0.00000078     -0.00000146      0.00000000
ATVX     1  Mu1.0003  Se1.115                      -0.05348360     -0.00000335     -0.00000454      0.00000000
ATVX     1  Mu1.0004  Se1.115                      -0.04968498     -0.00000159     -0.00000216      0.00000000
ATVX     1  Mu1.0005  Se1.115                      -0.02859609      0.00000335      0.00000288      0.00000000
ATVX     1  Mu1.0006  Se1.115                      -0.00138075     -0.00000594     -0.00000017      0.00000000
ATVX     1  Mu1.0007  Se1.115                       0.04237150      0.00000183     -0.00000147     -0.00000000
ATVX     1  Mu1.0008  Se1.115                       0.04815781      0.00000514     -0.00000422     -0.00000000
ATVX     1  Mu1.0009  Se1.115                       0.06354343     -0.00000120      0.00000150     -0.00000000
ATVX     1  Mu1.0010  Se1.115                       0.10724089     -0.00004630     -0.00002100      0.00000000
ATVX     1  Mu1.0011  Se1.115                       0.11461983      0.00000244     -0.00000221     -0.00000000
ATVX     1  Mu1.0012  Se1.115                       0.12691779     -0.00000260      0.00000929     -0.00000000
ATVX     1  Mu1.0013  Se1.115                       0.13378583      0.00046443     -0.00081267     -0.00000038
ATVX     1  Mu1.0014  Se1.115                       0.14565800     -0.00046992      0.00077571     -0.00000036
ATVX     1  Mu1.0015  Se1.115                       0.16317838      0.00007614     -0.00015756     -0.00000001
ATVX     1  Mu1.0016  Se1.115                       0.17682142      0.00017503     -0.00019288     -0.00000003
ATVX     1  Mu1.0017  Se1.115                       0.19298078      0.00000252     -0.00000809     -0.00000000
ATVX     1  Mu1.0018  Se1.115                       0.19556146     -0.00004890      0.00016710     -0.00000001
ATVX     1  Mu1.0019  Se1.115                       0.21152454      0.00001471     -0.00005367     -0.00000000
ATVX     1  Mu1.0020  Se1.115                       0.21562657     -0.00020602      0.00037771     -0.00000008
ATVX     1  Mu1.0021  Se1.115                       0.21786852      0.00006305     -0.00017633     -0.00000001
ATVX     1  Mu1.0022  Se1.115                       0.22537807     -0.00067341      0.00156415     -0.00000105
ATVX     1  Mu1.0023  Se1.115                       0.22727001      0.00002845     -0.00006355     -0.00000000
ATVX     1  Mu1.0024  Se1.115                       0.24099025     -0.00001424      0.00004277     -0.00000000
ATVX     1  Mu1.0025  Se1.115                       0.25247202      0.00000534      0.00004863      0.00000000
ATVX     1  Mu1.0026  Se1.115                       0.25406922      0.00000132     -0.00000460     -0.00000000
ATVX     1  Mu1.0027  Se1.115                       0.25788406     -0.00017474      0.00050875     -0.00000009
ATVX     1  Mu1.0028  Se1.115                       0.25925027      0.00005298     -0.00000241     -0.00000000
ATVX     1  Mu1.0029  Se1.115                       0.26550283      0.00000159     -0.00000234     -0.00000000
ATVX     1  Mu1.0030  Se1.115                       0.26817425     -0.00044813      0.00113358     -0.00000051
ATVX     1  Mu1.0031  Se1.115                       0.27219990      0.00042307     -0.00111132     -0.00000047
ATVX     1  Mu1.0032  Se1.115                       0.27821934     -0.00000545      0.00001802     -0.00000000
ATVX     1  Mu1.0033  Se1.115                       0.28212128     -0.00029106      0.00072696     -0.00000021
ATVX     1  Mu1.0034  Se1.115                       0.29113706      0.00009768     -0.00028657     -0.00000003
ATVX     1  Mu1.0035  Se1.115                       0.29288755      0.00003774     -0.00013568     -0.00000001
ATVX     1  Mu1.0001  Se1.116                      -0.13285587      0.00000135      0.00000314      0.00000000
ATVX     1  Mu1.0002  Se1.116                      -0.08807257      0.00000006      0.00000064      0.00000000
ATVX     1  Mu1.0003  Se1.116                      -0.04823540     -0.00001091     -0.00001255      0.00000000
ATVX     1  Mu1.0004  Se1.116                      -0.04443678     -0.00000006     -0.00000294      0.00000000
ATVX     1  Mu1.0005  Se1.116                      -0.02334789     -0.00000335     -0.00000356      0.00000000
ATVX     1  Mu1.0006  Se1.116                       0.00386745      0.00000507     -0.00000045     -0.00000000
ATVX     1  Mu1.0007  Se1.116                       0.04761970      0.00000186     -0.00000176     -0.00000000
ATVX     1  Mu1.0008  Se1.116                       0.05340601     -0.00000183      0.00000077     -0.00000000
ATVX     1  Mu1.0009  Se1.116                       0.06879163     -0.00000007      0.00000015     -0.00000000
ATVX     1  Mu1.0010  Se1.116                       0.11248909     -0.00002374     -0.00002125      0.00000000
ATVX     1  Mu1.0011  Se1.116                       0.11986803     -0.00000290      0.00000992     -0.00000000
ATVX     1  Mu1.0012  Se1.116                       0.13216599      0.00000039      0.00000206      0.00000000
ATVX     1  Mu1.0013  Se1.116                       0.13903403      0.00003875      0.00026895      0.00000001
ATVX     1  Mu1.0014  Se1.116                       0.15090620      0.00001296      0.00052680      0.00000001
ATVX     1  Mu1.0015  Se1.116                       0.16842658      0.00011425     -0.00028013     -0.00000003
ATVX     1  Mu1.0016  Se1.116                       0.18206962     -0.00019865      0.00091283     -0.00000018
ATVX     1  Mu1.0017  Se1.116                       0.19822898      0.00000865     -0.00002383     -0.00000000
ATVX     1  Mu1.0018  Se1.116                       0.20080966     -0.00005982      0.00014219     -0.00000001
ATVX     1  Mu1.0019  Se1.116                       0.21677274     -0.00004677      0.00008585     -0.00000000
ATVX     1  Mu1.0020  Se1.116                       0.22087477     -0.00043228      0.00091148     -0.00000039
ATVX     1  Mu1.0021  Se1.116                       0.22311672     -0.00040059      0.00107458     -0.00000043
ATVX     1  Mu1.0022  Se1.116                       0.23062627     -0.00015347      0.00041617     -0.00000006
ATVX     1  Mu1.0023  Se1.116                       0.23251821      0.00001231     -0.00003011     -0.00000000
ATVX     1  Mu1.0024  Se1.116                       0.24623845     -0.00001162      0.00004191     -0.00000000
ATVX     1  Mu1.0025  Se1.116                       0.25772022     -0.00009982      0.00032681     -0.00000003
ATVX     1  Mu1.0026  Se1.116                       0.25931742      0.00000572     -0.00001576     -0.00000000
ATVX     1  Mu1.0027  Se1.116                       0.26313226     -0.00020955      0.00069984     -0.00000015
ATVX     1  Mu1.0028  Se1.116                       0.26449847     -0.00044895      0.00109138     -0.00000049
ATVX     1  Mu1.0029  Se1.116                       0.27075103     -0.00000347      0.00000851     -0.00000000
ATVX     1  Mu1.0030  Se1.116                       0.27342245     -0.00097535      0.00244148     -0.00000238
ATVX     1  Mu1.0031  Se1.116                       0.27744810     -0.00070510      0.00170857     -0.00000120
ATVX     1  Mu1.0032  Se1.116                       0.28346754     -0.00007207      0.00016961     -0.00000001
ATVX     1  Mu1.0033  Se1.116                       0.28736948      0.00068502     -0.00167119     -0.00000114
ATVX     1  Mu1.0034  Se1.116                       0.29638526      0.00020150     -0.00040928     -0.00000008
ATVX     1  Mu1.0035  Se1.116                       0.29813575      0.00025495     -0.00053058     -0.00000014
ATVX     1  Mu1.0001  Se1.117                      -0.12964115      0.00004167      0.00010216      0.00000000
ATVX     1  Mu1.0002  Se1.117                      -0.08485785      0.00002436      0.00004656      0.00000000
ATVX     1  Mu1.0003  Se1.117                      -0.04502068      0.00000993      0.00001024      0.00000000
ATVX     1  Mu1.0004  Se1.117                      -0.04122206     -0.00002266     -0.00002206      0.00000000
ATVX     1  Mu1.0005  Se1.117                      -0.02013317     -0.00002283     -0.00001118      0.00000000
ATVX     1  Mu1.0006  Se1.117                       0.00708217      0.00000949     -0.00000179     -0.00000000
ATVX     1  Mu1.0007  Se1.117                       0.05083442      0.00003294     -0.00003769     -0.00000000
ATVX     1  Mu1.0008  Se1.117                       0.05662073     -0.00003778      0.00005025     -0.00000000
ATVX     1  Mu1.0009  Se1.117                       0.07200635      0.00005281     -0.00008205     -0.00000000
ATVX     1  Mu1.0010  Se1.117                       0.11570381     -0.00000129      0.00000311     -0.00000000
ATVX     1  Mu1.0011  Se1.117                       0.12308275     -0.00003851      0.00008639     -0.00000000
ATVX     1  Mu1.0012  Se1.117                       0.13538071     -0.00001014      0.00002395     -0.00000000
ATVX     1  Mu1.0013  Se1.117                       0.14224875      0.00000009     -0.00000037     -0.00000000
ATVX     1  Mu1.0014  Se1.117                       0.15412092      0.00000027     -0.00000045     -0.00000000
ATVX     1  Mu1.0015  Se1.117                       0.17164130      0.00000070     -0.00000195     -0.00000000
ATVX     1  Mu1.0016  Se1.117                       0.18528434     -0.00000066      0.00000206     -0.00000000
ATVX     1  Mu1.0017  Se1.117                       0.20144370      0.00003209     -0.00008363     -0.00000000
ATVX     1  Mu1.0018  Se1.117                       0.20402438      0.00000193     -0.00000521     -0.00000000
ATVX     1  Mu1.0019  Se1.117                       0.21998746     -0.00000084      0.00000179     -0.00000000
ATVX     1  Mu1.0020  Se1.117                       0.22408949     -0.00000154      0.00000179     -0.00000000
ATVX     1  Mu1.0021  Se1.117                       0.22633144      0.00000096     -0.00000432     -0.00000000
ATVX     1  Mu1.0022  Se1.117                       0.23384099      0.00000180     -0.00000332     -0.00000000
ATVX     1  Mu1.0023  Se1.117                       0.23573293      0.00001365     -0.00003778     -0.00000000
ATVX     1  Mu1.0024  Se1.117                       0.24945317      0.00006086     -0.00015839     -0.00000001
ATVX     1  Mu1.0025  Se1.117                       0.26093494     -0.00000173      0.00000486     -0.00000000
ATVX     1  Mu1.0026  Se1.117                       0.26253214      0.00004790     -0.00011550     -0.00000001
ATVX     1  Mu1.0027  Se1.117                       0.26634698     -0.00000336      0.00000913     -0.00000000
ATVX     1  Mu1.0028  Se1.117                       0.26771319      0.00000080     -0.00000236     -0.00000000
ATVX     1  Mu1.0029  Se1.117                       0.27396575     -0.00000288      0.00000659     -0.00000000
ATVX     1  Mu1.0030  Se1.117                       0.27663717      0.00000006      0.00000064      0.00000000
ATVX     1  Mu1.0031  Se1.117                       0.28066282      0.00000031     -0.00000085     -0.00000000
ATVX     1  Mu1.0032  Se1.117                       0.28668226      0.00000980     -0.00003738     -0.00000000
ATVX     1  Mu1.0033  Se1.117                       0.29058420     -0.00000190      0.00000315     -0.00000000
ATVX     1  Mu1.0034  Se1.117                       0.29959998      0.00000854     -0.00001664     -0.00000000
ATVX     1  Mu1.0001  Se1.118                      -0.12044790      0.00000028      0.00000062      0.00000000
ATVX     1  Mu1.0002  Se1.118                      -0.07566460     -0.00000097     -0.00000154      0.00000000
ATVX     1  Mu1.0003  Se1.118                      -0.03582742     -0.00000271     -0.00000222      0.00000000
ATVX     1  Mu1.0004  Se1.118                      -0.03202881     -0.00000045     -0.00000001      0.00000000
ATVX     1  Mu1.0005  Se1.118                      -0.01093992      0.00000213      0.00000050      0.00000000
ATVX     1  Mu1.0006  Se1.118                       0.01627542     -0.00000407      0.00000143     -0.00000000
ATVX     1  Mu1.0007  Se1.118                       0.06002767      0.00000469     -0.00000442     -0.00000000
ATVX     1  Mu1.0008  Se1.118                       0.06581398      0.00000033     -0.00000032     -0.00000000
ATVX     1  Mu1.0009  Se1.118                       0.08119960     -0.00000453      0.00000498     -0.00000000
ATVX     1  Mu1.0010  Se1.118                       0.12489706     -0.00003395     -0.00001029      0.00000000
ATVX     1  Mu1.0011  Se1.118                       0.13227601      0.00000215     -0.00000271     -0.00000000
ATVX     1  Mu1.0012  Se1.118                       0.14457397      0.00000257     -0.00000377     -0.00000000
ATVX     1  Mu1.0013  Se1.118                       0.15144200      0.00033620     -0.00069664     -0.00000023
ATVX     1  Mu1.0014  Se1.118                       0.16331418     -0.00023136      0.00039767     -0.00000009
ATVX     1  Mu1.0015  Se1.118                       0.18083456      0.00003274     -0.00008169     -0.00000000
ATVX     1  Mu1.0016  Se1.118                       0.19447759      0.00012178     -0.00020325     -0.00000002
ATVX     1  Mu1.0017  Se1.118                       0.21063696      0.00000809     -0.00001802     -0.00000000
ATVX     1  Mu1.0018  Se1.118                       0.21321763     -0.00011795      0.00030190     -0.00000004
ATVX     1  Mu1.0019  Se1.118                       0.22918071     -0.00002254     -0.00003671      0.00000000
ATVX     1  Mu1.0020  Se1.118                       0.23328274     -0.00045706      0.00086944     -0.00000040
ATVX     1  Mu1.0021  Se1.118                       0.23552469     -0.00032752      0.00062956     -0.00000021
ATVX     1  Mu1.0022  Se1.118                       0.24303424     -0.00094734      0.00178163     -0.00000169
ATVX     1  Mu1.0023  Se1.118                       0.24492618      0.00003846     -0.00006913     -0.00000000
ATVX     1  Mu1.0024  Se1.118                       0.25864642     -0.00000622      0.00001952     -0.00000000
ATVX     1  Mu1.0025  Se1.118                       0.27012819      0.00000755     -0.00000083     -0.00000000
ATVX     1  Mu1.0026  Se1.118                       0.27172539     -0.00000038     -0.00000012      0.00000000
ATVX     1  Mu1.0027  Se1.118                       0.27554023     -0.00007736      0.00022111     -0.00000002
ATVX     1  Mu1.0028  Se1.118                       0.27690645      0.00054284     -0.00089293     -0.00000048
ATVX     1  Mu1.0029  Se1.118                       0.28315901      0.00000165     -0.00000228     -0.00000000
ATVX     1  Mu1.0030  Se1.118                       0.28583042     -0.00035346      0.00086422     -0.00000031
ATVX     1  Mu1.0031  Se1.118                       0.28985607      0.00034463     -0.00089889     -0.00000031
ATVX     1  Mu1.0032  Se1.118                       0.29587552     -0.00000857      0.00002201     -0.00000000
ATVX     1  Mu1.0033  Se1.118                       0.29977745     -0.00024064      0.00058595     -0.00000014
ATVX     1  Mu1.0001  Se1.119                      -0.12012948      0.00004361      0.00010352      0.00000000
ATVX     1  Mu1.0002  Se1.119                      -0.07534618     -0.00003287     -0.00005893      0.00000000
ATVX     1  Mu1.0003  Se1.119                      -0.03550901      0.00001996      0.00001724      0.00000000
ATVX     1  Mu1.0004  Se1.119                      -0.03171039      0.00012725      0.00010059      0.00000001
ATVX     1  Mu1.0005  Se1.119                      -0.01062150     -0.00019722     -0.00005275      0.00000001
ATVX     1  Mu1.0006  Se1.119                       0.01659384     -0.00003285      0.00001349     -0.00000000
ATVX     1  Mu1.0007  Se1.119                       0.06034609     -0.00006021      0.00008395     -0.00000001
ATVX     1  Mu1.0008  Se1.119                       0.06613240     -0.00002532      0.00004323     -0.00000000
ATVX     1  Mu1.0009  Se1.119                       0.08151802      0.00011547     -0.00019884     -0.00000002
ATVX     1  Mu1.0010  Se1.119                       0.12521548      0.00000105     -0.00000241     -0.00000000
ATVX     1  Mu1.0011  Se1.119                       0.13259442     -0.00000131     -0.00000095      0.00000000
ATVX     1  Mu1.0012  Se1.119                       0.14489238      0.00010996     -0.00025491     -0.00000003
ATVX     1  Mu1.0013  Se1.119                       0.15176042      0.00000105     -0.00000311     -0.00000000
ATVX     1  Mu1.0014  Se1.119                       0.16363259      0.00000312     -0.00000645     -0.00000000
ATVX     1  Mu1.0015  Se1.119                       0.18115297     -0.00000033      0.00000067     -0.00000000
ATVX     1  Mu1.0016  Se1.119                       0.19479601      0.00000125     -0.00000432     -0.00000000
ATVX     1  Mu1.0017  Se1.119                       0.21095537     -0.00000186      0.00000807     -0.00000000
ATVX     1  Mu1.0018  Se1.119                       0.21353605     -0.00000165      0.00000356     -0.00000000
ATVX     1  Mu1.0019  Se1.119                       0.22949913     -0.00000036      0.00000059     -0.00000000
ATVX     1  Mu1.0020  Se1.119                       0.23360116      0.00000726     -0.00001825     -0.00000000
ATVX     1  Mu1.0021  Se1.119                       0.23584311     -0.00000430      0.00001059     -0.00000000
ATVX     1  Mu1.0022  Se1.119                       0.24335266      0.00000192     -0.00000924     -0.00000000
ATVX     1  Mu1.0023  Se1.119                       0.24524460      0.00005071     -0.00011791     -0.00000001
ATVX     1  Mu1.0024  Se1.119                       0.25896484     -0.00012231      0.00032338     -0.00000004
ATVX     1  Mu1.0025  Se1.119                       0.27044661      0.00000561     -0.00001509     -0.00000000
ATVX     1  Mu1.0026  Se1.119                       0.27204381      0.00000213     -0.00000456     -0.00000000
ATVX     1  Mu1.0027  Se1.119                       0.27585865      0.00000990     -0.00002475     -0.00000000
ATVX     1  Mu1.0028  Se1.119                       0.27722486     -0.00000412      0.00001036     -0.00000000
ATVX     1  Mu1.0029  Se1.119                       0.28347742      0.00003500     -0.00008198     -0.00000000
ATVX     1  Mu1.0030  Se1.119                       0.28614884      0.00000281     -0.00000643     -0.00000000
ATVX     1  Mu1.0031  Se1.119                       0.29017449     -0.00000143      0.00000366     -0.00000000
ATVX     1  Mu1.0032  Se1.119                       0.29619393     -0.00005043      0.00010419     -0.00000001
ATVX     1  Mu1.0001  Se1.120                      -0.11394604      0.00007437      0.00017085      0.00000001
ATVX     1  Mu1.0002  Se1.120                      -0.06916275      0.00004476      0.00007300      0.00000000
ATVX     1  Mu1.0003  Se1.120                      -0.02932557      0.00000497      0.00000286      0.00000000
ATVX     1  Mu1.0004  Se1.120                      -0.02552696     -0.00006113     -0.00003849      0.00000000
ATVX     1  Mu1.0005  Se1.120                      -0.00443807     -0.00008500     -0.00000953      0.00000000
ATVX     1  Mu1.0006  Se1.120                       0.02277728      0.00002273     -0.00001362     -0.00000000
ATVX     1  Mu1.0007  Se1.120                       0.06652953      0.00010396     -0.00014963     -0.00000002
ATVX     1  Mu1.0008  Se1.120                       0.07231584     -0.00008713      0.00014055     -0.00000001
ATVX     1  Mu1.0009  Se1.120                       0.08770145      0.00016065     -0.00028733     -0.00000005
ATVX     1  Mu1.0010  Se1.120                       0.13139892     -0.00000263      0.00000671     -0.00000000
ATVX     1  Mu1.0011  Se1.120                       0.13877786     -0.00010184      0.00024463     -0.00000002
ATVX     1  Mu1.0012  Se1.120                       0.15107582     -0.00002537      0.00006334     -0.00000000
ATVX     1  Mu1.0013  Se1.120                       0.15794386     -0.00000077      0.00000211     -0.00000000
ATVX     1  Mu1.0014  Se1.120                       0.16981603      0.00000192     -0.00000450     -0.00000000
ATVX     1  Mu1.0015  Se1.120                       0.18733641      0.00000096     -0.00000280     -0.00000000
ATVX     1  Mu1.0016  Se1.120                       0.20097945     -0.00000196      0.00000594     -0.00000000
ATVX     1  Mu1.0017  Se1.120                       0.21713881      0.00007401     -0.00018570     -0.00000001
ATVX     1  Mu1.0018  Se1.120                       0.21971948      0.00000417     -0.00001069     -0.00000000
ATVX     1  Mu1.0019  Se1.120                       0.23568256     -0.00000168      0.00000304     -0.00000000
ATVX     1  Mu1.0020  Se1.120                       0.23978460     -0.00000434      0.00000530     -0.00000000
ATVX     1  Mu1.0021  Se1.120                       0.24202655      0.00000123     -0.00000869     -0.00000000
ATVX     1  Mu1.0022  Se1.120                       0.24953610      0.00000263     -0.00000206     -0.00000000
ATVX     1  Mu1.0023  Se1.120                       0.25142804      0.00001119     -0.00003129     -0.00000000
ATVX     1  Mu1.0024  Se1.120                       0.26514828      0.00012288     -0.00031752     -0.00000004
ATVX     1  Mu1.0025  Se1.120                       0.27663004     -0.00000301      0.00000847     -0.00000000
ATVX     1  Mu1.0026  Se1.120                       0.27822724      0.00009369     -0.00022478     -0.00000002
ATVX     1  Mu1.0027  Se1.120                       0.28204208     -0.00000751      0.00001984     -0.00000000
ATVX     1  Mu1.0028  Se1.120                       0.28340830      0.00000075     -0.00000116     -0.00000000
ATVX     1  Mu1.0029  Se1.120                       0.28966086     -0.00000421      0.00000943     -0.00000000
ATVX     1  Mu1.0030  Se1.120                       0.29233228      0.00000274     -0.00000502     -0.00000000
ATVX     1  Mu1.0031  Se1.120                       0.29635792      0.00000155     -0.00000413     -0.00000000
ATVX     1  Mu1.0001  Se1.121                      -0.10394604      0.00019759      0.00042888      0.00000008
ATVX     1  Mu1.0002  Se1.121                      -0.05916274      0.00014208      0.00020157      0.00000003
ATVX     1  Mu1.0003  Se1.121                      -0.01932557     -0.00021716     -0.00010381      0.00000002
ATVX     1  Mu1.0004  Se1.121                      -0.01552695     -0.00037965     -0.00014738      0.00000006
ATVX     1  Mu1.0005  Se1.121                       0.00556194     -0.00052456      0.00007197     -0.00000004
ATVX     1  Mu1.0006  Se1.121                       0.03277728      0.00011578     -0.00009310     -0.00000001
ATVX     1  Mu1.0007  Se1.121                       0.07652953      0.00088940     -0.00146617     -0.00000130
ATVX     1  Mu1.0008  Se1.121                       0.08231584     -0.00041373      0.00072891     -0.00000030
ATVX     1  Mu1.0009  Se1.121                       0.09770145      0.00117575     -0.00229805     -0.00000270
ATVX     1  Mu1.0010  Se1.121                       0.14139892     -0.00001035      0.00002560     -0.00000000
ATVX     1  Mu1.0011  Se1.121                       0.14877786     -0.00048904      0.00115430     -0.00000056
ATVX     1  Mu1.0012  Se1.121                       0.16107582     -0.00019184      0.00046923     -0.00000009
ATVX     1  Mu1.0013  Se1.121                       0.16794386     -0.00000324      0.00001104     -0.00000000
ATVX     1  Mu1.0014  Se1.121                       0.17981603      0.00000305     -0.00000526     -0.00000000
ATVX     1  Mu1.0015  Se1.121                       0.19733641      0.00000285     -0.00000800     -0.00000000
ATVX     1  Mu1.0016  Se1.121                       0.21097945     -0.00000948      0.00002730     -0.00000000
ATVX     1  Mu1.0017  Se1.121                       0.22713881      0.00040723     -0.00102942     -0.00000042
ATVX     1  Mu1.0018  Se1.121                       0.22971948      0.00002252     -0.00005643     -0.00000000
ATVX     1  Mu1.0019  Se1.121                       0.24568257     -0.00000308      0.00000457     -0.00000000
ATVX     1  Mu1.0020  Se1.121                       0.24978460     -0.00002126      0.00003816     -0.00000000
ATVX     1  Mu1.0021  Se1.121                       0.25202655     -0.00000024     -0.00001431      0.00000000
ATVX     1  Mu1.0022  Se1.121                       0.25953610     -0.00002273      0.00007051     -0.00000000
ATVX     1  Mu1.0023  Se1.121                       0.26142804     -0.00020284      0.00047811     -0.00000010
ATVX     1  Mu1.0024  Se1.121                       0.27514828      0.00029628     -0.00071860     -0.00000021
ATVX     1  Mu1.0025  Se1.121                       0.28663005      0.00000042      0.00000222      0.00000000
ATVX     1  Mu1.0026  Se1.121                       0.28822724      0.00038813     -0.00090975     -0.00000035
ATVX     1  Mu1.0027  Se1.121                       0.29204209     -0.00002552      0.00006356     -0.00000000
ATVX     1  Mu1.0028  Se1.121                       0.29340830     -0.00002517      0.00006028     -0.00000000
ATVX     1  Mu1.0029  Se1.121                       0.29966086     -0.00001253      0.00002637     -0.00000000
ATVX     1  Mu1.0001  Se1.122                      -0.09566218      0.00000034      0.00000059      0.00000000
ATVX     1  Mu1.0002  Se1.122                      -0.05087888      0.00000004      0.00000015      0.00000000
ATVX     1  Mu1.0003  Se1.122                      -0.01104171     -0.00000623     -0.00000173      0.00000000
ATVX     1  Mu1.0004  Se1.122                      -0.00724309     -0.00000139     -0.00000047      0.00000000
ATVX     1  Mu1.0005  Se1.122                       0.01384580     -0.00000430      0.00000192     -0.00000000
ATVX     1  Mu1.0006  Se1.122                       0.04106114      0.00000151     -0.00000122     -0.00000000
ATVX     1  Mu1.0007  Se1.122                       0.08481339     -0.00000615      0.00001133     -0.00000000
ATVX     1  Mu1.0008  Se1.122                       0.09059970      0.00000427     -0.00000893     -0.00000000
ATVX     1  Mu1.0009  Se1.122                       0.10598532     -0.00000269      0.00000740     -0.00000000
ATVX     1  Mu1.0010  Se1.122                       0.14968278     -0.00001087     -0.00001695      0.00000000
ATVX     1  Mu1.0011  Se1.122                       0.15706172      0.00000052      0.00000119      0.00000000
ATVX     1  Mu1.0012  Se1.122                       0.16935968     -0.00000120      0.00000300     -0.00000000
ATVX     1  Mu1.0013  Se1.122                       0.17622772     -0.00005572      0.00031371     -0.00000002
ATVX     1  Mu1.0014  Se1.122                       0.18809990     -0.00026905      0.00094164     -0.00000025
ATVX     1  Mu1.0015  Se1.122                       0.20562027      0.00008297     -0.00020684     -0.00000002
ATVX     1  Mu1.0016  Se1.122                       0.21926331     -0.00018044      0.00062125     -0.00000011
ATVX     1  Mu1.0017  Se1.122                       0.23542268      0.00000055     -0.00000137     -0.00000000
ATVX     1  Mu1.0018  Se1.122                       0.23800335      0.00003799     -0.00008884     -0.00000000
ATVX     1  Mu1.0019  Se1.122                       0.25396643      0.00012020     -0.00017620     -0.00000002
ATVX     1  Mu1.0020  Se1.122                       0.25806846      0.00068702     -0.00119726     -0.00000082
ATVX     1  Mu1.0021  Se1.122                       0.26031041      0.00047108     -0.00063769     -0.00000030
ATVX     1  Mu1.0022  Se1.122                       0.26781996     -0.00014874      0.00020512     -0.00000003
ATVX     1  Mu1.0023  Se1.122                       0.26971190      0.00000563     -0.00000684     -0.00000000
ATVX     1  Mu1.0024  Se1.122                       0.28343214     -0.00000384      0.00000933     -0.00000000
ATVX     1  Mu1.0025  Se1.122                       0.29491391     -0.00004056      0.00008246     -0.00000000
ATVX     1  Mu1.0026  Se1.122                       0.29651111      0.00000164     -0.00000323     -0.00000000
ATVX     1  Mu1.0001  Se1.123                      -0.09466678      0.00027316      0.00056720      0.00000015
ATVX     1  Mu1.0002  Se1.123                      -0.04988348      0.00011950      0.00015129      0.00000002
ATVX     1  Mu1.0003  Se1.123                      -0.01004631      0.00034114      0.00008631      0.00000003
ATVX     1  Mu1.0004  Se1.123                      -0.00624769      0.00023998      0.00003965      0.00000001
ATVX     1  Mu1.0005  Se1.123                       0.01484120      0.00040837     -0.00015506     -0.00000006
ATVX     1  Mu1.0006  Se1.123                       0.04205654     -0.00001876      0.00001460     -0.00000000
ATVX     1  Mu1.0007  Se1.123                       0.08580879     -0.00011123      0.00021291     -0.00000002
ATVX     1  Mu1.0008  Se1.123                       0.09159510     -0.00010964      0.00021518     -0.00000002
ATVX     1  Mu1.0009  Se1.123                       0.10698072     -0.00001894      0.00004866     -0.00000000
ATVX     1  Mu1.0010  Se1.123                       0.15067818     -0.00000274      0.00000924     -0.00000000
ATVX     1  Mu1.0011  Se1.123                       0.15805712      0.00012104     -0.00029886     -0.00000004
ATVX     1  Mu1.0012  Se1.123                       0.17035508      0.00005788     -0.00014058     -0.00000001
ATVX     1  Mu1.0013  Se1.123                       0.17722312      0.00000637     -0.00001744     -0.00000000
ATVX     1  Mu1.0014  Se1.123                       0.18909529     -0.00000247      0.00000956     -0.00000000
ATVX     1  Mu1.0015  Se1.123                       0.20661567      0.00000367     -0.00001081     -0.00000000
ATVX     1  Mu1.0016  Se1.123                       0.22025871      0.00000105     -0.00000081     -0.00000000
ATVX     1  Mu1.0017  Se1.123                       0.23641808      0.00018277     -0.00048141     -0.00000009
ATVX     1  Mu1.0018  Se1.123                       0.23899875      0.00001262     -0.00003419     -0.00000000
ATVX     1  Mu1.0019  Se1.123                       0.25496183     -0.00000991      0.00002392     -0.00000000
ATVX     1  Mu1.0020  Se1.123                       0.25906386      0.00001014     -0.00003683     -0.00000000
ATVX     1  Mu1.0021  Se1.123                       0.26130581      0.00000514     -0.00002131     -0.00000000
ATVX     1  Mu1.0022  Se1.123                       0.26881536      0.00003317     -0.00007097     -0.00000000
ATVX     1  Mu1.0023  Se1.123                       0.27070730      0.00027413     -0.00068376     -0.00000019
ATVX     1  Mu1.0024  Se1.123                       0.28442754      0.00029127     -0.00075232     -0.00000022
ATVX     1  Mu1.0025  Se1.123                       0.29590931     -0.00001822      0.00004656     -0.00000000
ATVX     1  Mu1.0026  Se1.123                       0.29750651      0.00044716     -0.00104083     -0.00000047
ATVX     1  Mu1.0001  Se1.124                      -0.08670625      0.00000113      0.00000160      0.00000000
ATVX     1  Mu1.0002  Se1.124                      -0.04192295     -0.00000234     -0.00000210      0.00000000
ATVX     1  Mu1.0003  Se1.124                      -0.00208578     -0.00000371     -0.00000011      0.00000000
ATVX     1  Mu1.0004  Se1.124                       0.00171284      0.00000058     -0.00000017     -0.00000000
ATVX     1  Mu1.0005  Se1.124                       0.02280173      0.00000654     -0.00000092     -0.00000000
ATVX     1  Mu1.0006  Se1.124                       0.05001707     -0.00000120      0.00000059     -0.00000000
ATVX     1  Mu1.0007  Se1.124                       0.09376932      0.00001386     -0.00001867     -0.00000000
ATVX     1  Mu1.0008  Se1.124                       0.09955563     -0.00000698      0.00001055     -0.00000000
ATVX     1  Mu1.0009  Se1.124                       0.11494125     -0.00001622      0.00002345     -0.00000000
ATVX     1  Mu1.0010  Se1.124                       0.15863871     -0.00006602      0.00002649     -0.00000000
ATVX     1  Mu1.0011  Se1.124                       0.16601765      0.00000206     -0.00000268     -0.00000000
ATVX     1  Mu1.0012  Se1.124                       0.17831561      0.00000513     -0.00000752     -0.00000000
ATVX     1  Mu1.0013  Se1.124                       0.18518365      0.00036636     -0.00094195     -0.00000035
ATVX     1  Mu1.0014  Se1.124                       0.19705582      0.00010509     -0.00027249     -0.00000003
ATVX     1  Mu1.0015  Se1.124                       0.21457620     -0.00005037      0.00006664     -0.00000000
ATVX     1  Mu1.0016  Se1.124                       0.22821924      0.00005775     -0.00018526     -0.00000001
ATVX     1  Mu1.0017  Se1.124                       0.24437860      0.00003160     -0.00006634     -0.00000000
ATVX     1  Mu1.0018  Se1.124                       0.24695928     -0.00047176      0.00109100     -0.00000051
ATVX     1  Mu1.0019  Se1.124                       0.26292236     -0.00012505     -0.00003929      0.00000000
ATVX     1  Mu1.0020  Se1.124                       0.26702439     -0.00135484      0.00250373     -0.00000339
ATVX     1  Mu1.0021  Se1.124                       0.26926634     -0.00127738      0.00235899     -0.00000301
ATVX     1  Mu1.0022  Se1.124                       0.27677589     -0.00306233      0.00551571     -0.00001689
ATVX     1  Mu1.0023  Se1.124                       0.27866783      0.00011884     -0.00020568     -0.00000002
ATVX     1  Mu1.0024  Se1.124                       0.29238807      0.00000855     -0.00001920     -0.00000000
ATVX     1  Mu1.0001  Se1.125                      -0.08464827      0.00005621      0.00010769      0.00000001
ATVX     1  Mu1.0002  Se1.125                      -0.03986497     -0.00004145     -0.00004273      0.00000000
ATVX     1  Mu1.0003  Se1.125                      -0.00002780      0.00000635      0.00000000      0.00000000
ATVX     1  Mu1.0004  Se1.125                       0.00377082      0.00011810     -0.00001140     -0.00000000
ATVX     1  Mu1.0005  Se1.125                       0.02485971     -0.00017473      0.00010861     -0.00000002
ATVX     1  Mu1.0006  Se1.125                       0.05207505     -0.00004528      0.00005473     -0.00000000
ATVX     1  Mu1.0007  Se1.125                       0.09582730     -0.00006411      0.00012428     -0.00000001
ATVX     1  Mu1.0008  Se1.125                       0.10161361     -0.00001892      0.00004832     -0.00000000
ATVX     1  Mu1.0009  Se1.125                       0.11699923      0.00018245     -0.00038715     -0.00000007
ATVX     1  Mu1.0010  Se1.125                       0.16069669      0.00000068     -0.00000221     -0.00000000
ATVX     1  Mu1.0011  Se1.125                       0.16807563     -0.00002813      0.00006048     -0.00000000
ATVX     1  Mu1.0012  Se1.125                       0.18037359      0.00013839     -0.00033281     -0.00000005
ATVX     1  Mu1.0013  Se1.125                       0.18724163      0.00000200     -0.00000454     -0.00000000
ATVX     1  Mu1.0014  Se1.125                       0.19911381      0.00000181     -0.00000436     -0.00000000
ATVX     1  Mu1.0015  Se1.125                       0.21663418     -0.00000027      0.00000066     -0.00000000
ATVX     1  Mu1.0016  Se1.125                       0.23027722      0.00000116     -0.00000367     -0.00000000
ATVX     1  Mu1.0017  Se1.125                       0.24643659      0.00000527     -0.00000991     -0.00000000
ATVX     1  Mu1.0018  Se1.125                       0.24901726     -0.00000114      0.00000262     -0.00000000
ATVX     1  Mu1.0019  Se1.125                       0.26498034      0.00000012     -0.00000082     -0.00000000
ATVX     1  Mu1.0020  Se1.125                       0.26908237      0.00000556     -0.00001501     -0.00000000
ATVX     1  Mu1.0021  Se1.125                       0.27132432     -0.00000450      0.00000994     -0.00000000
ATVX     1  Mu1.0022  Se1.125                       0.27883387     -0.00000153     -0.00000033      0.00000000
ATVX     1  Mu1.0023  Se1.125                       0.28072581      0.00000057     -0.00000357     -0.00000000
ATVX     1  Mu1.0024  Se1.125                       0.29444605     -0.00012120      0.00030310     -0.00000004
ATVX     1  Mu1.0001  Se1.126                      -0.07927079      0.00000118      0.00000141      0.00000000
ATVX     1  Mu1.0002  Se1.126                      -0.03448750     -0.00000283     -0.00000210      0.00000000
ATVX     1  Mu1.0003  Se1.126                       0.00534968      0.00000034     -0.00000033     -0.00000000
ATVX     1  Mu1.0004  Se1.126                       0.00914829      0.00000492     -0.00000222     -0.00000000
ATVX     1  Mu1.0005  Se1.126                       0.03023718      0.00000324      0.00000281      0.00000000
ATVX     1  Mu1.0006  Se1.126                       0.05745253      0.00000269     -0.00000429     -0.00000000
ATVX     1  Mu1.0007  Se1.126                       0.10120478      0.00001326     -0.00001931     -0.00000000
ATVX     1  Mu1.0008  Se1.126                       0.10699109     -0.00000593      0.00000800     -0.00000000
ATVX     1  Mu1.0009  Se1.126                       0.12237670     -0.00001466      0.00002171     -0.00000000
ATVX     1  Mu1.0010  Se1.126                       0.16607417     -0.00008931      0.00008671     -0.00000001
ATVX     1  Mu1.0011  Se1.126                       0.17345311      0.00000141     -0.00000314     -0.00000000
ATVX     1  Mu1.0012  Se1.126                       0.18575107     -0.00000054      0.00000661     -0.00000000
ATVX     1  Mu1.0013  Se1.126                       0.19261911      0.00027113     -0.00086181     -0.00000023
ATVX     1  Mu1.0014  Se1.126                       0.20449128      0.00006643      0.00005644      0.00000000
ATVX     1  Mu1.0015  Se1.126                       0.22201166     -0.00007090      0.00006102     -0.00000000
ATVX     1  Mu1.0016  Se1.126                       0.23565470      0.00003839     -0.00025809     -0.00000001
ATVX     1  Mu1.0017  Se1.126                       0.25181406      0.00003119     -0.00006407     -0.00000000
ATVX     1  Mu1.0018  Se1.126                       0.25439473     -0.00044929      0.00099616     -0.00000045
ATVX     1  Mu1.0019  Se1.126                       0.27035781     -0.00016626      0.00006292     -0.00000001
ATVX     1  Mu1.0020  Se1.126                       0.27445985     -0.00129093      0.00241791     -0.00000312
ATVX     1  Mu1.0021  Se1.126                       0.27670180     -0.00105258      0.00177431     -0.00000187
ATVX     1  Mu1.0022  Se1.126                       0.28421135     -0.00328783      0.00613838     -0.00002018
ATVX     1  Mu1.0023  Se1.126                       0.28610329      0.00012764     -0.00023293     -0.00000003
ATVX     1  Mu1.0024  Se1.126                       0.29982353      0.00001096     -0.00002738     -0.00000000
ATVX     1  Mu1.0001  Se1.127                      -0.06771659     -0.00000133     -0.00000200      0.00000000
ATVX     1  Mu1.0002  Se1.127                      -0.02293329     -0.00000078     -0.00000054      0.00000000
ATVX     1  Mu1.0003  Se1.127                       0.01690388      0.00000972     -0.00000417     -0.00000000
ATVX     1  Mu1.0004  Se1.127                       0.02070250      0.00000396     -0.00000302     -0.00000000
ATVX     1  Mu1.0005  Se1.127                       0.04179139      0.00000744     -0.00000935     -0.00000000
ATVX     1  Mu1.0006  Se1.127                       0.06900673     -0.00000259      0.00000332     -0.00000000
ATVX     1  Mu1.0007  Se1.127                       0.11275898      0.00001343     -0.00003054     -0.00000000
ATVX     1  Mu1.0008  Se1.127                       0.11854529     -0.00000656      0.00001649     -0.00000000
ATVX     1  Mu1.0009  Se1.127                       0.13393091      0.00000566     -0.00001735     -0.00000000
ATVX     1  Mu1.0010  Se1.127                       0.17762837      0.00000221      0.00005701      0.00000000
ATVX     1  Mu1.0011  Se1.127                       0.18500731      0.00000140     -0.00000859     -0.00000000
ATVX     1  Mu1.0012  Se1.127                       0.19730527      0.00000326     -0.00000861     -0.00000000
ATVX     1  Mu1.0013  Se1.127                       0.20417331      0.00031042     -0.00112949     -0.00000035
ATVX     1  Mu1.0014  Se1.127                       0.21604548      0.00060345     -0.00190544     -0.00000115
ATVX     1  Mu1.0015  Se1.127                       0.23356586     -0.00013169      0.00033062     -0.00000004
ATVX     1  Mu1.0016  Se1.127                       0.24720890      0.00035319     -0.00111542     -0.00000039
ATVX     1  Mu1.0017  Se1.127                       0.26336827     -0.00000348      0.00000960     -0.00000000
ATVX     1  Mu1.0018  Se1.127                       0.26594894     -0.00003735      0.00004690     -0.00000000
ATVX     1  Mu1.0019  Se1.127                       0.28191202     -0.00029850      0.00050704     -0.00000015
ATVX     1  Mu1.0020  Se1.127                       0.28601405     -0.00118491      0.00185840     -0.00000220
ATVX     1  Mu1.0021  Se1.127                       0.28825600     -0.00087262      0.00115621     -0.00000101
ATVX     1  Mu1.0022  Se1.127                       0.29576555      0.00018410     -0.00015019     -0.00000003
ATVX     1  Mu1.0023  Se1.127                       0.29765749     -0.00000745      0.00000717     -0.00000000
ATVX     1  Mu1.0001  Se1.128                      -0.06595381      0.00005231      0.00008244      0.00000000
ATVX     1  Mu1.0002  Se1.128                      -0.02117052      0.00001369      0.00000760      0.00000000
ATVX     1  Mu1.0003  Se1.128                       0.01866666      0.00012598     -0.00005952     -0.00000001
ATVX     1  Mu1.0004  Se1.128                       0.02246527      0.00014837     -0.00008306     -0.00000001
ATVX     1  Mu1.0005  Se1.128                       0.04355416      0.00027194     -0.00028634     -0.00000008
ATVX     1  Mu1.0006  Se1.128                       0.07076951     -0.00001759      0.00003067     -0.00000000
ATVX     1  Mu1.0007  Se1.128                       0.11452176      0.00027555     -0.00059353     -0.00000016
ATVX     1  Mu1.0008  Se1.128                       0.12030807     -0.00010111      0.00022018     -0.00000002
ATVX     1  Mu1.0009  Se1.128                       0.13569368      0.00045329     -0.00105681     -0.00000048
ATVX     1  Mu1.0010  Se1.128                       0.17939115      0.00000060     -0.00000132     -0.00000000
ATVX     1  Mu1.0011  Se1.128                       0.18677009      0.00012402     -0.00032084     -0.00000004
ATVX     1  Mu1.0012  Se1.128                       0.19906805      0.00001783     -0.00004214     -0.00000000
ATVX     1  Mu1.0013  Se1.128                       0.20593609      0.00000625     -0.00001631     -0.00000000
ATVX     1  Mu1.0014  Se1.128                       0.21780826     -0.00000022     -0.00000014      0.00000000
ATVX     1  Mu1.0015  Se1.128                       0.23532864     -0.00000016      0.00000027     -0.00000000
ATVX     1  Mu1.0016  Se1.128                       0.24897168      0.00000399     -0.00000975     -0.00000000
ATVX     1  Mu1.0017  Se1.128                       0.26513104      0.00026048     -0.00062815     -0.00000016
ATVX     1  Mu1.0018  Se1.128                       0.26771171      0.00001217     -0.00002896     -0.00000000
ATVX     1  Mu1.0019  Se1.128                       0.28367480     -0.00000396      0.00000736     -0.00000000
ATVX     1  Mu1.0020  Se1.128                       0.28777683     -0.00000203     -0.00000427      0.00000000
ATVX     1  Mu1.0021  Se1.128                       0.29001878     -0.00000694      0.00000621     -0.00000000
ATVX     1  Mu1.0022  Se1.128                       0.29752833     -0.00000281      0.00001798     -0.00000000
ATVX     1  Mu1.0023  Se1.128                       0.29942027      0.00000654     -0.00001556     -0.00000000
ATVX     1  Mu1.0001  Se1.129                      -0.05779387     -0.00019712     -0.00027947      0.00000006
ATVX     1  Mu1.0002  Se1.129                      -0.01301057      0.00015117      0.00005235      0.00000001
ATVX     1  Mu1.0003  Se1.129                       0.02682660      0.00004613     -0.00003260     -0.00000000
ATVX     1  Mu1.0004  Se1.129                       0.03062522     -0.00024041      0.00018125     -0.00000004
ATVX     1  Mu1.0005  Se1.129                       0.05171411      0.00029690     -0.00035465     -0.00000011
ATVX     1  Mu1.0006  Se1.129                       0.07892945      0.00015864     -0.00026873     -0.00000004
ATVX     1  Mu1.0007  Se1.129                       0.12268170      0.00036133     -0.00080102     -0.00000029
ATVX     1  Mu1.0008  Se1.129                       0.12846801     -0.00005915      0.00010072     -0.00000001
ATVX     1  Mu1.0009  Se1.129                       0.14385363     -0.00106800      0.00248422     -0.00000265
ATVX     1  Mu1.0010  Se1.129                       0.18755109     -0.00000049      0.00000361     -0.00000000
ATVX     1  Mu1.0011  Se1.129                       0.19493003      0.00025837     -0.00062126     -0.00000016
ATVX     1  Mu1.0012  Se1.129                       0.20722799     -0.00078447      0.00191114     -0.00000150
ATVX     1  Mu1.0013  Se1.129                       0.21409603     -0.00000184      0.00000261     -0.00000000
ATVX     1  Mu1.0014  Se1.129                       0.22596820     -0.00000136      0.00000120     -0.00000000
ATVX     1  Mu1.0015  Se1.129                       0.24348858      0.00000112     -0.00000237     -0.00000000
ATVX     1  Mu1.0016  Se1.129                       0.25713162     -0.00000173      0.00000664     -0.00000000
ATVX     1  Mu1.0017  Se1.129                       0.27329098     -0.00004265      0.00008962     -0.00000000
ATVX     1  Mu1.0018  Se1.129                       0.27587166     -0.00000202      0.00000705     -0.00000000
ATVX     1  Mu1.0019  Se1.129                       0.29183474      0.00000127      0.00000017      0.00000000
ATVX     1  Mu1.0020  Se1.129                       0.29593677     -0.00000297      0.00001419     -0.00000000
ATVX     1  Mu1.0021  Se1.129                       0.29817872      0.00001478     -0.00002713     -0.00000000
ATVX     1  Mu1.0001  Se1.130                      -0.05450882      0.00000074      0.00000098      0.00000000
ATVX     1  Mu1.0002  Se1.130                      -0.00972553      0.00000065      0.00000017      0.00000000
ATVX     1  Mu1.0003  Se1.130                       0.03011165     -0.00000288      0.00000205     -0.00000000
ATVX     1  Mu1.0004  Se1.130                       0.03391027      0.00000013     -0.00000074     -0.00000000
ATVX     1  Mu1.0005  Se1.130                       0.05499915      0.00000083     -0.00000162     -0.00000000
ATVX     1  Mu1.0006  Se1.130                       0.08221450      0.00000191     -0.00000379     -0.00000000
ATVX     1  Mu1.0007  Se1.130                       0.12596675      0.00000624     -0.00001400     -0.00000000
ATVX     1  Mu1.0008  Se1.130                       0.13175306     -0.00000438      0.00001033     -0.00000000
ATVX     1  Mu1.0009  Se1.130                       0.14713867      0.00000004     -0.00000267     -0.00000000
ATVX     1  Mu1.0010  Se1.130                       0.19083614     -0.00000386      0.00000129     -0.00000000
ATVX     1  Mu1.0011  Se1.130                       0.19821508     -0.00000361      0.00000790     -0.00000000
ATVX     1  Mu1.0012  Se1.130                       0.21051304      0.00000230     -0.00000489     -0.00000000
ATVX     1  Mu1.0013  Se1.130                       0.21738108      0.00011374     -0.00046864     -0.00000005
ATVX     1  Mu1.0014  Se1.130                       0.22925325      0.00027284     -0.00104951     -0.00000029
ATVX     1  Mu1.0015  Se1.130                       0.24677363      0.00000178      0.00003632      0.00000000
ATVX     1  Mu1.0016  Se1.130                       0.26041667      0.00006767     -0.00031938     -0.00000002
ATVX     1  Mu1.0017  Se1.130                       0.27657603      0.00000302     -0.00000868     -0.00000000
ATVX     1  Mu1.0018  Se1.130                       0.27915670     -0.00010690      0.00028106     -0.00000003
ATVX     1  Mu1.0019  Se1.130                       0.29511979     -0.00017279      0.00022038     -0.00000004
ATVX     1  Mu1.0020  Se1.130                       0.29922182     -0.00098935      0.00177959     -0.00000176
ATVX     1  Mu1.0001  Se1.131                      -0.05279509      0.00001834      0.00002401      0.00000000
ATVX     1  Mu1.0002  Se1.131                      -0.00801179      0.00000436      0.00000093      0.00000000
ATVX     1  Mu1.0003  Se1.131                       0.03182539      0.00002436     -0.00002033     -0.00000000
ATVX     1  Mu1.0004  Se1.131                       0.03562400      0.00005466     -0.00004987     -0.00000000
ATVX     1  Mu1.0005  Se1.131                       0.05671289      0.00009486     -0.00013220     -0.00000001
ATVX     1  Mu1.0006  Se1.131                       0.08392823     -0.00000170      0.00000423     -0.00000000
ATVX     1  Mu1.0007  Se1.131                       0.12768048      0.00014251     -0.00032360     -0.00000005
ATVX     1  Mu1.0008  Se1.131                       0.13346679     -0.00004670      0.00010759     -0.00000001
ATVX     1  Mu1.0009  Se1.131                       0.14885241      0.00020448     -0.00049181     -0.00000010
ATVX     1  Mu1.0010  Se1.131                       0.19254987      0.00000005     -0.00000015     -0.00000000
ATVX     1  Mu1.0011  Se1.131                       0.19992882      0.00003577     -0.00010265     -0.00000000
ATVX     1  Mu1.0012  Se1.131                       0.21222677     -0.00000422      0.00000873     -0.00000000
ATVX     1  Mu1.0013  Se1.131                       0.21909481      0.00000225     -0.00000591     -0.00000000
ATVX     1  Mu1.0014  Se1.131                       0.23096699     -0.00000099      0.00000276     -0.00000000
ATVX     1  Mu1.0015  Se1.131                       0.24848737      0.00000023     -0.00000063     -0.00000000
ATVX     1  Mu1.0016  Se1.131                       0.26213040      0.00000087     -0.00000225     -0.00000000
ATVX     1  Mu1.0017  Se1.131                       0.27828977      0.00010426     -0.00025530     -0.00000003
ATVX     1  Mu1.0018  Se1.131                       0.28087044      0.00000547     -0.00001338     -0.00000000
ATVX     1  Mu1.0019  Se1.131                       0.29683352     -0.00000211      0.00000442     -0.00000000
ATVX     1  Mu1.0001  Se1.132                      -0.04570222     -0.00000087     -0.00000128      0.00000000
ATVX     1  Mu1.0002  Se1.132                      -0.00091892     -0.00000064     -0.00000001      0.00000000
ATVX     1  Mu1.0003  Se1.132                       0.03891826     -0.00000920      0.00000699     -0.00000000
ATVX     1  Mu1.0004  Se1.132                       0.04271687     -0.00000108     -0.00000305      0.00000000
ATVX     1  Mu1.0005  Se1.132                       0.06380576      0.00000858     -0.00000588     -0.00000000
ATVX     1  Mu1.0006  Se1.132                       0.09102111     -0.00001193      0.00002113     -0.00000000
ATVX     1  Mu1.0007  Se1.132                       0.13477336      0.00002686     -0.00004737     -0.00000000
ATVX     1  Mu1.0008  Se1.132                       0.14055967      0.00000024     -0.00000715     -0.00000000
ATVX     1  Mu1.0009  Se1.132                       0.15594528     -0.00002450      0.00004170     -0.00000000
ATVX     1  Mu1.0010  Se1.132                       0.19964275     -0.00002561     -0.00027169      0.00000001
ATVX     1  Mu1.0011  Se1.132                       0.20702169      0.00000821     -0.00001969     -0.00000000
ATVX     1  Mu1.0012  Se1.132                       0.21931965      0.00000849     -0.00001948     -0.00000000
ATVX     1  Mu1.0013  Se1.132                       0.22618769      0.00140019     -0.00402717     -0.00000564
ATVX     1  Mu1.0014  Se1.132                       0.23805986     -0.00112941      0.00350533     -0.00000396
ATVX     1  Mu1.0015  Se1.132                       0.25558024      0.00021993     -0.00086048     -0.00000019
ATVX     1  Mu1.0016  Se1.132                       0.26922328      0.00053099     -0.00155800     -0.00000083
ATVX     1  Mu1.0017  Se1.132                       0.28538264      0.00003352     -0.00006099     -0.00000000
ATVX     1  Mu1.0018  Se1.132                       0.28796331     -0.00044858      0.00085457     -0.00000038
ATVX     1  Mu1.0001  Se1.133                      -0.04502114      0.00000166      0.00000187      0.00000000
ATVX     1  Mu1.0002  Se1.133                      -0.00023784      0.00000128      0.00000001      0.00000000
ATVX     1  Mu1.0003  Se1.133                       0.03959933     -0.00000687      0.00000658     -0.00000000
ATVX     1  Mu1.0004  Se1.133                       0.04339795     -0.00000076      0.00000044     -0.00000000
ATVX     1  Mu1.0005  Se1.133                       0.06448684     -0.00000269      0.00000295     -0.00000000
ATVX     1  Mu1.0006  Se1.133                       0.09170218      0.00000410     -0.00000815     -0.00000000
ATVX     1  Mu1.0007  Se1.133                       0.13545443      0.00000034     -0.00000301     -0.00000000
ATVX     1  Mu1.0008  Se1.133                       0.14124074     -0.00000087      0.00000343     -0.00000000
ATVX     1  Mu1.0009  Se1.133                       0.15662635      0.00000167     -0.00000396     -0.00000000
ATVX     1  Mu1.0010  Se1.133                       0.20032382     -0.00001348      0.00003318     -0.00000000
ATVX     1  Mu1.0011  Se1.133                       0.20770276     -0.00000331      0.00000739     -0.00000000
ATVX     1  Mu1.0012  Se1.133                       0.22000072      0.00000167     -0.00000466     -0.00000000
ATVX     1  Mu1.0013  Se1.133                       0.22686876      0.00001561     -0.00027232     -0.00000000
ATVX     1  Mu1.0014  Se1.133                       0.23874093      0.00022425     -0.00114501     -0.00000026
ATVX     1  Mu1.0015  Se1.133                       0.25626131      0.00004668     -0.00000808     -0.00000000
ATVX     1  Mu1.0016  Se1.133                       0.26990435     -0.00010235      0.00005065     -0.00000001
ATVX     1  Mu1.0017  Se1.133                       0.28606371     -0.00000249      0.00000285     -0.00000000
ATVX     1  Mu1.0018  Se1.133                       0.28864438     -0.00002382      0.00011832     -0.00000000
ATVX     1  Mu1.0001  Se1.134                      -0.03438071     -0.00000180     -0.00000118      0.00000000
ATVX     1  Mu1.0002  Se1.134                       0.01040259     -0.00000011      0.00000007     -0.00000000
ATVX     1  Mu1.0003  Se1.134                       0.05023977     -0.00000004      0.00000163     -0.00000000
ATVX     1  Mu1.0004  Se1.134                       0.05403838     -0.00000184      0.00000645     -0.00000000
ATVX     1  Mu1.0005  Se1.134                       0.07512727     -0.00000409     -0.00000140      0.00000000
ATVX     1  Mu1.0006  Se1.134                       0.10234262     -0.00000944      0.00001471     -0.00000000
ATVX     1  Mu1.0007  Se1.134                       0.14609487      0.00001031     -0.00001675     -0.00000000
ATVX     1  Mu1.0008  Se1.134                       0.15188117      0.00000969     -0.00001700     -0.00000000
ATVX     1  Mu1.0009  Se1.134                       0.16726679     -0.00000706      0.00001181     -0.00000000
ATVX     1  Mu1.0010  Se1.134                       0.21096426     -0.00004487     -0.00010127      0.00000000
ATVX     1  Mu1.0011  Se1.134                       0.21834320      0.00000127      0.00001012      0.00000000
ATVX     1  Mu1.0012  Se1.134                       0.23064116      0.00000341      0.00000014      0.00000000
ATVX     1  Mu1.0013  Se1.134                       0.23750920      0.00032714      0.00028309      0.00000009
ATVX     1  Mu1.0014  Se1.134                       0.24938137     -0.00086609      0.00074350     -0.00000064
ATVX     1  Mu1.0015  Se1.134                       0.26690175      0.00013053     -0.00005590     -0.00000001
ATVX     1  Mu1.0016  Se1.134                       0.28054479      0.00009625      0.00054920      0.00000005
ATVX     1  Mu1.0017  Se1.134                       0.29670415     -0.00000487      0.00000825     -0.00000000
ATVX     1  Mu1.0018  Se1.134                       0.29928482      0.00026242     -0.00045557     -0.00000012
ATVX     1  Mu1.0001  Se1.135                      -0.02785540      0.00000399      0.00000280      0.00000000
ATVX     1  Mu1.0002  Se1.135                       0.01692790     -0.00000443      0.00000194     -0.00000000
ATVX     1  Mu1.0003  Se1.135                       0.05676507      0.00000227     -0.00000341     -0.00000000
ATVX     1  Mu1.0004  Se1.135                       0.06056369      0.00000508     -0.00000786     -0.00000000
ATVX     1  Mu1.0005  Se1.135                       0.08165258     -0.00000013      0.00000068     -0.00000000
ATVX     1  Mu1.0006  Se1.135                       0.10886792     -0.00000067      0.00000112     -0.00000000
ATVX     1  Mu1.0007  Se1.135                       0.15262017     -0.00003352      0.00008315     -0.00000000
ATVX     1  Mu1.0008  Se1.135                       0.15840648      0.00001793     -0.00004351     -0.00000000
ATVX     1  Mu1.0009  Se1.135                       0.17379209      0.00009215     -0.00023156     -0.00000002
ATVX     1  Mu1.0010  Se1.135                       0.21748956     -0.00000015      0.00000020     -0.00000000
ATVX     1  Mu1.0011  Se1.135                       0.22486850     -0.00001714      0.00004311     -0.00000000
ATVX     1  Mu1.0012  Se1.135                       0.23716646      0.00007496     -0.00018840     -0.00000001
ATVX     1  Mu1.0013  Se1.135                       0.24403450     -0.00000097      0.00000328     -0.00000000
ATVX     1  Mu1.0014  Se1.135                       0.25590667     -0.00000133      0.00000246     -0.00000000
ATVX     1  Mu1.0015  Se1.135                       0.27342705     -0.00000008      0.00000035     -0.00000000
ATVX     1  Mu1.0016  Se1.135                       0.28707009     -0.00000030      0.00000120     -0.00000000
ATVX     1  Mu1.0001  Se1.136                      -0.01201242     -0.00000003     -0.00000000      0.00000000
ATVX     1  Mu1.0002  Se1.136                       0.03277088      0.00000003      0.00000004      0.00000000
ATVX     1  Mu1.0003  Se1.136                       0.07260806      0.00000612     -0.00000921     -0.00000000
ATVX     1  Mu1.0004  Se1.136                       0.07640667      0.00000479     -0.00000729     -0.00000000
ATVX     1  Mu1.0005  Se1.136                       0.09749556     -0.00000560      0.00000998     -0.00000000
ATVX     1  Mu1.0006  Se1.136                       0.12471091      0.00000375     -0.00000683     -0.00000000
ATVX     1  Mu1.0007  Se1.136                       0.16846316     -0.00001620      0.00002755     -0.00000000
ATVX     1  Mu1.0008  Se1.136                       0.17424947      0.00000810     -0.00001658     -0.00000000
ATVX     1  Mu1.0009  Se1.136                       0.18963508      0.00001725     -0.00002963     -0.00000000
ATVX     1  Mu1.0010  Se1.136                       0.23333255     -0.00002597      0.00015627     -0.00000000
ATVX     1  Mu1.0011  Se1.136                       0.24071149     -0.00000076     -0.00000336      0.00000000
ATVX     1  Mu1.0012  Se1.136                       0.25300945     -0.00001208      0.00002642     -0.00000000
ATVX     1  Mu1.0013  Se1.136                       0.25987749     -0.00017634      0.00023466     -0.00000004
ATVX     1  Mu1.0014  Se1.136                       0.27174966     -0.00023333      0.00084426     -0.00000020
ATVX     1  Mu1.0015  Se1.136                       0.28927004      0.00002113     -0.00008392     -0.00000000
ATVX     1  Mu1.0001  Se1.137                      -0.00713413     -0.00028414     -0.00005343      0.00000002
ATVX     1  Mu1.0002  Se1.137                       0.03764917     -0.00017181      0.00016324     -0.00000003
ATVX     1  Mu1.0003  Se1.137                       0.07748635      0.00002196     -0.00003781     -0.00000000
ATVX     1  Mu1.0004  Se1.137                       0.08128496      0.00021624     -0.00037433     -0.00000008
ATVX     1  Mu1.0005  Se1.137                       0.10237385      0.00027411     -0.00055346     -0.00000015
ATVX     1  Mu1.0006  Se1.137                       0.12958919     -0.00008855      0.00020787     -0.00000002
ATVX     1  Mu1.0007  Se1.137                       0.17334145     -0.00081258      0.00197891     -0.00000161
ATVX     1  Mu1.0008  Se1.137                       0.17912775      0.00042144     -0.00104595     -0.00000044
ATVX     1  Mu1.0009  Se1.137                       0.19451337     -0.00116390      0.00287135     -0.00000334
ATVX     1  Mu1.0010  Se1.137                       0.23821083      0.00000965     -0.00002657     -0.00000000
ATVX     1  Mu1.0011  Se1.137                       0.24558978      0.00036067     -0.00087901     -0.00000032
ATVX     1  Mu1.0012  Se1.137                       0.25788774      0.00011613     -0.00028689     -0.00000003
ATVX     1  Mu1.0013  Se1.137                       0.26475577     -0.00000198      0.00000300     -0.00000000
ATVX     1  Mu1.0014  Se1.137                       0.27662795     -0.00001010      0.00002477     -0.00000000
ATVX     1  Mu1.0015  Se1.137                       0.29414833     -0.00000139      0.00000449     -0.00000000
ATVX     1  Mu1.0001  Se1.138                      -0.00391096      0.00000412      0.00000040      0.00000000
ATVX     1  Mu1.0002  Se1.138                       0.04087234      0.00000079     -0.00000127     -0.00000000
ATVX     1  Mu1.0003  Se1.138                       0.08070952     -0.00002283      0.00003976     -0.00000000
ATVX     1  Mu1.0004  Se1.138                       0.08450813      0.00000167      0.00000706      0.00000000
ATVX     1  Mu1.0005  Se1.138                       0.10559702     -0.00001430      0.00004070     -0.00000000
ATVX     1  Mu1.0006  Se1.138                       0.13281236      0.00000820     -0.00001582     -0.00000000
ATVX     1  Mu1.0007  Se1.138                       0.17656461     -0.00002889      0.00006689     -0.00000000
ATVX     1  Mu1.0008  Se1.138                       0.18235092      0.00001446     -0.00003860     -0.00000000
ATVX     1  Mu1.0009  Se1.138                       0.19773654     -0.00000357      0.00001782     -0.00000000
ATVX     1  Mu1.0010  Se1.138                       0.24143400      0.00002040     -0.00033582     -0.00000001
ATVX     1  Mu1.0011  Se1.138                       0.24881295     -0.00000423      0.00002102     -0.00000000
ATVX     1  Mu1.0012  Se1.138                       0.26111090     -0.00001209      0.00002776     -0.00000000
ATVX     1  Mu1.0013  Se1.138                       0.26797894     -0.00050150      0.00176645     -0.00000089
ATVX     1  Mu1.0014  Se1.138                       0.27985112     -0.00124218      0.00379887     -0.00000472
ATVX     1  Mu1.0015  Se1.138                       0.29737150      0.00041803     -0.00087061     -0.00000036
ATVX     1  Mu1.0001  Se1.139                      -0.00161809      0.00006261      0.00000269      0.00000000
ATVX     1  Mu1.0002  Se1.139                       0.04316520     -0.00004388      0.00004833     -0.00000000
ATVX     1  Mu1.0003  Se1.139                       0.08300238     -0.00003335      0.00006416     -0.00000000
ATVX     1  Mu1.0004  Se1.139                       0.08680100      0.00000968     -0.00001111     -0.00000000
ATVX     1  Mu1.0005  Se1.139                       0.10788989     -0.00002411      0.00003762     -0.00000000
ATVX     1  Mu1.0006  Se1.139                       0.13510523     -0.00003252      0.00007453     -0.00000000
ATVX     1  Mu1.0007  Se1.139                       0.17885748     -0.00013302      0.00031623     -0.00000004
ATVX     1  Mu1.0008  Se1.139                       0.18464379      0.00004600     -0.00010205     -0.00000000
ATVX     1  Mu1.0009  Se1.139                       0.20002940      0.00044963     -0.00108478     -0.00000049
ATVX     1  Mu1.0010  Se1.139                       0.24372687     -0.00000186      0.00000427     -0.00000000
ATVX     1  Mu1.0011  Se1.139                       0.25110581     -0.00014462      0.00034016     -0.00000005
ATVX     1  Mu1.0012  Se1.139                       0.26340377      0.00031514     -0.00071930     -0.00000023
ATVX     1  Mu1.0013  Se1.139                       0.27027181      0.00000285      0.00000022      0.00000000
ATVX     1  Mu1.0014  Se1.139                       0.28214398     -0.00000899      0.00001167     -0.00000000
ATVX     1  Mu1.0015  Se1.139                       0.29966436      0.00000100     -0.00000004     -0.00000000
ATVX     1  Mu1.0001  Se1.140                      -0.00097283      0.00000195      0.00000004      0.00000000
ATVX     1  Mu1.0002  Se1.140                       0.04381047     -0.00000026      0.00000002     -0.00000000
ATVX     1  Mu1.0003  Se1.140                       0.08364765     -0.00000735      0.00000967     -0.00000000
ATVX     1  Mu1.0004  Se1.140                       0.08744626     -0.00000279     -0.00000115      0.00000000
ATVX     1  Mu1.0005  Se1.140                       0.10853515      0.00000509      0.00000082      0.00000000
ATVX     1  Mu1.0006  Se1.140                       0.13575050      0.00000164     -0.00000281     -0.00000000
ATVX     1  Mu1.0007  Se1.140                       0.17950275      0.00002091     -0.00003903     -0.00000000
ATVX     1  Mu1.0008  Se1.140                       0.18528906     -0.00002068      0.00004039     -0.00000000
ATVX     1  Mu1.0009  Se1.140                       0.20067467     -0.00002431      0.00004229     -0.00000000
ATVX     1  Mu1.0010  Se1.140                       0.24437214      0.00009917     -0.00024495     -0.00000002
ATVX     1  Mu1.0011  Se1.140                       0.25175108     -0.00000175      0.00000237     -0.00000000
ATVX     1  Mu1.0012  Se1.140                       0.26404904      0.00002756     -0.00006723     -0.00000000
ATVX     1  Mu1.0013  Se1.140                       0.27091708     -0.00006598     -0.00040026      0.00000003
ATVX     1  Mu1.0014  Se1.140                       0.28278925      0.00078568     -0.00108760     -0.00000085
ATVX     1  Mu1.0001  Se1.141                       0.01480469     -0.00000072      0.00000026     -0.00000000
ATVX     1  Mu1.0002  Se1.141                       0.05958798      0.00000100     -0.00000098     -0.00000000
ATVX     1  Mu1.0003  Se1.141                       0.09942516      0.00000351     -0.00000717     -0.00000000
ATVX     1  Mu1.0004  Se1.141                       0.10322377     -0.00000732      0.00000880     -0.00000000
ATVX     1  Mu1.0005  Se1.141                       0.12431266     -0.00000640      0.00000838     -0.00000000
ATVX     1  Mu1.0006  Se1.141                       0.15152801     -0.00000648      0.00001466     -0.00000000
ATVX     1  Mu1.0007  Se1.141                       0.19528026     -0.00000192      0.00000405     -0.00000000
ATVX     1  Mu1.0008  Se1.141                       0.20106657      0.00000799     -0.00001730     -0.00000000
ATVX     1  Mu1.0009  Se1.141                       0.21645218     -0.00000259      0.00000573     -0.00000000
ATVX     1  Mu1.0010  Se1.141                       0.26014965     -0.00000176      0.00005815     -0.00000000
ATVX     1  Mu1.0011  Se1.141                       0.26752859      0.00000723     -0.00002215     -0.00000000
ATVX     1  Mu1.0012  Se1.141                       0.27982655      0.00000159     -0.00000800     -0.00000000
ATVX     1  Mu1.0013  Se1.141                       0.28669459      0.00007614     -0.00072609     -0.00000006
ATVX     1  Mu1.0014  Se1.141                       0.29856676     -0.00057473      0.00063828     -0.00000037
ATVX     1  Mu1.0001  Se1.142                       0.02084370     -0.00001489      0.00000863     -0.00000000
ATVX     1  Mu1.0002  Se1.142                       0.06562700      0.00002030     -0.00002961     -0.00000000
ATVX     1  Mu1.0003  Se1.142                       0.10546417     -0.00021347      0.00044875     -0.00000010
ATVX     1  Mu1.0004  Se1.142                       0.10926279     -0.00027420      0.00058724     -0.00000016
ATVX     1  Mu1.0005  Se1.142                       0.13035168     -0.00046080      0.00106950     -0.00000049
ATVX     1  Mu1.0006  Se1.142                       0.15756702      0.00005994     -0.00014908     -0.00000001
ATVX     1  Mu1.0007  Se1.142                       0.20131927      0.00007140     -0.00017470     -0.00000001
ATVX     1  Mu1.0008  Se1.142                       0.20710558     -0.00004249      0.00010731     -0.00000000
ATVX     1  Mu1.0009  Se1.142                       0.22249120      0.00002594     -0.00005438     -0.00000000
ATVX     1  Mu1.0010  Se1.142                       0.26618866     -0.00000351      0.00000821     -0.00000000
ATVX     1  Mu1.0011  Se1.142                       0.27356760     -0.00027511      0.00066688     -0.00000018
ATVX     1  Mu1.0012  Se1.142                       0.28586556     -0.00006847      0.00016306     -0.00000001
ATVX     1  Mu1.0013  Se1.142                       0.29273360     -0.00000753      0.00001954     -0.00000000
ATVX     1  Mu1.0001  Se1.143                       0.02415246     -0.00000133      0.00000083     -0.00000000
ATVX     1  Mu1.0002  Se1.143                       0.06893576      0.00000114     -0.00000094     -0.00000000
ATVX     1  Mu1.0003  Se1.143                       0.10877293      0.00000958     -0.00002113     -0.00000000
ATVX     1  Mu1.0004  Se1.143                       0.11257155     -0.00000778      0.00000503     -0.00000000
ATVX     1  Mu1.0005  Se1.143                       0.13366044     -0.00000509      0.00000088     -0.00000000
ATVX     1  Mu1.0006  Se1.143                       0.16087578     -0.00000845      0.00001940     -0.00000000
ATVX     1  Mu1.0007  Se1.143                       0.20462803      0.00001790     -0.00004299     -0.00000000
ATVX     1  Mu1.0008  Se1.143                       0.21041434     -0.00000206      0.00000743     -0.00000000
ATVX     1  Mu1.0009  Se1.143                       0.22579996      0.00000461     -0.00001694     -0.00000000
ATVX     1  Mu1.0010  Se1.143                       0.26949742     -0.00001054      0.00008941     -0.00000000
ATVX     1  Mu1.0011  Se1.143                       0.27687636      0.00000056     -0.00001116     -0.00000000
ATVX     1  Mu1.0012  Se1.143                       0.28917432      0.00000149     -0.00000866     -0.00000000
ATVX     1  Mu1.0013  Se1.143                       0.29604236      0.00014179     -0.00124886     -0.00000018
ATVX     1  Mu1.0001  Se1.144                       0.02466950      0.00007713     -0.00004982     -0.00000000
ATVX     1  Mu1.0002  Se1.144                       0.06945280      0.00002506     -0.00004153     -0.00000000
ATVX     1  Mu1.0003  Se1.144                       0.10928998      0.00012640     -0.00027660     -0.00000003
ATVX     1  Mu1.0004  Se1.144                       0.11308859      0.00016575     -0.00036576     -0.00000006
ATVX     1  Mu1.0005  Se1.144                       0.13417748      0.00030539     -0.00072732     -0.00000022
ATVX     1  Mu1.0006  Se1.144                       0.16139283     -0.00001550      0.00004237     -0.00000000
ATVX     1  Mu1.0007  Se1.144                       0.20514508      0.00040330     -0.00100153     -0.00000040
ATVX     1  Mu1.0008  Se1.144                       0.21093139     -0.00013939      0.00034479     -0.00000005
ATVX     1  Mu1.0009  Se1.144                       0.22631700      0.00061212     -0.00151662     -0.00000093
ATVX     1  Mu1.0010  Se1.144                       0.27001447      0.00000007      0.00000013      0.00000000
ATVX     1  Mu1.0011  Se1.144                       0.27739341      0.00011439     -0.00028990     -0.00000003
ATVX     1  Mu1.0012  Se1.144                       0.28969137     -0.00000399      0.00000710     -0.00000000
ATVX     1  Mu1.0013  Se1.144                       0.29655941      0.00000812     -0.00002111     -0.00000000
ATVX     1  Mu1.0001  Se1.145                       0.02488027      0.00000121     -0.00000074     -0.00000000
ATVX     1  Mu1.0002  Se1.145                       0.06966356      0.00000030     -0.00000041     -0.00000000
ATVX     1  Mu1.0003  Se1.145                       0.10950074      0.00000172     -0.00000376     -0.00000000
ATVX     1  Mu1.0004  Se1.145                       0.11329935      0.00000052     -0.00000204     -0.00000000
ATVX     1  Mu1.0005  Se1.145                       0.13438824      0.00000059      0.00000097      0.00000000
ATVX     1  Mu1.0006  Se1.145                       0.16160359      0.00000671     -0.00001421     -0.00000000
ATVX     1  Mu1.0007  Se1.145                       0.20535584     -0.00001646      0.00002819     -0.00000000
ATVX     1  Mu1.0008  Se1.145                       0.21114215     -0.00000084      0.00000428     -0.00000000
ATVX     1  Mu1.0009  Se1.145                       0.22652776      0.00001615     -0.00002786     -0.00000000
ATVX     1  Mu1.0010  Se1.145                       0.27022523     -0.00000671      0.00017493     -0.00000000
ATVX     1  Mu1.0011  Se1.145                       0.27760417     -0.00000349      0.00000172     -0.00000000
ATVX     1  Mu1.0012  Se1.145                       0.28990213     -0.00000808      0.00001541     -0.00000000
ATVX     1  Mu1.0013  Se1.145                       0.29677017     -0.00044274      0.00074004     -0.00000033
ATVX     1  Mu1.0001  Se1.146                       0.04395402      0.00000087     -0.00000063     -0.00000000
ATVX     1  Mu1.0002  Se1.146                       0.08873732      0.00000002     -0.00000032     -0.00000000
ATVX     1  Mu1.0003  Se1.146                       0.12857450      0.00000283     -0.00000918     -0.00000000
ATVX     1  Mu1.0004  Se1.146                       0.13237311      0.00000525     -0.00001768     -0.00000000
ATVX     1  Mu1.0005  Se1.146                       0.15346200     -0.00000476      0.00001893     -0.00000000
ATVX     1  Mu1.0006  Se1.146                       0.18067735      0.00000363     -0.00000438     -0.00000000
ATVX     1  Mu1.0007  Se1.146                       0.22442960      0.00000687     -0.00001726     -0.00000000
ATVX     1  Mu1.0008  Se1.146                       0.23021591     -0.00000546      0.00000443     -0.00000000
ATVX     1  Mu1.0009  Se1.146                       0.24560152     -0.00000393      0.00000830     -0.00000000
ATVX     1  Mu1.0010  Se1.146                       0.28929899      0.00000469      0.00009064      0.00000000
ATVX     1  Mu1.0011  Se1.146                       0.29667793      0.00000202     -0.00001447     -0.00000000
ATVX     1  Mu1.0001  Se1.147                       0.05166058      0.00013533     -0.00017268     -0.00000002
ATVX     1  Mu1.0002  Se1.147                       0.09644388     -0.00009980      0.00020745     -0.00000002
ATVX     1  Mu1.0003  Se1.147                       0.13628105      0.00015256     -0.00036229     -0.00000006
ATVX     1  Mu1.0004  Se1.147                       0.14007967      0.00046752     -0.00112384     -0.00000053
ATVX     1  Mu1.0005  Se1.147                       0.16116856     -0.00081060      0.00201378     -0.00000163
ATVX     1  Mu1.0006  Se1.147                       0.18838390     -0.00006283      0.00015817     -0.00000001
ATVX     1  Mu1.0007  Se1.147                       0.23213615     -0.00046807      0.00116164     -0.00000054
ATVX     1  Mu1.0008  Se1.147                       0.23792246      0.00022523     -0.00054020     -0.00000012
ATVX     1  Mu1.0009  Se1.147                       0.25330808      0.00145681     -0.00352012     -0.00000513
ATVX     1  Mu1.0010  Se1.147                       0.29700554      0.00000018     -0.00000199     -0.00000000
ATVX     1  Mu1.0001  Se1.148                       0.05446144      0.00000306     -0.00000293     -0.00000000
ATVX     1  Mu1.0002  Se1.148                       0.09924474     -0.00000100      0.00000135     -0.00000000
ATVX     1  Mu1.0003  Se1.148                       0.13908191      0.00000217     -0.00001248     -0.00000000
ATVX     1  Mu1.0004  Se1.148                       0.14288053      0.00000741     -0.00003394     -0.00000000
ATVX     1  Mu1.0005  Se1.148                       0.16396942      0.00000425      0.00001440      0.00000000
ATVX     1  Mu1.0006  Se1.148                       0.19118476      0.00001754     -0.00003521     -0.00000000
ATVX     1  Mu1.0007  Se1.148                       0.23493701      0.00000003     -0.00000197     -0.00000000
ATVX     1  Mu1.0008  Se1.148                       0.24072332     -0.00002171      0.00003588     -0.00000000
ATVX     1  Mu1.0009  Se1.148                       0.25610894     -0.00000407      0.00000575     -0.00000000
ATVX     1  Mu1.0010  Se1.148                       0.29980640      0.00004657      0.00014658      0.00000001
ATVX     1  Mu1.0001  Se1.149                       0.05565027     -0.00003066      0.00004312     -0.00000000
ATVX     1  Mu1.0002  Se1.149                       0.10043357      0.00001636     -0.00003061     -0.00000000
ATVX     1  Mu1.0003  Se1.149                       0.14027075     -0.00024977      0.00059097     -0.00000015
ATVX     1  Mu1.0004  Se1.149                       0.14406936     -0.00028957      0.00069457     -0.00000020
ATVX     1  Mu1.0005  Se1.149                       0.16515825     -0.00048887      0.00121055     -0.00000059
ATVX     1  Mu1.0006  Se1.149                       0.19237359      0.00007260     -0.00018231     -0.00000001
ATVX     1  Mu1.0007  Se1.149                       0.23612585      0.00027454     -0.00067154     -0.00000018
ATVX     1  Mu1.0008  Se1.149                       0.24191215     -0.00010027      0.00024541     -0.00000002
ATVX     1  Mu1.0009  Se1.149                       0.25729777      0.00030902     -0.00073954     -0.00000023
ATVX     1  Mu1.0001  Se1.150                       0.05589092      0.00000099     -0.00000146     -0.00000000
ATVX     1  Mu1.0002  Se1.150                       0.10067422     -0.00000129      0.00000208     -0.00000000
ATVX     1  Mu1.0003  Se1.150                       0.14051140      0.00000543     -0.00001193     -0.00000000
ATVX     1  Mu1.0004  Se1.150                       0.14431001      0.00000930     -0.00001699     -0.00000000
ATVX     1  Mu1.0005  Se1.150                       0.16539890      0.00002221     -0.00005018     -0.00000000
ATVX     1  Mu1.0006  Se1.150                       0.19261425      0.00000383     -0.00000930     -0.00000000
ATVX     1  Mu1.0007  Se1.150                       0.23636650      0.00002417     -0.00005551     -0.00000000
ATVX     1  Mu1.0008  Se1.150                       0.24215281     -0.00002059      0.00004596     -0.00000000
ATVX     1  Mu1.0009  Se1.150                       0.25753842     -0.00000145     -0.00000349      0.00000000
ATVX     1  Mu1.0001  Se1.151                       0.06877293     -0.00007999      0.00012904     -0.00000001
ATVX     1  Mu1.0002  Se1.151                       0.11355623     -0.00006453      0.00014332     -0.00000001
ATVX     1  Mu1.0003  Se1.151                       0.15339341      0.00009218     -0.00022431     -0.00000002
ATVX     1  Mu1.0004  Se1.151                       0.15719202      0.00019989     -0.00048128     -0.00000010
ATVX     1  Mu1.0005  Se1.151                       0.17828091      0.00036536     -0.00091297     -0.00000033
ATVX     1  Mu1.0006  Se1.151                       0.20549626     -0.00005429      0.00013980     -0.00000001
ATVX     1  Mu1.0007  Se1.151                       0.24924851     -0.00008738      0.00020520     -0.00000002
ATVX     1  Mu1.0008  Se1.151                       0.25503482      0.00008745     -0.00021325     -0.00000002
ATVX     1  Mu1.0009  Se1.151                       0.27042043     -0.00011189      0.00025400     -0.00000003
ATVX     1  Mu1.0001  Se1.152                       0.06928788      0.00001337     -0.00002183     -0.00000000
ATVX     1  Mu1.0002  Se1.152                       0.11407118      0.00000229     -0.00000500     -0.00000000
ATVX     1  Mu1.0003  Se1.152                       0.15390835     -0.00006252      0.00015295     -0.00000001
ATVX     1  Mu1.0004  Se1.152                       0.15770697     -0.00009860      0.00024467     -0.00000002
ATVX     1  Mu1.0005  Se1.152                       0.17879586      0.00012867     -0.00032984     -0.00000004
ATVX     1  Mu1.0006  Se1.152                       0.20601120     -0.00002196      0.00005460     -0.00000000
ATVX     1  Mu1.0007  Se1.152                       0.24976345      0.00004243     -0.00010057     -0.00000000
ATVX     1  Mu1.0008  Se1.152                       0.25554976     -0.00002773      0.00006509     -0.00000000
ATVX     1  Mu1.0009  Se1.152                       0.27093537     -0.00009468      0.00022386     -0.00000002
ATVX     1  Mu1.0001  Se1.153                       0.07213502      0.00000063     -0.00000105     -0.00000000
ATVX     1  Mu1.0002  Se1.153                       0.11691832     -0.00000053      0.00000050     -0.00000000
ATVX     1  Mu1.0003  Se1.153                       0.15675549     -0.00000911      0.00002351     -0.00000000
ATVX     1  Mu1.0004  Se1.153                       0.16055411     -0.00000435      0.00002331     -0.00000000
ATVX     1  Mu1.0005  Se1.153                       0.18164300     -0.00000177      0.00001525     -0.00000000
ATVX     1  Mu1.0006  Se1.153                       0.20885834      0.00000511     -0.00001081     -0.00000000
ATVX     1  Mu1.0007  Se1.153                       0.25261059      0.00000598     -0.00000906     -0.00000000
ATVX     1  Mu1.0008  Se1.153                       0.25839690     -0.00000565      0.00000667     -0.00000000
ATVX     1  Mu1.0009  Se1.153                       0.27378252      0.00000021      0.00000111      0.00000000
ATVX     1  Mu1.0001  Se1.154                       0.07796124      0.00000112     -0.00000140     -0.00000000
ATVX     1  Mu1.0002  Se1.154                       0.12274454     -0.00000051      0.00000090     -0.00000000
ATVX     1  Mu1.0003  Se1.154                       0.16258172      0.00000523     -0.00001573     -0.00000000
ATVX     1  Mu1.0004  Se1.154                       0.16638033      0.00000644     -0.00002267     -0.00000000
ATVX     1  Mu1.0005  Se1.154                       0.18746922     -0.00000217      0.00001587     -0.00000000
ATVX     1  Mu1.0006  Se1.154                       0.21468457      0.00001008     -0.00002188     -0.00000000
ATVX     1  Mu1.0007  Se1.154                       0.25843682     -0.00000630      0.00001049     -0.00000000
ATVX     1  Mu1.0008  Se1.154                       0.26422313     -0.00000486      0.00000694     -0.00000000
ATVX     1  Mu1.0009  Se1.154                       0.27960874      0.00000496     -0.00000926     -0.00000000
ATVX     1  Mu1.0001  Se1.155                       0.08324106     -0.00001636      0.00003230     -0.00000000
ATVX     1  Mu1.0002  Se1.155                       0.12802436     -0.00001028      0.00002593     -0.00000000
ATVX     1  Mu1.0003  Se1.155                       0.16786154      0.00002824     -0.00007237     -0.00000000
ATVX     1  Mu1.0004  Se1.155                       0.17166015      0.00005356     -0.00014080     -0.00000001
ATVX     1  Mu1.0005  Se1.155                       0.19274904      0.00002241     -0.00004942     -0.00000000
ATVX     1  Mu1.0006  Se1.155                       0.21996439      0.00000852     -0.00002492     -0.00000000
ATVX     1  Mu1.0007  Se1.155                       0.26371664      0.00005676     -0.00013187     -0.00000001
ATVX     1  Mu1.0008  Se1.155                       0.26950295     -0.00002491      0.00005981     -0.00000000
ATVX     1  Mu1.0009  Se1.155                       0.28488856      0.00009940     -0.00022441     -0.00000002
ATVX     1  Mu1.0001  Se1.156                       0.08926670      0.00000161     -0.00000308     -0.00000000
ATVX     1  Mu1.0002  Se1.156                       0.13404999     -0.00000085      0.00000079     -0.00000000
ATVX     1  Mu1.0003  Se1.156                       0.17388717     -0.00001349      0.00003440     -0.00000000
ATVX     1  Mu1.0004  Se1.156                       0.17768578      0.00000512      0.00000094      0.00000000
ATVX     1  Mu1.0005  Se1.156                       0.19877467      0.00000262      0.00000657      0.00000000
ATVX     1  Mu1.0006  Se1.156                       0.22599002      0.00001031     -0.00002412     -0.00000000
ATVX     1  Mu1.0007  Se1.156                       0.26974227     -0.00000460      0.00001130     -0.00000000
ATVX     1  Mu1.0008  Se1.156                       0.27552858     -0.00000408      0.00000560     -0.00000000
ATVX     1  Mu1.0009  Se1.156                       0.29091419     -0.00000007      0.00000311     -0.00000000
ATVX     1  Mu1.0001  Se1.157                       0.08955904      0.00000056     -0.00000125     -0.00000000
ATVX     1  Mu1.0002  Se1.157                       0.13434234     -0.00000050      0.00000125     -0.00000000
ATVX     1  Mu1.0003  Se1.157                       0.17417952     -0.00000193      0.00000623     -0.00000000
ATVX     1  Mu1.0004  Se1.157                       0.17797813     -0.00000148      0.00000810     -0.00000000
ATVX     1  Mu1.0005  Se1.157                       0.19906702     -0.00000015     -0.00000330      0.00000000
ATVX     1  Mu1.0006  Se1.157                       0.22628236      0.00000001      0.00000015      0.00000000
ATVX     1  Mu1.0007  Se1.157                       0.27003461      0.00000268     -0.00000293     -0.00000000
ATVX     1  Mu1.0008  Se1.157                       0.27582092     -0.00000191      0.00000372     -0.00000000
ATVX     1  Mu1.0009  Se1.157                       0.29120654     -0.00000048     -0.00000060      0.00000000
ATVX     1  Mu1.0001  Se1.158                       0.10119484      0.00002322     -0.00005017     -0.00000000
ATVX     1  Mu1.0002  Se1.158                       0.14597814     -0.00000939      0.00002554     -0.00000000
ATVX     1  Mu1.0003  Se1.158                       0.18581531      0.00011894     -0.00030369     -0.00000004
ATVX     1  Mu1.0004  Se1.158                       0.18961393      0.00023747     -0.00060910     -0.00000014
ATVX     1  Mu1.0005  Se1.158                       0.21070282     -0.00045101      0.00115572     -0.00000052
ATVX     1  Mu1.0006  Se1.158                       0.23791816      0.00001946     -0.00005167     -0.00000000
ATVX     1  Mu1.0007  Se1.158                       0.28167041      0.00002105     -0.00005752     -0.00000000
ATVX     1  Mu1.0008  Se1.158                       0.28745672     -0.00005041      0.00012431     -0.00000001
ATVX     1  Mu1.0001  Se1.159                       0.10644485     -0.00000052      0.00000015     -0.00000000
ATVX     1  Mu1.0002  Se1.159                       0.15122814      0.00000058     -0.00000070     -0.00000000
ATVX     1  Mu1.0003  Se1.159                       0.19106532     -0.00001603      0.00004529     -0.00000000
ATVX     1  Mu1.0004  Se1.159                       0.19486394     -0.00001787      0.00005382     -0.00000000
ATVX     1  Mu1.0005  Se1.159                       0.21595282      0.00001925     -0.00006369     -0.00000000
ATVX     1  Mu1.0006  Se1.159                       0.24316817     -0.00001258      0.00002715     -0.00000000
ATVX     1  Mu1.0007  Se1.159                       0.28692042     -0.00000550      0.00001576     -0.00000000
ATVX     1  Mu1.0008  Se1.159                       0.29270673      0.00000546     -0.00000452     -0.00000000
ATVX     1  Mu1.0001  Se1.160                       0.10796016      0.00000012      0.00000000      0.00000000
ATVX     1  Mu1.0002  Se1.160                       0.15274346     -0.00000001     -0.00000004      0.00000000
ATVX     1  Mu1.0003  Se1.160                       0.19258063      0.00000731     -0.00001892     -0.00000000
ATVX     1  Mu1.0004  Se1.160                       0.19637925      0.00000678     -0.00001851     -0.00000000
ATVX     1  Mu1.0005  Se1.160                       0.21746814     -0.00000674      0.00001956     -0.00000000
ATVX     1  Mu1.0006  Se1.160                       0.24468348      0.00000593     -0.00001302     -0.00000000
ATVX     1  Mu1.0007  Se1.160                       0.28843573     -0.00000878      0.00001330     -0.00000000
ATVX     1  Mu1.0008  Se1.160                       0.29422204      0.00000355     -0.00000743     -0.00000000
ATVX     1  Mu1.0001  Se1.161                       0.11288920     -0.00002665      0.00005988     -0.00000000
ATVX     1  Mu1.0002  Se1.161                       0.15767250      0.00002724     -0.00006896     -0.00000000
ATVX     1  Mu1.0003  Se1.161                       0.19750968      0.00007217     -0.00018498     -0.00000001
ATVX     1  Mu1.0004  Se1.161                       0.20130829      0.00006709     -0.00016749     -0.00000001
ATVX     1  Mu1.0005  Se1.161                       0.22239718     -0.00015880      0.00039403     -0.00000006
ATVX     1  Mu1.0006  Se1.161                       0.24961252      0.00005288     -0.00013241     -0.00000001
ATVX     1  Mu1.0007  Se1.161                       0.29336478      0.00004426     -0.00010646     -0.00000000
ATVX     1  Mu1.0008  Se1.161                       0.29915108     -0.00003236      0.00006952     -0.00000000
ATVX     1  Mu1.0001  Se1.162                       0.11407345      0.00009993     -0.00022832     -0.00000002
ATVX     1  Mu1.0002  Se1.162                       0.15885675      0.00003876     -0.00010035     -0.00000000
ATVX     1  Mu1.0003  Se1.162                       0.19869393      0.00011657     -0.00030182     -0.00000004
ATVX     1  Mu1.0004  Se1.162                       0.20249254      0.00011334     -0.00029848     -0.00000003
ATVX     1  Mu1.0005  Se1.162                       0.22358143      0.00026174     -0.00068088     -0.00000018
ATVX     1  Mu1.0006  Se1.162                       0.25079678     -0.00001647      0.00004286     -0.00000000
ATVX     1  Mu1.0007  Se1.162                       0.29454903      0.00035446     -0.00081675     -0.00000029
ATVX     1  Mu1.0001  Se1.163                       0.12257546      0.00000005     -0.00000038     -0.00000000
ATVX     1  Mu1.0002  Se1.163                       0.16735875      0.00000005      0.00000004      0.00000000
ATVX     1  Mu1.0003  Se1.163                       0.20719593     -0.00000834      0.00002217     -0.00000000
ATVX     1  Mu1.0004  Se1.163                       0.21099455     -0.00000804      0.00002197     -0.00000000
ATVX     1  Mu1.0005  Se1.163                       0.23208344      0.00001044     -0.00002940     -0.00000000
ATVX     1  Mu1.0006  Se1.163                       0.25929878     -0.00000578      0.00001213     -0.00000000
ATVX     1  Mu1.0001  Se1.164                       0.12464166     -0.00009426      0.00021854     -0.00000002
ATVX     1  Mu1.0002  Se1.164                       0.16942496     -0.00008853      0.00022218     -0.00000002
ATVX     1  Mu1.0003  Se1.164                       0.20926213      0.00027251     -0.00067728     -0.00000018
ATVX     1  Mu1.0004  Se1.164                       0.21306075      0.00034463     -0.00086109     -0.00000030
ATVX     1  Mu1.0005  Se1.164                       0.23414964      0.00055651     -0.00137097     -0.00000076
ATVX     1  Mu1.0006  Se1.164                       0.26136498     -0.00011522      0.00027609     -0.00000003
ATVX     1  Mu1.0001  Se1.165                       0.12613606     -0.00001455      0.00003349     -0.00000000
ATVX     1  Mu1.0002  Se1.165                       0.17091935      0.00000023     -0.00000027     -0.00000000
ATVX     1  Mu1.0003  Se1.165                       0.21075653     -0.00015130      0.00038244     -0.00000006
ATVX     1  Mu1.0004  Se1.165                       0.21455514     -0.00022623      0.00057175     -0.00000013
ATVX     1  Mu1.0005  Se1.165                       0.23564403      0.00059932     -0.00148962     -0.00000089
ATVX     1  Mu1.0006  Se1.165                       0.26285938     -0.00008870      0.00021285     -0.00000002
ATVX     1  Mu1.0001  Se1.166                       0.12860052     -0.00000045      0.00000105     -0.00000000
ATVX     1  Mu1.0002  Se1.166                       0.17338382     -0.00000052      0.00000116     -0.00000000
ATVX     1  Mu1.0003  Se1.166                       0.21322099      0.00000024     -0.00000050     -0.00000000
ATVX     1  Mu1.0004  Se1.166                       0.21701961      0.00000379     -0.00000821     -0.00000000
ATVX     1  Mu1.0005  Se1.166                       0.23810850      0.00000229     -0.00000420     -0.00000000
ATVX     1  Mu1.0006  Se1.166                       0.26532384      0.00000033     -0.00000081     -0.00000000
ATVX     1  Mu1.0001  Se1.167                       0.13490695     -0.00002950      0.00007259     -0.00000000
ATVX     1  Mu1.0002  Se1.167                       0.17969025      0.00002886     -0.00007536     -0.00000000
ATVX     1  Mu1.0003  Se1.167                       0.21952743      0.00011627     -0.00029426     -0.00000003
ATVX     1  Mu1.0004  Se1.167                       0.22332604      0.00015750     -0.00040071     -0.00000006
ATVX     1  Mu1.0005  Se1.167                       0.24441493     -0.00036506      0.00091260     -0.00000033
ATVX     1  Mu1.0006  Se1.167                       0.27163028      0.00006658     -0.00016014     -0.00000001
ATVX     1  Mu1.0001  Se1.168                       0.13684618     -0.00000042      0.00000135     -0.00000000
ATVX     1  Mu1.0002  Se1.168                       0.18162948      0.00000034     -0.00000119     -0.00000000
ATVX     1  Mu1.0003  Se1.168                       0.22146665      0.00000571     -0.00001634     -0.00000000
ATVX     1  Mu1.0004  Se1.168                       0.22526527      0.00000726     -0.00002160     -0.00000000
ATVX     1  Mu1.0005  Se1.168                       0.24635416     -0.00000954      0.00002882     -0.00000000
ATVX     1  Mu1.0006  Se1.168                       0.27356950      0.00000284     -0.00000591     -0.00000000
ATVX     1  Mu1.0001  Se1.169                       0.14123256      0.00000033     -0.00000082     -0.00000000
ATVX     1  Mu1.0002  Se1.169                       0.18601586     -0.00000028      0.00000035     -0.00000000
ATVX     1  Mu1.0003  Se1.169                       0.22585304     -0.00000392      0.00001027     -0.00000000
ATVX     1  Mu1.0004  Se1.169                       0.22965165      0.00000133     -0.00000069     -0.00000000
ATVX     1  Mu1.0005  Se1.169                       0.25074054      0.00000137     -0.00000113     -0.00000000
ATVX     1  Mu1.0006  Se1.169                       0.27795589      0.00000165     -0.00000390     -0.00000000
ATVX     1  Mu1.0001  Se1.170                       0.15002323     -0.00010398      0.00025736     -0.00000003
ATVX     1  Mu1.0002  Se1.170                       0.19480653     -0.00012691      0.00032367     -0.00000004
ATVX     1  Mu1.0003  Se1.170                       0.23464371      0.00046817     -0.00116422     -0.00000055
ATVX     1  Mu1.0004  Se1.170                       0.23844232      0.00068956     -0.00172424     -0.00000119
ATVX     1  Mu1.0005  Se1.170                       0.25953121      0.00113245     -0.00277156     -0.00000314
ATVX     1  Mu1.0006  Se1.170                       0.28674655     -0.00015785      0.00037161     -0.00000006
ATVX     1  Mu1.0001  Se1.171                       0.15189444     -0.00000164      0.00000353     -0.00000000
ATVX     1  Mu1.0002  Se1.171                       0.19667774      0.00000070     -0.00000165     -0.00000000
ATVX     1  Mu1.0003  Se1.171                       0.23651492      0.00000355     -0.00000718     -0.00000000
ATVX     1  Mu1.0004  Se1.171                       0.24031353      0.00000321     -0.00000540     -0.00000000
ATVX     1  Mu1.0005  Se1.171                       0.26140242     -0.00000916      0.00001671     -0.00000000
ATVX     1  Mu1.0006  Se1.171                       0.28861777     -0.00000688      0.00001409     -0.00000000
ATVX     1  Mu1.0001  Se1.172                       0.15423523     -0.00000010      0.00000019     -0.00000000
ATVX     1  Mu1.0002  Se1.172                       0.19901853      0.00000003     -0.00000009     -0.00000000
ATVX     1  Mu1.0003  Se1.172                       0.23885571      0.00000094     -0.00000205     -0.00000000
ATVX     1  Mu1.0004  Se1.172                       0.24265432     -0.00000022      0.00000008     -0.00000000
ATVX     1  Mu1.0005  Se1.172                       0.26374321      0.00000042     -0.00000140     -0.00000000
ATVX     1  Mu1.0006  Se1.172                       0.29095855     -0.00000143      0.00000304     -0.00000000
ATVX     1  Mu1.0001  Se1.173                       0.15987837      0.00002578     -0.00006708     -0.00000000
ATVX     1  Mu1.0002  Se1.173                       0.20466167      0.00002717     -0.00007158     -0.00000000
ATVX     1  Mu1.0003  Se1.173                       0.24449884     -0.00008630      0.00021918     -0.00000002
ATVX     1  Mu1.0004  Se1.173                       0.24829746     -0.00016784      0.00042148     -0.00000007
ATVX     1  Mu1.0005  Se1.173                       0.26938635     -0.00025387      0.00062375     -0.00000016
ATVX     1  Mu1.0006  Se1.173                       0.29660169      0.00001316     -0.00003263     -0.00000000
ATVX     1  Mu1.0001  Se1.174                       0.16387097     -0.00000018      0.00000039     -0.00000000
ATVX     1  Mu1.0002  Se1.174                       0.20865427      0.00000155     -0.00000332     -0.00000000
ATVX     1  Mu1.0003  Se1.174                       0.24849145      0.00000400     -0.00001007     -0.00000000
ATVX     1  Mu1.0004  Se1.174                       0.25229006     -0.00000719      0.00001206     -0.00000000
ATVX     1  Mu1.0005  Se1.174                       0.27337895     -0.00000763      0.00001395     -0.00000000
ATVX     1  Mu1.0001  Se1.175                       0.16887992      0.00000009     -0.00000010     -0.00000000
ATVX     1  Mu1.0002  Se1.175                       0.21366321     -0.00000006      0.00000009     -0.00000000
ATVX     1  Mu1.0003  Se1.175                       0.25350039      0.00000222     -0.00000590     -0.00000000
ATVX     1  Mu1.0004  Se1.175                       0.25729901      0.00000236     -0.00000643     -0.00000000
ATVX     1  Mu1.0005  Se1.175                       0.27838789     -0.00000365      0.00000978     -0.00000000
ATVX     1  Mu1.0001  Se1.176                       0.17008079     -0.00003555      0.00009170     -0.00000000
ATVX     1  Mu1.0002  Se1.176                       0.21486409      0.00004760     -0.00012142     -0.00000001
ATVX     1  Mu1.0003  Se1.176                       0.25470127      0.00038014     -0.00094048     -0.00000036
ATVX     1  Mu1.0004  Se1.176                       0.25849988      0.00055548     -0.00137089     -0.00000076
ATVX     1  Mu1.0005  Se1.176                       0.27958877     -0.00124263      0.00299162     -0.00000372
ATVX     1  Mu1.0001  Se1.177                       0.17475397      0.00000863     -0.00002363     -0.00000000
ATVX     1  Mu1.0002  Se1.177                       0.21953726      0.00000690     -0.00002052     -0.00000000
ATVX     1  Mu1.0003  Se1.177                       0.25937444      0.00001435     -0.00002358     -0.00000000
ATVX     1  Mu1.0004  Se1.177                       0.26317305     -0.00006340      0.00016770     -0.00000001
ATVX     1  Mu1.0005  Se1.177                       0.28426194     -0.00008598      0.00022522     -0.00000002
ATVX     1  Mu1.0001  Se1.178                       0.17538613      0.00000178     -0.00000445     -0.00000000
ATVX     1  Mu1.0002  Se1.178                       0.22016943     -0.00000122      0.00000329     -0.00000000
ATVX     1  Mu1.0003  Se1.178                       0.26000660     -0.00000507      0.00001297     -0.00000000
ATVX     1  Mu1.0004  Se1.178                       0.26380522     -0.00000693      0.00001806     -0.00000000
ATVX     1  Mu1.0005  Se1.178                       0.28489411      0.00001148     -0.00002903     -0.00000000
ATVX     1  Mu1.0001  Se1.179                       0.18409332     -0.00000058      0.00000166     -0.00000000
ATVX     1  Mu1.0002  Se1.179                       0.22887662      0.00000163     -0.00000426     -0.00000000
ATVX     1  Mu1.0003  Se1.179                       0.26871379     -0.00000321      0.00000679     -0.00000000
ATVX     1  Mu1.0004  Se1.179                       0.27251241     -0.00000138      0.00000101     -0.00000000
ATVX     1  Mu1.0005  Se1.179                       0.29360130      0.00000250     -0.00000253     -0.00000000
ATVX     1  Mu1.0001  Se1.180                       0.18915605     -0.00005410      0.00014289     -0.00000001
ATVX     1  Mu1.0002  Se1.180                       0.23393935      0.00004179     -0.00010952     -0.00000000
ATVX     1  Mu1.0003  Se1.180                       0.27377653     -0.00000673      0.00002015     -0.00000000
ATVX     1  Mu1.0004  Se1.180                       0.27757514     -0.00007151      0.00018063     -0.00000001
ATVX     1  Mu1.0005  Se1.180                       0.29866403      0.00009804     -0.00024247     -0.00000002
ATVX     1  Mu1.0001  Se1.181                       0.19575475     -0.00000126      0.00000317     -0.00000000
ATVX     1  Mu1.0002  Se1.181                       0.24053805      0.00000007      0.00000043      0.00000000
ATVX     1  Mu1.0003  Se1.181                       0.28037522      0.00000944     -0.00002243     -0.00000000
ATVX     1  Mu1.0004  Se1.181                       0.28417384     -0.00000218      0.00000077     -0.00000000
ATVX     1  Mu1.0001  Se1.182                       0.20064463      0.00001568     -0.00004170     -0.00000000
ATVX     1  Mu1.0002  Se1.182                       0.24542793      0.00000263     -0.00000455     -0.00000000
ATVX     1  Mu1.0003  Se1.182                       0.28526511      0.00022988     -0.00054329     -0.00000012
ATVX     1  Mu1.0004  Se1.182                       0.28906372      0.00038934     -0.00091879     -0.00000036
ATVX     1  Mu1.0001  Se1.183                       0.20586376      0.00000080     -0.00000205     -0.00000000
ATVX     1  Mu1.0002  Se1.183                       0.25064706     -0.00000098      0.00000255     -0.00000000
ATVX     1  Mu1.0003  Se1.183                       0.29048423      0.00000259     -0.00000591     -0.00000000
ATVX     1  Mu1.0004  Se1.183                       0.29428285      0.00000259     -0.00000588     -0.00000000
ATVX     1  Mu1.0001  Se1.184                       0.20622020      0.00003726     -0.00010120     -0.00000000
ATVX     1  Mu1.0002  Se1.184                       0.25100350     -0.00000401      0.00000659     -0.00000000
AIVX     1  Mu1.0001  In1.088 Se1.113               0.29875153      0.00000543     -0.00000980     -0.00000000
AIVX     1  Mu1.0001  In1.089 Se1.113               0.28267030     -0.00000055      0.00063089     -0.00000000
AIVX     1  Mu1.0001  In1.090 Se1.113               0.27688684     -0.00000311      0.00002839     -0.00000000
AIVX     1  Mu1.0001  In1.091 Se1.113               0.27538179     -0.00000633     -0.00000272      0.00000000
AIVX     1  Mu1.0001  In1.092 Se1.113               0.24584474     -0.00000129      0.00000275     -0.00000000
AIVX     1  Mu1.0002  In1.092 Se1.113               0.29783528     -0.00001441      0.00003493     -0.00000000
AIVX     1  Mu1.0001  In1.093 Se1.113               0.23897959      0.00000424     -0.00000518     -0.00000000
AIVX     1  Mu1.0002  In1.093 Se1.113               0.29097013     -0.00002464      0.00004514     -0.00000000
AIVX     1  Mu1.0001  In1.094 Se1.113               0.23690700      0.00006871     -0.00000379     -0.00000000
AIVX     1  Mu1.0002  In1.094 Se1.113               0.28889753     -0.00013198      0.00034607     -0.00000005
AIVX     1  Mu1.0001  In1.095 Se1.113               0.23666404      0.00021762     -0.00001630     -0.00000000
AIVX     1  Mu1.0002  In1.095 Se1.113               0.28865458     -0.00040330      0.00104751     -0.00000042
AIVX     1  Mu1.0001  In1.096 Se1.113               0.23150376      0.00001125     -0.00000444     -0.00000000
AIVX     1  Mu1.0002  In1.096 Se1.113               0.28349430      0.00002408     -0.00004607     -0.00000000
AIVX     1  Mu1.0001  In1.097 Se1.113               0.21821736     -0.00025849      0.00038399     -0.00000010
AIVX     1  Mu1.0002  In1.097 Se1.113               0.27020790     -0.00012671     -0.00017685      0.00000002
AIVX     1  Mu1.0001  In1.098 Se1.113               0.20965379     -0.00016911      0.00022673     -0.00000004
AIVX     1  Mu1.0002  In1.098 Se1.113               0.26164433     -0.00072139      0.00171092     -0.00000123
AIVX     1  Mu1.0003  In1.098 Se1.113               0.29790935      0.00069818     -0.00154299     -0.00000108
AIVX     1  Mu1.0001  In1.099 Se1.113               0.20090632      0.00000977     -0.00002148     -0.00000000
AIVX     1  Mu1.0002  In1.099 Se1.113               0.25289685      0.00000325     -0.00000807     -0.00000000
AIVX     1  Mu1.0003  In1.099 Se1.113               0.28916188     -0.00000695      0.00001182     -0.00000000
AIVX     1  Mu1.0004  In1.099 Se1.113               0.29369625     -0.00003043      0.00006080     -0.00000000
AIVX     1  Mu1.0001  In1.100 Se1.113               0.17824838     -0.00016326      0.00045930     -0.00000007
AIVX     1  Mu1.0002  In1.100 Se1.113               0.23023892      0.00005503     -0.00017275     -0.00000001
AIVX     1  Mu1.0003  In1.100 Se1.113               0.26650395      0.00003875     -0.00013718     -0.00000001
AIVX     1  Mu1.0004  In1.100 Se1.113               0.27103832      0.00037267     -0.00115967     -0.00000043
AIVX     1  Mu1.0005  In1.100 Se1.113               0.28077096     -0.00018373      0.00035468     -0.00000007
AIVX     1  Mu1.0001  In1.092 Se1.114               0.27949660     -0.00014227      0.00033810     -0.00000005
AIVX     1  Mu1.0001  In1.093 Se1.114               0.27263145     -0.00012734      0.00048098     -0.00000006
AIVX     1  Mu1.0001  In1.094 Se1.114               0.27055885     -0.00003743      0.00006913     -0.00000000
AIVX     1  Mu1.0001  In1.095 Se1.114               0.27031589      0.00002408     -0.00005291     -0.00000000
AIVX     1  Mu1.0001  In1.096 Se1.114               0.26515561      0.00026751     -0.00064018     -0.00000017
AIVX     1  Mu1.0001  In1.097 Se1.114               0.25186921     -0.00000972      0.00001853     -0.00000000
AIVX     1  Mu1.0001  In1.098 Se1.114               0.24330564      0.00001062     -0.00002874     -0.00000000
AIVX     1  Mu1.0002  In1.098 Se1.114               0.29529618     -0.00001563      0.00003508     -0.00000000
AIVX     1  Mu1.0001  In1.099 Se1.114               0.23455817     -0.00023668      0.00060009     -0.00000014
AIVX     1  Mu1.0002  In1.099 Se1.114               0.28654871      0.00037004     -0.00089217     -0.00000033
AIVX     1  Mu1.0001  In1.100 Se1.114               0.21190024      0.00000253     -0.00000717     -0.00000000
AIVX     1  Mu1.0002  In1.100 Se1.114               0.26389078      0.00000205     -0.00000478     -0.00000000
AIVX     1  Mu1.0001  In1.092 Se1.115               0.28363923     -0.00000409      0.00000932     -0.00000000
AIVX     1  Mu1.0001  In1.093 Se1.115               0.27677408      0.00000013      0.00000343      0.00000000
AIVX     1  Mu1.0001  In1.094 Se1.115               0.27470149     -0.00003434      0.00021311     -0.00000001
AIVX     1  Mu1.0001  In1.095 Se1.115               0.27445853     -0.00010674      0.00065807     -0.00000007
AIVX     1  Mu1.0001  In1.096 Se1.115               0.26929825      0.00000161      0.00001443      0.00000000
AIVX     1  Mu1.0001  In1.097 Se1.115               0.25601185      0.00001245     -0.00023544     -0.00000000
AIVX     1  Mu1.0001  In1.098 Se1.115               0.24744828      0.00006187     -0.00028252     -0.00000002
AIVX     1  Mu1.0002  In1.098 Se1.115               0.29943882     -0.00023674      0.00048554     -0.00000011
AIVX     1  Mu1.0001  In1.099 Se1.115               0.23870081     -0.00000000      0.00000288     -0.00000000
AIVX     1  Mu1.0002  In1.099 Se1.115               0.29069135      0.00000418     -0.00001017     -0.00000000
AIVX     1  Mu1.0001  In1.100 Se1.115               0.21604288      0.00000294      0.00001661      0.00000000
AIVX     1  Mu1.0002  In1.100 Se1.115               0.26803341      0.00003007     -0.00009471     -0.00000000
AIVX     1  Mu1.0001  In1.092 Se1.116               0.28888743     -0.00001146      0.00002402     -0.00000000
AIVX     1  Mu1.0001  In1.093 Se1.116               0.28202228     -0.00000961      0.00002624     -0.00000000
AIVX     1  Mu1.0001  In1.094 Se1.116               0.27994969     -0.00020647      0.00084816     -0.00000018
AIVX     1  Mu1.0001  In1.095 Se1.116               0.27970673     -0.00063738      0.00260208     -0.00000166
AIVX     1  Mu1.0001  In1.096 Se1.116               0.27454645     -0.00000663      0.00007048     -0.00000000
AIVX     1  Mu1.0001  In1.097 Se1.116               0.26126005      0.00026783     -0.00147524     -0.00000040
AIVX     1  Mu1.0001  In1.098 Se1.116               0.25269648      0.00036935     -0.00151694     -0.00000056
AIVX     1  Mu1.0001  In1.099 Se1.116               0.24394901     -0.00000435      0.00002503     -0.00000000
AIVX     1  Mu1.0002  In1.099 Se1.116               0.29593955     -0.00000990      0.00002018     -0.00000000
AIVX     1  Mu1.0001  In1.100 Se1.116               0.22129108     -0.00019908      0.00064289     -0.00000013
AIVX     1  Mu1.0002  In1.100 Se1.116               0.27328161     -0.00031138      0.00076882     -0.00000024
AIVX     1  Mu1.0001  In1.092 Se1.117               0.29210215      0.00002671     -0.00006073     -0.00000000
AIVX     1  Mu1.0001  In1.093 Se1.117               0.28523700     -0.00000090     -0.00002791      0.00000000
AIVX     1  Mu1.0001  In1.094 Se1.117               0.28316441     -0.00000619      0.00002032     -0.00000000
AIVX     1  Mu1.0001  In1.095 Se1.117               0.28292145      0.00000070     -0.00000242     -0.00000000
AIVX     1  Mu1.0001  In1.096 Se1.117               0.27776117     -0.00003720      0.00008501     -0.00000000
AIVX     1  Mu1.0001  In1.097 Se1.117               0.26447477      0.00000067     -0.00000180     -0.00000000
AIVX     1  Mu1.0001  In1.098 Se1.117               0.25591120     -0.00000126      0.00000303     -0.00000000
AIVX     1  Mu1.0001  In1.099 Se1.117               0.24716373      0.00004277     -0.00010585     -0.00000000
AIVX     1  Mu1.0002  In1.099 Se1.117               0.29915427      0.00004105     -0.00009484     -0.00000000
AIVX     1  Mu1.0001  In1.100 Se1.117               0.22450580     -0.00000017      0.00000056     -0.00000000
AIVX     1  Mu1.0002  In1.100 Se1.117               0.27649633      0.00000054     -0.00000130     -0.00000000
AIVX     1  Mu1.0001  In1.093 Se1.118               0.29443026      0.00000361     -0.00000505     -0.00000000
AIVX     1  Mu1.0001  In1.094 Se1.118               0.29235766      0.00004439     -0.00005290     -0.00000000
AIVX     1  Mu1.0001  In1.095 Se1.118               0.29211470      0.00013602     -0.00016028     -0.00000002
AIVX     1  Mu1.0001  In1.096 Se1.118               0.28695442      0.00000700     -0.00000995     -0.00000000
AIVX     1  Mu1.0001  In1.097 Se1.118               0.27366803     -0.00009606      0.00017567     -0.00000002
AIVX     1  Mu1.0001  In1.098 Se1.118               0.26510445     -0.00008037      0.00018012     -0.00000001
AIVX     1  Mu1.0001  In1.099 Se1.118               0.25635698      0.00000198     -0.00000427     -0.00000000
AIVX     1  Mu1.0001  In1.100 Se1.118               0.23369905      0.00009072     -0.00021392     -0.00000002
AIVX     1  Mu1.0002  In1.100 Se1.118               0.28568959     -0.00007462      0.00015673     -0.00000001
AIVX     1  Mu1.0001  In1.093 Se1.119               0.29474867     -0.00001971      0.00010926     -0.00000000
AIVX     1  Mu1.0001  In1.094 Se1.119               0.29267608     -0.00001113      0.00001691     -0.00000000
AIVX     1  Mu1.0001  In1.095 Se1.119               0.29243312      0.00000695     -0.00001518     -0.00000000
AIVX     1  Mu1.0001  In1.096 Se1.119               0.28727284      0.00010617     -0.00024344     -0.00000003
AIVX     1  Mu1.0001  In1.097 Se1.119               0.27398644     -0.00000186      0.00000418     -0.00000000
AIVX     1  Mu1.0001  In1.098 Se1.119               0.26542287      0.00000345     -0.00000808     -0.00000000
AIVX     1  Mu1.0001  In1.099 Se1.119               0.25667540     -0.00009039      0.00022343     -0.00000002
AIVX     1  Mu1.0001  In1.100 Se1.119               0.23401747      0.00000012     -0.00000046     -0.00000000
AIVX     1  Mu1.0002  In1.100 Se1.119               0.28600800      0.00000077     -0.00000202     -0.00000000
AIVX     1  Mu1.0001  In1.094 Se1.120               0.29885952     -0.00001725      0.00005102     -0.00000000
AIVX     1  Mu1.0001  In1.095 Se1.120               0.29861656      0.00000369     -0.00001039     -0.00000000
AIVX     1  Mu1.0001  In1.096 Se1.120               0.29345628     -0.00007387      0.00016533     -0.00000001
AIVX     1  Mu1.0001  In1.097 Se1.120               0.28016988      0.00000098     -0.00000242     -0.00000000
AIVX     1  Mu1.0001  In1.098 Se1.120               0.27160631     -0.00000246      0.00000584     -0.00000000
AIVX     1  Mu1.0001  In1.099 Se1.120               0.26285884      0.00007001     -0.00017024     -0.00000001
AIVX     1  Mu1.0001  In1.100 Se1.120               0.24020090     -0.00000024      0.00000091     -0.00000000
AIVX     1  Mu1.0002  In1.100 Se1.120               0.29219144      0.00000092     -0.00000220     -0.00000000
AIVX     1  Mu1.0001  In1.097 Se1.121               0.29016988     -0.00000086      0.00000125     -0.00000000
AIVX     1  Mu1.0001  In1.098 Se1.121               0.28160631      0.00000145     -0.00000350     -0.00000000
AIVX     1  Mu1.0001  In1.099 Se1.121               0.27285884      0.00005733     -0.00013507     -0.00000001
AIVX     1  Mu1.0001  In1.100 Se1.121               0.25020091     -0.00000289      0.00000609     -0.00000000
AIVX     1  Mu1.0001  In1.097 Se1.122               0.29845374      0.00009460     -0.00043706     -0.00000004
AIVX     1  Mu1.0001  In1.098 Se1.122               0.28989017      0.00017974     -0.00060789     -0.00000011
AIVX     1  Mu1.0001  In1.099 Se1.122               0.28114270     -0.00000246      0.00001024     -0.00000000
AIVX     1  Mu1.0001  In1.100 Se1.122               0.25848477     -0.00006894      0.00020666     -0.00000001
AIVX     1  Mu1.0001  In1.097 Se1.123               0.29944914      0.00000804     -0.00001951     -0.00000000
AIVX     1  Mu1.0001  In1.098 Se1.123               0.29088557     -0.00000940      0.00002278     -0.00000000
AIVX     1  Mu1.0001  In1.099 Se1.123               0.28213810      0.00036364     -0.00087054     -0.00000032
AIVX     1  Mu1.0001  In1.100 Se1.123               0.25948017      0.00000072      0.00000064      0.00000000
AIVX     1  Mu1.0001  In1.098 Se1.124               0.29884610     -0.00081213      0.00231542     -0.00000188
AIVX     1  Mu1.0001  In1.099 Se1.124               0.29009863      0.00001295     -0.00003955     -0.00000000
AIVX     1  Mu1.0001  In1.100 Se1.124               0.26744070      0.00056861     -0.00139876     -0.00000080
AIVX     1  Mu1.0001  In1.099 Se1.125               0.29215661     -0.00009168      0.00021516     -0.00000002
AIVX     1  Mu1.0001  In1.100 Se1.125               0.26949868      0.00000018     -0.00000051     -0.00000000
AIVX     1  Mu1.0001  In1.099 Se1.126               0.29753409      0.00001667     -0.00005308     -0.00000000
AIVX     1  Mu1.0001  In1.100 Se1.126               0.27487615      0.00078717     -0.00193852     -0.00000153
AIVX     1  Mu1.0001  In1.100 Se1.127               0.28643036      0.00011731     -0.00028601     -0.00000003
AIVX     1  Mu1.0001  In1.100 Se1.128               0.28819313      0.00000227     -0.00000401     -0.00000000
AIVX     1  Mu1.0001  In1.100 Se1.129               0.29635308     -0.00000104      0.00000266     -0.00000000
AIVX     1  Mu1.0001  In1.100 Se1.130               0.29963812      0.00001803      0.00003214      0.00000000
--

   (Skipping property calculation,
    use PROP keyword to activate)
********************************************************************************
 Compute H0 matrices for state    5
--------------------------------------------------------------------------------
--------------------------------------------------------------------------------
 H0 matrices have been computed.

********************************************************************************
  CASPT2 EQUATION SOLUTION
--------------------------------------------------------------------------------

  Total nr of CASPT2 parameters:
   Before reduction:  1876168956
   After  reduction:  1876168956

 Variance of |WF0>:      23.3858596052

 The contributions to the second order correlation energy in atomic units.
-----------------------------------------------------------------------------------------------------------------------------
  IT.      VJTU        VJTI        ATVX        AIVX        VJAI        BVAT        BJAT        BJAI        TOTAL       RNORM  
-----------------------------------------------------------------------------------------------------------------------------
   1    -0.045296   -0.032158   -0.014985   -0.140560   -0.395303   -0.094698   -0.745608   -3.515358   -4.983967    0.013295
   2    -0.047013   -0.032263   -0.015161   -0.141354   -0.395653   -0.095100   -0.747123   -3.516110   -4.989777    0.002371
   3    -0.047081   -0.032268   -0.015169   -0.141359   -0.395658   -0.095132   -0.747212   -3.516136   -4.990014    0.000311
   4    -0.047090   -0.032265   -0.015166   -0.141337   -0.395647   -0.095125   -0.747161   -3.516109   -4.989901    0.000050
   5    -0.047091   -0.032265   -0.015166   -0.141336   -0.395647   -0.095125   -0.747159   -3.516107   -4.989896    0.000008
   6    -0.047091   -0.032265   -0.015166   -0.141336   -0.395647   -0.095125   -0.747160   -3.516108   -4.989898    0.000001
-----------------------------------------------------------------------------------------------------------------------------

  FINAL CASPT2 RESULT:

      Reference energy:       -3929.6689537436
      E2 (Non-variational):      -4.9898984846
      Shift correction:          -0.0510465702
      E2 (Variational):          -5.0409450548
      Total energy:           -3934.7098987984
      Residual norm:              0.0000002648
      Reference weight:           0.37562

      Contributions to the CASPT2 correlation energy
      Active & Virtual Only:         -0.1102911066
      One Inactive Excited:          -0.9355872841
      Two Inactive Excited:          -3.9440200939


++ Denominators, etc.
--------------------------------------------------------------------------------------------------------------
 Report on small energy denominators, large coefficients, and large energy contributions.
CASE  SYMM ACTIVE-MIX  NON-ACTIVE INDICES          DENOMINATOR     RHS VALUE       COEFFICIENT     CONTRIBUTION
VJTU     1  Mu1.0001  In1.066                       0.27379031      0.00000056     -0.00000124     -0.00000000
VJTU     1  Mu1.0001  In1.067                       0.26821418      0.00003198     -0.00007635     -0.00000000
VJTU     1  Mu1.0001  In1.068                       0.25679747     -0.00001635      0.00003798     -0.00000000
VJTU     1  Mu1.0002  In1.068                       0.29132546      0.00000487     -0.00001039     -0.00000000
VJTU     1  Mu1.0001  In1.069                       0.25641012     -0.00004888      0.00011860     -0.00000001
VJTU     1  Mu1.0002  In1.069                       0.29093811     -0.00003361      0.00005694     -0.00000000
VJTU     1  Mu1.0001  In1.070                       0.25440092     -0.00004205      0.00012189     -0.00000001
VJTU     1  Mu1.0002  In1.070                       0.28892891      0.00002300     -0.00005707     -0.00000000
VJTU     1  Mu1.0001  In1.071                       0.25370376      0.00000034     -0.00000095     -0.00000000
VJTU     1  Mu1.0002  In1.071                       0.28823175     -0.00000050      0.00000097     -0.00000000
VJTU     1  Mu1.0001  In1.072                       0.21055690      0.00000318      0.00001860      0.00000000
VJTU     1  Mu1.0002  In1.072                       0.24508489      0.00001277     -0.00003946     -0.00000000
VJTU     1  Mu1.0003  In1.072                       0.27624972      0.00113631     -0.00169818     -0.00000193
VJTU     1  Mu1.0004  In1.072                       0.29525922     -0.00019805      0.00149791     -0.00000030
VJTU     1  Mu1.0001  In1.073                       0.21022037      0.00002874     -0.00007089     -0.00000000
VJTU     1  Mu1.0002  In1.073                       0.24474835     -0.00000499      0.00001214     -0.00000000
VJTU     1  Mu1.0003  In1.073                       0.27591318      0.00095822     -0.00231193     -0.00000222
VJTU     1  Mu1.0004  In1.073                       0.29492268      0.00058748     -0.00139139     -0.00000082
VJTU     1  Mu1.0001  In1.074                       0.20937755     -0.00000086      0.00000212     -0.00000000
VJTU     1  Mu1.0002  In1.074                       0.24390553      0.00000082     -0.00000048     -0.00000000
VJTU     1  Mu1.0003  In1.074                       0.27507036      0.00004956     -0.00011884     -0.00000001
VJTU     1  Mu1.0004  In1.074                       0.29407986     -0.00008882      0.00021567     -0.00000002
VJTU     1  Mu1.0001  In1.075                       0.20667639     -0.00000022      0.00000015     -0.00000000
VJTU     1  Mu1.0002  In1.075                       0.24120437     -0.00000023      0.00000221     -0.00000000
VJTU     1  Mu1.0003  In1.075                       0.27236920      0.00001743     -0.00004212     -0.00000000
VJTU     1  Mu1.0004  In1.075                       0.29137870     -0.00000756      0.00001273     -0.00000000
VJTU     1  Mu1.0001  In1.076                       0.20288964     -0.00000383      0.00000937     -0.00000000
VJTU     1  Mu1.0002  In1.076                       0.23741763      0.00000056     -0.00000141     -0.00000000
VJTU     1  Mu1.0003  In1.076                       0.26858245     -0.00018381      0.00043996     -0.00000008
VJTU     1  Mu1.0004  In1.076                       0.28759196     -0.00010449      0.00024333     -0.00000003
VJTU     1  Mu1.0001  In1.077                       0.18642801      0.00000176     -0.00000468     -0.00000000
VJTU     1  Mu1.0002  In1.077                       0.22095599     -0.00000077      0.00000196     -0.00000000
VJTU     1  Mu1.0003  In1.077                       0.25212082      0.00004074     -0.00009132     -0.00000000
VJTU     1  Mu1.0004  In1.077                       0.27113032      0.00006602     -0.00016493     -0.00000001
VJTU     1  Mu1.0001  In1.078                       0.18246965     -0.00006188      0.00015737     -0.00000001
VJTU     1  Mu1.0002  In1.078                       0.21699763     -0.00005345      0.00011123     -0.00000001
VJTU     1  Mu1.0003  In1.078                       0.24816246     -0.00573848      0.01410749     -0.00008096
VJTU     1  Mu1.0004  In1.078                       0.26717196      0.00188050     -0.00449927     -0.00000846
VJTU     1  Mu1.0005  In1.078                       0.29936082     -0.00065827      0.00154043     -0.00000101
VJTU     1  Mu1.0001  In1.079                       0.16329433      0.00000010     -0.00000435     -0.00000000
VJTU     1  Mu1.0002  In1.079                       0.19782232      0.00000291     -0.00000749     -0.00000000
VJTU     1  Mu1.0003  In1.079                       0.22898715      0.00026925     -0.00071535     -0.00000019
VJTU     1  Mu1.0004  In1.079                       0.24799665     -0.00002268      0.00006858     -0.00000000
VJTU     1  Mu1.0005  In1.079                       0.28018551      0.00003250     -0.00008400     -0.00000000
VJTU     1  Mu1.0006  In1.079                       0.29973349      0.00000617     -0.00001596     -0.00000000
VJTU     1  Mu1.0001  In1.080                       0.15280173      0.00001011     -0.00002592     -0.00000000
VJTU     1  Mu1.0002  In1.080                       0.18732972     -0.00002830      0.00006883     -0.00000000
VJTU     1  Mu1.0003  In1.080                       0.21849454      0.00158719     -0.00384104     -0.00000610
VJTU     1  Mu1.0004  In1.080                       0.23750405      0.00248921     -0.00599503     -0.00001492
VJTU     1  Mu1.0005  In1.080                       0.26969290      0.00009949     -0.00023679     -0.00000002
VJTU     1  Mu1.0006  In1.080                       0.28924088      0.00004089     -0.00012411     -0.00000001
VJTU     1  Mu1.0007  In1.080                       0.29577061      0.00001195     -0.00003314     -0.00000000
VJTU     1  Mu1.0001  In1.081                       0.15206335      0.00008655     -0.00021201     -0.00000002
VJTU     1  Mu1.0002  In1.081                       0.18659134      0.00003406     -0.00004529     -0.00000000
VJTU     1  Mu1.0003  In1.081                       0.21775616      0.00867332     -0.02192450     -0.00019016
VJTU     1  Mu1.0004  In1.081                       0.23676567     -0.00241651      0.00597035     -0.00001443
VJTU     1  Mu1.0005  In1.081                       0.26895452      0.00102162     -0.00250498     -0.00000256
VJTU     1  Mu1.0006  In1.081                       0.28850250      0.00030635     -0.00073180     -0.00000022
VJTU     1  Mu1.0007  In1.081                       0.29503223     -0.00106769      0.00255850     -0.00000273
VJTU     1  Mu1.0001  In1.082                       0.14219344      0.00001024      0.00000588      0.00000000
VJTU     1  Mu1.0002  In1.082                       0.17672143      0.00001700     -0.00005460     -0.00000000
VJTU     1  Mu1.0003  In1.082                       0.20788626      0.00230624     -0.00431634     -0.00000995
VJTU     1  Mu1.0004  In1.082                       0.22689576     -0.00021661      0.00212251     -0.00000046
VJTU     1  Mu1.0005  In1.082                       0.25908462      0.00010322     -0.00010841     -0.00000001
VJTU     1  Mu1.0006  In1.082                       0.27863260     -0.00001483     -0.00001109      0.00000000
VJTU     1  Mu1.0007  In1.082                       0.28516232     -0.00025508      0.00062043     -0.00000016
VJTU     1  Mu1.0008  In1.082                       0.29568573     -0.00000761      0.00001697     -0.00000000
VJTU     1  Mu1.0001  In1.083                       0.13942100     -0.00001025      0.00002181     -0.00000000
VJTU     1  Mu1.0002  In1.083                       0.17394899      0.00000309     -0.00000746     -0.00000000
VJTU     1  Mu1.0003  In1.083                       0.20511381     -0.00012300      0.00029065     -0.00000004
VJTU     1  Mu1.0004  In1.083                       0.22412332     -0.00018367      0.00046513     -0.00000009
VJTU     1  Mu1.0005  In1.083                       0.25631217     -0.00001038      0.00002238     -0.00000000
VJTU     1  Mu1.0006  In1.083                       0.27586015      0.00000018     -0.00000088     -0.00000000
VJTU     1  Mu1.0007  In1.083                       0.28238988     -0.00001288      0.00003393     -0.00000000
VJTU     1  Mu1.0008  In1.083                       0.29291329      0.00005030     -0.00010766     -0.00000001
VJTU     1  Mu1.0001  In1.084                       0.13129054      0.00003458     -0.00008520     -0.00000000
VJTU     1  Mu1.0002  In1.084                       0.16581853     -0.00002581      0.00006821     -0.00000000
VJTU     1  Mu1.0003  In1.084                       0.19698335      0.00282845     -0.00736509     -0.00002083
VJTU     1  Mu1.0004  In1.084                       0.21599286      0.00212810     -0.00551158     -0.00001173
VJTU     1  Mu1.0005  In1.084                       0.24818172      0.00031084     -0.00081300     -0.00000025
VJTU     1  Mu1.0006  In1.084                       0.26772970      0.00004475     -0.00012487     -0.00000001
VJTU     1  Mu1.0007  In1.084                       0.27425942     -0.00011177      0.00026756     -0.00000003
VJTU     1  Mu1.0008  In1.084                       0.28478283     -0.00000013      0.00000016     -0.00000000
VJTU     1  Mu1.0009  In1.084                       0.29682420      0.00037953     -0.00092303     -0.00000035
VJTU     1  Mu1.0001  In1.085                       0.13007314      0.00001477     -0.00003286     -0.00000000
VJTU     1  Mu1.0002  In1.085                       0.16460113     -0.00000221      0.00000531     -0.00000000
VJTU     1  Mu1.0003  In1.085                       0.19576595      0.00050372     -0.00125792     -0.00000063
VJTU     1  Mu1.0004  In1.085                       0.21477546      0.00028610     -0.00071038     -0.00000020
VJTU     1  Mu1.0005  In1.085                       0.24696432      0.00005349     -0.00013138     -0.00000001
VJTU     1  Mu1.0006  In1.085                       0.26651230      0.00000937     -0.00002396     -0.00000000
VJTU     1  Mu1.0007  In1.085                       0.27304202     -0.00001609      0.00003890     -0.00000000
VJTU     1  Mu1.0008  In1.085                       0.28356543     -0.00005939      0.00012924     -0.00000001
VJTU     1  Mu1.0009  In1.085                       0.29560680      0.00007924     -0.00018368     -0.00000001
VJTU     1  Mu1.0001  In1.086                       0.08552300     -0.00000273      0.00000517     -0.00000000
VJTU     1  Mu1.0002  In1.086                       0.12005098      0.00000171     -0.00000352     -0.00000000
VJTU     1  Mu1.0003  In1.086                       0.15121581     -0.00008353      0.00019991     -0.00000002
VJTU     1  Mu1.0004  In1.086                       0.17022531     -0.00008411      0.00021880     -0.00000002
VJTU     1  Mu1.0005  In1.086                       0.20241417     -0.00000956      0.00002467     -0.00000000
VJTU     1  Mu1.0006  In1.086                       0.22196215     -0.00000102      0.00000248     -0.00000000
VJTU     1  Mu1.0007  In1.086                       0.22849187      0.00000334     -0.00000770     -0.00000000
VJTU     1  Mu1.0008  In1.086                       0.23901528     -0.00001823      0.00005138     -0.00000000
VJTU     1  Mu1.0009  In1.086                       0.25105665     -0.00001127      0.00002811     -0.00000000
VJTU     1  Mu1.0010  In1.086                       0.28072367     -0.00000498      0.00001114     -0.00000000
VJTU     1  Mu1.0011  In1.086                       0.28745722      0.00000113      0.00000698      0.00000000
VJTU     1  Mu1.0012  In1.086                       0.29187103      0.00001054     -0.00002463     -0.00000000
VJTU     1  Mu1.0013  In1.086                       0.29433023      0.00003383     -0.00008697     -0.00000000
VJTU     1  Mu1.0014  In1.086                       0.29520234     -0.00000452      0.00001073     -0.00000000
VJTU     1  Mu1.0015  In1.086                       0.29743294      0.00000316     -0.00000781     -0.00000000
VJTU     1  Mu1.0001  In1.087                       0.08264369     -0.00006594      0.00012045     -0.00000001
VJTU     1  Mu1.0002  In1.087                       0.11717168      0.00000438     -0.00003382     -0.00000000
VJTU     1  Mu1.0003  In1.087                       0.14833650     -0.00659476      0.01662225     -0.00010962
VJTU     1  Mu1.0004  In1.087                       0.16734601      0.00222510     -0.00572918     -0.00001275
VJTU     1  Mu1.0005  In1.087                       0.19953487     -0.00089076      0.00235976     -0.00000210
VJTU     1  Mu1.0006  In1.087                       0.21908285     -0.00023957      0.00060203     -0.00000014
VJTU     1  Mu1.0007  In1.087                       0.22561257      0.00095664     -0.00251828     -0.00000241
VJTU     1  Mu1.0008  In1.087                       0.23613598     -0.00000321      0.00000856     -0.00000000
VJTU     1  Mu1.0009  In1.087                       0.24817735     -0.00069325      0.00181461     -0.00000126
VJTU     1  Mu1.0010  In1.087                       0.27784436     -0.00023173      0.00058680     -0.00000014
VJTU     1  Mu1.0011  In1.087                       0.28457791     -0.00000273      0.00000688     -0.00000000
VJTU     1  Mu1.0012  In1.087                       0.28899172      0.00034286     -0.00083036     -0.00000028
VJTU     1  Mu1.0013  In1.087                       0.29145093     -0.00000889      0.00002077     -0.00000000
VJTU     1  Mu1.0014  In1.087                       0.29232304     -0.00010965      0.00026295     -0.00000003
VJTU     1  Mu1.0015  In1.087                       0.29455364      0.00023149     -0.00058655     -0.00000014
VJTU     1  Mu1.0001  In1.088                       0.06666966     -0.00000499      0.00000751     -0.00000000
VJTU     1  Mu1.0002  In1.088                       0.10119765      0.00000043      0.00000102      0.00000000
VJTU     1  Mu1.0003  In1.088                       0.13236247     -0.00017111      0.00041942     -0.00000007
VJTU     1  Mu1.0004  In1.088                       0.15137198     -0.00013733      0.00033025     -0.00000005
VJTU     1  Mu1.0005  In1.088                       0.18356084     -0.00001519      0.00004110     -0.00000000
VJTU     1  Mu1.0006  In1.088                       0.20310882     -0.00000085      0.00000227     -0.00000000
VJTU     1  Mu1.0007  In1.088                       0.20963854      0.00000248     -0.00000405     -0.00000000
VJTU     1  Mu1.0008  In1.088                       0.22016195      0.00009677     -0.00023121     -0.00000002
VJTU     1  Mu1.0009  In1.088                       0.23220332     -0.00002193      0.00005804     -0.00000000
VJTU     1  Mu1.0010  In1.088                       0.26187034     -0.00000242      0.00000376     -0.00000000
VJTU     1  Mu1.0011  In1.088                       0.26860388      0.00011075     -0.00025728     -0.00000003
VJTU     1  Mu1.0012  In1.088                       0.27301769      0.00002021     -0.00005026     -0.00000000
VJTU     1  Mu1.0013  In1.088                       0.27547690     -0.00000563      0.00001833     -0.00000000
VJTU     1  Mu1.0014  In1.088                       0.27634901     -0.00001444      0.00003485     -0.00000000
VJTU     1  Mu1.0015  In1.088                       0.27857961      0.00000581     -0.00001733     -0.00000000
VJTU     1  Mu1.0016  In1.088                       0.28465075      0.00001501     -0.00003675     -0.00000000
VJTU     1  Mu1.0017  In1.088                       0.28940518     -0.00000204      0.00000424     -0.00000000
VJTU     1  Mu1.0018  In1.088                       0.29711982     -0.00012195      0.00030133     -0.00000004
VJTU     1  Mu1.0001  In1.089                       0.05058844      0.00043849     -0.00052987     -0.00000023
VJTU     1  Mu1.0002  In1.089                       0.08511642      0.00025400     -0.00033409     -0.00000008
VJTU     1  Mu1.0003  In1.089                       0.11628125      0.03994609     -0.08803255     -0.00351656
VJTU     1  Mu1.0004  In1.089                       0.13529075     -0.01299801      0.03057816     -0.00039746
VJTU     1  Mu1.0005  In1.089                       0.16747961      0.00484326     -0.01222529     -0.00005921
VJTU     1  Mu1.0006  In1.089                       0.18702759      0.00120039     -0.00305529     -0.00000367
VJTU     1  Mu1.0007  In1.089                       0.19355731     -0.00500744      0.01302293     -0.00006521
VJTU     1  Mu1.0008  In1.089                       0.20408073      0.00001998     -0.00005280     -0.00000000
VJTU     1  Mu1.0009  In1.089                       0.21612210      0.00465575     -0.01181693     -0.00005502
VJTU     1  Mu1.0010  In1.089                       0.24578911      0.00202552     -0.00495656     -0.00001004
VJTU     1  Mu1.0011  In1.089                       0.25252266      0.00003894     -0.00009436     -0.00000000
VJTU     1  Mu1.0012  In1.089                       0.25693647     -0.00234609      0.00563801     -0.00001323
VJTU     1  Mu1.0013  In1.089                       0.25939567      0.00001560     -0.00003427     -0.00000000
VJTU     1  Mu1.0014  In1.089                       0.26026778      0.00018623     -0.00042980     -0.00000008
VJTU     1  Mu1.0015  In1.089                       0.26249839     -0.00137430      0.00345416     -0.00000475
VJTU     1  Mu1.0016  In1.089                       0.26856952     -0.00048354      0.00113043     -0.00000055
VJTU     1  Mu1.0017  In1.089                       0.27332396      0.00566838     -0.01365009     -0.00007737
VJTU     1  Mu1.0018  In1.089                       0.28103860      0.00003129     -0.00006514     -0.00000000
VJTU     1  Mu1.0019  In1.089                       0.28673533      0.00050176     -0.00121961     -0.00000061
VJTU     1  Mu1.0020  In1.089                       0.29223065      0.00018844     -0.00046544     -0.00000009
VJTU     1  Mu1.0021  In1.089                       0.29255594     -0.00250268      0.00593444     -0.00001485
VJTU     1  Mu1.0001  In1.090                       0.04480498      0.00000977     -0.00001100     -0.00000000
VJTU     1  Mu1.0002  In1.090                       0.07933296      0.00000789     -0.00000896     -0.00000000
VJTU     1  Mu1.0003  In1.090                       0.11049779      0.00124545     -0.00264916     -0.00000330
VJTU     1  Mu1.0004  In1.090                       0.12950729     -0.00049727      0.00112414     -0.00000056
VJTU     1  Mu1.0005  In1.090                       0.16169615      0.00017379     -0.00043370     -0.00000008
VJTU     1  Mu1.0006  In1.090                       0.18124413      0.00005576     -0.00014104     -0.00000001
VJTU     1  Mu1.0007  In1.090                       0.18777385     -0.00017245      0.00044568     -0.00000008
VJTU     1  Mu1.0008  In1.090                       0.19829727     -0.00009791      0.00024038     -0.00000002
VJTU     1  Mu1.0009  In1.090                       0.21033864      0.00014284     -0.00036168     -0.00000005
VJTU     1  Mu1.0010  In1.090                       0.24000565      0.00007733     -0.00018569     -0.00000001
VJTU     1  Mu1.0011  In1.090                       0.24673920     -0.00032175      0.00076221     -0.00000025
VJTU     1  Mu1.0012  In1.090                       0.25115301     -0.00007091      0.00016854     -0.00000001
VJTU     1  Mu1.0013  In1.090                       0.25361221      0.00004720     -0.00011267     -0.00000001
VJTU     1  Mu1.0014  In1.090                       0.25448432      0.00000427     -0.00000908     -0.00000000
VJTU     1  Mu1.0015  In1.090                       0.25671493     -0.00004878      0.00011973     -0.00000001
VJTU     1  Mu1.0016  In1.090                       0.26278606     -0.00000781      0.00001560     -0.00000000
VJTU     1  Mu1.0017  In1.090                       0.26754050      0.00017666     -0.00042196     -0.00000007
VJTU     1  Mu1.0018  In1.090                       0.27525514     -0.00012678      0.00026350     -0.00000003
VJTU     1  Mu1.0019  In1.090                       0.28095187      0.00001900     -0.00004277     -0.00000000
VJTU     1  Mu1.0020  In1.090                       0.28644719      0.00078131     -0.00183574     -0.00000143
VJTU     1  Mu1.0021  In1.090                       0.28677248     -0.00001132      0.00002111     -0.00000000
VJTU     1  Mu1.0001  In1.091                       0.04329993      0.00001832     -0.00001824     -0.00000000
VJTU     1  Mu1.0002  In1.091                       0.07782791     -0.00001124      0.00001810     -0.00000000
VJTU     1  Mu1.0003  In1.091                       0.10899274      0.00020036     -0.00037279     -0.00000007
VJTU     1  Mu1.0004  In1.091                       0.12800224      0.00087067     -0.00204578     -0.00000178
VJTU     1  Mu1.0005  In1.091                       0.16019110     -0.00001071      0.00003510     -0.00000000
VJTU     1  Mu1.0006  In1.091                       0.17973908     -0.00002842      0.00007241     -0.00000000
VJTU     1  Mu1.0007  In1.091                       0.18626880      0.00003846     -0.00010919     -0.00000000
VJTU     1  Mu1.0008  In1.091                       0.19679221     -0.00019015      0.00045403     -0.00000009
VJTU     1  Mu1.0009  In1.091                       0.20883358      0.00003598     -0.00008405     -0.00000000
VJTU     1  Mu1.0010  In1.091                       0.23850060      0.00002698     -0.00006250     -0.00000000
VJTU     1  Mu1.0011  In1.091                       0.24523415     -0.00047123      0.00115064     -0.00000054
VJTU     1  Mu1.0012  In1.091                       0.24964796     -0.00005481      0.00013382     -0.00000001
VJTU     1  Mu1.0013  In1.091                       0.25210716      0.00022774     -0.00056380     -0.00000013
VJTU     1  Mu1.0014  In1.091                       0.25297927      0.00001530     -0.00003807     -0.00000000
VJTU     1  Mu1.0015  In1.091                       0.25520987     -0.00007009      0.00015417     -0.00000001
VJTU     1  Mu1.0016  In1.091                       0.26128101     -0.00004982      0.00010176     -0.00000001
VJTU     1  Mu1.0017  In1.091                       0.26603545     -0.00000590      0.00002466     -0.00000000
VJTU     1  Mu1.0018  In1.091                       0.27375009      0.00139443     -0.00325799     -0.00000454
VJTU     1  Mu1.0019  In1.091                       0.27944682      0.00000541     -0.00000968     -0.00000000
VJTU     1  Mu1.0020  In1.091                       0.28494214     -0.00396080      0.00924642     -0.00003662
VJTU     1  Mu1.0021  In1.091                       0.28526743     -0.00040137      0.00092972     -0.00000037
VJTU     1  Mu1.0022  In1.091                       0.29855487      0.00007944     -0.00018446     -0.00000001
VJTU     1  Mu1.0023  In1.091                       0.29992001      0.00002908     -0.00005851     -0.00000000
VJTU     1  Mu1.0001  In1.092                       0.01376287      0.00001783     -0.00000446     -0.00000000
VJTU     1  Mu1.0002  In1.092                       0.04829086      0.00000069     -0.00000196     -0.00000000
VJTU     1  Mu1.0003  In1.092                       0.07945569      0.00029935     -0.00035854     -0.00000011
VJTU     1  Mu1.0004  In1.092                       0.09846519      0.00016258     -0.00020359     -0.00000003
VJTU     1  Mu1.0005  In1.092                       0.13065405      0.00004491     -0.00007736     -0.00000000
VJTU     1  Mu1.0006  In1.092                       0.15020203      0.00001055     -0.00002322     -0.00000000
VJTU     1  Mu1.0007  In1.092                       0.15673175      0.00003516     -0.00009052     -0.00000000
VJTU     1  Mu1.0008  In1.092                       0.16725516     -0.00023165      0.00052740     -0.00000012
VJTU     1  Mu1.0009  In1.092                       0.17929653      0.00008186     -0.00016960     -0.00000001
VJTU     1  Mu1.0010  In1.092                       0.20896355      0.00002155     -0.00003918     -0.00000000
VJTU     1  Mu1.0011  In1.092                       0.21569710      0.00005082     -0.00009809     -0.00000000
VJTU     1  Mu1.0012  In1.092                       0.22011090     -0.00004691      0.00008993     -0.00000000
VJTU     1  Mu1.0013  In1.092                       0.22257011     -0.00017572      0.00041264     -0.00000007
VJTU     1  Mu1.0014  In1.092                       0.22344222      0.00001199     -0.00002236     -0.00000000
VJTU     1  Mu1.0015  In1.092                       0.22567282      0.00000171     -0.00002053     -0.00000000
VJTU     1  Mu1.0016  In1.092                       0.23174396      0.00001582     -0.00004937     -0.00000000
VJTU     1  Mu1.0017  In1.092                       0.23649840      0.00001170     -0.00001080     -0.00000000
VJTU     1  Mu1.0018  In1.092                       0.24421303      0.00087024     -0.00200423     -0.00000174
VJTU     1  Mu1.0019  In1.092                       0.24990977     -0.00000901      0.00000504     -0.00000000
VJTU     1  Mu1.0020  In1.092                       0.25540508      0.00072462     -0.00167340     -0.00000121
VJTU     1  Mu1.0021  In1.092                       0.25573038     -0.00000116      0.00001631     -0.00000000
VJTU     1  Mu1.0022  In1.092                       0.26901782      0.00009529     -0.00021307     -0.00000002
VJTU     1  Mu1.0023  In1.092                       0.27038296      0.00001610     -0.00001332     -0.00000000
VJTU     1  Mu1.0024  In1.092                       0.27345401     -0.00042302      0.00099570     -0.00000042
VJTU     1  Mu1.0025  In1.092                       0.27409447     -0.00003853      0.00007623     -0.00000000
VJTU     1  Mu1.0026  In1.092                       0.27459032     -0.00000634      0.00000476     -0.00000000
VJTU     1  Mu1.0027  In1.092                       0.27525460     -0.00003233      0.00008355     -0.00000000
VJTU     1  Mu1.0028  In1.092                       0.28777520      0.00006029     -0.00015184     -0.00000001
VJTU     1  Mu1.0029  In1.092                       0.30026319     -0.01507426      0.03306017     -0.00049836
VJTU     1  Mu1.0030  In1.092                       0.30126152     -0.01199310      0.02629116     -0.00031531
VJTU     1  Mu1.0001  In1.093                       0.00689772     -0.00003414      0.00000631     -0.00000000
VJTU     1  Mu1.0002  In1.093                       0.04142571      0.00000469     -0.00000581     -0.00000000
VJTU     1  Mu1.0003  In1.093                       0.07259054     -0.00177434      0.00297962     -0.00000529
VJTU     1  Mu1.0004  In1.093                       0.09160004     -0.00071358      0.00141584     -0.00000101
VJTU     1  Mu1.0005  In1.093                       0.12378890     -0.00018097      0.00043001     -0.00000008
VJTU     1  Mu1.0006  In1.093                       0.14333688     -0.00004445      0.00011449     -0.00000001
VJTU     1  Mu1.0007  In1.093                       0.14986660      0.00011783     -0.00028726     -0.00000003
VJTU     1  Mu1.0008  In1.093                       0.16039001      0.00014428     -0.00038300     -0.00000006
VJTU     1  Mu1.0009  In1.093                       0.17243138     -0.00021516      0.00056030     -0.00000012
VJTU     1  Mu1.0010  In1.093                       0.20209840     -0.00007522      0.00019442     -0.00000001
VJTU     1  Mu1.0011  In1.093                       0.20883195      0.00006558     -0.00016686     -0.00000001
VJTU     1  Mu1.0012  In1.093                       0.21324576      0.00017298     -0.00045165     -0.00000008
VJTU     1  Mu1.0013  In1.093                       0.21570496     -0.00012469      0.00032691     -0.00000004
VJTU     1  Mu1.0014  In1.093                       0.21657707     -0.00004402      0.00011509     -0.00000001
VJTU     1  Mu1.0015  In1.093                       0.21880767      0.00008566     -0.00022147     -0.00000002
VJTU     1  Mu1.0016  In1.093                       0.22487881      0.00004104     -0.00009262     -0.00000000
VJTU     1  Mu1.0017  In1.093                       0.22963325     -0.00018393      0.00047032     -0.00000009
VJTU     1  Mu1.0018  In1.093                       0.23734789     -0.00002313      0.00009125     -0.00000000
VJTU     1  Mu1.0019  In1.093                       0.24304462      0.00003262     -0.00008065     -0.00000000
VJTU     1  Mu1.0020  In1.093                       0.24853993      0.00020625     -0.00052498     -0.00000011
VJTU     1  Mu1.0021  In1.093                       0.24886523      0.00007976     -0.00021578     -0.00000002
VJTU     1  Mu1.0022  In1.093                       0.26215267     -0.00020092      0.00050847     -0.00000010
VJTU     1  Mu1.0023  In1.093                       0.26351781     -0.00003567      0.00008571     -0.00000000
VJTU     1  Mu1.0024  In1.093                       0.26658886     -0.00020391      0.00053454     -0.00000011
VJTU     1  Mu1.0025  In1.093                       0.26722932      0.00003066     -0.00009043     -0.00000000
VJTU     1  Mu1.0026  In1.093                       0.26772518      0.00005680     -0.00013709     -0.00000001
VJTU     1  Mu1.0027  In1.093                       0.26838945     -0.00003165      0.00007856     -0.00000000
VJTU     1  Mu1.0028  In1.093                       0.28091005      0.00003264     -0.00007570     -0.00000000
VJTU     1  Mu1.0029  In1.093                       0.29339804      0.00018330     -0.00108908     -0.00000020
VJTU     1  Mu1.0030  In1.093                       0.29439637      0.00014855     -0.00092770     -0.00000014
VJTU     1  Mu1.0031  In1.093                       0.29816101     -0.00003653      0.00009567     -0.00000000
VJTU     1  Mu1.0001  In1.094                       0.00482513     -0.00035939      0.00004591     -0.00000002
VJTU     1  Mu1.0002  In1.094                       0.03935312      0.00017302     -0.00016927     -0.00000003
VJTU     1  Mu1.0003  In1.094                       0.07051794     -0.01314643      0.02125388     -0.00027941
VJTU     1  Mu1.0004  In1.094                       0.08952745     -0.01442892      0.02767720     -0.00039935
VJTU     1  Mu1.0005  In1.094                       0.12171631     -0.00113839      0.00267959     -0.00000305
VJTU     1  Mu1.0006  In1.094                       0.14126429     -0.00027382      0.00074638     -0.00000020
VJTU     1  Mu1.0007  In1.094                       0.14779401      0.00034341     -0.00081528     -0.00000028
VJTU     1  Mu1.0008  In1.094                       0.15831742     -0.00015808      0.00036762     -0.00000006
VJTU     1  Mu1.0009  In1.094                       0.17035879     -0.00169667      0.00432640     -0.00000734
VJTU     1  Mu1.0010  In1.094                       0.20002580     -0.00075409      0.00196915     -0.00000148
VJTU     1  Mu1.0011  In1.094                       0.20675935     -0.00034307      0.00082726     -0.00000028
VJTU     1  Mu1.0012  In1.094                       0.21117316      0.00179723     -0.00460363     -0.00000827
VJTU     1  Mu1.0013  In1.094                       0.21363237     -0.00005486      0.00012939     -0.00000001
VJTU     1  Mu1.0014  In1.094                       0.21450448     -0.00039814      0.00103524     -0.00000041
VJTU     1  Mu1.0015  In1.094                       0.21673508      0.00071705     -0.00187433     -0.00000134
VJTU     1  Mu1.0016  In1.094                       0.22280622      0.00049395     -0.00122528     -0.00000061
VJTU     1  Mu1.0017  In1.094                       0.22756065     -0.00119266      0.00304583     -0.00000363
VJTU     1  Mu1.0018  In1.094                       0.23527529      0.00029372     -0.00070204     -0.00000021
VJTU     1  Mu1.0019  In1.094                       0.24097202      0.00051517     -0.00132793     -0.00000068
VJTU     1  Mu1.0020  In1.094                       0.24646734      0.00003295     -0.00009994     -0.00000000
VJTU     1  Mu1.0021  In1.094                       0.24679264      0.00012754     -0.00031483     -0.00000004
VJTU     1  Mu1.0022  In1.094                       0.26008007     -0.00238813      0.00592074     -0.00001414
VJTU     1  Mu1.0023  In1.094                       0.26144522     -0.00014234      0.00036145     -0.00000005
VJTU     1  Mu1.0024  In1.094                       0.26451626     -0.00013579      0.00029868     -0.00000004
VJTU     1  Mu1.0025  In1.094                       0.26515672      0.00019481     -0.00044955     -0.00000009
VJTU     1  Mu1.0026  In1.094                       0.26565258      0.00059353     -0.00145847     -0.00000087
VJTU     1  Mu1.0027  In1.094                       0.26631685     -0.00012417      0.00032864     -0.00000004
VJTU     1  Mu1.0028  In1.094                       0.27883746      0.00026446     -0.00066307     -0.00000018
VJTU     1  Mu1.0029  In1.094                       0.29132544     -0.00086450      0.00217160     -0.00000188
VJTU     1  Mu1.0030  In1.094                       0.29232377     -0.00025725      0.00081226     -0.00000021
VJTU     1  Mu1.0031  In1.094                       0.29608841     -0.00021292      0.00049233     -0.00000010
VJTU     1  Mu1.0001  In1.095                       0.00458217     -0.00116464      0.00014079     -0.00000016
VJTU     1  Mu1.0002  In1.095                       0.03911016      0.00052662     -0.00051849     -0.00000027
VJTU     1  Mu1.0003  In1.095                       0.07027498     -0.04365435      0.07008807     -0.00305965
VJTU     1  Mu1.0004  In1.095                       0.08928449     -0.04486711      0.08588898     -0.00385359
VJTU     1  Mu1.0005  In1.095                       0.12147335     -0.00385712      0.00900545     -0.00003474
VJTU     1  Mu1.0006  In1.095                       0.14102133     -0.00091840      0.00247404     -0.00000227
VJTU     1  Mu1.0007  In1.095                       0.14755105      0.00130598     -0.00311423     -0.00000407
VJTU     1  Mu1.0008  In1.095                       0.15807446      0.00005390     -0.00012326     -0.00000001
VJTU     1  Mu1.0009  In1.095                       0.17011583     -0.00562001      0.01427037     -0.00008020
VJTU     1  Mu1.0010  In1.095                       0.19978285     -0.00253428      0.00656696     -0.00001664
VJTU     1  Mu1.0011  In1.095                       0.20651639      0.00007785     -0.00018237     -0.00000001
VJTU     1  Mu1.0012  In1.095                       0.21093020      0.00582460     -0.01487681     -0.00008665
VJTU     1  Mu1.0013  In1.095                       0.21338941     -0.00004499      0.00012103     -0.00000001
VJTU     1  Mu1.0014  In1.095                       0.21426152     -0.00127773      0.00331036     -0.00000423
VJTU     1  Mu1.0015  In1.095                       0.21649212      0.00230274     -0.00597442     -0.00001376
VJTU     1  Mu1.0016  In1.095                       0.22256326      0.00155234     -0.00380022     -0.00000590
VJTU     1  Mu1.0017  In1.095                       0.22731769     -0.00407867      0.01035543     -0.00004224
VJTU     1  Mu1.0018  In1.095                       0.23503233     -0.00014896      0.00037047     -0.00000006
VJTU     1  Mu1.0019  In1.095                       0.24072907      0.00155632     -0.00399676     -0.00000622
VJTU     1  Mu1.0020  In1.095                       0.24622438      0.00007669     -0.00024814     -0.00000002
VJTU     1  Mu1.0021  In1.095                       0.24654968      0.00063301     -0.00160011     -0.00000101
VJTU     1  Mu1.0022  In1.095                       0.25983711     -0.00786041      0.01948419     -0.00015315
VJTU     1  Mu1.0023  In1.095                       0.26120226     -0.00040648      0.00097239     -0.00000040
VJTU     1  Mu1.0024  In1.095                       0.26427330     -0.00013485      0.00032332     -0.00000004
VJTU     1  Mu1.0025  In1.095                       0.26491376      0.00014778     -0.00038057     -0.00000006
VJTU     1  Mu1.0026  In1.095                       0.26540962      0.00197643     -0.00482572     -0.00000954
VJTU     1  Mu1.0027  In1.095                       0.26607390     -0.00039370      0.00102961     -0.00000041
VJTU     1  Mu1.0028  In1.095                       0.27859450      0.00074884     -0.00185236     -0.00000139
VJTU     1  Mu1.0029  In1.095                       0.29108249      0.00022187     -0.00044425     -0.00000010
VJTU     1  Mu1.0030  In1.095                       0.29208082      0.00004673     -0.00007641     -0.00000000
VJTU     1  Mu1.0031  In1.095                       0.29584545     -0.00072995      0.00168448     -0.00000123
VJTU     1  Mu1.0001  In1.096                      -0.00057811     -0.00007710     -0.00000101      0.00000000
VJTU     1  Mu1.0002  In1.096                       0.03394988      0.00002017     -0.00001500     -0.00000000
VJTU     1  Mu1.0003  In1.096                       0.06511470     -0.00194023      0.00258032     -0.00000501
VJTU     1  Mu1.0004  In1.096                       0.08412421     -0.00222877      0.00382013     -0.00000851
VJTU     1  Mu1.0005  In1.096                       0.11631307     -0.00020408      0.00039717     -0.00000008
VJTU     1  Mu1.0006  In1.096                       0.13586105     -0.00004287      0.00010857     -0.00000000
VJTU     1  Mu1.0007  In1.096                       0.14239077     -0.00006787      0.00017877     -0.00000001
VJTU     1  Mu1.0008  In1.096                       0.15291418      0.00048693     -0.00109321     -0.00000053
VJTU     1  Mu1.0009  In1.096                       0.16495555     -0.00034818      0.00078200     -0.00000027
VJTU     1  Mu1.0010  In1.096                       0.19462257     -0.00010476      0.00023341     -0.00000002
VJTU     1  Mu1.0011  In1.096                       0.20135611     -0.00056287      0.00136089     -0.00000077
VJTU     1  Mu1.0012  In1.096                       0.20576992      0.00030783     -0.00071727     -0.00000022
VJTU     1  Mu1.0013  In1.096                       0.20822913      0.00056877     -0.00139510     -0.00000079
VJTU     1  Mu1.0014  In1.096                       0.20910124     -0.00007009      0.00015950     -0.00000001
VJTU     1  Mu1.0015  In1.096                       0.21133184      0.00010560     -0.00025468     -0.00000003
VJTU     1  Mu1.0016  In1.096                       0.21740298      0.00011130     -0.00027092     -0.00000003
VJTU     1  Mu1.0017  In1.096                       0.22215741     -0.00014892      0.00033283     -0.00000005
VJTU     1  Mu1.0018  In1.096                       0.22987205     -0.00151355      0.00348003     -0.00000527
VJTU     1  Mu1.0019  In1.096                       0.23556879      0.00012212     -0.00028571     -0.00000003
VJTU     1  Mu1.0020  In1.096                       0.24106410     -0.00130927      0.00312563     -0.00000409
VJTU     1  Mu1.0021  In1.096                       0.24138940     -0.00005694      0.00015790     -0.00000001
VJTU     1  Mu1.0022  In1.096                       0.25467683     -0.00041750      0.00096907     -0.00000040
VJTU     1  Mu1.0023  In1.096                       0.25604198     -0.00004921      0.00011950     -0.00000001
VJTU     1  Mu1.0024  In1.096                       0.25911302      0.00050190     -0.00118109     -0.00000059
VJTU     1  Mu1.0025  In1.096                       0.25975348      0.00045826     -0.00107100     -0.00000049
VJTU     1  Mu1.0026  In1.096                       0.26024934      0.00009142     -0.00020741     -0.00000002
VJTU     1  Mu1.0027  In1.096                       0.26091362     -0.00000367      0.00000637     -0.00000000
VJTU     1  Mu1.0028  In1.096                       0.27343422      0.00001592     -0.00004212     -0.00000000
VJTU     1  Mu1.0029  In1.096                       0.28592221      0.03261277     -0.07348530     -0.00239656
VJTU     1  Mu1.0030  In1.096                       0.28692054      0.02651562     -0.05964705     -0.00158158
VJTU     1  Mu1.0031  In1.096                       0.29068517     -0.00044432      0.00099327     -0.00000044
VJTU     1  Mu1.0032  In1.096                       0.29636114      0.00125365     -0.00278550     -0.00000349
VJTU     1  Mu1.0033  In1.096                       0.29753029      0.00012431     -0.00027716     -0.00000003
VJTU     1  Mu1.0034  In1.096                       0.29986689      0.00021875     -0.00048409     -0.00000011
VJTU     1  Mu1.0036  In1.096                       0.30510538      0.01135799     -0.02505783     -0.00028461
VJTU     1  Mu1.0044  In1.096                       0.36995679      0.01506903     -0.03095604     -0.00046648
VJTU     1  Mu1.0392  In1.096                       0.89457954     -0.02540614      0.02687905     -0.00068289
VJTU     1  Mu1.0001  In1.097                      -0.01386451     -0.00092419     -0.00032143      0.00000030
VJTU     1  Mu1.0002  In1.097                       0.02066348     -0.00024958      0.00004224     -0.00000001
VJTU     1  Mu1.0003  In1.097                       0.05182831     -0.07344294      0.08737550     -0.00641711
VJTU     1  Mu1.0004  In1.097                       0.07083781      0.01049767     -0.01728863     -0.00018149
VJTU     1  Mu1.0005  In1.097                       0.10302667     -0.00840589      0.01697115     -0.00014266
VJTU     1  Mu1.0006  In1.097                       0.12257465     -0.00224107      0.00518456     -0.00001162
VJTU     1  Mu1.0007  In1.097                       0.12910437      0.00865512     -0.02025935     -0.00017535
VJTU     1  Mu1.0008  In1.097                       0.13962778     -0.00001351      0.00003599     -0.00000000
VJTU     1  Mu1.0009  In1.097                       0.15166915     -0.00862876      0.02022841     -0.00017455
VJTU     1  Mu1.0010  In1.097                       0.18133617     -0.00357381      0.00838834     -0.00002998
VJTU     1  Mu1.0011  In1.097                       0.18806971     -0.00004892      0.00011954     -0.00000001
VJTU     1  Mu1.0012  In1.097                       0.19248352      0.00499995     -0.01186260     -0.00005931
VJTU     1  Mu1.0013  In1.097                       0.19494273     -0.00003123      0.00006766     -0.00000000
VJTU     1  Mu1.0014  In1.097                       0.19581484     -0.00024178      0.00044051     -0.00000011
VJTU     1  Mu1.0015  In1.097                       0.19804544      0.00264588     -0.00657139     -0.00001739
VJTU     1  Mu1.0016  In1.097                       0.20411658      0.00118639     -0.00275868     -0.00000327
VJTU     1  Mu1.0017  In1.097                       0.20887102     -0.01034377      0.02554092     -0.00026419
VJTU     1  Mu1.0018  In1.097                       0.21658565     -0.00007035      0.00016576     -0.00000001
VJTU     1  Mu1.0019  In1.097                       0.22228239     -0.00062214      0.00163436     -0.00000102
VJTU     1  Mu1.0020  In1.097                       0.22777770     -0.00033677      0.00083695     -0.00000028
VJTU     1  Mu1.0021  In1.097                       0.22810300      0.00454024     -0.01123467     -0.00005101
VJTU     1  Mu1.0022  In1.097                       0.24139044     -0.00882248      0.02151522     -0.00018982
VJTU     1  Mu1.0023  In1.097                       0.24275558      0.00010331     -0.00040765     -0.00000004
VJTU     1  Mu1.0024  In1.097                       0.24582663     -0.00019892      0.00048996     -0.00000010
VJTU     1  Mu1.0025  In1.097                       0.24646708      0.00028513     -0.00071109     -0.00000020
VJTU     1  Mu1.0026  In1.097                       0.24696294      0.00329524     -0.00817379     -0.00002693
VJTU     1  Mu1.0027  In1.097                       0.24762722     -0.00198011      0.00490076     -0.00000970
VJTU     1  Mu1.0028  In1.097                       0.26014782      0.00067243     -0.00157217     -0.00000106
VJTU     1  Mu1.0029  In1.097                       0.27263581      0.00062530     -0.00148625     -0.00000093
VJTU     1  Mu1.0030  In1.097                       0.27363414      0.00060008     -0.00145626     -0.00000087
VJTU     1  Mu1.0031  In1.097                       0.27739877     -0.00283999      0.00673130     -0.00001912
VJTU     1  Mu1.0032  In1.097                       0.28307474      0.00009913     -0.00024526     -0.00000002
VJTU     1  Mu1.0033  In1.097                       0.28424389      0.00328995     -0.00758086     -0.00002494
VJTU     1  Mu1.0034  In1.097                       0.28658049      0.00981166     -0.02300941     -0.00022576
VJTU     1  Mu1.0035  In1.097                       0.28775389      0.00021342     -0.00056722     -0.00000012
VJTU     1  Mu1.0036  In1.097                       0.29181898     -0.00041891      0.00108620     -0.00000046
VJTU     1  Mu1.0001  In1.098                      -0.02242808      0.00006723      0.00003382      0.00000000
VJTU     1  Mu1.0002  In1.098                       0.01209991     -0.00030516      0.00007118     -0.00000002
VJTU     1  Mu1.0003  In1.098                       0.04326473     -0.00764136      0.00882204     -0.00006741
VJTU     1  Mu1.0004  In1.098                       0.06227424      0.02326038     -0.03119638     -0.00072564
VJTU     1  Mu1.0005  In1.098                       0.09446310     -0.00174593      0.00356369     -0.00000622
VJTU     1  Mu1.0006  In1.098                       0.11401108     -0.00067010      0.00130999     -0.00000088
VJTU     1  Mu1.0007  In1.098                       0.12054080      0.00262651     -0.00597290     -0.00001569
VJTU     1  Mu1.0008  In1.098                       0.13106421     -0.00001928      0.00004619     -0.00000000
VJTU     1  Mu1.0009  In1.098                       0.14310558     -0.00040772      0.00139665     -0.00000057
VJTU     1  Mu1.0010  In1.098                       0.17277259     -0.00004940      0.00016280     -0.00000001
VJTU     1  Mu1.0011  In1.098                       0.17950614     -0.00000727      0.00001746     -0.00000000
VJTU     1  Mu1.0012  In1.098                       0.18391995     -0.00092303      0.00206110     -0.00000190
VJTU     1  Mu1.0013  In1.098                       0.18637916      0.00001860     -0.00004584     -0.00000000
VJTU     1  Mu1.0014  In1.098                       0.18725127      0.00019252     -0.00041113     -0.00000008
VJTU     1  Mu1.0015  In1.098                       0.18948187     -0.00042782      0.00093659     -0.00000040
VJTU     1  Mu1.0016  In1.098                       0.19555301     -0.00051064      0.00115570     -0.00000059
VJTU     1  Mu1.0017  In1.098                       0.20030744     -0.00152069      0.00383117     -0.00000583
VJTU     1  Mu1.0018  In1.098                       0.20802208      0.00000319     -0.00002141     -0.00000000
VJTU     1  Mu1.0019  In1.098                       0.21371881     -0.00032657      0.00058814     -0.00000019
VJTU     1  Mu1.0020  In1.098                       0.21921413     -0.00020252      0.00053514     -0.00000011
VJTU     1  Mu1.0021  In1.098                       0.21953943      0.00142799     -0.00367621     -0.00000525
VJTU     1  Mu1.0022  In1.098                       0.23282686      0.00163026     -0.00353103     -0.00000576
VJTU     1  Mu1.0023  In1.098                       0.23419201      0.00027599     -0.00062769     -0.00000017
VJTU     1  Mu1.0024  In1.098                       0.23726305      0.00003329     -0.00006599     -0.00000000
VJTU     1  Mu1.0025  In1.098                       0.23790351      0.00001034     -0.00003065     -0.00000000
VJTU     1  Mu1.0026  In1.098                       0.23839937      0.00017200     -0.00052006     -0.00000009
VJTU     1  Mu1.0027  In1.098                       0.23906365     -0.00054537      0.00135662     -0.00000074
VJTU     1  Mu1.0028  In1.098                       0.25158425      0.00022042     -0.00060588     -0.00000013
VJTU     1  Mu1.0029  In1.098                       0.26407224      0.00036827     -0.00081310     -0.00000030
VJTU     1  Mu1.0030  In1.098                       0.26507057      0.00034470     -0.00078338     -0.00000027
VJTU     1  Mu1.0031  In1.098                       0.26883520     -0.00087136      0.00208676     -0.00000182
VJTU     1  Mu1.0032  In1.098                       0.27451117      0.00001812     -0.00005964     -0.00000000
VJTU     1  Mu1.0033  In1.098                       0.27568032      0.00084928     -0.00202092     -0.00000172
VJTU     1  Mu1.0034  In1.098                       0.27801692      0.00107338     -0.00271227     -0.00000291
VJTU     1  Mu1.0035  In1.098                       0.27919032      0.00004599     -0.00014840     -0.00000001
VJTU     1  Mu1.0036  In1.098                       0.28325541      0.00004268     -0.00003371     -0.00000000
VJTU     1  Mu1.0037  In1.098                       0.29345749      0.00006195     -0.00012656     -0.00000001
VJTU     1  Mu1.0038  In1.098                       0.29463889     -0.00002365     -0.00008595      0.00000000
VJTU     1  Mu1.0039  In1.098                       0.29826996     -0.00225872      0.00524039     -0.00001184
VJTU     1  Mu1.0001  In1.099                      -0.03117555     -0.00002599     -0.00001818      0.00000000
VJTU     1  Mu1.0002  In1.099                       0.00335244      0.00000619     -0.00000038     -0.00000000
VJTU     1  Mu1.0003  In1.099                       0.03451726     -0.00058764      0.00043856     -0.00000026
VJTU     1  Mu1.0004  In1.099                       0.05352677     -0.00088971      0.00105189     -0.00000094
VJTU     1  Mu1.0005  In1.099                       0.08571562     -0.00005848      0.00009164     -0.00000001
VJTU     1  Mu1.0006  In1.099                       0.10526360     -0.00001525      0.00003308     -0.00000000
VJTU     1  Mu1.0007  In1.099                       0.11179333     -0.00005133      0.00011208     -0.00000001
VJTU     1  Mu1.0008  In1.099                       0.12231674      0.00026529     -0.00056413     -0.00000015
VJTU     1  Mu1.0009  In1.099                       0.13435811     -0.00011794      0.00024902     -0.00000003
VJTU     1  Mu1.0010  In1.099                       0.16402512     -0.00005549      0.00013069     -0.00000001
VJTU     1  Mu1.0011  In1.099                       0.17075867     -0.00012782      0.00029576     -0.00000004
VJTU     1  Mu1.0012  In1.099                       0.17517248      0.00011376     -0.00026623     -0.00000003
VJTU     1  Mu1.0013  In1.099                       0.17763169      0.00032277     -0.00078442     -0.00000025
VJTU     1  Mu1.0014  In1.099                       0.17850379     -0.00002745      0.00006294     -0.00000000
VJTU     1  Mu1.0015  In1.099                       0.18073440      0.00002551     -0.00005101     -0.00000000
VJTU     1  Mu1.0016  In1.099                       0.18680554      0.00000332      0.00000204      0.00000000
VJTU     1  Mu1.0017  In1.099                       0.19155997     -0.00003493      0.00007846     -0.00000000
VJTU     1  Mu1.0018  In1.099                       0.19927461     -0.00066307      0.00152745     -0.00000101
VJTU     1  Mu1.0019  In1.099                       0.20497134      0.00004522     -0.00010608     -0.00000000
VJTU     1  Mu1.0020  In1.099                       0.21046666     -0.00082048      0.00207414     -0.00000170
VJTU     1  Mu1.0021  In1.099                       0.21079195     -0.00005402      0.00014382     -0.00000001
VJTU     1  Mu1.0022  In1.099                       0.22407939     -0.00016150      0.00038652     -0.00000006
VJTU     1  Mu1.0023  In1.099                       0.22544454     -0.00002191      0.00004238     -0.00000000
VJTU     1  Mu1.0024  In1.099                       0.22851558      0.00004900     -0.00004370     -0.00000000
VJTU     1  Mu1.0025  In1.099                       0.22915604      0.00017012     -0.00039925     -0.00000007
VJTU     1  Mu1.0026  In1.099                       0.22965190     -0.00000503      0.00001896     -0.00000000
VJTU     1  Mu1.0027  In1.099                       0.23031617      0.00001437     -0.00003732     -0.00000000
VJTU     1  Mu1.0028  In1.099                       0.24283678     -0.00001096      0.00002814     -0.00000000
VJTU     1  Mu1.0029  In1.099                       0.25532476      0.01257047     -0.02889809     -0.00036326
VJTU     1  Mu1.0030  In1.099                       0.25632309      0.01013015     -0.02330779     -0.00023611
VJTU     1  Mu1.0031  In1.099                       0.26008773     -0.00013901      0.00030609     -0.00000004
VJTU     1  Mu1.0032  In1.099                       0.26576370      0.00019898     -0.00041635     -0.00000008
VJTU     1  Mu1.0033  In1.099                       0.26693285      0.00003851     -0.00007686     -0.00000000
VJTU     1  Mu1.0034  In1.099                       0.26926945      0.00003066     -0.00004312     -0.00000000
VJTU     1  Mu1.0035  In1.099                       0.27044285     -0.00077452      0.00175598     -0.00000136
VJTU     1  Mu1.0036  In1.099                       0.27450794      0.00480276     -0.01094047     -0.00005254
VJTU     1  Mu1.0037  In1.099                       0.28471002      0.00027596     -0.00063501     -0.00000018
VJTU     1  Mu1.0038  In1.099                       0.28589142      0.00005927     -0.00013488     -0.00000001
VJTU     1  Mu1.0039  In1.099                       0.28952249      0.00000763     -0.00002472     -0.00000000
VJTU     1  Mu1.0001  In1.100                      -0.05383348     -0.00057108     -0.00073172      0.00000042
VJTU     1  Mu1.0002  In1.100                      -0.01930550      0.00022564      0.00011465      0.00000003
VJTU     1  Mu1.0003  In1.100                       0.01185933     -0.01952093      0.00571380     -0.00011154
VJTU     1  Mu1.0004  In1.100                       0.03086883     -0.01796390      0.01356341     -0.00024365
VJTU     1  Mu1.0005  In1.100                       0.06305769     -0.00172849      0.00245482     -0.00000424
VJTU     1  Mu1.0006  In1.100                       0.08260567     -0.00027270      0.00051132     -0.00000014
VJTU     1  Mu1.0007  In1.100                       0.08913539      0.00066928     -0.00126161     -0.00000084
VJTU     1  Mu1.0008  In1.100                       0.09965881     -0.00001720      0.00003490     -0.00000000
VJTU     1  Mu1.0009  In1.100                       0.11170018     -0.00265081      0.00557021     -0.00001477
VJTU     1  Mu1.0010  In1.100                       0.14136719     -0.00103081      0.00237932     -0.00000245
VJTU     1  Mu1.0011  In1.100                       0.14810074     -0.00001129      0.00002829     -0.00000000
VJTU     1  Mu1.0012  In1.100                       0.15251455      0.00244793     -0.00587103     -0.00001437
VJTU     1  Mu1.0013  In1.100                       0.15497375     -0.00003930      0.00009439     -0.00000000
VJTU     1  Mu1.0014  In1.100                       0.15584586     -0.00069196      0.00167650     -0.00000116
VJTU     1  Mu1.0015  In1.100                       0.15807647      0.00098882     -0.00243090     -0.00000240
VJTU     1  Mu1.0016  In1.100                       0.16414761      0.00061813     -0.00147360     -0.00000091
VJTU     1  Mu1.0017  In1.100                       0.16890204     -0.00171673      0.00420230     -0.00000721
VJTU     1  Mu1.0018  In1.100                       0.17661668      0.00000835     -0.00001896     -0.00000000
VJTU     1  Mu1.0019  In1.100                       0.18231341      0.00050314     -0.00123718     -0.00000062
VJTU     1  Mu1.0020  In1.100                       0.18780873      0.00001549     -0.00006422     -0.00000000
VJTU     1  Mu1.0021  In1.100                       0.18813402      0.00032033     -0.00074863     -0.00000024
VJTU     1  Mu1.0022  In1.100                       0.20142146     -0.00325627      0.00809911     -0.00002637
VJTU     1  Mu1.0023  In1.100                       0.20278661     -0.00012705      0.00028137     -0.00000004
VJTU     1  Mu1.0024  In1.100                       0.20585765     -0.00007421      0.00017792     -0.00000001
VJTU     1  Mu1.0025  In1.100                       0.20649811      0.00009801     -0.00025702     -0.00000003
VJTU     1  Mu1.0026  In1.100                       0.20699397      0.00097843     -0.00248143     -0.00000243
VJTU     1  Mu1.0027  In1.100                       0.20765824     -0.00016023      0.00040743     -0.00000007
VJTU     1  Mu1.0028  In1.100                       0.22017885      0.00023485     -0.00059431     -0.00000014
VJTU     1  Mu1.0029  In1.100                       0.23266683     -0.00046665      0.00118007     -0.00000055
VJTU     1  Mu1.0030  In1.100                       0.23366516     -0.00035002      0.00088645     -0.00000031
VJTU     1  Mu1.0031  In1.100                       0.23742980     -0.00061296      0.00154160     -0.00000094
VJTU     1  Mu1.0032  In1.100                       0.24310576     -0.00000345      0.00003634     -0.00000000
VJTU     1  Mu1.0033  In1.100                       0.24427491      0.00032381     -0.00076242     -0.00000025
VJTU     1  Mu1.0034  In1.100                       0.24661152      0.00186814     -0.00457069     -0.00000854
VJTU     1  Mu1.0035  In1.100                       0.24778492      0.00007193     -0.00016337     -0.00000001
VJTU     1  Mu1.0036  In1.100                       0.25185001     -0.00030382      0.00078474     -0.00000024
VJTU     1  Mu1.0037  In1.100                       0.26205209     -0.00004913      0.00011476     -0.00000001
VJTU     1  Mu1.0038  In1.100                       0.26323348      0.00045502     -0.00105214     -0.00000048
VJTU     1  Mu1.0039  In1.100                       0.26686456      0.00035222     -0.00084720     -0.00000030
VJTU     1  Mu1.0040  In1.100                       0.28174556     -0.00000570      0.00000990     -0.00000000
VJTIP    1  Mu1.0033  In1.100 In1.100               0.86047379      0.02616816     -0.02888927     -0.00075598
VJTIM    1  Mu1.0021  In1.100 In1.088               0.92643774     -0.02411101      0.02556864     -0.00061649
ATVX     1  Mu1.0001  Se1.113                      -0.17573592      0.00000397      0.00001008      0.00000000
ATVX     1  Mu1.0002  Se1.113                      -0.12866059      0.00000392      0.00000785      0.00000000
ATVX     1  Mu1.0003  Se1.113                      -0.09005002      0.00001366      0.00002298      0.00000000
ATVX     1  Mu1.0004  Se1.113                      -0.08574104      0.00000988      0.00001960      0.00000000
ATVX     1  Mu1.0005  Se1.113                      -0.07143783     -0.00002653     -0.00003882      0.00000000
ATVX     1  Mu1.0006  Se1.113                      -0.02900551      0.00000416      0.00000291      0.00000000
ATVX     1  Mu1.0007  Se1.113                       0.00838381     -0.00001335      0.00000193     -0.00000000
ATVX     1  Mu1.0008  Se1.113                       0.01178704     -0.00001195      0.00000320     -0.00000000
ATVX     1  Mu1.0009  Se1.113                       0.02757081     -0.00000087      0.00000174     -0.00000000
ATVX     1  Mu1.0010  Se1.113                       0.05779021     -0.00000481      0.00000669     -0.00000000
ATVX     1  Mu1.0011  Se1.113                       0.06851455      0.00006977     -0.00017621     -0.00000001
ATVX     1  Mu1.0012  Se1.113                       0.07504807     -0.00000751      0.00001020     -0.00000000
ATVX     1  Mu1.0013  Se1.113                       0.09549717      0.00024362     -0.00040249     -0.00000010
ATVX     1  Mu1.0014  Se1.113                       0.10712943     -0.00039874      0.00076917     -0.00000031
ATVX     1  Mu1.0015  Se1.113                       0.12678317     -0.00011063      0.00031749     -0.00000004
ATVX     1  Mu1.0016  Se1.113                       0.14500585      0.00003167     -0.00027935     -0.00000001
ATVX     1  Mu1.0017  Se1.113                       0.15749254      0.00013972     -0.00032683     -0.00000005
ATVX     1  Mu1.0018  Se1.113                       0.17573650      0.00153442     -0.00357184     -0.00000548
ATVX     1  Mu1.0019  Se1.113                       0.17729657      0.00053535     -0.00106964     -0.00000057
ATVX     1  Mu1.0020  Se1.113                       0.17843948      0.00157011     -0.00339464     -0.00000533
ATVX     1  Mu1.0021  Se1.113                       0.18608092     -0.00007946      0.00016933     -0.00000001
ATVX     1  Mu1.0022  Se1.113                       0.19022797      0.00042273     -0.00131928     -0.00000056
ATVX     1  Mu1.0023  Se1.113                       0.20206705     -0.00000499      0.00000708     -0.00000000
ATVX     1  Mu1.0024  Se1.113                       0.20473722      0.00004186     -0.00012833     -0.00000001
ATVX     1  Mu1.0025  Se1.113                       0.20877078     -0.00009640      0.00050690     -0.00000005
ATVX     1  Mu1.0026  Se1.113                       0.21598020      0.00006469     -0.00018968     -0.00000001
ATVX     1  Mu1.0027  Se1.113                       0.21716204      0.00023158     -0.00068155     -0.00000016
ATVX     1  Mu1.0028  Se1.113                       0.21840230      0.00026197     -0.00077567     -0.00000020
ATVX     1  Mu1.0029  Se1.113                       0.22267535     -0.00106283      0.00277409     -0.00000295
ATVX     1  Mu1.0030  Se1.113                       0.22834937      0.00000332     -0.00001108     -0.00000000
ATVX     1  Mu1.0031  Se1.113                       0.23180941      0.00035427     -0.00093414     -0.00000033
ATVX     1  Mu1.0032  Se1.113                       0.23636148      0.00064504     -0.00173171     -0.00000112
ATVX     1  Mu1.0033  Se1.113                       0.24223017     -0.00102887      0.00282207     -0.00000290
ATVX     1  Mu1.0034  Se1.113                       0.24805705      0.00113974     -0.00289805     -0.00000330
ATVX     1  Mu1.0035  Se1.113                       0.25806449      0.00004819     -0.00012932     -0.00000001
ATVX     1  Mu1.0036  Se1.113                       0.26089884     -0.00006460      0.00015250     -0.00000001
ATVX     1  Mu1.0037  Se1.113                       0.26336388      0.00025103     -0.00054621     -0.00000014
ATVX     1  Mu1.0038  Se1.113                       0.26522234     -0.00077419      0.00183989     -0.00000142
ATVX     1  Mu1.0039  Se1.113                       0.26641838      0.00059924     -0.00148577     -0.00000089
ATVX     1  Mu1.0040  Se1.113                       0.27199358      0.00002320     -0.00005050     -0.00000000
ATVX     1  Mu1.0041  Se1.113                       0.27246362     -0.00025422      0.00057664     -0.00000015
ATVX     1  Mu1.0042  Se1.113                       0.27634394      0.00040763     -0.00118868     -0.00000048
ATVX     1  Mu1.0043  Se1.113                       0.27944230     -0.00093463      0.00193033     -0.00000180
ATVX     1  Mu1.0044  Se1.113                       0.28231323     -0.00010678      0.00020002     -0.00000002
ATVX     1  Mu1.0045  Se1.113                       0.28406745     -0.00002070      0.00005060     -0.00000000
ATVX     1  Mu1.0046  Se1.113                       0.28411446     -0.00005793      0.00010980     -0.00000001
ATVX     1  Mu1.0047  Se1.113                       0.28447819      0.00111396     -0.00238427     -0.00000266
ATVX     1  Mu1.0048  Se1.113                       0.28584112     -0.00014202      0.00016437     -0.00000002
ATVX     1  Mu1.0049  Se1.113                       0.29366238     -0.00003487      0.00007865     -0.00000000
ATVX     1  Mu1.0050  Se1.113                       0.29890043     -0.00031378      0.00055249     -0.00000017
ATVX     1  Mu1.0051  Se1.113                       0.29967200      0.00002216     -0.00004906     -0.00000000
ATVX     1  Mu1.0001  Se1.114                      -0.14208406     -0.00014676     -0.00037221      0.00000005
ATVX     1  Mu1.0002  Se1.114                      -0.09500874     -0.00007884     -0.00016095      0.00000001
ATVX     1  Mu1.0003  Se1.114                      -0.05639817     -0.00040817     -0.00054721      0.00000022
ATVX     1  Mu1.0004  Se1.114                      -0.05208919      0.00001869      0.00002481      0.00000000
ATVX     1  Mu1.0005  Se1.114                      -0.03778598      0.00059825      0.00055486      0.00000033
ATVX     1  Mu1.0006  Se1.114                       0.00464634     -0.00016504      0.00001914     -0.00000000
ATVX     1  Mu1.0007  Se1.114                       0.04203567     -0.00061278      0.00060948     -0.00000037
ATVX     1  Mu1.0008  Se1.114                       0.04543890      0.00021469     -0.00023390     -0.00000005
ATVX     1  Mu1.0009  Se1.114                       0.06122267      0.00090139     -0.00124412     -0.00000112
ATVX     1  Mu1.0010  Se1.114                       0.09144206      0.00026778     -0.00049940     -0.00000013
ATVX     1  Mu1.0011  Se1.114                       0.10216640      0.00000533     -0.00001141     -0.00000000
ATVX     1  Mu1.0012  Se1.114                       0.10869993      0.00014090     -0.00026968     -0.00000004
ATVX     1  Mu1.0013  Se1.114                       0.12914902     -0.00000974      0.00002289     -0.00000000
ATVX     1  Mu1.0014  Se1.114                       0.14078128      0.00000101     -0.00000086     -0.00000000
ATVX     1  Mu1.0015  Se1.114                       0.16043503     -0.00000100      0.00000387     -0.00000000
ATVX     1  Mu1.0016  Se1.114                       0.17865770     -0.00000381      0.00000775     -0.00000000
ATVX     1  Mu1.0017  Se1.114                       0.19114440     -0.00000492      0.00001077     -0.00000000
ATVX     1  Mu1.0018  Se1.114                       0.20938835     -0.00000577      0.00002097     -0.00000000
ATVX     1  Mu1.0019  Se1.114                       0.21094842      0.00002657     -0.00005892     -0.00000000
ATVX     1  Mu1.0020  Se1.114                       0.21209134      0.00004808     -0.00011077     -0.00000001
ATVX     1  Mu1.0021  Se1.114                       0.21973277      0.00032911     -0.00083379     -0.00000027
ATVX     1  Mu1.0022  Se1.114                       0.22387983      0.00004594     -0.00011971     -0.00000001
ATVX     1  Mu1.0023  Se1.114                       0.23571891     -0.00021688      0.00055450     -0.00000012
ATVX     1  Mu1.0024  Se1.114                       0.23838907      0.00016396     -0.00056492     -0.00000009
ATVX     1  Mu1.0025  Se1.114                       0.24242263      0.00001759     -0.00005490     -0.00000000
ATVX     1  Mu1.0026  Se1.114                       0.24963206     -0.00001828      0.00005382     -0.00000000
ATVX     1  Mu1.0027  Se1.114                       0.25081390     -0.00003932      0.00012108     -0.00000000
ATVX     1  Mu1.0028  Se1.114                       0.25205416      0.00002359     -0.00006450     -0.00000000
ATVX     1  Mu1.0029  Se1.114                       0.25632720     -0.00002998      0.00007063     -0.00000000
ATVX     1  Mu1.0030  Se1.114                       0.26200122     -0.00011035      0.00028074     -0.00000003
ATVX     1  Mu1.0031  Se1.114                       0.26546126     -0.00001525      0.00003728     -0.00000000
ATVX     1  Mu1.0032  Se1.114                       0.27001333      0.00000251     -0.00000671     -0.00000000
ATVX     1  Mu1.0033  Se1.114                       0.27588202     -0.00004068      0.00011337     -0.00000000
ATVX     1  Mu1.0034  Se1.114                       0.28170891      0.00001917     -0.00004231     -0.00000000
ATVX     1  Mu1.0035  Se1.114                       0.29171635      0.00005783     -0.00019419     -0.00000001
ATVX     1  Mu1.0036  Se1.114                       0.29455069     -0.00001087      0.00002276     -0.00000000
ATVX     1  Mu1.0037  Se1.114                       0.29701573      0.00001488     -0.00003469     -0.00000000
ATVX     1  Mu1.0038  Se1.114                       0.29887419     -0.00001190      0.00002864     -0.00000000
ATVX     1  Mu1.0001  Se1.115                      -0.13794142     -0.00000032     -0.00000018      0.00000000
ATVX     1  Mu1.0002  Se1.115                      -0.09086610     -0.00000002     -0.00000032      0.00000000
ATVX     1  Mu1.0003  Se1.115                      -0.05225553      0.00000051      0.00000007      0.00000000
ATVX     1  Mu1.0004  Se1.115                      -0.04794655      0.00000167      0.00000179      0.00000000
ATVX     1  Mu1.0005  Se1.115                      -0.03364334     -0.00000402     -0.00000353      0.00000000
ATVX     1  Mu1.0006  Se1.115                       0.00878898     -0.00000086      0.00000008     -0.00000000
ATVX     1  Mu1.0007  Se1.115                       0.04617830     -0.00000017      0.00000067     -0.00000000
ATVX     1  Mu1.0008  Se1.115                       0.04958153     -0.00000215      0.00000226     -0.00000000
ATVX     1  Mu1.0009  Se1.115                       0.06536530      0.00000187     -0.00000235     -0.00000000
ATVX     1  Mu1.0010  Se1.115                       0.09558470      0.00000050      0.00000086      0.00000000
ATVX     1  Mu1.0011  Se1.115                       0.10630904     -0.00002521     -0.00004821      0.00000000
ATVX     1  Mu1.0012  Se1.115                       0.11284256     -0.00000625      0.00001072     -0.00000000
ATVX     1  Mu1.0013  Se1.115                       0.13329166      0.00053368     -0.00095802     -0.00000051
ATVX     1  Mu1.0014  Se1.115                       0.14492392     -0.00052735      0.00090004     -0.00000047
ATVX     1  Mu1.0015  Se1.115                       0.16457766     -0.00004069      0.00012993     -0.00000001
ATVX     1  Mu1.0016  Se1.115                       0.18280034     -0.00012589      0.00010477     -0.00000001
ATVX     1  Mu1.0017  Se1.115                       0.19528703     -0.00000296      0.00008279     -0.00000000
ATVX     1  Mu1.0018  Se1.115                       0.21353099     -0.00022428      0.00042338     -0.00000009
ATVX     1  Mu1.0019  Se1.115                       0.21509106     -0.00017963      0.00034798     -0.00000006
ATVX     1  Mu1.0020  Se1.115                       0.21623398     -0.00018625      0.00038801     -0.00000007
ATVX     1  Mu1.0021  Se1.115                       0.22387541      0.00000186     -0.00000010     -0.00000000
ATVX     1  Mu1.0022  Se1.115                       0.22802247      0.00044616     -0.00110216     -0.00000049
ATVX     1  Mu1.0023  Se1.115                       0.23986155     -0.00000744      0.00001799     -0.00000000
ATVX     1  Mu1.0024  Se1.115                       0.24253171      0.00000398     -0.00001673     -0.00000000
ATVX     1  Mu1.0025  Se1.115                       0.24656527      0.00017450     -0.00035931     -0.00000006
ATVX     1  Mu1.0026  Se1.115                       0.25377469      0.00001550     -0.00004633     -0.00000000
ATVX     1  Mu1.0027  Se1.115                       0.25495653      0.00007503     -0.00021502     -0.00000002
ATVX     1  Mu1.0028  Se1.115                       0.25619679      0.00011444     -0.00032061     -0.00000004
ATVX     1  Mu1.0029  Se1.115                       0.26046984     -0.00031773      0.00073514     -0.00000023
ATVX     1  Mu1.0030  Se1.115                       0.26614386      0.00000178     -0.00000632     -0.00000000
ATVX     1  Mu1.0031  Se1.115                       0.26960390      0.00042279     -0.00110739     -0.00000047
ATVX     1  Mu1.0032  Se1.115                       0.27415597      0.00052178     -0.00131849     -0.00000069
ATVX     1  Mu1.0033  Se1.115                       0.28002466     -0.00051297      0.00112760     -0.00000058
ATVX     1  Mu1.0034  Se1.115                       0.28585155      0.00051863     -0.00131364     -0.00000068
ATVX     1  Mu1.0035  Se1.115                       0.29585898      0.00001763     -0.00004277     -0.00000000
ATVX     1  Mu1.0036  Se1.115                       0.29869333     -0.00019409      0.00046057     -0.00000009
ATVX     1  Mu1.0001  Se1.116                      -0.13269322      0.00000013      0.00000086      0.00000000
ATVX     1  Mu1.0002  Se1.116                      -0.08561790      0.00000110      0.00000244      0.00000000
ATVX     1  Mu1.0003  Se1.116                      -0.04700733     -0.00000117      0.00000214     -0.00000000
ATVX     1  Mu1.0004  Se1.116                      -0.04269835     -0.00000966     -0.00000809      0.00000000
ATVX     1  Mu1.0005  Se1.116                      -0.02839514     -0.00000963     -0.00000721      0.00000000
ATVX     1  Mu1.0006  Se1.116                       0.01403718      0.00000395     -0.00000134     -0.00000000
ATVX     1  Mu1.0007  Se1.116                       0.05142650     -0.00000076      0.00000115     -0.00000000
ATVX     1  Mu1.0008  Se1.116                       0.05482973     -0.00000966      0.00001044     -0.00000000
ATVX     1  Mu1.0009  Se1.116                       0.07061350     -0.00000179      0.00000252     -0.00000000
ATVX     1  Mu1.0010  Se1.116                       0.10083290      0.00000083     -0.00000139     -0.00000000
ATVX     1  Mu1.0011  Se1.116                       0.11155724      0.00003221      0.00001003      0.00000000
ATVX     1  Mu1.0012  Se1.116                       0.11809076     -0.00000509      0.00001117     -0.00000000
ATVX     1  Mu1.0013  Se1.116                       0.13853986      0.00006513     -0.00046072     -0.00000003
ATVX     1  Mu1.0014  Se1.116                       0.15017212     -0.00008664     -0.00040642      0.00000004
ATVX     1  Mu1.0015  Se1.116                       0.16982586      0.00009837     -0.00030276     -0.00000003
ATVX     1  Mu1.0016  Se1.116                       0.18804854     -0.00022633      0.00096076     -0.00000022
ATVX     1  Mu1.0017  Se1.116                       0.20053523      0.00015375     -0.00039037     -0.00000006
ATVX     1  Mu1.0018  Se1.116                       0.21877919      0.00034276     -0.00081184     -0.00000028
ATVX     1  Mu1.0019  Se1.116                       0.22033926     -0.00000459      0.00019036     -0.00000000
ATVX     1  Mu1.0020  Se1.116                       0.22148217      0.00030198     -0.00078172     -0.00000024
ATVX     1  Mu1.0021  Se1.116                       0.22912361     -0.00001104      0.00003260     -0.00000000
ATVX     1  Mu1.0022  Se1.116                       0.23327067     -0.00002335      0.00011745     -0.00000000
ATVX     1  Mu1.0023  Se1.116                       0.24510975     -0.00000490      0.00001654     -0.00000000
ATVX     1  Mu1.0024  Se1.116                       0.24777991     -0.00002051      0.00006046     -0.00000000
ATVX     1  Mu1.0025  Se1.116                       0.25181347      0.00005137     -0.00014953     -0.00000001
ATVX     1  Mu1.0026  Se1.116                       0.25902289     -0.00006067      0.00017223     -0.00000001
ATVX     1  Mu1.0027  Se1.116                       0.26020473     -0.00024658      0.00070549     -0.00000017
ATVX     1  Mu1.0028  Se1.116                       0.26144499     -0.00029693      0.00087135     -0.00000026
ATVX     1  Mu1.0029  Se1.116                       0.26571804      0.00051883     -0.00120263     -0.00000062
ATVX     1  Mu1.0030  Se1.116                       0.27139206     -0.00000263      0.00000783     -0.00000000
ATVX     1  Mu1.0031  Se1.116                       0.27485210     -0.00088675      0.00221419     -0.00000196
ATVX     1  Mu1.0032  Se1.116                       0.27940417      0.00075116     -0.00179587     -0.00000135
ATVX     1  Mu1.0033  Se1.116                       0.28527286     -0.00018643      0.00039401     -0.00000007
ATVX     1  Mu1.0034  Se1.116                       0.29109975      0.00031443     -0.00081031     -0.00000025
ATVX     1  Mu1.0001  Se1.117                      -0.12947850      0.00003049      0.00007444      0.00000000
ATVX     1  Mu1.0002  Se1.117                      -0.08240318     -0.00002284     -0.00004388      0.00000000
ATVX     1  Mu1.0003  Se1.117                      -0.04379261     -0.00004536     -0.00004811      0.00000000
ATVX     1  Mu1.0004  Se1.117                      -0.03948363     -0.00000621     -0.00000645      0.00000000
ATVX     1  Mu1.0005  Se1.117                      -0.02518042     -0.00008707     -0.00005451      0.00000000
ATVX     1  Mu1.0006  Se1.117                       0.01725190     -0.00001602      0.00000739     -0.00000000
ATVX     1  Mu1.0007  Se1.117                       0.05464122      0.00002781     -0.00003477     -0.00000000
ATVX     1  Mu1.0008  Se1.117                       0.05804445      0.00000118      0.00000068      0.00000000
ATVX     1  Mu1.0009  Se1.117                       0.07382822      0.00005691     -0.00009021     -0.00000001
ATVX     1  Mu1.0010  Se1.117                       0.10404762     -0.00001500      0.00002923     -0.00000000
ATVX     1  Mu1.0011  Se1.117                       0.11477196      0.00000035     -0.00000106     -0.00000000
ATVX     1  Mu1.0012  Se1.117                       0.12130548     -0.00001640      0.00003554     -0.00000000
ATVX     1  Mu1.0013  Se1.117                       0.14175458     -0.00000047      0.00000123     -0.00000000
ATVX     1  Mu1.0014  Se1.117                       0.15338684     -0.00000141      0.00000353     -0.00000000
ATVX     1  Mu1.0015  Se1.117                       0.17304058      0.00000071     -0.00000204     -0.00000000
ATVX     1  Mu1.0016  Se1.117                       0.19126326     -0.00000066      0.00000192     -0.00000000
ATVX     1  Mu1.0017  Se1.117                       0.20374995      0.00000055     -0.00000124     -0.00000000
ATVX     1  Mu1.0018  Se1.117                       0.22199391      0.00000357     -0.00000640     -0.00000000
ATVX     1  Mu1.0019  Se1.117                       0.22355398      0.00000079     -0.00000085     -0.00000000
ATVX     1  Mu1.0020  Se1.117                       0.22469690     -0.00000183      0.00000566     -0.00000000
ATVX     1  Mu1.0021  Se1.117                       0.23233833     -0.00000702      0.00001161     -0.00000000
ATVX     1  Mu1.0022  Se1.117                       0.23648539      0.00000094     -0.00000047     -0.00000000
ATVX     1  Mu1.0023  Se1.117                       0.24832447     -0.00001188      0.00003249     -0.00000000
ATVX     1  Mu1.0024  Se1.117                       0.25099463      0.00005482     -0.00014260     -0.00000001
ATVX     1  Mu1.0025  Se1.117                       0.25502819      0.00000006     -0.00000083     -0.00000000
ATVX     1  Mu1.0026  Se1.117                       0.26223761      0.00001570     -0.00003893     -0.00000000
ATVX     1  Mu1.0027  Se1.117                       0.26341945     -0.00006839      0.00016417     -0.00000001
ATVX     1  Mu1.0028  Se1.117                       0.26465971      0.00003972     -0.00009384     -0.00000000
ATVX     1  Mu1.0029  Se1.117                       0.26893276     -0.00000093      0.00000422     -0.00000000
ATVX     1  Mu1.0030  Se1.117                       0.27460678     -0.00000171      0.00000406     -0.00000000
ATVX     1  Mu1.0031  Se1.117                       0.27806682     -0.00000025      0.00000097     -0.00000000
ATVX     1  Mu1.0032  Se1.117                       0.28261889     -0.00000318      0.00000717     -0.00000000
ATVX     1  Mu1.0033  Se1.117                       0.28848758      0.00000062     -0.00000184     -0.00000000
ATVX     1  Mu1.0034  Se1.117                       0.29431447     -0.00000055      0.00000030     -0.00000000
ATVX     1  Mu1.0001  Se1.118                      -0.12028525     -0.00000092     -0.00000149      0.00000000
ATVX     1  Mu1.0002  Se1.118                      -0.07320993     -0.00000049     -0.00000095      0.00000000
ATVX     1  Mu1.0003  Se1.118                      -0.03459936     -0.00000162     -0.00000110      0.00000000
ATVX     1  Mu1.0004  Se1.118                      -0.03029037      0.00000177      0.00000149      0.00000000
ATVX     1  Mu1.0005  Se1.118                      -0.01598717     -0.00000087     -0.00000032      0.00000000
ATVX     1  Mu1.0006  Se1.118                       0.02644516      0.00000014     -0.00000021     -0.00000000
ATVX     1  Mu1.0007  Se1.118                       0.06383448      0.00000547     -0.00000530     -0.00000000
ATVX     1  Mu1.0008  Se1.118                       0.06723771      0.00000035     -0.00000007     -0.00000000
ATVX     1  Mu1.0009  Se1.118                       0.08302148     -0.00000177      0.00000342     -0.00000000
ATVX     1  Mu1.0010  Se1.118                       0.11324087      0.00000239     -0.00000334     -0.00000000
ATVX     1  Mu1.0011  Se1.118                       0.12396521     -0.00001785     -0.00003785      0.00000000
ATVX     1  Mu1.0012  Se1.118                       0.13049874     -0.00000334      0.00000717     -0.00000000
ATVX     1  Mu1.0013  Se1.118                       0.15094783      0.00039135     -0.00081212     -0.00000032
ATVX     1  Mu1.0014  Se1.118                       0.16258010     -0.00023969      0.00043947     -0.00000011
ATVX     1  Mu1.0015  Se1.118                       0.18223384     -0.00000676      0.00005295     -0.00000000
ATVX     1  Mu1.0016  Se1.118                       0.20045652     -0.00005735      0.00005700     -0.00000000
ATVX     1  Mu1.0017  Se1.118                       0.21294321     -0.00010805      0.00030770     -0.00000003
ATVX     1  Mu1.0018  Se1.118                       0.23118716     -0.00083372      0.00163288     -0.00000136
ATVX     1  Mu1.0019  Se1.118                       0.23274723     -0.00031389      0.00058377     -0.00000018
ATVX     1  Mu1.0020  Se1.118                       0.23389015     -0.00082200      0.00156468     -0.00000129
ATVX     1  Mu1.0021  Se1.118                       0.24153158      0.00002388     -0.00004142     -0.00000000
ATVX     1  Mu1.0022  Se1.118                       0.24567864      0.00033630     -0.00066371     -0.00000022
ATVX     1  Mu1.0023  Se1.118                       0.25751772     -0.00000556      0.00001669     -0.00000000
ATVX     1  Mu1.0024  Se1.118                       0.26018788     -0.00000579      0.00000554     -0.00000000
ATVX     1  Mu1.0025  Se1.118                       0.26422144      0.00022057     -0.00043918     -0.00000010
ATVX     1  Mu1.0026  Se1.118                       0.27143087     -0.00000654      0.00001026     -0.00000000
ATVX     1  Mu1.0027  Se1.118                       0.27261271     -0.00000664      0.00000097     -0.00000000
ATVX     1  Mu1.0028  Se1.118                       0.27385297      0.00001908     -0.00005963     -0.00000000
ATVX     1  Mu1.0029  Se1.118                       0.27812602     -0.00000305     -0.00009197      0.00000000
ATVX     1  Mu1.0030  Se1.118                       0.28380003      0.00000111     -0.00000365     -0.00000000
ATVX     1  Mu1.0031  Se1.118                       0.28726007      0.00033308     -0.00089055     -0.00000030
ATVX     1  Mu1.0032  Se1.118                       0.29181214      0.00035607     -0.00084360     -0.00000030
ATVX     1  Mu1.0033  Se1.118                       0.29768084     -0.00022767      0.00026902     -0.00000006
ATVX     1  Mu1.0001  Se1.119                      -0.11996683     -0.00005822     -0.00013624      0.00000001
ATVX     1  Mu1.0002  Se1.119                      -0.07289151     -0.00003274     -0.00005550      0.00000000
ATVX     1  Mu1.0003  Se1.119                      -0.03428094     -0.00017211     -0.00014549      0.00000003
ATVX     1  Mu1.0004  Se1.119                      -0.02997196      0.00003491      0.00002683      0.00000000
ATVX     1  Mu1.0005  Se1.119                      -0.01566875      0.00023007      0.00009060      0.00000002
ATVX     1  Mu1.0006  Se1.119                       0.02676357     -0.00003698      0.00002358     -0.00000000
ATVX     1  Mu1.0007  Se1.119                       0.06415289      0.00005304     -0.00007477     -0.00000000
ATVX     1  Mu1.0008  Se1.119                       0.06755612      0.00001983     -0.00003201     -0.00000000
ATVX     1  Mu1.0009  Se1.119                       0.08333989     -0.00011216      0.00019471     -0.00000002
ATVX     1  Mu1.0010  Se1.119                       0.11355929      0.00005145     -0.00010889     -0.00000001
ATVX     1  Mu1.0011  Se1.119                       0.12428363     -0.00000072      0.00000167     -0.00000000
ATVX     1  Mu1.0012  Se1.119                       0.13081715     -0.00010309      0.00023650     -0.00000002
ATVX     1  Mu1.0013  Se1.119                       0.15126625     -0.00000392      0.00000856     -0.00000000
ATVX     1  Mu1.0014  Se1.119                       0.16289851      0.00000494     -0.00001186     -0.00000000
ATVX     1  Mu1.0015  Se1.119                       0.18255225      0.00000055     -0.00000123     -0.00000000
ATVX     1  Mu1.0016  Se1.119                       0.20077493     -0.00000149      0.00000421     -0.00000000
ATVX     1  Mu1.0017  Se1.119                       0.21326162     -0.00000684      0.00001694     -0.00000000
ATVX     1  Mu1.0018  Se1.119                       0.23150558     -0.00001117      0.00002365     -0.00000000
ATVX     1  Mu1.0019  Se1.119                       0.23306565      0.00001013     -0.00002560     -0.00000000
ATVX     1  Mu1.0020  Se1.119                       0.23420857      0.00001564     -0.00004206     -0.00000000
ATVX     1  Mu1.0021  Se1.119                       0.24185000      0.00015696     -0.00038171     -0.00000006
ATVX     1  Mu1.0022  Se1.119                       0.24599706      0.00000398     -0.00000986     -0.00000000
ATVX     1  Mu1.0023  Se1.119                       0.25783614     -0.00008188      0.00019988     -0.00000002
ATVX     1  Mu1.0024  Se1.119                       0.26050630      0.00009029     -0.00024332     -0.00000002
ATVX     1  Mu1.0025  Se1.119                       0.26453986      0.00000494     -0.00001316     -0.00000000
ATVX     1  Mu1.0026  Se1.119                       0.27174928     -0.00002306      0.00005711     -0.00000000
ATVX     1  Mu1.0027  Se1.119                       0.27293113     -0.00003524      0.00008906     -0.00000000
ATVX     1  Mu1.0028  Se1.119                       0.27417138      0.00001979     -0.00004887     -0.00000000
ATVX     1  Mu1.0029  Se1.119                       0.27844443     -0.00000446      0.00000818     -0.00000000
ATVX     1  Mu1.0030  Se1.119                       0.28411845     -0.00002133      0.00004957     -0.00000000
ATVX     1  Mu1.0031  Se1.119                       0.28757849     -0.00000760      0.00001697     -0.00000000
ATVX     1  Mu1.0032  Se1.119                       0.29213056     -0.00000404      0.00001063     -0.00000000
ATVX     1  Mu1.0033  Se1.119                       0.29799925     -0.00000111      0.00000090     -0.00000000
ATVX     1  Mu1.0001  Se1.120                      -0.11378340      0.00004896      0.00011239      0.00000001
ATVX     1  Mu1.0002  Se1.120                      -0.06670807     -0.00003492     -0.00005745      0.00000000
ATVX     1  Mu1.0003  Se1.120                      -0.02809750     -0.00011183     -0.00007824      0.00000001
ATVX     1  Mu1.0004  Se1.120                      -0.02378852     -0.00002329     -0.00001451      0.00000000
ATVX     1  Mu1.0005  Se1.120                      -0.00948531     -0.00020557     -0.00004946      0.00000001
ATVX     1  Mu1.0006  Se1.120                       0.03294701     -0.00001618      0.00001409     -0.00000000
ATVX     1  Mu1.0007  Se1.120                       0.07033633      0.00008604     -0.00013263     -0.00000001
ATVX     1  Mu1.0008  Se1.120                       0.07373956      0.00002306     -0.00002991     -0.00000000
ATVX     1  Mu1.0009  Se1.120                       0.08952333      0.00016494     -0.00030065     -0.00000005
ATVX     1  Mu1.0010  Se1.120                       0.11974273     -0.00004831      0.00010101     -0.00000000
ATVX     1  Mu1.0011  Se1.120                       0.13046707      0.00000025     -0.00000117     -0.00000000
ATVX     1  Mu1.0012  Se1.120                       0.13700059     -0.00004696      0.00010892     -0.00000001
ATVX     1  Mu1.0013  Se1.120                       0.15744969     -0.00000101      0.00000205     -0.00000000
ATVX     1  Mu1.0014  Se1.120                       0.16908195     -0.00000311      0.00000795     -0.00000000
ATVX     1  Mu1.0015  Se1.120                       0.18873569      0.00000104     -0.00000298     -0.00000000
ATVX     1  Mu1.0016  Se1.120                       0.20695837     -0.00000086      0.00000244     -0.00000000
ATVX     1  Mu1.0017  Se1.120                       0.21944506      0.00000161     -0.00000408     -0.00000000
ATVX     1  Mu1.0018  Se1.120                       0.23768902      0.00000920     -0.00001737     -0.00000000
ATVX     1  Mu1.0019  Se1.120                       0.23924909      0.00000223     -0.00000231     -0.00000000
ATVX     1  Mu1.0020  Se1.120                       0.24039200     -0.00000354      0.00001359     -0.00000000
ATVX     1  Mu1.0021  Se1.120                       0.24803343     -0.00001652      0.00003981     -0.00000000
ATVX     1  Mu1.0022  Se1.120                       0.25218049      0.00000257      0.00000109      0.00000000
ATVX     1  Mu1.0023  Se1.120                       0.26401957      0.00000038      0.00001180      0.00000000
ATVX     1  Mu1.0024  Se1.120                       0.26668974      0.00010720     -0.00027896     -0.00000003
ATVX     1  Mu1.0025  Se1.120                       0.27072329     -0.00000123      0.00000092     -0.00000000
ATVX     1  Mu1.0026  Se1.120                       0.27793272      0.00002345     -0.00005916     -0.00000000
ATVX     1  Mu1.0027  Se1.120                       0.27911456     -0.00014435      0.00034365     -0.00000005
ATVX     1  Mu1.0028  Se1.120                       0.28035482      0.00008586     -0.00020259     -0.00000002
ATVX     1  Mu1.0029  Se1.120                       0.28462787     -0.00000187      0.00001025     -0.00000000
ATVX     1  Mu1.0030  Se1.120                       0.29030189     -0.00000170      0.00000365     -0.00000000
ATVX     1  Mu1.0031  Se1.120                       0.29376193      0.00000045     -0.00000014     -0.00000000
ATVX     1  Mu1.0032  Se1.120                       0.29831400     -0.00000661      0.00001379     -0.00000000
ATVX     1  Mu1.0001  Se1.121                      -0.10378340      0.00011384      0.00025140      0.00000003
ATVX     1  Mu1.0002  Se1.121                      -0.05670807     -0.00005370     -0.00008218      0.00000000
ATVX     1  Mu1.0003  Se1.121                      -0.01809750     -0.00036397     -0.00016187      0.00000006
ATVX     1  Mu1.0004  Se1.121                      -0.01378852     -0.00016329     -0.00005493      0.00000001
ATVX     1  Mu1.0005  Se1.121                       0.00051469     -0.00087563      0.00001122     -0.00000001
ATVX     1  Mu1.0006  Se1.121                       0.04294701      0.00012793     -0.00012387     -0.00000002
ATVX     1  Mu1.0007  Se1.121                       0.08033633      0.00064971     -0.00112032     -0.00000073
ATVX     1  Mu1.0008  Se1.121                       0.08373956      0.00037734     -0.00066364     -0.00000025
ATVX     1  Mu1.0009  Se1.121                       0.09952333      0.00139161     -0.00274691     -0.00000382
ATVX     1  Mu1.0010  Se1.121                       0.12974273     -0.00045466      0.00102885     -0.00000047
ATVX     1  Mu1.0011  Se1.121                       0.14046707     -0.00000295      0.00000544     -0.00000000
ATVX     1  Mu1.0012  Se1.121                       0.14700059     -0.00025955      0.00060634     -0.00000016
ATVX     1  Mu1.0013  Se1.121                       0.16744969      0.00000497     -0.00001429     -0.00000000
ATVX     1  Mu1.0014  Se1.121                       0.17908195     -0.00001107      0.00002593     -0.00000000
ATVX     1  Mu1.0015  Se1.121                       0.19873569      0.00000146     -0.00000503     -0.00000000
ATVX     1  Mu1.0016  Se1.121                       0.21695837     -0.00000438      0.00001511     -0.00000000
ATVX     1  Mu1.0017  Se1.121                       0.22944506      0.00001337     -0.00003222     -0.00000000
ATVX     1  Mu1.0018  Se1.121                       0.24768902      0.00004729     -0.00009614     -0.00000000
ATVX     1  Mu1.0019  Se1.121                       0.24924909      0.00000545     -0.00000411     -0.00000000
ATVX     1  Mu1.0020  Se1.121                       0.25039200     -0.00000616      0.00002640     -0.00000000
ATVX     1  Mu1.0021  Se1.121                       0.25803344     -0.00014096      0.00030039     -0.00000004
ATVX     1  Mu1.0022  Se1.121                       0.26218049     -0.00000687      0.00004227     -0.00000000
ATVX     1  Mu1.0023  Se1.121                       0.27401957      0.00039461     -0.00093316     -0.00000037
ATVX     1  Mu1.0024  Se1.121                       0.27668974      0.00015659     -0.00039730     -0.00000006
ATVX     1  Mu1.0025  Se1.121                       0.28072330     -0.00003413      0.00007316     -0.00000000
ATVX     1  Mu1.0026  Se1.121                       0.28793272      0.00004898     -0.00013659     -0.00000001
ATVX     1  Mu1.0027  Se1.121                       0.28911456     -0.00062554      0.00143124     -0.00000090
ATVX     1  Mu1.0028  Se1.121                       0.29035482      0.00039928     -0.00090928     -0.00000036
ATVX     1  Mu1.0029  Se1.121                       0.29462787     -0.00001171      0.00005991     -0.00000000
ATVX     1  Mu1.0001  Se1.122                      -0.09549953     -0.00000027     -0.00000039      0.00000000
ATVX     1  Mu1.0002  Se1.122                      -0.04842421      0.00000119      0.00000154      0.00000000
ATVX     1  Mu1.0003  Se1.122                      -0.00981364     -0.00000098     -0.00000006      0.00000000
ATVX     1  Mu1.0004  Se1.122                      -0.00550466     -0.00000470     -0.00000058      0.00000000
ATVX     1  Mu1.0005  Se1.122                       0.00879855     -0.00000822      0.00000195     -0.00000000
ATVX     1  Mu1.0006  Se1.122                       0.05123087      0.00000420     -0.00000538     -0.00000000
ATVX     1  Mu1.0007  Se1.122                       0.08862020      0.00000482     -0.00000986     -0.00000000
ATVX     1  Mu1.0008  Se1.122                       0.09202343     -0.00000197      0.00000304     -0.00000000
ATVX     1  Mu1.0009  Se1.122                       0.10780719      0.00000186     -0.00000056     -0.00000000
ATVX     1  Mu1.0010  Se1.122                       0.13802659      0.00000072     -0.00000220     -0.00000000
ATVX     1  Mu1.0011  Se1.122                       0.14875093      0.00001331      0.00001370      0.00000000
ATVX     1  Mu1.0012  Se1.122                       0.15528446     -0.00000255      0.00000808     -0.00000000
ATVX     1  Mu1.0013  Se1.122                       0.17573355      0.00008437     -0.00036036     -0.00000003
ATVX     1  Mu1.0014  Se1.122                       0.18736581      0.00023044     -0.00087307     -0.00000020
ATVX     1  Mu1.0015  Se1.122                       0.20701956      0.00008272     -0.00023165     -0.00000002
ATVX     1  Mu1.0016  Se1.122                       0.22524223     -0.00019508      0.00064644     -0.00000013
ATVX     1  Mu1.0017  Se1.122                       0.23772893      0.00000465     -0.00001311     -0.00000000
ATVX     1  Mu1.0018  Se1.122                       0.25597288     -0.00040744      0.00064636     -0.00000026
ATVX     1  Mu1.0019  Se1.122                       0.25753295     -0.00033623      0.00070113     -0.00000024
ATVX     1  Mu1.0020  Se1.122                       0.25867587     -0.00026352      0.00032234     -0.00000008
ATVX     1  Mu1.0021  Se1.122                       0.26631730      0.00001327     -0.00000625     -0.00000000
ATVX     1  Mu1.0022  Se1.122                       0.27046436     -0.00056951      0.00082622     -0.00000047
ATVX     1  Mu1.0023  Se1.122                       0.28230344     -0.00002162      0.00003844     -0.00000000
ATVX     1  Mu1.0024  Se1.122                       0.28497360     -0.00000918      0.00002233     -0.00000000
ATVX     1  Mu1.0025  Se1.122                       0.28900716      0.00011543     -0.00021233     -0.00000002
ATVX     1  Mu1.0026  Se1.122                       0.29621658     -0.00000137      0.00002145     -0.00000000
ATVX     1  Mu1.0027  Se1.122                       0.29739843     -0.00001477      0.00009543     -0.00000000
ATVX     1  Mu1.0028  Se1.122                       0.29863868     -0.00001983      0.00011244     -0.00000000
ATVX     1  Mu1.0001  Se1.123                      -0.09450413      0.00023466      0.00047966      0.00000011
ATVX     1  Mu1.0002  Se1.123                      -0.04742881     -0.00022437     -0.00026870      0.00000006
ATVX     1  Mu1.0003  Se1.123                      -0.00881824     -0.00010128     -0.00002293      0.00000000
ATVX     1  Mu1.0004  Se1.123                      -0.00450926      0.00010287      0.00001141      0.00000000
ATVX     1  Mu1.0005  Se1.123                       0.00979395      0.00004094     -0.00001227     -0.00000000
ATVX     1  Mu1.0006  Se1.123                       0.05222627     -0.00029730      0.00038138     -0.00000011
ATVX     1  Mu1.0007  Se1.123                       0.08961560     -0.00004285      0.00009030     -0.00000000
ATVX     1  Mu1.0008  Se1.123                       0.09301882     -0.00009433      0.00020067     -0.00000002
ATVX     1  Mu1.0009  Se1.123                       0.10880259     -0.00017237      0.00037938     -0.00000007
ATVX     1  Mu1.0010  Se1.123                       0.13902199      0.00003009     -0.00007969     -0.00000000
ATVX     1  Mu1.0011  Se1.123                       0.14974633      0.00000498     -0.00001435     -0.00000000
ATVX     1  Mu1.0012  Se1.123                       0.15627985      0.00003845     -0.00010881     -0.00000000
ATVX     1  Mu1.0013  Se1.123                       0.17672895     -0.00001763      0.00004587     -0.00000000
ATVX     1  Mu1.0014  Se1.123                       0.18836121      0.00000567     -0.00001776     -0.00000000
ATVX     1  Mu1.0015  Se1.123                       0.20801496      0.00000742     -0.00002089     -0.00000000
ATVX     1  Mu1.0016  Se1.123                       0.22623763     -0.00000463      0.00001045     -0.00000000
ATVX     1  Mu1.0017  Se1.123                       0.23872432     -0.00001682      0.00004418     -0.00000000
ATVX     1  Mu1.0018  Se1.123                       0.25696828     -0.00001835      0.00006098     -0.00000000
ATVX     1  Mu1.0019  Se1.123                       0.25852835      0.00000348     -0.00000203     -0.00000000
ATVX     1  Mu1.0020  Se1.123                       0.25967127      0.00001749     -0.00004067     -0.00000000
ATVX     1  Mu1.0021  Se1.123                       0.26731270      0.00019870     -0.00052158     -0.00000010
ATVX     1  Mu1.0022  Se1.123                       0.27145976      0.00001877     -0.00003501     -0.00000000
ATVX     1  Mu1.0023  Se1.123                       0.28329884     -0.00015925      0.00038903     -0.00000006
ATVX     1  Mu1.0024  Se1.123                       0.28596900      0.00029594     -0.00078545     -0.00000023
ATVX     1  Mu1.0025  Se1.123                       0.29000256      0.00000885     -0.00002651     -0.00000000
ATVX     1  Mu1.0026  Se1.123                       0.29721198      0.00034558     -0.00080832     -0.00000028
ATVX     1  Mu1.0027  Se1.123                       0.29839383     -0.00030527      0.00070571     -0.00000022
ATVX     1  Mu1.0028  Se1.123                       0.29963408      0.00013295     -0.00029778     -0.00000004
ATVX     1  Mu1.0001  Se1.124                      -0.08654360     -0.00000306     -0.00000410      0.00000000
ATVX     1  Mu1.0002  Se1.124                      -0.03946828     -0.00000133     -0.00000135      0.00000000
ATVX     1  Mu1.0003  Se1.124                      -0.00085771     -0.00000668     -0.00000005      0.00000000
ATVX     1  Mu1.0004  Se1.124                       0.00345127      0.00000125     -0.00000031     -0.00000000
ATVX     1  Mu1.0005  Se1.124                       0.01775448      0.00000463     -0.00000265     -0.00000000
ATVX     1  Mu1.0006  Se1.124                       0.06018680      0.00000460     -0.00000625     -0.00000000
ATVX     1  Mu1.0007  Se1.124                       0.09757612      0.00001362     -0.00001558     -0.00000000
ATVX     1  Mu1.0008  Se1.124                       0.10097935      0.00001083     -0.00001934     -0.00000000
ATVX     1  Mu1.0009  Se1.124                       0.11676312     -0.00000463      0.00001030     -0.00000000
ATVX     1  Mu1.0010  Se1.124                       0.14698252      0.00000683     -0.00001117     -0.00000000
ATVX     1  Mu1.0011  Se1.124                       0.15770686     -0.00003128     -0.00005187      0.00000000
ATVX     1  Mu1.0012  Se1.124                       0.16424038      0.00000240     -0.00000389     -0.00000000
ATVX     1  Mu1.0013  Se1.124                       0.18468948      0.00043115     -0.00109095     -0.00000047
ATVX     1  Mu1.0014  Se1.124                       0.19632174      0.00022224     -0.00048678     -0.00000011
ATVX     1  Mu1.0015  Se1.124                       0.21597548      0.00010115     -0.00015718     -0.00000002
ATVX     1  Mu1.0016  Se1.124                       0.23419816     -0.00000678      0.00007524     -0.00000000
ATVX     1  Mu1.0017  Se1.124                       0.24668485     -0.00039103      0.00098304     -0.00000038
ATVX     1  Mu1.0018  Se1.124                       0.26492881     -0.00270251      0.00513590     -0.00001388
ATVX     1  Mu1.0019  Se1.124                       0.26648888     -0.00081293      0.00146640     -0.00000119
ATVX     1  Mu1.0020  Se1.124                       0.26763179     -0.00267592      0.00484351     -0.00001296
ATVX     1  Mu1.0021  Se1.124                       0.27527323      0.00006828     -0.00010926     -0.00000001
ATVX     1  Mu1.0022  Se1.124                       0.27942029      0.00102281     -0.00191502     -0.00000196
ATVX     1  Mu1.0023  Se1.124                       0.29125936     -0.00001718      0.00005109     -0.00000000
ATVX     1  Mu1.0024  Se1.124                       0.29392953     -0.00003510      0.00006851     -0.00000000
ATVX     1  Mu1.0025  Se1.124                       0.29796309      0.00058753     -0.00117850     -0.00000069
ATVX     1  Mu1.0001  Se1.125                      -0.08448562     -0.00006940     -0.00013128      0.00000001
ATVX     1  Mu1.0002  Se1.125                      -0.03741030     -0.00003699     -0.00003525      0.00000000
ATVX     1  Mu1.0003  Se1.125                       0.00120027     -0.00015402      0.00000470     -0.00000000
ATVX     1  Mu1.0004  Se1.125                       0.00550925      0.00005977     -0.00000860     -0.00000000
ATVX     1  Mu1.0005  Se1.125                       0.01981246      0.00018466     -0.00009190     -0.00000002
ATVX     1  Mu1.0006  Se1.125                       0.06224478     -0.00001750      0.00002319     -0.00000000
ATVX     1  Mu1.0007  Se1.125                       0.09963411      0.00011589     -0.00022442     -0.00000003
ATVX     1  Mu1.0008  Se1.125                       0.10303734     -0.00000835      0.00001201     -0.00000000
ATVX     1  Mu1.0009  Se1.125                       0.11882110     -0.00016725      0.00035584     -0.00000006
ATVX     1  Mu1.0010  Se1.125                       0.14904050      0.00002406     -0.00005747     -0.00000000
ATVX     1  Mu1.0011  Se1.125                       0.15976484     -0.00000111      0.00000240     -0.00000000
ATVX     1  Mu1.0012  Se1.125                       0.16629837     -0.00011379      0.00028009     -0.00000003
ATVX     1  Mu1.0013  Se1.125                       0.18674746     -0.00000186      0.00000430     -0.00000000
ATVX     1  Mu1.0014  Se1.125                       0.19837972      0.00000404     -0.00001128     -0.00000000
ATVX     1  Mu1.0015  Se1.125                       0.21803347      0.00000033     -0.00000068     -0.00000000
ATVX     1  Mu1.0016  Se1.125                       0.23625614     -0.00000179      0.00000469     -0.00000000
ATVX     1  Mu1.0017  Se1.125                       0.24874283     -0.00000574      0.00001462     -0.00000000
ATVX     1  Mu1.0018  Se1.125                       0.26698679     -0.00000908      0.00001722     -0.00000000
ATVX     1  Mu1.0019  Se1.125                       0.26854686      0.00000703     -0.00001901     -0.00000000
ATVX     1  Mu1.0020  Se1.125                       0.26968978      0.00000885     -0.00002740     -0.00000000
ATVX     1  Mu1.0021  Se1.125                       0.27733121      0.00009882     -0.00024100     -0.00000002
ATVX     1  Mu1.0022  Se1.125                       0.28147827      0.00000182     -0.00000496     -0.00000000
ATVX     1  Mu1.0023  Se1.125                       0.29331735     -0.00005140      0.00012267     -0.00000001
ATVX     1  Mu1.0024  Se1.125                       0.29598751      0.00010180     -0.00025908     -0.00000003
ATVX     1  Mu1.0001  Se1.126                      -0.07910815     -0.00000433     -0.00000568      0.00000000
ATVX     1  Mu1.0002  Se1.126                      -0.03203282     -0.00000192     -0.00000159      0.00000000
ATVX     1  Mu1.0003  Se1.126                       0.00657775     -0.00001214      0.00000103     -0.00000000
ATVX     1  Mu1.0004  Se1.126                       0.01088673     -0.00000238     -0.00000023      0.00000000
ATVX     1  Mu1.0005  Se1.126                       0.02518994      0.00001604     -0.00001141     -0.00000000
ATVX     1  Mu1.0006  Se1.126                       0.06762226      0.00000386     -0.00000545     -0.00000000
ATVX     1  Mu1.0007  Se1.126                       0.10501158      0.00000704     -0.00000330     -0.00000000
ATVX     1  Mu1.0008  Se1.126                       0.10841481      0.00001858     -0.00003682     -0.00000000
ATVX     1  Mu1.0009  Se1.126                       0.12419858     -0.00000012     -0.00000045      0.00000000
ATVX     1  Mu1.0010  Se1.126                       0.15441798      0.00000776     -0.00001310     -0.00000000
ATVX     1  Mu1.0011  Se1.126                       0.16514232     -0.00004561     -0.00001795      0.00000000
ATVX     1  Mu1.0012  Se1.126                       0.17167584      0.00000242     -0.00000273     -0.00000000
ATVX     1  Mu1.0013  Se1.126                       0.19212494      0.00033870     -0.00104277     -0.00000035
ATVX     1  Mu1.0014  Se1.126                       0.20375720      0.00025485     -0.00033624     -0.00000009
ATVX     1  Mu1.0015  Se1.126                       0.22341094      0.00013900     -0.00021274     -0.00000003
ATVX     1  Mu1.0016  Se1.126                       0.24163362     -0.00008403      0.00037236     -0.00000003
ATVX     1  Mu1.0017  Se1.126                       0.25412031     -0.00029278      0.00071025     -0.00000021
ATVX     1  Mu1.0018  Se1.126                       0.27236427     -0.00247651      0.00464964     -0.00001151
ATVX     1  Mu1.0019  Se1.126                       0.27392434     -0.00083151      0.00160515     -0.00000133
ATVX     1  Mu1.0020  Se1.126                       0.27506725     -0.00240228      0.00423621     -0.00001018
ATVX     1  Mu1.0021  Se1.126                       0.28270868      0.00006370     -0.00010301     -0.00000001
ATVX     1  Mu1.0022  Se1.126                       0.28685574      0.00128791     -0.00261000     -0.00000336
ATVX     1  Mu1.0023  Se1.126                       0.29869482     -0.00002869      0.00007661     -0.00000000
ATVX     1  Mu1.0001  Se1.127                      -0.06755394     -0.00000047     -0.00000092      0.00000000
ATVX     1  Mu1.0002  Se1.127                      -0.02047862     -0.00000150     -0.00000088      0.00000000
ATVX     1  Mu1.0003  Se1.127                       0.01813195      0.00000224     -0.00000069     -0.00000000
ATVX     1  Mu1.0004  Se1.127                       0.02244093      0.00000837     -0.00000450     -0.00000000
ATVX     1  Mu1.0005  Se1.127                       0.03674414      0.00001643     -0.00001594     -0.00000000
ATVX     1  Mu1.0006  Se1.127                       0.07917646     -0.00000611      0.00001157     -0.00000000
ATVX     1  Mu1.0007  Se1.127                       0.11656579     -0.00000968      0.00002419     -0.00000000
ATVX     1  Mu1.0008  Se1.127                       0.11996901      0.00000492     -0.00000994     -0.00000000
ATVX     1  Mu1.0009  Se1.127                       0.13575278     -0.00000266     -0.00000121      0.00000000
ATVX     1  Mu1.0010  Se1.127                       0.16597218     -0.00000155      0.00000503     -0.00000000
ATVX     1  Mu1.0011  Se1.127                       0.17669652     -0.00000293     -0.00005797      0.00000000
ATVX     1  Mu1.0012  Se1.127                       0.18323004      0.00000902     -0.00002812     -0.00000000
ATVX     1  Mu1.0013  Se1.127                       0.20367914     -0.00036555      0.00121839     -0.00000045
ATVX     1  Mu1.0014  Se1.127                       0.21531140     -0.00053471      0.00179883     -0.00000096
ATVX     1  Mu1.0015  Se1.127                       0.23496515     -0.00013717      0.00038522     -0.00000005
ATVX     1  Mu1.0016  Se1.127                       0.25318782      0.00034506     -0.00105645     -0.00000036
ATVX     1  Mu1.0017  Se1.127                       0.26567451     -0.00012337      0.00031534     -0.00000004
ATVX     1  Mu1.0018  Se1.127                       0.28391847      0.00068774     -0.00094258     -0.00000065
ATVX     1  Mu1.0019  Se1.127                       0.28547854      0.00057074     -0.00106587     -0.00000061
ATVX     1  Mu1.0020  Se1.127                       0.28662146      0.00049894     -0.00061866     -0.00000031
ATVX     1  Mu1.0021  Se1.127                       0.29426289     -0.00003587      0.00003995     -0.00000000
ATVX     1  Mu1.0022  Se1.127                       0.29840995      0.00099845     -0.00125712     -0.00000126
ATVX     1  Mu1.0001  Se1.128                      -0.06579117      0.00005913      0.00009119      0.00000001
ATVX     1  Mu1.0002  Se1.128                      -0.01871584     -0.00007050     -0.00003420      0.00000000
ATVX     1  Mu1.0003  Se1.128                       0.01989473      0.00009862     -0.00005131     -0.00000001
ATVX     1  Mu1.0004  Se1.128                       0.02420371      0.00011155     -0.00006934     -0.00000001
ATVX     1  Mu1.0005  Se1.128                       0.03850692      0.00026816     -0.00025762     -0.00000007
ATVX     1  Mu1.0006  Se1.128                       0.08093924     -0.00015534      0.00027480     -0.00000004
ATVX     1  Mu1.0007  Se1.128                       0.11832856      0.00019865     -0.00044366     -0.00000009
ATVX     1  Mu1.0008  Se1.128                       0.12173179      0.00018196     -0.00041561     -0.00000008
ATVX     1  Mu1.0009  Se1.128                       0.13751556      0.00028768     -0.00068229     -0.00000020
ATVX     1  Mu1.0010  Se1.128                       0.16773496     -0.00018268      0.00045490     -0.00000008
ATVX     1  Mu1.0011  Se1.128                       0.17845930     -0.00000005     -0.00000023      0.00000000
ATVX     1  Mu1.0012  Se1.128                       0.18499282      0.00002974     -0.00007504     -0.00000000
ATVX     1  Mu1.0013  Se1.128                       0.20544192     -0.00000669      0.00001763     -0.00000000
ATVX     1  Mu1.0014  Se1.128                       0.21707418      0.00000161     -0.00000468     -0.00000000
ATVX     1  Mu1.0015  Se1.128                       0.23672792      0.00000138     -0.00000369     -0.00000000
ATVX     1  Mu1.0016  Se1.128                       0.25495060     -0.00000062      0.00000141     -0.00000000
ATVX     1  Mu1.0017  Se1.128                       0.26743729     -0.00000870      0.00002090     -0.00000000
ATVX     1  Mu1.0018  Se1.128                       0.28568125     -0.00001840      0.00005139     -0.00000000
ATVX     1  Mu1.0019  Se1.128                       0.28724132      0.00000596     -0.00000965     -0.00000000
ATVX     1  Mu1.0020  Se1.128                       0.28838423      0.00003546     -0.00007593     -0.00000000
ATVX     1  Mu1.0021  Se1.128                       0.29602566      0.00023144     -0.00053195     -0.00000012
ATVX     1  Mu1.0001  Se1.129                      -0.05763122      0.00023535      0.00032982      0.00000008
ATVX     1  Mu1.0002  Se1.129                      -0.01055590      0.00011542      0.00003207      0.00000000
ATVX     1  Mu1.0003  Se1.129                       0.02805467      0.00033133     -0.00023001     -0.00000008
ATVX     1  Mu1.0004  Se1.129                       0.03236365     -0.00024688      0.00020162     -0.00000005
ATVX     1  Mu1.0005  Se1.129                       0.04666686     -0.00033689      0.00037003     -0.00000012
ATVX     1  Mu1.0006  Se1.129                       0.08909918     -0.00003813      0.00008473     -0.00000000
ATVX     1  Mu1.0007  Se1.129                       0.12648850     -0.00070506      0.00156668     -0.00000110
ATVX     1  Mu1.0008  Se1.129                       0.12989173      0.00016371     -0.00036510     -0.00000006
ATVX     1  Mu1.0009  Se1.129                       0.14567550      0.00107705     -0.00251562     -0.00000271
ATVX     1  Mu1.0010  Se1.129                       0.17589490      0.00005158     -0.00013791     -0.00000001
ATVX     1  Mu1.0011  Se1.129                       0.18661924      0.00000517     -0.00001132     -0.00000000
ATVX     1  Mu1.0012  Se1.129                       0.19315276      0.00044789     -0.00110308     -0.00000049
ATVX     1  Mu1.0013  Se1.129                       0.21360186      0.00000618     -0.00001440     -0.00000000
ATVX     1  Mu1.0014  Se1.129                       0.22523412     -0.00000676      0.00001675     -0.00000000
ATVX     1  Mu1.0015  Se1.129                       0.24488786      0.00000002     -0.00000131     -0.00000000
ATVX     1  Mu1.0016  Se1.129                       0.26311054      0.00000426     -0.00001181     -0.00000000
ATVX     1  Mu1.0017  Se1.129                       0.27559723      0.00001313     -0.00003084     -0.00000000
ATVX     1  Mu1.0018  Se1.129                       0.29384119      0.00003142     -0.00004297     -0.00000000
ATVX     1  Mu1.0019  Se1.129                       0.29540126     -0.00000622      0.00002443     -0.00000000
ATVX     1  Mu1.0020  Se1.129                       0.29654418     -0.00000040      0.00003032     -0.00000000
ATVX     1  Mu1.0001  Se1.130                      -0.05434618      0.00000025      0.00000043      0.00000000
ATVX     1  Mu1.0002  Se1.130                      -0.00727085     -0.00000083     -0.00000018      0.00000000
ATVX     1  Mu1.0003  Se1.130                       0.03133972      0.00000027     -0.00000072     -0.00000000
ATVX     1  Mu1.0004  Se1.130                       0.03564870     -0.00000476      0.00000415     -0.00000000
ATVX     1  Mu1.0005  Se1.130                       0.04995191     -0.00000061     -0.00000155      0.00000000
ATVX     1  Mu1.0006  Se1.130                       0.09238423      0.00000105     -0.00000038     -0.00000000
ATVX     1  Mu1.0007  Se1.130                       0.12977355     -0.00000563      0.00001413     -0.00000000
ATVX     1  Mu1.0008  Se1.130                       0.13317678     -0.00000652      0.00001519     -0.00000000
ATVX     1  Mu1.0009  Se1.130                       0.14896055     -0.00000375      0.00000504     -0.00000000
ATVX     1  Mu1.0010  Se1.130                       0.17917995      0.00000014      0.00000034      0.00000000
ATVX     1  Mu1.0011  Se1.130                       0.18990429      0.00000714     -0.00001380     -0.00000000
ATVX     1  Mu1.0012  Se1.130                       0.19643781     -0.00000168      0.00000118     -0.00000000
ATVX     1  Mu1.0013  Se1.130                       0.21688691     -0.00004617      0.00027498     -0.00000001
ATVX     1  Mu1.0014  Se1.130                       0.22851917     -0.00029689      0.00111519     -0.00000033
ATVX     1  Mu1.0015  Se1.130                       0.24817291     -0.00001120      0.00007487     -0.00000000
ATVX     1  Mu1.0016  Se1.130                       0.26639559      0.00005386     -0.00027593     -0.00000001
ATVX     1  Mu1.0017  Se1.130                       0.27888228      0.00006587     -0.00018219     -0.00000001
ATVX     1  Mu1.0018  Se1.130                       0.29712624      0.00064752     -0.00116191     -0.00000075
ATVX     1  Mu1.0019  Se1.130                       0.29868631      0.00032071     -0.00064353     -0.00000021
ATVX     1  Mu1.0020  Se1.130                       0.29982922      0.00042145     -0.00059921     -0.00000025
ATVX     1  Mu1.0001  Se1.131                      -0.05263244      0.00001963      0.00002532      0.00000000
ATVX     1  Mu1.0002  Se1.131                      -0.00555712     -0.00002275     -0.00000334      0.00000000
ATVX     1  Mu1.0003  Se1.131                       0.03305345      0.00003621     -0.00003132     -0.00000000
ATVX     1  Mu1.0004  Se1.131                       0.03736243      0.00002448     -0.00002402     -0.00000000
ATVX     1  Mu1.0005  Se1.131                       0.05166564      0.00008239     -0.00010895     -0.00000001
ATVX     1  Mu1.0006  Se1.131                       0.09409796     -0.00003649      0.00007644     -0.00000000
ATVX     1  Mu1.0007  Se1.131                       0.13148729      0.00010269     -0.00023602     -0.00000002
ATVX     1  Mu1.0008  Se1.131                       0.13489052      0.00008531     -0.00020192     -0.00000002
ATVX     1  Mu1.0009  Se1.131                       0.15067429      0.00019544     -0.00046806     -0.00000009
ATVX     1  Mu1.0010  Se1.131                       0.18089368     -0.00009365      0.00023539     -0.00000002
ATVX     1  Mu1.0011  Se1.131                       0.19161802     -0.00000004     -0.00000011      0.00000000
ATVX     1  Mu1.0012  Se1.131                       0.19815155     -0.00000010     -0.00000488      0.00000000
ATVX     1  Mu1.0013  Se1.131                       0.21860064     -0.00000251      0.00000723     -0.00000000
ATVX     1  Mu1.0014  Se1.131                       0.23023290      0.00000208     -0.00000614     -0.00000000
ATVX     1  Mu1.0015  Se1.131                       0.24988665      0.00000091     -0.00000253     -0.00000000
ATVX     1  Mu1.0016  Se1.131                       0.26810933     -0.00000070      0.00000194     -0.00000000
ATVX     1  Mu1.0017  Se1.131                       0.28059602     -0.00000355      0.00000928     -0.00000000
ATVX     1  Mu1.0018  Se1.131                       0.29883997     -0.00000433      0.00001483     -0.00000000
ATVX     1  Mu1.0001  Se1.132                      -0.04553957      0.00000075      0.00000209      0.00000000
ATVX     1  Mu1.0002  Se1.132                       0.00153575     -0.00000100      0.00000006     -0.00000000
ATVX     1  Mu1.0003  Se1.132                       0.04014632     -0.00000795      0.00000578     -0.00000000
ATVX     1  Mu1.0004  Se1.132                       0.04445531      0.00000394     -0.00000619     -0.00000000
ATVX     1  Mu1.0005  Se1.132                       0.05875852      0.00000131     -0.00000738     -0.00000000
ATVX     1  Mu1.0006  Se1.132                       0.10119084      0.00000018      0.00000263      0.00000000
ATVX     1  Mu1.0007  Se1.132                       0.13858016      0.00002267     -0.00003588     -0.00000000
ATVX     1  Mu1.0008  Se1.132                       0.14198339      0.00000512     -0.00000872     -0.00000000
ATVX     1  Mu1.0009  Se1.132                       0.15776716     -0.00000426      0.00000857     -0.00000000
ATVX     1  Mu1.0010  Se1.132                       0.18798656      0.00001267     -0.00002696     -0.00000000
ATVX     1  Mu1.0011  Se1.132                       0.19871089      0.00004363     -0.00041397     -0.00000002
ATVX     1  Mu1.0012  Se1.132                       0.20524442     -0.00001660      0.00005398     -0.00000000
ATVX     1  Mu1.0013  Se1.132                       0.22569351      0.00161814     -0.00459539     -0.00000744
ATVX     1  Mu1.0014  Se1.132                       0.23732578     -0.00113907      0.00363550     -0.00000414
ATVX     1  Mu1.0015  Se1.132                       0.25697952     -0.00009328      0.00056628     -0.00000005
ATVX     1  Mu1.0016  Se1.132                       0.27520220     -0.00035831      0.00112733     -0.00000040
ATVX     1  Mu1.0017  Se1.132                       0.28768889     -0.00031693      0.00062604     -0.00000020
ATVX     1  Mu1.0001  Se1.133                      -0.04485849      0.00000017      0.00000023      0.00000000
ATVX     1  Mu1.0002  Se1.133                       0.00221683     -0.00000046      0.00000003     -0.00000000
ATVX     1  Mu1.0003  Se1.133                       0.04082740     -0.00000025     -0.00000065      0.00000000
ATVX     1  Mu1.0004  Se1.133                       0.04513638     -0.00001019      0.00001106     -0.00000000
ATVX     1  Mu1.0005  Se1.133                       0.05943959     -0.00000816      0.00000782     -0.00000000
ATVX     1  Mu1.0006  Se1.133                       0.10187191      0.00000567     -0.00000945     -0.00000000
ATVX     1  Mu1.0007  Se1.133                       0.13926123     -0.00000468      0.00001005     -0.00000000
ATVX     1  Mu1.0008  Se1.133                       0.14266446     -0.00000870      0.00002082     -0.00000000
ATVX     1  Mu1.0009  Se1.133                       0.15844823     -0.00000016     -0.00000132      0.00000000
ATVX     1  Mu1.0010  Se1.133                       0.18866763     -0.00000123      0.00000321     -0.00000000
ATVX     1  Mu1.0011  Se1.133                       0.19939197      0.00001977      0.00001727      0.00000000
ATVX     1  Mu1.0012  Se1.133                       0.20592549     -0.00000033     -0.00000427      0.00000000
ATVX     1  Mu1.0013  Se1.133                       0.22637459     -0.00025775      0.00094644     -0.00000024
ATVX     1  Mu1.0014  Se1.133                       0.23800685     -0.00002563      0.00050959     -0.00000001
ATVX     1  Mu1.0015  Se1.133                       0.25766059      0.00006623     -0.00011881     -0.00000001
ATVX     1  Mu1.0016  Se1.133                       0.27588327     -0.00004424     -0.00012410      0.00000001
ATVX     1  Mu1.0017  Se1.133                       0.28836996      0.00002932     -0.00009489     -0.00000000
ATVX     1  Mu1.0001  Se1.134                      -0.03421806      0.00000097      0.00000082      0.00000000
ATVX     1  Mu1.0002  Se1.134                       0.01285726      0.00000088     -0.00000027     -0.00000000
ATVX     1  Mu1.0003  Se1.134                       0.05146783      0.00000357     -0.00000031     -0.00000000
ATVX     1  Mu1.0004  Se1.134                       0.05577682     -0.00000118      0.00000438     -0.00000000
ATVX     1  Mu1.0005  Se1.134                       0.07008002      0.00000065      0.00000419      0.00000000
ATVX     1  Mu1.0006  Se1.134                       0.11251235     -0.00000719      0.00001094     -0.00000000
ATVX     1  Mu1.0007  Se1.134                       0.14990167      0.00000970     -0.00001688     -0.00000000
ATVX     1  Mu1.0008  Se1.134                       0.15330490     -0.00000597      0.00001418     -0.00000000
ATVX     1  Mu1.0009  Se1.134                       0.16908867     -0.00000239      0.00000785     -0.00000000
ATVX     1  Mu1.0010  Se1.134                       0.19930806      0.00000432     -0.00000531     -0.00000000
ATVX     1  Mu1.0011  Se1.134                       0.21003240     -0.00003445     -0.00009141      0.00000000
ATVX     1  Mu1.0012  Se1.134                       0.21656593     -0.00000889      0.00001083     -0.00000000
ATVX     1  Mu1.0013  Se1.134                       0.23701502      0.00043401      0.00014758      0.00000006
ATVX     1  Mu1.0014  Se1.134                       0.24864729     -0.00103991      0.00120665     -0.00000125
ATVX     1  Mu1.0015  Se1.134                       0.26830103     -0.00014838      0.00026346     -0.00000004
ATVX     1  Mu1.0016  Se1.134                       0.28652371      0.00011615     -0.00095721     -0.00000011
ATVX     1  Mu1.0017  Se1.134                       0.29901040      0.00038065     -0.00067421     -0.00000026
ATVX     1  Mu1.0001  Se1.135                      -0.02769275     -0.00000507     -0.00000361      0.00000000
ATVX     1  Mu1.0002  Se1.135                       0.01938257     -0.00000282      0.00000145     -0.00000000
ATVX     1  Mu1.0003  Se1.135                       0.05799314      0.00000045     -0.00000000     -0.00000000
ATVX     1  Mu1.0004  Se1.135                       0.06230212      0.00000499     -0.00000710     -0.00000000
ATVX     1  Mu1.0005  Se1.135                       0.07660533      0.00000960     -0.00001712     -0.00000000
ATVX     1  Mu1.0006  Se1.135                       0.11903765     -0.00000126      0.00000226     -0.00000000
ATVX     1  Mu1.0007  Se1.135                       0.15642697      0.00004931     -0.00012025     -0.00000001
ATVX     1  Mu1.0008  Se1.135                       0.15983020     -0.00000504      0.00001217     -0.00000000
ATVX     1  Mu1.0009  Se1.135                       0.17561397     -0.00009605      0.00024027     -0.00000002
ATVX     1  Mu1.0010  Se1.135                       0.20583337     -0.00000391      0.00000929     -0.00000000
ATVX     1  Mu1.0011  Se1.135                       0.21655771     -0.00000048      0.00000106     -0.00000000
ATVX     1  Mu1.0012  Se1.135                       0.22309123     -0.00003146      0.00007723     -0.00000000
ATVX     1  Mu1.0013  Se1.135                       0.24354033     -0.00000135      0.00000423     -0.00000000
ATVX     1  Mu1.0014  Se1.135                       0.25517259     -0.00000082      0.00000146     -0.00000000
ATVX     1  Mu1.0015  Se1.135                       0.27482633      0.00000019     -0.00000046     -0.00000000
ATVX     1  Mu1.0016  Se1.135                       0.29304901     -0.00000068      0.00000111     -0.00000000
ATVX     1  Mu1.0001  Se1.136                      -0.01184977     -0.00000077     -0.00000032      0.00000000
ATVX     1  Mu1.0002  Se1.136                       0.03522556     -0.00000042      0.00000035     -0.00000000
ATVX     1  Mu1.0003  Se1.136                       0.07383613     -0.00000387      0.00000721     -0.00000000
ATVX     1  Mu1.0004  Se1.136                       0.07814511     -0.00000359      0.00000644     -0.00000000
ATVX     1  Mu1.0005  Se1.136                       0.09244832      0.00000906     -0.00001854     -0.00000000
ATVX     1  Mu1.0006  Se1.136                       0.13488064     -0.00000357      0.00000894     -0.00000000
ATVX     1  Mu1.0007  Se1.136                       0.17226996     -0.00002252      0.00004277     -0.00000000
ATVX     1  Mu1.0008  Se1.136                       0.17567319      0.00000118     -0.00000603     -0.00000000
ATVX     1  Mu1.0009  Se1.136                       0.19145696      0.00001062     -0.00002732     -0.00000000
ATVX     1  Mu1.0010  Se1.136                       0.22167636     -0.00000512      0.00000911     -0.00000000
ATVX     1  Mu1.0011  Se1.136                       0.23240070     -0.00003163      0.00016182     -0.00000001
ATVX     1  Mu1.0012  Se1.136                       0.23893422     -0.00000319      0.00000712     -0.00000000
ATVX     1  Mu1.0013  Se1.136                       0.25938332     -0.00020705      0.00027268     -0.00000006
ATVX     1  Mu1.0014  Se1.136                       0.27101558     -0.00023490      0.00080136     -0.00000019
ATVX     1  Mu1.0015  Se1.136                       0.29066932     -0.00000813      0.00000986     -0.00000000
ATVX     1  Mu1.0001  Se1.137                      -0.00697148     -0.00019575     -0.00003606      0.00000001
ATVX     1  Mu1.0002  Se1.137                       0.04010384      0.00014702     -0.00015342     -0.00000002
ATVX     1  Mu1.0003  Se1.137                       0.07871441      0.00033808     -0.00057166     -0.00000019
ATVX     1  Mu1.0004  Se1.137                       0.08302340      0.00004812     -0.00008225     -0.00000000
ATVX     1  Mu1.0005  Se1.137                       0.09732660      0.00066190     -0.00129604     -0.00000086
ATVX     1  Mu1.0006  Se1.137                       0.13975893      0.00006243     -0.00016506     -0.00000001
ATVX     1  Mu1.0007  Se1.137                       0.17714825     -0.00059746      0.00147028     -0.00000088
ATVX     1  Mu1.0008  Se1.137                       0.18055148     -0.00035465      0.00085799     -0.00000030
ATVX     1  Mu1.0009  Se1.137                       0.19633525     -0.00113953      0.00280953     -0.00000320
ATVX     1  Mu1.0010  Se1.137                       0.22655464      0.00043419     -0.00106096     -0.00000046
ATVX     1  Mu1.0011  Se1.137                       0.23727898      0.00000166     -0.00000110     -0.00000000
ATVX     1  Mu1.0012  Se1.137                       0.24381251      0.00019941     -0.00047652     -0.00000010
ATVX     1  Mu1.0013  Se1.137                       0.26426160      0.00000418     -0.00000861     -0.00000000
ATVX     1  Mu1.0014  Se1.137                       0.27589387      0.00001699     -0.00004151     -0.00000000
ATVX     1  Mu1.0015  Se1.137                       0.29554761     -0.00000117      0.00000410     -0.00000000
ATVX     1  Mu1.0001  Se1.138                      -0.00374831      0.00000237      0.00000027      0.00000000
ATVX     1  Mu1.0002  Se1.138                       0.04332701      0.00000226     -0.00000294     -0.00000000
ATVX     1  Mu1.0003  Se1.138                       0.08193758     -0.00000216     -0.00000286      0.00000000
ATVX     1  Mu1.0004  Se1.138                       0.08624656     -0.00001423      0.00002094     -0.00000000
ATVX     1  Mu1.0005  Se1.138                       0.10054977     -0.00002320      0.00004996     -0.00000000
ATVX     1  Mu1.0006  Se1.138                       0.14298209      0.00000891     -0.00002323     -0.00000000
ATVX     1  Mu1.0007  Se1.138                       0.18037142      0.00002788     -0.00007276     -0.00000000
ATVX     1  Mu1.0008  Se1.138                       0.18377465     -0.00000148     -0.00000007      0.00000000
ATVX     1  Mu1.0009  Se1.138                       0.19955842      0.00002629     -0.00004586     -0.00000000
ATVX     1  Mu1.0010  Se1.138                       0.22977781     -0.00000364      0.00000624     -0.00000000
ATVX     1  Mu1.0011  Se1.138                       0.24050215     -0.00001786      0.00035641     -0.00000001
ATVX     1  Mu1.0012  Se1.138                       0.24703568     -0.00000893      0.00002696     -0.00000000
ATVX     1  Mu1.0013  Se1.138                       0.26748477      0.00070669     -0.00217152     -0.00000153
ATVX     1  Mu1.0014  Se1.138                       0.27911703      0.00107061     -0.00349837     -0.00000375
ATVX     1  Mu1.0015  Se1.138                       0.29877078      0.00043876     -0.00103114     -0.00000045
ATVX     1  Mu1.0001  Se1.139                      -0.00145545     -0.00007324     -0.00000280      0.00000000
ATVX     1  Mu1.0002  Se1.139                       0.04561988     -0.00003151      0.00003588     -0.00000000
ATVX     1  Mu1.0003  Se1.139                       0.08423045     -0.00007304      0.00012895     -0.00000001
ATVX     1  Mu1.0004  Se1.139                       0.08853943      0.00006564     -0.00012596     -0.00000001
ATVX     1  Mu1.0005  Se1.139                       0.10284264      0.00002093     -0.00003136     -0.00000000
ATVX     1  Mu1.0006  Se1.139                       0.14527496      0.00005531     -0.00013719     -0.00000001
ATVX     1  Mu1.0007  Se1.139                       0.18266428      0.00035595     -0.00087403     -0.00000031
ATVX     1  Mu1.0008  Se1.139                       0.18606751     -0.00009889      0.00024407     -0.00000002
ATVX     1  Mu1.0009  Se1.139                       0.20185128     -0.00051222      0.00125024     -0.00000064
ATVX     1  Mu1.0010  Se1.139                       0.23207068     -0.00006973      0.00018157     -0.00000001
ATVX     1  Mu1.0011  Se1.139                       0.24279502     -0.00000339      0.00000802     -0.00000000
ATVX     1  Mu1.0012  Se1.139                       0.24932854     -0.00015700      0.00037896     -0.00000006
ATVX     1  Mu1.0013  Se1.139                       0.26977764      0.00000137      0.00000441      0.00000000
ATVX     1  Mu1.0014  Se1.139                       0.28140990     -0.00001348      0.00002292     -0.00000000
ATVX     1  Mu1.0001  Se1.140                      -0.00081018     -0.00000049     -0.00000000      0.00000000
ATVX     1  Mu1.0002  Se1.140                       0.04626514     -0.00000080      0.00000099     -0.00000000
ATVX     1  Mu1.0003  Se1.140                       0.08487571     -0.00000169     -0.00000333      0.00000000
ATVX     1  Mu1.0004  Se1.140                       0.08918470      0.00000705     -0.00001709     -0.00000000
ATVX     1  Mu1.0005  Se1.140                       0.10348791     -0.00000346      0.00000185     -0.00000000
ATVX     1  Mu1.0006  Se1.140                       0.14592023      0.00000906     -0.00001809     -0.00000000
ATVX     1  Mu1.0007  Se1.140                       0.18330955      0.00004015     -0.00008182     -0.00000000
ATVX     1  Mu1.0008  Se1.140                       0.18671278      0.00000439     -0.00000508     -0.00000000
ATVX     1  Mu1.0009  Se1.140                       0.20249655     -0.00002401      0.00006063     -0.00000000
ATVX     1  Mu1.0010  Se1.140                       0.23271595      0.00001015     -0.00002423     -0.00000000
ATVX     1  Mu1.0011  Se1.140                       0.24344028      0.00010037     -0.00025390     -0.00000003
ATVX     1  Mu1.0012  Se1.140                       0.24997381      0.00000957     -0.00001239     -0.00000000
ATVX     1  Mu1.0013  Se1.140                       0.27042290     -0.00003304     -0.00053426      0.00000002
ATVX     1  Mu1.0014  Se1.140                       0.28205517      0.00093744     -0.00143134     -0.00000134
ATVX     1  Mu1.0001  Se1.141                       0.01496733     -0.00000061      0.00000031     -0.00000000
ATVX     1  Mu1.0002  Se1.141                       0.06204266      0.00000047     -0.00000033     -0.00000000
ATVX     1  Mu1.0003  Se1.141                       0.10065323     -0.00000266      0.00001134     -0.00000000
ATVX     1  Mu1.0004  Se1.141                       0.10496221      0.00000494     -0.00000619     -0.00000000
ATVX     1  Mu1.0005  Se1.141                       0.11926542     -0.00000849      0.00001577     -0.00000000
ATVX     1  Mu1.0006  Se1.141                       0.16169774      0.00000562     -0.00001379     -0.00000000
ATVX     1  Mu1.0007  Se1.141                       0.19908706     -0.00000086      0.00000210     -0.00000000
ATVX     1  Mu1.0008  Se1.141                       0.20249029      0.00000868     -0.00001771     -0.00000000
ATVX     1  Mu1.0009  Se1.141                       0.21827406     -0.00000252      0.00000644     -0.00000000
ATVX     1  Mu1.0010  Se1.141                       0.24849346      0.00000028     -0.00000071     -0.00000000
ATVX     1  Mu1.0011  Se1.141                       0.25921780      0.00000019     -0.00005442     -0.00000000
ATVX     1  Mu1.0012  Se1.141                       0.26575132      0.00000214     -0.00000709     -0.00000000
ATVX     1  Mu1.0013  Se1.141                       0.28620042     -0.00021026      0.00096755     -0.00000020
ATVX     1  Mu1.0014  Se1.141                       0.29783268      0.00067555     -0.00077894     -0.00000053
ATVX     1  Mu1.0001  Se1.142                       0.02100635     -0.00004591      0.00002457     -0.00000000
ATVX     1  Mu1.0002  Se1.142                       0.06808167      0.00007092     -0.00011156     -0.00000001
ATVX     1  Mu1.0003  Se1.142                       0.10669224     -0.00018158      0.00038232     -0.00000007
ATVX     1  Mu1.0004  Se1.142                       0.11100122     -0.00013776      0.00029839     -0.00000004
ATVX     1  Mu1.0005  Se1.142                       0.12530443     -0.00047103      0.00108080     -0.00000051
ATVX     1  Mu1.0006  Se1.142                       0.16773675      0.00016206     -0.00040732     -0.00000007
ATVX     1  Mu1.0007  Se1.142                       0.20512607      0.00004333     -0.00010207     -0.00000000
ATVX     1  Mu1.0008  Se1.142                       0.20852930     -0.00002100      0.00006362     -0.00000000
ATVX     1  Mu1.0009  Se1.142                       0.22431307      0.00016942     -0.00040950     -0.00000007
ATVX     1  Mu1.0010  Se1.142                       0.25453247      0.00000292     -0.00001358     -0.00000000
ATVX     1  Mu1.0011  Se1.142                       0.26525681     -0.00000131      0.00000349     -0.00000000
ATVX     1  Mu1.0012  Se1.142                       0.27179033     -0.00009673      0.00023310     -0.00000002
ATVX     1  Mu1.0013  Se1.142                       0.29223943      0.00000884     -0.00002296     -0.00000000
ATVX     1  Mu1.0001  Se1.143                       0.02431511     -0.00000045      0.00000048     -0.00000000
ATVX     1  Mu1.0002  Se1.143                       0.07139043     -0.00000088      0.00000197     -0.00000000
ATVX     1  Mu1.0003  Se1.143                       0.11000100     -0.00000007      0.00000950     -0.00000000
ATVX     1  Mu1.0004  Se1.143                       0.11430998      0.00001345     -0.00002292     -0.00000000
ATVX     1  Mu1.0005  Se1.143                       0.12861319      0.00000375     -0.00001485     -0.00000000
ATVX     1  Mu1.0006  Se1.143                       0.17104551      0.00000079     -0.00000112     -0.00000000
ATVX     1  Mu1.0007  Se1.143                       0.20843483     -0.00001458      0.00003732     -0.00000000
ATVX     1  Mu1.0008  Se1.143                       0.21183806      0.00001225     -0.00002720     -0.00000000
ATVX     1  Mu1.0009  Se1.143                       0.22762183     -0.00001256      0.00001940     -0.00000000
ATVX     1  Mu1.0010  Se1.143                       0.25784123     -0.00000116      0.00000470     -0.00000000
ATVX     1  Mu1.0011  Se1.143                       0.26856557      0.00000729     -0.00008015     -0.00000000
ATVX     1  Mu1.0012  Se1.143                       0.27509909      0.00000354     -0.00001469     -0.00000000
ATVX     1  Mu1.0013  Se1.143                       0.29554819     -0.00024898      0.00138519     -0.00000034
ATVX     1  Mu1.0001  Se1.144                       0.02483215      0.00008194     -0.00005242     -0.00000000
ATVX     1  Mu1.0002  Se1.144                       0.07190748     -0.00008952      0.00015007     -0.00000001
ATVX     1  Mu1.0003  Se1.144                       0.11051804      0.00009067     -0.00020061     -0.00000002
ATVX     1  Mu1.0004  Se1.144                       0.11482703      0.00009948     -0.00022391     -0.00000002
ATVX     1  Mu1.0005  Se1.144                       0.12913024      0.00024424     -0.00058234     -0.00000014
ATVX     1  Mu1.0006  Se1.144                       0.17156256     -0.00013434      0.00034370     -0.00000005
ATVX     1  Mu1.0007  Se1.144                       0.20895188      0.00029659     -0.00074518     -0.00000022
ATVX     1  Mu1.0008  Se1.144                       0.21235511      0.00025234     -0.00063761     -0.00000016
ATVX     1  Mu1.0009  Se1.144                       0.22813888      0.00051002     -0.00126363     -0.00000064
ATVX     1  Mu1.0010  Se1.144                       0.25835828     -0.00026210      0.00063737     -0.00000017
ATVX     1  Mu1.0011  Se1.144                       0.26908261     -0.00000039     -0.00000029      0.00000000
ATVX     1  Mu1.0012  Se1.144                       0.27561614      0.00000360     -0.00001415     -0.00000000
ATVX     1  Mu1.0013  Se1.144                       0.29606524     -0.00000567      0.00001769     -0.00000000
ATVX     1  Mu1.0001  Se1.145                       0.02504291     -0.00000079      0.00000068     -0.00000000
ATVX     1  Mu1.0002  Se1.145                       0.07211824      0.00000020     -0.00000046     -0.00000000
ATVX     1  Mu1.0003  Se1.145                       0.11072881      0.00000061     -0.00000295     -0.00000000
ATVX     1  Mu1.0004  Se1.145                       0.11503779      0.00000059     -0.00000254     -0.00000000
ATVX     1  Mu1.0005  Se1.145                       0.12934100     -0.00000140      0.00000090     -0.00000000
ATVX     1  Mu1.0006  Se1.145                       0.17177332      0.00000301     -0.00000608     -0.00000000
ATVX     1  Mu1.0007  Se1.145                       0.20916264     -0.00001673      0.00002982     -0.00000000
ATVX     1  Mu1.0008  Se1.145                       0.21256587      0.00000140     -0.00000574     -0.00000000
ATVX     1  Mu1.0009  Se1.145                       0.22834964      0.00000589     -0.00001495     -0.00000000
ATVX     1  Mu1.0010  Se1.145                       0.25856904     -0.00000636      0.00001108     -0.00000000
ATVX     1  Mu1.0011  Se1.145                       0.26929338     -0.00002274      0.00019486     -0.00000000
ATVX     1  Mu1.0012  Se1.145                       0.27582690      0.00000499     -0.00001254     -0.00000000
ATVX     1  Mu1.0013  Se1.145                       0.29627600     -0.00055390      0.00094600     -0.00000052
ATVX     1  Mu1.0001  Se1.146                       0.04411667     -0.00000098      0.00000103     -0.00000000
ATVX     1  Mu1.0002  Se1.146                       0.09119200     -0.00000223      0.00000469     -0.00000000
ATVX     1  Mu1.0003  Se1.146                       0.12980257     -0.00001253      0.00002738     -0.00000000
ATVX     1  Mu1.0004  Se1.146                       0.13411155     -0.00000155      0.00000175     -0.00000000
ATVX     1  Mu1.0005  Se1.146                       0.14841476      0.00001592     -0.00004743     -0.00000000
ATVX     1  Mu1.0006  Se1.146                       0.19084708     -0.00000225      0.00001124     -0.00000000
ATVX     1  Mu1.0007  Se1.146                       0.22823640      0.00000428     -0.00001001     -0.00000000
ATVX     1  Mu1.0008  Se1.146                       0.23163963      0.00000800     -0.00001933     -0.00000000
ATVX     1  Mu1.0009  Se1.146                       0.24742340      0.00000064     -0.00000563     -0.00000000
ATVX     1  Mu1.0010  Se1.146                       0.27764280      0.00000771     -0.00002319     -0.00000000
ATVX     1  Mu1.0011  Se1.146                       0.28836714      0.00001112      0.00005458      0.00000000
ATVX     1  Mu1.0012  Se1.146                       0.29490066     -0.00000515      0.00002616     -0.00000000
ATVX     1  Mu1.0001  Se1.147                       0.05182323     -0.00018664      0.00023756     -0.00000004
ATVX     1  Mu1.0002  Se1.147                       0.09889855     -0.00011875      0.00024673     -0.00000003
ATVX     1  Mu1.0003  Se1.147                       0.13750912     -0.00052599      0.00124717     -0.00000066
ATVX     1  Mu1.0004  Se1.147                       0.14181810      0.00009613     -0.00023637     -0.00000002
ATVX     1  Mu1.0005  Se1.147                       0.15612131      0.00076207     -0.00188151     -0.00000143
ATVX     1  Mu1.0006  Se1.147                       0.19855363     -0.00014409      0.00036383     -0.00000005
ATVX     1  Mu1.0007  Se1.147                       0.23594295      0.00084934     -0.00206550     -0.00000175
ATVX     1  Mu1.0008  Se1.147                       0.23934618     -0.00003183      0.00006466     -0.00000000
ATVX     1  Mu1.0009  Se1.147                       0.25512995     -0.00145326      0.00348765     -0.00000507
ATVX     1  Mu1.0010  Se1.147                       0.28534935      0.00006000     -0.00015130     -0.00000001
ATVX     1  Mu1.0011  Se1.147                       0.29607369     -0.00000900      0.00001967     -0.00000000
ATVX     1  Mu1.0001  Se1.148                       0.05462409     -0.00000328      0.00000379     -0.00000000
ATVX     1  Mu1.0002  Se1.148                       0.10169941     -0.00000293      0.00000618     -0.00000000
ATVX     1  Mu1.0003  Se1.148                       0.14030998     -0.00001567      0.00002283     -0.00000000
ATVX     1  Mu1.0004  Se1.148                       0.14461896     -0.00000253     -0.00000321      0.00000000
ATVX     1  Mu1.0005  Se1.148                       0.15892217      0.00001651     -0.00005705     -0.00000000
ATVX     1  Mu1.0006  Se1.148                       0.20135449      0.00001191     -0.00002043     -0.00000000
ATVX     1  Mu1.0007  Se1.148                       0.23874381     -0.00000206      0.00000804     -0.00000000
ATVX     1  Mu1.0008  Se1.148                       0.24214704      0.00002166     -0.00005077     -0.00000000
ATVX     1  Mu1.0009  Se1.148                       0.25793081     -0.00000110     -0.00000208      0.00000000
ATVX     1  Mu1.0010  Se1.148                       0.28815021      0.00000462     -0.00001741     -0.00000000
ATVX     1  Mu1.0011  Se1.148                       0.29887455      0.00005381      0.00007539      0.00000000
ATVX     1  Mu1.0001  Se1.149                       0.05581292     -0.00006160      0.00008214     -0.00000001
ATVX     1  Mu1.0002  Se1.149                       0.10288824      0.00008576     -0.00017911     -0.00000002
ATVX     1  Mu1.0003  Se1.149                       0.14149881     -0.00015580      0.00036704     -0.00000006
ATVX     1  Mu1.0004  Se1.149                       0.14580780     -0.00012220      0.00029118     -0.00000004
ATVX     1  Mu1.0005  Se1.149                       0.16011100     -0.00041809      0.00102768     -0.00000043
ATVX     1  Mu1.0006  Se1.149                       0.20254333      0.00014134     -0.00035719     -0.00000005
ATVX     1  Mu1.0007  Se1.149                       0.23993265      0.00018077     -0.00044416     -0.00000008
ATVX     1  Mu1.0008  Se1.149                       0.24333588      0.00010600     -0.00025787     -0.00000003
ATVX     1  Mu1.0009  Se1.149                       0.25911965      0.00041661     -0.00100254     -0.00000042
ATVX     1  Mu1.0010  Se1.149                       0.28933904     -0.00012102      0.00028150     -0.00000003
ATVX     1  Mu1.0001  Se1.150                       0.05605357      0.00000222     -0.00000316     -0.00000000
ATVX     1  Mu1.0002  Se1.150                       0.10312889     -0.00000258      0.00000486     -0.00000000
ATVX     1  Mu1.0003  Se1.150                       0.14173946      0.00000477     -0.00001788     -0.00000000
ATVX     1  Mu1.0004  Se1.150                       0.14604845     -0.00000135     -0.00000001      0.00000000
ATVX     1  Mu1.0005  Se1.150                       0.16035166      0.00001686     -0.00003491     -0.00000000
ATVX     1  Mu1.0006  Se1.150                       0.20278398     -0.00001089      0.00002733     -0.00000000
ATVX     1  Mu1.0007  Se1.150                       0.24017330     -0.00003156      0.00008186     -0.00000000
ATVX     1  Mu1.0008  Se1.150                       0.24357653     -0.00002160      0.00004690     -0.00000000
ATVX     1  Mu1.0009  Se1.150                       0.25936030     -0.00003521      0.00006920     -0.00000000
ATVX     1  Mu1.0010  Se1.150                       0.28957970      0.00000654     -0.00001375     -0.00000000
ATVX     1  Mu1.0001  Se1.151                       0.06893558     -0.00003567      0.00005933     -0.00000000
ATVX     1  Mu1.0002  Se1.151                       0.11601091      0.00000899     -0.00002563     -0.00000000
ATVX     1  Mu1.0003  Se1.151                       0.15462148      0.00023159     -0.00056338     -0.00000013
ATVX     1  Mu1.0004  Se1.151                       0.15893046      0.00009299     -0.00022817     -0.00000002
ATVX     1  Mu1.0005  Se1.151                       0.17323367      0.00043969     -0.00108672     -0.00000048
ATVX     1  Mu1.0006  Se1.151                       0.21566599     -0.00005640      0.00013210     -0.00000001
ATVX     1  Mu1.0007  Se1.151                       0.25305531     -0.00006494      0.00014671     -0.00000001
ATVX     1  Mu1.0008  Se1.151                       0.25645854     -0.00000005     -0.00000842      0.00000000
ATVX     1  Mu1.0009  Se1.151                       0.27224231     -0.00013726      0.00030870     -0.00000004
ATVX     1  Mu1.0001  Se1.152                       0.06945053      0.00000759     -0.00001205     -0.00000000
ATVX     1  Mu1.0002  Se1.152                       0.11652585      0.00000574     -0.00001190     -0.00000000
ATVX     1  Mu1.0003  Se1.152                       0.15513642      0.00007475     -0.00018625     -0.00000001
ATVX     1  Mu1.0004  Se1.152                       0.15944540      0.00002506     -0.00006107     -0.00000000
ATVX     1  Mu1.0005  Se1.152                       0.17374861     -0.00020966      0.00052922     -0.00000011
ATVX     1  Mu1.0006  Se1.152                       0.21618093      0.00004035     -0.00010349     -0.00000000
ATVX     1  Mu1.0007  Se1.152                       0.25357025     -0.00006019      0.00014551     -0.00000001
ATVX     1  Mu1.0008  Se1.152                       0.25697348     -0.00003359      0.00008771     -0.00000000
ATVX     1  Mu1.0009  Se1.152                       0.27275725      0.00014339     -0.00033516     -0.00000005
ATVX     1  Mu1.0001  Se1.153                       0.07229767      0.00000033     -0.00000071     -0.00000000
ATVX     1  Mu1.0002  Se1.153                       0.11937299      0.00000300     -0.00000803     -0.00000000
ATVX     1  Mu1.0003  Se1.153                       0.15798356     -0.00000637      0.00000909     -0.00000000
ATVX     1  Mu1.0004  Se1.153                       0.16229254     -0.00001155      0.00002425     -0.00000000
ATVX     1  Mu1.0005  Se1.153                       0.17659575     -0.00001894      0.00006353     -0.00000000
ATVX     1  Mu1.0006  Se1.153                       0.21902807      0.00000294     -0.00001120     -0.00000000
ATVX     1  Mu1.0007  Se1.153                       0.25641739     -0.00000559      0.00001310     -0.00000000
ATVX     1  Mu1.0008  Se1.153                       0.25982062     -0.00001600      0.00003209     -0.00000000
ATVX     1  Mu1.0009  Se1.153                       0.27560439     -0.00001412      0.00003209     -0.00000000
ATVX     1  Mu1.0001  Se1.154                       0.07812389     -0.00000184      0.00000296     -0.00000000
ATVX     1  Mu1.0002  Se1.154                       0.12519921     -0.00000131      0.00000295     -0.00000000
ATVX     1  Mu1.0003  Se1.154                       0.16380978     -0.00000820      0.00001335     -0.00000000
ATVX     1  Mu1.0004  Se1.154                       0.16811877     -0.00000413      0.00000605     -0.00000000
ATVX     1  Mu1.0005  Se1.154                       0.18242198      0.00001376     -0.00004090     -0.00000000
ATVX     1  Mu1.0006  Se1.154                       0.22485430      0.00000334     -0.00000517     -0.00000000
ATVX     1  Mu1.0007  Se1.154                       0.26224362     -0.00001249      0.00002743     -0.00000000
ATVX     1  Mu1.0008  Se1.154                       0.26564685      0.00001219     -0.00002937     -0.00000000
ATVX     1  Mu1.0009  Se1.154                       0.28143062      0.00000625     -0.00001638     -0.00000000
ATVX     1  Mu1.0001  Se1.155                       0.08340371     -0.00001644      0.00003253     -0.00000000
ATVX     1  Mu1.0002  Se1.155                       0.13047903      0.00001335     -0.00003339     -0.00000000
ATVX     1  Mu1.0003  Se1.155                       0.16908960     -0.00002223      0.00006024     -0.00000000
ATVX     1  Mu1.0004  Se1.155                       0.17339859      0.00000193     -0.00000059     -0.00000000
ATVX     1  Mu1.0005  Se1.155                       0.18770180      0.00004969     -0.00012389     -0.00000001
ATVX     1  Mu1.0006  Se1.155                       0.23013412     -0.00005176      0.00012860     -0.00000001
ATVX     1  Mu1.0007  Se1.155                       0.26752344      0.00001675     -0.00003132     -0.00000000
ATVX     1  Mu1.0008  Se1.155                       0.27092667      0.00002477     -0.00004744     -0.00000000
ATVX     1  Mu1.0009  Se1.155                       0.28671044     -0.00001188      0.00003845     -0.00000000
ATVX     1  Mu1.0001  Se1.156                       0.08942934      0.00000068     -0.00000194     -0.00000000
ATVX     1  Mu1.0002  Se1.156                       0.13650467      0.00000166     -0.00000500     -0.00000000
ATVX     1  Mu1.0003  Se1.156                       0.17511524     -0.00000227     -0.00000631      0.00000000
ATVX     1  Mu1.0004  Se1.156                       0.17942422     -0.00001745      0.00003608     -0.00000000
ATVX     1  Mu1.0005  Se1.156                       0.19372743     -0.00000926      0.00003125     -0.00000000
ATVX     1  Mu1.0006  Se1.156                       0.23615975      0.00000107     -0.00000326     -0.00000000
ATVX     1  Mu1.0007  Se1.156                       0.27354907      0.00000480     -0.00001141     -0.00000000
ATVX     1  Mu1.0008  Se1.156                       0.27695230     -0.00001724      0.00003558     -0.00000000
ATVX     1  Mu1.0009  Se1.156                       0.29273607      0.00000512     -0.00000720     -0.00000000
ATVX     1  Mu1.0001  Se1.157                       0.08972169     -0.00000048      0.00000124     -0.00000000
ATVX     1  Mu1.0002  Se1.157                       0.13679701     -0.00000013     -0.00000015      0.00000000
ATVX     1  Mu1.0003  Se1.157                       0.17540758      0.00000245     -0.00000438     -0.00000000
ATVX     1  Mu1.0004  Se1.157                       0.17971656     -0.00000238      0.00000722     -0.00000000
ATVX     1  Mu1.0005  Se1.157                       0.19401977     -0.00000539      0.00001833     -0.00000000
ATVX     1  Mu1.0006  Se1.157                       0.23645209     -0.00000080      0.00000071     -0.00000000
ATVX     1  Mu1.0007  Se1.157                       0.27384142      0.00000652     -0.00001411     -0.00000000
ATVX     1  Mu1.0008  Se1.157                       0.27724465     -0.00000565      0.00001316     -0.00000000
ATVX     1  Mu1.0009  Se1.157                       0.29302842     -0.00000341      0.00000786     -0.00000000
ATVX     1  Mu1.0001  Se1.158                       0.10135749     -0.00004222      0.00008983     -0.00000000
ATVX     1  Mu1.0002  Se1.158                       0.14843281     -0.00003249      0.00008072     -0.00000000
ATVX     1  Mu1.0003  Se1.158                       0.18704338     -0.00026245      0.00066692     -0.00000018
ATVX     1  Mu1.0004  Se1.158                       0.19135236     -0.00004150      0.00010326     -0.00000000
ATVX     1  Mu1.0005  Se1.158                       0.20565557      0.00041067     -0.00104982     -0.00000043
ATVX     1  Mu1.0006  Se1.158                       0.24808789     -0.00011302      0.00028360     -0.00000003
ATVX     1  Mu1.0007  Se1.158                       0.28547721     -0.00007153      0.00017065     -0.00000001
ATVX     1  Mu1.0008  Se1.158                       0.28888044      0.00010319     -0.00025265     -0.00000003
ATVX     1  Mu1.0001  Se1.159                       0.10660749      0.00000402     -0.00000749     -0.00000000
ATVX     1  Mu1.0002  Se1.159                       0.15368282      0.00000285     -0.00000706     -0.00000000
ATVX     1  Mu1.0003  Se1.159                       0.19229339      0.00002987     -0.00006509     -0.00000000
ATVX     1  Mu1.0004  Se1.159                       0.19660237      0.00000906     -0.00001782     -0.00000000
ATVX     1  Mu1.0005  Se1.159                       0.21090558     -0.00005054      0.00013589     -0.00000001
ATVX     1  Mu1.0006  Se1.159                       0.25333790      0.00000663     -0.00002036     -0.00000000
ATVX     1  Mu1.0007  Se1.159                       0.29072722      0.00000231     -0.00000583     -0.00000000
ATVX     1  Mu1.0008  Se1.159                       0.29413045     -0.00002727      0.00006239     -0.00000000
ATVX     1  Mu1.0001  Se1.160                       0.10812281     -0.00000105      0.00000218     -0.00000000
ATVX     1  Mu1.0002  Se1.160                       0.15519813     -0.00000084      0.00000191     -0.00000000
ATVX     1  Mu1.0003  Se1.160                       0.19380870     -0.00000805      0.00001724     -0.00000000
ATVX     1  Mu1.0004  Se1.160                       0.19811768     -0.00000491      0.00001091     -0.00000000
ATVX     1  Mu1.0005  Se1.160                       0.21242089      0.00001532     -0.00003957     -0.00000000
ATVX     1  Mu1.0006  Se1.160                       0.25485321     -0.00000303      0.00000812     -0.00000000
ATVX     1  Mu1.0007  Se1.160                       0.29224253     -0.00001792      0.00003490     -0.00000000
ATVX     1  Mu1.0008  Se1.160                       0.29564576      0.00000751     -0.00001898     -0.00000000
ATVX     1  Mu1.0001  Se1.161                       0.11305185      0.00002848     -0.00006393     -0.00000000
ATVX     1  Mu1.0002  Se1.161                       0.16012717      0.00000404     -0.00001093     -0.00000000
ATVX     1  Mu1.0003  Se1.161                       0.19873774     -0.00009382      0.00023194     -0.00000002
ATVX     1  Mu1.0004  Se1.161                       0.20304673     -0.00007541      0.00019393     -0.00000001
ATVX     1  Mu1.0005  Se1.161                       0.21734993      0.00017248     -0.00042968     -0.00000007
ATVX     1  Mu1.0006  Se1.161                       0.25978226     -0.00005882      0.00014407     -0.00000001
ATVX     1  Mu1.0007  Se1.161                       0.29717158     -0.00016271      0.00037024     -0.00000006
ATVX     1  Mu1.0001  Se1.162                       0.11423610      0.00009555     -0.00021654     -0.00000002
ATVX     1  Mu1.0002  Se1.162                       0.16131142     -0.00009990      0.00025867     -0.00000003
ATVX     1  Mu1.0003  Se1.162                       0.19992199      0.00007090     -0.00019412     -0.00000001
ATVX     1  Mu1.0004  Se1.162                       0.20423098      0.00009934     -0.00026270     -0.00000003
ATVX     1  Mu1.0005  Se1.162                       0.21853419      0.00016136     -0.00044412     -0.00000007
ATVX     1  Mu1.0006  Se1.162                       0.26096651     -0.00011678      0.00030328     -0.00000004
ATVX     1  Mu1.0007  Se1.162                       0.29835583      0.00028088     -0.00065356     -0.00000018
ATVX     1  Mu1.0001  Se1.163                       0.12273810      0.00000153     -0.00000330     -0.00000000
ATVX     1  Mu1.0002  Se1.163                       0.16981343      0.00000087     -0.00000226     -0.00000000
ATVX     1  Mu1.0003  Se1.163                       0.20842400      0.00001055     -0.00002478     -0.00000000
ATVX     1  Mu1.0004  Se1.163                       0.21273298      0.00000474     -0.00001111     -0.00000000
ATVX     1  Mu1.0005  Se1.163                       0.22703619     -0.00002133      0.00005621     -0.00000000
ATVX     1  Mu1.0006  Se1.163                       0.26946851      0.00000455     -0.00001254     -0.00000000
ATVX     1  Mu1.0001  Se1.164                       0.12480431     -0.00003051      0.00007397     -0.00000000
ATVX     1  Mu1.0002  Se1.164                       0.17187963     -0.00001584      0.00003280     -0.00000000
ATVX     1  Mu1.0003  Se1.164                       0.21049020      0.00029686     -0.00073574     -0.00000022
ATVX     1  Mu1.0004  Se1.164                       0.21479918      0.00015926     -0.00039206     -0.00000006
ATVX     1  Mu1.0005  Se1.164                       0.22910239      0.00070665     -0.00174425     -0.00000123
ATVX     1  Mu1.0006  Se1.164                       0.27153471     -0.00014578      0.00034351     -0.00000005
ATVX     1  Mu1.0001  Se1.165                       0.12629870      0.00004160     -0.00009518     -0.00000000
ATVX     1  Mu1.0002  Se1.165                       0.17337403      0.00003847     -0.00009718     -0.00000000
ATVX     1  Mu1.0003  Se1.165                       0.21198460      0.00036113     -0.00090660     -0.00000033
ATVX     1  Mu1.0004  Se1.165                       0.21629358      0.00006858     -0.00017010     -0.00000001
ATVX     1  Mu1.0005  Se1.165                       0.23059679     -0.00047327      0.00118226     -0.00000056
ATVX     1  Mu1.0006  Se1.165                       0.27302911      0.00005447     -0.00013438     -0.00000001
ATVX     1  Mu1.0001  Se1.166                       0.12876317     -0.00000042      0.00000090     -0.00000000
ATVX     1  Mu1.0002  Se1.166                       0.17583849      0.00000016     -0.00000041     -0.00000000
ATVX     1  Mu1.0003  Se1.166                       0.21444906      0.00000151     -0.00000419     -0.00000000
ATVX     1  Mu1.0004  Se1.166                       0.21875804     -0.00000154      0.00000333     -0.00000000
ATVX     1  Mu1.0005  Se1.166                       0.23306125      0.00000311     -0.00000810     -0.00000000
ATVX     1  Mu1.0006  Se1.166                       0.27549357      0.00000075     -0.00000189     -0.00000000
ATVX     1  Mu1.0001  Se1.167                       0.13506960      0.00002191     -0.00005480     -0.00000000
ATVX     1  Mu1.0002  Se1.167                       0.18214493     -0.00000047     -0.00000026      0.00000000
ATVX     1  Mu1.0003  Se1.167                       0.22075549     -0.00018939      0.00047762     -0.00000009
ATVX     1  Mu1.0004  Se1.167                       0.22506448     -0.00008401      0.00021028     -0.00000002
ATVX     1  Mu1.0005  Se1.167                       0.23936769      0.00030070     -0.00075464     -0.00000023
ATVX     1  Mu1.0006  Se1.167                       0.28180001     -0.00007830      0.00019051     -0.00000001
ATVX     1  Mu1.0001  Se1.168                       0.13700883     -0.00000054      0.00000071     -0.00000000
ATVX     1  Mu1.0002  Se1.168                       0.18408415     -0.00000092      0.00000252     -0.00000000
ATVX     1  Mu1.0003  Se1.168                       0.22269472     -0.00001185      0.00002708     -0.00000000
ATVX     1  Mu1.0004  Se1.168                       0.22700370     -0.00000362      0.00000742     -0.00000000
ATVX     1  Mu1.0005  Se1.168                       0.24130691      0.00002137     -0.00005605     -0.00000000
ATVX     1  Mu1.0006  Se1.168                       0.28373923     -0.00000426      0.00001156     -0.00000000
ATVX     1  Mu1.0001  Se1.169                       0.14139521     -0.00000020      0.00000027     -0.00000000
ATVX     1  Mu1.0002  Se1.169                       0.18847054      0.00000045     -0.00000122     -0.00000000
ATVX     1  Mu1.0003  Se1.169                       0.22708110      0.00000033     -0.00000336     -0.00000000
ATVX     1  Mu1.0004  Se1.169                       0.23139009     -0.00000492      0.00001093     -0.00000000
ATVX     1  Mu1.0005  Se1.169                       0.24569330     -0.00000418      0.00001070     -0.00000000
ATVX     1  Mu1.0006  Se1.169                       0.28812562      0.00000171     -0.00000386     -0.00000000
ATVX     1  Mu1.0001  Se1.170                       0.15018588     -0.00000065      0.00000723     -0.00000000
ATVX     1  Mu1.0002  Se1.170                       0.19726120     -0.00007375      0.00018110     -0.00000001
ATVX     1  Mu1.0003  Se1.170                       0.23587177      0.00054291     -0.00134993     -0.00000073
ATVX     1  Mu1.0004  Se1.170                       0.24018076      0.00030778     -0.00076162     -0.00000023
ATVX     1  Mu1.0005  Se1.170                       0.25448396      0.00129153     -0.00317952     -0.00000411
ATVX     1  Mu1.0006  Se1.170                       0.29691629     -0.00034440      0.00080927     -0.00000028
ATVX     1  Mu1.0001  Se1.171                       0.15205709      0.00000139     -0.00000337     -0.00000000
ATVX     1  Mu1.0002  Se1.171                       0.19913241     -0.00000029      0.00000118     -0.00000000
ATVX     1  Mu1.0003  Se1.171                       0.23774298     -0.00000399      0.00001491     -0.00000000
ATVX     1  Mu1.0004  Se1.171                       0.24205197     -0.00000366      0.00001119     -0.00000000
ATVX     1  Mu1.0005  Se1.171                       0.25635518      0.00000978     -0.00002269     -0.00000000
ATVX     1  Mu1.0006  Se1.171                       0.29878750     -0.00001050      0.00002306     -0.00000000
ATVX     1  Mu1.0001  Se1.172                       0.15439788     -0.00000014      0.00000034     -0.00000000
ATVX     1  Mu1.0002  Se1.172                       0.20147320      0.00000013     -0.00000015     -0.00000000
ATVX     1  Mu1.0003  Se1.172                       0.24008377      0.00000003      0.00000025      0.00000000
ATVX     1  Mu1.0004  Se1.172                       0.24439276      0.00000091     -0.00000203     -0.00000000
ATVX     1  Mu1.0005  Se1.172                       0.25869596     -0.00000099      0.00000101     -0.00000000
ATVX     1  Mu1.0001  Se1.173                       0.16004101      0.00000476     -0.00001445     -0.00000000
ATVX     1  Mu1.0002  Se1.173                       0.20711634      0.00001359     -0.00003354     -0.00000000
ATVX     1  Mu1.0003  Se1.173                       0.24572691     -0.00013397      0.00034093     -0.00000005
ATVX     1  Mu1.0004  Se1.173                       0.25003589     -0.00009042      0.00022993     -0.00000002
ATVX     1  Mu1.0005  Se1.173                       0.26433910     -0.00034890      0.00087124     -0.00000030
ATVX     1  Mu1.0001  Se1.174                       0.16403362      0.00000027     -0.00000029     -0.00000000
ATVX     1  Mu1.0002  Se1.174                       0.21110894      0.00000091     -0.00000168     -0.00000000
ATVX     1  Mu1.0003  Se1.174                       0.24971951     -0.00000494      0.00001787     -0.00000000
ATVX     1  Mu1.0004  Se1.174                       0.25402849      0.00000650     -0.00001276     -0.00000000
ATVX     1  Mu1.0005  Se1.174                       0.26833170     -0.00001093      0.00002141     -0.00000000
ATVX     1  Mu1.0001  Se1.175                       0.16904256     -0.00000055      0.00000132     -0.00000000
ATVX     1  Mu1.0002  Se1.175                       0.21611789     -0.00000040      0.00000093     -0.00000000
ATVX     1  Mu1.0003  Se1.175                       0.25472846     -0.00000343      0.00000782     -0.00000000
ATVX     1  Mu1.0004  Se1.175                       0.25903744     -0.00000156      0.00000354     -0.00000000
ATVX     1  Mu1.0005  Se1.175                       0.27334065      0.00000642     -0.00001575     -0.00000000
ATVX     1  Mu1.0001  Se1.176                       0.17024344     -0.00000691      0.00001692     -0.00000000
ATVX     1  Mu1.0002  Se1.176                       0.21731877     -0.00004437      0.00011282     -0.00000001
ATVX     1  Mu1.0003  Se1.176                       0.25592934     -0.00069283      0.00170291     -0.00000118
ATVX     1  Mu1.0004  Se1.176                       0.26023832     -0.00026526      0.00065011     -0.00000017
ATVX     1  Mu1.0005  Se1.176                       0.27454153      0.00109046     -0.00263880     -0.00000288
ATVX     1  Mu1.0001  Se1.177                       0.17491661      0.00000434     -0.00001146     -0.00000000
ATVX     1  Mu1.0002  Se1.177                       0.22199194      0.00000704     -0.00002026     -0.00000000
ATVX     1  Mu1.0003  Se1.177                       0.26060251     -0.00011019      0.00028963     -0.00000003
ATVX     1  Mu1.0004  Se1.177                       0.26491149     -0.00007779      0.00020503     -0.00000002
ATVX     1  Mu1.0005  Se1.177                       0.27921470     -0.00025889      0.00066643     -0.00000017
ATVX     1  Mu1.0001  Se1.178                       0.17554878     -0.00000124      0.00000382     -0.00000000
ATVX     1  Mu1.0002  Se1.178                       0.22262410     -0.00000009     -0.00000023      0.00000000
ATVX     1  Mu1.0003  Se1.178                       0.26123467      0.00001109     -0.00002612     -0.00000000
ATVX     1  Mu1.0004  Se1.178                       0.26554365      0.00000248     -0.00000524     -0.00000000
ATVX     1  Mu1.0005  Se1.178                       0.27984686     -0.00001908      0.00004652     -0.00000000
ATVX     1  Mu1.0001  Se1.179                       0.18425597      0.00000285     -0.00000760     -0.00000000
ATVX     1  Mu1.0002  Se1.179                       0.23133129      0.00000086     -0.00000196     -0.00000000
ATVX     1  Mu1.0003  Se1.179                       0.26994186      0.00000322     -0.00000945     -0.00000000
ATVX     1  Mu1.0004  Se1.179                       0.27425084      0.00000332     -0.00000945     -0.00000000
ATVX     1  Mu1.0005  Se1.179                       0.28855405     -0.00000529      0.00001093     -0.00000000
ATVX     1  Mu1.0001  Se1.180                       0.18931870      0.00006957     -0.00018327     -0.00000001
ATVX     1  Mu1.0002  Se1.180                       0.23639402      0.00003742     -0.00009733     -0.00000000
ATVX     1  Mu1.0003  Se1.180                       0.27500459      0.00008709     -0.00021598     -0.00000002
ATVX     1  Mu1.0004  Se1.180                       0.27931358     -0.00003341      0.00007949     -0.00000000
ATVX     1  Mu1.0005  Se1.180                       0.29361678     -0.00013191      0.00032093     -0.00000004
ATVX     1  Mu1.0001  Se1.181                       0.19591740      0.00000002      0.00000046      0.00000000
ATVX     1  Mu1.0002  Se1.181                       0.24299272     -0.00000043      0.00000135     -0.00000000
ATVX     1  Mu1.0003  Se1.181                       0.28160329      0.00000164      0.00000140      0.00000000
ATVX     1  Mu1.0004  Se1.181                       0.28591227      0.00001204     -0.00002549     -0.00000000
ATVX     1  Mu1.0001  Se1.182                       0.20080728     -0.00004884      0.00012626     -0.00000001
ATVX     1  Mu1.0002  Se1.182                       0.24788261     -0.00005005      0.00012501     -0.00000001
ATVX     1  Mu1.0003  Se1.182                       0.28649317     -0.00048461      0.00114468     -0.00000055
ATVX     1  Mu1.0004  Se1.182                       0.29080216     -0.00011694      0.00027285     -0.00000003
ATVX     1  Mu1.0001  Se1.183                       0.20602641     -0.00000167      0.00000454     -0.00000000
ATVX     1  Mu1.0002  Se1.183                       0.25310173     -0.00000061      0.00000130     -0.00000000
ATVX     1  Mu1.0003  Se1.183                       0.29171230     -0.00000026     -0.00000008      0.00000000
ATVX     1  Mu1.0004  Se1.183                       0.29602128     -0.00000175      0.00000386     -0.00000000
ATVX     1  Mu1.0001  Se1.184                       0.20638285      0.00006018     -0.00015694     -0.00000001
ATVX     1  Mu1.0002  Se1.184                       0.25345817     -0.00008203      0.00020587     -0.00000002
ATVX     1  Mu1.0003  Se1.184                       0.29206874      0.00019064     -0.00044706     -0.00000009
AIVX     1  Mu1.0001  In1.088 Se1.113               0.29944032      0.00000637     -0.00001690     -0.00000000
AIVX     1  Mu1.0001  In1.089 Se1.113               0.28335910     -0.00002593      0.00072488     -0.00000002
AIVX     1  Mu1.0001  In1.090 Se1.113               0.27757564     -0.00000607      0.00003561     -0.00000000
AIVX     1  Mu1.0001  In1.091 Se1.113               0.27607059      0.00000310     -0.00000238     -0.00000000
AIVX     1  Mu1.0001  In1.092 Se1.113               0.24653353      0.00000997     -0.00002189     -0.00000000
AIVX     1  Mu1.0001  In1.093 Se1.113               0.23966839     -0.00000140     -0.00001544      0.00000000
AIVX     1  Mu1.0002  In1.093 Se1.113               0.29320757      0.00002016     -0.00007604     -0.00000000
AIVX     1  Mu1.0001  In1.094 Se1.113               0.23759579     -0.00005899     -0.00002676      0.00000000
AIVX     1  Mu1.0002  In1.094 Se1.113               0.29113498      0.00017191     -0.00042393     -0.00000007
AIVX     1  Mu1.0001  In1.095 Se1.113               0.23735283     -0.00018023     -0.00011134      0.00000002
AIVX     1  Mu1.0002  In1.095 Se1.113               0.29089202      0.00049182     -0.00123924     -0.00000061
AIVX     1  Mu1.0001  In1.096 Se1.113               0.23219255     -0.00002332      0.00003912     -0.00000000
AIVX     1  Mu1.0002  In1.096 Se1.113               0.28573174     -0.00003119      0.00007310     -0.00000000
AIVX     1  Mu1.0001  In1.097 Se1.113               0.21890615     -0.00031864      0.00032245     -0.00000010
AIVX     1  Mu1.0002  In1.097 Se1.113               0.27244534     -0.00059688      0.00101858     -0.00000061
AIVX     1  Mu1.0001  In1.098 Se1.113               0.21034258     -0.00009612      0.00026374     -0.00000003
AIVX     1  Mu1.0002  In1.098 Se1.113               0.26388177      0.00044446     -0.00121145     -0.00000054
AIVX     1  Mu1.0003  In1.098 Se1.113               0.29345158     -0.00055082      0.00124461     -0.00000069
AIVX     1  Mu1.0001  In1.099 Se1.113               0.20159511     -0.00001387      0.00002920     -0.00000000
AIVX     1  Mu1.0002  In1.099 Se1.113               0.25513429      0.00000032     -0.00000375     -0.00000000
AIVX     1  Mu1.0003  In1.099 Se1.113               0.28470411      0.00000987     -0.00001175     -0.00000000
AIVX     1  Mu1.0004  In1.099 Se1.113               0.29153856     -0.00000436      0.00000484     -0.00000000
AIVX     1  Mu1.0001  In1.100 Se1.113               0.17893718      0.00013491     -0.00039037     -0.00000005
AIVX     1  Mu1.0002  In1.100 Se1.113               0.23247636     -0.00001129      0.00006309     -0.00000000
AIVX     1  Mu1.0003  In1.100 Se1.113               0.26204618     -0.00003248      0.00018676     -0.00000001
AIVX     1  Mu1.0004  In1.100 Se1.113               0.26888063      0.00012915     -0.00040150     -0.00000005
AIVX     1  Mu1.0005  In1.100 Se1.113               0.28622641     -0.00054928      0.00137974     -0.00000076
AIVX     1  Mu1.0001  In1.092 Se1.114               0.28018539      0.00009544     -0.00023095     -0.00000002
AIVX     1  Mu1.0001  In1.093 Se1.114               0.27332024     -0.00014938      0.00047704     -0.00000007
AIVX     1  Mu1.0001  In1.094 Se1.114               0.27124764     -0.00000710      0.00000130     -0.00000000
AIVX     1  Mu1.0001  In1.095 Se1.114               0.27100469     -0.00000392      0.00001118     -0.00000000
AIVX     1  Mu1.0001  In1.096 Se1.114               0.26584441     -0.00017808      0.00043675     -0.00000008
AIVX     1  Mu1.0001  In1.097 Se1.114               0.25255801      0.00000276     -0.00000862     -0.00000000
AIVX     1  Mu1.0001  In1.098 Se1.114               0.24399443     -0.00000901      0.00001980     -0.00000000
AIVX     1  Mu1.0002  In1.098 Se1.114               0.29753362      0.00001090     -0.00002098     -0.00000000
AIVX     1  Mu1.0001  In1.099 Se1.114               0.23524696      0.00027667     -0.00069737     -0.00000019
AIVX     1  Mu1.0002  In1.099 Se1.114               0.28878615     -0.00048918      0.00117317     -0.00000057
AIVX     1  Mu1.0001  In1.100 Se1.114               0.21258903      0.00000163     -0.00000456     -0.00000000
AIVX     1  Mu1.0002  In1.100 Se1.114               0.26612822      0.00000005      0.00000022      0.00000000
AIVX     1  Mu1.0003  In1.100 Se1.114               0.29569803      0.00000821     -0.00001704     -0.00000000
AIVX     1  Mu1.0001  In1.092 Se1.115               0.28432803      0.00000767     -0.00001664     -0.00000000
AIVX     1  Mu1.0001  In1.093 Se1.115               0.27746288      0.00000679     -0.00003148     -0.00000000
AIVX     1  Mu1.0001  In1.094 Se1.115               0.27539028      0.00003731     -0.00020565     -0.00000001
AIVX     1  Mu1.0001  In1.095 Se1.115               0.27514732      0.00011876     -0.00066058     -0.00000008
AIVX     1  Mu1.0001  In1.096 Se1.115               0.26998704     -0.00000763      0.00000593     -0.00000000
AIVX     1  Mu1.0001  In1.097 Se1.115               0.25670065      0.00007545     -0.00049355     -0.00000004
AIVX     1  Mu1.0001  In1.098 Se1.115               0.24813707     -0.00004025      0.00010412     -0.00000000
AIVX     1  Mu1.0001  In1.099 Se1.115               0.23938960     -0.00000044     -0.00000237      0.00000000
AIVX     1  Mu1.0002  In1.099 Se1.115               0.29292879     -0.00000087      0.00000084     -0.00000000
AIVX     1  Mu1.0001  In1.100 Se1.115               0.21673167      0.00000980     -0.00004631     -0.00000000
AIVX     1  Mu1.0002  In1.100 Se1.115               0.27027085     -0.00006942      0.00017832     -0.00000001
AIVX     1  Mu1.0003  In1.100 Se1.115               0.29984067      0.00004851     -0.00004116     -0.00000000
AIVX     1  Mu1.0001  In1.092 Se1.116               0.28957623     -0.00001953      0.00003946     -0.00000000
AIVX     1  Mu1.0001  In1.093 Se1.116               0.28271108     -0.00002601      0.00011144     -0.00000000
AIVX     1  Mu1.0001  In1.094 Se1.116               0.28063848     -0.00022913      0.00089175     -0.00000020
AIVX     1  Mu1.0001  In1.095 Se1.116               0.28039552     -0.00072548      0.00286212     -0.00000208
AIVX     1  Mu1.0001  In1.096 Se1.116               0.27523524      0.00001101      0.00002033      0.00000000
AIVX     1  Mu1.0001  In1.097 Se1.116               0.26194884     -0.00066706      0.00295126     -0.00000197
AIVX     1  Mu1.0001  In1.098 Se1.116               0.25338527      0.00003820     -0.00006721     -0.00000000
AIVX     1  Mu1.0001  In1.099 Se1.116               0.24463780      0.00000570     -0.00000226     -0.00000000
AIVX     1  Mu1.0002  In1.099 Se1.116               0.29817699     -0.00000672      0.00001426     -0.00000000
AIVX     1  Mu1.0001  In1.100 Se1.116               0.22197987     -0.00025326      0.00081477     -0.00000021
AIVX     1  Mu1.0002  In1.100 Se1.116               0.27551905     -0.00032740      0.00073000     -0.00000024
AIVX     1  Mu1.0001  In1.092 Se1.117               0.29279095      0.00002742     -0.00006275     -0.00000000
AIVX     1  Mu1.0001  In1.093 Se1.117               0.28592580      0.00000335      0.00001928      0.00000000
AIVX     1  Mu1.0001  In1.094 Se1.117               0.28385320      0.00000947     -0.00002708     -0.00000000
AIVX     1  Mu1.0001  In1.095 Se1.117               0.28361024     -0.00000491      0.00001265     -0.00000000
AIVX     1  Mu1.0001  In1.096 Se1.117               0.27844996     -0.00004090      0.00009563     -0.00000000
AIVX     1  Mu1.0001  In1.097 Se1.117               0.26516356      0.00000028     -0.00000071     -0.00000000
AIVX     1  Mu1.0001  In1.098 Se1.117               0.25659999     -0.00000103      0.00000163     -0.00000000
AIVX     1  Mu1.0001  In1.099 Se1.117               0.24785252      0.00004099     -0.00010133     -0.00000000
AIVX     1  Mu1.0001  In1.100 Se1.117               0.22519459      0.00000118     -0.00000301     -0.00000000
AIVX     1  Mu1.0002  In1.100 Se1.117               0.27873377      0.00000057     -0.00000146     -0.00000000
AIVX     1  Mu1.0001  In1.093 Se1.118               0.29511905     -0.00000191     -0.00000048      0.00000000
AIVX     1  Mu1.0001  In1.094 Se1.118               0.29304646     -0.00003189      0.00002629     -0.00000000
AIVX     1  Mu1.0001  In1.095 Se1.118               0.29280350     -0.00010170      0.00008326     -0.00000001
AIVX     1  Mu1.0001  In1.096 Se1.118               0.28764322     -0.00000617      0.00001046     -0.00000000
AIVX     1  Mu1.0001  In1.097 Se1.118               0.27435682     -0.00013854      0.00022425     -0.00000003
AIVX     1  Mu1.0001  In1.098 Se1.118               0.26579325     -0.00004671      0.00011049     -0.00000001
AIVX     1  Mu1.0001  In1.099 Se1.118               0.25704577      0.00000147     -0.00000534     -0.00000000
AIVX     1  Mu1.0001  In1.100 Se1.118               0.23438784     -0.00008071      0.00018886     -0.00000002
AIVX     1  Mu1.0002  In1.100 Se1.118               0.28792703      0.00004927     -0.00010645     -0.00000001
AIVX     1  Mu1.0001  In1.093 Se1.119               0.29543747     -0.00001590      0.00008722     -0.00000000
AIVX     1  Mu1.0001  In1.094 Se1.119               0.29336487      0.00000236     -0.00001233     -0.00000000
AIVX     1  Mu1.0001  In1.095 Se1.119               0.29312191     -0.00000373      0.00001000     -0.00000000
AIVX     1  Mu1.0001  In1.096 Se1.119               0.28796163     -0.00010008      0.00023378     -0.00000002
AIVX     1  Mu1.0001  In1.097 Se1.119               0.27467524     -0.00000016      0.00000022     -0.00000000
AIVX     1  Mu1.0001  In1.098 Se1.119               0.26611166     -0.00000243      0.00000424     -0.00000000
AIVX     1  Mu1.0001  In1.099 Se1.119               0.25736419      0.00009095     -0.00022378     -0.00000002
AIVX     1  Mu1.0001  In1.100 Se1.119               0.23470626      0.00000207     -0.00000541     -0.00000000
AIVX     1  Mu1.0002  In1.100 Se1.119               0.28824544     -0.00000032      0.00000095     -0.00000000
AIVX     1  Mu1.0001  In1.094 Se1.120               0.29954831      0.00002504     -0.00006690     -0.00000000
AIVX     1  Mu1.0001  In1.095 Se1.120               0.29930535     -0.00001126      0.00002780     -0.00000000
AIVX     1  Mu1.0001  In1.096 Se1.120               0.29414507     -0.00008220      0.00018857     -0.00000002
AIVX     1  Mu1.0001  In1.097 Se1.120               0.28085867      0.00000045     -0.00000133     -0.00000000
AIVX     1  Mu1.0001  In1.098 Se1.120               0.27229510     -0.00000210      0.00000338     -0.00000000
AIVX     1  Mu1.0001  In1.099 Se1.120               0.26354763      0.00007288     -0.00017706     -0.00000001
AIVX     1  Mu1.0001  In1.100 Se1.120               0.24088970      0.00000208     -0.00000537     -0.00000000
AIVX     1  Mu1.0002  In1.100 Se1.120               0.29442888      0.00000111     -0.00000266     -0.00000000
AIVX     1  Mu1.0001  In1.097 Se1.121               0.29085867     -0.00000768      0.00001861     -0.00000000
AIVX     1  Mu1.0001  In1.098 Se1.121               0.28229510      0.00000298     -0.00000974     -0.00000000
AIVX     1  Mu1.0001  In1.099 Se1.121               0.27354763      0.00006176     -0.00014524     -0.00000001
AIVX     1  Mu1.0001  In1.100 Se1.121               0.25088970     -0.00000001     -0.00000070      0.00000000
AIVX     1  Mu1.0001  In1.097 Se1.122               0.29914254     -0.00027614      0.00102908     -0.00000028
AIVX     1  Mu1.0001  In1.098 Se1.122               0.29057896      0.00005566     -0.00012876     -0.00000001
AIVX     1  Mu1.0001  In1.099 Se1.122               0.28183149     -0.00000008      0.00000325     -0.00000000
AIVX     1  Mu1.0001  In1.100 Se1.122               0.25917356     -0.00009264      0.00027247     -0.00000003
AIVX     1  Mu1.0001  In1.098 Se1.123               0.29157436     -0.00001038      0.00001980     -0.00000000
AIVX     1  Mu1.0001  In1.099 Se1.123               0.28282689      0.00035445     -0.00084992     -0.00000030
AIVX     1  Mu1.0001  In1.100 Se1.123               0.26016896      0.00000692     -0.00001737     -0.00000000
AIVX     1  Mu1.0001  In1.098 Se1.124               0.29953489     -0.00006166      0.00014658     -0.00000001
AIVX     1  Mu1.0001  In1.099 Se1.124               0.29078742      0.00001484     -0.00003025     -0.00000000
AIVX     1  Mu1.0001  In1.100 Se1.124               0.26812949     -0.00059231      0.00147266     -0.00000087
AIVX     1  Mu1.0001  In1.099 Se1.125               0.29284540      0.00009459     -0.00022225     -0.00000002
AIVX     1  Mu1.0001  In1.100 Se1.125               0.27018747      0.00000194     -0.00000515     -0.00000000
AIVX     1  Mu1.0001  In1.099 Se1.126               0.29822288      0.00002349     -0.00004616     -0.00000000
AIVX     1  Mu1.0001  In1.100 Se1.126               0.27556495     -0.00084544      0.00210022     -0.00000178
AIVX     1  Mu1.0001  In1.100 Se1.127               0.28711915      0.00015330     -0.00037147     -0.00000006
AIVX     1  Mu1.0001  In1.100 Se1.128               0.28888193      0.00000529     -0.00001140     -0.00000000
AIVX     1  Mu1.0001  In1.100 Se1.129               0.29704187     -0.00000628      0.00001582     -0.00000000
--

   (Skipping property calculation,
    use PROP keyword to activate)
--

  Total CASPT2 energies:

  State-specific CASPT2 energies obtained using
  rotated states do not have a well-defined physical
  meaning, however they can be extracted from the
  diagonal of the effective Hamiltonian.

++ Multi-State CASPT2 section:
********************************************************************************
  MULTI-STATE CASPT2 SECTION
--------------------------------------------------------------------------------

  Output diagonal energies have been shifted. Add   -3934.0000000000000     

  Effective Hamiltonian matrix (Symmetric):

                1               2               3               4               5
   1        -0.69026001
   2         0.00362128     -0.68408830
   3         0.00009106     -0.00001524     -0.68302509
   4        -0.00001007     -0.00000469      0.00000562     -0.70673664
   5        -0.00043709      0.00024222     -0.00000119      0.00337128     -0.71166488

       Total XMS-CASPT2 energies:
::    XMS-CASPT2 Root  1     Total energy:  -3934.71338569
::    XMS-CASPT2 Root  2     Total energy:  -3934.70502906
::    XMS-CASPT2 Root  3     Total energy:  -3934.69191962
::    XMS-CASPT2 Root  4     Total energy:  -3934.68302517
::    XMS-CASPT2 Root  5     Total energy:  -3934.68241539

       Eigenvectors:
            0.01817466      0.01588761     -0.90757993     -0.00764869      0.41911505
           -0.00969133     -0.00777395      0.41888298     -0.04043489      0.90705442
            0.00005927     -0.00027430      0.01000915      0.99915285      0.03991647
           -0.45211139      0.89193791      0.00648014      0.00021353     -0.00016919
            0.89172364      0.45181174      0.02633511     -0.00024171      0.00122732

       In terms of the input states:
            0.01890939      0.01686079     -0.99928402      0.00412593     -0.02779528
           -0.00008338      0.00024301     -0.02789334     -0.02412021      0.99931982
            0.00002397      0.00000642      0.00345436      0.99970054      0.02422582
            0.10938572      0.99382096      0.01883008     -0.00008113      0.00029109
            0.99381950     -0.10970667      0.01693839     -0.00009571      0.00058007

--

  THE ORIGINAL CI ARRAYS ARE NOW MIXED AS LINEAR
  COMBINATIONS, GIVEN BY THE EIGENVECTORS.
  A NEW JOBIPH FILE NAMED 'JOBMIX' IS PREPARED.
********************************************************************************

++ Mixed CI coefficients:
  The CI coefficients for the MIXED state nr.   1
--------------------------------------------------------------------------------
 CI COEFFICIENTS LARGER THAN  5.00E-02
  Occupation of active orbitals, and spin coupling
  of open shells. (u,d: Spin up or down).
  SGUGA info is (Midvert:IsyUp:UpperWalk/LowerWalk)
        Conf  SGUGA info        Occupation       Coefficient         Weight
          67  ( 2:1:   1/   3)   222u2duu0000      -0.183361       0.033621
          70  ( 2:1:   4/   3)   222u2du00u00      -0.092172       0.008496
          82  ( 2:1:   1/   4)   22u22duu0000       0.270251       0.073036
          85  ( 2:1:   4/   4)   22u22du00u00       0.138285       0.019123
         112  ( 2:1:   1/   6)   u2222duu0000      -0.149557       0.022367
         115  ( 2:1:   4/   6)   u2222du00u00      -0.077807       0.006054
         142  ( 2:1:   1/   8)   222ud2uu0000       0.257087       0.066094
         145  ( 2:1:   4/   8)   222ud2u00u00       0.129216       0.016697
         157  ( 2:1:   1/   9)   22u2d2uu0000      -0.250395       0.062697
         160  ( 2:1:   4/   9)   22u2d2u00u00      -0.127808       0.016335
         187  ( 2:1:   1/  11)   u222d2uu0000       0.209665       0.043960
         190  ( 2:1:   4/  11)   u222d2u00u00       0.109198       0.011924
         388  ( 3:1:   1/   2)   222u2u200000      -0.250579       0.062790
         391  ( 3:1:   4/   2)   222u2u020000       0.140111       0.019631
         398  ( 3:1:  11/   2)   222u2u0d0u00       0.068661       0.004714
         401  ( 3:1:  14/   2)   222u2u0u0d00       0.100464       0.010093
         424  ( 3:1:   1/   3)   22u22u200000       0.222573       0.049539
         427  ( 3:1:   4/   3)   22u22u020000      -0.123936       0.015360
         434  ( 3:1:  11/   3)   22u22u0d0u00      -0.061354       0.003764
         437  ( 3:1:  14/   3)   22u22u0u0d00      -0.089531       0.008016
         496  ( 3:1:   1/   5)   u2222u200000      -0.208207       0.043350
         499  ( 3:1:   4/   5)   u2222u020000       0.114998       0.013225
         506  ( 3:1:  11/   5)   u2222u0d0u00       0.057944       0.003358
         509  ( 3:1:  14/   5)   u2222u0u0d00       0.083781       0.007019
         532  ( 3:1:   1/   6)   222uu2200000       0.235190       0.055315
         535  ( 3:1:   4/   6)   222uu2020000      -0.132511       0.017559
         542  ( 3:1:  11/   6)   222uu20d0u00      -0.064778       0.004196
         545  ( 3:1:  14/   6)   222uu20u0d00      -0.094856       0.008998
         568  ( 3:1:   1/   7)   22u2u2200000      -0.331733       0.110047
         571  ( 3:1:   4/   7)   22u2u2020000       0.185928       0.034569
         578  ( 3:1:  11/   7)   22u2u20d0u00       0.092338       0.008526
         581  ( 3:1:  14/   7)   22u2u20u0d00       0.134162       0.017999
         583  ( 3:1:  16/   7)   22u2u2000200       0.067495       0.004556
         640  ( 3:1:   1/   9)   u222u2200000       0.195877       0.038368
         643  ( 3:1:   4/   9)   u222u2020000      -0.108977       0.011876
         650  ( 3:1:  11/   9)   u222u20d0u00      -0.054864       0.003010
         653  ( 3:1:  14/   9)   u222u20u0d00      -0.079327       0.006293

  The CI coefficients for the MIXED state nr.   2
--------------------------------------------------------------------------------
 CI COEFFICIENTS LARGER THAN  5.00E-02
  Occupation of active orbitals, and spin coupling
  of open shells. (u,d: Spin up or down).
  SGUGA info is (Midvert:IsyUp:UpperWalk/LowerWalk)
        Conf  SGUGA info        Occupation       Coefficient         Weight
          67  ( 2:1:   1/   3)   222u2duu0000       0.246708       0.060865
          70  ( 2:1:   4/   3)   222u2du00u00       0.124964       0.015616
          82  ( 2:1:   1/   4)   22u22duu0000       0.289917       0.084052
          85  ( 2:1:   4/   4)   22u22du00u00       0.149009       0.022204
         112  ( 2:1:   1/   6)   u2222duu0000       0.203897       0.041574
         115  ( 2:1:   4/   6)   u2222du00u00       0.106434       0.011328
         142  ( 2:1:   1/   8)   222ud2uu0000       0.159619       0.025478
         145  ( 2:1:   4/   8)   222ud2u00u00       0.080842       0.006535
         157  ( 2:1:   1/   9)   22u2d2uu0000       0.294042       0.086461
         160  ( 2:1:   4/   9)   22u2d2u00u00       0.150884       0.022766
         187  ( 2:1:   1/  11)   u222d2uu0000       0.132004       0.017425
         190  ( 2:1:   4/  11)   u222d2u00u00       0.068936       0.004752
         388  ( 3:1:   1/   2)   222u2u200000      -0.210621       0.044361
         391  ( 3:1:   4/   2)   222u2u020000       0.117625       0.013836
         398  ( 3:1:  11/   2)   222u2u0d0u00       0.057765       0.003337
         401  ( 3:1:  14/   2)   222u2u0u0d00       0.084758       0.007184
         424  ( 3:1:   1/   3)   22u22u200000      -0.360251       0.129781
         427  ( 3:1:   4/   3)   22u22u020000       0.200480       0.040192
         434  ( 3:1:  11/   3)   22u22u0d0u00       0.099530       0.009906
         437  ( 3:1:  14/   3)   22u22u0u0d00       0.145287       0.021108
         439  ( 3:1:  16/   3)   22u22u000200       0.073258       0.005367
         496  ( 3:1:   1/   5)   u2222u200000      -0.176802       0.031259
         499  ( 3:1:   4/   5)   u2222u020000       0.097768       0.009559
         509  ( 3:1:  14/   5)   u2222u0u0d00       0.071393       0.005097
         532  ( 3:1:   1/   6)   222uu2200000      -0.221020       0.048850
         535  ( 3:1:   4/   6)   222uu2020000       0.124261       0.015441
         542  ( 3:1:  11/   6)   222uu20d0u00       0.060922       0.003711
         545  ( 3:1:  14/   6)   222uu20u0d00       0.089349       0.007983
         568  ( 3:1:   1/   7)   22u2u2200000      -0.242919       0.059009
         571  ( 3:1:   4/   7)   22u2u2020000       0.136000       0.018496
         578  ( 3:1:  11/   7)   22u2u20d0u00       0.067630       0.004574
         581  ( 3:1:  14/   7)   22u2u20u0d00       0.098501       0.009702
         640  ( 3:1:   1/   9)   u222u2200000      -0.185981       0.034589
         643  ( 3:1:   4/   9)   u222u2020000       0.103491       0.010710
         650  ( 3:1:  11/   9)   u222u20d0u00       0.052150       0.002720
         653  ( 3:1:  14/   9)   u222u20u0d00       0.075470       0.005696

  The CI coefficients for the MIXED state nr.   3
--------------------------------------------------------------------------------
 CI COEFFICIENTS LARGER THAN  5.00E-02
  Occupation of active orbitals, and spin coupling
  of open shells. (u,d: Spin up or down).
  SGUGA info is (Midvert:IsyUp:UpperWalk/LowerWalk)
        Conf  SGUGA info        Occupation       Coefficient         Weight
          37  ( 2:1:   1/   1)   222220uu0000      -0.432253       0.186843
          40  ( 2:1:   4/   1)   222220u00u00      -0.217611       0.047354
          52  ( 2:1:   1/   2)   2222uduu0000       0.100221       0.010044
          55  ( 2:1:   4/   2)   2222udu00u00       0.050431       0.002543
         127  ( 2:1:   1/   7)   222202uu0000       0.417266       0.174111
         130  ( 2:1:   4/   7)   222202u00u00       0.209818       0.044024
         172  ( 2:1:   1/  10)   2u22d2uu0000       0.082270       0.006768
         352  ( 3:1:   1/   1)   2222uu200000      -0.554189       0.307125
         355  ( 3:1:   4/   1)   2222uu020000       0.309937       0.096061
         362  ( 3:1:  11/   1)   2222uu0d0u00       0.151451       0.022937
         365  ( 3:1:  14/   1)   2222uu0u0d00       0.224210       0.050270
         367  ( 3:1:  16/   1)   2222uu000200       0.111681       0.012473
         460  ( 3:1:   1/   4)   2u222u200000      -0.078477       0.006159
        1366  ( 4:1:  25/   6)   22220u2000u0       0.052034       0.002708

  The CI coefficients for the MIXED state nr.   4
--------------------------------------------------------------------------------
 CI COEFFICIENTS LARGER THAN  5.00E-02
  Occupation of active orbitals, and spin coupling
  of open shells. (u,d: Spin up or down).
  SGUGA info is (Midvert:IsyUp:UpperWalk/LowerWalk)
        Conf  SGUGA info        Occupation       Coefficient         Weight
           2  ( 1:1:   2/   1)   22222u0u0000      -0.130485       0.017026
           4  ( 1:1:   4/   1)   22222u000u00      -0.068971       0.004757
           7  ( 1:1:   1/   2)   2222u2u00000       0.144851       0.020982
         353  ( 3:1:   2/   1)   2222uudu0000       0.693609       0.481094
         354  ( 3:1:   3/   1)   2222uuud0000      -0.508207       0.258274
         361  ( 3:1:  10/   1)   2222uud00u00       0.326048       0.106307
         364  ( 3:1:  13/   1)   2222uuu00d00      -0.210900       0.044479
         461  ( 3:1:   2/   4)   2u222udu0000       0.099836       0.009967
         462  ( 3:1:   3/   4)   2u222uud0000      -0.070965       0.005036
         469  ( 3:1:  10/   4)   2u222ud00u00       0.050766       0.002577
         893  ( 4:1:   2/   1)   2222u0u20000       0.068590       0.004705
        1342  ( 4:1:   1/   6)   22220u2u0000      -0.095814       0.009180
        1367  ( 4:1:  26/   6)   22220udu00u0      -0.056196       0.003158

  The CI coefficients for the MIXED state nr.   5
--------------------------------------------------------------------------------
 CI COEFFICIENTS LARGER THAN  5.00E-02
  Occupation of active orbitals, and spin coupling
  of open shells. (u,d: Spin up or down).
  SGUGA info is (Midvert:IsyUp:UpperWalk/LowerWalk)
        Conf  SGUGA info        Occupation       Coefficient         Weight
           1  ( 1:1:   1/   1)   22222uu00000       0.162369       0.026364
           8  ( 1:1:   2/   2)   2222u20u0000      -0.115075       0.013242
          10  ( 1:1:   4/   2)   2222u2000u00      -0.064762       0.004194
          37  ( 2:1:   1/   1)   222220uu0000       0.441563       0.194978
          40  ( 2:1:   4/   1)   222220u00u00       0.190123       0.036147
          52  ( 2:1:   1/   2)   2222uduu0000      -0.102070       0.010418
         127  ( 2:1:   1/   7)   222202uu0000      -0.424785       0.180442
         130  ( 2:1:   4/   7)   222202u00u00      -0.184975       0.034216
         172  ( 2:1:   1/  10)   2u22d2uu0000      -0.087366       0.007633
         352  ( 3:1:   1/   1)   2222uu200000      -0.525781       0.276446
         355  ( 3:1:   4/   1)   2222uu020000       0.287053       0.082399
         362  ( 3:1:  11/   1)   2222uu0d0u00       0.162160       0.026296
         365  ( 3:1:  14/   1)   2222uu0u0d00       0.189940       0.036077
         367  ( 3:1:  16/   1)   2222uu000200       0.102254       0.010456
         460  ( 3:1:   1/   4)   2u222u200000      -0.078359       0.006140
         892  ( 4:1:   1/   1)   2222u02u0000       0.090522       0.008194
         901  ( 4:1:  10/   1)   2222u0200u00       0.052664       0.002773
        1343  ( 4:1:   2/   6)   22220uu20000      -0.068017       0.004626
        1360  ( 4:1:  19/   6)   22220uuu0d00      -0.055233       0.003051

--

Note: The following floating-point exceptions are signalling: IEEE_UNDERFLOW_FLAG IEEE_DENORMAL
--- Stop Module: caspt2 at Thu Jul  2 15:31:59 2026 /rc=_RC_ALL_IS_WELL_ ---
*** files: xmldump
    saved to directory <scratch-path-omitted>
--- Module caspt2 spent 20 hours 55 minutes 5 seconds ---

.##################.
.# Happy landing! #.
.##################.

    Timing: Wall=78574.91 User=71707.01 System=6703.67
