   This run of MOLCAS is using the pymolcas driver

                             OPE
                             OPE          NMOL  CASOP  ENMOLC A   SO
                 OPE        NMOLC        AS  OP EN  MO LC     AS  OP
                OPENM       OL CA        SO  PE NM  OL CA     SOP EN
                OP EN      MO   LC       AS  OP ENMOL  CASO   PENMOL
                OP  EN     MO   LC       AS  OP EN     MO     LC ASO
               OP   E  NMOL  C  AS       OP  EN MO     LC     AS  OP
               OP  E   NMO   LC AS        OPEN  MO     LCASOP EN   M
               O  PEN   MO  LCA  SO
            OPE   NMO   L   CAS    OP
        OPENMOL  CASOP     ENMOL   CASOPE
     OPENMOLCA   SOPENMOLCASOPEN   MOLCASOPE
    OPENMOLCAS   OP           EN   MOL    CAS
    OPENMOLCAS       OP  ENM        O     LCA
    OPENMOLCAS    OPEN  MOLCASO     P  E  NMO
    OPENMOLCAS     OP               E  N  MOL
    OPENMOLCA   SO           PENM   O  L  CAS    OPEN    MO    LCAS
    OPENMOLCA   SOP           ENM   O  L  CAS   OP  EN  MOLC  AS   O
    OPENMOLCA   SOPE           NM      O  LCA   S      OP  EN MO
    OPENMOLC                AS         O  PEN   M      OL  CA  SOPE
    OPENMO        LCASOPE  NMOL        C  ASO   P      ENMOLC     AS
    OPE     NMO      LCA  SO     P     E   NM   OL  CA SO  PE N   MO
          OPENMOLCA            SOPE   NMO        LCAS  O    P  ENMO
     OPENMOLCASOPENMOLCASOPENMOLCASOPENMOLCA
        OPENMOLCASOPENMOLCASOPENMOLCASOPE
            OPENMOLCASOPENMOLCASOPENM
               OPENMOLCASOPENMOLCA        version: v24.02
                   OPENMOLCASO
                       OPE                tag:

 OpenMolcas is free software; you can redistribute it and/or modify it
 under the terms of the GNU Lesser General Public License version 2.1.
 OpenMolcas is distributed in the hope that it will be useful, but it
 is provided "as is" and without any express or implied warranties.
 For more details see the full text of the license in the file
 LICENSE or in <http://www.gnu.org/licenses/>.

                 Copyright (C) The OpenMolcas Authors
           For the author list and the recommended citation,
                   consult the file CONTRIBUTORS.md

           *************************************************
           * pymolcas version py2.28                       *
           *   build c4a6d18ded8cb6cad61d2372a9abd97c      *
           *   (after the EMIL interpreter by V. Veryazov) *
           *************************************************

configuration info
------------------
Host name: login02 (Linux)
C Compiler ID: GNU
C flags: -std=gnu99
Fortran Compiler ID: GNU
Fortran flags: -fno-aggressive-loop-optimizations -cpp -fdefault-integer-8 -fmax-stack-var-size=1048576
Definitions: _MOLCAS_;_I8_;_LINUX_;_MOLCAS_MPP_;_SCALAPACK_;_GA_
Parallel: ON (GA=ON)


   -------------------------------------------------------------------------------------------------------------------------------
  |
  |                 Project: caspt2xms_S
  |          Submitted from: <scratch-path-omitted>
  |            Scratch area: <scratch-path-omitted>
  |         Save outputs to: <scratch-path-omitted>
  |                  Molcas: /opt/bwhpc/common/chem/openmolcas/24.02_gnu-system_openmpi-4.1_mkl-2023.1.0
  |
  | Scratch area is empty
  |
  |             MOLCAS_BIN = /opt/bwhpc/common/chem/openmolcas/24.02_gnu-system_openmpi-4.1_mkl-2023.1.0/bin
  |         MOLCAS_DOC_DIR = /opt/bwhpc/common/chem/openmolcas/24.02_gnu-system_openmpi-4.1_mkl-2023.1.0/doc
  |          MOLCAS_DRIVER = <OpenMolcas-executable-path-omitted>
  |         MOLCAS_EXA_DIR = /opt/bwhpc/common/chem/openmolcas/24.02_gnu-system_openmpi-4.1_mkl-2023.1.0/bwhpc-examples
  |            MOLCAS_HOME = /opt/bwhpc/common/chem/openmolcas/24.02_gnu-system_openmpi-4.1_mkl-2023.1.0
  | MOLCAS_JUSTUS2_EXA_DIR = /opt/bwhpc/common/chem/openmolcas/24.02_gnu-system_openmpi-4.1_mkl-2023.1.0/bwhpc-examples
  |          MOLCAS_NPROCS = 1
  |           MOLCAS_PRINT = 2
  |            MOLCAS_SBIN = /opt/bwhpc/common/chem/openmolcas/24.02_gnu-system_openmpi-4.1_mkl-2023.1.0/sbin
  |          MOLCAS_SOURCE = /opt/bwhpc/common/chem/openmolcas/24.02_gnu-system_openmpi-4.1_mkl-2023.1.0
  |       MOLCAS_STRUCTURE = 0
  |         MOLCAS_VERSION = 24.02
  |
   -------------------------------------------------------------------------------------------------------------------------------

++ ---------   Input file   ---------

&GATEWAY
 coord = opt_optimized.xyz
 basis = Def2-TZVP
 group = nosym
 amfi
 RICD

&SEWARD

&RASSCF
 fileorb = rasscf_S.RasOrb
 cionly
 charge = 0
 spin = 1
 nactel = 12 0 0
 inactive = 100
 ras2 = 12
 ciroot = 5 5 1
 thrs = 1.0d-7 1.0d-5 1.0d-5
 outorbital = canonical

&CASPT2
 xmulti = 5 1 2 3 4 5
 imag = 0.2
 ipeashift = 0.25

-- ----------------------------------

--- Start Module: gateway at Wed Jul  1 18:28:08 2026 ---

()()()()()()()()()()()()()()()()()()()()()()()()()()()()()()()()()()()()()()()()()()()()()()()()()()

                                              &GATEWAY

                       only a single process is used, running in SERIAL mode
                       available to each process: 12 GB of memory, 1 thread?
                                            pid: 4155012
()()()()()()()()()()()()()()()()()()()()()()()()()()()()()()()()()()()()()()()()()()()()()()()()()()


++    Symmetry information:
      ---------------------

                    Character Table for C1 

                             E  
                    a        1  x, y, xy, Rz, z, xz, Ry, yz, Rx, I
--


++    Basis set information:
      ----------------------


      Basis set label: C.DEF2-TZVP.........

      Electronic valence basis set:
      ------------------
      Associated Effective Charge   6.000000 au
      Associated Actual Charge      6.000000 au
      Nuclear Model: Point charge

      Shell  nPrim  nBasis  Cartesian Spherical Contaminant
         s      11       5        X                  
         p       6       3        X                  
         d       2       2                 X         
         f       1       1                 X         


      Basis set label: H.DEF2-TZVP.........

      Electronic valence basis set:
      ------------------
      Associated Effective Charge   1.000000 au
      Associated Actual Charge      1.000000 au
      Nuclear Model: Point charge

      Shell  nPrim  nBasis  Cartesian Spherical Contaminant
         s       5       3        X                  
         p       1       1        X                  


      Basis set label: NI.DEF2-TZVP.........

      Electronic valence basis set:
      ------------------
      Associated Effective Charge  28.000000 au
      Associated Actual Charge     28.000000 au
      Nuclear Model: Point charge

      Shell  nPrim  nBasis  Cartesian Spherical Contaminant
         s      17       6        X                  
         p      11       4        X                  
         d       7       4                 X         
         f       1       1                 X         
--


++    Molecular structure info:
      -------------------------

                    ************************************************ 
                    **** Cartesian Coordinates / Bohr, Angstrom **** 
                    ************************************************ 

     Center  Label                x              y              z                     x              y              z
        1      C1               2.700873      -0.014140       0.053364              1.429240      -0.007483       0.028239
        2      C2               1.338269       2.346166       0.052986              0.708181       1.241537       0.028039
        3      C3              -1.358013       2.352197      -0.050975             -0.718630       1.244729      -0.026975
        4      C4              -2.700873       0.014140       0.053364             -1.429240       0.007483       0.028239
        5      C5              -1.338269      -2.346166       0.052987             -0.708182      -1.241537       0.028039
        6      C6               1.358013      -2.352197      -0.050975              0.718630      -1.244729      -0.026975
        7      C7               5.430022      -0.032061       0.005879              2.873444      -0.016966       0.003111
        8      C8               2.687271       4.718649       0.004773              1.422042       2.497001       0.002526
        9      C9              -2.703012       4.681857      -0.225865             -1.430373       2.477532      -0.119522
       10      C10             -5.430022       0.032061       0.005880             -2.873444       0.016966       0.003112
       11      C11             -2.687271      -4.718649       0.004773             -1.422043      -2.497001       0.002526
       12      C12              2.703013      -4.681856      -0.225865              1.430373      -2.477532      -0.119522
       13      C13              6.688107       2.329532       0.479888              3.539194       1.232735       0.253946
       14      C14              5.361458       4.627420       0.479616              2.837161       2.448725       0.253802
       15      C15              1.300790       6.993476      -0.166046              0.688348       3.700788      -0.087868
       16      C16             -1.309145       6.977593      -0.300660             -0.692770       3.692383      -0.159102
       17      C17             -5.388209       4.622601      -0.299453             -2.851317       2.446175      -0.158464
       18      C18             -6.706853       2.370347      -0.163978             -3.549114       1.254334      -0.086773
       19      C19             -6.688107      -2.329532       0.479889             -3.539194      -1.232735       0.253946
       20      C20             -5.361458      -4.627420       0.479617             -2.837162      -2.448725       0.253802
       21      C21             -1.300790      -6.993477      -0.166047             -0.688348      -3.700788      -0.087868
       22      C22              1.309146      -6.977593      -0.300660              0.692770      -3.692383      -0.159102
       23      C23              5.388209      -4.622601      -0.299453              2.851317      -2.446175      -0.158464
       24      C24              6.706853      -2.370347      -0.163978              3.549114      -1.254333      -0.086773
       25      H25              8.733391       2.331530       0.746766              4.621511       1.233793       0.395171
       26      H26              6.385836       6.397697       0.746357              3.379239       3.385516       0.394955
       27      H27              2.329212       8.782631      -0.158987              1.232566       4.647568      -0.084132
       28      H28             -2.345120       8.756381      -0.445095             -1.240984       4.633677      -0.235534
       29      H29             -6.410729       6.409185      -0.443523             -3.392412       3.391595      -0.234702
       30      H30             -8.770518       2.374354      -0.156216             -4.641158       1.256454      -0.082666
       31      H31             -8.733391      -2.331530       0.746766             -4.621512      -1.233793       0.395172
       32      H32             -6.385836      -6.397698       0.746357             -3.379239      -3.385516       0.394955
       33      H33             -2.329212      -8.782632      -0.158988             -1.232566      -4.647569      -0.084133
       34      H34              2.345121      -8.756381      -0.445095              1.240985      -4.633677      -0.235534
       35      H35              6.410729      -6.409185      -0.443522              3.392412      -3.391594      -0.234702
       36      H36              8.770518      -2.374354      -0.156216              4.641158      -1.256454      -0.082666
       37      NI37             3.989534       2.304908       3.526133              2.111171       1.219705       1.865949
       38      NI38            -3.989534      -2.304908       3.526134             -2.111171      -1.219705       1.865950

                    ************************************************* 
                    **** InterNuclear Distances / Bohr, Angstrom **** 
                    ************************************************* 

     Atom centers         Bohr        Angstrom
   25 H25      13 C13     2.062615        1.091489
   26 H26      14 C14   
   31 H31      19 C19   
   32 H32      20 C20   
   28 H28      16 C16     2.063537        1.091977
   29 H29      17 C17   
   34 H34      22 C22   
   35 H35      23 C23   
   27 H27      15 C15     2.063681        1.092053
   30 H30      18 C18   
   33 H33      21 C21   
   36 H36      24 C24   
   18 C18      17 C17     2.613394        1.382948
   24 C24      23 C23   
   16 C16      15 C15     2.613452        1.382979
   22 C22      21 C21   
   14 C14      13 C13     2.653354        1.404094
   20 C20      19 C19   
   15 C15       8 C8      2.669523        1.412650
   21 C21      11 C11   
   18 C18      10 C10     2.669593        1.412688
   24 C24       7 C7    
   16 C16       9 C9      2.686795        1.421790
   22 C22      12 C12   
   17 C17       9 C9      2.686858        1.421824
   23 C23      12 C12   
    9 C9        3 C3      2.695723        1.426515
   12 C12       6 C6    
    4 C4        3 C3      2.698271        1.427864
    6 C6        1 C1    
    3 C3        2 C2      2.698292        1.427875
    6 C6        5 C5    
   13 C13       7 C7      2.717459        1.438017
   19 C19      10 C10   
   14 C14       8 C8      2.717550        1.438065
   20 C20      11 C11   
    2 C2        1 C1      2.725387        1.442212
    5 C5        4 C4    
    7 C7        1 C1      2.729616        1.444451
    8 C8        2 C2    
   10 C10       4 C4    
   11 C11       5 C5    
   29 H29      18 C18     4.059316        2.148097
   35 H35      24 C24   
   28 H28      15 C15     4.059355        2.148118
   34 H34      21 C21   
   30 H30      17 C17     4.063883        2.150514
   36 H36      23 C23   
   27 H27      16 C16     4.063973        2.150562
   33 H33      22 C22   
   37 NI37     14 C14     4.069091        2.153270
   38 NI38     20 C20   
   37 NI37     13 C13     4.069706        2.153596
   38 NI38     19 C19   
   27 H27       8 C8      4.083011        2.160636
   33 H33      11 C11   
   30 H30      10 C10     4.083077        2.160671
   36 H36       7 C7    
   25 H25      14 C14     4.088073        2.163315
   26 H26      13 C13   
   31 H31      20 C20   
   32 H32      19 C19   
   28 H28       9 C9      4.096083        2.167554
   34 H34      12 C12   
   29 H29       9 C9      4.096120        2.167573
   35 H35      12 C12   
   25 H25       7 C7      4.128888        2.184914
   31 H31      10 C10   
   26 H26       8 C8      4.128987        2.184966
   32 H32      11 C11   
   37 NI37      2 C2      4.369629        2.312308
   38 NI38      5 C5    
   37 NI37      1 C1      4.370212        2.312617
   38 NI38      4 C4    
   37 NI37      8 C8      4.463408        2.361934
   38 NI38     11 C11   
   37 NI37      7 C7      4.464147        2.362325
   38 NI38     10 C10   
   16 C16       8 C8      4.600811        2.434644
   22 C22      11 C11   
   17 C17      10 C10     4.600873        2.434677
   23 C23       7 C7    
   15 C15       9 C9      4.623591        2.446699
   18 C18       9 C9    
   21 C21      12 C12   
   24 C24      12 C12   
   16 C16       3 C3      4.632381        2.451350
   17 C17       3 C3    
   22 C22       6 C6    
   23 C23       6 C6    
   14 C14       2 C2      4.644587        2.457809
   20 C20       5 C5    
   13 C13       1 C1      4.644649        2.457842
   19 C19       4 C4    
   15 C15       2 C2      4.652615        2.462058
   18 C18       4 C4    
   21 C21       5 C5    
   24 C24       1 C1    
    4 C4        2 C2      4.664012        2.468089
    5 C5        1 C1    
    9 C9        2 C2      4.676020        2.474443
   12 C12       5 C5    
    9 C9        4 C4      4.676061        2.474465
   12 C12       1 C1    
   30 H30      29 H29     4.683055        2.478166
   36 H36      35 H35   
   28 H28      27 H27     4.683154        2.478218
   34 H34      33 H33   
   14 C14       7 C7      4.684004        2.478668
   20 C20      10 C10   
   13 C13       8 C8      4.684048        2.478691
   19 C19      11 C11   
    7 C7        6 C6      4.686952        2.480228
    8 C8        3 C3    
   10 C10       3 C3    
   11 C11       6 C6    
   29 H29      28 H28     4.694518        2.484232
   35 H35      34 H34   
   26 H26      25 H25     4.695182        2.484583
   32 H32      31 H31   
    3 C3        1 C1      4.699467        2.486851
    6 C6        4 C4    
    5 C5        3 C3      4.699554        2.486897
    6 C6        2 C2    
   17 C17      16 C16     4.710068        2.492461
   23 C23      22 C22   
    7 C7        2 C2      4.732930        2.504559
   10 C10       5 C5    
    8 C8        1 C1      4.733058        2.504626
   11 C11       4 C4    
   19 C19      18 C18     4.743814        2.510318
   24 C24      13 C13   
   15 C15      14 C14     4.743852        2.510338
   21 C21      20 C20   
   31 H31      30 H30     4.791878        2.535753
   36 H36      25 H25   
   27 H27      26 H26     4.792051        2.535844
   33 H33      32 H32   
   28 H28      17 C17     5.135139        2.717399
   29 H29      16 C16   
   34 H34      23 C23   
   35 H35      22 C22   
   30 H30      19 C19     5.183397        2.742936
   36 H36      13 C13   
   27 H27      14 C14     5.183446        2.742961
   33 H33      20 C20   
   25 H25      24 C24     5.200380        2.751922
   31 H31      18 C18   
   26 H26      15 C15     5.200493        2.751982
   32 H32      21 C21   
   16 C16       2 C2      5.346399        2.829193
   22 C22       5 C5    
   17 C17       4 C4      5.346416        2.829202
   23 C23       1 C1    
   18 C18       3 C3      5.350065        2.831132
   24 C24       6 C6    
   15 C15       3 C3      5.350136        2.831170
   21 C21       6 C6    
   13 C13       2 C2      5.366870        2.840025
   19 C19       5 C5    
   14 C14       1 C1      5.366981        2.840084
   20 C20       4 C4    
    9 C9        8 C8      5.395341        2.855091
   12 C12      11 C11   
   10 C10       9 C9      5.395450        2.855149
   12 C12       7 C7    
    4 C4        1 C1      5.401820        2.858520
    5 C5        2 C2      5.402021        2.858626
    6 C6        3 C3      5.432137        2.874563
    8 C8        7 C7      5.485611        2.902860
   11 C11      10 C10   
   37 NI37     26 H26     5.497303        2.909047
   38 NI38     32 H32   
   37 NI37     25 H25     5.498160        2.909501
   38 NI38     31 H31   
--


            Nuclear Potential Energy           3152.76180619 au

--- Stop Module: gateway at Wed Jul  1 18:28:10 2026 /rc=_RC_ALL_IS_WELL_ ---
*** files: caspt2xms_S.RICDLib xmldump
    saved to directory <scratch-path-omitted>
--- Module gateway spent 2 seconds ---

--- Start Module: seward at Wed Jul  1 18:28:10 2026 ---

()()()()()()()()()()()()()()()()()()()()()()()()()()()()()()()()()()()()()()()()()()()()()()()()()()

                                              &SEWARD

                       only a single process is used, running in SERIAL mode
                       available to each process: 12 GB of memory, 1 thread?
                                            pid: 4155045
()()()()()()()()()()()()()()()()()()()()()()()()()()()()()()()()()()()()()()()()()()()()()()()()()()

               SEWARD will generate:
                  Multipole Moment integrals up to order  2
                  Kinetic Energy integrals
                  Nuclear Attraction integrals (point charge)
                  One-Electron Hamiltonian integrals
                  Velocity integrals
                  Orbital angular momentum around ( 0.0000 -0.0000  0.9761 )
                  Velocity quadrupole around ( 0.0000 -0.0000  0.9761 )
                  Atomic mean-field integrals
                  RI decomposed two-electron repulsion integrals stored Cholesky style
                   - acCD auxiliary basis
                   - CD Threshold:   0.10E-03

                   Integrals are discarded if absolute value <: 1.00E-14
                   Integral cutoff threshold is set to       <: 1.00E-16

            Nuclear Potential Energy           3152.76180619 au


      Basis set specifications :
      Symmetry species         a  
      Basis functions          906


      Input file to MOLDEN was generated!

Note: The following floating-point exceptions are signalling: IEEE_UNDERFLOW_FLAG IEEE_DENORMAL
--- Stop Module: seward at Wed Jul  1 18:38:06 2026 /rc=_RC_ALL_IS_WELL_ ---
*** files: caspt2xms_S.GssOrb caspt2xms_S.guessorb.h5 caspt2xms_S.guessorb.molden xmldump
    saved to directory <scratch-path-omitted>
--- Module seward spent 9 minutes 56 seconds ---

*** symbolic link created: INPORB -> caspt2xms_S.GssOrb
--- Start Module: rasscf at Wed Jul  1 18:38:07 2026 ---

()()()()()()()()()()()()()()()()()()()()()()()()()()()()()()()()()()()()()()()()()()()()()()()()()()

                                              &RASSCF

                       only a single process is used, running in SERIAL mode
                       available to each process: 12 GB of memory, 1 thread?
                                            pid: 4156157
()()()()()()()()()()()()()()()()()()()()()()()()()()()()()()()()()()()()()()()()()()()()()()()()()()

 ###############################################################################
 ###############################################################################
 ###                                                                         ###
 ###                                                                         ###
 ###    WARNING: CHARGE and NACTEL are only compatible if INACTIVE           ###
 ###    is not given and the symmetry group is C1. Hence the                 ###
 ###    CHARGE command will be ignored.                                      ###
 ###                                                                         ###
 ###                                                                         ###
 ###############################################################################
 ###############################################################################

      Header of the ONEINT file:
      --------------------------
      
      Integrals generated by Gateway/Seward, Wed Jul  1 18:28:11 2026


      OrdInt status: non-squared


      Cartesian coordinates in Angstrom:
      -----------------------------------------------------
      No.  Label        X            Y            Z        
      -----------------------------------------------------
       1   C1         1.42924031  -0.00748264   0.02823884
       2   C2         0.70818144   1.24153737   0.02803895
       3   C3        -0.71862965   1.24472889  -0.02697471
       4   C4        -1.42924039   0.00748259   0.02823911
       5   C5        -0.70818155  -1.24153741   0.02803927
       6   C6         0.71862970  -1.24472887  -0.02697464
       7   C7         2.87344400  -0.01696604   0.00311114
       8   C8         1.42204247   2.49700128   0.00252559
       9   C9        -1.43037261   2.47753183  -0.11952247
      10   C10       -2.87344406   0.01696604   0.00311162
      11   C11       -1.42204255  -2.49700134   0.00252593
      12   C12        1.43037277  -2.47753176  -0.11952240
      13   C13        3.53919385   1.23273526   0.25394576
      14   C14        2.83716140   2.44872530   0.25380206
      15   C15        0.68834830   3.70078833  -0.08786789
      16   C16       -0.69276978   3.69238306  -0.15910225
      17   C17       -2.85131717   2.44617531  -0.15846379
      18   C18       -3.54911399   1.25433361  -0.08677346
      19   C19       -3.53919402  -1.23273526   0.25394612
      20   C20       -2.83716156  -2.44872541   0.25380223
      21   C21       -0.68834819  -3.70078845  -0.08786807
      22   C22        0.69276997  -3.69238305  -0.15910229
      23   C23        2.85131735  -2.44617519  -0.15846363
      24   C24        3.54911402  -1.25433341  -0.08677335
      25   H25        4.62151125   1.23379255   0.39517136
      26   H26        3.37923869   3.38551561   0.39495519
      27   H27        1.23256597   4.64756844  -0.08413234
      28   H28       -1.24098431   4.63367705  -0.23553410
      29   H29       -3.39241163   3.39159450  -0.23470201
      30   H30       -4.64115822   1.25645421  -0.08266621
      31   H31       -4.62151158  -1.23379256   0.39517159
      32   H32       -3.37923899  -3.38551587   0.39495488
      33   H33       -1.23256583  -4.64756868  -0.08413285
      34   H34        1.24098454  -4.63367703  -0.23553430
      35   H35        3.39241183  -3.39159438  -0.23470162
      36   H36        4.64115818  -1.25645388  -0.08266582
      37   NI37       2.11117059   1.21970454   1.86594902
      38   NI38      -2.11117054  -1.21970457   1.86594954
      -----------------------------------------------------
      Nuclear repulsion energy = 3152.76180619

++    Wave function specifications:
      -----------------------------

      Number of closed shell electrons         200
      Number of electrons in active shells      12
      Max number of holes in RAS1 space          0
      Max nr of electrons in RAS3 space          0
      Number of inactive orbitals              100
      Number of active orbitals                 12
      Number of secondary orbitals             794
      Spin quantum number                      0.0
      State symmetry                             1
--

++    Orbital specifications:
      -----------------------

      Symmetry species                           1
                                                 a
      Frozen orbitals                            0
      Inactive orbitals                        100
      Active orbitals                           12
      RAS1 orbitals                              0
      RAS2 orbitals                             12
      RAS3 orbitals                              0
      Secondary orbitals                       794
      Deleted orbitals                           0
      Number of basis functions                906
--

++    CI expansion specifications:
      ----------------------------

      Number of CSFs                        226512
      Number of determinants                427350
      Number of root(s) required                 5
      Root chosen for geometry opt.              5
      CI roots used                              1     2     3     4     5
      weights                                0.200 0.200 0.200 0.200 0.200
      highest root included in the CI            5
      max. size of the explicit Hamiltonian    200
--

++    Optimization specifications:
      ----------------------------

      RASSCF algorithm: LK RI/DF
      Maximum number of macro iterations       200
      Maximum number of SX iterations          100
      Threshold for RASSCF energy            1.000E-07
      Threshold for max MO rotation          1.000E-05
      Threshold for max BLB element          1.000E-05
      Level shift parameter                  5.000E-01
      Make Quasi-Newton update
--

      The MO-coefficients are taken from the file:
      <scratch-path-omitted>                                                                                                                                                                                         
      Title: B1 Ni2/coronene CAS(26,15) singlet natural orbitals (regenerated from rasscf_S

      Total molecular charge    0.00

      ************************************************************************************************************************
      *                                                                                                                      *
      *                                            Wave function control section                                             *
      *                                                                                                                      *
      ************************************************************************************************************************


                                         CASCI only, no orbital optimization will be done.
                                         -------------------------------------------------

      Iter CI   SX   CI       RASSCF       Energy    max ROT     max BLB   max BLB  Level Ln srch  Step   QN   Walltime
          iter iter root      energy       change     param      element    value   shift minimum  type update hh:mm:ss
 Nr of preliminary CI iterations:  41
        1   1    0    0 -3929.65041711    0.00E+00   0.00E+00   97 106 1  7.05E-02*  0.00   0.00    SX    NO    0:19:45

      ************************************************************************************************************************
                                                      Wave function printout:
                       occupation of active orbitals, and spin coupling of open shells (u,d: Spin up or down)
      ************************************************************************************************************************

      Note: transformation to natural orbitals
      has been made, which may change the order of the CSFs.

      printout of CI-coefficients larger than  0.05 for root  1
      energy=   -3929.676417
      conf/sym  111111111111     Coeff  Weight
             8  2222u2d00000  -0.22403 0.05019
             9  2222u20d0000   0.18359 0.03371
            11  2222u2000d00   0.08606 0.00741
            59  2222ud200000  -0.63719 0.40601
            60  2222udud0000   0.07158 0.00512
            61  2222ud020000   0.36215 0.13115
            66  2222ud0u0d00   0.31183 0.09724
            68  2222ud000200   0.12741 0.01623
           479  2222uudd0000   0.35103 0.12322
           482  2222uud00d00   0.18698 0.03496
           704  2222u02d0000  -0.15933 0.02539
           705  2222u0d20000  -0.10834 0.01174
           712  2222u0200d00  -0.08423 0.00709
           713  2222u0du0d00  -0.10391 0.01080
           744  2222u020000d   0.05906 0.00349

      printout of CI-coefficients larger than  0.05 for root  2
      energy=   -3929.656529
      conf/sym  111111111111     Coeff  Weight
            14  222u22d00000  -0.19510 0.03807
            15  222u220d0000   0.17842 0.03183
            17  222u22000d00   0.08349 0.00697
            20  22u222d00000   0.08567 0.00734
            21  22u2220d0000  -0.08081 0.00653
            80  222u2d200000  -0.57241 0.32765
            81  222u2dud0000   0.05341 0.00285
            82  222u2d020000   0.33296 0.11086
            87  222u2d0u0d00   0.27483 0.07553
            89  222u2d000200   0.10723 0.01150
           101  22u22d200000   0.25407 0.06455
           103  22u22d020000  -0.14688 0.02157
           108  22u22d0u0d00  -0.12257 0.01502
           122  2u222d200000  -0.05774 0.00333
           494  222u2udd0000   0.33271 0.11070
           497  222u2ud00d00   0.16721 0.02796
           509  22u22udd0000  -0.14976 0.02243
           512  22u22ud00d00  -0.07518 0.00565
           774  222u202d0000  -0.15649 0.02449
           775  222u20d20000  -0.09517 0.00906
           782  222u20200d00  -0.08082 0.00653
           783  222u20du0d00  -0.09019 0.00813
           814  222u2020000d   0.05092 0.00259
           844  22u2202d0000   0.07027 0.00494

      printout of CI-coefficients larger than  0.05 for root  3
      energy=   -3929.652213
      conf/sym  111111111111     Coeff  Weight
             1  222222000000  -0.10835 0.01174
             3  22222u0d0000   0.09812 0.00963
             8  2222u2d00000   0.38038 0.14469
             9  2222u20d0000   0.40223 0.16179
            11  2222u2000d00   0.18164 0.03299
            38  222220200000   0.05612 0.00315
            39  222220ud0000  -0.07205 0.00519
            59  2222ud200000   0.21357 0.04561
            60  2222udud0000  -0.18402 0.03386
            61  2222ud020000  -0.08924 0.00796
            65  2222udu00d00  -0.07357 0.00541
            66  2222ud0u0d00  -0.10208 0.01042
            68  2222ud000200  -0.05097 0.00260
           479  2222uudd0000   0.44121 0.19467
           482  2222uud00d00   0.15916 0.02533
           569  22u2u2dd0000  -0.05247 0.00275
           704  2222u02d0000  -0.39273 0.15424
           705  2222u0d20000   0.22275 0.04962
           712  2222u0200d00  -0.15670 0.02456
           713  2222u0du0d00   0.15940 0.02541
           721  2222u0d00200   0.05827 0.00340
           745  2222u0du000d   0.07378 0.00544

      printout of CI-coefficients larger than  0.05 for root  4
      energy=   -3929.636042
      conf/sym  111111111111     Coeff  Weight
            10  2222u200d000   0.33094 0.10952
            62  2222udu0d000   0.74131 0.54955
            63  2222ud0ud000   0.10014 0.01003
            67  2222ud00ud00   0.09631 0.00928
            70  2222ud0u00d0   0.13022 0.01696
            72  2222ud000ud0   0.09972 0.00994
           480  2222uud0d000   0.06560 0.00430
           481  2222uu0dd000   0.19814 0.03926
           484  2222uu00dd00  -0.13043 0.01701
           485  2222uud000d0   0.06970 0.00486
           491  2222uu00d00d  -0.05658 0.00320
           706  2222u020d000  -0.39402 0.15525
           707  2222u0dud000  -0.08797 0.00774
           708  2222u0udd000   0.05699 0.00325
           716  2222u0d0ud00  -0.06358 0.00404
           724  2222u02000d0  -0.06659 0.00443
           725  2222u0du00d0  -0.05871 0.00345
           750  2222u0u0d00d  -0.08567 0.00734

      printout of CI-coefficients larger than  0.05 for root  5
      energy=   -3929.630883
      conf/sym  111111111111     Coeff  Weight
            14  222u22d00000   0.34534 0.11926
            15  222u220d0000   0.37386 0.13977
            17  222u22000d00   0.12638 0.01597
            20  22u222d00000  -0.16063 0.02580
            21  22u2220d0000  -0.16471 0.02713
            23  22u222000d00  -0.05848 0.00342
            60  2222udud0000  -0.11186 0.01251
            65  2222udu00d00   0.10655 0.01135
            80  222u2d200000   0.21210 0.04499
            81  222u2dud0000  -0.17612 0.03102
            82  222u2d020000  -0.08452 0.00714
            86  222u2du00d00  -0.06208 0.00385
            87  222u2d0u0d00  -0.10063 0.01013
            89  222u2d000200  -0.05103 0.00260
           101  22u22d200000  -0.09143 0.00836
           102  22u22dud0000   0.07963 0.00634
           494  222u2udd0000   0.40046 0.16037
           497  222u2ud00d00   0.10987 0.01207
           509  22u22udd0000  -0.18366 0.03373
           512  22u22ud00d00  -0.05321 0.00283
           712  2222u0200d00  -0.05391 0.00291
           774  222u202d0000  -0.35755 0.12784
           775  222u20d20000   0.20629 0.04255
           782  222u20200d00  -0.11449 0.01311
           783  222u20du0d00   0.14105 0.01990
           791  222u20d00200   0.05017 0.00252
           815  222u20du000d   0.06425 0.00413
           844  22u2202d0000   0.16298 0.02656
           845  22u220d20000  -0.09320 0.00869
           852  22u220200d00   0.05436 0.00296
           853  22u220du0d00  -0.06396 0.00409

      Natural orbitals and occupation numbers for root  1
      sym 1:   1.999125   1.994781   1.984711   1.999267   1.003311   0.996844   1.200882   0.798320   0.012019   0.007810
               0.001230   0.001699

      Natural orbitals and occupation numbers for root  2
      sym 1:   1.998761   1.993049   1.984624   1.011764   1.999047   0.988730   1.191227   0.807684   0.013150   0.008659
               0.001440   0.001865

      Natural orbitals and occupation numbers for root  3
      sym 1:   1.998458   1.994673   1.984780   1.998898   1.082585   1.173358   0.916828   0.823114   0.012771   0.011185
               0.001383   0.001968

      Natural orbitals and occupation numbers for root  4
      sym 1:   1.999144   1.996624   1.986271   1.998908   1.003328   0.949268   0.998698   0.051431   0.964828   0.009347
               0.037187   0.004966

      Natural orbitals and occupation numbers for root  5
      sym 1:   1.997719   1.993129   1.984611   1.061879   1.960214   1.147186   0.954343   0.833803   0.015085   0.046897
               0.001719   0.003416

      ************************************************************************************************************************
      *                                                                                                                      *
      *                                                    Final results                                                     *
      *                                                                                                                      *
      ************************************************************************************************************************


++    Wave function specifications:
      -----------------------------

      Number of closed shell electrons         200
      Number of electrons in active shells      12
      Max number of holes in RAS1 space          0
      Max nr of electrons in RAS3 space          0
      Number of inactive orbitals              100
      Number of active orbitals                 12
      Number of secondary orbitals             794
      Spin quantum number                      0.0
      State symmetry                             1
--

++    Orbital specifications:
      -----------------------

      Symmetry species                           1
                                                 a
      Frozen orbitals                            0
      Inactive orbitals                        100
      Active orbitals                           12
      RAS1 orbitals                              0
      RAS2 orbitals                             12
      RAS3 orbitals                              0
      Secondary orbitals                       794
      Deleted orbitals                           0
      Number of basis functions                906
--

++    CI expansion specifications:
      ----------------------------

      Number of CSFs                        226512
      Number of determinants                427350
      Number of root(s) required                 5
      CI roots used                              1     2     3     4     5
      weights                                0.200 0.200 0.200 0.200 0.200
      highest root included in the CI            5
      Root passed to geometry opt.               5
--

++    Final optimization conditions:
      ------------------------------

      Average CI energy                           -3929.65041687
      RASSCF energy for state  5                  -3929.63088263
      Super-CI energy                                 0.00000000
      RASSCF energy change                            0.00000000
      Max change in MO coefficients               0.000E+00
      Max non-diagonal density matrix element     0.000E+00
      Maximum BLB matrix element                  7.050E-02
      (orbital pair  97, 106 in symmetry   1)
      Norm of electronic gradient            2.576E-01
--


      Final state energy(ies):
      ------------------------

::    RASSCF root number  1 Total energy:  -3929.67641721
::    RASSCF root number  2 Total energy:  -3929.65652899
::    RASSCF root number  3 Total energy:  -3929.65221324
::    RASSCF root number  4 Total energy:  -3929.63604229
::    RASSCF root number  5 Total energy:  -3929.63088263

++    Molecular orbitals:
      -------------------

      All orbitals are eigenfunctions of the PT2 Fock matrix


      MOLECULAR ORBITALS FOR SYMMETRY SPECIES 1: a  

      INDEX  OCCUPATION  COEFFICIENTS ...
          1 -305.3794                                                                                                                     
               817 NI37   1s     ( 0.9977)
          2 -305.3713                                                                                                                     
               862 NI38   1s     (-0.9977)
          3  -37.6586                                                                                                                     
               817 NI37   1s     (-0.3187) 818 NI37   2s     ( 1.0382)
          4  -37.6509                                                                                                                     
               862 NI38   1s     ( 0.3187) 863 NI38   2s     (-1.0382)
          5  -32.6945                                                                                                                     
               823 NI37   2px    ( 0.8618) 827 NI37   2py    ( 0.4594) 831 NI37   2pz    (-0.1692)
          6  -32.6901                                                                                                                     
               823 NI37   2px    ( 0.1480) 831 NI37   2pz    ( 0.9765)
          7  -32.6867                                                                                                                     
               876 NI38   2pz    (-0.9856)
          8  -32.6784                                                                                                                     
               868 NI38   2px    ( 0.8277) 872 NI38   2py    ( 0.5358) 876 NI38   2pz    (-0.1006)
          9  -32.6752                                                                                                                     
               823 NI37   2px    (-0.4666) 827 NI37   2py    ( 0.8744)
         10  -32.6713                                                                                                                     
               868 NI38   2px    (-0.5405) 872 NI38   2py    ( 0.8304)
         11  -11.2880                                                                                                                     
                 1 C1     1s     (-0.1720)   2 C1     2s     (-0.2253)  32 C2     1s     (-0.4340)  33 C2     2s     (-0.5685)
      
         12  -11.2867                                                                                                                     
                 1 C1     1s     (-0.4331)   2 C1     2s     (-0.5673)  32 C2     1s     ( 0.1715)  33 C2     2s     ( 0.2246)
      
         13  -11.2866                                                                                                                     
                94 C4     1s     ( 0.4395)  95 C4     2s     ( 0.5756) 125 C5     1s     ( 0.1544) 126 C5     2s     ( 0.2023)
      
         14  -11.2851                                                                                                                     
                94 C4     1s     (-0.1545)  95 C4     2s     (-0.2023) 125 C5     1s     ( 0.4404) 126 C5     2s     ( 0.5769)
      
         15  -11.2817                                                                                                                     
               373 C13    1s     ( 0.3452) 374 C13    2s     ( 0.4522) 404 C14    1s     ( 0.3121) 405 C14    2s     ( 0.4089)
      
         16  -11.2805                                                                                                                     
               373 C13    1s     (-0.3114) 374 C13    2s     (-0.4080) 404 C14    1s     ( 0.3436) 405 C14    2s     ( 0.4502)
      
         17  -11.2798                                                                                                                     
               559 C19    1s     ( 0.4010) 560 C19    2s     ( 0.5253) 590 C20    1s     ( 0.2347) 591 C20    2s     ( 0.3075)
      
         18  -11.2785                                                                                                                     
               559 C19    1s     (-0.2325) 560 C19    2s     (-0.3046) 590 C20    1s     ( 0.4001) 591 C20    2s     ( 0.5242)
      
         19  -11.2768                                                                                                                     
               218 C8     1s     ( 0.4636) 219 C8     2s     ( 0.6073)
         20  -11.2764                                                                                                                     
               187 C7     1s     (-0.4643) 188 C7     2s     (-0.6081)
         21  -11.2756                                                                                                                     
               280 C10    1s     (-0.4629) 281 C10    2s     (-0.6063)
         22  -11.2747                                                                                                                     
               311 C11    1s     ( 0.4634) 312 C11    2s     ( 0.6070)
         23  -11.2714                                                                                                                     
                63 C3     1s     (-0.4666)  64 C3     2s     (-0.6112)
         24  -11.2704                                                                                                                     
               156 C6     1s     (-0.4666) 157 C6     2s     (-0.6112)
         25  -11.2584                                                                                                                     
               249 C9     1s     ( 0.4587) 250 C9     2s     ( 0.6009)
         26  -11.2573                                                                                                                     
               342 C12    1s     ( 0.4539) 343 C12    2s     ( 0.5945) 684 C23    2s     ( 0.1230)
         27  -11.2552                                                                                                                     
               435 C15    1s     (-0.2020) 436 C15    2s     (-0.2647) 466 C16    1s     (-0.4156) 467 C16    2s     (-0.5444)
      
         28  -11.2549                                                                                                                     
               343 C12    2s     ( 0.1171) 683 C23    1s     (-0.4218) 684 C23    2s     (-0.5526) 714 C24    1s     (-0.1783)
               715 C24    2s     (-0.2335)
         29  -11.2539                                                                                                                     
               497 C17    1s     ( 0.4511) 498 C17    2s     ( 0.5910) 528 C18    1s     ( 0.1026) 529 C18    2s     ( 0.1345)
      
         30  -11.2535                                                                                                                     
               435 C15    1s     (-0.4196) 436 C15    2s     (-0.5497) 466 C16    1s     ( 0.2024) 467 C16    2s     ( 0.2652)
      
         31  -11.2531                                                                                                                     
               622 C21    2s     (-0.1279) 652 C22    1s     (-0.4372) 653 C22    2s     (-0.5728) 714 C24    1s     (-0.1189)
               715 C24    2s     (-0.1558)
         32  -11.2530                                                                                                                     
               652 C22    1s     ( 0.1147) 653 C22    2s     ( 0.1503) 683 C23    1s     ( 0.1759) 684 C23    2s     ( 0.2304)
               714 C24    1s     (-0.4151) 715 C24    2s     (-0.5439)
         33  -11.2509                                                                                                                     
               497 C17    1s     (-0.1030) 498 C17    2s     (-0.1350) 528 C18    1s     ( 0.4559) 529 C18    2s     ( 0.5973)
      
         34  -11.2500                                                                                                                     
               621 C21    1s     (-0.4563) 622 C21    2s     (-0.5978) 652 C22    1s     ( 0.1013) 653 C22    2s     ( 0.1327)
      
         35   -4.6471                                                                                                                     
               817 NI37   1s     (-0.1174) 818 NI37   2s     ( 0.4614) 819 NI37   3s     (-0.6243) 820 NI37   4s     (-0.4763)
      
         36   -4.6374                                                                                                                     
               862 NI38   1s     (-0.1173) 863 NI38   2s     ( 0.4612) 864 NI38   3s     (-0.6238) 865 NI38   4s     (-0.4759)
      
         37   -3.0590                                                                                                                     
               823 NI37   2px    ( 0.2770) 824 NI37   3px    (-0.6319) 825 NI37   *px    (-0.1985) 827 NI37   2py    ( 0.1567)
               828 NI37   3py    (-0.3575) 829 NI37   *py    (-0.1123) 831 NI37   2pz    (-0.2017) 832 NI37   3pz    ( 0.4602)
               833 NI37   *pz    ( 0.1444)
         38   -3.0563                                                                                                                     
               823 NI37   2px    ( 0.1845) 824 NI37   3px    (-0.4209) 825 NI37   *px    (-0.1324) 828 NI37   3py    (-0.1825)
               831 NI37   2pz    ( 0.2937) 832 NI37   3pz    (-0.6700) 833 NI37   *pz    (-0.2107) 876 NI38   2pz    (-0.1287)
               877 NI38   3pz    ( 0.2937)
         39   -3.0502                                                                                                                     
               824 NI37   3px    ( 0.1526) 831 NI37   2pz    (-0.1099) 832 NI37   3pz    ( 0.2507) 869 NI38   3px    ( 0.1853)
               872 NI38   2py    (-0.1076) 873 NI38   3py    ( 0.2453) 876 NI38   2pz    (-0.3266) 877 NI38   3pz    ( 0.7451)
               878 NI38   *pz    ( 0.2339)
         40   -3.0437                                                                                                                     
               823 NI37   2px    (-0.1074) 824 NI37   3px    ( 0.2447) 827 NI37   2py    ( 0.1929) 828 NI37   3py    (-0.4397)
               829 NI37   *py    (-0.1387) 868 NI38   2px    ( 0.2626) 869 NI38   3px    (-0.5987) 870 NI38   *px    (-0.1885)
               872 NI38   2py    ( 0.1463) 873 NI38   3py    (-0.3336) 874 NI38   *py    (-0.1050) 877 NI38   3pz    ( 0.1440)
      
         41   -3.0418                                                                                                                     
               823 NI37   2px    (-0.1248) 824 NI37   3px    ( 0.2843) 827 NI37   2py    ( 0.2603) 828 NI37   3py    (-0.5933)
               829 NI37   *py    (-0.1871) 832 NI37   3pz    (-0.1052) 868 NI38   2px    (-0.2205) 869 NI38   3px    ( 0.5028)
               870 NI38   *px    ( 0.1583) 877 NI38   3pz    (-0.2176)
         42   -3.0360                                                                                                                     
               828 NI37   3py    ( 0.1706) 868 NI38   2px    (-0.1380) 869 NI38   3px    ( 0.3145) 872 NI38   2py    ( 0.3318)
               873 NI38   3py    (-0.7565) 874 NI38   *py    (-0.2385) 877 NI38   3pz    ( 0.1718)
         43   -1.2400                                                                                                                     
                 3 C1     *s     ( 0.1124)   4 C1     *s     ( 0.1068)  34 C2     *s     ( 0.1131)  35 C2     *s     ( 0.1075)
                65 C3     *s     ( 0.1043)  96 C4     *s     ( 0.1106)  97 C4     *s     ( 0.1054) 127 C5     *s     ( 0.1098)
               128 C5     *s     ( 0.1046) 158 C6     *s     ( 0.1029)
         44   -1.1990                                                                                                                     
                 5 C1     *s     (-0.1012)  36 C2     *s     (-0.1025)  70 C3     *px    ( 0.1147)  98 C4     *s     ( 0.1027)
               129 C5     *s     ( 0.1014) 163 C6     *px    ( 0.1154) 189 C7     *s     (-0.1007) 220 C8     *s     (-0.1012)
               282 C10    *s     ( 0.1028) 313 C11    *s     ( 0.1017)
         45   -1.1846                                                                                                                     
                11 C1     *py    (-0.1206)  65 C3     *s     ( 0.1029)  67 C3     *s     ( 0.1278) 104 C4     *py    (-0.1160)
               158 C6     *s     (-0.1040) 160 C6     *s     (-0.1330) 251 C9     *s     ( 0.1147) 252 C9     *s     ( 0.1054)
               344 C12    *s     (-0.1146) 345 C12    *s     (-0.1054)
         46   -1.1347                                                                                                                     
                67 C3     *s     ( 0.1395) 160 C6     *s     ( 0.1391) 252 C9     *s     ( 0.1048) 345 C12    *s     ( 0.1034)
               375 C13    *s     (-0.1134) 376 C13    *s     (-0.1067) 406 C14    *s     (-0.1146) 407 C14    *s     (-0.1081)
               561 C19    *s     (-0.1133) 562 C19    *s     (-0.1067) 592 C20    *s     (-0.1123) 593 C20    *s     (-0.1052)
      
         47   -1.1293                                                                                                                     
                 5 C1     *s     ( 0.1265)  11 C1     *py    ( 0.1688)  36 C2     *s     (-0.1263)  39 C2     *px    (-0.1280)
                42 C2     *py    ( 0.1166)  98 C4     *s     ( 0.1285) 104 C4     *py    (-0.1717) 129 C5     *s     (-0.1291)
               132 C5     *px    ( 0.1297) 135 C5     *py    (-0.1184) 189 C7     *s     ( 0.1044) 190 C7     *s     ( 0.1099)
               220 C8     *s     (-0.1036) 221 C8     *s     (-0.1092) 282 C10    *s     ( 0.1041) 283 C10    *s     ( 0.1097)
               313 C11    *s     (-0.1045) 314 C11    *s     (-0.1099) 437 C15    *s     (-0.1019) 530 C18    *s     ( 0.1023)
               623 C21    *s     (-0.1017) 716 C24    *s     ( 0.1019)
         48   -1.1104                                                                                                                     
      
         49   -1.0699                                                                                                                     
               375 C13    *s     (-0.1054) 376 C13    *s     (-0.1089) 406 C14    *s     (-0.1060) 407 C14    *s     (-0.1094)
               561 C19    *s     ( 0.1055) 562 C19    *s     ( 0.1089) 592 C20    *s     ( 0.1050) 593 C20    *s     ( 0.1083)
      
         50   -1.0563                                                                                                                     
                 5 C1     *s     (-0.1633)  36 C2     *s     ( 0.1569)  67 C3     *s     (-0.1185)  98 C4     *s     ( 0.1546)
               129 C5     *s     (-0.1617) 160 C6     *s     ( 0.1265) 189 C7     *s     ( 0.1105) 190 C7     *s     ( 0.1137)
               220 C8     *s     (-0.1084) 221 C8     *s     (-0.1115) 251 C9     *s     ( 0.1119) 252 C9     *s     ( 0.1110)
               282 C10    *s     (-0.1088) 283 C10    *s     (-0.1120) 313 C11    *s     ( 0.1110) 314 C11    *s     ( 0.1146)
               344 C12    *s     (-0.1136) 345 C12    *s     (-0.1126)
         51   -1.0394                                                                                                                     
                 3 C1     *s     (-0.1230)   4 C1     *s     (-0.1321)  34 C2     *s     (-0.1227)  35 C2     *s     (-0.1320)
                96 C4     *s     ( 0.1250)  97 C4     *s     ( 0.1345) 127 C5     *s     ( 0.1236) 128 C5     *s     ( 0.1329)
      
         52   -1.0302                                                                                                                     
                64 C3     2s     ( 0.1006)  65 C3     *s     (-0.1466)  66 C3     *s     (-0.1503) 157 C6     2s     (-0.1003)
               158 C6     *s     ( 0.1461) 159 C6     *s     ( 0.1496)
         53   -0.9916                                                                                                                     
               251 C9     *s     ( 0.1045) 252 C9     *s     ( 0.1062) 344 C12    *s     ( 0.1020) 345 C12    *s     ( 0.1033)
               407 C14    *s     ( 0.1008) 593 C20    *s     ( 0.1001)
         54   -0.9902                                                                                                                     
                11 C1     *py    (-0.1706)  39 C2     *px    ( 0.1677)  70 C3     *px    ( 0.1368) 104 C4     *py    ( 0.1691)
               132 C5     *px    (-0.1683) 163 C6     *px    (-0.1380) 468 C16    *s     (-0.1102) 469 C16    *s     (-0.1068)
               499 C17    *s     ( 0.1123) 500 C17    *s     ( 0.1086) 654 C22    *s     (-0.1129) 655 C22    *s     (-0.1088)
               685 C23    *s     ( 0.1101) 686 C23    *s     ( 0.1070)
         55   -0.8876                                                                                                                     
               252 C9     *s     (-0.1105) 345 C12    *s     ( 0.1228) 376 C13    *s     ( 0.1152) 407 C14    *s     (-0.1187)
               562 C19    *s     (-0.1106) 624 C21    *s     (-0.1048) 717 C24    *s     (-0.1009)
         56   -0.8863                                                                                                                     
               190 C7     *s     (-0.1110) 221 C8     *s     (-0.1012) 283 C10    *s     ( 0.1015) 468 C16    *s     ( 0.1191)
               469 C16    *s     ( 0.1297) 685 C23    *s     ( 0.1179) 686 C23    *s     ( 0.1295)
         57   -0.8855                                                                                                                     
                65 C3     *s     (-0.1085)  66 C3     *s     (-0.1369) 158 C6     *s     (-0.1006) 159 C6     *s     (-0.1251)
               500 C17    *s     ( 0.1004)
         58   -0.8845                                                                                                                     
                 4 C1     *s     (-0.1247)   5 C1     *s     (-0.1874)  11 C1     *py    (-0.1840)  35 C2     *s     ( 0.1288)
                36 C2     *s     ( 0.1953)  39 C2     *px    ( 0.1627)  70 C3     *px    ( 0.1053)  97 C4     *s     (-0.1203)
                98 C4     *s     (-0.1984) 104 C4     *py    ( 0.1781) 127 C5     *s     ( 0.1068) 128 C5     *s     ( 0.1379)
               129 C5     *s     ( 0.2017) 132 C5     *px    (-0.1644) 163 C6     *px    (-0.1094)
         59   -0.8662                                                                                                                     
      
         60   -0.8011                                                                                                                     
                11 C1     *py    (-0.1608)  39 C2     *px    ( 0.1435)  70 C3     *px    ( 0.1518) 104 C4     *py    ( 0.1592)
               132 C5     *px    (-0.1436) 163 C6     *px    (-0.1531) 376 C13    *s     (-0.1209) 377 C13    *s     (-0.1290)
               407 C14    *s     ( 0.1206) 408 C14    *s     ( 0.1287) 438 C15    *s     (-0.1009) 439 C15    *s     (-0.1134)
               469 C16    *s     ( 0.1132) 470 C16    *s     ( 0.1264) 500 C17    *s     (-0.1112) 501 C17    *s     (-0.1249)
               531 C18    *s     ( 0.1023) 532 C18    *s     ( 0.1119) 562 C19    *s     (-0.1188) 563 C19    *s     (-0.1257)
               593 C20    *s     ( 0.1194) 594 C20    *s     ( 0.1260) 624 C21    *s     (-0.1018) 625 C21    *s     (-0.1119)
               655 C22    *s     ( 0.1113) 656 C22    *s     ( 0.1248) 686 C23    *s     (-0.1132) 687 C23    *s     (-0.1262)
               717 C24    *s     ( 0.1005) 718 C24    *s     ( 0.1133)
         61   -0.7830                                                                                                                     
                 4 C1     *s     (-0.1054)   5 C1     *s     (-0.1024)  35 C2     *s     ( 0.1050)  36 C2     *s     ( 0.1060)
                66 C3     *s     (-0.1111)  97 C4     *s     ( 0.1070)  98 C4     *s     ( 0.1109) 128 C5     *s     (-0.1077)
               129 C5     *s     (-0.1062) 159 C6     *s     ( 0.1118)
         62   -0.7638                                                                                                                     
      
         63   -0.7610                                                                                                                     
                 5 C1     *s     (-0.1025)  36 C2     *s     ( 0.1073)  98 C4     *s     ( 0.1015) 129 C5     *s     (-0.1003)
               252 C9     *s     (-0.1140) 253 C9     *s     (-0.1129) 345 C12    *s     ( 0.1138) 346 C12    *s     ( 0.1132)
      
         64   -0.7451                                                                                                                     
                 9 C1     2py    ( 0.1122) 102 C4     2py    ( 0.1125)
         65   -0.7221                                                                                                                     
      
         66   -0.6781                                                                                                                     
                66 C3     *s     ( 0.1045) 159 C6     *s     ( 0.1056) 378 C13    2px    (-0.1134) 409 C14    2px    (-0.1086)
               564 C19    2px    ( 0.1151) 595 C20    2px    ( 0.1111)
         67   -0.6687                                                                                                                     
               443 C15    2py    (-0.1126) 474 C16    2py    (-0.1131) 502 C17    2px    (-0.1013) 629 C21    2py    ( 0.1102)
               660 C22    2py    ( 0.1131)
         68   -0.6616                                                                                                                     
                 5 C1     *s     (-0.2065)  36 C2     *s     ( 0.2052)  68 C3     2px    ( 0.1183)  98 C4     *s     (-0.2061)
               129 C5     *s     ( 0.2064) 161 C6     2px    (-0.1189) 190 C7     *s     ( 0.1109) 191 C7     *s     ( 0.1324)
               221 C8     *s     (-0.1098) 222 C8     *s     (-0.1322) 283 C10    *s     ( 0.1096) 284 C10    *s     ( 0.1331)
               314 C11    *s     (-0.1104) 315 C11    *s     (-0.1326) 377 C13    *s     (-0.1107) 408 C14    *s     ( 0.1113)
               563 C19    *s     (-0.1108) 594 C20    *s     ( 0.1103)
         69   -0.6580                                                                                                                     
               381 C13    2py    (-0.1261) 412 C14    2py    ( 0.1393) 413 C14    *py    ( 0.1109) 567 C19    2py    (-0.1254)
               598 C20    2py    ( 0.1401) 599 C20    *py    ( 0.1118)
         70   -0.6551                                                                                                                     
                 9 C1     2py    ( 0.1177)  40 C2     2py    (-0.1006) 102 C4     2py    (-0.1112) 252 C9     *s     ( 0.1220)
               345 C12    *s     ( 0.1195) 346 C12    *s     ( 0.1061)
         71   -0.6535                                                                                                                     
               440 C15    2px    ( 0.1332) 441 C15    *px    ( 0.1025) 471 C16    2px    (-0.1219) 505 C17    2py    ( 0.1058)
               536 C18    2py    (-0.1136) 626 C21    2px    ( 0.1347) 627 C21    *px    ( 0.1032) 657 C22    2px    (-0.1176)
               691 C23    2py    ( 0.1006) 722 C24    2py    (-0.1174)
         72   -0.6140                                                                                                                     
                67 C3     *s     ( 0.1094) 160 C6     *s     ( 0.1100) 253 C9     *s     (-0.1033)
         73   -0.6118                                                                                                                     
                36 C2     *s     ( 0.1091)  37 C2     2px    (-0.1294)  38 C2     *px    (-0.1062)  68 C3     2px    ( 0.1299)
                69 C3     *px    ( 0.1031) 129 C5     *s     (-0.1113) 130 C5     2px    (-0.1257) 131 C5     *px    (-0.1008)
               161 C6     2px    ( 0.1246) 162 C6     *px    ( 0.1004) 378 C13    2px    (-0.1087) 564 C19    2px    (-0.1004)
      
         74   -0.6117                                                                                                                     
                 5 C1     *s     (-0.2287)   8 C1     *px    ( 0.1103)  36 C2     *s     ( 0.2100)  42 C2     *py    (-0.1207)
                98 C4     *s     ( 0.2258) 129 C5     *s     (-0.2087) 135 C5     *py    (-0.1273) 166 C6     *py    ( 0.1137)
               253 C9     *s     (-0.1167) 346 C12    *s     ( 0.1560) 443 C15    2py    (-0.1160) 629 C21    2py    (-0.1197)
               719 C24    2px    ( 0.1045)
         75   -0.6100                                                                                                                     
      
         76   -0.6029                                                                                                                     
                 9 C1     2py    ( 0.1021)  40 C2     2py    (-0.1179) 102 C4     2py    ( 0.1016) 133 C5     2py    (-0.1246)
               474 C16    2py    (-0.1145) 660 C22    2py    (-0.1250)
         77   -0.5875                                                                                                                     
                73 C3     *py    ( 0.1099) 166 C6     *py    (-0.1046) 253 C9     *s     (-0.1061) 346 C12    *s     (-0.1038)
               381 C13    2py    ( 0.1328) 382 C13    *py    ( 0.1071) 412 C14    2py    (-0.1135) 440 C15    2px    ( 0.1018)
               567 C19    2py    (-0.1328) 568 C19    *py    (-0.1068) 598 C20    2py    ( 0.1140)
         78   -0.5832                                                                                                                     
                 8 C1     *px    (-0.1036)  11 C1     *py    ( 0.1560)  42 C2     *py    ( 0.1671) 101 C4     *px    ( 0.1035)
               104 C4     *py    (-0.1549) 135 C5     *py    (-0.1670) 440 C15    2px    ( 0.1339) 441 C15    *px    ( 0.1025)
               471 C16    2px    (-0.1458) 472 C16    *px    (-0.1143) 505 C17    2py    (-0.1343) 506 C17    *py    (-0.1047)
               536 C18    2py    ( 0.1233) 626 C21    2px    (-0.1367) 627 C21    *px    (-0.1046) 657 C22    2px    ( 0.1481)
               658 C22    *px    ( 0.1162) 691 C23    2py    ( 0.1325) 692 C23    *py    ( 0.1033) 722 C24    2py    (-0.1212)
      
         79   -0.5653                                                                                                                     
               198 C7     2pz    (-0.1012) 229 C8     2pz    (-0.1024) 291 C10    2pz    ( 0.1049) 292 C10    *pz    ( 0.1025)
               322 C11    2pz    ( 0.1043) 323 C11    *pz    ( 0.1019)
         80   -0.5556                                                                                                                     
               347 C12    2px    ( 0.1052) 474 C16    2py    ( 0.1030)
         81   -0.5537                                                                                                                     
                 4 C1     *s     (-0.1065)   5 C1     *s     (-0.1883)  35 C2     *s     ( 0.1066)  36 C2     *s     ( 0.1852)
                97 C4     *s     ( 0.1080)  98 C4     *s     ( 0.1876) 128 C5     *s     (-0.1083) 129 C5     *s     (-0.1903)
               159 C6     *s     ( 0.1000) 192 C7     2px    ( 0.1007)
         82   -0.5446                                                                                                                     
      
         83   -0.5399                                                                                                                     
               195 C7     2py    ( 0.1016) 288 C10    2py    ( 0.1022) 536 C18    2py    (-0.1147) 722 C24    2py    (-0.1151)
      
         84   -0.5310                                                                                                                     
                71 C3     2py    (-0.1050) 164 C6     2py    (-0.1052)
         85   -0.5291                                                                                                                     
               254 C9     2px    (-0.1224) 347 C12    2px    (-0.1238) 470 C16    *s     (-0.1175) 501 C17    *s     ( 0.1193)
               502 C17    2px    ( 0.1190) 533 C18    2px    (-0.1097) 656 C22    *s     ( 0.1153) 687 C23    *s     (-0.1196)
               688 C23    2px    ( 0.1194) 719 C24    2px    (-0.1073)
         86   -0.4864                                                                                                                     
                 9 C1     2py    (-0.1042)  71 C3     2py    (-0.1084) 102 C4     2py    ( 0.1046) 133 C5     2py    (-0.1029)
               164 C6     2py    ( 0.1120) 257 C9     2py    ( 0.1108) 350 C12    2py    (-0.1155)
         87   -0.4833                                                                                                                     
                 6 C1     2px    ( 0.1054)  37 C2     2px    (-0.1088)  68 C3     2px    ( 0.1074)  99 C4     2px    (-0.1059)
               130 C5     2px    ( 0.1123) 161 C6     2px    (-0.1093) 191 C7     *s     ( 0.1526) 192 C7     2px    (-0.1058)
               222 C8     *s     (-0.1310) 284 C10    *s     ( 0.1543) 285 C10    2px    ( 0.1072) 315 C11    *s     (-0.1330)
               501 C17    *s     ( 0.1013) 687 C23    *s     ( 0.1015)
         88   -0.4829                                                                                                                     
                 5 C1     *s     (-0.1041)   8 C1     *px    ( 0.1270)  11 C1     *py    ( 0.4933)  36 C2     *s     ( 0.1269)
                39 C2     *px    (-0.4882)  42 C2     *py    ( 0.1430)  70 C3     *px    (-0.4651)  73 C3     *py    (-0.2715)
                98 C4     *s     (-0.1096) 101 C4     *px    (-0.1289) 104 C4     *py    (-0.4828) 129 C5     *s     ( 0.1424)
               132 C5     *px    ( 0.4874) 135 C5     *py    (-0.1355) 163 C6     *px    ( 0.4711) 166 C6     *py    ( 0.2726)
               191 C7     *s     (-0.1078) 198 C7     2pz    ( 0.1075) 199 C7     *pz    ( 0.1091) 256 C9     *px    ( 0.1097)
               284 C10    *s     (-0.1101) 291 C10    2pz    ( 0.1090) 292 C10    *pz    ( 0.1108) 349 C12    *px    (-0.1112)
      
         89   -0.4779                                                                                                                     
                70 C3     *px    ( 0.1033) 104 C4     *py    ( 0.1232) 222 C8     *s     (-0.1077) 260 C9     2pz    (-0.1120)
               261 C9     *pz    (-0.1128) 353 C12    2pz    (-0.1011) 354 C12    *pz    (-0.1016) 415 C14    2pz    ( 0.1073)
               416 C14    *pz    ( 0.1047) 570 C19    2pz    ( 0.1034) 571 C19    *pz    ( 0.1039) 601 C20    2pz    ( 0.1083)
               602 C20    *pz    ( 0.1079) 843 NI37   3d0    ( 0.1776) 844 NI37   *d0    ( 0.1181)
         90   -0.4643                                                                                                                     
               835 NI37   3d2-   ( 0.2317) 836 NI37   *d2-   ( 0.1551) 843 NI37   3d0    (-0.4498) 844 NI37   *d0    (-0.2998)
               845 NI37   *d0    (-0.1941) 851 NI37   3d2+   ( 0.1365)
         91   -0.4522                                                                                                                     
                67 C3     *s     ( 0.1241) 160 C6     *s     ( 0.1073) 663 C22    2pz    (-0.1023) 664 C22    *pz    (-0.1023)
               694 C23    2pz    (-0.1036) 695 C23    *pz    (-0.1034) 843 NI37   3d0    ( 0.1637) 844 NI37   *d0    ( 0.1092)
      
         92   -0.4219                                                                                                                     
                 5 C1     *s     (-0.1319)  36 C2     *s     (-0.1067)  98 C4     *s     ( 0.1094) 129 C5     *s     ( 0.1298)
               416 C14    *pz    (-0.1009) 835 NI37   3d2-   (-0.2294) 836 NI37   *d2-   (-0.1540) 837 NI37   *d2-   (-0.1001)
               843 NI37   3d0    (-0.1428) 880 NI38   3d2-   ( 0.2506) 881 NI38   *d2-   ( 0.1681) 882 NI38   *d2-   ( 0.1092)
               896 NI38   3d2+   ( 0.1751) 897 NI38   *d2+   ( 0.1176)
         93   -0.4201                                                                                                                     
                11 C1     *py    ( 0.1181)  39 C2     *px    (-0.1049)  67 C3     *s     (-0.1899) 160 C6     *s     ( 0.2150)
               835 NI37   3d2-   ( 0.3126) 836 NI37   *d2-   ( 0.2106) 837 NI37   *d2-   ( 0.1382) 851 NI37   3d2+   (-0.3830)
               852 NI37   *d2+   (-0.2586) 853 NI37   *d2+   (-0.1704) 896 NI38   3d2+   ( 0.1147)
         94   -0.4121                                                                                                                     
                39 C2     *px    ( 0.1411)  67 C3     *s     ( 0.1201)  70 C3     *px    ( 0.1043) 129 C5     *s     ( 0.1165)
               197 C7     *py    (-0.1069) 228 C8     *py    ( 0.1053) 439 C15    *s     (-0.1289) 718 C24    *s     (-0.1261)
               835 NI37   3d2-   ( 0.2656) 836 NI37   *d2-   ( 0.1776) 837 NI37   *d2-   ( 0.1143) 843 NI37   3d0    ( 0.2330)
               844 NI37   *d0    ( 0.1558) 845 NI37   *d0    ( 0.1004) 851 NI37   3d2+   ( 0.3472) 852 NI37   *d2+   ( 0.2332)
               853 NI37   *d2+   ( 0.1520) 896 NI38   3d2+   ( 0.1653) 897 NI38   *d2+   ( 0.1113)
         95   -0.4076                                                                                                                     
               104 C4     *py    (-0.1007) 129 C5     *s     (-0.1336) 163 C6     *px    (-0.1091) 290 C10    *py    ( 0.1153)
               532 C18    *s     (-0.1393) 625 C21    *s     (-0.1096) 880 NI38   3d2-   ( 0.4344) 881 NI38   *d2-   ( 0.2913)
               882 NI38   *d2-   ( 0.1891) 896 NI38   3d2+   ( 0.1601) 897 NI38   *d2+   ( 0.1070)
         96   -0.4010                                                                                                                     
                98 C4     *s     ( 0.1891) 129 C5     *s     (-0.1302) 835 NI37   3d2-   ( 0.1758) 836 NI37   *d2-   ( 0.1180)
               880 NI38   3d2-   ( 0.1860) 881 NI38   *d2-   ( 0.1257) 896 NI38   3d2+   (-0.3609) 897 NI38   *d2+   (-0.2436)
               898 NI38   *d2+   (-0.1609)
         97   -0.3933                                                                                                                     
                 5 C1     *s     ( 0.2701)   8 C1     *px    (-0.2294)  36 C2     *s     (-0.2823)  39 C2     *px    ( 0.1464)
                42 C2     *py    ( 0.1834)  67 C3     *s     ( 0.3597)  70 C3     *px    ( 0.1138)  73 C3     *py    (-0.1955)
                98 C4     *s     (-0.2273) 101 C4     *px    (-0.2564) 129 C5     *s     ( 0.2328) 132 C5     *px    ( 0.1729)
               135 C5     *py    ( 0.1998) 160 C6     *s     (-0.3524) 163 C6     *px    ( 0.1215) 166 C6     *py    (-0.1925)
               191 C7     *s     ( 0.1638) 222 C8     *s     (-0.1622) 253 C9     *s     ( 0.1300) 260 C9     2pz    (-0.1057)
               261 C9     *pz    (-0.1062) 284 C10    *s     (-0.1752) 315 C11    *s     ( 0.1774) 346 C12    *s     (-0.1353)
               353 C12    2pz    ( 0.1080) 354 C12    *pz    ( 0.1086) 880 NI38   3d2-   ( 0.1584) 881 NI38   *d2-   ( 0.1068)
               896 NI38   3d2+   (-0.2698) 897 NI38   *d2+   (-0.1820) 898 NI38   *d2+   (-0.1203)
         98   -0.3720                                                                                                                     
               446 C15    2pz    ( 0.1190) 447 C15    *pz    ( 0.1187) 477 C16    2pz    ( 0.1106) 478 C16    *pz    ( 0.1107)
               508 C17    2pz    (-0.1082) 509 C17    *pz    (-0.1081) 539 C18    2pz    (-0.1020) 540 C18    *pz    (-0.1015)
               632 C21    2pz    (-0.1143) 633 C21    *pz    (-0.1138) 663 C22    2pz    (-0.1216) 664 C22    *pz    (-0.1215)
               694 C23    2pz    ( 0.1216) 695 C23    *pz    ( 0.1217) 725 C24    2pz    ( 0.1272) 726 C24    *pz    ( 0.1269)
      
         99   -0.3487                                                                                                                     
                 5 C1     *s     (-0.3316)   8 C1     *px    ( 0.1924)  36 C2     *s     ( 0.3562)  39 C2     *px    (-0.1478)
                42 C2     *py    (-0.1444)  67 C3     *s     (-0.3115)  70 C3     *px    (-0.1727)  73 C3     *py    ( 0.1286)
                74 C3     2pz    ( 0.1768)  75 C3     *pz    ( 0.1807)  98 C4     *s     ( 0.3180) 101 C4     *px    ( 0.1569)
               129 C5     *s     (-0.3053) 135 C5     *py    (-0.1823) 160 C6     *s     ( 0.2808) 166 C6     *py    ( 0.2006)
               167 C6     2pz    (-0.1635) 168 C6     *pz    (-0.1673) 539 C18    2pz    (-0.1249) 540 C18    *pz    (-0.1248)
               632 C21    2pz    ( 0.1095) 633 C21    *pz    ( 0.1095) 851 NI37   3d2+   (-0.1015) 896 NI38   3d2+   ( 0.1127)
      
        100   -0.3396                                                                                                                     
                11 C1     *py    (-0.4172)  39 C2     *px    ( 0.3805)  42 C2     *py    (-0.1449)  70 C3     *px    ( 0.3551)
                73 C3     *py    ( 0.2606)  98 C4     *s     ( 0.1283) 101 C4     *px    ( 0.1447) 104 C4     *py    ( 0.4053)
               132 C5     *px    (-0.4037) 163 C6     *px    (-0.3923) 166 C6     *py    (-0.1926) 191 C7     *s     ( 0.1013)
               222 C8     *s     (-0.1013) 284 C10    *s     ( 0.1160) 315 C11    *s     (-0.1222) 446 C15    2pz    (-0.1203)
               447 C15    *pz    (-0.1199) 477 C16    2pz    (-0.1410) 478 C16    *pz    (-0.1410) 479 C16    *pz    (-0.1066)
               508 C17    2pz    ( 0.1117) 509 C17    *pz    ( 0.1111) 663 C22    2pz    (-0.1027) 664 C22    *pz    (-0.1024)
               694 C23    2pz    ( 0.1313) 695 C23    *pz    ( 0.1310) 696 C23    *pz    ( 0.1001) 839 NI37   3d1-   (-0.1330)
               884 NI38   3d1-   ( 0.1346)
        101   -0.4074                                                                                                                     
                 5 C1     *s     (-0.3214)  11 C1     *py    (-0.1894)  36 C2     *s     ( 0.3258)  39 C2     *px    ( 0.1056)
                42 C2     *py    (-0.1801)  98 C4     *s     ( 0.3251) 101 C4     *px    ( 0.1021) 104 C4     *py    (-0.2042)
               129 C5     *s     (-0.3249) 132 C5     *px    ( 0.1349) 135 C5     *py    (-0.1921) 197 C7     *py    ( 0.1342)
               225 C8     *px    (-0.1297) 253 C9     *s     (-0.1216) 290 C10    *py    ( 0.1360) 318 C11    *px    (-0.1372)
               346 C12    *s     ( 0.1260) 377 C13    *s     (-0.2057) 408 C14    *s     ( 0.2077) 439 C15    *s     (-0.1077)
               532 C18    *s     (-0.1100) 563 C19    *s     ( 0.2105) 594 C20    *s     (-0.2076) 625 C21    *s     ( 0.1147)
               718 C24    *s     ( 0.1119) 839 NI37   3d1-   ( 0.3500) 840 NI37   *d1-   ( 0.2329) 841 NI37   *d1-   ( 0.1457)
               847 NI37   3d1+   (-0.1918) 848 NI37   *d1+   (-0.1278) 884 NI38   3d1-   ( 0.3432) 885 NI38   *d1-   ( 0.2284)
               886 NI38   *d1-   ( 0.1421) 892 NI38   3d1+   (-0.2298) 893 NI38   *d1+   (-0.1528)
        102   -0.3625                                                                                                                     
                11 C1     *py    (-0.2369)  36 C2     *s     ( 0.1679)  39 C2     *px    ( 0.1328)  42 C2     *py    (-0.1731)
               104 C4     *py    ( 0.2283) 129 C5     *s     ( 0.1751) 132 C5     *px    (-0.1089) 135 C5     *py    ( 0.1695)
               197 C7     *py    ( 0.1262) 225 C8     *px    (-0.1064) 290 C10    *py    (-0.1231) 377 C13    *s     (-0.1876)
               408 C14    *s     ( 0.1730) 563 C19    *s     (-0.1843) 594 C20    *s     ( 0.1507) 839 NI37   3d1-   ( 0.3200)
               840 NI37   *d1-   ( 0.2125) 841 NI37   *d1-   ( 0.1311) 847 NI37   3d1+   (-0.1939) 848 NI37   *d1+   (-0.1292)
               884 NI38   3d1-   (-0.2497) 885 NI38   *d1-   (-0.1656) 886 NI38   *d1-   (-0.1013) 892 NI38   3d1+   ( 0.2583)
               893 NI38   *d1+   ( 0.1718) 894 NI38   *d1+   ( 0.1058)
        103   -0.3374                                                                                                                     
                 5 C1     *s     ( 0.2127)  36 C2     *s     ( 0.1228)  39 C2     *px    (-0.1381)  67 C3     *s     (-0.2644)
                98 C4     *s     ( 0.2263) 129 C5     *s     ( 0.1594) 132 C5     *px    ( 0.1761) 160 C6     *s     (-0.3254)
               163 C6     *px    ( 0.1107) 261 C9     *pz    ( 0.1011) 318 C11    *px    (-0.1117) 384 C13    2pz    ( 0.1217)
               385 C13    *pz    ( 0.1275) 625 C21    *s     ( 0.1185) 839 NI37   3d1-   (-0.1135) 884 NI38   3d1-   ( 0.2188)
               885 NI38   *d1-   ( 0.1462) 892 NI38   3d1+   ( 0.1704) 893 NI38   *d1+   ( 0.1142)
        104   -0.2546                                                                                                                     
               571 C19    *pz    (-0.1040) 602 C20    *pz    (-0.1040) 884 NI38   3d1-   ( 0.2924) 885 NI38   *d1-   ( 0.1941)
               886 NI38   *d1-   ( 0.1184) 892 NI38   3d1+   ( 0.4076) 893 NI38   *d1+   ( 0.2705) 894 NI38   *d1+   ( 0.1642)
      
        105   -0.1966                                                                                                                     
               888 NI38   3d0    (-0.5853) 889 NI38   *d0    (-0.3899) 890 NI38   *d0    (-0.2514)
        106   -0.0450                                                                                                                     
                 5 C1     *s     (-0.1063)  36 C2     *s     (-0.1188) 821 NI37   *s     ( 0.1200) 822 NI37   *s     ( 0.5238)
               839 NI37   3d1-   ( 0.2370) 840 NI37   *d1-   ( 0.1575) 847 NI37   3d1+   ( 0.4390) 848 NI37   *d1+   ( 0.2918)
               849 NI37   *d1+   ( 0.1762) 867 NI38   *s     ( 0.2509)
        107   -0.0272                                                                                                                     
                 5 C1     *s     ( 0.1437)  11 C1     *py    (-0.1018)  36 C2     *s     ( 0.1481)  67 C3     *s     (-0.4587)
                98 C4     *s     ( 0.1008) 160 C6     *s     (-0.4655) 191 C7     *s     (-0.1039) 222 C8     *s     (-0.1051)
               253 C9     *s     ( 0.1388) 284 C10    *s     (-0.1196) 315 C11    *s     (-0.1148) 346 C12    *s     ( 0.1400)
               352 C12    *py    ( 0.1127) 377 C13    *s     (-0.1127) 408 C14    *s     (-0.1069) 563 C19    *s     (-0.1137)
               594 C20    *s     (-0.1127) 822 NI37   *s     ( 0.6487) 839 NI37   3d1-   (-0.1284) 847 NI37   3d1+   (-0.2368)
               848 NI37   *d1+   (-0.1566) 865 NI38   4s     (-0.1248) 866 NI38   *s     ( 0.1356) 867 NI38   *s     ( 0.8844)
      
        108    0.0014                                                                                                                     
                 5 C1     *s     (-0.2426)  36 C2     *s     (-0.2441)  42 C2     *py    (-0.1027)  70 C3     *px    ( 0.1129)
                98 C4     *s     ( 0.2151) 129 C5     *s     ( 0.2113) 163 C6     *px    ( 0.1189) 191 C7     *s     ( 0.1148)
               194 C7     *px    (-0.1301) 199 C7     *pz    ( 0.1005) 200 C7     *pz    ( 0.1541) 222 C8     *s     ( 0.1190)
               228 C8     *py    (-0.1140) 230 C8     *pz    ( 0.1012) 231 C8     *pz    ( 0.1562) 287 C10    *px    (-0.1269)
               293 C10    *pz    (-0.1477) 321 C11    *py    (-0.1183) 323 C11    *pz    (-0.1009) 324 C11    *pz    (-0.1520)
               377 C13    *s     ( 0.1074) 408 C14    *s     ( 0.1064) 479 C16    *pz    (-0.1345) 510 C17    *pz    ( 0.1468)
               665 C22    *pz    ( 0.1464) 696 C23    *pz    (-0.1350) 820 NI37   4s     ( 0.1111) 821 NI37   *s     (-0.1251)
               822 NI37   *s     (-0.6786) 865 NI38   4s     (-0.1020) 866 NI38   *s     ( 0.1190) 867 NI38   *s     ( 0.5798)
      
        109    0.0163                                                                                                                     
                 5 C1     *s     (-0.1316)   8 C1     *px    ( 0.3082)  36 C2     *s     ( 0.1445)  39 C2     *px    (-0.1025)
                42 C2     *py    (-0.2943)  67 C3     *s     (-0.1658)  73 C3     *py    ( 0.1813)  76 C3     *pz    (-0.1539)
                98 C4     *s     ( 0.1712) 101 C4     *px    ( 0.2920) 129 C5     *s     (-0.1734) 135 C5     *py    (-0.2798)
               160 C6     *s     ( 0.1539) 163 C6     *px    (-0.1145) 166 C6     *py    ( 0.1711) 169 C6     *pz    ( 0.1550)
               191 C7     *s     (-0.2383) 194 C7     *px    ( 0.2054) 197 C7     *py    (-0.1287) 200 C7     *pz    (-0.1401)
               222 C8     *s     ( 0.2324) 228 C8     *py    (-0.2402) 231 C8     *pz    ( 0.1368) 253 C9     *s     (-0.1232)
               260 C9     2pz    ( 0.1274) 261 C9     *pz    ( 0.1302) 262 C9     *pz    ( 0.1990) 284 C10    *s     ( 0.2334)
               287 C10    *px    ( 0.1922) 290 C10    *py    (-0.1474) 293 C10    *pz    ( 0.1505) 315 C11    *s     (-0.2358)
               321 C11    *py    (-0.2382) 324 C11    *pz    (-0.1483) 346 C12    *s     ( 0.1288) 353 C12    2pz    (-0.1281)
               354 C12    *pz    (-0.1308) 355 C12    *pz    (-0.1986) 384 C13    2pz    (-0.1143) 385 C13    *pz    (-0.1215)
               386 C13    *pz    (-0.2359) 415 C14    2pz    ( 0.1136) 416 C14    *pz    ( 0.1209) 417 C14    *pz    ( 0.2356)
               439 C15    *s     ( 0.1831) 446 C15    2pz    (-0.1048) 447 C15    *pz    (-0.1011) 448 C15    *pz    (-0.1957)
               532 C18    *s     ( 0.1888) 539 C18    2pz    (-0.1087) 540 C18    *pz    (-0.1042) 541 C18    *pz    (-0.2115)
               570 C19    2pz    ( 0.1037) 571 C19    *pz    ( 0.1113) 572 C19    *pz    ( 0.2042) 601 C20    2pz    (-0.1046)
               602 C20    *pz    (-0.1123) 603 C20    *pz    (-0.2058) 625 C21    *s     (-0.1855) 632 C21    2pz    ( 0.1104)
               633 C21    *pz    ( 0.1058) 634 C21    *pz    ( 0.2151) 718 C24    *s     (-0.1813) 725 C24    2pz    ( 0.1048)
               726 C24    *pz    ( 0.1010) 727 C24    *pz    ( 0.1961)
        110    0.0443                                                                                                                     
                 5 C1     *s     ( 0.5898)   8 C1     *px    ( 0.1643)  14 C1     *pz    ( 0.1225)  36 C2     *s     ( 0.5899)
                42 C2     *py    ( 0.1928)  45 C2     *pz    ( 0.1230)  70 C3     *px    (-0.2333)  73 C3     *py    (-0.1161)
                98 C4     *s     (-0.6225) 101 C4     *px    ( 0.1726) 104 C4     *py    (-0.1213) 107 C4     *pz    (-0.1080)
               129 C5     *s     (-0.6216) 135 C5     *py    ( 0.2102) 138 C5     *pz    (-0.1076) 163 C6     *px    (-0.2157)
               166 C6     *py    (-0.1433) 191 C7     *s     (-0.2662) 194 C7     *px    ( 0.2002) 200 C7     *pz    (-0.1126)
               222 C8     *s     (-0.2662) 225 C8     *px    ( 0.1521) 228 C8     *py    ( 0.1448) 231 C8     *pz    (-0.1127)
               256 C9     *px    ( 0.1529) 259 C9     *py    ( 0.1127) 284 C10    *s     ( 0.3052) 287 C10    *px    ( 0.2055)
               293 C10    *pz    ( 0.1202) 315 C11    *s     ( 0.3051) 318 C11    *px    ( 0.1647) 321 C11    *py    ( 0.1427)
               324 C11    *pz    ( 0.1203) 349 C12    *px    ( 0.1733) 386 C13    *pz    ( 0.1350) 417 C14    *pz    ( 0.1339)
               439 C15    *s     ( 0.1380) 470 C16    *s     (-0.2374) 479 C16    *pz    ( 0.1822) 501 C17    *s     ( 0.2480)
               510 C17    *pz    (-0.1540) 532 C18    *s     (-0.1674) 572 C19    *pz    (-0.1341) 603 C20    *pz    (-0.1346)
               625 C21    *s     (-0.1666) 656 C22    *s     ( 0.2472) 665 C22    *pz    (-0.1534) 687 C23    *s     (-0.2370)
               696 C23    *pz    ( 0.1816) 718 C24    *s     ( 0.1377) 822 NI37   *s     (-0.7750) 867 NI38   *s     ( 0.7325)
      
        111    0.0795                                                                                                                     
                 5 C1     *s     ( 0.4184)   8 C1     *px    ( 0.1409)  12 C1     2pz    ( 0.1525)  13 C1     *pz    ( 0.1650)
                14 C1     *pz    ( 0.2886)  36 C2     *s     (-0.4170)  42 C2     *py    (-0.1695)  43 C2     2pz    (-0.1516)
                44 C2     *pz    (-0.1640)  45 C2     *pz    (-0.2871)  70 C3     *px    ( 0.2632)  73 C3     *py    ( 0.1395)
                98 C4     *s     ( 0.3963) 101 C4     *px    (-0.1740) 104 C4     *py    ( 0.1047) 105 C4     2pz    ( 0.1565)
               106 C4     *pz    ( 0.1694) 107 C4     *pz    ( 0.2937) 129 C5     *s     (-0.3993) 135 C5     *py    ( 0.2045)
               136 C5     2pz    (-0.1566) 137 C5     *pz    (-0.1694) 138 C5     *pz    (-0.2935) 163 C6     *px    (-0.2524)
               166 C6     *py    (-0.1598) 194 C7     *px    ( 0.1181) 197 C7     *py    ( 0.1702) 200 C7     *pz    ( 0.1153)
               225 C8     *px    (-0.2057) 231 C8     *pz    (-0.1157) 256 C9     *px    (-0.1814) 259 C9     *py    (-0.1066)
               287 C10    *px    (-0.1383) 290 C10    *py    (-0.1586) 293 C10    *pz    ( 0.1016) 318 C11    *px    ( 0.2067)
               324 C11    *pz    (-0.1003) 349 C12    *px    ( 0.1844) 352 C12    *py    ( 0.1023) 377 C13    *s     (-0.1935)
               380 C13    *px    ( 0.1593) 383 C13    *py    ( 0.2171) 386 C13    *pz    (-0.2967) 408 C14    *s     ( 0.1931)
               411 C14    *px    (-0.2675) 417 C14    *pz    ( 0.2968) 445 C15    *py    ( 0.1003) 448 C15    *pz    ( 0.1782)
               470 C16    *s     ( 0.1185) 479 C16    *pz    (-0.1281) 501 C17    *s     (-0.1222) 510 C17    *pz    ( 0.1273)
               541 C18    *pz    (-0.1588) 563 C19    *s     (-0.1976) 566 C19    *px    (-0.1620) 569 C19    *py    (-0.2215)
               570 C19    2pz    (-0.1031) 572 C19    *pz    (-0.3184) 594 C20    *s     ( 0.1980) 597 C20    *px    ( 0.2726)
               601 C20    2pz    ( 0.1030) 603 C20    *pz    ( 0.3181) 634 C21    *pz    ( 0.1580) 656 C22    *s     ( 0.1214)
               665 C22    *pz    (-0.1266) 687 C23    *s     (-0.1206) 696 C23    *pz    ( 0.1306) 727 C24    *pz    (-0.1800)
      
        112    0.0820                                                                                                                     
                 5 C1     *s     ( 0.2907)  11 C1     *py    (-0.1894)  14 C1     *pz    (-0.1648)  36 C2     *s     ( 0.2865)
                39 C2     *px    (-0.1099)  42 C2     *py    ( 0.1737)  45 C2     *pz    (-0.1659)  67 C3     *s     (-1.0772)
                70 C3     *px    ( 0.1614)  73 C3     *py    (-0.2827)  74 C3     2pz    ( 0.1732)  75 C3     *pz    ( 0.1783)
                76 C3     *pz    ( 0.3082)  98 C4     *s     ( 0.2524) 104 C4     *py    ( 0.1842) 107 C4     *pz    (-0.1671)
               129 C5     *s     ( 0.2529) 132 C5     *px    ( 0.1103) 135 C5     *py    (-0.1562) 138 C5     *pz    (-0.1681)
               160 C6     *s     (-1.0766) 163 C6     *px    (-0.1720) 166 C6     *py    ( 0.2755) 167 C6     2pz    ( 0.1728)
               168 C6     *pz    ( 0.1780) 169 C6     *pz    ( 0.3076) 191 C7     *s     (-0.4125) 222 C8     *s     (-0.4142)
               253 C9     *s     ( 0.6484) 256 C9     *px    ( 0.2008) 259 C9     *py    (-0.3402) 262 C9     *pz    ( 0.1384)
               284 C10    *s     (-0.3941) 315 C11    *s     (-0.3934) 346 C12    *s     ( 0.6468) 349 C12    *px    (-0.1910)
               352 C12    *py    ( 0.3457) 355 C12    *pz    ( 0.1390) 380 C13    *px    (-0.1260) 414 C14    *py    (-0.1034)
               439 C15    *s     ( 0.2407) 448 C15    *pz    ( 0.2640) 473 C16    *px    (-0.1141) 479 C16    *pz    (-0.2962)
               507 C17    *py    ( 0.1107) 510 C17    *pz    (-0.3080) 532 C18    *s     ( 0.2330) 541 C18    *pz    ( 0.2693)
               566 C19    *px    ( 0.1179) 625 C21    *s     ( 0.2297) 634 C21    *pz    ( 0.2697) 659 C22    *px    ( 0.1104)
               665 C22    *pz    (-0.3083) 693 C23    *py    (-0.1159) 696 C23    *pz    (-0.2958) 718 C24    *s     ( 0.2428)
               727 C24    *pz    ( 0.2624) 821 NI37   *s     (-0.1143) 822 NI37   *s     ( 0.1620) 866 NI38   *s     (-0.1092)
               867 NI38   *s     ( 0.2245)
        113    0.1027                                                                                                                     
                 5 C1     *s     ( 0.1561)   8 C1     *px    (-0.2735)  36 C2     *s     ( 0.1624)  39 C2     *px    (-0.2193)
                42 C2     *py    (-0.1963)  67 C3     *s     (-0.3127)  70 C3     *px    (-0.2831)  73 C3     *py    ( 0.4908)
                76 C3     *pz    ( 0.1011)  98 C4     *s     ( 0.1641) 101 C4     *px    ( 0.2856) 129 C5     *s     ( 0.1608)
               132 C5     *px    ( 0.2183) 135 C5     *py    ( 0.1931) 160 C6     *s     (-0.2987) 163 C6     *px    ( 0.2869)
               166 C6     *py    (-0.4796) 169 C6     *pz    ( 0.1012) 197 C7     *py    (-0.1586) 198 C7     2pz    (-0.1303)
               199 C7     *pz    (-0.1302) 200 C7     *pz    (-0.4158) 225 C8     *px    (-0.1600) 229 C8     2pz    (-0.1306)
               230 C8     *pz    (-0.1304) 231 C8     *pz    (-0.4160) 253 C9     *s     (-0.4373) 259 C9     *py    ( 0.1475)
               260 C9     2pz    (-0.1316) 261 C9     *pz    (-0.1274) 262 C9     *pz    (-0.4006) 290 C10    *py    ( 0.1403)
               291 C10    2pz    (-0.1292) 292 C10    *pz    (-0.1300) 293 C10    *pz    (-0.4059) 318 C11    *px    ( 0.1519)
               322 C11    2pz    (-0.1289) 323 C11    *pz    (-0.1297) 324 C11    *pz    (-0.4044) 346 C12    *s     (-0.4333)
               352 C12    *py    (-0.1506) 353 C12    2pz    (-0.1311) 354 C12    *pz    (-0.1269) 355 C12    *pz    (-0.3985)
               377 C13    *s     ( 0.3156) 380 C13    *px    (-0.2710) 386 C13    *pz    ( 0.1945) 408 C14    *s     ( 0.3053)
               411 C14    *px    (-0.1947) 414 C14    *py    (-0.1968) 417 C14    *pz    ( 0.1961) 439 C15    *s     (-0.1230)
               448 C15    *pz    ( 0.1936) 479 C16    *pz    ( 0.1799) 510 C17    *pz    ( 0.1838) 532 C18    *s     (-0.1250)
               541 C18    *pz    ( 0.1862) 563 C19    *s     ( 0.2948) 566 C19    *px    ( 0.2500) 572 C19    *pz    ( 0.1923)
               594 C20    *s     ( 0.2961) 597 C20    *px    ( 0.1845) 600 C20    *py    ( 0.1824) 603 C20    *pz    ( 0.1908)
               625 C21    *s     (-0.1194) 634 C21    *pz    ( 0.1862) 665 C22    *pz    ( 0.1823) 696 C23    *pz    ( 0.1785)
               718 C24    *s     (-0.1308) 727 C24    *pz    ( 0.1940) 747 H25    *s     ( 0.1815) 753 H26    *s     ( 0.1810)
               783 H31    *s     ( 0.1650) 789 H32    *s     ( 0.1649) 822 NI37   *s     (-0.1473) 867 NI38   *s     (-0.1437)
      
        114    0.1348                                                                                                                     
                 5 C1     *s     ( 0.6680)   8 C1     *px    ( 0.5921)  11 C1     *py    ( 1.2433)  36 C2     *s     (-0.6680)
                39 C2     *px    (-1.3722)  42 C2     *py    ( 0.1093)  67 C3     *s     ( 0.1280)  70 C3     *px    (-0.8964)
                73 C3     *py    (-0.6200)  98 C4     *s     ( 0.5939) 101 C4     *px    (-0.7103) 104 C4     *py    (-1.3755)
               129 C5     *s     (-0.5992) 132 C5     *px    ( 1.5443) 160 C6     *s     (-0.1214) 163 C6     *px    ( 0.9830)
               166 C6     *py    ( 0.4662) 191 C7     *s     (-1.2218) 194 C7     *px    ( 0.4367) 197 C7     *py    (-0.6072)
               222 C8     *s     ( 1.2248) 225 C8     *px    ( 0.3059) 228 C8     *py    (-0.6854) 256 C9     *px    ( 0.2349)
               284 C10    *s     (-1.3223) 287 C10    *px    (-0.4385) 290 C10    *py    ( 0.6997) 315 C11    *s     ( 1.3249)
               318 C11    *px    (-0.3851) 321 C11    *py    ( 0.7296) 349 C12    *px    (-0.1863) 352 C12    *py    (-0.1635)
               377 C13    *s     ( 0.4406) 380 C13    *px    (-0.3879) 383 C13    *py    (-0.1367) 384 C13    2pz    (-0.1173)
               385 C13    *pz    (-0.1315) 386 C13    *pz    (-0.4349) 408 C14    *s     (-0.4360) 411 C14    *px    ( 0.3144)
               414 C14    *py    ( 0.2730) 415 C14    2pz    ( 0.1173) 416 C14    *pz    ( 0.1313) 417 C14    *pz    ( 0.4348)
               439 C15    *s     ( 0.4612) 442 C15    *px    ( 0.1850) 446 C15    2pz    (-0.1126) 447 C15    *pz    (-0.1126)
               448 C15    *pz    (-0.2862) 477 C16    2pz    ( 0.1189) 478 C16    *pz    ( 0.1141) 479 C16    *pz    ( 0.3140)
               508 C17    2pz    (-0.1181) 509 C17    *pz    (-0.1138) 510 C17    *pz    (-0.3135) 532 C18    *s     (-0.4730)
               535 C18    *px    ( 0.1124) 538 C18    *py    ( 0.1384) 539 C18    2pz    ( 0.1138) 540 C18    *pz    ( 0.1120)
               541 C18    *pz    ( 0.2999) 563 C19    *s     ( 0.6501) 566 C19    *px    ( 0.4461) 569 C19    *py    ( 0.1487)
               570 C19    2pz    (-0.1118) 571 C19    *pz    (-0.1257) 572 C19    *pz    (-0.4048) 594 C20    *s     (-0.6453)
               597 C20    *px    (-0.3517) 600 C20    *py    (-0.3134) 601 C20    2pz    ( 0.1119) 602 C20    *pz    ( 0.1255)
               603 C20    *pz    ( 0.4063) 625 C21    *s     ( 0.4730) 628 C21    *px    (-0.1765) 632 C21    2pz    (-0.1134)
               633 C21    *pz    (-0.1116) 634 C21    *pz    (-0.2982) 663 C22    2pz    ( 0.1178) 664 C22    *pz    ( 0.1134)
               665 C22    *pz    ( 0.3123) 694 C23    2pz    (-0.1187) 695 C23    *pz    (-0.1139) 696 C23    *pz    (-0.3134)
               718 C24    *s     (-0.4600) 721 C24    *px    (-0.1461) 724 C24    *py    (-0.1247) 725 C24    2pz    ( 0.1123)
               726 C24    *pz    ( 0.1124) 727 C24    *pz    ( 0.2850) 747 H25    *s     ( 0.2945) 753 H26    *s     (-0.3030)
               759 H27    *s     (-0.2402) 777 H30    *s     ( 0.2021) 783 H31    *s     ( 0.2889) 789 H32    *s     (-0.2926)
               795 H33    *s     (-0.2054) 813 H36    *s     ( 0.2338)
        115    0.1373                                                                                                                     
                 4 C1     *s     ( 0.4143)   5 C1     *s     ( 0.5866)   7 C1     *px    ( 0.1521)   8 C1     *px    ( 0.2548)
                11 C1     *py    (-0.1514)  14 C1     *pz    (-0.1602)  35 C2     *s     ( 0.4157)  36 C2     *s     ( 0.6181)
                41 C2     *py    ( 0.1233)  42 C2     *py    ( 0.2801)  45 C2     *pz    (-0.1594)  66 C3     *s     ( 0.2549)
                67 C3     *s     (-1.1971)  70 C3     *px    ( 0.3055)  72 C3     *py    ( 0.1172)  73 C3     *py    (-0.1377)
                97 C4     *s     ( 0.2644)  98 C4     *s     ( 0.5591) 104 C4     *py    ( 0.3131) 128 C5     *s     ( 0.2633)
               129 C5     *s     ( 0.5097) 132 C5     *px    ( 0.3054) 135 C5     *py    (-0.1612) 159 C6     *s     ( 0.2516)
               160 C6     *s     (-1.2231) 166 C6     *py    ( 0.3411) 190 C7     *s     ( 0.1691) 191 C7     *s     (-0.8326)
               193 C7     *px    ( 0.2117) 194 C7     *px    ( 1.0842) 210 C7     *d2+   (-0.1180) 221 C8     *s     ( 0.1682)
               222 C8     *s     (-0.8437) 224 C8     *px    ( 0.1435) 225 C8     *px    ( 0.5956) 227 C8     *py    ( 0.1647)
               228 C8     *py    ( 0.9112) 252 C9     *s     ( 0.1083) 253 C9     *s     ( 1.2374) 256 C9     *px    (-0.1794)
               258 C9     *py    ( 0.1656) 283 C10    *s     ( 0.1175) 284 C10    *s     (-0.5558) 286 C10    *px    (-0.1032)
               287 C10    *px    (-0.3223) 290 C10    *py    (-0.2525) 314 C11    *s     ( 0.1189) 315 C11    *s     (-0.5260)
               318 C11    *px    (-0.3840) 321 C11    *py    (-0.1461) 345 C12    *s     ( 0.1077) 346 C12    *s     ( 1.2399)
               348 C12    *px    ( 0.1248) 349 C12    *px    (-0.1572) 351 C12    *py    (-0.1058) 352 C12    *py    (-0.1056)
               376 C13    *s     (-0.1365) 377 C13    *s     (-1.5578) 379 C13    *px    ( 0.1355) 380 C13    *px    (-1.0751)
               383 C13    *py    ( 0.3279) 386 C13    *pz    (-0.1494) 407 C14    *s     (-0.1379) 408 C14    *s     (-1.5478)
               410 C14    *px    ( 0.1455) 411 C14    *px    (-0.2596) 414 C14    *py    (-1.1082) 417 C14    *pz    (-0.1501)
               438 C15    *s     (-0.2051) 439 C15    *s     (-0.3278) 442 C15    *px    (-0.8230) 444 C15    *py    ( 0.1128)
               445 C15    *py    (-0.8935) 469 C16    *s     (-0.1057) 470 C16    *s     (-1.2815) 475 C16    *py    ( 0.1320)
               501 C17    *s     (-1.0488) 504 C17    *px    (-0.1227) 507 C17    *py    (-0.1598) 535 C18    *px    ( 0.6042)
               563 C19    *s     (-0.6351) 566 C19    *px    ( 0.4471) 569 C19    *py    (-0.1234) 594 C20    *s     (-0.6632)
               597 C20    *px    ( 0.1022) 600 C20    *py    ( 0.4262) 628 C21    *px    ( 0.2826) 631 C21    *py    ( 0.5178)
               656 C22    *s     (-1.0310) 659 C22    *px    (-0.1860) 686 C23    *s     (-0.1008) 687 C23    *s     (-1.2653)
               689 C23    *px    ( 0.1454) 717 C24    *s     (-0.2009) 718 C24    *s     (-0.3183) 720 C24    *px    ( 0.1130)
               721 C24    *px    (-1.1738) 724 C24    *py    (-0.2682) 746 H25    *s     (-0.2430) 747 H25    *s     ( 1.8740)
               752 H26    *s     (-0.2440) 753 H26    *s     ( 1.8849) 758 H27    *s     (-0.1775) 759 H27    *s     ( 1.4314)
               764 H28    *s     (-0.1085) 765 H28    *s     ( 0.6502) 771 H29    *s     ( 0.5468) 777 H30    *s     ( 0.7250)
               782 H31    *s     (-0.1154) 783 H31    *s     ( 0.8141) 788 H32    *s     (-0.1140) 789 H32    *s     ( 0.7953)
               795 H33    *s     ( 0.7021) 801 H34    *s     ( 0.5238) 806 H35    *s     (-0.1051) 807 H35    *s     ( 0.6273)
               812 H36    *s     (-0.1748) 813 H36    *s     ( 1.4127) 822 NI37   *s     ( 0.2383) 834 NI37   *pz    (-0.1134)
               850 NI37   *d1+   ( 0.1190)
        116    0.1426                                                                                                                     
                 4 C1     *s     ( 0.1217)   5 C1     *s     ( 0.1795)   7 C1     *px    ( 0.1392)   8 C1     *px    ( 0.3613)
                11 C1     *py    ( 0.2874)  35 C2     *s     ( 0.1200)  36 C2     *s     ( 0.1653)  38 C2     *px    ( 0.1479)
                39 C2     *px    ( 0.3770)  42 C2     *py    ( 0.1872)  69 C3     *px    ( 0.1767)  70 C3     *px    ( 0.3834)
                73 C3     *py    ( 0.3291)  97 C4     *s     (-0.3334)  98 C4     *s     (-0.3444) 100 C4     *px    ( 0.1962)
               101 C4     *px    ( 0.4441) 104 C4     *py    ( 0.2606) 107 C4     *pz    ( 0.1453) 128 C5     *s     (-0.3331)
               129 C5     *s     (-0.2130) 131 C5     *px    ( 0.1611) 132 C5     *px    ( 0.4085) 134 C5     *py    ( 0.1265)
               135 C5     *py    ( 0.3006) 138 C5     *pz    ( 0.1483) 162 C6     *px    ( 0.1284) 163 C6     *px    ( 0.4998)
               165 C6     *py    ( 0.1233) 166 C6     *py    ( 0.1791) 191 C7     *s     (-0.3725) 193 C7     *px    ( 0.1335)
               194 C7     *px    ( 0.9894) 197 C7     *py    (-0.2948) 222 C8     *s     (-0.3560) 224 C8     *px    ( 0.1284)
               225 C8     *px    ( 0.2498) 228 C8     *py    ( 0.9933) 253 C9     *s     (-0.1987) 255 C9     *px    ( 0.1914)
               256 C9     *px    (-0.4087) 259 C9     *py    (-0.3659) 283 C10    *s     (-0.1214) 284 C10    *s     ( 0.6691)
               286 C10    *px    ( 0.2292) 287 C10    *px    ( 1.4005) 290 C10    *py    (-0.2567) 303 C10    *d2+   ( 0.1222)
               314 C11    *s     (-0.1269) 315 C11    *s     ( 0.5748) 317 C11    *px    ( 0.1643) 318 C11    *px    ( 0.4895)
               320 C11    *py    ( 0.1618) 321 C11    *py    ( 1.3273) 346 C12    *s     (-0.1910) 348 C12    *px    ( 0.1251)
               349 C12    *px    (-0.5267) 351 C12    *py    ( 0.1408) 352 C12    *py    (-0.1995) 377 C13    *s     (-1.0952)
               380 C13    *px    (-0.8043) 383 C13    *py    ( 0.2558) 386 C13    *pz    (-0.1313) 408 C14    *s     (-1.1270)
               410 C14    *px    ( 0.1030) 411 C14    *px    (-0.1739) 414 C14    *py    (-0.8076) 417 C14    *pz    (-0.1289)
               438 C15    *s     (-0.1396) 439 C15    *s     (-0.3190) 442 C15    *px    (-0.7071) 445 C15    *py    (-0.4344)
               470 C16    *s     (-0.1168) 472 C16    *px    ( 0.1133) 473 C16    *px    (-0.3678) 501 C17    *s     ( 0.7791)
               503 C17    *px    ( 0.1805) 504 C17    *px    (-0.1645) 531 C18    *s     ( 0.2525) 532 C18    *s     ( 0.7124)
               534 C18    *px    ( 0.1381) 535 C18    *px    (-1.2045) 538 C18    *py    (-0.4839) 562 C19    *s     ( 0.1127)
               563 C19    *s     ( 1.6832) 565 C19    *px    ( 0.1396) 566 C19    *px    (-1.2380) 569 C19    *py    ( 0.3753)
               572 C19    *pz    ( 0.1903) 593 C20    *s     ( 0.1066) 594 C20    *s     ( 1.7718) 596 C20    *px    ( 0.1518)
               597 C20    *px    (-0.2516) 600 C20    *py    (-1.1995) 603 C20    *pz    ( 0.1797) 624 C21    *s     ( 0.2410)
               625 C21    *s     ( 0.7127) 628 C21    *px    (-1.0066) 630 C21    *py    ( 0.1098) 631 C21    *py    (-0.7600)
               656 C22    *s     ( 0.7238) 658 C22    *px    ( 0.1227) 659 C22    *px    (-0.1374) 661 C22    *py    ( 0.1303)
               662 C22    *py    (-0.1223) 687 C23    *s     (-0.1123) 689 C23    *px    ( 0.1046) 690 C23    *px    (-0.1250)
               693 C23    *py    (-0.3307) 717 C24    *s     (-0.1432) 718 C24    *s     (-0.3481) 721 C24    *px    (-0.7283)
               724 C24    *py    (-0.3926) 746 H25    *s     (-0.1550) 747 H25    *s     ( 1.3089) 752 H26    *s     (-0.1546)
               753 H26    *s     ( 1.3000) 758 H27    *s     (-0.1020) 759 H27    *s     ( 0.8010) 765 H28    *s     (-0.1433)
               771 H29    *s     (-0.4892) 776 H30    *s     ( 0.1956) 777 H30    *s     (-1.5122) 782 H31    *s     ( 0.2504)
               783 H31    *s     (-2.0549) 788 H32    *s     ( 0.2471) 789 H32    *s     (-2.0081) 794 H33    *s     ( 0.1882)
               795 H33    *s     (-1.4594) 801 H34    *s     (-0.4562) 807 H35    *s     (-0.1160) 812 H36    *s     (-0.1039)
               813 H36    *s     ( 0.8112) 822 NI37   *s     ( 0.1873) 867 NI38   *s     (-0.2726) 879 NI38   *pz    ( 0.1229)
               891 NI38   *d0    ( 0.1280)
        117    0.1474                                                                                                                     
                 5 C1     *s     ( 3.1569)   7 C1     *px    ( 0.1861)   8 C1     *px    (-0.2742)  10 C1     *py    (-0.3038)
                11 C1     *py    ( 2.4958)  14 C1     *pz    ( 0.1196)  36 C2     *s     (-3.1059)  38 C2     *px    ( 0.1714)
                39 C2     *px    (-2.0588)  41 C2     *py    (-0.3124)  42 C2     *py    ( 1.4857)  45 C2     *pz    (-0.1229)
                47 C2     *d2-   (-0.1174)  66 C3     *s     (-0.2087)  67 C3     *s     (-3.3281)  69 C3     *px    ( 0.1654)
                70 C3     *px    ( 0.1580)  72 C3     *py    (-0.3269)  73 C3     *py    ( 0.2269)  78 C3     *d2-   ( 0.1020)
                98 C4     *s     (-1.8899) 100 C4     *px    ( 0.1374) 101 C4     *px    ( 0.1211) 103 C4     *py    (-0.2936)
               104 C4     *py    ( 2.4600) 107 C4     *pz    (-0.1097) 129 C5     *s     ( 1.9523) 131 C5     *px    ( 0.1786)
               132 C5     *px    (-2.1703) 134 C5     *py    (-0.2702) 135 C5     *py    ( 1.1155) 138 C5     *pz    ( 0.1029)
               159 C6     *s     ( 0.2152) 160 C6     *s     ( 3.1952) 162 C6     *px    ( 0.1964) 163 C6     *px    (-0.2758)
               165 C6     *py    (-0.3060) 171 C6     *d2-   (-0.1024) 190 C7     *s     (-0.1448) 191 C7     *s     (-2.0953)
               193 C7     *px    ( 0.2276) 194 C7     *px    ( 0.2205) 196 C7     *py    (-0.2573) 197 C7     *py    (-0.6929)
               221 C8     *s     ( 0.1452) 222 C8     *s     ( 2.0637) 224 C8     *px    ( 0.1132) 225 C8     *px    ( 0.5050)
               227 C8     *py    (-0.3263) 228 C8     *py    (-0.5508) 233 C8     *d2-   ( 0.1232) 253 C9     *s     ( 0.2396)
               255 C9     *px    ( 0.1494) 256 C9     *px    ( 0.3058) 258 C9     *py    (-0.3288) 259 C9     *py    (-0.8947)
               264 C9     *d2-   (-0.1720) 284 C10    *s     ( 1.3043) 286 C10    *px    ( 0.1800) 287 C10    *px    ( 0.2334)
               289 C10    *py    (-0.2268) 290 C10    *py    (-0.6491) 315 C11    *s     (-1.3543) 318 C11    *px    ( 0.4159)
               320 C11    *py    (-0.2732) 321 C11    *py    (-0.5562) 326 C11    *d2-   (-0.1051) 346 C12    *s     (-0.1557)
               348 C12    *px    ( 0.2068) 349 C12    *px    ( 0.6205) 351 C12    *py    (-0.2946) 352 C12    *py    (-0.6915)
               357 C12    *d2-   ( 0.1565) 365 C12    *d2+   ( 0.1076) 376 C13    *s     (-0.1789) 377 C13    *s     ( 2.4653)
               380 C13    *px    (-1.9110) 382 C13    *py    (-0.1537) 386 C13    *pz    (-0.2738) 407 C14    *s     ( 0.1730)
               408 C14    *s     (-2.4767) 410 C14    *px    ( 0.1006) 411 C14    *px    ( 1.0030) 413 C14    *py    (-0.1382)
               414 C14    *py    ( 1.6152) 417 C14    *pz    ( 0.2727) 438 C15    *s     ( 0.3640) 439 C15    *s     ( 0.8390)
               441 C15    *px    ( 0.1086) 442 C15    *px    ( 0.2781) 444 C15    *py    (-0.2403) 445 C15    *py    ( 0.8144)
               450 C15    *d2-   (-0.1215) 469 C16    *s     ( 0.3687) 470 C16    *s     ( 1.0332) 473 C16    *px    (-0.8200)
               475 C16    *py    (-0.2202) 476 C16    *py    ( 0.4962) 481 C16    *d2-   ( 0.1015) 500 C17    *s     ( 0.3132)
               501 C17    *s     ( 0.4635) 503 C17    *px    ( 0.1295) 504 C17    *px    (-0.1784) 506 C17    *py    (-0.1249)
               507 C17    *py    ( 1.0781) 531 C18    *s     ( 0.2783) 532 C18    *s     ( 1.1234) 534 C18    *px    ( 0.1155)
               535 C18    *px    (-0.4096) 537 C18    *py    (-0.2011) 538 C18    *py    ( 0.1080) 562 C19    *s     ( 0.1315)
               563 C19    *s     (-1.8364) 566 C19    *px    (-1.2897) 568 C19    *py    (-0.1303) 572 C19    *pz    ( 0.1899)
               593 C20    *s     (-0.1408) 594 C20    *s     ( 1.7713) 597 C20    *px    ( 0.6247) 599 C20    *py    (-0.1155)
               600 C20    *py    ( 1.1836) 603 C20    *pz    (-0.1968) 624 C21    *s     (-0.2826) 625 C21    *s     (-1.0879)
               627 C21    *px    ( 0.1118) 628 C21    *px    ( 0.1469) 630 C21    *py    (-0.2015) 631 C21    *py    ( 0.4564)
               636 C21    *d2-   ( 0.1001) 655 C22    *s     (-0.3096) 656 C22    *s     (-0.5195) 659 C22    *px    (-0.8194)
               661 C22    *py    (-0.1765) 662 C22    *py    ( 0.6582) 686 C23    *s     (-0.3637) 687 C23    *s     (-1.0718)
               689 C23    *px    ( 0.1832) 692 C23    *py    (-0.1200) 693 C23    *py    ( 0.9276) 717 C24    *s     (-0.3613)
               718 C24    *s     (-0.7860) 720 C24    *px    ( 0.1529) 721 C24    *px    (-0.8676) 723 C24    *py    (-0.2119)
               724 C24    *py    ( 0.1757) 747 H25    *s     ( 1.1832) 753 H26    *s     (-1.1626) 758 H27    *s     ( 0.2184)
               759 H27    *s     (-1.4040) 764 H28    *s     ( 0.2363) 765 H28    *s     (-1.4714) 770 H29    *s     ( 0.2098)
               771 H29    *s     (-1.4201) 776 H30    *s     ( 0.1597) 777 H30    *s     (-0.9821) 783 H31    *s     (-0.7436)
               789 H32    *s     ( 0.8263) 794 H33    *s     (-0.1647) 795 H33    *s     ( 1.0301) 800 H34    *s     (-0.2083)
               801 H34    *s     ( 1.3980) 806 H35    *s     (-0.2336) 807 H35    *s     ( 1.4445) 812 H36    *s     (-0.2181)
               813 H36    *s     ( 1.4100) 830 NI37   *py    ( 0.1116)
--

      Von Neumann Entropy (Root   1) =  2.07741


      Mulliken population analysis for root number:  1
      -----------------------------------------------


++    Molecular charges:
      ------------------

      Mulliken charges per centre and basis function type
      ---------------------------------------------------

                C1      C2      C3      C4      C5      C6      C7      C8      C9      C10     C11     C12   
      1s       0.8547  0.8547  0.8547  0.8547  0.8547  0.8547  0.8547  0.8547  0.8547  0.8547  0.8547  0.8547
      2s       1.1233  1.1233  1.1232  1.1233  1.1233  1.1232  1.1233  1.1233  1.1232  1.1233  1.1233  1.1232
      2px      0.4565  0.4598  0.4575  0.4564  0.4602  0.4574  0.4504  0.4547  0.4646  0.4507  0.4549  0.4646
      2pz      0.3183  0.3184  0.3224  0.3199  0.3200  0.3225  0.3192  0.3191  0.3150  0.3197  0.3199  0.3152
      2py      0.4563  0.4530  0.4612  0.4568  0.4530  0.4613  0.4641  0.4598  0.4597  0.4640  0.4598  0.4597
      3s       0.0000  0.0000  0.0000  0.0000  0.0000  0.0000  0.0000  0.0000  0.0000  0.0000  0.0000  0.0000
      3px      0.0000  0.0000  0.0000  0.0000  0.0000  0.0000  0.0000  0.0000  0.0000  0.0000  0.0000  0.0000
      3pz      0.0000  0.0000  0.0000  0.0000  0.0000  0.0000  0.0000  0.0000  0.0000  0.0000  0.0000  0.0000
      3py      0.0000  0.0000  0.0000  0.0000  0.0000  0.0000  0.0000  0.0000  0.0000  0.0000  0.0000  0.0000
      4s       0.0000  0.0000  0.0000  0.0000  0.0000  0.0000  0.0000  0.0000  0.0000  0.0000  0.0000  0.0000
      3d2+     0.0000  0.0000  0.0000  0.0000  0.0000  0.0000  0.0000  0.0000  0.0000  0.0000  0.0000  0.0000
      3d1+     0.0000  0.0000  0.0000  0.0000  0.0000  0.0000  0.0000  0.0000  0.0000  0.0000  0.0000  0.0000
      3d0      0.0000  0.0000  0.0000  0.0000  0.0000  0.0000  0.0000  0.0000  0.0000  0.0000  0.0000  0.0000
      3d1-     0.0000  0.0000  0.0000  0.0000  0.0000  0.0000  0.0000  0.0000  0.0000  0.0000  0.0000  0.0000
      3d2-     0.0000  0.0000  0.0000  0.0000  0.0000  0.0000  0.0000  0.0000  0.0000  0.0000  0.0000  0.0000
      *s       1.2885  1.2886  1.3363  1.2911  1.2912  1.3362  1.0023  1.0024  1.1099  0.9994  0.9995  1.1099
      *px      0.4294  0.2650  0.4453  0.4297  0.2657  0.4465  0.3638  0.4364  0.3944  0.3634  0.4360  0.3944
      *pz      0.6402  0.6403  0.5878  0.6434  0.6434  0.5881  0.5722  0.5719  0.5862  0.5744  0.5746  0.5866
      *py      0.1472  0.3131  0.3654  0.1474  0.3130  0.3642  0.4664  0.3935  0.3913  0.4654  0.3926  0.3913
      *d2+     0.0505  0.0544  0.0601  0.0501  0.0538  0.0601  0.0423  0.0391  0.0452  0.0423  0.0388  0.0452
      *d1+     0.0247  0.0267  0.0260  0.0248  0.0266  0.0261  0.0212  0.0231  0.0265  0.0212  0.0236  0.0266
      *d0      0.0059  0.0059  0.0034  0.0057  0.0056  0.0034  0.0087  0.0087  0.0059  0.0088  0.0088  0.0059
      *d1-     0.0256  0.0235  0.0259  0.0253  0.0235  0.0258  0.0273  0.0254  0.0233  0.0278  0.0254  0.0232
      *d2-     0.0532  0.0493  0.0632  0.0529  0.0492  0.0632  0.0374  0.0406  0.0507  0.0372  0.0408  0.0507
      *f3+     0.0021  0.0021  0.0021  0.0021  0.0021  0.0021  0.0021  0.0021  0.0022  0.0021  0.0021  0.0022
      *f2+     0.0009  0.0010  0.0011  0.0009  0.0010  0.0011  0.0011  0.0008  0.0008  0.0011  0.0008  0.0008
      *f1+     0.0011  0.0010  0.0011  0.0011  0.0010  0.0011  0.0010  0.0012  0.0011  0.0010  0.0012  0.0011
      *f0      0.0018  0.0018  0.0020  0.0018  0.0018  0.0020  0.0017  0.0017  0.0020  0.0017  0.0017  0.0020
      *f1-     0.0010  0.0011  0.0011  0.0011  0.0011  0.0011  0.0013  0.0010  0.0011  0.0013  0.0010  0.0011
      *f2-     0.0009  0.0009  0.0010  0.0009  0.0009  0.0010  0.0008  0.0011  0.0010  0.0008  0.0011  0.0010
      *f3-     0.0030  0.0030  0.0032  0.0030  0.0030  0.0032  0.0029  0.0029  0.0031  0.0029  0.0029  0.0031
      Total    5.8853  5.8869  6.1441  5.8923  5.8940  6.1445  5.7642  5.7635  5.8621  5.7631  5.7635  5.8626

      N-E      0.1147  0.1131 -0.1441  0.1077  0.1060 -0.1445  0.2358  0.2365  0.1379  0.2369  0.2365  0.1374

                C13     C14     C15     C16     C17     C18     C19     C20     C21     C22     C23     C24   
      1s       0.8548  0.8548  0.8548  0.8549  0.8549  0.8548  0.8548  0.8548  0.8548  0.8549  0.8549  0.8548
      2s       1.1233  1.1233  1.1232  1.1231  1.1231  1.1232  1.1233  1.1233  1.1232  1.1231  1.1231  1.1232
      2px      0.4471  0.4490  0.4716  0.4719  0.4581  0.4520  0.4478  0.4489  0.4716  0.4719  0.4580  0.4520
      2pz      0.3138  0.3135  0.3168  0.3099  0.3096  0.3169  0.3177  0.3175  0.3169  0.3096  0.3099  0.3167
      2py      0.4578  0.4559  0.4482  0.4487  0.4625  0.4677  0.4579  0.4568  0.4480  0.4487  0.4626  0.4678
      3s       0.0000  0.0000  0.0000  0.0000  0.0000  0.0000  0.0000  0.0000  0.0000  0.0000  0.0000  0.0000
      3px      0.0000  0.0000  0.0000  0.0000  0.0000  0.0000  0.0000  0.0000  0.0000  0.0000  0.0000  0.0000
      3pz      0.0000  0.0000  0.0000  0.0000  0.0000  0.0000  0.0000  0.0000  0.0000  0.0000  0.0000  0.0000
      3py      0.0000  0.0000  0.0000  0.0000  0.0000  0.0000  0.0000  0.0000  0.0000  0.0000  0.0000  0.0000
      4s       0.0000  0.0000  0.0000  0.0000  0.0000  0.0000  0.0000  0.0000  0.0000  0.0000  0.0000  0.0000
      3d2+     0.0000  0.0000  0.0000  0.0000  0.0000  0.0000  0.0000  0.0000  0.0000  0.0000  0.0000  0.0000
      3d1+     0.0000  0.0000  0.0000  0.0000  0.0000  0.0000  0.0000  0.0000  0.0000  0.0000  0.0000  0.0000
      3d0      0.0000  0.0000  0.0000  0.0000  0.0000  0.0000  0.0000  0.0000  0.0000  0.0000  0.0000  0.0000
      3d1-     0.0000  0.0000  0.0000  0.0000  0.0000  0.0000  0.0000  0.0000  0.0000  0.0000  0.0000  0.0000
      3d2-     0.0000  0.0000  0.0000  0.0000  0.0000  0.0000  0.0000  0.0000  0.0000  0.0000  0.0000  0.0000
      *s       1.2123  1.2121  1.2457  1.2161  1.2165  1.2453  1.2141  1.2142  1.2453  1.2164  1.2162  1.2456
      *px      0.5322  0.5048  0.5057  0.5131  0.4942  0.5327  0.5345  0.5052  0.5057  0.5131  0.4942  0.5328
      *pz      0.6311  0.6303  0.6555  0.6492  0.6481  0.6555  0.6419  0.6417  0.6555  0.6479  0.6490  0.6554
      *py      0.4919  0.5195  0.5193  0.5129  0.5320  0.4919  0.4919  0.5214  0.5190  0.5131  0.5319  0.4921
      *d2+     0.0278  0.0284  0.0278  0.0280  0.0315  0.0311  0.0274  0.0284  0.0278  0.0280  0.0315  0.0311
      *d1+     0.0120  0.0207  0.0236  0.0236  0.0207  0.0067  0.0119  0.0210  0.0236  0.0237  0.0206  0.0067
      *d0      0.0099  0.0099  0.0053  0.0048  0.0048  0.0053  0.0091  0.0092  0.0053  0.0048  0.0048  0.0053
      *d1-     0.0265  0.0178  0.0109  0.0102  0.0132  0.0279  0.0267  0.0176  0.0110  0.0102  0.0132  0.0278
      *d2-     0.0268  0.0263  0.0330  0.0322  0.0287  0.0297  0.0268  0.0258  0.0330  0.0322  0.0287  0.0297
      *f3+     0.0019  0.0019  0.0019  0.0019  0.0019  0.0019  0.0019  0.0019  0.0019  0.0019  0.0019  0.0019
      *f2+     0.0005  0.0009  0.0009  0.0009  0.0008  0.0003  0.0005  0.0009  0.0009  0.0009  0.0008  0.0003
      *f1+     0.0008  0.0009  0.0009  0.0009  0.0009  0.0009  0.0009  0.0010  0.0009  0.0009  0.0009  0.0009
      *f0      0.0014  0.0014  0.0016  0.0016  0.0016  0.0016  0.0014  0.0014  0.0016  0.0016  0.0016  0.0016
      *f1-     0.0009  0.0008  0.0009  0.0008  0.0009  0.0010  0.0009  0.0009  0.0009  0.0008  0.0009  0.0010
      *f2-     0.0011  0.0006  0.0005  0.0005  0.0005  0.0011  0.0011  0.0006  0.0005  0.0005  0.0005  0.0011
      *f3-     0.0017  0.0017  0.0020  0.0020  0.0020  0.0020  0.0017  0.0017  0.0020  0.0020  0.0020  0.0020
      Total    6.1756  6.1746  6.2500  6.2071  6.2064  6.2492  6.1942  6.1939  6.2495  6.2062  6.2071  6.2497

      N-E     -0.1756 -0.1746 -0.2500 -0.2071 -0.2064 -0.2492 -0.1942 -0.1939 -0.2495 -0.2062 -0.2071 -0.2497

                H25     H26     H27     H28     H29     H30     H31     H32     H33     H34     H35     H36   
      1s       0.2626  0.2626  0.2634  0.2638  0.2638  0.2634  0.2624  0.2625  0.2634  0.2638  0.2638  0.2634
      2s       0.0000  0.0000  0.0000  0.0000  0.0000  0.0000  0.0000  0.0000  0.0000  0.0000  0.0000  0.0000
      2px      0.0000  0.0000  0.0000  0.0000  0.0000  0.0000  0.0000  0.0000  0.0000  0.0000  0.0000  0.0000
      2pz      0.0000  0.0000  0.0000  0.0000  0.0000  0.0000  0.0000  0.0000  0.0000  0.0000  0.0000  0.0000
      2py      0.0000  0.0000  0.0000  0.0000  0.0000  0.0000  0.0000  0.0000  0.0000  0.0000  0.0000  0.0000
      3s       0.0000  0.0000  0.0000  0.0000  0.0000  0.0000  0.0000  0.0000  0.0000  0.0000  0.0000  0.0000
      3px      0.0000  0.0000  0.0000  0.0000  0.0000  0.0000  0.0000  0.0000  0.0000  0.0000  0.0000  0.0000
      3pz      0.0000  0.0000  0.0000  0.0000  0.0000  0.0000  0.0000  0.0000  0.0000  0.0000  0.0000  0.0000
      3py      0.0000  0.0000  0.0000  0.0000  0.0000  0.0000  0.0000  0.0000  0.0000  0.0000  0.0000  0.0000
      4s       0.0000  0.0000  0.0000  0.0000  0.0000  0.0000  0.0000  0.0000  0.0000  0.0000  0.0000  0.0000
      3d2+     0.0000  0.0000  0.0000  0.0000  0.0000  0.0000  0.0000  0.0000  0.0000  0.0000  0.0000  0.0000
      3d1+     0.0000  0.0000  0.0000  0.0000  0.0000  0.0000  0.0000  0.0000  0.0000  0.0000  0.0000  0.0000
      3d0      0.0000  0.0000  0.0000  0.0000  0.0000  0.0000  0.0000  0.0000  0.0000  0.0000  0.0000  0.0000
      3d1-     0.0000  0.0000  0.0000  0.0000  0.0000  0.0000  0.0000  0.0000  0.0000  0.0000  0.0000  0.0000
      3d2-     0.0000  0.0000  0.0000  0.0000  0.0000  0.0000  0.0000  0.0000  0.0000  0.0000  0.0000  0.0000
      *s       0.5666  0.5665  0.5806  0.5773  0.5773  0.5806  0.5660  0.5660  0.5806  0.5773  0.5773  0.5807
      *px      0.0166  0.0066  0.0060  0.0061  0.0064  0.0163  0.0167  0.0066  0.0060  0.0061  0.0064  0.0163
      *pz      0.0044  0.0044  0.0041  0.0041  0.0041  0.0041  0.0045  0.0045  0.0041  0.0041  0.0041  0.0041
      *py      0.0030  0.0131  0.0131  0.0130  0.0128  0.0029  0.0030  0.0131  0.0131  0.0130  0.0128  0.0029
      *d2+     0.0000  0.0000  0.0000  0.0000  0.0000  0.0000  0.0000  0.0000  0.0000  0.0000  0.0000  0.0000
      *d1+     0.0000  0.0000  0.0000  0.0000  0.0000  0.0000  0.0000  0.0000  0.0000  0.0000  0.0000  0.0000
      *d0      0.0000  0.0000  0.0000  0.0000  0.0000  0.0000  0.0000  0.0000  0.0000  0.0000  0.0000  0.0000
      *d1-     0.0000  0.0000  0.0000  0.0000  0.0000  0.0000  0.0000  0.0000  0.0000  0.0000  0.0000  0.0000
      *d2-     0.0000  0.0000  0.0000  0.0000  0.0000  0.0000  0.0000  0.0000  0.0000  0.0000  0.0000  0.0000
      *f3+     0.0000  0.0000  0.0000  0.0000  0.0000  0.0000  0.0000  0.0000  0.0000  0.0000  0.0000  0.0000
      *f2+     0.0000  0.0000  0.0000  0.0000  0.0000  0.0000  0.0000  0.0000  0.0000  0.0000  0.0000  0.0000
      *f1+     0.0000  0.0000  0.0000  0.0000  0.0000  0.0000  0.0000  0.0000  0.0000  0.0000  0.0000  0.0000
      *f0      0.0000  0.0000  0.0000  0.0000  0.0000  0.0000  0.0000  0.0000  0.0000  0.0000  0.0000  0.0000
      *f1-     0.0000  0.0000  0.0000  0.0000  0.0000  0.0000  0.0000  0.0000  0.0000  0.0000  0.0000  0.0000
      *f2-     0.0000  0.0000  0.0000  0.0000  0.0000  0.0000  0.0000  0.0000  0.0000  0.0000  0.0000  0.0000
      *f3-     0.0000  0.0000  0.0000  0.0000  0.0000  0.0000  0.0000  0.0000  0.0000  0.0000  0.0000  0.0000
      Total    0.8533  0.8532  0.8674  0.8644  0.8643  0.8673  0.8526  0.8526  0.8673  0.8643  0.8644  0.8674

      N-E      0.1467  0.1468  0.1326  0.1356  0.1357  0.1327  0.1474  0.1474  0.1327  0.1357  0.1356  0.1326

                NI37    NI38  
      1s       1.9997  1.9997
      2s       2.0007  2.0007
      2px      1.9958  1.9958
      2pz      1.9958  1.9958
      2py      1.9958  1.9958
      3s       1.1584  1.1581
      3px      1.5694  1.5692
      3pz      1.5738  1.5741
      3py      1.5676  1.5678
      4s       0.8147  0.8148
      3d2+     0.9380  0.9342
      3d1+     0.6354  1.0040
      3d0      0.9844  0.5017
      3d1-     0.8931  1.0023
      3d2-     0.9572  0.9553
      *s       1.1762  1.1850
      *px      0.4888  0.4890
      *pz      0.5382  0.5405
      *py      0.4808  0.4808
      *d2+     0.9899  0.9899
      *d1+     0.6398  0.9764
      *d0      0.9939  0.5038
      *d1-     0.8853  0.9808
      *d2-     0.9913  0.9927
      *f3+     0.0000  0.0000
      *f2+     0.0000  0.0000
      *f1+     0.0000  0.0000
      *f0      0.0001  0.0000
      *f1-     0.0000  0.0000
      *f2-     0.0000  0.0000
      *f3-     0.0000  0.0000
      Total   28.2639 28.2080

      N-E     -0.2639 -0.2080

      Total electronic charge=  212.000000

      Total            charge=   -0.000000
--



      Expectation values of various properties for root number:  1
      -----------------------------------------------------------


++    Molecular properties:
      ---------------------

      Charge (e):
                      =   -0.0000
      Dipole Moment (Debye):
      Origin of the operator (Ang)=    0.0000    0.0000    0.0000
                   X= -4.4616E-03               Y=  1.7455E-02               Z= -9.0077E+00           Total=  9.0077E+00
      Quadrupole Moment (Debye*Ang):
      Origin of the operator (Ang)=    0.0000   -0.0000    0.5165
                  XX= -1.3874E+02              XY= -2.0831E+00              XZ= -3.4774E-01              YY= -1.3644E+02
                  YZ= -2.0192E-01              ZZ= -2.0301E+02
      In traceless form (Debye*Ang)
                  XX=  3.0987E+01              XY= -3.1246E+00              XZ= -5.2161E-01              YY=  3.4437E+01
                  YZ= -3.0288E-01              ZZ= -6.5424E+01
--

      Von Neumann Entropy (Root   2) =  2.08952


      Mulliken population analysis for root number:  2
      -----------------------------------------------


++    Molecular charges:
      ------------------

      Mulliken charges per centre and basis function type
      ---------------------------------------------------

                C1      C2      C3      C4      C5      C6      C7      C8      C9      C10     C11     C12   
      1s       0.8547  0.8547  0.8547  0.8547  0.8547  0.8547  0.8547  0.8547  0.8547  0.8547  0.8547  0.8547
      2s       1.1233  1.1233  1.1232  1.1233  1.1233  1.1232  1.1233  1.1233  1.1232  1.1233  1.1233  1.1232
      2px      0.4565  0.4597  0.4574  0.4564  0.4598  0.4574  0.4504  0.4547  0.4646  0.4504  0.4547  0.4646
      2pz      0.3165  0.3155  0.3232  0.3152  0.3167  0.3232  0.3196  0.3198  0.3149  0.3191  0.3193  0.3158
      2py      0.4563  0.4530  0.4612  0.4564  0.4530  0.4613  0.4641  0.4597  0.4597  0.4642  0.4598  0.4597
      3s       0.0000  0.0000  0.0000  0.0000  0.0000  0.0000  0.0000  0.0000  0.0000  0.0000  0.0000  0.0000
      3px      0.0000  0.0000  0.0000  0.0000  0.0000  0.0000  0.0000  0.0000  0.0000  0.0000  0.0000  0.0000
      3pz      0.0000  0.0000  0.0000  0.0000  0.0000  0.0000  0.0000  0.0000  0.0000  0.0000  0.0000  0.0000
      3py      0.0000  0.0000  0.0000  0.0000  0.0000  0.0000  0.0000  0.0000  0.0000  0.0000  0.0000  0.0000
      4s       0.0000  0.0000  0.0000  0.0000  0.0000  0.0000  0.0000  0.0000  0.0000  0.0000  0.0000  0.0000
      3d2+     0.0000  0.0000  0.0000  0.0000  0.0000  0.0000  0.0000  0.0000  0.0000  0.0000  0.0000  0.0000
      3d1+     0.0000  0.0000  0.0000  0.0000  0.0000  0.0000  0.0000  0.0000  0.0000  0.0000  0.0000  0.0000
      3d0      0.0000  0.0000  0.0000  0.0000  0.0000  0.0000  0.0000  0.0000  0.0000  0.0000  0.0000  0.0000
      3d1-     0.0000  0.0000  0.0000  0.0000  0.0000  0.0000  0.0000  0.0000  0.0000  0.0000  0.0000  0.0000
      3d2-     0.0000  0.0000  0.0000  0.0000  0.0000  0.0000  0.0000  0.0000  0.0000  0.0000  0.0000  0.0000
      *s       1.2871  1.2873  1.3372  1.2920  1.2915  1.3373  1.0028  1.0028  1.1097  1.0011  1.0011  1.1098
      *px      0.4292  0.2646  0.4448  0.4298  0.2645  0.4454  0.3640  0.4365  0.3944  0.3634  0.4355  0.3946
      *pz      0.6372  0.6355  0.5894  0.6345  0.6380  0.5897  0.5733  0.5736  0.5862  0.5728  0.5729  0.5875
      *py      0.1471  0.3132  0.3646  0.1471  0.3132  0.3642  0.4663  0.3936  0.3913  0.4654  0.3929  0.3912
      *d2+     0.0506  0.0544  0.0601  0.0503  0.0543  0.0601  0.0423  0.0391  0.0452  0.0422  0.0390  0.0452
      *d1+     0.0247  0.0268  0.0256  0.0247  0.0269  0.0258  0.0210  0.0231  0.0267  0.0210  0.0230  0.0266
      *d0      0.0059  0.0059  0.0034  0.0061  0.0061  0.0034  0.0087  0.0088  0.0059  0.0087  0.0088  0.0059
      *d1-     0.0255  0.0235  0.0257  0.0257  0.0235  0.0257  0.0274  0.0253  0.0233  0.0270  0.0254  0.0234
      *d2-     0.0532  0.0493  0.0632  0.0530  0.0492  0.0632  0.0374  0.0406  0.0507  0.0373  0.0405  0.0507
      *f3+     0.0021  0.0021  0.0021  0.0021  0.0021  0.0021  0.0021  0.0021  0.0022  0.0021  0.0021  0.0022
      *f2+     0.0009  0.0010  0.0010  0.0009  0.0010  0.0011  0.0010  0.0008  0.0008  0.0010  0.0007  0.0008
      *f1+     0.0011  0.0010  0.0011  0.0011  0.0010  0.0011  0.0010  0.0012  0.0011  0.0010  0.0012  0.0011
      *f0      0.0018  0.0018  0.0020  0.0018  0.0018  0.0020  0.0017  0.0017  0.0020  0.0017  0.0017  0.0020
      *f1-     0.0010  0.0011  0.0011  0.0010  0.0011  0.0011  0.0013  0.0010  0.0011  0.0013  0.0010  0.0011
      *f2-     0.0009  0.0009  0.0010  0.0009  0.0009  0.0010  0.0008  0.0011  0.0010  0.0008  0.0011  0.0010
      *f3-     0.0030  0.0030  0.0032  0.0030  0.0030  0.0032  0.0029  0.0029  0.0031  0.0029  0.0029  0.0031
      Total    5.8786  5.8776  6.1453  5.8799  5.8854  6.1464  5.7663  5.7662  5.8620  5.7614  5.7616  5.8642

      N-E      0.1214  0.1224 -0.1453  0.1201  0.1146 -0.1464  0.2337  0.2338  0.1380  0.2386  0.2384  0.1358

                C13     C14     C15     C16     C17     C18     C19     C20     C21     C22     C23     C24   
      1s       0.8548  0.8548  0.8548  0.8549  0.8549  0.8548  0.8548  0.8548  0.8548  0.8549  0.8549  0.8548
      2s       1.1233  1.1233  1.1232  1.1231  1.1231  1.1232  1.1233  1.1233  1.1232  1.1231  1.1231  1.1232
      2px      0.4468  0.4490  0.4716  0.4719  0.4581  0.4520  0.4469  0.4487  0.4716  0.4720  0.4580  0.4520
      2pz      0.3130  0.3133  0.3167  0.3100  0.3100  0.3163  0.3100  0.3121  0.3167  0.3101  0.3097  0.3172
      2py      0.4578  0.4557  0.4482  0.4486  0.4626  0.4678  0.4577  0.4560  0.4481  0.4487  0.4625  0.4678
      3s       0.0000  0.0000  0.0000  0.0000  0.0000  0.0000  0.0000  0.0000  0.0000  0.0000  0.0000  0.0000
      3px      0.0000  0.0000  0.0000  0.0000  0.0000  0.0000  0.0000  0.0000  0.0000  0.0000  0.0000  0.0000
      3pz      0.0000  0.0000  0.0000  0.0000  0.0000  0.0000  0.0000  0.0000  0.0000  0.0000  0.0000  0.0000
      3py      0.0000  0.0000  0.0000  0.0000  0.0000  0.0000  0.0000  0.0000  0.0000  0.0000  0.0000  0.0000
      4s       0.0000  0.0000  0.0000  0.0000  0.0000  0.0000  0.0000  0.0000  0.0000  0.0000  0.0000  0.0000
      3d2+     0.0000  0.0000  0.0000  0.0000  0.0000  0.0000  0.0000  0.0000  0.0000  0.0000  0.0000  0.0000
      3d1+     0.0000  0.0000  0.0000  0.0000  0.0000  0.0000  0.0000  0.0000  0.0000  0.0000  0.0000  0.0000
      3d0      0.0000  0.0000  0.0000  0.0000  0.0000  0.0000  0.0000  0.0000  0.0000  0.0000  0.0000  0.0000
      3d1-     0.0000  0.0000  0.0000  0.0000  0.0000  0.0000  0.0000  0.0000  0.0000  0.0000  0.0000  0.0000
      3d2-     0.0000  0.0000  0.0000  0.0000  0.0000  0.0000  0.0000  0.0000  0.0000  0.0000  0.0000  0.0000
      *s       1.2122  1.2120  1.2456  1.2162  1.2162  1.2459  1.2135  1.2130  1.2459  1.2161  1.2163  1.2456
      *px      0.5318  0.5048  0.5056  0.5131  0.4942  0.5329  0.5324  0.5044  0.5057  0.5131  0.4942  0.5327
      *pz      0.6294  0.6299  0.6551  0.6492  0.6493  0.6546  0.6238  0.6288  0.6551  0.6496  0.6486  0.6560
      *py      0.4919  0.5193  0.5193  0.5130  0.5319  0.4921  0.4918  0.5198  0.5194  0.5130  0.5319  0.4921
      *d2+     0.0278  0.0285  0.0278  0.0280  0.0315  0.0311  0.0278  0.0283  0.0278  0.0280  0.0315  0.0311
      *d1+     0.0119  0.0208  0.0237  0.0236  0.0206  0.0067  0.0121  0.0206  0.0237  0.0237  0.0207  0.0067
      *d0      0.0099  0.0099  0.0053  0.0048  0.0048  0.0053  0.0099  0.0099  0.0053  0.0048  0.0048  0.0053
      *d1-     0.0266  0.0178  0.0109  0.0102  0.0131  0.0278  0.0264  0.0177  0.0109  0.0102  0.0132  0.0278
      *d2-     0.0268  0.0263  0.0330  0.0322  0.0287  0.0297  0.0268  0.0261  0.0330  0.0322  0.0287  0.0297
      *f3+     0.0019  0.0019  0.0019  0.0019  0.0019  0.0019  0.0019  0.0019  0.0019  0.0019  0.0019  0.0019
      *f2+     0.0005  0.0009  0.0009  0.0009  0.0008  0.0003  0.0005  0.0009  0.0009  0.0009  0.0009  0.0003
      *f1+     0.0008  0.0009  0.0009  0.0009  0.0009  0.0009  0.0008  0.0009  0.0009  0.0009  0.0009  0.0009
      *f0      0.0014  0.0014  0.0016  0.0016  0.0016  0.0016  0.0014  0.0014  0.0016  0.0016  0.0016  0.0016
      *f1-     0.0009  0.0008  0.0009  0.0008  0.0009  0.0010  0.0009  0.0008  0.0009  0.0008  0.0009  0.0010
      *f2-     0.0011  0.0006  0.0005  0.0005  0.0005  0.0011  0.0011  0.0006  0.0005  0.0005  0.0005  0.0011
      *f3-     0.0017  0.0017  0.0020  0.0020  0.0020  0.0020  0.0017  0.0017  0.0020  0.0020  0.0020  0.0020
      Total    6.1723  6.1735  6.2494  6.2074  6.2075  6.2489  6.1656  6.1717  6.2499  6.2080  6.2069  6.2507

      N-E     -0.1723 -0.1735 -0.2494 -0.2074 -0.2075 -0.2489 -0.1656 -0.1717 -0.2499 -0.2080 -0.2069 -0.2507

                H25     H26     H27     H28     H29     H30     H31     H32     H33     H34     H35     H36   
      1s       0.2626  0.2626  0.2634  0.2638  0.2638  0.2634  0.2626  0.2626  0.2634  0.2638  0.2638  0.2634
      2s       0.0000  0.0000  0.0000  0.0000  0.0000  0.0000  0.0000  0.0000  0.0000  0.0000  0.0000  0.0000
      2px      0.0000  0.0000  0.0000  0.0000  0.0000  0.0000  0.0000  0.0000  0.0000  0.0000  0.0000  0.0000
      2pz      0.0000  0.0000  0.0000  0.0000  0.0000  0.0000  0.0000  0.0000  0.0000  0.0000  0.0000  0.0000
      2py      0.0000  0.0000  0.0000  0.0000  0.0000  0.0000  0.0000  0.0000  0.0000  0.0000  0.0000  0.0000
      3s       0.0000  0.0000  0.0000  0.0000  0.0000  0.0000  0.0000  0.0000  0.0000  0.0000  0.0000  0.0000
      3px      0.0000  0.0000  0.0000  0.0000  0.0000  0.0000  0.0000  0.0000  0.0000  0.0000  0.0000  0.0000
      3pz      0.0000  0.0000  0.0000  0.0000  0.0000  0.0000  0.0000  0.0000  0.0000  0.0000  0.0000  0.0000
      3py      0.0000  0.0000  0.0000  0.0000  0.0000  0.0000  0.0000  0.0000  0.0000  0.0000  0.0000  0.0000
      4s       0.0000  0.0000  0.0000  0.0000  0.0000  0.0000  0.0000  0.0000  0.0000  0.0000  0.0000  0.0000
      3d2+     0.0000  0.0000  0.0000  0.0000  0.0000  0.0000  0.0000  0.0000  0.0000  0.0000  0.0000  0.0000
      3d1+     0.0000  0.0000  0.0000  0.0000  0.0000  0.0000  0.0000  0.0000  0.0000  0.0000  0.0000  0.0000
      3d0      0.0000  0.0000  0.0000  0.0000  0.0000  0.0000  0.0000  0.0000  0.0000  0.0000  0.0000  0.0000
      3d1-     0.0000  0.0000  0.0000  0.0000  0.0000  0.0000  0.0000  0.0000  0.0000  0.0000  0.0000  0.0000
      3d2-     0.0000  0.0000  0.0000  0.0000  0.0000  0.0000  0.0000  0.0000  0.0000  0.0000  0.0000  0.0000
      *s       0.5665  0.5665  0.5806  0.5773  0.5773  0.5806  0.5661  0.5661  0.5806  0.5773  0.5773  0.5807
      *px      0.0166  0.0066  0.0060  0.0061  0.0064  0.0163  0.0166  0.0066  0.0060  0.0061  0.0064  0.0163
      *pz      0.0044  0.0044  0.0041  0.0041  0.0041  0.0041  0.0043  0.0044  0.0041  0.0041  0.0041  0.0041
      *py      0.0030  0.0131  0.0131  0.0130  0.0128  0.0029  0.0030  0.0131  0.0131  0.0130  0.0128  0.0029
      *d2+     0.0000  0.0000  0.0000  0.0000  0.0000  0.0000  0.0000  0.0000  0.0000  0.0000  0.0000  0.0000
      *d1+     0.0000  0.0000  0.0000  0.0000  0.0000  0.0000  0.0000  0.0000  0.0000  0.0000  0.0000  0.0000
      *d0      0.0000  0.0000  0.0000  0.0000  0.0000  0.0000  0.0000  0.0000  0.0000  0.0000  0.0000  0.0000
      *d1-     0.0000  0.0000  0.0000  0.0000  0.0000  0.0000  0.0000  0.0000  0.0000  0.0000  0.0000  0.0000
      *d2-     0.0000  0.0000  0.0000  0.0000  0.0000  0.0000  0.0000  0.0000  0.0000  0.0000  0.0000  0.0000
      *f3+     0.0000  0.0000  0.0000  0.0000  0.0000  0.0000  0.0000  0.0000  0.0000  0.0000  0.0000  0.0000
      *f2+     0.0000  0.0000  0.0000  0.0000  0.0000  0.0000  0.0000  0.0000  0.0000  0.0000  0.0000  0.0000
      *f1+     0.0000  0.0000  0.0000  0.0000  0.0000  0.0000  0.0000  0.0000  0.0000  0.0000  0.0000  0.0000
      *f0      0.0000  0.0000  0.0000  0.0000  0.0000  0.0000  0.0000  0.0000  0.0000  0.0000  0.0000  0.0000
      *f1-     0.0000  0.0000  0.0000  0.0000  0.0000  0.0000  0.0000  0.0000  0.0000  0.0000  0.0000  0.0000
      *f2-     0.0000  0.0000  0.0000  0.0000  0.0000  0.0000  0.0000  0.0000  0.0000  0.0000  0.0000  0.0000
      *f3-     0.0000  0.0000  0.0000  0.0000  0.0000  0.0000  0.0000  0.0000  0.0000  0.0000  0.0000  0.0000
      Total    0.8532  0.8532  0.8674  0.8644  0.8644  0.8673  0.8526  0.8527  0.8673  0.8644  0.8644  0.8674

      N-E      0.1468  0.1468  0.1326  0.1356  0.1356  0.1327  0.1474  0.1473  0.1327  0.1356  0.1356  0.1326

                NI37    NI38  
      1s       1.9997  1.9997
      2s       2.0007  2.0007
      2px      1.9958  1.9958
      2pz      1.9958  1.9958
      2py      1.9958  1.9958
      3s       1.1584  1.1582
      3px      1.5692  1.5690
      3pz      1.5738  1.5740
      3py      1.5675  1.5676
      4s       0.8147  0.8148
      3d2+     0.9381  0.9345
      3d1+     0.6364  0.7115
      3d0      0.9844  0.9810
      3d1-     0.8922  0.8396
      3d2-     0.9572  0.9549
      *s       1.1796  1.1739
      *px      0.4882  0.4868
      *pz      0.5384  0.5396
      *py      0.4808  0.4804
      *d2+     0.9899  0.9900
      *d1+     0.6401  0.7146
      *d0      0.9939  0.9849
      *d1-     0.8844  0.8332
      *d2-     0.9913  0.9923
      *f3+     0.0000  0.0000
      *f2+     0.0000  0.0000
      *f1+     0.0000  0.0000
      *f0      0.0001  0.0000
      *f1-     0.0000  0.0000
      *f2-     0.0000  0.0000
      *f3-     0.0000  0.0000
      Total   28.2662 28.2887

      N-E     -0.2662 -0.2887

      Total electronic charge=  212.000000

      Total            charge=   -0.000000
--



      Expectation values of various properties for root number:  2
      -----------------------------------------------------------


++    Molecular properties:
      ---------------------

      Charge (e):
                      =   -0.0000
      Dipole Moment (Debye):
      Origin of the operator (Ang)=    0.0000    0.0000    0.0000
                   X= -4.7007E-02               Y=  1.1851E-01               Z= -9.3785E+00           Total=  9.3794E+00
      Quadrupole Moment (Debye*Ang):
      Origin of the operator (Ang)=    0.0000   -0.0000    0.5165
                  XX= -1.3745E+02              XY= -1.2987E+00              XZ=  2.5280E-01              YY= -1.3619E+02
                  YZ=  9.7397E-02              ZZ= -2.0282E+02
      In traceless form (Debye*Ang)
                  XX=  3.2052E+01              XY= -1.9480E+00              XZ=  3.7920E-01              YY=  3.3949E+01
                  YZ=  1.4610E-01              ZZ= -6.6001E+01
--

      Von Neumann Entropy (Root   3) =  2.09584


      Mulliken population analysis for root number:  3
      -----------------------------------------------


++    Molecular charges:
      ------------------

      Mulliken charges per centre and basis function type
      ---------------------------------------------------

                C1      C2      C3      C4      C5      C6      C7      C8      C9      C10     C11     C12   
      1s       0.8547  0.8547  0.8547  0.8547  0.8547  0.8547  0.8547  0.8547  0.8547  0.8547  0.8547  0.8547
      2s       1.1233  1.1233  1.1232  1.1233  1.1233  1.1232  1.1233  1.1233  1.1232  1.1233  1.1233  1.1232
      2px      0.4565  0.4598  0.4575  0.4564  0.4602  0.4575  0.4504  0.4548  0.4646  0.4507  0.4549  0.4646
      2pz      0.3183  0.3184  0.3226  0.3200  0.3200  0.3226  0.3222  0.3221  0.3149  0.3221  0.3224  0.3150
      2py      0.4564  0.4530  0.4613  0.4569  0.4530  0.4613  0.4642  0.4598  0.4597  0.4641  0.4598  0.4597
      3s       0.0000  0.0000  0.0000  0.0000  0.0000  0.0000  0.0000  0.0000  0.0000  0.0000  0.0000  0.0000
      3px      0.0000  0.0000  0.0000  0.0000  0.0000  0.0000  0.0000  0.0000  0.0000  0.0000  0.0000  0.0000
      3pz      0.0000  0.0000  0.0000  0.0000  0.0000  0.0000  0.0000  0.0000  0.0000  0.0000  0.0000  0.0000
      3py      0.0000  0.0000  0.0000  0.0000  0.0000  0.0000  0.0000  0.0000  0.0000  0.0000  0.0000  0.0000
      4s       0.0000  0.0000  0.0000  0.0000  0.0000  0.0000  0.0000  0.0000  0.0000  0.0000  0.0000  0.0000
      3d2+     0.0000  0.0000  0.0000  0.0000  0.0000  0.0000  0.0000  0.0000  0.0000  0.0000  0.0000  0.0000
      3d1+     0.0000  0.0000  0.0000  0.0000  0.0000  0.0000  0.0000  0.0000  0.0000  0.0000  0.0000  0.0000
      3d0      0.0000  0.0000  0.0000  0.0000  0.0000  0.0000  0.0000  0.0000  0.0000  0.0000  0.0000  0.0000
      3d1-     0.0000  0.0000  0.0000  0.0000  0.0000  0.0000  0.0000  0.0000  0.0000  0.0000  0.0000  0.0000
      3d2-     0.0000  0.0000  0.0000  0.0000  0.0000  0.0000  0.0000  0.0000  0.0000  0.0000  0.0000  0.0000
      *s       1.2897  1.2895  1.3429  1.2919  1.2918  1.3431  1.0025  1.0026  1.1088  1.0002  1.0001  1.1088
      *px      0.4298  0.2651  0.4434  0.4304  0.2652  0.4450  0.3634  0.4367  0.3944  0.3636  0.4365  0.3947
      *pz      0.6419  0.6418  0.5884  0.6445  0.6448  0.5887  0.5750  0.5748  0.5862  0.5760  0.5763  0.5864
      *py      0.1472  0.3135  0.3646  0.1467  0.3137  0.3632  0.4660  0.3925  0.3909  0.4658  0.3926  0.3906
      *d2+     0.0505  0.0544  0.0601  0.0501  0.0538  0.0601  0.0423  0.0391  0.0452  0.0423  0.0388  0.0452
      *d1+     0.0248  0.0267  0.0260  0.0250  0.0267  0.0261  0.0213  0.0230  0.0268  0.0212  0.0236  0.0271
      *d0      0.0060  0.0060  0.0033  0.0058  0.0058  0.0033  0.0088  0.0088  0.0059  0.0088  0.0088  0.0059
      *d1-     0.0257  0.0237  0.0259  0.0253  0.0236  0.0258  0.0273  0.0255  0.0235  0.0278  0.0254  0.0232
      *d2-     0.0533  0.0493  0.0632  0.0529  0.0492  0.0632  0.0374  0.0406  0.0507  0.0371  0.0407  0.0507
      *f3+     0.0021  0.0021  0.0021  0.0021  0.0021  0.0021  0.0022  0.0021  0.0022  0.0021  0.0021  0.0022
      *f2+     0.0009  0.0010  0.0011  0.0009  0.0010  0.0011  0.0010  0.0008  0.0008  0.0011  0.0008  0.0009
      *f1+     0.0011  0.0010  0.0011  0.0011  0.0010  0.0011  0.0010  0.0012  0.0011  0.0010  0.0012  0.0011
      *f0      0.0018  0.0018  0.0020  0.0018  0.0018  0.0020  0.0017  0.0017  0.0020  0.0017  0.0017  0.0020
      *f1-     0.0010  0.0011  0.0011  0.0010  0.0011  0.0011  0.0013  0.0010  0.0011  0.0013  0.0010  0.0011
      *f2-     0.0009  0.0009  0.0010  0.0009  0.0009  0.0010  0.0008  0.0011  0.0010  0.0008  0.0011  0.0010
      *f3-     0.0030  0.0030  0.0032  0.0030  0.0030  0.0032  0.0029  0.0029  0.0031  0.0029  0.0029  0.0031
      Total    5.8889  5.8902  6.1487  5.8949  5.8969  6.1493  5.7695  5.7690  5.8609  5.7685  5.7687  5.8612

      N-E      0.1111  0.1098 -0.1487  0.1051  0.1031 -0.1493  0.2305  0.2310  0.1391  0.2315  0.2313  0.1388

                C13     C14     C15     C16     C17     C18     C19     C20     C21     C22     C23     C24   
      1s       0.8547  0.8547  0.8548  0.8549  0.8549  0.8548  0.8548  0.8548  0.8548  0.8549  0.8549  0.8548
      2s       1.1233  1.1233  1.1232  1.1231  1.1231  1.1232  1.1233  1.1233  1.1232  1.1231  1.1231  1.1232
      2px      0.4471  0.4490  0.4716  0.4719  0.4581  0.4520  0.4478  0.4489  0.4716  0.4719  0.4581  0.4520
      2pz      0.3132  0.3131  0.3175  0.3122  0.3110  0.3171  0.3174  0.3172  0.3171  0.3110  0.3121  0.3174
      2py      0.4578  0.4559  0.4482  0.4487  0.4626  0.4677  0.4579  0.4568  0.4480  0.4487  0.4626  0.4678
      3s       0.0000  0.0000  0.0000  0.0000  0.0000  0.0000  0.0000  0.0000  0.0000  0.0000  0.0000  0.0000
      3px      0.0000  0.0000  0.0000  0.0000  0.0000  0.0000  0.0000  0.0000  0.0000  0.0000  0.0000  0.0000
      3pz      0.0000  0.0000  0.0000  0.0000  0.0000  0.0000  0.0000  0.0000  0.0000  0.0000  0.0000  0.0000
      3py      0.0000  0.0000  0.0000  0.0000  0.0000  0.0000  0.0000  0.0000  0.0000  0.0000  0.0000  0.0000
      4s       0.0000  0.0000  0.0000  0.0000  0.0000  0.0000  0.0000  0.0000  0.0000  0.0000  0.0000  0.0000
      3d2+     0.0000  0.0000  0.0000  0.0000  0.0000  0.0000  0.0000  0.0000  0.0000  0.0000  0.0000  0.0000
      3d1+     0.0000  0.0000  0.0000  0.0000  0.0000  0.0000  0.0000  0.0000  0.0000  0.0000  0.0000  0.0000
      3d0      0.0000  0.0000  0.0000  0.0000  0.0000  0.0000  0.0000  0.0000  0.0000  0.0000  0.0000  0.0000
      3d1-     0.0000  0.0000  0.0000  0.0000  0.0000  0.0000  0.0000  0.0000  0.0000  0.0000  0.0000  0.0000
      3d2-     0.0000  0.0000  0.0000  0.0000  0.0000  0.0000  0.0000  0.0000  0.0000  0.0000  0.0000  0.0000
      *s       1.2133  1.2129  1.2451  1.2158  1.2162  1.2455  1.2141  1.2139  1.2455  1.2161  1.2159  1.2449
      *px      0.5326  0.5049  0.5055  0.5132  0.4942  0.5327  0.5348  0.5052  0.5055  0.5131  0.4942  0.5327
      *pz      0.6333  0.6328  0.6556  0.6547  0.6509  0.6553  0.6435  0.6426  0.6553  0.6508  0.6543  0.6556
      *py      0.4919  0.5198  0.5192  0.5129  0.5320  0.4918  0.4920  0.5215  0.5191  0.5130  0.5320  0.4918
      *d2+     0.0278  0.0285  0.0278  0.0280  0.0315  0.0311  0.0274  0.0284  0.0278  0.0280  0.0315  0.0311
      *d1+     0.0120  0.0210  0.0242  0.0237  0.0207  0.0067  0.0120  0.0212  0.0240  0.0237  0.0206  0.0067
      *d0      0.0099  0.0100  0.0052  0.0048  0.0048  0.0052  0.0095  0.0096  0.0052  0.0048  0.0048  0.0052
      *d1-     0.0268  0.0178  0.0110  0.0102  0.0132  0.0283  0.0269  0.0177  0.0111  0.0102  0.0133  0.0285
      *d2-     0.0268  0.0263  0.0330  0.0322  0.0287  0.0297  0.0268  0.0257  0.0330  0.0322  0.0287  0.0297
      *f3+     0.0019  0.0019  0.0019  0.0019  0.0019  0.0019  0.0019  0.0019  0.0019  0.0019  0.0019  0.0019
      *f2+     0.0005  0.0009  0.0009  0.0009  0.0008  0.0003  0.0005  0.0009  0.0009  0.0009  0.0008  0.0003
      *f1+     0.0008  0.0009  0.0009  0.0009  0.0009  0.0009  0.0009  0.0010  0.0009  0.0009  0.0009  0.0009
      *f0      0.0014  0.0014  0.0016  0.0016  0.0016  0.0016  0.0014  0.0014  0.0016  0.0016  0.0016  0.0016
      *f1-     0.0009  0.0008  0.0009  0.0008  0.0009  0.0010  0.0009  0.0009  0.0009  0.0008  0.0009  0.0010
      *f2-     0.0011  0.0006  0.0006  0.0005  0.0005  0.0011  0.0011  0.0006  0.0006  0.0005  0.0005  0.0011
      *f3-     0.0017  0.0017  0.0020  0.0020  0.0020  0.0020  0.0017  0.0017  0.0020  0.0020  0.0020  0.0020
      Total    6.1789  6.1781  6.2506  6.2148  6.2103  6.2499  6.1964  6.1951  6.2500  6.2101  6.2146  6.2502

      N-E     -0.1789 -0.1781 -0.2506 -0.2148 -0.2103 -0.2499 -0.1964 -0.1951 -0.2500 -0.2101 -0.2146 -0.2502

                H25     H26     H27     H28     H29     H30     H31     H32     H33     H34     H35     H36   
      1s       0.2626  0.2626  0.2634  0.2638  0.2638  0.2634  0.2625  0.2625  0.2634  0.2638  0.2638  0.2634
      2s       0.0000  0.0000  0.0000  0.0000  0.0000  0.0000  0.0000  0.0000  0.0000  0.0000  0.0000  0.0000
      2px      0.0000  0.0000  0.0000  0.0000  0.0000  0.0000  0.0000  0.0000  0.0000  0.0000  0.0000  0.0000
      2pz      0.0000  0.0000  0.0000  0.0000  0.0000  0.0000  0.0000  0.0000  0.0000  0.0000  0.0000  0.0000
      2py      0.0000  0.0000  0.0000  0.0000  0.0000  0.0000  0.0000  0.0000  0.0000  0.0000  0.0000  0.0000
      3s       0.0000  0.0000  0.0000  0.0000  0.0000  0.0000  0.0000  0.0000  0.0000  0.0000  0.0000  0.0000
      3px      0.0000  0.0000  0.0000  0.0000  0.0000  0.0000  0.0000  0.0000  0.0000  0.0000  0.0000  0.0000
      3pz      0.0000  0.0000  0.0000  0.0000  0.0000  0.0000  0.0000  0.0000  0.0000  0.0000  0.0000  0.0000
      3py      0.0000  0.0000  0.0000  0.0000  0.0000  0.0000  0.0000  0.0000  0.0000  0.0000  0.0000  0.0000
      4s       0.0000  0.0000  0.0000  0.0000  0.0000  0.0000  0.0000  0.0000  0.0000  0.0000  0.0000  0.0000
      3d2+     0.0000  0.0000  0.0000  0.0000  0.0000  0.0000  0.0000  0.0000  0.0000  0.0000  0.0000  0.0000
      3d1+     0.0000  0.0000  0.0000  0.0000  0.0000  0.0000  0.0000  0.0000  0.0000  0.0000  0.0000  0.0000
      3d0      0.0000  0.0000  0.0000  0.0000  0.0000  0.0000  0.0000  0.0000  0.0000  0.0000  0.0000  0.0000
      3d1-     0.0000  0.0000  0.0000  0.0000  0.0000  0.0000  0.0000  0.0000  0.0000  0.0000  0.0000  0.0000
      3d2-     0.0000  0.0000  0.0000  0.0000  0.0000  0.0000  0.0000  0.0000  0.0000  0.0000  0.0000  0.0000
      *s       0.5666  0.5665  0.5806  0.5774  0.5773  0.5806  0.5659  0.5659  0.5806  0.5773  0.5773  0.5807
      *px      0.0166  0.0066  0.0060  0.0061  0.0064  0.0163  0.0166  0.0066  0.0060  0.0061  0.0064  0.0163
      *pz      0.0044  0.0044  0.0041  0.0042  0.0041  0.0041  0.0045  0.0045  0.0041  0.0041  0.0042  0.0041
      *py      0.0030  0.0131  0.0131  0.0130  0.0128  0.0029  0.0030  0.0131  0.0131  0.0130  0.0128  0.0029
      *d2+     0.0000  0.0000  0.0000  0.0000  0.0000  0.0000  0.0000  0.0000  0.0000  0.0000  0.0000  0.0000
      *d1+     0.0000  0.0000  0.0000  0.0000  0.0000  0.0000  0.0000  0.0000  0.0000  0.0000  0.0000  0.0000
      *d0      0.0000  0.0000  0.0000  0.0000  0.0000  0.0000  0.0000  0.0000  0.0000  0.0000  0.0000  0.0000
      *d1-     0.0000  0.0000  0.0000  0.0000  0.0000  0.0000  0.0000  0.0000  0.0000  0.0000  0.0000  0.0000
      *d2-     0.0000  0.0000  0.0000  0.0000  0.0000  0.0000  0.0000  0.0000  0.0000  0.0000  0.0000  0.0000
      *f3+     0.0000  0.0000  0.0000  0.0000  0.0000  0.0000  0.0000  0.0000  0.0000  0.0000  0.0000  0.0000
      *f2+     0.0000  0.0000  0.0000  0.0000  0.0000  0.0000  0.0000  0.0000  0.0000  0.0000  0.0000  0.0000
      *f1+     0.0000  0.0000  0.0000  0.0000  0.0000  0.0000  0.0000  0.0000  0.0000  0.0000  0.0000  0.0000
      *f0      0.0000  0.0000  0.0000  0.0000  0.0000  0.0000  0.0000  0.0000  0.0000  0.0000  0.0000  0.0000
      *f1-     0.0000  0.0000  0.0000  0.0000  0.0000  0.0000  0.0000  0.0000  0.0000  0.0000  0.0000  0.0000
      *f2-     0.0000  0.0000  0.0000  0.0000  0.0000  0.0000  0.0000  0.0000  0.0000  0.0000  0.0000  0.0000
      *f3-     0.0000  0.0000  0.0000  0.0000  0.0000  0.0000  0.0000  0.0000  0.0000  0.0000  0.0000  0.0000
      Total    0.8533  0.8532  0.8674  0.8645  0.8644  0.8674  0.8525  0.8525  0.8674  0.8644  0.8645  0.8674

      N-E      0.1467  0.1468  0.1326  0.1355  0.1356  0.1326  0.1475  0.1475  0.1326  0.1356  0.1355  0.1326

                NI37    NI38  
      1s       1.9997  1.9997
      2s       2.0007  2.0007
      2px      1.9958  1.9958
      2pz      1.9958  1.9958
      2py      1.9958  1.9958
      3s       1.1585  1.1583
      3px      1.5693  1.5692
      3pz      1.5735  1.5740
      3py      1.5676  1.5678
      4s       0.8146  0.8148
      3d2+     0.9380  0.9341
      3d1+     0.6345  1.0019
      3d0      0.9844  0.5036
      3d1-     0.8935  1.0014
      3d2-     0.9574  0.9554
      *s       1.1308  1.1571
      *px      0.4884  0.4888
      *pz      0.5364  0.5422
      *py      0.4807  0.4808
      *d2+     0.9899  0.9899
      *d1+     0.6396  0.9746
      *d0      0.9942  0.5048
      *d1-     0.8858  0.9799
      *d2-     0.9915  0.9928
      *f3+     0.0000  0.0000
      *f2+     0.0000  0.0000
      *f1+     0.0000  0.0000
      *f0      0.0001  0.0000
      *f1-     0.0000  0.0000
      *f2-     0.0000  0.0000
      *f3-     0.0000  0.0000
      Total   28.2163 28.1792

      N-E     -0.2163 -0.1792

      Total electronic charge=  212.000000

      Total            charge=   -0.000000
--



      Expectation values of various properties for root number:  3
      -----------------------------------------------------------


++    Molecular properties:
      ---------------------

      Charge (e):
                      =   -0.0000
      Dipole Moment (Debye):
      Origin of the operator (Ang)=    0.0000    0.0000    0.0000
                   X= -3.1419E-02               Y= -7.2893E-03               Z= -7.9594E+00           Total=  7.9595E+00
      Quadrupole Moment (Debye*Ang):
      Origin of the operator (Ang)=    0.0000   -0.0000    0.5165
                  XX= -1.3961E+02              XY= -1.6563E+00              XZ= -4.4344E-01              YY= -1.3778E+02
                  YZ= -2.4965E-01              ZZ= -2.0060E+02
      In traceless form (Debye*Ang)
                  XX=  2.9579E+01              XY= -2.4845E+00              XZ= -6.6516E-01              YY=  3.2325E+01
                  YZ= -3.7448E-01              ZZ= -6.1904E+01
--

      Von Neumann Entropy (Root   4) =  2.33124


      Mulliken population analysis for root number:  4
      -----------------------------------------------


++    Molecular charges:
      ------------------

      Mulliken charges per centre and basis function type
      ---------------------------------------------------

                C1      C2      C3      C4      C5      C6      C7      C8      C9      C10     C11     C12   
      1s       0.8546  0.8546  0.8547  0.8547  0.8547  0.8547  0.8547  0.8547  0.8547  0.8547  0.8547  0.8547
      2s       1.1234  1.1234  1.1232  1.1233  1.1233  1.1232  1.1233  1.1233  1.1232  1.1233  1.1233  1.1232
      2px      0.4565  0.4597  0.4575  0.4564  0.4602  0.4575  0.4504  0.4548  0.4646  0.4507  0.4550  0.4646
      2pz      0.3281  0.3278  0.3324  0.3222  0.3222  0.3324  0.3209  0.3210  0.3425  0.3222  0.3220  0.3425
      2py      0.4563  0.4530  0.4613  0.4568  0.4530  0.4614  0.4642  0.4597  0.4599  0.4641  0.4599  0.4599
      3s       0.0000  0.0000  0.0000  0.0000  0.0000  0.0000  0.0000  0.0000  0.0000  0.0000  0.0000  0.0000
      3px      0.0000  0.0000  0.0000  0.0000  0.0000  0.0000  0.0000  0.0000  0.0000  0.0000  0.0000  0.0000
      3pz      0.0000  0.0000  0.0000  0.0000  0.0000  0.0000  0.0000  0.0000  0.0000  0.0000  0.0000  0.0000
      3py      0.0000  0.0000  0.0000  0.0000  0.0000  0.0000  0.0000  0.0000  0.0000  0.0000  0.0000  0.0000
      4s       0.0000  0.0000  0.0000  0.0000  0.0000  0.0000  0.0000  0.0000  0.0000  0.0000  0.0000  0.0000
      3d2+     0.0000  0.0000  0.0000  0.0000  0.0000  0.0000  0.0000  0.0000  0.0000  0.0000  0.0000  0.0000
      3d1+     0.0000  0.0000  0.0000  0.0000  0.0000  0.0000  0.0000  0.0000  0.0000  0.0000  0.0000  0.0000
      3d0      0.0000  0.0000  0.0000  0.0000  0.0000  0.0000  0.0000  0.0000  0.0000  0.0000  0.0000  0.0000
      3d1-     0.0000  0.0000  0.0000  0.0000  0.0000  0.0000  0.0000  0.0000  0.0000  0.0000  0.0000  0.0000
      3d2-     0.0000  0.0000  0.0000  0.0000  0.0000  0.0000  0.0000  0.0000  0.0000  0.0000  0.0000  0.0000
      *s       1.2951  1.2949  1.3470  1.2921  1.2920  1.3467  1.0025  1.0026  1.1080  0.9990  0.9992  1.1080
      *px      0.4275  0.2677  0.4436  0.4286  0.2652  0.4468  0.3688  0.4375  0.3949  0.3660  0.4360  0.3954
      *pz      0.6580  0.6575  0.6074  0.6467  0.6464  0.6075  0.5895  0.5895  0.6319  0.5844  0.5841  0.6323
      *py      0.1487  0.3099  0.3660  0.1466  0.3116  0.3628  0.4659  0.3969  0.3911  0.4647  0.3944  0.3906
      *d2+     0.0505  0.0544  0.0601  0.0501  0.0538  0.0601  0.0423  0.0391  0.0452  0.0424  0.0387  0.0452
      *d1+     0.0248  0.0290  0.0284  0.0255  0.0283  0.0267  0.0224  0.0297  0.0273  0.0215  0.0271  0.0265
      *d0      0.0049  0.0049  0.0032  0.0053  0.0053  0.0032  0.0089  0.0089  0.0059  0.0090  0.0090  0.0059
      *d1-     0.0277  0.0235  0.0275  0.0262  0.0235  0.0292  0.0331  0.0257  0.0240  0.0323  0.0267  0.0247
      *d2-     0.0532  0.0494  0.0632  0.0529  0.0492  0.0632  0.0373  0.0405  0.0507  0.0371  0.0408  0.0507
      *f3+     0.0021  0.0021  0.0021  0.0021  0.0021  0.0021  0.0022  0.0022  0.0022  0.0021  0.0021  0.0022
      *f2+     0.0009  0.0011  0.0011  0.0009  0.0010  0.0011  0.0011  0.0009  0.0008  0.0011  0.0008  0.0008
      *f1+     0.0011  0.0010  0.0011  0.0011  0.0010  0.0011  0.0010  0.0012  0.0011  0.0010  0.0012  0.0011
      *f0      0.0018  0.0018  0.0020  0.0018  0.0018  0.0020  0.0017  0.0017  0.0020  0.0017  0.0017  0.0020
      *f1-     0.0010  0.0011  0.0011  0.0010  0.0011  0.0011  0.0013  0.0010  0.0011  0.0013  0.0010  0.0011
      *f2-     0.0010  0.0009  0.0011  0.0010  0.0009  0.0011  0.0009  0.0011  0.0010  0.0009  0.0011  0.0010
      *f3-     0.0030  0.0030  0.0032  0.0030  0.0030  0.0032  0.0029  0.0029  0.0031  0.0029  0.0029  0.0031
      Total    5.9201  5.9206  6.1873  5.8983  5.8997  6.1872  5.7952  5.7950  5.9353  5.7823  5.7820  5.9357

      N-E      0.0799  0.0794 -0.1873  0.1017  0.1003 -0.1872  0.2048  0.2050  0.0647  0.2177  0.2180  0.0643

                C13     C14     C15     C16     C17     C18     C19     C20     C21     C22     C23     C24   
      1s       0.8547  0.8547  0.8548  0.8549  0.8549  0.8548  0.8548  0.8548  0.8548  0.8549  0.8549  0.8548
      2s       1.1234  1.1234  1.1232  1.1231  1.1231  1.1232  1.1233  1.1233  1.1232  1.1231  1.1231  1.1232
      2px      0.4477  0.4502  0.4717  0.4719  0.4581  0.4520  0.4482  0.4495  0.4717  0.4720  0.4580  0.4520
      2pz      0.3417  0.3417  0.3341  0.3092  0.3094  0.3390  0.3325  0.3321  0.3394  0.3094  0.3084  0.3341
      2py      0.4584  0.4559  0.4482  0.4486  0.4626  0.4678  0.4582  0.4568  0.4481  0.4487  0.4625  0.4679
      3s       0.0000  0.0000  0.0000  0.0000  0.0000  0.0000  0.0000  0.0000  0.0000  0.0000  0.0000  0.0000
      3px      0.0000  0.0000  0.0000  0.0000  0.0000  0.0000  0.0000  0.0000  0.0000  0.0000  0.0000  0.0000
      3pz      0.0000  0.0000  0.0000  0.0000  0.0000  0.0000  0.0000  0.0000  0.0000  0.0000  0.0000  0.0000
      3py      0.0000  0.0000  0.0000  0.0000  0.0000  0.0000  0.0000  0.0000  0.0000  0.0000  0.0000  0.0000
      4s       0.0000  0.0000  0.0000  0.0000  0.0000  0.0000  0.0000  0.0000  0.0000  0.0000  0.0000  0.0000
      3d2+     0.0000  0.0000  0.0000  0.0000  0.0000  0.0000  0.0000  0.0000  0.0000  0.0000  0.0000  0.0000
      3d1+     0.0000  0.0000  0.0000  0.0000  0.0000  0.0000  0.0000  0.0000  0.0000  0.0000  0.0000  0.0000
      3d0      0.0000  0.0000  0.0000  0.0000  0.0000  0.0000  0.0000  0.0000  0.0000  0.0000  0.0000  0.0000
      3d1-     0.0000  0.0000  0.0000  0.0000  0.0000  0.0000  0.0000  0.0000  0.0000  0.0000  0.0000  0.0000
      3d2-     0.0000  0.0000  0.0000  0.0000  0.0000  0.0000  0.0000  0.0000  0.0000  0.0000  0.0000  0.0000
      *s       1.2296  1.2294  1.2519  1.2144  1.2162  1.2485  1.2193  1.2193  1.2486  1.2161  1.2145  1.2519
      *px      0.5359  0.5082  0.5056  0.5133  0.4943  0.5329  0.5353  0.5058  0.5057  0.5130  0.4941  0.5332
      *pz      0.7032  0.7030  0.6884  0.6465  0.6477  0.7008  0.6743  0.6734  0.7016  0.6476  0.6443  0.6887
      *py      0.4929  0.5207  0.5211  0.5126  0.5319  0.4928  0.4921  0.5216  0.5200  0.5132  0.5320  0.4934
      *d2+     0.0281  0.0285  0.0277  0.0280  0.0315  0.0311  0.0275  0.0284  0.0278  0.0281  0.0315  0.0310
      *d1+     0.0118  0.0225  0.0237  0.0288  0.0256  0.0072  0.0118  0.0219  0.0234  0.0292  0.0250  0.0068
      *d0      0.0084  0.0084  0.0052  0.0048  0.0048  0.0052  0.0086  0.0087  0.0052  0.0048  0.0048  0.0052
      *d1-     0.0295  0.0189  0.0112  0.0114  0.0152  0.0278  0.0281  0.0181  0.0115  0.0117  0.0152  0.0280
      *d2-     0.0268  0.0265  0.0330  0.0322  0.0287  0.0297  0.0268  0.0258  0.0330  0.0322  0.0287  0.0297
      *f3+     0.0019  0.0019  0.0019  0.0019  0.0019  0.0019  0.0019  0.0019  0.0019  0.0019  0.0019  0.0019
      *f2+     0.0005  0.0010  0.0009  0.0010  0.0010  0.0003  0.0005  0.0010  0.0009  0.0010  0.0010  0.0003
      *f1+     0.0008  0.0009  0.0009  0.0009  0.0009  0.0009  0.0009  0.0010  0.0009  0.0009  0.0009  0.0009
      *f0      0.0014  0.0014  0.0016  0.0016  0.0016  0.0016  0.0014  0.0014  0.0016  0.0016  0.0016  0.0016
      *f1-     0.0009  0.0008  0.0009  0.0008  0.0009  0.0010  0.0009  0.0009  0.0009  0.0008  0.0009  0.0010
      *f2-     0.0012  0.0006  0.0005  0.0005  0.0005  0.0011  0.0011  0.0006  0.0005  0.0005  0.0005  0.0011
      *f3-     0.0017  0.0017  0.0020  0.0020  0.0020  0.0020  0.0017  0.0017  0.0020  0.0020  0.0020  0.0020
      Total    6.3003  6.3003  6.3085  6.2086  6.2128  6.3215  6.2490  6.2476  6.3228  6.2126  6.2058  6.3085

      N-E     -0.3003 -0.3003 -0.3085 -0.2086 -0.2128 -0.3215 -0.2490 -0.2476 -0.3228 -0.2126 -0.2058 -0.3085

                H25     H26     H27     H28     H29     H30     H31     H32     H33     H34     H35     H36   
      1s       0.2626  0.2626  0.2634  0.2638  0.2638  0.2634  0.2624  0.2624  0.2634  0.2638  0.2638  0.2634
      2s       0.0000  0.0000  0.0000  0.0000  0.0000  0.0000  0.0000  0.0000  0.0000  0.0000  0.0000  0.0000
      2px      0.0000  0.0000  0.0000  0.0000  0.0000  0.0000  0.0000  0.0000  0.0000  0.0000  0.0000  0.0000
      2pz      0.0000  0.0000  0.0000  0.0000  0.0000  0.0000  0.0000  0.0000  0.0000  0.0000  0.0000  0.0000
      2py      0.0000  0.0000  0.0000  0.0000  0.0000  0.0000  0.0000  0.0000  0.0000  0.0000  0.0000  0.0000
      3s       0.0000  0.0000  0.0000  0.0000  0.0000  0.0000  0.0000  0.0000  0.0000  0.0000  0.0000  0.0000
      3px      0.0000  0.0000  0.0000  0.0000  0.0000  0.0000  0.0000  0.0000  0.0000  0.0000  0.0000  0.0000
      3pz      0.0000  0.0000  0.0000  0.0000  0.0000  0.0000  0.0000  0.0000  0.0000  0.0000  0.0000  0.0000
      3py      0.0000  0.0000  0.0000  0.0000  0.0000  0.0000  0.0000  0.0000  0.0000  0.0000  0.0000  0.0000
      4s       0.0000  0.0000  0.0000  0.0000  0.0000  0.0000  0.0000  0.0000  0.0000  0.0000  0.0000  0.0000
      3d2+     0.0000  0.0000  0.0000  0.0000  0.0000  0.0000  0.0000  0.0000  0.0000  0.0000  0.0000  0.0000
      3d1+     0.0000  0.0000  0.0000  0.0000  0.0000  0.0000  0.0000  0.0000  0.0000  0.0000  0.0000  0.0000
      3d0      0.0000  0.0000  0.0000  0.0000  0.0000  0.0000  0.0000  0.0000  0.0000  0.0000  0.0000  0.0000
      3d1-     0.0000  0.0000  0.0000  0.0000  0.0000  0.0000  0.0000  0.0000  0.0000  0.0000  0.0000  0.0000
      3d2-     0.0000  0.0000  0.0000  0.0000  0.0000  0.0000  0.0000  0.0000  0.0000  0.0000  0.0000  0.0000
      *s       0.5687  0.5687  0.5808  0.5774  0.5773  0.5806  0.5670  0.5669  0.5806  0.5773  0.5774  0.5808
      *px      0.0167  0.0066  0.0060  0.0061  0.0064  0.0163  0.0167  0.0066  0.0060  0.0061  0.0064  0.0163
      *pz      0.0052  0.0052  0.0045  0.0041  0.0041  0.0047  0.0049  0.0049  0.0047  0.0041  0.0041  0.0045
      *py      0.0030  0.0131  0.0131  0.0130  0.0128  0.0029  0.0030  0.0131  0.0131  0.0130  0.0128  0.0029
      *d2+     0.0000  0.0000  0.0000  0.0000  0.0000  0.0000  0.0000  0.0000  0.0000  0.0000  0.0000  0.0000
      *d1+     0.0000  0.0000  0.0000  0.0000  0.0000  0.0000  0.0000  0.0000  0.0000  0.0000  0.0000  0.0000
      *d0      0.0000  0.0000  0.0000  0.0000  0.0000  0.0000  0.0000  0.0000  0.0000  0.0000  0.0000  0.0000
      *d1-     0.0000  0.0000  0.0000  0.0000  0.0000  0.0000  0.0000  0.0000  0.0000  0.0000  0.0000  0.0000
      *d2-     0.0000  0.0000  0.0000  0.0000  0.0000  0.0000  0.0000  0.0000  0.0000  0.0000  0.0000  0.0000
      *f3+     0.0000  0.0000  0.0000  0.0000  0.0000  0.0000  0.0000  0.0000  0.0000  0.0000  0.0000  0.0000
      *f2+     0.0000  0.0000  0.0000  0.0000  0.0000  0.0000  0.0000  0.0000  0.0000  0.0000  0.0000  0.0000
      *f1+     0.0000  0.0000  0.0000  0.0000  0.0000  0.0000  0.0000  0.0000  0.0000  0.0000  0.0000  0.0000
      *f0      0.0000  0.0000  0.0000  0.0000  0.0000  0.0000  0.0000  0.0000  0.0000  0.0000  0.0000  0.0000
      *f1-     0.0000  0.0000  0.0000  0.0000  0.0000  0.0000  0.0000  0.0000  0.0000  0.0000  0.0000  0.0000
      *f2-     0.0000  0.0000  0.0000  0.0000  0.0000  0.0000  0.0000  0.0000  0.0000  0.0000  0.0000  0.0000
      *f3-     0.0000  0.0000  0.0000  0.0000  0.0000  0.0000  0.0000  0.0000  0.0000  0.0000  0.0000  0.0000
      Total    0.8562  0.8562  0.8679  0.8645  0.8644  0.8680  0.8539  0.8539  0.8680  0.8644  0.8644  0.8680

      N-E      0.1438  0.1438  0.1321  0.1355  0.1356  0.1320  0.1461  0.1461  0.1320  0.1356  0.1356  0.1320

                NI37    NI38  
      1s       1.9997  1.9997
      2s       2.0006  2.0006
      2px      1.9958  1.9958
      2pz      1.9958  1.9958
      2py      1.9958  1.9958
      3s       1.1529  1.1564
      3px      1.5694  1.5693
      3pz      1.5715  1.5734
      3py      1.5679  1.5681
      4s       0.8241  0.8177
      3d2+     0.9451  0.9372
      3d1+     0.6399  1.0038
      3d0      0.9835  0.5038
      3d1-     0.8963  1.0046
      3d2-     0.9596  0.9562
      *s       0.3731  0.9614
      *px      0.4874  0.4881
      *pz      0.4943  0.5267
      *py      0.4784  0.4789
      *d2+     0.9886  0.9900
      *d1+     0.6443  0.9759
      *d0      0.9919  0.5053
      *d1-     0.8870  0.9816
      *d2-     0.9908  0.9930
      *f3+     0.0000  0.0000
      *f2+     0.0000  0.0000
      *f1+     0.0000  0.0000
      *f0      0.0001  0.0000
      *f1-     0.0000  0.0000
      *f2-     0.0000  0.0000
      *f3-     0.0000  0.0000
      Total   27.4337 27.9794

      N-E      0.5663  0.0206

      Total electronic charge=  212.000000

      Total            charge=   -0.000000
--



      Expectation values of various properties for root number:  4
      -----------------------------------------------------------


++    Molecular properties:
      ---------------------

      Charge (e):
                      =   -0.0000
      Dipole Moment (Debye):
      Origin of the operator (Ang)=    0.0000    0.0000    0.0000
                   X=  3.6109E+00               Y=  2.0578E+00               Z=  2.8189E+00           Total=  5.0219E+00
      Quadrupole Moment (Debye*Ang):
      Origin of the operator (Ang)=    0.0000   -0.0000    0.5165
                  XX= -1.4236E+02              XY=  5.2351E+00              XZ=  1.1550E+01              YY= -1.4863E+02
                  YZ=  6.7090E+00              ZZ= -1.8032E+02
      In traceless form (Debye*Ang)
                  XX=  2.2115E+01              XY=  7.8526E+00              XZ=  1.7325E+01              YY=  1.2711E+01
                  YZ=  1.0063E+01              ZZ= -3.4826E+01
--

      Von Neumann Entropy (Root   5) =  2.23114


      Mulliken population analysis for root number:  5
      -----------------------------------------------


++    Molecular charges:
      ------------------

      Mulliken charges per centre and basis function type
      ---------------------------------------------------

                C1      C2      C3      C4      C5      C6      C7      C8      C9      C10     C11     C12   
      1s       0.8547  0.8547  0.8547  0.8547  0.8547  0.8547  0.8547  0.8547  0.8547  0.8547  0.8547  0.8547
      2s       1.1233  1.1233  1.1232  1.1233  1.1233  1.1232  1.1233  1.1233  1.1232  1.1233  1.1233  1.1232
      2px      0.4565  0.4598  0.4574  0.4564  0.4599  0.4574  0.4504  0.4548  0.4646  0.4504  0.4548  0.4646
      2pz      0.3171  0.3161  0.3238  0.3158  0.3173  0.3237  0.3239  0.3243  0.3147  0.3238  0.3240  0.3155
      2py      0.4564  0.4530  0.4612  0.4565  0.4530  0.4613  0.4642  0.4597  0.4597  0.4642  0.4598  0.4597
      3s       0.0000  0.0000  0.0000  0.0000  0.0000  0.0000  0.0000  0.0000  0.0000  0.0000  0.0000  0.0000
      3px      0.0000  0.0000  0.0000  0.0000  0.0000  0.0000  0.0000  0.0000  0.0000  0.0000  0.0000  0.0000
      3pz      0.0000  0.0000  0.0000  0.0000  0.0000  0.0000  0.0000  0.0000  0.0000  0.0000  0.0000  0.0000
      3py      0.0000  0.0000  0.0000  0.0000  0.0000  0.0000  0.0000  0.0000  0.0000  0.0000  0.0000  0.0000
      4s       0.0000  0.0000  0.0000  0.0000  0.0000  0.0000  0.0000  0.0000  0.0000  0.0000  0.0000  0.0000
      3d2+     0.0000  0.0000  0.0000  0.0000  0.0000  0.0000  0.0000  0.0000  0.0000  0.0000  0.0000  0.0000
      3d1+     0.0000  0.0000  0.0000  0.0000  0.0000  0.0000  0.0000  0.0000  0.0000  0.0000  0.0000  0.0000
      3d0      0.0000  0.0000  0.0000  0.0000  0.0000  0.0000  0.0000  0.0000  0.0000  0.0000  0.0000  0.0000
      3d1-     0.0000  0.0000  0.0000  0.0000  0.0000  0.0000  0.0000  0.0000  0.0000  0.0000  0.0000  0.0000
      3d2-     0.0000  0.0000  0.0000  0.0000  0.0000  0.0000  0.0000  0.0000  0.0000  0.0000  0.0000  0.0000
      *s       1.2893  1.2892  1.3455  1.2941  1.2945  1.3460  1.0018  1.0018  1.1081  1.0000  0.9995  1.1081
      *px      0.4304  0.2647  0.4430  0.4311  0.2648  0.4435  0.3637  0.4372  0.3946  0.3630  0.4362  0.3948
      *pz      0.6400  0.6383  0.5901  0.6370  0.6413  0.5904  0.5784  0.5793  0.5860  0.5785  0.5786  0.5871
      *py      0.1467  0.3141  0.3635  0.1466  0.3140  0.3632  0.4663  0.3925  0.3906  0.4655  0.3915  0.3905
      *d2+     0.0506  0.0544  0.0601  0.0502  0.0543  0.0601  0.0423  0.0391  0.0452  0.0422  0.0390  0.0452
      *d1+     0.0249  0.0268  0.0257  0.0249  0.0270  0.0259  0.0211  0.0230  0.0274  0.0211  0.0230  0.0273
      *d0      0.0059  0.0059  0.0033  0.0061  0.0061  0.0033  0.0087  0.0087  0.0059  0.0087  0.0088  0.0059
      *d1-     0.0257  0.0239  0.0257  0.0258  0.0238  0.0258  0.0275  0.0254  0.0236  0.0271  0.0255  0.0236
      *d2-     0.0533  0.0493  0.0632  0.0530  0.0492  0.0632  0.0374  0.0406  0.0507  0.0373  0.0405  0.0507
      *f3+     0.0021  0.0021  0.0021  0.0021  0.0021  0.0021  0.0022  0.0021  0.0022  0.0021  0.0021  0.0022
      *f2+     0.0009  0.0010  0.0011  0.0009  0.0010  0.0011  0.0010  0.0008  0.0009  0.0010  0.0007  0.0009
      *f1+     0.0011  0.0010  0.0011  0.0011  0.0010  0.0011  0.0010  0.0012  0.0011  0.0010  0.0012  0.0011
      *f0      0.0018  0.0018  0.0020  0.0018  0.0018  0.0020  0.0017  0.0017  0.0020  0.0017  0.0017  0.0020
      *f1-     0.0010  0.0011  0.0011  0.0010  0.0011  0.0011  0.0013  0.0010  0.0011  0.0013  0.0010  0.0011
      *f2-     0.0009  0.0009  0.0010  0.0009  0.0009  0.0010  0.0008  0.0011  0.0010  0.0008  0.0011  0.0010
      *f3-     0.0030  0.0030  0.0032  0.0030  0.0030  0.0032  0.0029  0.0029  0.0031  0.0029  0.0029  0.0031
      Total    5.8856  5.8845  6.1522  5.8864  5.8939  6.1535  5.7745  5.7754  5.8604  5.7706  5.7700  5.8624

      N-E      0.1144  0.1155 -0.1522  0.1136  0.1061 -0.1535  0.2255  0.2246  0.1396  0.2294  0.2300  0.1376

                C13     C14     C15     C16     C17     C18     C19     C20     C21     C22     C23     C24   
      1s       0.8547  0.8547  0.8548  0.8549  0.8549  0.8548  0.8547  0.8547  0.8548  0.8549  0.8549  0.8548
      2s       1.1233  1.1233  1.1232  1.1231  1.1231  1.1232  1.1233  1.1233  1.1232  1.1231  1.1231  1.1232
      2px      0.4468  0.4490  0.4716  0.4719  0.4581  0.4520  0.4469  0.4488  0.4716  0.4720  0.4581  0.4520
      2pz      0.3130  0.3131  0.3175  0.3138  0.3140  0.3175  0.3103  0.3120  0.3175  0.3140  0.3136  0.3181
      2py      0.4579  0.4557  0.4482  0.4487  0.4626  0.4677  0.4578  0.4561  0.4481  0.4487  0.4626  0.4678
      3s       0.0000  0.0000  0.0000  0.0000  0.0000  0.0000  0.0000  0.0000  0.0000  0.0000  0.0000  0.0000
      3px      0.0000  0.0000  0.0000  0.0000  0.0000  0.0000  0.0000  0.0000  0.0000  0.0000  0.0000  0.0000
      3pz      0.0000  0.0000  0.0000  0.0000  0.0000  0.0000  0.0000  0.0000  0.0000  0.0000  0.0000  0.0000
      3py      0.0000  0.0000  0.0000  0.0000  0.0000  0.0000  0.0000  0.0000  0.0000  0.0000  0.0000  0.0000
      4s       0.0000  0.0000  0.0000  0.0000  0.0000  0.0000  0.0000  0.0000  0.0000  0.0000  0.0000  0.0000
      3d2+     0.0000  0.0000  0.0000  0.0000  0.0000  0.0000  0.0000  0.0000  0.0000  0.0000  0.0000  0.0000
      3d1+     0.0000  0.0000  0.0000  0.0000  0.0000  0.0000  0.0000  0.0000  0.0000  0.0000  0.0000  0.0000
      3d0      0.0000  0.0000  0.0000  0.0000  0.0000  0.0000  0.0000  0.0000  0.0000  0.0000  0.0000  0.0000
      3d1-     0.0000  0.0000  0.0000  0.0000  0.0000  0.0000  0.0000  0.0000  0.0000  0.0000  0.0000  0.0000
      3d2-     0.0000  0.0000  0.0000  0.0000  0.0000  0.0000  0.0000  0.0000  0.0000  0.0000  0.0000  0.0000
      *s       1.2138  1.2135  1.2455  1.2159  1.2159  1.2458  1.2149  1.2148  1.2455  1.2158  1.2160  1.2454
      *px      0.5324  0.5050  0.5054  0.5131  0.4942  0.5329  0.5331  0.5045  0.5054  0.5131  0.4942  0.5327
      *pz      0.6334  0.6335  0.6556  0.6574  0.6579  0.6552  0.6297  0.6324  0.6554  0.6579  0.6568  0.6566
      *py      0.4920  0.5198  0.5193  0.5130  0.5320  0.4918  0.4918  0.5204  0.5193  0.5130  0.5320  0.4919
      *d2+     0.0278  0.0285  0.0278  0.0280  0.0315  0.0311  0.0278  0.0284  0.0278  0.0280  0.0315  0.0311
      *d1+     0.0119  0.0212  0.0246  0.0237  0.0206  0.0067  0.0121  0.0210  0.0246  0.0237  0.0207  0.0067
      *d0      0.0099  0.0099  0.0052  0.0048  0.0048  0.0052  0.0099  0.0099  0.0052  0.0048  0.0048  0.0052
      *d1-     0.0271  0.0178  0.0111  0.0102  0.0133  0.0290  0.0268  0.0177  0.0111  0.0102  0.0133  0.0289
      *d2-     0.0268  0.0263  0.0330  0.0322  0.0287  0.0297  0.0268  0.0261  0.0330  0.0322  0.0287  0.0297
      *f3+     0.0019  0.0019  0.0019  0.0019  0.0019  0.0019  0.0019  0.0019  0.0019  0.0019  0.0019  0.0019
      *f2+     0.0005  0.0009  0.0009  0.0009  0.0008  0.0003  0.0005  0.0009  0.0009  0.0009  0.0009  0.0003
      *f1+     0.0008  0.0010  0.0009  0.0009  0.0009  0.0009  0.0008  0.0009  0.0009  0.0009  0.0009  0.0009
      *f0      0.0014  0.0014  0.0016  0.0016  0.0016  0.0016  0.0014  0.0014  0.0016  0.0016  0.0016  0.0016
      *f1-     0.0009  0.0008  0.0009  0.0008  0.0009  0.0010  0.0009  0.0008  0.0009  0.0008  0.0009  0.0010
      *f2-     0.0011  0.0006  0.0006  0.0005  0.0005  0.0011  0.0011  0.0006  0.0006  0.0005  0.0005  0.0011
      *f3-     0.0017  0.0017  0.0020  0.0020  0.0020  0.0020  0.0017  0.0017  0.0020  0.0020  0.0020  0.0020
      Total    6.1792  6.1797  6.2515  6.2192  6.2199  6.2514  6.1744  6.1784  6.2513  6.2199  6.2188  6.2528

      N-E     -0.1792 -0.1797 -0.2515 -0.2192 -0.2199 -0.2514 -0.1744 -0.1784 -0.2513 -0.2199 -0.2188 -0.2528

                H25     H26     H27     H28     H29     H30     H31     H32     H33     H34     H35     H36   
      1s       0.2626  0.2626  0.2634  0.2638  0.2638  0.2634  0.2626  0.2626  0.2634  0.2638  0.2638  0.2634
      2s       0.0000  0.0000  0.0000  0.0000  0.0000  0.0000  0.0000  0.0000  0.0000  0.0000  0.0000  0.0000
      2px      0.0000  0.0000  0.0000  0.0000  0.0000  0.0000  0.0000  0.0000  0.0000  0.0000  0.0000  0.0000
      2pz      0.0000  0.0000  0.0000  0.0000  0.0000  0.0000  0.0000  0.0000  0.0000  0.0000  0.0000  0.0000
      2py      0.0000  0.0000  0.0000  0.0000  0.0000  0.0000  0.0000  0.0000  0.0000  0.0000  0.0000  0.0000
      3s       0.0000  0.0000  0.0000  0.0000  0.0000  0.0000  0.0000  0.0000  0.0000  0.0000  0.0000  0.0000
      3px      0.0000  0.0000  0.0000  0.0000  0.0000  0.0000  0.0000  0.0000  0.0000  0.0000  0.0000  0.0000
      3pz      0.0000  0.0000  0.0000  0.0000  0.0000  0.0000  0.0000  0.0000  0.0000  0.0000  0.0000  0.0000
      3py      0.0000  0.0000  0.0000  0.0000  0.0000  0.0000  0.0000  0.0000  0.0000  0.0000  0.0000  0.0000
      4s       0.0000  0.0000  0.0000  0.0000  0.0000  0.0000  0.0000  0.0000  0.0000  0.0000  0.0000  0.0000
      3d2+     0.0000  0.0000  0.0000  0.0000  0.0000  0.0000  0.0000  0.0000  0.0000  0.0000  0.0000  0.0000
      3d1+     0.0000  0.0000  0.0000  0.0000  0.0000  0.0000  0.0000  0.0000  0.0000  0.0000  0.0000  0.0000
      3d0      0.0000  0.0000  0.0000  0.0000  0.0000  0.0000  0.0000  0.0000  0.0000  0.0000  0.0000  0.0000
      3d1-     0.0000  0.0000  0.0000  0.0000  0.0000  0.0000  0.0000  0.0000  0.0000  0.0000  0.0000  0.0000
      3d2-     0.0000  0.0000  0.0000  0.0000  0.0000  0.0000  0.0000  0.0000  0.0000  0.0000  0.0000  0.0000
      *s       0.5667  0.5666  0.5807  0.5774  0.5773  0.5806  0.5662  0.5663  0.5806  0.5773  0.5774  0.5807
      *px      0.0166  0.0066  0.0060  0.0061  0.0064  0.0163  0.0166  0.0066  0.0060  0.0061  0.0064  0.0163
      *pz      0.0044  0.0044  0.0041  0.0042  0.0042  0.0041  0.0043  0.0044  0.0041  0.0042  0.0042  0.0042
      *py      0.0030  0.0131  0.0131  0.0130  0.0128  0.0029  0.0030  0.0131  0.0131  0.0130  0.0128  0.0029
      *d2+     0.0000  0.0000  0.0000  0.0000  0.0000  0.0000  0.0000  0.0000  0.0000  0.0000  0.0000  0.0000
      *d1+     0.0000  0.0000  0.0000  0.0000  0.0000  0.0000  0.0000  0.0000  0.0000  0.0000  0.0000  0.0000
      *d0      0.0000  0.0000  0.0000  0.0000  0.0000  0.0000  0.0000  0.0000  0.0000  0.0000  0.0000  0.0000
      *d1-     0.0000  0.0000  0.0000  0.0000  0.0000  0.0000  0.0000  0.0000  0.0000  0.0000  0.0000  0.0000
      *d2-     0.0000  0.0000  0.0000  0.0000  0.0000  0.0000  0.0000  0.0000  0.0000  0.0000  0.0000  0.0000
      *f3+     0.0000  0.0000  0.0000  0.0000  0.0000  0.0000  0.0000  0.0000  0.0000  0.0000  0.0000  0.0000
      *f2+     0.0000  0.0000  0.0000  0.0000  0.0000  0.0000  0.0000  0.0000  0.0000  0.0000  0.0000  0.0000
      *f1+     0.0000  0.0000  0.0000  0.0000  0.0000  0.0000  0.0000  0.0000  0.0000  0.0000  0.0000  0.0000
      *f0      0.0000  0.0000  0.0000  0.0000  0.0000  0.0000  0.0000  0.0000  0.0000  0.0000  0.0000  0.0000
      *f1-     0.0000  0.0000  0.0000  0.0000  0.0000  0.0000  0.0000  0.0000  0.0000  0.0000  0.0000  0.0000
      *f2-     0.0000  0.0000  0.0000  0.0000  0.0000  0.0000  0.0000  0.0000  0.0000  0.0000  0.0000  0.0000
      *f3-     0.0000  0.0000  0.0000  0.0000  0.0000  0.0000  0.0000  0.0000  0.0000  0.0000  0.0000  0.0000
      Total    0.8533  0.8533  0.8674  0.8645  0.8645  0.8674  0.8528  0.8529  0.8674  0.8645  0.8645  0.8675

      N-E      0.1467  0.1467  0.1326  0.1355  0.1355  0.1326  0.1472  0.1471  0.1326  0.1355  0.1355  0.1325

                NI37    NI38  
      1s       1.9997  1.9997
      2s       2.0007  2.0007
      2px      1.9958  1.9958
      2pz      1.9958  1.9958
      2py      1.9958  1.9958
      3s       1.1583  1.1581
      3px      1.5692  1.5689
      3pz      1.5734  1.5736
      3py      1.5676  1.5676
      4s       0.8150  0.8151
      3d2+     0.9382  0.9346
      3d1+     0.6337  0.7264
      3d0      0.9844  0.9597
      3d1-     0.8946  0.8456
      3d2-     0.9576  0.9553
      *s       1.1033  1.0988
      *px      0.4879  0.4866
      *pz      0.5346  0.5356
      *py      0.4806  0.4803
      *d2+     0.9899  0.9901
      *d1+     0.6382  0.7284
      *d0      0.9940  0.9637
      *d1-     0.8866  0.8388
      *d2-     0.9915  0.9925
      *f3+     0.0000  0.0000
      *f2+     0.0000  0.0000
      *f1+     0.0000  0.0000
      *f0      0.0001  0.0000
      *f1-     0.0000  0.0000
      *f2-     0.0000  0.0000
      *f3-     0.0000  0.0000
      Total   28.1863 28.2075

      N-E     -0.1863 -0.2075

      Total electronic charge=  212.000000

      Total            charge=   -0.000000
--



      Expectation values of various properties for root number:  5
      -----------------------------------------------------------


++    Molecular properties:
      ---------------------

      Charge (e):
                      =   -0.0000
      Dipole Moment (Debye):
      Origin of the operator (Ang)=    0.0000    0.0000    0.0000
                   X=  1.3496E-02               Y=  1.2914E-01               Z= -7.5372E+00           Total=  7.5383E+00
      Quadrupole Moment (Debye*Ang):
      Origin of the operator (Ang)=    0.0000   -0.0000    0.5165
                  XX= -1.3850E+02              XY=  1.0918E-02              XZ=  2.9219E-01              YY= -1.3865E+02
                  YZ=  1.6194E-01              ZZ= -1.9936E+02
      In traceless form (Debye*Ang)
                  XX=  3.0508E+01              XY=  1.6377E-02              XZ=  4.3828E-01              YY=  3.0278E+01
                  YZ=  2.4291E-01              ZZ= -6.0786E+01
--


      Input file to MOLDEN was generated!


      Input file to MOLDEN was generated!


      Input file to MOLDEN was generated!


      Input file to MOLDEN was generated!


      Input file to MOLDEN was generated!


      Input file to MOLDEN was generated!

      Canonical orbitals are written to the RASORB file
      Natural orbitals for root   1 are written to the RASORB.1 file
      Natural orbitals for root   2 are written to the RASORB.2 file
      Natural orbitals for root   3 are written to the RASORB.3 file
      Natural orbitals for root   4 are written to the RASORB.4 file
      Natural orbitals for root   5 are written to the RASORB.5 file
      Spin density orbitals for root   1 are written to the SPDORB.1 file
      Spin density orbitals for root   2 are written to the SPDORB.2 file
      Spin density orbitals for root   3 are written to the SPDORB.3 file
      Spin density orbitals for root   4 are written to the SPDORB.4 file
      Spin density orbitals for root   5 are written to the SPDORB.5 file

Note: The following floating-point exceptions are signalling: IEEE_UNDERFLOW_FLAG IEEE_DENORMAL
--- Stop Module: rasscf at Wed Jul  1 19:16:44 2026 /rc=_RC_ALL_IS_WELL_ ---
*** files: caspt2xms_S.rasscf.molden caspt2xms_S.rasscf.molden.1 caspt2xms_S.rasscf.molden.2 caspt2xms_S.rasscf.molden.3 caspt2xms_S.rasscf.molden.4 caspt2xms_S.rasscf.molden.5
           caspt2xms_S.RasOrb caspt2xms_S.RasOrb.1 caspt2xms_S.RasOrb.2 caspt2xms_S.RasOrb.3 caspt2xms_S.RasOrb.4 caspt2xms_S.RasOrb.5 caspt2xms_S.rasscf.h5 caspt2xms_S.SpdOrb.1
           caspt2xms_S.SpdOrb.2 caspt2xms_S.SpdOrb.3 caspt2xms_S.SpdOrb.4 caspt2xms_S.SpdOrb.5 xmldump
    saved to directory <scratch-path-omitted>
--- Module rasscf spent 38 minutes 36 seconds ---

*** symbolic link created: INPORB -> caspt2xms_S.RasOrb
--- Start Module: caspt2 at Wed Jul  1 19:16:44 2026 ---

()()()()()()()()()()()()()()()()()()()()()()()()()()()()()()()()()()()()()()()()()()()()()()()()()()

                                              &CASPT2

                       only a single process is used, running in SERIAL mode
                       available to each process: 12 GB of memory, 1 thread?
                                            pid: 4160707
()()()()()()()()()()()()()()()()()()()()()()()()()()()()()()()()()()()()()()()()()()()()()()()()()()


++    Wave function specifications:
      -----------------------------

      Number of closed shell electrons         128
      Number of electrons in active shells      12
      Max number of holes in RAS1 space          0
      Max number of electrons in RAS3 space      0
      Number of inactive orbitals               64
      Number of active orbitals                 12
      Number of secondary orbitals             794
      Spin quantum number                      0.0
      State symmetry                             1
      Number of CSFs                        226512
      Number of CASSCF root(s) available         5
      CASPT2 state passed to geometry opt.       5
      A file JOBMIX will be created
      This is a MULTI-STATE CASSCF reference
      Number of CI roots used                    5
      These are:                                 1   2   3   4   5
      Off-diagonal elements of Heff are computed
--

++    Orbital specifications:
      -----------------------

      Symmetry species                           1
                                                 a
      Frozen orbitals                           36
      Inactive orbitals                         64
      Active orbitals                           12
      Secondary orbitals                       794
      Deleted orbitals                           0
      Number of basis functions                906
--

++    CASPT2 specifications:
      ----------------------

      Type of calculation                        XMS-CASPT2
      Fock operator                              state-average
      IPEA shift                                 0.25
      Real shift                                 0.00
      Imaginary shift                            0.20
      The input orbitals will be transformed to quasi-canonical
      The input states will be rotated to diagonalize the Fock operator
--

--------------------------------------------------------------------------------
 Estimated memory requirements:
  POLY3 :                 54392696
  RHS:                  1316236000
  SIGMA :               1313208400
  PRPCTL:                        0
 Available workspace:   1348415173

++ CASPT2 computation for group   1

********************************************************************************
 Multi-State initialization phase begins for group   1
--------------------------------------------------------------------------------

  H0 in the original model space basis:
                1               2               3               4               5
   1     -120.63171183     -0.00207624      0.00352625      0.00008040      0.00044649
   2       -0.00207624   -120.55831207     -0.00067676      0.00013845      0.00296604
   3        0.00352625     -0.00067676   -120.63734748     -0.00015556     -0.00274036
   4        0.00008040      0.00013845     -0.00015556   -120.60935669      0.00024807
   5        0.00044649      0.00296604     -0.00274036      0.00024807   -120.56353385

  H0 eigenvectors:
                1               2               3               4               5
   1        0.90165196     -0.02384104     -0.43144525      0.00297914      0.01736284
   2        0.02972030      0.90964159     -0.00484351     -0.00232837     -0.41429458
   3        0.43131450     -0.02280740      0.90141424     -0.00458100     -0.02964825
   4       -0.00058330      0.00438915      0.00560060      0.99996687      0.00390979
   5        0.01038798      0.41405838      0.03539136     -0.00556560      0.90948569

********************************************************************************
 Compute H0 matrices for state    1
--------------------------------------------------------------------------------
--------------------------------------------------------------------------------
 H0 matrices have been computed.

********************************************************************************
  CASPT2 EQUATION SOLUTION
--------------------------------------------------------------------------------

  Total nr of CASPT2 parameters:
   Before reduction:  1876168956
   After  reduction:  1876107844

 Variance of |WF0>:      23.3605185915

 The contributions to the second order correlation energy in atomic units.
-----------------------------------------------------------------------------------------------------------------------------
  IT.      VJTU        VJTI        ATVX        AIVX        VJAI        BVAT        BJAT        BJAI        TOTAL       RNORM  
-----------------------------------------------------------------------------------------------------------------------------
   1    -0.030798   -0.031852   -0.012619   -0.128114   -0.396928   -0.126616   -0.707812   -3.526928   -4.961668    0.012822
   2    -0.031930   -0.031962   -0.012748   -0.128809   -0.397294   -0.126969   -0.709054   -3.527581   -4.966347    0.002255
   3    -0.031983   -0.031967   -0.012761   -0.128803   -0.397297   -0.127010   -0.709132   -3.527593   -4.966547    0.000299
   4    -0.031995   -0.031965   -0.012758   -0.128783   -0.397286   -0.127001   -0.709090   -3.527570   -4.966447    0.000043
   5    -0.031995   -0.031965   -0.012758   -0.128782   -0.397286   -0.127000   -0.709089   -3.527570   -4.966445    0.000006
-----------------------------------------------------------------------------------------------------------------------------

  FINAL CASPT2 RESULT:

      Reference energy:       -3929.6764174539
      E2 (Non-variational):      -4.9664466858
      Shift correction:          -0.0332629673
      E2 (Variational):          -4.9997096531
      Total energy:           -3934.6761271070
      Residual norm:              0.0000007641
      Reference weight:           0.38029

      Contributions to the CASPT2 correlation energy
      Active & Virtual Only:         -0.1397580917
      One Inactive Excited:          -0.8698670131
      Two Inactive Excited:          -3.9568215810


++ Denominators, etc.
--------------------------------------------------------------------------------------------------------------
 Report on small energy denominators, large coefficients, and large energy contributions.
CASE  SYMM ACTIVE-MIX  NON-ACTIVE INDICES          DENOMINATOR     RHS VALUE       COEFFICIENT     CONTRIBUTION
VJTU     1  Mu1.0012  In1.073                       0.57001653      0.01771900     -0.02677079     -0.00047435
VJTU     1  Mu1.0001  In1.086                       0.29363865     -0.00056536      0.00128005     -0.00000072
VJTU     1  Mu1.0001  In1.087                       0.29054001     -0.00037111      0.00102930     -0.00000038
VJTU     1  Mu1.0001  In1.088                       0.29012167      0.00109341     -0.00276146     -0.00000302
VJTU     1  Mu1.0001  In1.089                       0.28513303     -0.00312730      0.00645364     -0.00002018
VJTU     1  Mu1.0001  In1.090                       0.27147348     -0.00134113      0.00299140     -0.00000401
VJTU     1  Mu1.0002  In1.090                       0.28943504      0.00007071     -0.00014596     -0.00000001
VJTU     1  Mu1.0001  In1.091                       0.25946182      0.00334532     -0.00776214     -0.00002597
VJTU     1  Mu1.0002  In1.091                       0.27742339      0.00011982     -0.00023153     -0.00000003
VJTU     1  Mu1.0001  In1.092                       0.22908532     -0.00294770      0.00699583     -0.00002062
VJTU     1  Mu1.0002  In1.092                       0.24704688      0.00171174     -0.00405557     -0.00000694
VJTU     1  Mu1.0003  In1.092                       0.28769901     -0.00369140      0.00833880     -0.00003078
VJTU     1  Mu1.0004  In1.092                       0.29588816      0.00005806     -0.00012110     -0.00000001
VJTU     1  Mu1.0010  In1.092                       0.37564893      0.01682634     -0.03354793     -0.00056449
VJTU     1  Mu1.0012  In1.092                       0.38006340     -0.03868611      0.07664765     -0.00296520
VJTU     1  Mu1.0001  In1.093                       0.22728723     -0.00454715      0.01152412     -0.00005240
VJTU     1  Mu1.0002  In1.093                       0.24524880      0.00053203     -0.00132073     -0.00000070
VJTU     1  Mu1.0003  In1.093                       0.28590092     -0.00112904      0.00254403     -0.00000287
VJTU     1  Mu1.0004  In1.093                       0.29409007      0.00033406     -0.00080427     -0.00000027
VJTU     1  Mu1.0001  In1.094                       0.21932884     -0.00253732      0.00603535     -0.00001531
VJTU     1  Mu1.0002  In1.094                       0.23729041      0.00101901     -0.00249214     -0.00000254
VJTU     1  Mu1.0003  In1.094                       0.27794253     -0.00226042      0.00500300     -0.00001131
VJTU     1  Mu1.0004  In1.094                       0.28613168     -0.00004374      0.00012948     -0.00000001
VJTU     1  Mu1.0005  In1.094                       0.29617656     -0.00145256      0.00307170     -0.00000446
VJTU     1  Mu1.0012  In1.094                       0.37030693     -0.02175901      0.04345025     -0.00094543
VJTU     1  Mu1.0001  In1.095                       0.21484119      0.00323295     -0.00733367     -0.00002371
VJTU     1  Mu1.0002  In1.095                       0.23280276     -0.00175333      0.00421636     -0.00000739
VJTU     1  Mu1.0003  In1.095                       0.27345488      0.00392231     -0.00867905     -0.00003404
VJTU     1  Mu1.0004  In1.095                       0.28164403     -0.00010498      0.00022316     -0.00000002
VJTU     1  Mu1.0005  In1.095                       0.29168891      0.00313425     -0.00680434     -0.00002133
VJTU     1  Mu1.0010  In1.095                       0.36140480     -0.01727853      0.03503529     -0.00060536
VJTU     1  Mu1.0012  In1.095                       0.36581928      0.03978128     -0.08011271     -0.00318699
VJTU     1  Mu1.0001  In1.096                       0.20818438     -0.00075683      0.00202984     -0.00000154
VJTU     1  Mu1.0002  In1.096                       0.22614594      0.00127810     -0.00318157     -0.00000407
VJTU     1  Mu1.0003  In1.096                       0.26679807     -0.00252178      0.00591947     -0.00001493
VJTU     1  Mu1.0004  In1.096                       0.27498721      0.00017082     -0.00046023     -0.00000008
VJTU     1  Mu1.0005  In1.096                       0.28503209     -0.00215654      0.00490052     -0.00001057
VJTU     1  Mu1.0010  In1.096                       0.35474798      0.01350205     -0.02854186     -0.00038537
VJTU     1  Mu1.0012  In1.096                       0.35916246     -0.03109353      0.06524895     -0.00202882
VJTU     1  Mu1.0001  In1.097                       0.20048832     -0.00328031      0.00846027     -0.00002775
VJTU     1  Mu1.0002  In1.097                       0.21844988      0.00016216     -0.00043106     -0.00000007
VJTU     1  Mu1.0003  In1.097                       0.25910201     -0.00069880      0.00174125     -0.00000122
VJTU     1  Mu1.0004  In1.097                       0.26729116     -0.00017243      0.00054671     -0.00000009
VJTU     1  Mu1.0005  In1.097                       0.27733604     -0.00012903      0.00030969     -0.00000004
VJTU     1  Mu1.0001  In1.098                       0.17918835     -0.00031297      0.00033887     -0.00000011
VJTU     1  Mu1.0002  In1.098                       0.19714992     -0.00056240      0.00134400     -0.00000076
VJTU     1  Mu1.0003  In1.098                       0.23780204      0.00089033     -0.00200593     -0.00000179
VJTU     1  Mu1.0004  In1.098                       0.24599119     -0.00000131     -0.00000514      0.00000000
VJTU     1  Mu1.0005  In1.098                       0.25603607      0.00092444     -0.00208805     -0.00000193
VJTU     1  Mu1.0006  In1.098                       0.28182730     -0.00165115      0.00375780     -0.00000620
VJTU     1  Mu1.0007  In1.098                       0.29204089      0.00195370     -0.00418124     -0.00000817
VJTU     1  Mu1.0012  In1.098                       0.33016644      0.01433280     -0.03041943     -0.00043600
VJTU     1  Mu1.0001  In1.099                       0.15591485     -0.00108388      0.00251225     -0.00000272
VJTU     1  Mu1.0002  In1.099                       0.17387641     -0.00015967      0.00038061     -0.00000006
VJTU     1  Mu1.0003  In1.099                       0.21452854      0.00035815     -0.00092829     -0.00000033
VJTU     1  Mu1.0004  In1.099                       0.22271769      0.00020173     -0.00045253     -0.00000009
VJTU     1  Mu1.0005  In1.099                       0.23276257      0.00042356     -0.00103061     -0.00000044
VJTU     1  Mu1.0006  In1.099                       0.25855379     -0.00063123      0.00152435     -0.00000096
VJTU     1  Mu1.0007  In1.099                       0.26876738      0.00114126     -0.00271258     -0.00000310
VJTU     1  Mu1.0008  In1.099                       0.27846226      0.00084074     -0.00197784     -0.00000166
VJTU     1  Mu1.0009  In1.099                       0.29997392      0.00058968     -0.00137764     -0.00000081
VJTU     1  Mu1.0001  In1.100                       0.14678822     -0.00265825      0.00622949     -0.00001656
VJTU     1  Mu1.0002  In1.100                       0.16474978      0.00024000     -0.00059671     -0.00000014
VJTU     1  Mu1.0003  In1.100                       0.20540191     -0.00061740      0.00149828     -0.00000093
VJTU     1  Mu1.0004  In1.100                       0.21359106     -0.00025091      0.00056856     -0.00000014
VJTU     1  Mu1.0005  In1.100                       0.22363594     -0.00018934      0.00047067     -0.00000009
VJTU     1  Mu1.0006  In1.100                       0.24942716      0.00045780     -0.00108126     -0.00000049
VJTU     1  Mu1.0007  In1.100                       0.25964075     -0.00003366      0.00010125     -0.00000000
VJTU     1  Mu1.0008  In1.100                       0.26933563     -0.00029858      0.00072131     -0.00000022
VJTU     1  Mu1.0009  In1.100                       0.29084728     -0.00010004      0.00034077     -0.00000003
VJTU     1  Mu1.0010  In1.100                       0.29335182      0.00140089     -0.00327330     -0.00000459
VJTU     1  Mu1.0011  In1.100                       0.29430705      0.00033325     -0.00066252     -0.00000022
VJTU     1  Mu1.0012  In1.100                       0.29776630     -0.00330906      0.00768517     -0.00002543
VJTU     1  Mu1.0214  In1.100                       0.73117945     -0.01774419      0.02620961     -0.00046507
VJTU     1  Mu1.0217  In1.100                       0.73981765     -0.02104671      0.02835529     -0.00059679
VJTIP    1  Mu1.0026  In1.099 In1.099               0.86230491      0.02434981     -0.02685274     -0.00065386
ATVX     1  Mu1.0001  Se1.113                      -0.02327107      0.00017822      0.00012788      0.00000002
ATVX     1  Mu1.0002  Se1.113                       0.02155062     -0.00017419      0.00010865     -0.00000002
ATVX     1  Mu1.0003  Se1.113                       0.06191038      0.00005298     -0.00006095     -0.00000000
ATVX     1  Mu1.0004  Se1.113                       0.10619922      0.00008063     -0.00015374     -0.00000001
ATVX     1  Mu1.0005  Se1.113                       0.11983503      0.00047541     -0.00136264     -0.00000065
ATVX     1  Mu1.0006  Se1.113                       0.13623541     -0.00011918      0.00031397     -0.00000004
ATVX     1  Mu1.0007  Se1.113                       0.14379354     -0.00076739      0.00213775     -0.00000164
ATVX     1  Mu1.0008  Se1.113                       0.18851033      0.00007961     -0.00015920     -0.00000001
ATVX     1  Mu1.0009  Se1.113                       0.19254621      0.00032097     -0.00080024     -0.00000026
ATVX     1  Mu1.0010  Se1.113                       0.19818973      0.00018287     -0.00051820     -0.00000009
ATVX     1  Mu1.0011  Se1.113                       0.20856384     -0.00002773      0.00004355     -0.00000000
ATVX     1  Mu1.0012  Se1.113                       0.21284775     -0.00012584      0.00019706     -0.00000002
ATVX     1  Mu1.0013  Se1.113                       0.22528738     -0.00005013      0.00018412     -0.00000001
ATVX     1  Mu1.0014  Se1.113                       0.23295599     -0.00004401      0.00007358     -0.00000000
ATVX     1  Mu1.0015  Se1.113                       0.23587448      0.00035522     -0.00085430     -0.00000030
ATVX     1  Mu1.0016  Se1.113                       0.24081247      0.00004956     -0.00010051     -0.00000000
ATVX     1  Mu1.0017  Se1.113                       0.26142672     -0.00170770      0.00423129     -0.00000723
ATVX     1  Mu1.0018  Se1.113                       0.26259223     -0.00012589      0.00033441     -0.00000004
ATVX     1  Mu1.0019  Se1.113                       0.26512779      0.00086723     -0.00206826     -0.00000179
ATVX     1  Mu1.0020  Se1.113                       0.26993449     -0.00028465      0.00063877     -0.00000018
ATVX     1  Mu1.0021  Se1.113                       0.27432582     -0.00149533      0.00351196     -0.00000525
ATVX     1  Mu1.0022  Se1.113                       0.28422530     -0.00003952      0.00008865     -0.00000000
ATVX     1  Mu1.0023  Se1.113                       0.28767606      0.00005753     -0.00012469     -0.00000001
ATVX     1  Mu1.0001  Se1.114                       0.00877708      0.00002423     -0.00000531     -0.00000000
ATVX     1  Mu1.0002  Se1.114                       0.05359877     -0.00000180      0.00000558     -0.00000000
ATVX     1  Mu1.0003  Se1.114                       0.09395853     -0.00000105     -0.00000175      0.00000000
ATVX     1  Mu1.0004  Se1.114                       0.13824738      0.00006248     -0.00009688     -0.00000001
ATVX     1  Mu1.0005  Se1.114                       0.15188318     -0.00000857      0.00004802     -0.00000000
ATVX     1  Mu1.0006  Se1.114                       0.16828356      0.00001932     -0.00007682     -0.00000000
ATVX     1  Mu1.0007  Se1.114                       0.17584169      0.00018663     -0.00045062     -0.00000008
ATVX     1  Mu1.0008  Se1.114                       0.22055849     -0.00087758      0.00216658     -0.00000190
ATVX     1  Mu1.0009  Se1.114                       0.22459436      0.00003244     -0.00008020     -0.00000000
ATVX     1  Mu1.0010  Se1.114                       0.23023788     -0.00002766      0.00004376     -0.00000000
ATVX     1  Mu1.0011  Se1.114                       0.24061199      0.00029080     -0.00070252     -0.00000020
ATVX     1  Mu1.0012  Se1.114                       0.24489590     -0.00004625      0.00010881     -0.00000001
ATVX     1  Mu1.0013  Se1.114                       0.25733554     -0.00001245      0.00004226     -0.00000000
ATVX     1  Mu1.0014  Se1.114                       0.26500414      0.00098105     -0.00236036     -0.00000232
ATVX     1  Mu1.0015  Se1.114                       0.26792263      0.00010710     -0.00021989     -0.00000002
ATVX     1  Mu1.0016  Se1.114                       0.27286062     -0.00054531      0.00130138     -0.00000071
ATVX     1  Mu1.0017  Se1.114                       0.29347487     -0.00001018      0.00000938     -0.00000000
ATVX     1  Mu1.0018  Se1.114                       0.29464038      0.00067800     -0.00155296     -0.00000105
ATVX     1  Mu1.0019  Se1.114                       0.29717594     -0.00000626     -0.00000187      0.00000000
ATVX     1  Mu1.0001  Se1.115                       0.01134518      0.00000678      0.00000262      0.00000000
ATVX     1  Mu1.0002  Se1.115                       0.05616687     -0.00004563      0.00004398     -0.00000000
ATVX     1  Mu1.0003  Se1.115                       0.09652664      0.00028495     -0.00057004     -0.00000016
ATVX     1  Mu1.0004  Se1.115                       0.14081548      0.00090350     -0.00206424     -0.00000187
ATVX     1  Mu1.0005  Se1.115                       0.15445128     -0.00026324      0.00103231     -0.00000027
ATVX     1  Mu1.0006  Se1.115                       0.17085166     -0.00014498      0.00041673     -0.00000006
ATVX     1  Mu1.0007  Se1.115                       0.17840979     -0.00004074     -0.00037247      0.00000002
ATVX     1  Mu1.0008  Se1.115                       0.22312659      0.00003288     -0.00007422     -0.00000000
ATVX     1  Mu1.0009  Se1.115                       0.22716246      0.00045615     -0.00116146     -0.00000053
ATVX     1  Mu1.0010  Se1.115                       0.23280598     -0.00023278      0.00061632     -0.00000014
ATVX     1  Mu1.0011  Se1.115                       0.24318009      0.00000370     -0.00001294     -0.00000000
ATVX     1  Mu1.0012  Se1.115                       0.24746400      0.00013643     -0.00036837     -0.00000005
ATVX     1  Mu1.0013  Se1.115                       0.25990364      0.00000437     -0.00001723     -0.00000000
ATVX     1  Mu1.0014  Se1.115                       0.26757224      0.00001216     -0.00002639     -0.00000000
ATVX     1  Mu1.0015  Se1.115                       0.27049073      0.00011415     -0.00026345     -0.00000003
ATVX     1  Mu1.0016  Se1.115                       0.27542872      0.00001404     -0.00002771     -0.00000000
ATVX     1  Mu1.0017  Se1.115                       0.29604297     -0.00082401      0.00181895     -0.00000150
ATVX     1  Mu1.0018  Se1.115                       0.29720849     -0.00007905      0.00018071     -0.00000001
ATVX     1  Mu1.0019  Se1.115                       0.29974404     -0.00031398      0.00073810     -0.00000023
ATVX     1  Mu1.0001  Se1.116                       0.01655212      0.00035551     -0.00014733     -0.00000005
ATVX     1  Mu1.0002  Se1.116                       0.06137381     -0.00019356      0.00026441     -0.00000005
ATVX     1  Mu1.0003  Se1.116                       0.10173358      0.00028716     -0.00055777     -0.00000016
ATVX     1  Mu1.0004  Se1.116                       0.14602242      0.00138891     -0.00292553     -0.00000406
ATVX     1  Mu1.0005  Se1.116                       0.15965822      0.00051999     -0.00148318     -0.00000077
ATVX     1  Mu1.0006  Se1.116                       0.17605860     -0.00072464      0.00177868     -0.00000129
ATVX     1  Mu1.0007  Se1.116                       0.18361673     -0.00073946      0.00194036     -0.00000143
ATVX     1  Mu1.0008  Se1.116                       0.22833353     -0.00007021      0.00016050     -0.00000001
ATVX     1  Mu1.0009  Se1.116                       0.23236940     -0.00075429      0.00207578     -0.00000157
ATVX     1  Mu1.0010  Se1.116                       0.23801292     -0.00012427      0.00051851     -0.00000006
ATVX     1  Mu1.0011  Se1.116                       0.24838703      0.00007899     -0.00024116     -0.00000002
ATVX     1  Mu1.0012  Se1.116                       0.25267095      0.00065599     -0.00200004     -0.00000131
ATVX     1  Mu1.0013  Se1.116                       0.26511058     -0.00012841      0.00032437     -0.00000004
ATVX     1  Mu1.0014  Se1.116                       0.27277918      0.00001012     -0.00001764     -0.00000000
ATVX     1  Mu1.0015  Se1.116                       0.27569767      0.00033509     -0.00095501     -0.00000032
ATVX     1  Mu1.0016  Se1.116                       0.28063566     -0.00001689      0.00001396     -0.00000000
ATVX     1  Mu1.0001  Se1.117                       0.02142987     -0.00000561      0.00000301     -0.00000000
ATVX     1  Mu1.0002  Se1.117                       0.06625156      0.00000354     -0.00000467     -0.00000000
ATVX     1  Mu1.0003  Se1.117                       0.10661132      0.00000177     -0.00000734     -0.00000000
ATVX     1  Mu1.0004  Se1.117                       0.15090016     -0.00000210      0.00000267     -0.00000000
ATVX     1  Mu1.0005  Se1.117                       0.16453597     -0.00001086      0.00002004     -0.00000000
ATVX     1  Mu1.0006  Se1.117                       0.18093635      0.00000121     -0.00000243     -0.00000000
ATVX     1  Mu1.0007  Se1.117                       0.18849448      0.00001056     -0.00003477     -0.00000000
ATVX     1  Mu1.0008  Se1.117                       0.23321128      0.00000075      0.00001027      0.00000000
ATVX     1  Mu1.0009  Se1.117                       0.23724715      0.00001834     -0.00004624     -0.00000000
ATVX     1  Mu1.0010  Se1.117                       0.24289067      0.00000758     -0.00001978     -0.00000000
ATVX     1  Mu1.0011  Se1.117                       0.25326478      0.00000112     -0.00000285     -0.00000000
ATVX     1  Mu1.0012  Se1.117                       0.25754869     -0.00000698      0.00002032     -0.00000000
ATVX     1  Mu1.0013  Se1.117                       0.26998832      0.00000746     -0.00001701     -0.00000000
ATVX     1  Mu1.0014  Se1.117                       0.27765693     -0.00030379      0.00070674     -0.00000021
ATVX     1  Mu1.0015  Se1.117                       0.28057542     -0.00000812      0.00002646     -0.00000000
ATVX     1  Mu1.0016  Se1.117                       0.28551341     -0.00011939      0.00029451     -0.00000004
ATVX     1  Mu1.0001  Se1.118                       0.03000411     -0.00000702      0.00000659     -0.00000000
ATVX     1  Mu1.0002  Se1.118                       0.07482580      0.00000321     -0.00000589     -0.00000000
ATVX     1  Mu1.0003  Se1.118                       0.11518556      0.00000964     -0.00002835     -0.00000000
ATVX     1  Mu1.0004  Se1.118                       0.15947441      0.00002996     -0.00006912     -0.00000000
ATVX     1  Mu1.0005  Se1.118                       0.17311021     -0.00005214      0.00014808     -0.00000001
ATVX     1  Mu1.0006  Se1.118                       0.18951059      0.00002671     -0.00007674     -0.00000000
ATVX     1  Mu1.0007  Se1.118                       0.19706872      0.00007327     -0.00023185     -0.00000002
ATVX     1  Mu1.0008  Se1.118                       0.24178552     -0.00015898      0.00041274     -0.00000007
ATVX     1  Mu1.0009  Se1.118                       0.24582139      0.00007599     -0.00019371     -0.00000001
ATVX     1  Mu1.0010  Se1.118                       0.25146491     -0.00002574      0.00005340     -0.00000000
ATVX     1  Mu1.0011  Se1.118                       0.26183902      0.00007418     -0.00017592     -0.00000001
ATVX     1  Mu1.0012  Se1.118                       0.26612293     -0.00001881      0.00005212     -0.00000000
ATVX     1  Mu1.0013  Se1.118                       0.27856257      0.00000129     -0.00000424     -0.00000000
ATVX     1  Mu1.0014  Se1.118                       0.28623117      0.00046627     -0.00107499     -0.00000050
ATVX     1  Mu1.0015  Se1.118                       0.28914966      0.00004084     -0.00007636     -0.00000000
ATVX     1  Mu1.0016  Se1.118                       0.29408765     -0.00004124      0.00011357     -0.00000000
ATVX     1  Mu1.0001  Se1.119                       0.03012321     -0.00010622      0.00009310     -0.00000001
ATVX     1  Mu1.0002  Se1.119                       0.07494490      0.00003388     -0.00007365     -0.00000000
ATVX     1  Mu1.0003  Se1.119                       0.11530467      0.00016410     -0.00040578     -0.00000007
ATVX     1  Mu1.0004  Se1.119                       0.15959351      0.00024498     -0.00067759     -0.00000017
ATVX     1  Mu1.0005  Se1.119                       0.17322931     -0.00027797      0.00075457     -0.00000021
ATVX     1  Mu1.0006  Se1.119                       0.18962969      0.00015865     -0.00041758     -0.00000007
ATVX     1  Mu1.0007  Se1.119                       0.19718782      0.00034540     -0.00140049     -0.00000048
ATVX     1  Mu1.0008  Se1.119                       0.24190462      0.00006196     -0.00014823     -0.00000001
ATVX     1  Mu1.0009  Se1.119                       0.24594049      0.00050040     -0.00128228     -0.00000064
ATVX     1  Mu1.0010  Se1.119                       0.25158401     -0.00013949      0.00025477     -0.00000004
ATVX     1  Mu1.0011  Se1.119                       0.26195812     -0.00002346      0.00005984     -0.00000000
ATVX     1  Mu1.0012  Se1.119                       0.26624204     -0.00004742      0.00014893     -0.00000001
ATVX     1  Mu1.0013  Se1.119                       0.27868167      0.00003184     -0.00009600     -0.00000000
ATVX     1  Mu1.0014  Se1.119                       0.28635027     -0.00005004      0.00011630     -0.00000001
ATVX     1  Mu1.0015  Se1.119                       0.28926876      0.00002902     -0.00001546     -0.00000000
ATVX     1  Mu1.0016  Se1.119                       0.29420675      0.00002118     -0.00004267     -0.00000000
ATVX     1  Mu1.0001  Se1.120                       0.03617203      0.00000036     -0.00000030     -0.00000000
ATVX     1  Mu1.0002  Se1.120                       0.08099372      0.00000393     -0.00000481     -0.00000000
ATVX     1  Mu1.0003  Se1.120                       0.12135348      0.00000270     -0.00001478     -0.00000000
ATVX     1  Mu1.0004  Se1.120                       0.16564232      0.00002168     -0.00004437     -0.00000000
ATVX     1  Mu1.0005  Se1.120                       0.17927813     -0.00001485      0.00001699     -0.00000000
ATVX     1  Mu1.0006  Se1.120                       0.19567851     -0.00001055      0.00002224     -0.00000000
ATVX     1  Mu1.0007  Se1.120                       0.20323663      0.00002298     -0.00006408     -0.00000000
ATVX     1  Mu1.0008  Se1.120                       0.24795343     -0.00001483      0.00006757     -0.00000000
ATVX     1  Mu1.0009  Se1.120                       0.25198931      0.00001383     -0.00003177     -0.00000000
ATVX     1  Mu1.0010  Se1.120                       0.25763282      0.00001274     -0.00003045     -0.00000000
ATVX     1  Mu1.0011  Se1.120                       0.26800694      0.00002869     -0.00006939     -0.00000000
ATVX     1  Mu1.0012  Se1.120                       0.27229085     -0.00000959      0.00002083     -0.00000000
ATVX     1  Mu1.0013  Se1.120                       0.28473048      0.00000980     -0.00001994     -0.00000000
ATVX     1  Mu1.0014  Se1.120                       0.29239909     -0.00039994      0.00091045     -0.00000036
ATVX     1  Mu1.0015  Se1.120                       0.29531757      0.00001007     -0.00000339     -0.00000000
ATVX     1  Mu1.0001  Se1.121                       0.04594508      0.00000580     -0.00000720     -0.00000000
ATVX     1  Mu1.0002  Se1.121                       0.09076677      0.00001119     -0.00001183     -0.00000000
ATVX     1  Mu1.0003  Se1.121                       0.13112653      0.00001065     -0.00003770     -0.00000000
ATVX     1  Mu1.0004  Se1.121                       0.17541537      0.00007238     -0.00015364     -0.00000001
ATVX     1  Mu1.0005  Se1.121                       0.18905117     -0.00002615      0.00002840     -0.00000000
ATVX     1  Mu1.0006  Se1.121                       0.20545156     -0.00004355      0.00010893     -0.00000000
ATVX     1  Mu1.0007  Se1.121                       0.21300968      0.00005201     -0.00009744     -0.00000001
ATVX     1  Mu1.0008  Se1.121                       0.25772648      0.00010810     -0.00023388     -0.00000003
ATVX     1  Mu1.0009  Se1.121                       0.26176236     -0.00001121      0.00003627     -0.00000000
ATVX     1  Mu1.0010  Se1.121                       0.26740587      0.00002209     -0.00006065     -0.00000000
ATVX     1  Mu1.0011  Se1.121                       0.27777998      0.00003398     -0.00007634     -0.00000000
ATVX     1  Mu1.0012  Se1.121                       0.28206390     -0.00001655      0.00004383     -0.00000000
ATVX     1  Mu1.0013  Se1.121                       0.29450353      0.00001809     -0.00003712     -0.00000000
ATVX     1  Mu1.0001  Se1.122                       0.05462875      0.00014521     -0.00016806     -0.00000002
ATVX     1  Mu1.0002  Se1.122                       0.09945044     -0.00010402      0.00018307     -0.00000002
ATVX     1  Mu1.0003  Se1.122                       0.13981020      0.00033878     -0.00084934     -0.00000029
ATVX     1  Mu1.0004  Se1.122                       0.18409904      0.00086225     -0.00195435     -0.00000169
ATVX     1  Mu1.0005  Se1.122                       0.19773485      0.00024250     -0.00082885     -0.00000020
ATVX     1  Mu1.0006  Se1.122                       0.21413523     -0.00034974      0.00080222     -0.00000028
ATVX     1  Mu1.0007  Se1.122                       0.22169336     -0.00019686     -0.00005669      0.00000001
ATVX     1  Mu1.0008  Se1.122                       0.26641015     -0.00002619      0.00005398     -0.00000000
ATVX     1  Mu1.0009  Se1.122                       0.27044603     -0.00027707      0.00074939     -0.00000021
ATVX     1  Mu1.0010  Se1.122                       0.27608955     -0.00001878      0.00003701     -0.00000000
ATVX     1  Mu1.0011  Se1.122                       0.28646366      0.00002634     -0.00008914     -0.00000000
ATVX     1  Mu1.0012  Se1.122                       0.29074757      0.00019390     -0.00067618     -0.00000013
ATVX     1  Mu1.0001  Se1.123                       0.05560451     -0.00000716      0.00000725     -0.00000000
ATVX     1  Mu1.0002  Se1.123                       0.10042620     -0.00000299      0.00000633     -0.00000000
ATVX     1  Mu1.0003  Se1.123                       0.14078596      0.00001104     -0.00004570     -0.00000000
ATVX     1  Mu1.0004  Se1.123                       0.18507480     -0.00004154      0.00013667     -0.00000001
ATVX     1  Mu1.0005  Se1.123                       0.19871061      0.00001477     -0.00014959     -0.00000000
ATVX     1  Mu1.0006  Se1.123                       0.21511099      0.00000173     -0.00002791     -0.00000000
ATVX     1  Mu1.0007  Se1.123                       0.22266912      0.00003181     -0.00011238     -0.00000000
ATVX     1  Mu1.0008  Se1.123                       0.26738592     -0.00015781      0.00044527     -0.00000007
ATVX     1  Mu1.0009  Se1.123                       0.27142179      0.00000799      0.00000341      0.00000000
ATVX     1  Mu1.0010  Se1.123                       0.27706531      0.00006226     -0.00012254     -0.00000001
ATVX     1  Mu1.0011  Se1.123                       0.28743942      0.00006360     -0.00015643     -0.00000001
ATVX     1  Mu1.0012  Se1.123                       0.29172333      0.00001084     -0.00005307     -0.00000000
ATVX     1  Mu1.0001  Se1.124                       0.06165385     -0.00035533      0.00062765     -0.00000022
ATVX     1  Mu1.0002  Se1.124                       0.10647554      0.00002516     -0.00014973     -0.00000000
ATVX     1  Mu1.0003  Se1.124                       0.14683530      0.00070667     -0.00188044     -0.00000133
ATVX     1  Mu1.0004  Se1.124                       0.19112414      0.00025565     -0.00071653     -0.00000018
ATVX     1  Mu1.0005  Se1.124                       0.20475995     -0.00096090      0.00183648     -0.00000176
ATVX     1  Mu1.0006  Se1.124                       0.22116033      0.00094898     -0.00280311     -0.00000266
ATVX     1  Mu1.0007  Se1.124                       0.22871846      0.00113305     -0.00471493     -0.00000534
ATVX     1  Mu1.0008  Se1.124                       0.27343525      0.00013484     -0.00031696     -0.00000004
ATVX     1  Mu1.0009  Se1.124                       0.27747113      0.00145755     -0.00367621     -0.00000536
ATVX     1  Mu1.0010  Se1.124                       0.28311465     -0.00040257      0.00071345     -0.00000029
ATVX     1  Mu1.0011  Se1.124                       0.29348876     -0.00005481      0.00011400     -0.00000001
ATVX     1  Mu1.0012  Se1.124                       0.29777267     -0.00025827      0.00050337     -0.00000013
ATVX     1  Mu1.0001  Se1.125                       0.06558575      0.00000708     -0.00001086     -0.00000000
ATVX     1  Mu1.0002  Se1.125                       0.11040744     -0.00000142      0.00000503     -0.00000000
ATVX     1  Mu1.0003  Se1.125                       0.15076720     -0.00001052      0.00001933     -0.00000000
ATVX     1  Mu1.0004  Se1.125                       0.19505604      0.00000418      0.00001127      0.00000000
ATVX     1  Mu1.0005  Se1.125                       0.20869185     -0.00002590      0.00005968     -0.00000000
ATVX     1  Mu1.0006  Se1.125                       0.22509223      0.00000748     -0.00003252     -0.00000000
ATVX     1  Mu1.0007  Se1.125                       0.23265036      0.00001769     -0.00003534     -0.00000000
ATVX     1  Mu1.0008  Se1.125                       0.27736715     -0.00012608      0.00034170     -0.00000004
ATVX     1  Mu1.0009  Se1.125                       0.28140303      0.00002312     -0.00005314     -0.00000000
ATVX     1  Mu1.0010  Se1.125                       0.28704655     -0.00000676      0.00002298     -0.00000000
ATVX     1  Mu1.0011  Se1.125                       0.29742066      0.00006223     -0.00014548     -0.00000001
ATVX     1  Mu1.0001  Se1.126                       0.06883015     -0.00025024      0.00047949     -0.00000012
ATVX     1  Mu1.0002  Se1.126                       0.11365184     -0.00000976     -0.00004627      0.00000000
ATVX     1  Mu1.0003  Se1.126                       0.15401160      0.00048233     -0.00126547     -0.00000061
ATVX     1  Mu1.0004  Se1.126                       0.19830044      0.00000706      0.00003834      0.00000000
ATVX     1  Mu1.0005  Se1.126                       0.21193625     -0.00078435      0.00141664     -0.00000111
ATVX     1  Mu1.0006  Se1.126                       0.22833663      0.00078675     -0.00235126     -0.00000185
ATVX     1  Mu1.0007  Se1.126                       0.23589475      0.00071347     -0.00286866     -0.00000205
ATVX     1  Mu1.0008  Se1.126                       0.28061155      0.00009047     -0.00021642     -0.00000002
ATVX     1  Mu1.0009  Se1.126                       0.28464743      0.00103571     -0.00259380     -0.00000269
ATVX     1  Mu1.0010  Se1.126                       0.29029094     -0.00033501      0.00072144     -0.00000024
ATVX     1  Mu1.0001  Se1.127                       0.08427923     -0.00031177      0.00053107     -0.00000017
ATVX     1  Mu1.0002  Se1.127                       0.12910092      0.00018835     -0.00039870     -0.00000008
ATVX     1  Mu1.0003  Se1.127                       0.16946068     -0.00040868      0.00108486     -0.00000044
ATVX     1  Mu1.0004  Se1.127                       0.21374952     -0.00174672      0.00409453     -0.00000715
ATVX     1  Mu1.0005  Se1.127                       0.22738533     -0.00035109      0.00115377     -0.00000041
ATVX     1  Mu1.0006  Se1.127                       0.24378571      0.00083594     -0.00209290     -0.00000175
ATVX     1  Mu1.0007  Se1.127                       0.25134383      0.00069297     -0.00095318     -0.00000066
ATVX     1  Mu1.0008  Se1.127                       0.29606063      0.00008249     -0.00017211     -0.00000001
ATVX     1  Mu1.0001  Se1.128                       0.08632320     -0.00000697      0.00001214     -0.00000000
ATVX     1  Mu1.0002  Se1.128                       0.13114489     -0.00000459      0.00000512     -0.00000000
ATVX     1  Mu1.0003  Se1.128                       0.17150465      0.00001546     -0.00004542     -0.00000000
ATVX     1  Mu1.0004  Se1.128                       0.21579349     -0.00003772      0.00008061     -0.00000000
ATVX     1  Mu1.0005  Se1.128                       0.22942930      0.00004814     -0.00015553     -0.00000001
ATVX     1  Mu1.0006  Se1.128                       0.24582968      0.00000654     -0.00001870     -0.00000000
ATVX     1  Mu1.0007  Se1.128                       0.25338781      0.00001829     -0.00009719     -0.00000000
ATVX     1  Mu1.0008  Se1.128                       0.29810460     -0.00010565      0.00024120     -0.00000003
ATVX     1  Mu1.0001  Se1.129                       0.08886169     -0.00002431      0.00005088     -0.00000000
ATVX     1  Mu1.0002  Se1.129                       0.13368338      0.00000439     -0.00001573     -0.00000000
ATVX     1  Mu1.0003  Se1.129                       0.17404314      0.00004084     -0.00009357     -0.00000000
ATVX     1  Mu1.0004  Se1.129                       0.21833198      0.00000986     -0.00009486     -0.00000000
ATVX     1  Mu1.0005  Se1.129                       0.23196778      0.00002047     -0.00004431     -0.00000000
ATVX     1  Mu1.0006  Se1.129                       0.24836817     -0.00000745      0.00005284     -0.00000000
ATVX     1  Mu1.0007  Se1.129                       0.25592629      0.00000333     -0.00007543     -0.00000000
ATVX     1  Mu1.0001  Se1.130                       0.09641158     -0.00009736      0.00017902     -0.00000002
ATVX     1  Mu1.0002  Se1.130                       0.14123327      0.00003529     -0.00004428     -0.00000000
ATVX     1  Mu1.0003  Se1.130                       0.18159304     -0.00023662      0.00059908     -0.00000014
ATVX     1  Mu1.0004  Se1.130                       0.22588188      0.00029583     -0.00138775     -0.00000041
ATVX     1  Mu1.0005  Se1.130                       0.23951768     -0.00039345      0.00094336     -0.00000037
ATVX     1  Mu1.0006  Se1.130                       0.25591806     -0.00006868      0.00056131     -0.00000004
ATVX     1  Mu1.0007  Se1.130                       0.26347619     -0.00006954      0.00062834     -0.00000004
ATVX     1  Mu1.0001  Se1.131                       0.09713132      0.00000259     -0.00000652     -0.00000000
ATVX     1  Mu1.0002  Se1.131                       0.14195301     -0.00000091      0.00000353     -0.00000000
ATVX     1  Mu1.0003  Se1.131                       0.18231277      0.00000208     -0.00000417     -0.00000000
ATVX     1  Mu1.0004  Se1.131                       0.22660161     -0.00000931      0.00003504     -0.00000000
ATVX     1  Mu1.0005  Se1.131                       0.24023741      0.00001417     -0.00003696     -0.00000000
ATVX     1  Mu1.0006  Se1.131                       0.25663780     -0.00000206      0.00000188     -0.00000000
ATVX     1  Mu1.0007  Se1.131                       0.26419592      0.00000912     -0.00001391     -0.00000000
ATVX     1  Mu1.0001  Se1.132                       0.10285923     -0.00046812      0.00104398     -0.00000049
ATVX     1  Mu1.0002  Se1.132                       0.14768092      0.00011370     -0.00030254     -0.00000003
ATVX     1  Mu1.0003  Se1.132                       0.18804069      0.00055246     -0.00161124     -0.00000089
ATVX     1  Mu1.0004  Se1.132                       0.23232953      0.00088779     -0.00248919     -0.00000221
ATVX     1  Mu1.0005  Se1.132                       0.24596533     -0.00125649      0.00140101     -0.00000176
ATVX     1  Mu1.0006  Se1.132                       0.26236571      0.00068314     -0.00183879     -0.00000126
ATVX     1  Mu1.0007  Se1.132                       0.26992384      0.00190287     -0.00539362     -0.00001026
ATVX     1  Mu1.0001  Se1.133                       0.10689409      0.00002031     -0.00009130     -0.00000000
ATVX     1  Mu1.0002  Se1.133                       0.15171578     -0.00001773      0.00011465     -0.00000000
ATVX     1  Mu1.0003  Se1.133                       0.19207554     -0.00033259      0.00084877     -0.00000028
ATVX     1  Mu1.0004  Se1.133                       0.23636438      0.00068253     -0.00279008     -0.00000190
ATVX     1  Mu1.0005  Se1.133                       0.25000018     -0.00004992      0.00023283     -0.00000001
ATVX     1  Mu1.0006  Se1.133                       0.26640057     -0.00052123      0.00199883     -0.00000104
ATVX     1  Mu1.0007  Se1.133                       0.27395869     -0.00056562      0.00208250     -0.00000118
ATVX     1  Mu1.0001  Se1.134                       0.11551117      0.00021562     -0.00048930     -0.00000011
ATVX     1  Mu1.0002  Se1.134                       0.16033286     -0.00000278     -0.00002236      0.00000000
ATVX     1  Mu1.0003  Se1.134                       0.20069262      0.00018813     -0.00051200     -0.00000010
ATVX     1  Mu1.0004  Se1.134                       0.24498146      0.00080691     -0.00219026     -0.00000177
ATVX     1  Mu1.0005  Se1.134                       0.25861726     -0.00020751      0.00241476     -0.00000050
ATVX     1  Mu1.0006  Se1.134                       0.27501765     -0.00074026      0.00206148     -0.00000153
ATVX     1  Mu1.0007  Se1.134                       0.28257577     -0.00035052     -0.00029898      0.00000010
ATVX     1  Mu1.0001  Se1.135                       0.12237434      0.00000092     -0.00000240     -0.00000000
ATVX     1  Mu1.0002  Se1.135                       0.16719603     -0.00000047      0.00000102     -0.00000000
ATVX     1  Mu1.0003  Se1.135                       0.20755579      0.00000198     -0.00000520     -0.00000000
ATVX     1  Mu1.0004  Se1.135                       0.25184463      0.00000929     -0.00001906     -0.00000000
ATVX     1  Mu1.0005  Se1.135                       0.26548043      0.00000283     -0.00000943     -0.00000000
ATVX     1  Mu1.0006  Se1.135                       0.28188082     -0.00000373      0.00000832     -0.00000000
ATVX     1  Mu1.0007  Se1.135                       0.28943894     -0.00000005     -0.00000092      0.00000000
ATVX     1  Mu1.0001  Se1.136                       0.13828004      0.00073992     -0.00181187     -0.00000134
ATVX     1  Mu1.0002  Se1.136                       0.18310173     -0.00058961      0.00143509     -0.00000085
ATVX     1  Mu1.0003  Se1.136                       0.22346149      0.00178409     -0.00466854     -0.00000833
ATVX     1  Mu1.0004  Se1.136                       0.26775033      0.00385009     -0.00898731     -0.00003460
ATVX     1  Mu1.0005  Se1.136                       0.28138614      0.00111561     -0.00329681     -0.00000368
ATVX     1  Mu1.0006  Se1.136                       0.29778652     -0.00201134      0.00506965     -0.00001020
ATVX     1  Mu1.0001  Se1.137                       0.13950913      0.00030287     -0.00081193     -0.00000025
ATVX     1  Mu1.0002  Se1.137                       0.18433082     -0.00023734      0.00062696     -0.00000015
ATVX     1  Mu1.0003  Se1.137                       0.22469058      0.00031062     -0.00070857     -0.00000022
ATVX     1  Mu1.0004  Se1.137                       0.26897943      0.00096113     -0.00201404     -0.00000194
ATVX     1  Mu1.0005  Se1.137                       0.28261523      0.00019878     -0.00066081     -0.00000013
ATVX     1  Mu1.0006  Se1.137                       0.29901561     -0.00055360      0.00150559     -0.00000083
ATVX     1  Mu1.0001  Se1.138                       0.14078252      0.00000812     -0.00002159     -0.00000000
ATVX     1  Mu1.0002  Se1.138                       0.18560421     -0.00000991      0.00002117     -0.00000000
ATVX     1  Mu1.0003  Se1.138                       0.22596397      0.00001359     -0.00001003     -0.00000000
ATVX     1  Mu1.0004  Se1.138                       0.27025281      0.00001953     -0.00006031     -0.00000000
ATVX     1  Mu1.0005  Se1.138                       0.28388861      0.00002206     -0.00000634     -0.00000000
ATVX     1  Mu1.0001  Se1.139                       0.15017078     -0.00004553      0.00018522     -0.00000001
ATVX     1  Mu1.0002  Se1.139                       0.19499247      0.00005116     -0.00015505     -0.00000001
ATVX     1  Mu1.0003  Se1.139                       0.23535223      0.00037701     -0.00116556     -0.00000044
ATVX     1  Mu1.0004  Se1.139                       0.27964107      0.00027757     -0.00077387     -0.00000021
ATVX     1  Mu1.0005  Se1.139                       0.29327688      0.00020058     -0.00188009     -0.00000038
ATVX     1  Mu1.0001  Se1.140                       0.15068429      0.00000544     -0.00001031     -0.00000000
ATVX     1  Mu1.0002  Se1.140                       0.19550598      0.00000226     -0.00000404     -0.00000000
ATVX     1  Mu1.0003  Se1.140                       0.23586574      0.00001780     -0.00005626     -0.00000000
ATVX     1  Mu1.0004  Se1.140                       0.28015458      0.00001449     -0.00001627     -0.00000000
ATVX     1  Mu1.0005  Se1.140                       0.29379039      0.00000705     -0.00008898     -0.00000000
ATVX     1  Mu1.0001  Se1.141                       0.16416180     -0.00049678      0.00118853     -0.00000059
ATVX     1  Mu1.0002  Se1.141                       0.20898349      0.00011109     -0.00022264     -0.00000002
ATVX     1  Mu1.0003  Se1.141                       0.24934325     -0.00013107      0.00027139     -0.00000004
ATVX     1  Mu1.0004  Se1.141                       0.29363209     -0.00136149      0.00219957     -0.00000299
ATVX     1  Mu1.0001  Se1.142                       0.17158967     -0.00000273      0.00000951     -0.00000000
ATVX     1  Mu1.0002  Se1.142                       0.21641136      0.00000498     -0.00000844     -0.00000000
ATVX     1  Mu1.0003  Se1.142                       0.25677112     -0.00001406      0.00003382     -0.00000000
ATVX     1  Mu1.0001  Se1.143                       0.17387906     -0.00065675      0.00153961     -0.00000101
ATVX     1  Mu1.0002  Se1.143                       0.21870075      0.00011126     -0.00018813     -0.00000002
ATVX     1  Mu1.0003  Se1.143                       0.25906051     -0.00019509      0.00049378     -0.00000010
ATVX     1  Mu1.0001  Se1.144                       0.17658798     -0.00001792      0.00005027     -0.00000000
ATVX     1  Mu1.0002  Se1.144                       0.22140967      0.00000755     -0.00002031     -0.00000000
ATVX     1  Mu1.0003  Se1.144                       0.26176944      0.00000155     -0.00000630     -0.00000000
ATVX     1  Mu1.0001  Se1.145                       0.17755316      0.00027606     -0.00075435     -0.00000021
ATVX     1  Mu1.0002  Se1.145                       0.22237485     -0.00010466      0.00030055     -0.00000003
ATVX     1  Mu1.0003  Se1.145                       0.26273462     -0.00023846      0.00066553     -0.00000016
ATVX     1  Mu1.0001  Se1.146                       0.19068900     -0.00036118      0.00089885     -0.00000032
ATVX     1  Mu1.0002  Se1.146                       0.23551069      0.00011675     -0.00023542     -0.00000003
ATVX     1  Mu1.0003  Se1.146                       0.27587045     -0.00019391      0.00039958     -0.00000008
ATVX     1  Mu1.0001  Se1.147                       0.19886411      0.00001269     -0.00003519     -0.00000000
ATVX     1  Mu1.0002  Se1.147                       0.24368580     -0.00000040      0.00000656     -0.00000000
ATVX     1  Mu1.0003  Se1.147                       0.28404557     -0.00003592      0.00007492     -0.00000000
ATVX     1  Mu1.0001  Se1.148                       0.20015142     -0.00049832      0.00137628     -0.00000069
ATVX     1  Mu1.0002  Se1.148                       0.24497311      0.00003079     -0.00009266     -0.00000000
ATVX     1  Mu1.0003  Se1.148                       0.28533288      0.00009893     -0.00029775     -0.00000003
ATVX     1  Mu1.0001  Se1.149                       0.20526003      0.00026538     -0.00062631     -0.00000017
ATVX     1  Mu1.0002  Se1.149                       0.25008172     -0.00008347      0.00017542     -0.00000001
ATVX     1  Mu1.0003  Se1.149                       0.29044148     -0.00033800      0.00101038     -0.00000034
ATVX     1  Mu1.0001  Se1.150                       0.20611092      0.00000118     -0.00000107     -0.00000000
ATVX     1  Mu1.0002  Se1.150                       0.25093261      0.00000548     -0.00001177     -0.00000000
ATVX     1  Mu1.0003  Se1.150                       0.29129237      0.00000464     -0.00001794     -0.00000000
ATVX     1  Mu1.0001  Se1.151                       0.21876773      0.00059694     -0.00140817     -0.00000084
ATVX     1  Mu1.0002  Se1.151                       0.26358942     -0.00014803      0.00026634     -0.00000004
ATVX     1  Mu1.0001  Se1.152                       0.22007385      0.00000291     -0.00000810     -0.00000000
ATVX     1  Mu1.0002  Se1.152                       0.26489554     -0.00000253      0.00000258     -0.00000000
ATVX     1  Mu1.0001  Se1.153                       0.22109252      0.00000205     -0.00000341     -0.00000000
ATVX     1  Mu1.0002  Se1.153                       0.26591421     -0.00000182      0.00000419     -0.00000000
ATVX     1  Mu1.0001  Se1.154                       0.22920691     -0.00025213      0.00067725     -0.00000017
ATVX     1  Mu1.0002  Se1.154                       0.27402860      0.00000736     -0.00002204     -0.00000000
ATVX     1  Mu1.0001  Se1.155                       0.23533695     -0.00000182      0.00000676     -0.00000000
ATVX     1  Mu1.0002  Se1.155                       0.28015864     -0.00000134     -0.00000005      0.00000000
ATVX     1  Mu1.0001  Se1.156                       0.24041709      0.00065461     -0.00157898     -0.00000103
ATVX     1  Mu1.0002  Se1.156                       0.28523878     -0.00018578      0.00038421     -0.00000007
ATVX     1  Mu1.0001  Se1.157                       0.24173270      0.00014535     -0.00036140     -0.00000005
ATVX     1  Mu1.0002  Se1.157                       0.28655439      0.00000149     -0.00001275     -0.00000000
ATVX     1  Mu1.0001  Se1.158                       0.25100922      0.00013743     -0.00035113     -0.00000005
ATVX     1  Mu1.0002  Se1.158                       0.29583091     -0.00011839      0.00026583     -0.00000003
ATVX     1  Mu1.0001  Se1.159                       0.25181469      0.00000847     -0.00001882     -0.00000000
ATVX     1  Mu1.0002  Se1.159                       0.29663638      0.00000628     -0.00001119     -0.00000000
ATVX     1  Mu1.0001  Se1.160                       0.26110391     -0.00008996      0.00022273     -0.00000002
ATVX     1  Mu1.0001  Se1.161                       0.26566551     -0.00000087      0.00000167     -0.00000000
ATVX     1  Mu1.0001  Se1.162                       0.26675997     -0.00000215      0.00000667     -0.00000000
ATVX     1  Mu1.0001  Se1.163                       0.27387635     -0.00007408      0.00021710     -0.00000002
ATVX     1  Mu1.0001  Se1.164                       0.27622303     -0.00001067      0.00002370     -0.00000000
ATVX     1  Mu1.0001  Se1.165                       0.27771176     -0.00000542      0.00001177     -0.00000000
ATVX     1  Mu1.0001  Se1.166                       0.28200119      0.00011331     -0.00022683     -0.00000003
ATVX     1  Mu1.0001  Se1.167                       0.28726345     -0.00000062      0.00000186     -0.00000000
ATVX     1  Mu1.0001  Se1.168                       0.28922441     -0.00007436      0.00020157     -0.00000001
ATVX     1  Mu1.0001  Se1.169                       0.29337153      0.00014024     -0.00029102     -0.00000004
ATVX     1  Mu1.0001  Se1.170                       0.29874971     -0.00000857      0.00001415     -0.00000000
BVATP    1  Mu1.0001  Se1.113 Se1.113               0.28798882     -0.00039823      0.00091880     -0.00000037
BJATM    1  Mu1.0006  In1.100 Se1.114 Se1.113       0.91203716      0.02269375     -0.02576946     -0.00058481
--

   (Skipping property calculation,
    use PROP keyword to activate)
********************************************************************************
 Compute H0 matrices for state    2
--------------------------------------------------------------------------------
--------------------------------------------------------------------------------
 H0 matrices have been computed.

********************************************************************************
  CASPT2 EQUATION SOLUTION
--------------------------------------------------------------------------------

  Total nr of CASPT2 parameters:
   Before reduction:  1876168956
   After  reduction:  1876107844

 Variance of |WF0>:      23.4886190730

 The contributions to the second order correlation energy in atomic units.
-----------------------------------------------------------------------------------------------------------------------------
  IT.      VJTU        VJTI        ATVX        AIVX        VJAI        BVAT        BJAT        BJAI        TOTAL       RNORM  
-----------------------------------------------------------------------------------------------------------------------------
   1    -0.073782   -0.036096   -0.015283   -0.141283   -0.412842   -0.131886   -0.704843   -3.526597   -5.042612    0.015605
   2    -0.077075   -0.036216   -0.015376   -0.141786   -0.413199   -0.132213   -0.706198   -3.527345   -5.049408    0.003312
   3    -0.077245   -0.036215   -0.015397   -0.141708   -0.413181   -0.132269   -0.706265   -3.527334   -5.049615    0.000405
   4    -0.077263   -0.036211   -0.015391   -0.141677   -0.413166   -0.132254   -0.706208   -3.527305   -5.049476    0.000054
   5    -0.077264   -0.036211   -0.015391   -0.141676   -0.413166   -0.132253   -0.706206   -3.527305   -5.049471    0.000007
   6    -0.077264   -0.036211   -0.015391   -0.141676   -0.413166   -0.132254   -0.706207   -3.527305   -5.049474    0.000001
-----------------------------------------------------------------------------------------------------------------------------

  FINAL CASPT2 RESULT:

      Reference energy:       -3929.6565292318
      E2 (Non-variational):      -5.0494736862
      Shift correction:          -0.0595029917
      E2 (Variational):          -5.1089766779
      Total energy:           -3934.7655059097
      Residual norm:              0.0000001649
      Reference weight:           0.36350

      Contributions to the CASPT2 correlation energy
      Active & Virtual Only:         -0.1476441852
      One Inactive Excited:          -0.9251467549
      Two Inactive Excited:          -3.9766827460


++ Denominators, etc.
--------------------------------------------------------------------------------------------------------------
 Report on small energy denominators, large coefficients, and large energy contributions.
CASE  SYMM ACTIVE-MIX  NON-ACTIVE INDICES          DENOMINATOR     RHS VALUE       COEFFICIENT     CONTRIBUTION
VJTU     1  Mu1.0002  In1.069                       0.37509712      0.01960421     -0.03977317     -0.00077972
VJTU     1  Mu1.0002  In1.073                       0.32888393     -0.02825392      0.06169423     -0.00174310
VJTU     1  Mu1.0024  In1.073                       0.56615679      0.01933023     -0.02945076     -0.00056929
VJTU     1  Mu1.0001  In1.078                       0.29841398      0.00098005     -0.00228831     -0.00000224
VJTU     1  Mu1.0001  In1.079                       0.28050822     -0.00285748      0.00688760     -0.00001968
VJTU     1  Mu1.0002  In1.079                       0.28234173      0.00754702     -0.01799291     -0.00013579
VJTU     1  Mu1.0001  In1.080                       0.27080494      0.00154811     -0.00373464     -0.00000578
VJTU     1  Mu1.0002  In1.080                       0.27263845     -0.00490836      0.01171719     -0.00005751
VJTU     1  Mu1.0001  In1.081                       0.26895544     -0.00066135      0.00162399     -0.00000107
VJTU     1  Mu1.0002  In1.081                       0.27078895      0.00217985     -0.00537731     -0.00001172
VJTU     1  Mu1.0001  In1.082                       0.25977785     -0.00237340      0.00592558     -0.00001406
VJTU     1  Mu1.0002  In1.082                       0.26161136      0.00778633     -0.01940969     -0.00015113
VJTU     1  Mu1.0003  In1.082                       0.29203148      0.00301251     -0.00722836     -0.00002178
VJTU     1  Mu1.0001  In1.083                       0.25508597     -0.00471853      0.01141876     -0.00005388
VJTU     1  Mu1.0002  In1.083                       0.25691948      0.01333012     -0.03201968     -0.00042683
VJTU     1  Mu1.0003  In1.083                       0.28733960      0.00502911     -0.01157805     -0.00005823
VJTU     1  Mu1.0001  In1.084                       0.24622243      0.00023578     -0.00067488     -0.00000016
VJTU     1  Mu1.0002  In1.084                       0.24805594     -0.00062732      0.00189838     -0.00000119
VJTU     1  Mu1.0003  In1.084                       0.27847606     -0.00022341      0.00066168     -0.00000015
VJTU     1  Mu1.0004  In1.084                       0.29849977     -0.00015694      0.00031870     -0.00000005
VJTU     1  Mu1.0001  In1.085                       0.24431354      0.00429405     -0.01039512     -0.00004464
VJTU     1  Mu1.0002  In1.085                       0.24614706     -0.01249967      0.03009528     -0.00037618
VJTU     1  Mu1.0003  In1.085                       0.27656718     -0.00463677      0.01073562     -0.00004978
VJTU     1  Mu1.0004  In1.085                       0.29659089     -0.00011143      0.00025589     -0.00000003
VJTU     1  Mu1.0001  In1.086                       0.20165061      0.00028670     -0.00110171     -0.00000032
VJTU     1  Mu1.0002  In1.086                       0.20348413      0.00019333      0.00095539      0.00000018
VJTU     1  Mu1.0003  In1.086                       0.23390425      0.00005477      0.00042788      0.00000002
VJTU     1  Mu1.0004  In1.086                       0.25392796     -0.00017184      0.00037325     -0.00000006
VJTU     1  Mu1.0005  In1.086                       0.25948877      0.00027006     -0.00054885     -0.00000015
VJTU     1  Mu1.0006  In1.086                       0.27268078      0.00018031     -0.00017519     -0.00000003
VJTU     1  Mu1.0007  In1.086                       0.27716907      0.00012544     -0.00018382     -0.00000002
VJTU     1  Mu1.0008  In1.086                       0.28706315      0.00025751     -0.00023686     -0.00000006
VJTU     1  Mu1.0001  In1.087                       0.19855198     -0.00086303      0.00236133     -0.00000204
VJTU     1  Mu1.0002  In1.087                       0.20038549      0.00264683     -0.00720843     -0.00001908
VJTU     1  Mu1.0003  In1.087                       0.23080561      0.00106003     -0.00285457     -0.00000303
VJTU     1  Mu1.0004  In1.087                       0.25082932      0.00027445     -0.00056788     -0.00000016
VJTU     1  Mu1.0005  In1.087                       0.25639013      0.00015585     -0.00043002     -0.00000007
VJTU     1  Mu1.0006  In1.087                       0.26958214      0.00048770     -0.00129494     -0.00000063
VJTU     1  Mu1.0007  In1.087                       0.27407043      0.00025175     -0.00067041     -0.00000017
VJTU     1  Mu1.0008  In1.087                       0.28396451      0.00058635     -0.00153608     -0.00000090
VJTU     1  Mu1.0001  In1.088                       0.19813364      0.00285971     -0.00740979     -0.00002119
VJTU     1  Mu1.0002  In1.088                       0.19996715     -0.00884817      0.02288254     -0.00020247
VJTU     1  Mu1.0003  In1.088                       0.23038728     -0.00347827      0.00889508     -0.00003094
VJTU     1  Mu1.0004  In1.088                       0.25041098     -0.00083367      0.00176342     -0.00000147
VJTU     1  Mu1.0005  In1.088                       0.25597180     -0.00065440      0.00167642     -0.00000110
VJTU     1  Mu1.0006  In1.088                       0.26916381     -0.00149471      0.00372351     -0.00000557
VJTU     1  Mu1.0007  In1.088                       0.27365210     -0.00067298      0.00173039     -0.00000116
VJTU     1  Mu1.0008  In1.088                       0.28354618     -0.00226281      0.00553125     -0.00001252
VJTU     1  Mu1.0001  In1.089                       0.19314499      0.00046667     -0.00218002     -0.00000102
VJTU     1  Mu1.0002  In1.089                       0.19497851      0.00061834      0.00189683      0.00000117
VJTU     1  Mu1.0003  In1.089                       0.22539863      0.00003695      0.00128886      0.00000005
VJTU     1  Mu1.0004  In1.089                       0.24542234     -0.00002090      0.00006680     -0.00000000
VJTU     1  Mu1.0005  In1.089                       0.25098315      0.00068089     -0.00126114     -0.00000086
VJTU     1  Mu1.0006  In1.089                       0.26417516      0.00027900      0.00011154      0.00000003
VJTU     1  Mu1.0007  In1.089                       0.26866345      0.00012050     -0.00000841     -0.00000000
VJTU     1  Mu1.0008  In1.089                       0.27855753      0.00081810     -0.00100540     -0.00000082
VJTU     1  Mu1.0001  In1.090                       0.17948545      0.00201072     -0.00527595     -0.00001061
VJTU     1  Mu1.0002  In1.090                       0.18131896     -0.00590905      0.01550914     -0.00009164
VJTU     1  Mu1.0003  In1.090                       0.21173908     -0.00234040      0.00618865     -0.00001448
VJTU     1  Mu1.0004  In1.090                       0.23176279     -0.00004520      0.00010687     -0.00000000
VJTU     1  Mu1.0005  In1.090                       0.23732360     -0.00036773      0.00089438     -0.00000033
VJTU     1  Mu1.0006  In1.090                       0.25051562     -0.00081613      0.00216407     -0.00000177
VJTU     1  Mu1.0007  In1.090                       0.25500391     -0.00076310      0.00191003     -0.00000146
VJTU     1  Mu1.0008  In1.090                       0.26489799     -0.00137986      0.00351186     -0.00000485
VJTU     1  Mu1.0009  In1.090                       0.29091937      0.00023455     -0.00057897     -0.00000014
VJTU     1  Mu1.0010  In1.090                       0.29780841     -0.00002908      0.00001218     -0.00000000
VJTU     1  Mu1.0001  In1.091                       0.16747379     -0.00003892      0.00121411     -0.00000005
VJTU     1  Mu1.0002  In1.091                       0.16930731     -0.00272917      0.00275716     -0.00000752
VJTU     1  Mu1.0003  In1.091                       0.19972743     -0.00104685      0.00107035     -0.00000112
VJTU     1  Mu1.0004  In1.091                       0.21975113      0.00021626     -0.00048849     -0.00000011
VJTU     1  Mu1.0005  In1.091                       0.22531195     -0.00075316      0.00156886     -0.00000118
VJTU     1  Mu1.0006  In1.091                       0.23850396     -0.00088616      0.00147041     -0.00000130
VJTU     1  Mu1.0007  In1.091                       0.24299225     -0.00034687      0.00048182     -0.00000017
VJTU     1  Mu1.0008  In1.091                       0.25288633     -0.00132549      0.00213201     -0.00000283
VJTU     1  Mu1.0009  In1.091                       0.27890771      0.00047893     -0.00098634     -0.00000047
VJTU     1  Mu1.0010  In1.091                       0.28579675      0.00032362     -0.00057521     -0.00000019
VJTU     1  Mu1.0011  In1.091                       0.28875442      0.00105162     -0.00223042     -0.00000235
VJTU     1  Mu1.0012  In1.091                       0.29060237     -0.00018112      0.00040009     -0.00000007
VJTU     1  Mu1.0013  In1.091                       0.29507938     -0.00023867      0.00059248     -0.00000014
VJTU     1  Mu1.0001  In1.092                       0.13709729     -0.02100225      0.04746358     -0.00099684
VJTU     1  Mu1.0002  In1.092                       0.13893080      0.06111606     -0.13798521     -0.00843311
VJTU     1  Mu1.0003  In1.092                       0.16935092      0.02310259     -0.05479442     -0.00126589
VJTU     1  Mu1.0004  In1.092                       0.18937463      0.00050075     -0.00116873     -0.00000059
VJTU     1  Mu1.0005  In1.092                       0.19493544      0.00408426     -0.00949564     -0.00003878
VJTU     1  Mu1.0006  In1.092                       0.20812746      0.00897394     -0.02153284     -0.00019323
VJTU     1  Mu1.0007  In1.092                       0.21261575      0.00395969     -0.00974600     -0.00003859
VJTU     1  Mu1.0008  In1.092                       0.22250983      0.01716316     -0.04106262     -0.00070476
VJTU     1  Mu1.0009  In1.092                       0.24853121     -0.00192667      0.00458144     -0.00000883
VJTU     1  Mu1.0010  In1.092                       0.25542025     -0.00054739      0.00112416     -0.00000062
VJTU     1  Mu1.0011  In1.092                       0.25837792     -0.00343671      0.00813023     -0.00002794
VJTU     1  Mu1.0012  In1.092                       0.26022587      0.00010973     -0.00015914     -0.00000002
VJTU     1  Mu1.0013  In1.092                       0.26470288     -0.00067453      0.00154545     -0.00000104
VJTU     1  Mu1.0014  In1.092                       0.27765927     -0.00224032      0.00461228     -0.00001033
VJTU     1  Mu1.0015  In1.092                       0.28605315      0.01316730     -0.02995107     -0.00039437
VJTU     1  Mu1.0016  In1.092                       0.29831824      0.00066390     -0.00128704     -0.00000085
VJTU     1  Mu1.0024  In1.092                       0.37620366     -0.04238066      0.08500664     -0.00360264
VJTU     1  Mu1.0001  In1.093                       0.13529920     -0.00761454      0.01744191     -0.00013281
VJTU     1  Mu1.0002  In1.093                       0.13713271      0.02285239     -0.05231812     -0.00119559
VJTU     1  Mu1.0003  In1.093                       0.16755283      0.00862346     -0.02077768     -0.00017918
VJTU     1  Mu1.0004  In1.093                       0.18757654     -0.00030079      0.00025094     -0.00000008
VJTU     1  Mu1.0005  In1.093                       0.19313735      0.00156207     -0.00376165     -0.00000588
VJTU     1  Mu1.0006  In1.093                       0.20632937      0.00383110     -0.00943098     -0.00003613
VJTU     1  Mu1.0007  In1.093                       0.21081766      0.00157300     -0.00400390     -0.00000630
VJTU     1  Mu1.0008  In1.093                       0.22071174      0.00611059     -0.01497879     -0.00009153
VJTU     1  Mu1.0009  In1.093                       0.24673312     -0.00064673      0.00132622     -0.00000086
VJTU     1  Mu1.0010  In1.093                       0.25362216     -0.00164057      0.00338105     -0.00000555
VJTU     1  Mu1.0011  In1.093                       0.25657983     -0.00133441      0.00326863     -0.00000436
VJTU     1  Mu1.0012  In1.093                       0.25842778     -0.00045378      0.00085517     -0.00000039
VJTU     1  Mu1.0013  In1.093                       0.26290479     -0.00027134      0.00059067     -0.00000016
VJTU     1  Mu1.0014  In1.093                       0.27586118     -0.00038873      0.00076715     -0.00000030
VJTU     1  Mu1.0015  In1.093                       0.28425506      0.00458104     -0.01064290     -0.00004876
VJTU     1  Mu1.0016  In1.093                       0.29652015     -0.00004618      0.00013930     -0.00000001
VJTU     1  Mu1.0001  In1.094                       0.12734081     -0.01509320      0.03307026     -0.00049914
VJTU     1  Mu1.0002  In1.094                       0.12917432      0.04506148     -0.09854332     -0.00444051
VJTU     1  Mu1.0003  In1.094                       0.15959444      0.01708698     -0.03975006     -0.00067921
VJTU     1  Mu1.0004  In1.094                       0.17961815      0.00034033     -0.00081704     -0.00000028
VJTU     1  Mu1.0005  In1.094                       0.18517897      0.00289876     -0.00679450     -0.00001970
VJTU     1  Mu1.0006  In1.094                       0.19837098      0.00701626     -0.01684532     -0.00011819
VJTU     1  Mu1.0007  In1.094                       0.20285927      0.00284535     -0.00694484     -0.00001976
VJTU     1  Mu1.0008  In1.094                       0.21275335      0.01233067     -0.02979080     -0.00036734
VJTU     1  Mu1.0009  In1.094                       0.23877473     -0.00160265      0.00382480     -0.00000613
VJTU     1  Mu1.0010  In1.094                       0.24566377     -0.00045664      0.00080242     -0.00000037
VJTU     1  Mu1.0011  In1.094                       0.24862144     -0.00241685      0.00565560     -0.00001367
VJTU     1  Mu1.0012  In1.094                       0.25046939      0.00028506     -0.00044316     -0.00000013
VJTU     1  Mu1.0013  In1.094                       0.25494640     -0.00067585      0.00149859     -0.00000101
VJTU     1  Mu1.0014  In1.094                       0.26790279     -0.00058080      0.00113938     -0.00000066
VJTU     1  Mu1.0015  In1.094                       0.27629667      0.00959167     -0.02225554     -0.00021347
VJTU     1  Mu1.0016  In1.094                       0.28856176      0.00020452     -0.00048456     -0.00000010
VJTU     1  Mu1.0024  In1.094                       0.36644719     -0.02364361      0.04771930     -0.00112826
VJTU     1  Mu1.0001  In1.095                       0.12285316      0.02035986     -0.04408647     -0.00089759
VJTU     1  Mu1.0002  In1.095                       0.12468667     -0.05958961      0.12936731     -0.00770895
VJTU     1  Mu1.0003  In1.095                       0.15510679     -0.02335919      0.05445202     -0.00127195
VJTU     1  Mu1.0004  In1.095                       0.17513050     -0.00038918      0.00101267     -0.00000039
VJTU     1  Mu1.0005  In1.095                       0.18069132     -0.00383405      0.00932852     -0.00003577
VJTU     1  Mu1.0006  In1.095                       0.19388333     -0.00917318      0.02204832     -0.00020225
VJTU     1  Mu1.0007  In1.095                       0.19837162     -0.00346209      0.00894408     -0.00003097
VJTU     1  Mu1.0008  In1.095                       0.20826570     -0.01546985      0.03779709     -0.00058472
VJTU     1  Mu1.0009  In1.095                       0.23428708      0.00193679     -0.00466588     -0.00000904
VJTU     1  Mu1.0010  In1.095                       0.24117612      0.00079502     -0.00163214     -0.00000130
VJTU     1  Mu1.0011  In1.095                       0.24413379      0.00323906     -0.00782048     -0.00002533
VJTU     1  Mu1.0012  In1.095                       0.24598174     -0.00001564     -0.00007601      0.00000000
VJTU     1  Mu1.0013  In1.095                       0.25045875      0.00047145     -0.00116563     -0.00000055
VJTU     1  Mu1.0014  In1.095                       0.26341514      0.00051665     -0.00160686     -0.00000083
VJTU     1  Mu1.0015  In1.095                       0.27180902     -0.01271399      0.02986726     -0.00037973
VJTU     1  Mu1.0016  In1.095                       0.28407411      0.00010569     -0.00012104     -0.00000001
VJTU     1  Mu1.0024  In1.095                       0.36195954      0.04386320     -0.08940891     -0.00392176
VJTU     1  Mu1.0001  In1.096                       0.11619635     -0.00948065      0.01999599     -0.00018958
VJTU     1  Mu1.0002  In1.096                       0.11802986      0.02644910     -0.05553874     -0.00146895
VJTU     1  Mu1.0003  In1.096                       0.14844998      0.00995833     -0.02260536     -0.00022511
VJTU     1  Mu1.0004  In1.096                       0.16847369      0.00094300     -0.00192640     -0.00000182
VJTU     1  Mu1.0005  In1.096                       0.17403450      0.00162395     -0.00371124     -0.00000603
VJTU     1  Mu1.0006  In1.096                       0.18722651      0.00364682     -0.00861257     -0.00003141
VJTU     1  Mu1.0007  In1.096                       0.19171480      0.00121910     -0.00293731     -0.00000358
VJTU     1  Mu1.0008  In1.096                       0.20160888      0.00728285     -0.01767395     -0.00012872
VJTU     1  Mu1.0009  In1.096                       0.22763026     -0.00013898      0.00030465     -0.00000004
VJTU     1  Mu1.0010  In1.096                       0.23451930      0.00091560     -0.00136952     -0.00000125
VJTU     1  Mu1.0011  In1.096                       0.23747698     -0.00144375      0.00326027     -0.00000471
VJTU     1  Mu1.0012  In1.096                       0.23932492     -0.00030245      0.00036319     -0.00000011
VJTU     1  Mu1.0013  In1.096                       0.24380193     -0.00038254      0.00087969     -0.00000034
VJTU     1  Mu1.0014  In1.096                       0.25675832     -0.00043019      0.00099413     -0.00000043
VJTU     1  Mu1.0015  In1.096                       0.26515220      0.00621631     -0.01470491     -0.00009141
VJTU     1  Mu1.0016  In1.096                       0.27741729      0.00027871     -0.00072094     -0.00000020
VJTU     1  Mu1.0024  In1.096                       0.35530272     -0.03340503      0.07075321     -0.00236351
VJTU     1  Mu1.0001  In1.097                       0.10850029     -0.00338607      0.00727195     -0.00002462
VJTU     1  Mu1.0002  In1.097                       0.11033380      0.01076371     -0.02316992     -0.00024939
VJTU     1  Mu1.0003  In1.097                       0.14075392      0.00415587     -0.00987193     -0.00004103
VJTU     1  Mu1.0004  In1.097                       0.16077763      0.00054412     -0.00124215     -0.00000068
VJTU     1  Mu1.0005  In1.097                       0.16633844      0.00082987     -0.00203356     -0.00000169
VJTU     1  Mu1.0006  In1.097                       0.17953045      0.00196103     -0.00495189     -0.00000971
VJTU     1  Mu1.0007  In1.097                       0.18401874      0.00079775     -0.00206986     -0.00000165
VJTU     1  Mu1.0008  In1.097                       0.19391282      0.00280769     -0.00723603     -0.00002032
VJTU     1  Mu1.0009  In1.097                       0.21993420      0.00010804     -0.00035150     -0.00000004
VJTU     1  Mu1.0010  In1.097                       0.22682324      0.00106403     -0.00211926     -0.00000225
VJTU     1  Mu1.0011  In1.097                       0.22978092     -0.00074201      0.00183049     -0.00000136
VJTU     1  Mu1.0012  In1.097                       0.23162886     -0.00026632      0.00058921     -0.00000016
VJTU     1  Mu1.0013  In1.097                       0.23610587     -0.00006457      0.00022607     -0.00000001
VJTU     1  Mu1.0014  In1.097                       0.24906226     -0.00012800      0.00032652     -0.00000004
VJTU     1  Mu1.0015  In1.097                       0.25745614      0.00193766     -0.00480263     -0.00000931
VJTU     1  Mu1.0016  In1.097                       0.26972123     -0.00012198      0.00028992     -0.00000004
VJTU     1  Mu1.0017  In1.097                       0.29934584      0.00023894     -0.00048601     -0.00000012
VJTU     1  Mu1.0001  In1.098                       0.08720032      0.00856106     -0.01475551     -0.00012632
VJTU     1  Mu1.0002  In1.098                       0.08903384     -0.02552555      0.04426546     -0.00112990
VJTU     1  Mu1.0003  In1.098                       0.11945396     -0.00965381      0.01989037     -0.00019202
VJTU     1  Mu1.0004  In1.098                       0.13947767     -0.00017823      0.00043852     -0.00000008
VJTU     1  Mu1.0005  In1.098                       0.14503848     -0.00153904      0.00329970     -0.00000508
VJTU     1  Mu1.0006  In1.098                       0.15823049     -0.00365335      0.00830959     -0.00003036
VJTU     1  Mu1.0007  In1.098                       0.16271878     -0.00198976      0.00450087     -0.00000896
VJTU     1  Mu1.0008  In1.098                       0.17261286     -0.00693593      0.01601406     -0.00011107
VJTU     1  Mu1.0009  In1.098                       0.19863424      0.00095652     -0.00226259     -0.00000216
VJTU     1  Mu1.0010  In1.098                       0.20552328      0.00032164     -0.00074165     -0.00000024
VJTU     1  Mu1.0011  In1.098                       0.20848095      0.00190556     -0.00459123     -0.00000875
VJTU     1  Mu1.0012  In1.098                       0.21032890      0.00002278     -0.00007296     -0.00000000
VJTU     1  Mu1.0013  In1.098                       0.21480591      0.00039632     -0.00090614     -0.00000036
VJTU     1  Mu1.0014  In1.098                       0.22776230      0.00058502     -0.00121700     -0.00000071
VJTU     1  Mu1.0015  In1.098                       0.23615618     -0.00639733      0.01525433     -0.00009759
VJTU     1  Mu1.0016  In1.098                       0.24842127     -0.00030802      0.00071143     -0.00000022
VJTU     1  Mu1.0017  In1.098                       0.27804587      0.00055644     -0.00123895     -0.00000069
VJTU     1  Mu1.0018  In1.098                       0.27951987     -0.00073567      0.00165134     -0.00000121
VJTU     1  Mu1.0019  In1.098                       0.28082621      0.00003895     -0.00006349     -0.00000000
VJTU     1  Mu1.0020  In1.098                       0.28759180      0.00040796     -0.00104981     -0.00000043
VJTU     1  Mu1.0021  In1.098                       0.29158362     -0.00243063      0.00528103     -0.00001284
VJTU     1  Mu1.0022  In1.098                       0.29248718      0.00072014     -0.00157387     -0.00000113
VJTU     1  Mu1.0024  In1.098                       0.32630670      0.01540314     -0.03304569     -0.00050901
VJTU     1  Mu1.0001  In1.099                       0.06392682      0.00065758     -0.00094988     -0.00000062
VJTU     1  Mu1.0002  In1.099                       0.06576033     -0.00139922      0.00203611     -0.00000285
VJTU     1  Mu1.0003  In1.099                       0.09618045     -0.00060522      0.00113519     -0.00000069
VJTU     1  Mu1.0004  In1.099                       0.11620416      0.00020483     -0.00067994     -0.00000014
VJTU     1  Mu1.0005  In1.099                       0.12176497     -0.00010300      0.00021024     -0.00000002
VJTU     1  Mu1.0006  In1.099                       0.13495698     -0.00005943      0.00013810     -0.00000001
VJTU     1  Mu1.0007  In1.099                       0.13944528     -0.00002961      0.00006437     -0.00000000
VJTU     1  Mu1.0008  In1.099                       0.14933935     -0.00033274      0.00079107     -0.00000026
VJTU     1  Mu1.0009  In1.099                       0.17536073     -0.00014686      0.00025818     -0.00000004
VJTU     1  Mu1.0010  In1.099                       0.18224978     -0.00053137      0.00088837     -0.00000047
VJTU     1  Mu1.0011  In1.099                       0.18520745      0.00008538     -0.00012441     -0.00000001
VJTU     1  Mu1.0012  In1.099                       0.18705540      0.00069051     -0.00168441     -0.00000116
VJTU     1  Mu1.0013  In1.099                       0.19153240      0.00012520     -0.00029547     -0.00000004
VJTU     1  Mu1.0014  In1.099                       0.20448879      0.00006976     -0.00018847     -0.00000001
VJTU     1  Mu1.0015  In1.099                       0.21288267     -0.00050308      0.00125474     -0.00000063
VJTU     1  Mu1.0016  In1.099                       0.22514776     -0.00003722      0.00009569     -0.00000000
VJTU     1  Mu1.0017  In1.099                       0.25477237      0.00021552     -0.00050318     -0.00000011
VJTU     1  Mu1.0018  In1.099                       0.25624636     -0.00013669      0.00033451     -0.00000005
VJTU     1  Mu1.0019  In1.099                       0.25755270     -0.00054851      0.00096724     -0.00000053
VJTU     1  Mu1.0020  In1.099                       0.26431829      0.00008392      0.00013102      0.00000001
VJTU     1  Mu1.0021  In1.099                       0.26831011     -0.00037399      0.00074862     -0.00000028
VJTU     1  Mu1.0022  In1.099                       0.26921367     -0.00015538     -0.00045994      0.00000007
VJTU     1  Mu1.0023  In1.099                       0.28802918      0.00007179     -0.00024789     -0.00000002
VJTU     1  Mu1.0001  In1.100                       0.05480019     -0.00420062      0.00507123     -0.00002130
VJTU     1  Mu1.0002  In1.100                       0.05663370      0.01331899     -0.01626954     -0.00021669
VJTU     1  Mu1.0003  In1.100                       0.08705382      0.00513848     -0.00882455     -0.00004534
VJTU     1  Mu1.0004  In1.100                       0.10707753      0.00063661     -0.00087393     -0.00000056
VJTU     1  Mu1.0005  In1.100                       0.11263834      0.00107409     -0.00215802     -0.00000232
VJTU     1  Mu1.0006  In1.100                       0.12583035      0.00226145     -0.00477449     -0.00001080
VJTU     1  Mu1.0007  In1.100                       0.13031864      0.00099462     -0.00222490     -0.00000221
VJTU     1  Mu1.0008  In1.100                       0.14021272      0.00357100     -0.00781968     -0.00002792
VJTU     1  Mu1.0009  In1.100                       0.16623410     -0.00067176      0.00168154     -0.00000113
VJTU     1  Mu1.0010  In1.100                       0.17312314     -0.00042697      0.00099877     -0.00000043
VJTU     1  Mu1.0011  In1.100                       0.17608082     -0.00106553      0.00254329     -0.00000271
VJTU     1  Mu1.0012  In1.100                       0.17792876      0.00069323     -0.00154386     -0.00000107
VJTU     1  Mu1.0013  In1.100                       0.18240577     -0.00002614      0.00004498     -0.00000000
VJTU     1  Mu1.0014  In1.100                       0.19536216     -0.00022460      0.00050101     -0.00000011
VJTU     1  Mu1.0015  In1.100                       0.20375604      0.00281059     -0.00677273     -0.00001904
VJTU     1  Mu1.0016  In1.100                       0.21602113      0.00001660     -0.00002532     -0.00000000
VJTU     1  Mu1.0017  In1.100                       0.24564574     -0.00037187      0.00082135     -0.00000031
VJTU     1  Mu1.0018  In1.100                       0.24711973     -0.00009903      0.00021239     -0.00000002
VJTU     1  Mu1.0019  In1.100                       0.24842607     -0.00052143      0.00100216     -0.00000052
VJTU     1  Mu1.0020  In1.100                       0.25519166     -0.00035774      0.00061278     -0.00000022
VJTU     1  Mu1.0021  In1.100                       0.25918348      0.00097797     -0.00214905     -0.00000210
VJTU     1  Mu1.0022  In1.100                       0.26008704      0.00011578      0.00026146      0.00000003
VJTU     1  Mu1.0023  In1.100                       0.27890255      0.00031260     -0.00066783     -0.00000021
VJTU     1  Mu1.0024  In1.100                       0.29390656     -0.00369609      0.00872978     -0.00003227
VJTU     1  Mu1.0025  In1.100                       0.29676215      0.00007416      0.00002767      0.00000000
VJTU     1  Mu1.0248  In1.100                       0.74226355     -0.02283688      0.03050228     -0.00069658
VJTIP    1  Mu1.0030  In1.099 In1.099               0.86241616     -0.02286730      0.02520976     -0.00057648
ATVX     1  Mu1.0001  Se1.113                      -0.12269729      0.00007426      0.00018200      0.00000001
ATVX     1  Mu1.0002  Se1.113                      -0.09746238     -0.00034775     -0.00062832      0.00000022
ATVX     1  Mu1.0003  Se1.113                      -0.05060654      0.00008247      0.00013378      0.00000001
ATVX     1  Mu1.0004  Se1.113                       0.06067820     -0.00092334      0.00125113     -0.00000116
ATVX     1  Mu1.0005  Se1.113                       0.09438700     -0.00012194      0.00048337     -0.00000006
ATVX     1  Mu1.0006  Se1.113                       0.11151697     -0.00189414      0.00453881     -0.00000860
ATVX     1  Mu1.0007  Se1.113                       0.12789644      0.00014669     -0.00025828     -0.00000004
ATVX     1  Mu1.0008  Se1.113                       0.12936423      0.00025068     -0.00054223     -0.00000014
ATVX     1  Mu1.0009  Se1.113                       0.13409671     -0.00088171      0.00249152     -0.00000220
ATVX     1  Mu1.0010  Se1.113                       0.14068547      0.00027185     -0.00059814     -0.00000016
ATVX     1  Mu1.0011  Se1.113                       0.17313600      0.00018546     -0.00053594     -0.00000010
ATVX     1  Mu1.0012  Se1.113                       0.18445498     -0.00003626      0.00020716     -0.00000001
ATVX     1  Mu1.0013  Se1.113                       0.18535365      0.00014903     -0.00036735     -0.00000005
ATVX     1  Mu1.0014  Se1.113                       0.19506127     -0.00069051      0.00191080     -0.00000132
ATVX     1  Mu1.0015  Se1.113                       0.20122975     -0.00000727      0.00010932     -0.00000000
ATVX     1  Mu1.0016  Se1.113                       0.20629166     -0.00002127      0.00005528     -0.00000000
ATVX     1  Mu1.0017  Se1.113                       0.21620835      0.00010026     -0.00020498     -0.00000002
ATVX     1  Mu1.0018  Se1.113                       0.22343972      0.00011888     -0.00035260     -0.00000004
ATVX     1  Mu1.0019  Se1.113                       0.22439050     -0.00009250      0.00018259     -0.00000002
ATVX     1  Mu1.0020  Se1.113                       0.23247876      0.00079161     -0.00198667     -0.00000157
ATVX     1  Mu1.0021  Se1.113                       0.23475816      0.00007192     -0.00014017     -0.00000001
ATVX     1  Mu1.0022  Se1.113                       0.24460626     -0.00063863      0.00176940     -0.00000113
ATVX     1  Mu1.0023  Se1.113                       0.25585110     -0.00095296      0.00230241     -0.00000219
ATVX     1  Mu1.0024  Se1.113                       0.26144877     -0.00281950      0.00694692     -0.00001959
ATVX     1  Mu1.0025  Se1.113                       0.26556877      0.00001328     -0.00001678     -0.00000000
ATVX     1  Mu1.0026  Se1.113                       0.27024173     -0.00050852      0.00117442     -0.00000060
ATVX     1  Mu1.0027  Se1.113                       0.27066565     -0.00004284      0.00015440     -0.00000001
ATVX     1  Mu1.0028  Se1.113                       0.27168036      0.00031047     -0.00108885     -0.00000034
ATVX     1  Mu1.0029  Se1.113                       0.27267750     -0.00047116      0.00081974     -0.00000039
ATVX     1  Mu1.0030  Se1.113                       0.27897981      0.00018013      0.00000200      0.00000000
ATVX     1  Mu1.0031  Se1.113                       0.28174335     -0.00007747      0.00035075     -0.00000003
ATVX     1  Mu1.0032  Se1.113                       0.28789634     -0.00001073      0.00013835     -0.00000000
ATVX     1  Mu1.0033  Se1.113                       0.28842166     -0.00004625      0.00010197     -0.00000000
ATVX     1  Mu1.0034  Se1.113                       0.29181703      0.00022675     -0.00063967     -0.00000015
ATVX     1  Mu1.0035  Se1.113                       0.29363648      0.00059283     -0.00155283     -0.00000092
ATVX     1  Mu1.0036  Se1.113                       0.29580884     -0.00065510      0.00206628     -0.00000135
ATVX     1  Mu1.0037  Se1.113                       0.29954943      0.00106009     -0.00350260     -0.00000371
ATVX     1  Mu1.0001  Se1.114                      -0.09064914      0.00001481      0.00003795      0.00000000
ATVX     1  Mu1.0002  Se1.114                      -0.06541423      0.00005570      0.00009112      0.00000001
ATVX     1  Mu1.0003  Se1.114                      -0.01855839     -0.00000368     -0.00000251      0.00000000
ATVX     1  Mu1.0004  Se1.114                       0.09272635     -0.00003638      0.00006668     -0.00000000
ATVX     1  Mu1.0005  Se1.114                       0.12643515     -0.00013171      0.00027368     -0.00000004
ATVX     1  Mu1.0006  Se1.114                       0.14356512     -0.00000603     -0.00004240      0.00000000
ATVX     1  Mu1.0007  Se1.114                       0.15994459     -0.00034380      0.00083558     -0.00000029
ATVX     1  Mu1.0008  Se1.114                       0.16141238     -0.00016922      0.00039440     -0.00000007
ATVX     1  Mu1.0009  Se1.114                       0.16614487      0.00023827     -0.00050622     -0.00000012
ATVX     1  Mu1.0010  Se1.114                       0.17273362      0.00002046     -0.00006533     -0.00000000
ATVX     1  Mu1.0011  Se1.114                       0.20518415     -0.00004894      0.00009640     -0.00000000
ATVX     1  Mu1.0012  Se1.114                       0.21650313     -0.00025403      0.00064256     -0.00000016
ATVX     1  Mu1.0013  Se1.114                       0.21740180     -0.00090347      0.00222267     -0.00000201
ATVX     1  Mu1.0014  Se1.114                       0.22710942      0.00009129     -0.00031535     -0.00000003
ATVX     1  Mu1.0015  Se1.114                       0.23327791      0.00000473     -0.00002433     -0.00000000
ATVX     1  Mu1.0016  Se1.114                       0.23833982      0.00002328     -0.00003837     -0.00000000
ATVX     1  Mu1.0017  Se1.114                       0.24825650      0.00005352     -0.00012467     -0.00000001
ATVX     1  Mu1.0018  Se1.114                       0.25548787     -0.00036276      0.00086847     -0.00000032
ATVX     1  Mu1.0019  Se1.114                       0.25643865      0.00102439     -0.00250127     -0.00000256
ATVX     1  Mu1.0020  Se1.114                       0.26452691      0.00014941     -0.00032669     -0.00000005
ATVX     1  Mu1.0021  Se1.114                       0.26680632     -0.00081034      0.00194279     -0.00000157
ATVX     1  Mu1.0022  Se1.114                       0.27665441      0.00001934     -0.00002334     -0.00000000
ATVX     1  Mu1.0023  Se1.114                       0.28789925     -0.00005809      0.00015245     -0.00000001
ATVX     1  Mu1.0024  Se1.114                       0.29349692     -0.00005191      0.00009258     -0.00000000
ATVX     1  Mu1.0025  Se1.114                       0.29761692     -0.00087073      0.00198045     -0.00000172
ATVX     1  Mu1.0001  Se1.115                      -0.08808104     -0.00010124     -0.00021442      0.00000002
ATVX     1  Mu1.0002  Se1.115                      -0.06284612     -0.00024868     -0.00034477      0.00000009
ATVX     1  Mu1.0003  Se1.115                      -0.01599029      0.00006625      0.00003109      0.00000000
ATVX     1  Mu1.0004  Se1.115                       0.09529445      0.00011291     -0.00017830     -0.00000002
ATVX     1  Mu1.0005  Se1.115                       0.12900325     -0.00063833      0.00127138     -0.00000081
ATVX     1  Mu1.0006  Se1.115                       0.14613323      0.00020172     -0.00087026     -0.00000018
ATVX     1  Mu1.0007  Se1.115                       0.16251269      0.00002050     -0.00011659     -0.00000000
ATVX     1  Mu1.0008  Se1.115                       0.16398048     -0.00008414      0.00020165     -0.00000002
ATVX     1  Mu1.0009  Se1.115                       0.16871297     -0.00012543     -0.00017519      0.00000002
ATVX     1  Mu1.0010  Se1.115                       0.17530172      0.00020303     -0.00040206     -0.00000008
ATVX     1  Mu1.0011  Se1.115                       0.20775225      0.00046983     -0.00116548     -0.00000055
ATVX     1  Mu1.0012  Se1.115                       0.21907123      0.00046021     -0.00131628     -0.00000061
ATVX     1  Mu1.0013  Se1.115                       0.21996990     -0.00007767      0.00025596     -0.00000002
ATVX     1  Mu1.0014  Se1.115                       0.22967752     -0.00008854     -0.00000785      0.00000000
ATVX     1  Mu1.0015  Se1.115                       0.23584601      0.00000914      0.00014533      0.00000000
ATVX     1  Mu1.0016  Se1.115                       0.24090792     -0.00000286     -0.00001377      0.00000000
ATVX     1  Mu1.0017  Se1.115                       0.25082460      0.00018536     -0.00044408     -0.00000008
ATVX     1  Mu1.0018  Se1.115                       0.25805597     -0.00008389      0.00024626     -0.00000002
ATVX     1  Mu1.0019  Se1.115                       0.25900675     -0.00002994      0.00007997     -0.00000000
ATVX     1  Mu1.0020  Se1.115                       0.26709501      0.00056756     -0.00140677     -0.00000080
ATVX     1  Mu1.0021  Se1.115                       0.26937442      0.00005017     -0.00011149     -0.00000001
ATVX     1  Mu1.0022  Se1.115                       0.27922251     -0.00118560      0.00276821     -0.00000328
ATVX     1  Mu1.0023  Se1.115                       0.29046736     -0.00001665      0.00003410     -0.00000000
ATVX     1  Mu1.0024  Se1.115                       0.29606502     -0.00064378      0.00131189     -0.00000084
ATVX     1  Mu1.0001  Se1.116                      -0.08287410     -0.00007591     -0.00013681      0.00000001
ATVX     1  Mu1.0002  Se1.116                      -0.05763918      0.00001170     -0.00006514     -0.00000000
ATVX     1  Mu1.0003  Se1.116                      -0.01078335      0.00029145      0.00006765      0.00000002
ATVX     1  Mu1.0004  Se1.116                       0.10050139     -0.00032465      0.00063613     -0.00000021
ATVX     1  Mu1.0005  Se1.116                       0.13421019     -0.00226309      0.00494540     -0.00001119
ATVX     1  Mu1.0006  Se1.116                       0.15134017      0.00136794     -0.00316612     -0.00000433
ATVX     1  Mu1.0007  Se1.116                       0.16771963     -0.00036356      0.00098898     -0.00000036
ATVX     1  Mu1.0008  Se1.116                       0.16918742      0.00033603     -0.00067035     -0.00000023
ATVX     1  Mu1.0009  Se1.116                       0.17391991     -0.00040136      0.00113191     -0.00000045
ATVX     1  Mu1.0010  Se1.116                       0.18050866     -0.00056321      0.00146280     -0.00000082
ATVX     1  Mu1.0011  Se1.116                       0.21295919      0.00006126     -0.00001919     -0.00000000
ATVX     1  Mu1.0012  Se1.116                       0.22427818      0.00001525      0.00001009      0.00000000
ATVX     1  Mu1.0013  Se1.116                       0.22517684     -0.00002914      0.00003825     -0.00000000
ATVX     1  Mu1.0014  Se1.116                       0.23488446     -0.00043835      0.00111415     -0.00000049
ATVX     1  Mu1.0015  Se1.116                       0.24105295     -0.00086243      0.00242183     -0.00000209
ATVX     1  Mu1.0016  Se1.116                       0.24611486      0.00010770     -0.00031951     -0.00000003
ATVX     1  Mu1.0017  Se1.116                       0.25603154      0.00031993     -0.00076994     -0.00000025
ATVX     1  Mu1.0018  Se1.116                       0.26326291      0.00001885     -0.00006473     -0.00000000
ATVX     1  Mu1.0019  Se1.116                       0.26421369     -0.00001856      0.00004668     -0.00000000
ATVX     1  Mu1.0020  Se1.116                       0.27230195      0.00052592     -0.00138675     -0.00000073
ATVX     1  Mu1.0021  Se1.116                       0.27458136     -0.00004631      0.00009207     -0.00000000
ATVX     1  Mu1.0022  Se1.116                       0.28442946     -0.00055336      0.00140890     -0.00000078
ATVX     1  Mu1.0023  Se1.116                       0.29567430     -0.00021529      0.00046850     -0.00000010
ATVX     1  Mu1.0001  Se1.117                      -0.07799635      0.00000473      0.00000770      0.00000000
ATVX     1  Mu1.0002  Se1.117                      -0.05276144     -0.00000246     -0.00000039      0.00000000
ATVX     1  Mu1.0003  Se1.117                      -0.00590560     -0.00000207      0.00000000     -0.00000000
ATVX     1  Mu1.0004  Se1.117                       0.10537914      0.00001924     -0.00004001     -0.00000000
ATVX     1  Mu1.0005  Se1.117                       0.13908794      0.00002295     -0.00004596     -0.00000000
ATVX     1  Mu1.0006  Se1.117                       0.15621791      0.00001128     -0.00003457     -0.00000000
ATVX     1  Mu1.0007  Se1.117                       0.17259738     -0.00000756      0.00002005     -0.00000000
ATVX     1  Mu1.0008  Se1.117                       0.17406517     -0.00000803      0.00002155     -0.00000000
ATVX     1  Mu1.0009  Se1.117                       0.17879766      0.00000816     -0.00004114     -0.00000000
ATVX     1  Mu1.0010  Se1.117                       0.18538641     -0.00000120      0.00000655     -0.00000000
ATVX     1  Mu1.0011  Se1.117                       0.21783694      0.00001497     -0.00003732     -0.00000000
ATVX     1  Mu1.0012  Se1.117                       0.22915592      0.00000078     -0.00000481     -0.00000000
ATVX     1  Mu1.0013  Se1.117                       0.23005459     -0.00000324      0.00001972     -0.00000000
ATVX     1  Mu1.0014  Se1.117                       0.23976221     -0.00000272     -0.00000725      0.00000000
ATVX     1  Mu1.0015  Se1.117                       0.24593070      0.00001302     -0.00003007     -0.00000000
ATVX     1  Mu1.0016  Se1.117                       0.25099260     -0.00005471      0.00013420     -0.00000001
ATVX     1  Mu1.0017  Se1.117                       0.26090929     -0.00003863      0.00009208     -0.00000000
ATVX     1  Mu1.0018  Se1.117                       0.26814066     -0.00002512      0.00005227     -0.00000000
ATVX     1  Mu1.0019  Se1.117                       0.26909144     -0.00028712      0.00067529     -0.00000019
ATVX     1  Mu1.0020  Se1.117                       0.27717970     -0.00001652      0.00004345     -0.00000000
ATVX     1  Mu1.0021  Se1.117                       0.27945910     -0.00012196      0.00030226     -0.00000004
ATVX     1  Mu1.0022  Se1.117                       0.28930720     -0.00002717      0.00006744     -0.00000000
ATVX     1  Mu1.0001  Se1.118                      -0.06942211     -0.00000007     -0.00000028      0.00000000
ATVX     1  Mu1.0002  Se1.118                      -0.04418719     -0.00000501      0.00000007     -0.00000000
ATVX     1  Mu1.0003  Se1.118                       0.00266864     -0.00000512      0.00000013     -0.00000000
ATVX     1  Mu1.0004  Se1.118                       0.11395338      0.00001864     -0.00003687     -0.00000000
ATVX     1  Mu1.0005  Se1.118                       0.14766218      0.00001166     -0.00001556     -0.00000000
ATVX     1  Mu1.0006  Se1.118                       0.16479216     -0.00000849     -0.00000427      0.00000000
ATVX     1  Mu1.0007  Se1.118                       0.18117162     -0.00004574      0.00010200     -0.00000000
ATVX     1  Mu1.0008  Se1.118                       0.18263941     -0.00004261      0.00010584     -0.00000000
ATVX     1  Mu1.0009  Se1.118                       0.18737190      0.00004373     -0.00016701     -0.00000001
ATVX     1  Mu1.0010  Se1.118                       0.19396065      0.00004011     -0.00009830     -0.00000000
ATVX     1  Mu1.0011  Se1.118                       0.22641118      0.00003721     -0.00009995     -0.00000000
ATVX     1  Mu1.0012  Se1.118                       0.23773016      0.00000369     -0.00001552     -0.00000000
ATVX     1  Mu1.0013  Se1.118                       0.23862883     -0.00016241      0.00042145     -0.00000007
ATVX     1  Mu1.0014  Se1.118                       0.24833645      0.00002945     -0.00008144     -0.00000000
ATVX     1  Mu1.0015  Se1.118                       0.25450494      0.00005470     -0.00012435     -0.00000001
ATVX     1  Mu1.0016  Se1.118                       0.25956685      0.00006872     -0.00015278     -0.00000001
ATVX     1  Mu1.0017  Se1.118                       0.26948353      0.00004476     -0.00009520     -0.00000000
ATVX     1  Mu1.0018  Se1.118                       0.27671490     -0.00000797      0.00006607     -0.00000000
ATVX     1  Mu1.0019  Se1.118                       0.27766568      0.00044963     -0.00105378     -0.00000047
ATVX     1  Mu1.0020  Se1.118                       0.28575394      0.00007994     -0.00017394     -0.00000001
ATVX     1  Mu1.0021  Se1.118                       0.28803335     -0.00007428      0.00019123     -0.00000001
ATVX     1  Mu1.0022  Se1.118                       0.29788144     -0.00006490      0.00015076     -0.00000001
ATVX     1  Mu1.0001  Se1.119                      -0.06930301     -0.00010829     -0.00018414      0.00000002
ATVX     1  Mu1.0002  Se1.119                      -0.04406809     -0.00012801     -0.00011065      0.00000001
ATVX     1  Mu1.0003  Se1.119                       0.00278774      0.00000286     -0.00000108     -0.00000000
ATVX     1  Mu1.0004  Se1.119                       0.11407248      0.00016036     -0.00031866     -0.00000005
ATVX     1  Mu1.0005  Se1.119                       0.14778129      0.00013483     -0.00024626     -0.00000003
ATVX     1  Mu1.0006  Se1.119                       0.16491126     -0.00004627      0.00003046     -0.00000000
ATVX     1  Mu1.0007  Se1.119                       0.18129072      0.00013909     -0.00041802     -0.00000006
ATVX     1  Mu1.0008  Se1.119                       0.18275851     -0.00012162      0.00034478     -0.00000004
ATVX     1  Mu1.0009  Se1.119                       0.18749100      0.00019131     -0.00112541     -0.00000022
ATVX     1  Mu1.0010  Se1.119                       0.19407975      0.00025363     -0.00058809     -0.00000015
ATVX     1  Mu1.0011  Se1.119                       0.22653028      0.00039680     -0.00105216     -0.00000042
ATVX     1  Mu1.0012  Se1.119                       0.23784927      0.00035190     -0.00095514     -0.00000034
ATVX     1  Mu1.0013  Se1.119                       0.23874793     -0.00003823      0.00013162     -0.00000001
ATVX     1  Mu1.0014  Se1.119                       0.24845555      0.00005848     -0.00026141     -0.00000002
ATVX     1  Mu1.0015  Se1.119                       0.25462404      0.00028839     -0.00063528     -0.00000018
ATVX     1  Mu1.0016  Se1.119                       0.25968595     -0.00005077      0.00011683     -0.00000001
ATVX     1  Mu1.0017  Se1.119                       0.26960263      0.00004791     -0.00006069     -0.00000000
ATVX     1  Mu1.0018  Se1.119                       0.27683400     -0.00005600      0.00016014     -0.00000001
ATVX     1  Mu1.0019  Se1.119                       0.27778478     -0.00007543      0.00018060     -0.00000001
ATVX     1  Mu1.0020  Se1.119                       0.28587304      0.00031308     -0.00075226     -0.00000024
ATVX     1  Mu1.0021  Se1.119                       0.28815245      0.00005292     -0.00011959     -0.00000001
ATVX     1  Mu1.0022  Se1.119                       0.29800055     -0.00081789      0.00187128     -0.00000153
ATVX     1  Mu1.0001  Se1.120                      -0.06325419      0.00001356      0.00001952      0.00000000
ATVX     1  Mu1.0002  Se1.120                      -0.03801928     -0.00000042      0.00000305     -0.00000000
ATVX     1  Mu1.0003  Se1.120                       0.00883655     -0.00000073     -0.00000066      0.00000000
ATVX     1  Mu1.0004  Se1.120                       0.12012130      0.00003180     -0.00007336     -0.00000000
ATVX     1  Mu1.0005  Se1.120                       0.15383010      0.00000110      0.00001006      0.00000000
ATVX     1  Mu1.0006  Se1.120                       0.17096007      0.00004440     -0.00011932     -0.00000001
ATVX     1  Mu1.0007  Se1.120                       0.18733954     -0.00006398      0.00016978     -0.00000001
ATVX     1  Mu1.0008  Se1.120                       0.18880733     -0.00002177      0.00006093     -0.00000000
ATVX     1  Mu1.0009  Se1.120                       0.19353981      0.00001940     -0.00007634     -0.00000000
ATVX     1  Mu1.0010  Se1.120                       0.20012857     -0.00001337      0.00003823     -0.00000000
ATVX     1  Mu1.0011  Se1.120                       0.23257910      0.00001942     -0.00004829     -0.00000000
ATVX     1  Mu1.0012  Se1.120                       0.24389808     -0.00001248      0.00002991     -0.00000000
ATVX     1  Mu1.0013  Se1.120                       0.24479674     -0.00000684      0.00004377     -0.00000000
ATVX     1  Mu1.0014  Se1.120                       0.25450437     -0.00000056     -0.00000263      0.00000000
ATVX     1  Mu1.0015  Se1.120                       0.26067285      0.00002105     -0.00004094     -0.00000000
ATVX     1  Mu1.0016  Se1.120                       0.26573476     -0.00006992      0.00017309     -0.00000001
ATVX     1  Mu1.0017  Se1.120                       0.27565144     -0.00004894      0.00012100     -0.00000001
ATVX     1  Mu1.0018  Se1.120                       0.28288281     -0.00002001      0.00006917     -0.00000000
ATVX     1  Mu1.0019  Se1.120                       0.28383360     -0.00037850      0.00086626     -0.00000033
ATVX     1  Mu1.0020  Se1.120                       0.29192186     -0.00000203      0.00002044     -0.00000000
ATVX     1  Mu1.0021  Se1.120                       0.29420126     -0.00024824      0.00060697     -0.00000015
ATVX     1  Mu1.0001  Se1.121                      -0.05348115      0.00002751      0.00003655      0.00000000
ATVX     1  Mu1.0002  Se1.121                      -0.02824623     -0.00000312      0.00000137     -0.00000000
ATVX     1  Mu1.0003  Se1.121                       0.01860960      0.00001026     -0.00000558     -0.00000000
ATVX     1  Mu1.0004  Se1.121                       0.12989434      0.00010875     -0.00025880     -0.00000003
ATVX     1  Mu1.0005  Se1.121                       0.16360315     -0.00000947      0.00005070     -0.00000000
ATVX     1  Mu1.0006  Se1.121                       0.18073312      0.00006898     -0.00020536     -0.00000001
ATVX     1  Mu1.0007  Se1.121                       0.19711258     -0.00022085      0.00058111     -0.00000013
ATVX     1  Mu1.0008  Se1.121                       0.19858037     -0.00008992      0.00022228     -0.00000002
ATVX     1  Mu1.0009  Se1.121                       0.20331286      0.00004959     -0.00011398     -0.00000001
ATVX     1  Mu1.0010  Se1.121                       0.20990161     -0.00005101      0.00013873     -0.00000001
ATVX     1  Mu1.0011  Se1.121                       0.24235215      0.00001497     -0.00003637     -0.00000000
ATVX     1  Mu1.0012  Se1.121                       0.25367113     -0.00002368      0.00005024     -0.00000000
ATVX     1  Mu1.0013  Se1.121                       0.25456979      0.00024050     -0.00056078     -0.00000013
ATVX     1  Mu1.0014  Se1.121                       0.26427742      0.00000996     -0.00003549     -0.00000000
ATVX     1  Mu1.0015  Se1.121                       0.27044590      0.00005295     -0.00010794     -0.00000001
ATVX     1  Mu1.0016  Se1.121                       0.27550781     -0.00013588      0.00032999     -0.00000004
ATVX     1  Mu1.0017  Se1.121                       0.28542449     -0.00009968      0.00024110     -0.00000002
ATVX     1  Mu1.0018  Se1.121                       0.29265586      0.00016056     -0.00038305     -0.00000006
ATVX     1  Mu1.0019  Se1.121                       0.29360664     -0.00087092      0.00199374     -0.00000174
ATVX     1  Mu1.0001  Se1.122                      -0.04479747     -0.00013297     -0.00015682      0.00000002
ATVX     1  Mu1.0002  Se1.122                      -0.01956256      0.00000659     -0.00000633     -0.00000000
ATVX     1  Mu1.0003  Se1.122                       0.02729328      0.00017722     -0.00010860     -0.00000002
ATVX     1  Mu1.0004  Se1.122                       0.13857802     -0.00013371      0.00030903     -0.00000004
ATVX     1  Mu1.0005  Se1.122                       0.17228682     -0.00126830      0.00296574     -0.00000376
ATVX     1  Mu1.0006  Se1.122                       0.18941679      0.00074553     -0.00171556     -0.00000128
ATVX     1  Mu1.0007  Se1.122                       0.20579626     -0.00017469      0.00044379     -0.00000008
ATVX     1  Mu1.0008  Se1.122                       0.20726405      0.00008477     -0.00003848     -0.00000000
ATVX     1  Mu1.0009  Se1.122                       0.21199654      0.00005000     -0.00068133     -0.00000003
ATVX     1  Mu1.0010  Se1.122                       0.21858529     -0.00026085      0.00075559     -0.00000020
ATVX     1  Mu1.0011  Se1.122                       0.25103582      0.00027847     -0.00072730     -0.00000020
ATVX     1  Mu1.0012  Se1.122                       0.26235480      0.00008109     -0.00012965     -0.00000001
ATVX     1  Mu1.0013  Se1.122                       0.26325347     -0.00001800      0.00001760     -0.00000000
ATVX     1  Mu1.0014  Se1.122                       0.27296109     -0.00033654      0.00076427     -0.00000026
ATVX     1  Mu1.0015  Se1.122                       0.27912957     -0.00029717      0.00084500     -0.00000025
ATVX     1  Mu1.0016  Se1.122                       0.28419148      0.00002894     -0.00009370     -0.00000000
ATVX     1  Mu1.0017  Se1.122                       0.29410817      0.00028589     -0.00060025     -0.00000017
ATVX     1  Mu1.0001  Se1.123                      -0.04382171      0.00000404      0.00000221      0.00000000
ATVX     1  Mu1.0002  Se1.123                      -0.01858680      0.00003043      0.00001743      0.00000000
ATVX     1  Mu1.0003  Se1.123                       0.02826904     -0.00000554     -0.00000291      0.00000000
ATVX     1  Mu1.0004  Se1.123                       0.13955378     -0.00003638      0.00010673     -0.00000000
ATVX     1  Mu1.0005  Se1.123                       0.17326258     -0.00000507      0.00003141     -0.00000000
ATVX     1  Mu1.0006  Se1.123                       0.19039255      0.00031426     -0.00078855     -0.00000025
ATVX     1  Mu1.0007  Se1.123                       0.20677202      0.00007968     -0.00023657     -0.00000002
ATVX     1  Mu1.0008  Se1.123                       0.20823981      0.00003255     -0.00005218     -0.00000000
ATVX     1  Mu1.0009  Se1.123                       0.21297230      0.00006439     -0.00026847     -0.00000002
ATVX     1  Mu1.0010  Se1.123                       0.21956105     -0.00010968      0.00030819     -0.00000003
ATVX     1  Mu1.0011  Se1.123                       0.25201158      0.00007041     -0.00015617     -0.00000001
ATVX     1  Mu1.0012  Se1.123                       0.26333056     -0.00003900      0.00011402     -0.00000000
ATVX     1  Mu1.0013  Se1.123                       0.26422923     -0.00018256      0.00050040     -0.00000009
ATVX     1  Mu1.0014  Se1.123                       0.27393685      0.00009765     -0.00027415     -0.00000003
ATVX     1  Mu1.0015  Se1.123                       0.28010533      0.00004385     -0.00009670     -0.00000000
ATVX     1  Mu1.0016  Se1.123                       0.28516724     -0.00020340      0.00048903     -0.00000010
ATVX     1  Mu1.0017  Se1.123                       0.29508393     -0.00014643      0.00033618     -0.00000005
ATVX     1  Mu1.0001  Se1.124                      -0.03777237     -0.00080916     -0.00076279      0.00000062
ATVX     1  Mu1.0002  Se1.124                      -0.01253746      0.00007540      0.00004292      0.00000000
ATVX     1  Mu1.0003  Se1.124                       0.03431838      0.00024583     -0.00019142     -0.00000005
ATVX     1  Mu1.0004  Se1.124                       0.14560312      0.00030923     -0.00071436     -0.00000022
ATVX     1  Mu1.0005  Se1.124                       0.17931192      0.00020040      0.00007031      0.00000001
ATVX     1  Mu1.0006  Se1.124                       0.19644189      0.00104759     -0.00240520     -0.00000252
ATVX     1  Mu1.0007  Se1.124                       0.21282136      0.00031070     -0.00096691     -0.00000030
ATVX     1  Mu1.0008  Se1.124                       0.21428915     -0.00014442      0.00072524     -0.00000010
ATVX     1  Mu1.0009  Se1.124                       0.21902164      0.00090802     -0.00471962     -0.00000429
ATVX     1  Mu1.0010  Se1.124                       0.22561039      0.00072384     -0.00176766     -0.00000128
ATVX     1  Mu1.0011  Se1.124                       0.25806092      0.00167655     -0.00432862     -0.00000726
ATVX     1  Mu1.0012  Se1.124                       0.26937990      0.00125603     -0.00332507     -0.00000418
ATVX     1  Mu1.0013  Se1.124                       0.27027857     -0.00022127      0.00065944     -0.00000015
ATVX     1  Mu1.0014  Se1.124                       0.27998619      0.00044959     -0.00137019     -0.00000062
ATVX     1  Mu1.0015  Se1.124                       0.28615467      0.00110117     -0.00235219     -0.00000259
ATVX     1  Mu1.0016  Se1.124                       0.29121658     -0.00019384      0.00043857     -0.00000009
ATVX     1  Mu1.0001  Se1.125                      -0.03384047      0.00001936      0.00001651      0.00000000
ATVX     1  Mu1.0002  Se1.125                      -0.00860556      0.00000906      0.00000290      0.00000000
ATVX     1  Mu1.0003  Se1.125                       0.03825028     -0.00000377     -0.00000094      0.00000000
ATVX     1  Mu1.0004  Se1.125                       0.14953502      0.00000549     -0.00001116     -0.00000000
ATVX     1  Mu1.0005  Se1.125                       0.18324382     -0.00001855      0.00006407     -0.00000000
ATVX     1  Mu1.0006  Se1.125                       0.20037379      0.00004929     -0.00013943     -0.00000001
ATVX     1  Mu1.0007  Se1.125                       0.21675326     -0.00003422      0.00008018     -0.00000000
ATVX     1  Mu1.0008  Se1.125                       0.21822105     -0.00000871      0.00002232     -0.00000000
ATVX     1  Mu1.0009  Se1.125                       0.22295353     -0.00000284     -0.00000302      0.00000000
ATVX     1  Mu1.0010  Se1.125                       0.22954229     -0.00000941      0.00002621     -0.00000000
ATVX     1  Mu1.0011  Se1.125                       0.26199282      0.00001120     -0.00002134     -0.00000000
ATVX     1  Mu1.0012  Se1.125                       0.27331180     -0.00002316      0.00006137     -0.00000000
ATVX     1  Mu1.0013  Se1.125                       0.27421047     -0.00011000      0.00029933     -0.00000003
ATVX     1  Mu1.0014  Se1.125                       0.28391809      0.00002851     -0.00005644     -0.00000000
ATVX     1  Mu1.0015  Se1.125                       0.29008657      0.00004193     -0.00008995     -0.00000000
ATVX     1  Mu1.0016  Se1.125                       0.29514848      0.00005684     -0.00011647     -0.00000001
ATVX     1  Mu1.0001  Se1.126                      -0.03059607     -0.00067834     -0.00051719      0.00000035
ATVX     1  Mu1.0002  Se1.126                      -0.00536116      0.00015956      0.00002547      0.00000000
ATVX     1  Mu1.0003  Se1.126                       0.04149468      0.00021531     -0.00018436     -0.00000004
ATVX     1  Mu1.0004  Se1.126                       0.15277942      0.00015547     -0.00039708     -0.00000006
ATVX     1  Mu1.0005  Se1.126                       0.18648822     -0.00007730      0.00053444     -0.00000004
ATVX     1  Mu1.0006  Se1.126                       0.20361819      0.00137265     -0.00321071     -0.00000441
ATVX     1  Mu1.0007  Se1.126                       0.21999766      0.00017395     -0.00052867     -0.00000009
ATVX     1  Mu1.0008  Se1.126                       0.22146545      0.00007392      0.00009970      0.00000001
ATVX     1  Mu1.0009  Se1.126                       0.22619793      0.00078558     -0.00339610     -0.00000267
ATVX     1  Mu1.0010  Se1.126                       0.23278669      0.00047263     -0.00120948     -0.00000057
ATVX     1  Mu1.0011  Se1.126                       0.26523722      0.00118965     -0.00303566     -0.00000361
ATVX     1  Mu1.0012  Se1.126                       0.27655620      0.00109996     -0.00283481     -0.00000312
ATVX     1  Mu1.0013  Se1.126                       0.27745486     -0.00022556      0.00061768     -0.00000014
ATVX     1  Mu1.0014  Se1.126                       0.28716249      0.00047401     -0.00125388     -0.00000059
ATVX     1  Mu1.0015  Se1.126                       0.29333097      0.00062424     -0.00131370     -0.00000082
ATVX     1  Mu1.0016  Se1.126                       0.29839288     -0.00012576      0.00028262     -0.00000004
ATVX     1  Mu1.0001  Se1.127                      -0.01514699      0.00017918      0.00007165      0.00000001
ATVX     1  Mu1.0002  Se1.127                       0.01008792     -0.00009561      0.00001143     -0.00000000
ATVX     1  Mu1.0003  Se1.127                       0.05694376     -0.00031532      0.00039073     -0.00000012
ATVX     1  Mu1.0004  Se1.127                       0.16822850      0.00045407     -0.00122707     -0.00000056
ATVX     1  Mu1.0005  Se1.127                       0.20193730      0.00233023     -0.00554500     -0.00001292
ATVX     1  Mu1.0006  Se1.127                       0.21906727     -0.00134120      0.00321090     -0.00000431
ATVX     1  Mu1.0007  Se1.127                       0.23544674      0.00051440     -0.00127738     -0.00000066
ATVX     1  Mu1.0008  Se1.127                       0.23691453      0.00017530     -0.00049447     -0.00000009
ATVX     1  Mu1.0009  Se1.127                       0.24164701      0.00024397      0.00020449      0.00000005
ATVX     1  Mu1.0010  Se1.127                       0.24823577      0.00046789     -0.00137797     -0.00000064
ATVX     1  Mu1.0011  Se1.127                       0.28068630     -0.00020607      0.00055608     -0.00000011
ATVX     1  Mu1.0012  Se1.127                       0.29200528     -0.00001535     -0.00017792      0.00000000
ATVX     1  Mu1.0013  Se1.127                       0.29290395      0.00001412      0.00005678      0.00000000
ATVX     1  Mu1.0001  Se1.128                      -0.01310302     -0.00001191     -0.00000486      0.00000000
ATVX     1  Mu1.0002  Se1.128                       0.01213189      0.00001491     -0.00000467     -0.00000000
ATVX     1  Mu1.0003  Se1.128                       0.05898773     -0.00000265     -0.00000188      0.00000000
ATVX     1  Mu1.0004  Se1.128                       0.17027247     -0.00005884      0.00015082     -0.00000001
ATVX     1  Mu1.0005  Se1.128                       0.20398127      0.00000348      0.00000635      0.00000000
ATVX     1  Mu1.0006  Se1.128                       0.22111124      0.00005549     -0.00012080     -0.00000001
ATVX     1  Mu1.0007  Se1.128                       0.23749071      0.00013611     -0.00033373     -0.00000005
ATVX     1  Mu1.0008  Se1.128                       0.23895850      0.00004490     -0.00008549     -0.00000000
ATVX     1  Mu1.0009  Se1.128                       0.24369098      0.00000542     -0.00010908     -0.00000000
ATVX     1  Mu1.0010  Se1.128                       0.25027974     -0.00004409      0.00011627     -0.00000001
ATVX     1  Mu1.0011  Se1.128                       0.28273027      0.00002870     -0.00006535     -0.00000000
ATVX     1  Mu1.0012  Se1.128                       0.29404925     -0.00007244      0.00017864     -0.00000001
ATVX     1  Mu1.0013  Se1.128                       0.29494792     -0.00016922      0.00038041     -0.00000006
ATVX     1  Mu1.0001  Se1.129                      -0.01056453     -0.00007237     -0.00001980      0.00000000
ATVX     1  Mu1.0002  Se1.129                       0.01467038     -0.00000939      0.00000672     -0.00000000
ATVX     1  Mu1.0003  Se1.129                       0.06152621      0.00000363      0.00001574      0.00000000
ATVX     1  Mu1.0004  Se1.129                       0.17281095     -0.00000426      0.00000453     -0.00000000
ATVX     1  Mu1.0005  Se1.129                       0.20651976      0.00008046     -0.00025836     -0.00000002
ATVX     1  Mu1.0006  Se1.129                       0.22364973     -0.00016067      0.00046134     -0.00000007
ATVX     1  Mu1.0007  Se1.129                       0.24002919      0.00003289     -0.00006446     -0.00000000
ATVX     1  Mu1.0008  Se1.129                       0.24149698     -0.00000952      0.00002612     -0.00000000
ATVX     1  Mu1.0009  Se1.129                       0.24622947      0.00006744     -0.00017150     -0.00000001
ATVX     1  Mu1.0010  Se1.129                       0.25281823      0.00007022     -0.00018459     -0.00000001
ATVX     1  Mu1.0011  Se1.129                       0.28526876     -0.00001795      0.00002015     -0.00000000
ATVX     1  Mu1.0012  Se1.129                       0.29658774      0.00007794     -0.00019433     -0.00000002
ATVX     1  Mu1.0013  Se1.129                       0.29748640      0.00025772     -0.00069658     -0.00000018
ATVX     1  Mu1.0001  Se1.130                      -0.00301464     -0.00000990     -0.00000012      0.00000000
ATVX     1  Mu1.0002  Se1.130                       0.02222028     -0.00012979      0.00006864     -0.00000001
ATVX     1  Mu1.0003  Se1.130                       0.06907611      0.00002872     -0.00006388     -0.00000000
ATVX     1  Mu1.0004  Se1.130                       0.18036085     -0.00007508      0.00027353     -0.00000002
ATVX     1  Mu1.0005  Se1.130                       0.21406965     -0.00005504      0.00096378     -0.00000005
ATVX     1  Mu1.0006  Se1.130                       0.23119963      0.00014932     -0.00058330     -0.00000009
ATVX     1  Mu1.0007  Se1.130                       0.24757909     -0.00016572      0.00041791     -0.00000007
ATVX     1  Mu1.0008  Se1.130                       0.24904688     -0.00020329      0.00027031     -0.00000005
ATVX     1  Mu1.0009  Se1.130                       0.25377937     -0.00033246      0.00116897     -0.00000039
ATVX     1  Mu1.0010  Se1.130                       0.26036812      0.00012956     -0.00012892     -0.00000002
ATVX     1  Mu1.0011  Se1.130                       0.29281865     -0.00005755      0.00006960     -0.00000000
ATVX     1  Mu1.0001  Se1.131                      -0.00229491      0.00000217      0.00000015      0.00000000
ATVX     1  Mu1.0002  Se1.131                       0.02294001      0.00000949     -0.00000505     -0.00000000
ATVX     1  Mu1.0003  Se1.131                       0.06979584      0.00000143     -0.00000143     -0.00000000
ATVX     1  Mu1.0004  Se1.131                       0.18108058     -0.00000214      0.00000731     -0.00000000
ATVX     1  Mu1.0005  Se1.131                       0.21478939     -0.00000264      0.00000216     -0.00000000
ATVX     1  Mu1.0006  Se1.131                       0.23191936      0.00002160     -0.00006342     -0.00000000
ATVX     1  Mu1.0007  Se1.131                       0.24829882      0.00000900     -0.00002755     -0.00000000
ATVX     1  Mu1.0008  Se1.131                       0.24976661     -0.00000689      0.00001547     -0.00000000
ATVX     1  Mu1.0009  Se1.131                       0.25449910      0.00000524     -0.00000922     -0.00000000
ATVX     1  Mu1.0010  Se1.131                       0.26108785     -0.00002904      0.00007326     -0.00000000
ATVX     1  Mu1.0011  Se1.131                       0.29353839     -0.00000522      0.00001697     -0.00000000
ATVX     1  Mu1.0001  Se1.132                       0.00343301     -0.00040127      0.00003432     -0.00000001
ATVX     1  Mu1.0002  Se1.132                       0.02866793     -0.00046709      0.00029588     -0.00000014
ATVX     1  Mu1.0003  Se1.132                       0.07552376      0.00011358     -0.00021654     -0.00000002
ATVX     1  Mu1.0004  Se1.132                       0.18680850     -0.00018251      0.00034194     -0.00000006
ATVX     1  Mu1.0005  Se1.132                       0.22051731     -0.00020201      0.00148848     -0.00000030
ATVX     1  Mu1.0006  Se1.132                       0.23764728      0.00132906     -0.00168156     -0.00000223
ATVX     1  Mu1.0007  Se1.132                       0.25402674      0.00056362     -0.00132742     -0.00000075
ATVX     1  Mu1.0008  Se1.132                       0.25549453      0.00030489     -0.00027483     -0.00000008
ATVX     1  Mu1.0009  Se1.132                       0.26022702      0.00170693     -0.00536737     -0.00000916
ATVX     1  Mu1.0010  Se1.132                       0.26681577      0.00082385     -0.00195651     -0.00000161
ATVX     1  Mu1.0011  Se1.132                       0.29926630      0.00195040     -0.00480958     -0.00000938
ATVX     1  Mu1.0001  Se1.133                       0.00746787      0.00004521     -0.00000851     -0.00000000
ATVX     1  Mu1.0002  Se1.133                       0.03270278     -0.00011991      0.00010511     -0.00000001
ATVX     1  Mu1.0003  Se1.133                       0.07955861      0.00008543     -0.00017005     -0.00000001
ATVX     1  Mu1.0004  Se1.133                       0.19084335     -0.00014836      0.00049827     -0.00000007
ATVX     1  Mu1.0005  Se1.133                       0.22455216     -0.00086386      0.00340271     -0.00000294
ATVX     1  Mu1.0006  Se1.133                       0.24168213      0.00022803     -0.00116288     -0.00000027
ATVX     1  Mu1.0007  Se1.133                       0.25806159     -0.00051647      0.00127497     -0.00000066
ATVX     1  Mu1.0008  Se1.133                       0.25952938     -0.00036378      0.00050367     -0.00000018
ATVX     1  Mu1.0009  Se1.133                       0.26426187     -0.00076919      0.00257242     -0.00000198
ATVX     1  Mu1.0010  Se1.133                       0.27085063     -0.00025701      0.00103922     -0.00000027
ATVX     1  Mu1.0001  Se1.134                       0.01608494      0.00026404     -0.00008952     -0.00000002
ATVX     1  Mu1.0002  Se1.134                       0.04131986     -0.00027193      0.00024584     -0.00000007
ATVX     1  Mu1.0003  Se1.134                       0.08817569     -0.00020149      0.00022844     -0.00000005
ATVX     1  Mu1.0004  Se1.134                       0.19946043      0.00029495     -0.00060009     -0.00000018
ATVX     1  Mu1.0005  Se1.134                       0.23316924      0.00010555     -0.00087792     -0.00000009
ATVX     1  Mu1.0006  Se1.134                       0.25029921     -0.00095305      0.00052412     -0.00000050
ATVX     1  Mu1.0007  Se1.134                       0.26667867     -0.00006112     -0.00002695      0.00000000
ATVX     1  Mu1.0008  Se1.134                       0.26814646     -0.00011520      0.00038278     -0.00000004
ATVX     1  Mu1.0009  Se1.134                       0.27287895     -0.00072791      0.00075157     -0.00000055
ATVX     1  Mu1.0010  Se1.134                       0.27946770     -0.00031532      0.00110278     -0.00000035
ATVX     1  Mu1.0001  Se1.135                       0.02294811     -0.00000184      0.00000128     -0.00000000
ATVX     1  Mu1.0002  Se1.135                       0.04818303     -0.00000487      0.00000542     -0.00000000
ATVX     1  Mu1.0003  Se1.135                       0.09503886      0.00000111     -0.00000294     -0.00000000
ATVX     1  Mu1.0004  Se1.135                       0.20632360      0.00000049     -0.00000140     -0.00000000
ATVX     1  Mu1.0005  Se1.135                       0.24003241     -0.00001147      0.00003241     -0.00000000
ATVX     1  Mu1.0006  Se1.135                       0.25716238      0.00002268     -0.00005968     -0.00000000
ATVX     1  Mu1.0007  Se1.135                       0.27354184     -0.00002343      0.00005850     -0.00000000
ATVX     1  Mu1.0008  Se1.135                       0.27500963     -0.00000690      0.00001744     -0.00000000
ATVX     1  Mu1.0009  Se1.135                       0.27974212     -0.00000089     -0.00000333      0.00000000
ATVX     1  Mu1.0010  Se1.135                       0.28633087     -0.00000161      0.00000615     -0.00000000
ATVX     1  Mu1.0001  Se1.136                       0.03885382     -0.00054269      0.00057646     -0.00000031
ATVX     1  Mu1.0002  Se1.136                       0.06408873      0.00006252      0.00008229      0.00000001
ATVX     1  Mu1.0003  Se1.136                       0.11094457      0.00062266     -0.00123583     -0.00000077
ATVX     1  Mu1.0004  Se1.136                       0.22222931     -0.00021016      0.00058053     -0.00000012
ATVX     1  Mu1.0005  Se1.136                       0.25593811     -0.00532270      0.01259968     -0.00006706
ATVX     1  Mu1.0006  Se1.136                       0.27306808      0.00235627     -0.00527189     -0.00001242
ATVX     1  Mu1.0007  Se1.136                       0.28944755     -0.00068749      0.00159607     -0.00000110
ATVX     1  Mu1.0008  Se1.136                       0.29091534     -0.00011806      0.00060939     -0.00000007
ATVX     1  Mu1.0009  Se1.136                       0.29564783     -0.00021287     -0.00117548      0.00000025
ATVX     1  Mu1.0001  Se1.137                       0.04008291     -0.00017208      0.00016999     -0.00000003
ATVX     1  Mu1.0002  Se1.137                       0.06531783      0.00006049      0.00000367      0.00000000
ATVX     1  Mu1.0003  Se1.137                       0.11217366      0.00019730     -0.00031992     -0.00000006
ATVX     1  Mu1.0004  Se1.137                       0.22345840      0.00006494     -0.00013095     -0.00000001
ATVX     1  Mu1.0005  Se1.137                       0.25716720     -0.00195517      0.00443460     -0.00000867
ATVX     1  Mu1.0006  Se1.137                       0.27429718      0.00143104     -0.00339242     -0.00000485
ATVX     1  Mu1.0007  Se1.137                       0.29067664     -0.00037827      0.00094049     -0.00000036
ATVX     1  Mu1.0008  Se1.137                       0.29214443     -0.00026896      0.00035978     -0.00000010
ATVX     1  Mu1.0009  Se1.137                       0.29687692     -0.00016983      0.00101216     -0.00000017
ATVX     1  Mu1.0001  Se1.138                       0.04135630     -0.00003234      0.00003003     -0.00000000
ATVX     1  Mu1.0002  Se1.138                       0.06659121     -0.00000776      0.00002722     -0.00000000
ATVX     1  Mu1.0003  Se1.138                       0.11344704      0.00002375     -0.00002226     -0.00000000
ATVX     1  Mu1.0004  Se1.138                       0.22473178     -0.00003932      0.00009965     -0.00000000
ATVX     1  Mu1.0005  Se1.138                       0.25844059     -0.00006269      0.00010453     -0.00000001
ATVX     1  Mu1.0006  Se1.138                       0.27557056     -0.00008801      0.00022805     -0.00000002
ATVX     1  Mu1.0007  Se1.138                       0.29195003      0.00007699     -0.00020236     -0.00000002
ATVX     1  Mu1.0008  Se1.138                       0.29341781      0.00000563     -0.00004182     -0.00000000
ATVX     1  Mu1.0009  Se1.138                       0.29815030     -0.00001047      0.00010780     -0.00000000
ATVX     1  Mu1.0001  Se1.139                       0.05074456     -0.00023011      0.00027814     -0.00000006
ATVX     1  Mu1.0002  Se1.139                       0.07597947      0.00015583     -0.00029622     -0.00000005
ATVX     1  Mu1.0003  Se1.139                       0.12283531      0.00021188     -0.00042246     -0.00000009
ATVX     1  Mu1.0004  Se1.139                       0.23412005     -0.00040059      0.00093286     -0.00000037
ATVX     1  Mu1.0005  Se1.139                       0.26782885     -0.00022249      0.00130558     -0.00000029
ATVX     1  Mu1.0006  Se1.139                       0.28495882      0.00046171      0.00025380      0.00000012
ATVX     1  Mu1.0001  Se1.140                       0.05125807      0.00001718     -0.00002268     -0.00000000
ATVX     1  Mu1.0002  Se1.140                       0.07649298      0.00001711     -0.00003301     -0.00000000
ATVX     1  Mu1.0003  Se1.140                       0.12334882      0.00002054     -0.00004917     -0.00000000
ATVX     1  Mu1.0004  Se1.140                       0.23463356     -0.00002479      0.00006318     -0.00000000
ATVX     1  Mu1.0005  Se1.140                       0.26834236     -0.00005719      0.00018603     -0.00000001
ATVX     1  Mu1.0006  Se1.140                       0.28547233      0.00004138     -0.00003441     -0.00000000
ATVX     1  Mu1.0001  Se1.141                       0.06473558     -0.00007708      0.00014766     -0.00000001
ATVX     1  Mu1.0002  Se1.141                       0.08997049      0.00002968     -0.00012065     -0.00000000
ATVX     1  Mu1.0003  Se1.141                       0.13682632     -0.00028635      0.00055900     -0.00000016
ATVX     1  Mu1.0004  Se1.141                       0.24811106      0.00008779     -0.00019440     -0.00000002
ATVX     1  Mu1.0005  Se1.141                       0.28181987      0.00193897     -0.00359333     -0.00000697
ATVX     1  Mu1.0006  Se1.141                       0.29894984     -0.00094008      0.00210539     -0.00000198
ATVX     1  Mu1.0001  Se1.142                       0.07216344      0.00001471     -0.00002543     -0.00000000
ATVX     1  Mu1.0002  Se1.142                       0.09739836     -0.00000034      0.00000195     -0.00000000
ATVX     1  Mu1.0003  Se1.142                       0.14425419     -0.00000507      0.00001518     -0.00000000
ATVX     1  Mu1.0004  Se1.142                       0.25553893      0.00004607     -0.00012254     -0.00000001
ATVX     1  Mu1.0005  Se1.142                       0.28924774      0.00002498     -0.00004734     -0.00000000
ATVX     1  Mu1.0001  Se1.143                       0.07445284     -0.00008129      0.00016845     -0.00000001
ATVX     1  Mu1.0002  Se1.143                       0.09968775      0.00000821     -0.00010259     -0.00000000
ATVX     1  Mu1.0003  Se1.143                       0.14654359     -0.00045545      0.00098150     -0.00000045
ATVX     1  Mu1.0004  Se1.143                       0.25782833     -0.00020402      0.00046767     -0.00000010
ATVX     1  Mu1.0005  Se1.143                       0.29153713      0.00303406     -0.00598239     -0.00001815
ATVX     1  Mu1.0001  Se1.144                       0.07716176      0.00000463     -0.00000715     -0.00000000
ATVX     1  Mu1.0002  Se1.144                       0.10239668     -0.00000859      0.00001753     -0.00000000
ATVX     1  Mu1.0003  Se1.144                       0.14925251     -0.00000659      0.00001435     -0.00000000
ATVX     1  Mu1.0004  Se1.144                       0.26053725      0.00002377     -0.00006362     -0.00000000
ATVX     1  Mu1.0005  Se1.144                       0.29424605      0.00002959     -0.00006738     -0.00000000
ATVX     1  Mu1.0001  Se1.145                       0.07812694     -0.00000007     -0.00004245      0.00000000
ATVX     1  Mu1.0002  Se1.145                       0.10336186      0.00015243     -0.00025539     -0.00000004
ATVX     1  Mu1.0003  Se1.145                       0.15021769      0.00011659     -0.00017488     -0.00000002
ATVX     1  Mu1.0004  Se1.145                       0.26150243     -0.00015783      0.00041841     -0.00000007
ATVX     1  Mu1.0005  Se1.145                       0.29521123     -0.00054798      0.00110893     -0.00000061
ATVX     1  Mu1.0001  Se1.146                       0.09126277     -0.00038320      0.00064514     -0.00000025
ATVX     1  Mu1.0002  Se1.146                       0.11649769      0.00028527     -0.00057254     -0.00000016
ATVX     1  Mu1.0003  Se1.146                       0.16335352      0.00017228     -0.00026186     -0.00000005
ATVX     1  Mu1.0004  Se1.146                       0.27463826     -0.00039484      0.00074728     -0.00000030
ATVX     1  Mu1.0001  Se1.147                       0.09943789      0.00003667     -0.00007008     -0.00000000
ATVX     1  Mu1.0002  Se1.147                       0.12467281     -0.00001200      0.00001080     -0.00000000
ATVX     1  Mu1.0003  Se1.147                       0.17152864     -0.00002341      0.00003124     -0.00000000
ATVX     1  Mu1.0004  Se1.147                       0.28281338      0.00002592     -0.00006066     -0.00000000
ATVX     1  Mu1.0001  Se1.148                       0.10072520     -0.00070352      0.00138451     -0.00000097
ATVX     1  Mu1.0002  Se1.148                       0.12596012      0.00058547     -0.00128666     -0.00000075
ATVX     1  Mu1.0003  Se1.148                       0.17281595      0.00031298     -0.00057006     -0.00000018
ATVX     1  Mu1.0004  Se1.148                       0.28410069     -0.00009633      0.00012316     -0.00000001
ATVX     1  Mu1.0001  Se1.149                       0.10583381     -0.00005254     -0.00004552      0.00000000
ATVX     1  Mu1.0002  Se1.149                       0.13106872      0.00020870     -0.00036982     -0.00000008
ATVX     1  Mu1.0003  Se1.149                       0.17792455      0.00032212     -0.00056306     -0.00000018
ATVX     1  Mu1.0004  Se1.149                       0.28920929     -0.00064425      0.00141617     -0.00000091
ATVX     1  Mu1.0001  Se1.150                       0.10668470      0.00001365     -0.00002435     -0.00000000
ATVX     1  Mu1.0002  Se1.150                       0.13191961     -0.00001275      0.00002892     -0.00000000
ATVX     1  Mu1.0003  Se1.150                       0.17877545     -0.00001480      0.00003107     -0.00000000
ATVX     1  Mu1.0004  Se1.150                       0.29006019      0.00001686     -0.00003817     -0.00000000
ATVX     1  Mu1.0001  Se1.151                       0.11934151     -0.00005823      0.00002514     -0.00000000
ATVX     1  Mu1.0002  Se1.151                       0.14457642      0.00023861     -0.00044514     -0.00000011
ATVX     1  Mu1.0003  Se1.151                       0.19143226      0.00050151     -0.00103493     -0.00000052
ATVX     1  Mu1.0001  Se1.152                       0.12064763     -0.00000845      0.00001712     -0.00000000
ATVX     1  Mu1.0002  Se1.152                       0.14588254     -0.00000093      0.00000637     -0.00000000
ATVX     1  Mu1.0003  Se1.152                       0.19273838      0.00001387     -0.00002746     -0.00000000
ATVX     1  Mu1.0001  Se1.153                       0.12166630      0.00000379     -0.00000870     -0.00000000
ATVX     1  Mu1.0002  Se1.153                       0.14690121      0.00000892     -0.00002255     -0.00000000
ATVX     1  Mu1.0003  Se1.153                       0.19375705     -0.00000160     -0.00000079      0.00000000
ATVX     1  Mu1.0001  Se1.154                       0.12978069     -0.00041357      0.00092391     -0.00000038
ATVX     1  Mu1.0002  Se1.154                       0.15501561      0.00033391     -0.00079016     -0.00000026
ATVX     1  Mu1.0003  Se1.154                       0.20187144      0.00013543     -0.00019398     -0.00000003
ATVX     1  Mu1.0001  Se1.155                       0.13591073     -0.00000723      0.00001783     -0.00000000
ATVX     1  Mu1.0002  Se1.155                       0.16114564      0.00000550     -0.00001303     -0.00000000
ATVX     1  Mu1.0003  Se1.155                       0.20800147     -0.00000735      0.00001495     -0.00000000
ATVX     1  Mu1.0001  Se1.156                       0.14099087     -0.00002172     -0.00000102      0.00000000
ATVX     1  Mu1.0002  Se1.156                       0.16622578     -0.00002240      0.00017885     -0.00000000
ATVX     1  Mu1.0003  Se1.156                       0.21308161      0.00050141     -0.00110404     -0.00000055
ATVX     1  Mu1.0001  Se1.157                       0.14230648      0.00025732     -0.00059297     -0.00000015
ATVX     1  Mu1.0002  Se1.157                       0.16754140     -0.00004696      0.00016134     -0.00000001
ATVX     1  Mu1.0003  Se1.157                       0.21439723     -0.00004357      0.00003188     -0.00000000
ATVX     1  Mu1.0001  Se1.158                       0.15158300      0.00069651     -0.00166912     -0.00000116
ATVX     1  Mu1.0002  Se1.158                       0.17681791     -0.00026683      0.00068957     -0.00000018
ATVX     1  Mu1.0003  Se1.158                       0.22367375     -0.00012552      0.00009436     -0.00000001
ATVX     1  Mu1.0001  Se1.159                       0.15238847     -0.00000692      0.00001784     -0.00000000
ATVX     1  Mu1.0002  Se1.159                       0.17762339      0.00000293     -0.00001219     -0.00000000
ATVX     1  Mu1.0003  Se1.159                       0.22447922     -0.00000129      0.00000570     -0.00000000
ATVX     1  Mu1.0001  Se1.160                       0.16167768      0.00001846     -0.00004440     -0.00000000
ATVX     1  Mu1.0002  Se1.160                       0.18691260      0.00005553     -0.00011158     -0.00000001
ATVX     1  Mu1.0003  Se1.160                       0.23376843     -0.00003345      0.00010027     -0.00000000
ATVX     1  Mu1.0001  Se1.161                       0.16623928     -0.00001214      0.00003352     -0.00000000
ATVX     1  Mu1.0002  Se1.161                       0.19147420     -0.00000550      0.00001256     -0.00000000
ATVX     1  Mu1.0003  Se1.161                       0.23833003      0.00000068     -0.00000148     -0.00000000
ATVX     1  Mu1.0001  Se1.162                       0.16733375     -0.00000776      0.00001645     -0.00000000
ATVX     1  Mu1.0002  Se1.162                       0.19256867     -0.00000107      0.00001025     -0.00000000
ATVX     1  Mu1.0003  Se1.162                       0.23942450      0.00000204      0.00000428      0.00000000
ATVX     1  Mu1.0001  Se1.163                       0.17445013      0.00011102     -0.00024102     -0.00000003
ATVX     1  Mu1.0002  Se1.163                       0.19968504     -0.00005781      0.00011008     -0.00000001
ATVX     1  Mu1.0003  Se1.163                       0.24654088      0.00002596     -0.00012375     -0.00000000
ATVX     1  Mu1.0001  Se1.164                       0.17679681     -0.00000126      0.00000425     -0.00000000
ATVX     1  Mu1.0002  Se1.164                       0.20203172     -0.00001146      0.00002905     -0.00000000
ATVX     1  Mu1.0003  Se1.164                       0.24888756      0.00000063      0.00000256      0.00000000
ATVX     1  Mu1.0001  Se1.165                       0.17828554     -0.00001201      0.00003229     -0.00000000
ATVX     1  Mu1.0002  Se1.165                       0.20352045      0.00000669     -0.00002004     -0.00000000
ATVX     1  Mu1.0003  Se1.165                       0.25037629      0.00000035     -0.00000639     -0.00000000
ATVX     1  Mu1.0001  Se1.166                       0.18257496      0.00000710     -0.00000991     -0.00000000
ATVX     1  Mu1.0002  Se1.166                       0.20780988     -0.00002770      0.00007082     -0.00000000
ATVX     1  Mu1.0003  Se1.166                       0.25466571      0.00009527     -0.00022475     -0.00000002
ATVX     1  Mu1.0001  Se1.167                       0.18783723     -0.00001029      0.00002839     -0.00000000
ATVX     1  Mu1.0002  Se1.167                       0.21307214     -0.00000682      0.00001747     -0.00000000
ATVX     1  Mu1.0003  Se1.167                       0.25992798     -0.00000998      0.00002833     -0.00000000
ATVX     1  Mu1.0001  Se1.168                       0.18979819     -0.00017530      0.00043626     -0.00000008
ATVX     1  Mu1.0002  Se1.168                       0.21503311      0.00005703     -0.00015348     -0.00000001
ATVX     1  Mu1.0003  Se1.168                       0.26188894      0.00008517     -0.00018296     -0.00000002
ATVX     1  Mu1.0001  Se1.169                       0.19394531      0.00004748     -0.00013594     -0.00000001
ATVX     1  Mu1.0002  Se1.169                       0.21918023     -0.00001344      0.00007786     -0.00000000
ATVX     1  Mu1.0003  Se1.169                       0.26603606      0.00014167     -0.00033246     -0.00000005
ATVX     1  Mu1.0001  Se1.170                       0.19932348     -0.00002400      0.00005908     -0.00000000
ATVX     1  Mu1.0002  Se1.170                       0.22455840      0.00000106      0.00000038      0.00000000
ATVX     1  Mu1.0003  Se1.170                       0.27141423      0.00000513     -0.00000392     -0.00000000
ATVX     1  Mu1.0001  Se1.171                       0.20335061      0.00015658     -0.00039373     -0.00000006
ATVX     1  Mu1.0002  Se1.171                       0.22858552     -0.00018919      0.00044713     -0.00000008
ATVX     1  Mu1.0003  Se1.171                       0.27544136     -0.00006116      0.00008557     -0.00000001
ATVX     1  Mu1.0001  Se1.172                       0.20766891     -0.00000378      0.00002268     -0.00000000
ATVX     1  Mu1.0002  Se1.172                       0.23290382      0.00001163     -0.00003646     -0.00000000
ATVX     1  Mu1.0003  Se1.172                       0.27975965     -0.00002379      0.00000896     -0.00000000
ATVX     1  Mu1.0001  Se1.173                       0.21464295      0.00001046     -0.00002750     -0.00000000
ATVX     1  Mu1.0002  Se1.173                       0.23987786      0.00000480     -0.00001450     -0.00000000
ATVX     1  Mu1.0003  Se1.173                       0.28673370     -0.00000185      0.00000283     -0.00000000
ATVX     1  Mu1.0001  Se1.174                       0.21508342     -0.00009006      0.00032656     -0.00000003
ATVX     1  Mu1.0002  Se1.174                       0.24031834      0.00000353     -0.00009847     -0.00000000
ATVX     1  Mu1.0003  Se1.174                       0.28717417     -0.00027551      0.00051955     -0.00000014
ATVX     1  Mu1.0001  Se1.175                       0.22000258     -0.00001316      0.00003392     -0.00000000
ATVX     1  Mu1.0002  Se1.175                       0.24523749     -0.00001309      0.00003426     -0.00000000
ATVX     1  Mu1.0003  Se1.175                       0.29209333     -0.00001840      0.00005546     -0.00000000
ATVX     1  Mu1.0001  Se1.176                       0.22291320     -0.00009510      0.00023677     -0.00000002
ATVX     1  Mu1.0002  Se1.176                       0.24814812      0.00002934     -0.00006736     -0.00000000
ATVX     1  Mu1.0003  Se1.176                       0.29500395     -0.00001120      0.00002377     -0.00000000
ATVX     1  Mu1.0001  Se1.177                       0.22510522      0.00007051     -0.00019124     -0.00000001
ATVX     1  Mu1.0002  Se1.177                       0.25034013      0.00010073     -0.00018558     -0.00000002
ATVX     1  Mu1.0003  Se1.177                       0.29719597     -0.00000852      0.00003400     -0.00000000
ATVX     1  Mu1.0001  Se1.178                       0.22774155      0.00001458     -0.00003921     -0.00000000
ATVX     1  Mu1.0002  Se1.178                       0.25297646     -0.00000007     -0.00000107      0.00000000
ATVX     1  Mu1.0003  Se1.178                       0.29983230     -0.00000129      0.00000165     -0.00000000
ATVX     1  Mu1.0001  Se1.179                       0.23614391     -0.00001581      0.00004496     -0.00000000
ATVX     1  Mu1.0002  Se1.179                       0.26137882      0.00005222     -0.00014370     -0.00000001
ATVX     1  Mu1.0001  Se1.180                       0.24124960     -0.00001288      0.00003518     -0.00000000
ATVX     1  Mu1.0002  Se1.180                       0.26648451     -0.00000994      0.00002572     -0.00000000
ATVX     1  Mu1.0001  Se1.181                       0.24547122     -0.00006349      0.00018916     -0.00000001
ATVX     1  Mu1.0002  Se1.181                       0.27070613      0.00011135     -0.00033752     -0.00000004
ATVX     1  Mu1.0001  Se1.182                       0.25228738      0.00000897     -0.00002263     -0.00000000
ATVX     1  Mu1.0002  Se1.182                       0.27752229     -0.00001167      0.00002348     -0.00000000
ATVX     1  Mu1.0001  Se1.183                       0.25678352     -0.00000518      0.00001424     -0.00000000
ATVX     1  Mu1.0002  Se1.183                       0.28201843     -0.00001029      0.00002153     -0.00000000
ATVX     1  Mu1.0001  Se1.184                       0.25769632      0.00014860     -0.00035872     -0.00000005
ATVX     1  Mu1.0002  Se1.184                       0.28293124     -0.00005583      0.00005027     -0.00000000
ATVX     1  Mu1.0001  Se1.185                       0.26020441     -0.00009882      0.00023749     -0.00000002
ATVX     1  Mu1.0002  Se1.185                       0.28543932      0.00012548     -0.00026029     -0.00000003
ATVX     1  Mu1.0001  Se1.186                       0.26499311     -0.00036784      0.00098046     -0.00000036
ATVX     1  Mu1.0002  Se1.186                       0.29022802      0.00008194     -0.00023193     -0.00000002
ATVX     1  Mu1.0001  Se1.187                       0.26975790     -0.00015452      0.00044685     -0.00000007
ATVX     1  Mu1.0002  Se1.187                       0.29499282     -0.00007717      0.00016228     -0.00000001
ATVX     1  Mu1.0001  Se1.188                       0.27110387     -0.00000430      0.00000663     -0.00000000
ATVX     1  Mu1.0002  Se1.188                       0.29633879      0.00000556     -0.00000587     -0.00000000
ATVX     1  Mu1.0001  Se1.189                       0.27653426      0.00008067     -0.00026186     -0.00000002
ATVX     1  Mu1.0001  Se1.190                       0.27875489      0.00014935     -0.00036300     -0.00000005
ATVX     1  Mu1.0001  Se1.191                       0.28706516     -0.00001574      0.00003871     -0.00000000
ATVX     1  Mu1.0001  Se1.192                       0.29582960     -0.00001272      0.00003024     -0.00000000
ATVX     1  Mu1.0001  Se1.193                       0.29801937     -0.00000344      0.00000905     -0.00000000
ATVX     1  Mu1.0001  Se1.194                       0.29903440     -0.00015037      0.00036639     -0.00000006
ATVX     1  Mu1.0001  Se1.195                       0.29995714      0.00001072     -0.00002457     -0.00000000
AIVX     1  Mu1.0001  In1.092 Se1.113               0.28949232      0.00080986     -0.00127998     -0.00000104
AIVX     1  Mu1.0001  In1.093 Se1.113               0.28769423      0.00025523     -0.00034960     -0.00000009
AIVX     1  Mu1.0001  In1.094 Se1.113               0.27973584      0.00069255     -0.00135377     -0.00000094
AIVX     1  Mu1.0001  In1.095 Se1.113               0.27524819     -0.00154618      0.00274720     -0.00000425
AIVX     1  Mu1.0001  In1.096 Se1.113               0.26859138      0.00059245     -0.00122488     -0.00000073
AIVX     1  Mu1.0001  In1.097 Se1.113               0.26089532      0.00011009     -0.00010808     -0.00000001
AIVX     1  Mu1.0001  In1.098 Se1.113               0.23959536     -0.00101996      0.00235992     -0.00000241
AIVX     1  Mu1.0001  In1.099 Se1.113               0.21632185     -0.00014290      0.00036882     -0.00000005
AIVX     1  Mu1.0002  In1.099 Se1.113               0.29185658     -0.00003524      0.00007654     -0.00000000
AIVX     1  Mu1.0003  In1.099 Se1.113               0.29376191      0.00001907     -0.00001473     -0.00000000
AIVX     1  Mu1.0001  In1.100 Se1.113               0.20719522      0.00013741     -0.00021644     -0.00000003
AIVX     1  Mu1.0002  In1.100 Se1.113               0.28272995      0.00002964     -0.00015721     -0.00000000
AIVX     1  Mu1.0003  In1.100 Se1.113               0.28463527     -0.00010283      0.00012969     -0.00000001
AIVX     1  Mu1.0001  In1.097 Se1.114               0.29294347     -0.00075673      0.00182216     -0.00000138
AIVX     1  Mu1.0001  In1.098 Se1.114               0.27164351     -0.00015935      0.00038632     -0.00000006
AIVX     1  Mu1.0001  In1.099 Se1.114               0.24837000     -0.00009550      0.00025717     -0.00000002
AIVX     1  Mu1.0001  In1.100 Se1.114               0.23924337     -0.00000504     -0.00012681      0.00000000
AIVX     1  Mu1.0001  In1.097 Se1.115               0.29551157      0.00003411      0.00017765      0.00000001
AIVX     1  Mu1.0001  In1.098 Se1.115               0.27421161      0.00010313     -0.00073478     -0.00000008
AIVX     1  Mu1.0001  In1.099 Se1.115               0.25093810      0.00000447     -0.00002751     -0.00000000
AIVX     1  Mu1.0001  In1.100 Se1.115               0.24181147      0.00003018      0.00009437      0.00000000
AIVX     1  Mu1.0001  In1.098 Se1.116               0.27941855      0.00001898     -0.00087670     -0.00000002
AIVX     1  Mu1.0001  In1.099 Se1.116               0.25614504     -0.00000504     -0.00003137      0.00000000
AIVX     1  Mu1.0001  In1.100 Se1.116               0.24701841      0.00002334      0.00030858      0.00000001
AIVX     1  Mu1.0001  In1.098 Se1.117               0.28429630      0.00003021     -0.00006342     -0.00000000
AIVX     1  Mu1.0001  In1.099 Se1.117               0.26102279     -0.00004325      0.00010453     -0.00000000
AIVX     1  Mu1.0001  In1.100 Se1.117               0.25189616     -0.00004407      0.00011895     -0.00000001
AIVX     1  Mu1.0001  In1.098 Se1.118               0.29287054     -0.00004899      0.00012209     -0.00000001
AIVX     1  Mu1.0001  In1.099 Se1.118               0.26959703      0.00006139     -0.00015126     -0.00000001
AIVX     1  Mu1.0001  In1.100 Se1.118               0.26047040      0.00004762     -0.00013759     -0.00000001
AIVX     1  Mu1.0001  In1.098 Se1.119               0.29298964      0.00002790     -0.00003139     -0.00000000
AIVX     1  Mu1.0001  In1.099 Se1.119               0.26971613     -0.00000881      0.00002928     -0.00000000
AIVX     1  Mu1.0001  In1.100 Se1.119               0.26058950      0.00004453     -0.00014814     -0.00000001
AIVX     1  Mu1.0001  In1.098 Se1.120               0.29903845      0.00003037     -0.00006357     -0.00000000
AIVX     1  Mu1.0001  In1.099 Se1.120               0.27576495     -0.00004810      0.00011860     -0.00000001
AIVX     1  Mu1.0001  In1.100 Se1.120               0.26663832     -0.00003046      0.00009282     -0.00000000
AIVX     1  Mu1.0001  In1.099 Se1.121               0.28553799      0.00015138     -0.00026574     -0.00000004
AIVX     1  Mu1.0001  In1.100 Se1.121               0.27641136     -0.00020695      0.00061619     -0.00000013
AIVX     1  Mu1.0001  In1.099 Se1.122               0.29422167     -0.00001184      0.00001764     -0.00000000
AIVX     1  Mu1.0001  In1.100 Se1.122               0.28509504      0.00000017      0.00008318      0.00000000
AIVX     1  Mu1.0001  In1.099 Se1.123               0.29519743     -0.00018742      0.00034253     -0.00000006
AIVX     1  Mu1.0001  In1.100 Se1.123               0.28607080     -0.00015013      0.00042965     -0.00000006
AIVX     1  Mu1.0001  In1.100 Se1.124               0.29212014      0.00034712     -0.00118521     -0.00000041
AIVX     1  Mu1.0001  In1.100 Se1.125               0.29605204      0.00002014     -0.00005494     -0.00000000
AIVX     1  Mu1.0001  In1.100 Se1.126               0.29929644      0.00026275     -0.00086463     -0.00000023
BVATP    1  Mu1.0001  Se1.113 Se1.113               0.29179962     -0.00048977      0.00109172     -0.00000053
BJATM    1  Mu1.0005  In1.100 Se1.114 Se1.113       0.92201407      0.02680103     -0.02997349     -0.00080332
--

   (Skipping property calculation,
    use PROP keyword to activate)
********************************************************************************
 Compute H0 matrices for state    3
--------------------------------------------------------------------------------
--------------------------------------------------------------------------------
 H0 matrices have been computed.

********************************************************************************
  CASPT2 EQUATION SOLUTION
--------------------------------------------------------------------------------

  Total nr of CASPT2 parameters:
   Before reduction:  1876168956
   After  reduction:  1876107844

 Variance of |WF0>:      23.3702004725

 The contributions to the second order correlation energy in atomic units.
-----------------------------------------------------------------------------------------------------------------------------
  IT.      VJTU        VJTI        ATVX        AIVX        VJAI        BVAT        BJAT        BJAI        TOTAL       RNORM  
-----------------------------------------------------------------------------------------------------------------------------
   1    -0.031332   -0.031988   -0.016712   -0.129974   -0.397292   -0.127466   -0.707757   -3.526933   -4.969454    0.012862
   2    -0.032463   -0.032097   -0.016904   -0.130688   -0.397659   -0.127809   -0.709006   -3.527582   -4.974209    0.002266
   3    -0.032515   -0.032103   -0.016923   -0.130681   -0.397661   -0.127849   -0.709083   -3.527593   -4.974408    0.000298
   4    -0.032526   -0.032101   -0.016918   -0.130661   -0.397650   -0.127840   -0.709040   -3.527571   -4.974307    0.000043
   5    -0.032527   -0.032101   -0.016918   -0.130660   -0.397650   -0.127839   -0.709039   -3.527571   -4.974305    0.000006
-----------------------------------------------------------------------------------------------------------------------------

  FINAL CASPT2 RESULT:

      Reference energy:       -3929.6522134803
      E2 (Non-variational):      -4.9743067212
      Shift correction:          -0.0341452707
      E2 (Variational):          -5.0084519919
      Total energy:           -3934.6606654722
      Residual norm:              0.0000007702
      Reference weight:           0.37884

      Contributions to the CASPT2 correlation energy
      Active & Virtual Only:         -0.1447576141
      One Inactive Excited:          -0.8722273915
      Two Inactive Excited:          -3.9573217155


++ Denominators, etc.
--------------------------------------------------------------------------------------------------------------
 Report on small energy denominators, large coefficients, and large energy contributions.
CASE  SYMM ACTIVE-MIX  NON-ACTIVE INDICES          DENOMINATOR     RHS VALUE       COEFFICIENT     CONTRIBUTION
VJTU     1  Mu1.0001  In1.086                       0.28510988     -0.00068878      0.00145232     -0.00000100
VJTU     1  Mu1.0001  In1.087                       0.28201124     -0.00038857      0.00111729     -0.00000043
VJTU     1  Mu1.0001  In1.088                       0.28159290      0.00107107     -0.00277779     -0.00000298
VJTU     1  Mu1.0001  In1.089                       0.27660426     -0.00326636      0.00647201     -0.00002114
VJTU     1  Mu1.0001  In1.090                       0.26294471     -0.00105325      0.00230108     -0.00000242
VJTU     1  Mu1.0001  In1.091                       0.25093305      0.00315657     -0.00709559     -0.00002240
VJTU     1  Mu1.0002  In1.091                       0.29403193     -0.00069352      0.00146050     -0.00000101
VJTU     1  Mu1.0001  In1.092                       0.22055655     -0.00236109      0.00586155     -0.00001384
VJTU     1  Mu1.0002  In1.092                       0.26365543     -0.00902076      0.02099457     -0.00018939
VJTU     1  Mu1.0003  In1.092                       0.29331787      0.00017462     -0.00061346     -0.00000011
VJTU     1  Mu1.0004  In1.092                       0.29818062     -0.00414813      0.00978054     -0.00004057
VJTU     1  Mu1.0008  In1.092                       0.34489550     -0.01357654      0.02884347     -0.00039159
VJTU     1  Mu1.0012  In1.092                       0.38500339     -0.03343495      0.06565935     -0.00219532
VJTU     1  Mu1.0001  In1.093                       0.21875846     -0.00446811      0.01134551     -0.00005069
VJTU     1  Mu1.0002  In1.093                       0.26185734     -0.00263366      0.00619053     -0.00001630
VJTU     1  Mu1.0003  In1.093                       0.29151978      0.00123330      0.00043680      0.00000054
VJTU     1  Mu1.0004  In1.093                       0.29638253     -0.00156872      0.00386870     -0.00000607
VJTU     1  Mu1.0001  In1.094                       0.21080007     -0.00210830      0.00470883     -0.00000993
VJTU     1  Mu1.0002  In1.094                       0.25389895     -0.00520472      0.01202083     -0.00006257
VJTU     1  Mu1.0003  In1.094                       0.28356140      0.00036890     -0.00093235     -0.00000034
VJTU     1  Mu1.0004  In1.094                       0.28842414     -0.00322917      0.00680543     -0.00002198
VJTU     1  Mu1.0012  In1.094                       0.37524691     -0.01888171      0.03757008     -0.00070939
VJTU     1  Mu1.0001  In1.095                       0.20631242      0.00305533     -0.00676485     -0.00002067
VJTU     1  Mu1.0002  In1.095                       0.24941130      0.00943254     -0.02184765     -0.00020608
VJTU     1  Mu1.0003  In1.095                       0.27907375     -0.00071435      0.00107727     -0.00000077
VJTU     1  Mu1.0004  In1.095                       0.28393649      0.00624382     -0.01304075     -0.00008142
VJTU     1  Mu1.0008  In1.095                       0.33065137      0.01455319     -0.03048560     -0.00044366
VJTU     1  Mu1.0012  In1.095                       0.37075926      0.03389207     -0.06801007     -0.00230500
VJTU     1  Mu1.0001  In1.096                       0.19965561      0.00008744     -0.00021808     -0.00000002
VJTU     1  Mu1.0002  In1.096                       0.24275449     -0.00646073      0.01566458     -0.00010120
VJTU     1  Mu1.0003  In1.096                       0.27241693     -0.00154977      0.00168538     -0.00000261
VJTU     1  Mu1.0004  In1.096                       0.27727967     -0.00379561      0.00838445     -0.00003182
VJTU     1  Mu1.0008  In1.096                       0.32399455     -0.01144501      0.02504758     -0.00028667
VJTU     1  Mu1.0012  In1.096                       0.36410244     -0.02700930      0.05641502     -0.00152373
VJTU     1  Mu1.0001  In1.097                       0.19195955     -0.00322545      0.00827624     -0.00002669
VJTU     1  Mu1.0002  In1.097                       0.23505843     -0.00131875      0.00338902     -0.00000447
VJTU     1  Mu1.0003  In1.097                       0.26472087     -0.00132647      0.00246125     -0.00000326
VJTU     1  Mu1.0004  In1.097                       0.26958361     -0.00130302      0.00312071     -0.00000407
VJTU     1  Mu1.0005  In1.097                       0.29245384      0.00030827     -0.00072413     -0.00000022
VJTU     1  Mu1.0006  In1.097                       0.29535828      0.00060526     -0.00146414     -0.00000089
VJTU     1  Mu1.0001  In1.098                       0.17065959     -0.00052452      0.00086753     -0.00000046
VJTU     1  Mu1.0002  In1.098                       0.21375846      0.00249892     -0.00582618     -0.00001456
VJTU     1  Mu1.0003  In1.098                       0.24342091     -0.00017864      0.00042485     -0.00000008
VJTU     1  Mu1.0004  In1.098                       0.24828365      0.00036185     -0.00080159     -0.00000029
VJTU     1  Mu1.0005  In1.098                       0.27115387     -0.00046496      0.00100376     -0.00000047
VJTU     1  Mu1.0006  In1.098                       0.27405832     -0.00195215      0.00433802     -0.00000847
VJTU     1  Mu1.0007  In1.098                       0.28955748      0.00340245     -0.00755050     -0.00002569
VJTU     1  Mu1.0008  In1.098                       0.29499853      0.00460825     -0.01000931     -0.00004613
VJTU     1  Mu1.0009  In1.098                       0.29707684     -0.00157922      0.00342197     -0.00000540
VJTU     1  Mu1.0001  In1.099                       0.14738608     -0.00125324      0.00285380     -0.00000358
VJTU     1  Mu1.0002  In1.099                       0.19048496      0.00086985     -0.00218449     -0.00000190
VJTU     1  Mu1.0003  In1.099                       0.22014740      0.00119739     -0.00190902     -0.00000229
VJTU     1  Mu1.0004  In1.099                       0.22501015      0.00051992     -0.00121678     -0.00000063
VJTU     1  Mu1.0005  In1.099                       0.24788037     -0.00025230      0.00063465     -0.00000016
VJTU     1  Mu1.0006  In1.099                       0.25078481     -0.00078293      0.00190211     -0.00000149
VJTU     1  Mu1.0007  In1.099                       0.26628397      0.00084273     -0.00210134     -0.00000177
VJTU     1  Mu1.0008  In1.099                       0.27172503      0.00229567     -0.00537034     -0.00001233
VJTU     1  Mu1.0009  In1.099                       0.27380333     -0.00111292      0.00278013     -0.00000309
VJTU     1  Mu1.0001  In1.100                       0.13825945     -0.00258498      0.00586945     -0.00001517
VJTU     1  Mu1.0002  In1.100                       0.18135833     -0.00134938      0.00332668     -0.00000449
VJTU     1  Mu1.0003  In1.100                       0.21102077     -0.00023415     -0.00070317      0.00000016
VJTU     1  Mu1.0004  In1.100                       0.21588351     -0.00100784      0.00243208     -0.00000245
VJTU     1  Mu1.0005  In1.100                       0.23875374      0.00016239     -0.00036578     -0.00000006
VJTU     1  Mu1.0006  In1.100                       0.24165818      0.00056445     -0.00129613     -0.00000073
VJTU     1  Mu1.0007  In1.100                       0.25715734     -0.00105786      0.00241315     -0.00000255
VJTU     1  Mu1.0008  In1.100                       0.26259840     -0.00055240      0.00122370     -0.00000068
VJTU     1  Mu1.0009  In1.100                       0.26467670      0.00066255     -0.00167275     -0.00000111
VJTU     1  Mu1.0010  In1.100                       0.29360443     -0.00070922      0.00064939     -0.00000046
VJTU     1  Mu1.0011  In1.100                       0.29479700      0.00086103     -0.00260615     -0.00000224
VJTIP    1  Mu1.0026  In1.099 In1.099               0.86229791     -0.02386434      0.02632369     -0.00062820
ATVX     1  Mu1.0001  Se1.113                      -0.00832264     -0.00033895     -0.00008710      0.00000003
ATVX     1  Mu1.0002  Se1.113                       0.01104065      0.00019886     -0.00005196     -0.00000001
ATVX     1  Mu1.0003  Se1.113                       0.06516068     -0.00036281      0.00057308     -0.00000021
ATVX     1  Mu1.0004  Se1.113                       0.11632630      0.00058497     -0.00143195     -0.00000084
ATVX     1  Mu1.0005  Se1.113                       0.12576460     -0.00045243      0.00147179     -0.00000067
ATVX     1  Mu1.0006  Se1.113                       0.14767472      0.00078370     -0.00207505     -0.00000163
ATVX     1  Mu1.0007  Se1.113                       0.16093226      0.00003755     -0.00029338     -0.00000001
ATVX     1  Mu1.0008  Se1.113                       0.19716788      0.00000940      0.00004830      0.00000000
ATVX     1  Mu1.0009  Se1.113                       0.20375454      0.00005030     -0.00013725     -0.00000001
ATVX     1  Mu1.0010  Se1.113                       0.21242443     -0.00003741      0.00016134     -0.00000001
ATVX     1  Mu1.0011  Se1.113                       0.21792763      0.00007252     -0.00016962     -0.00000001
ATVX     1  Mu1.0012  Se1.113                       0.22587132      0.00003441     -0.00011861     -0.00000000
ATVX     1  Mu1.0013  Se1.113                       0.22954316      0.00055121     -0.00158868     -0.00000088
ATVX     1  Mu1.0014  Se1.113                       0.23666572     -0.00095198      0.00235536     -0.00000224
ATVX     1  Mu1.0015  Se1.113                       0.24117700     -0.00039476      0.00099500     -0.00000039
ATVX     1  Mu1.0016  Se1.113                       0.25483032     -0.00145744      0.00353762     -0.00000516
ATVX     1  Mu1.0017  Se1.113                       0.25642185      0.00022202     -0.00053604     -0.00000012
ATVX     1  Mu1.0018  Se1.113                       0.27189247     -0.00083256      0.00205107     -0.00000171
ATVX     1  Mu1.0019  Se1.113                       0.27541278      0.00028909     -0.00068859     -0.00000020
ATVX     1  Mu1.0020  Se1.113                       0.27919733      0.00001056     -0.00002215     -0.00000000
ATVX     1  Mu1.0021  Se1.113                       0.28306480      0.00005695     -0.00013136     -0.00000001
ATVX     1  Mu1.0022  Se1.113                       0.28452837      0.00018195     -0.00041736     -0.00000008
ATVX     1  Mu1.0023  Se1.113                       0.29373391     -0.00002168      0.00005872     -0.00000000
ATVX     1  Mu1.0024  Se1.113                       0.29958864     -0.00003406      0.00022827     -0.00000001
ATVX     1  Mu1.0001  Se1.114                       0.02372551     -0.00001301      0.00000830     -0.00000000
ATVX     1  Mu1.0002  Se1.114                       0.04308880      0.00001520     -0.00000950     -0.00000000
ATVX     1  Mu1.0003  Se1.114                       0.09720883     -0.00000889      0.00001313     -0.00000000
ATVX     1  Mu1.0004  Se1.114                       0.14837446     -0.00009374      0.00022866     -0.00000002
ATVX     1  Mu1.0005  Se1.114                       0.15781275     -0.00001338      0.00000880     -0.00000000
ATVX     1  Mu1.0006  Se1.114                       0.17972287      0.00013184     -0.00028195     -0.00000004
ATVX     1  Mu1.0007  Se1.114                       0.19298041     -0.00002000      0.00002794     -0.00000000
ATVX     1  Mu1.0008  Se1.114                       0.22921604      0.00014857     -0.00038015     -0.00000006
ATVX     1  Mu1.0009  Se1.114                       0.23580269      0.00056716     -0.00134782     -0.00000076
ATVX     1  Mu1.0010  Se1.114                       0.24447259     -0.00001838      0.00005582     -0.00000000
ATVX     1  Mu1.0011  Se1.114                       0.24997578     -0.00071501      0.00170462     -0.00000122
ATVX     1  Mu1.0012  Se1.114                       0.25791947      0.00053778     -0.00133473     -0.00000072
ATVX     1  Mu1.0013  Se1.114                       0.26159131      0.00016636     -0.00042408     -0.00000007
ATVX     1  Mu1.0014  Se1.114                       0.26871387      0.00008490     -0.00019777     -0.00000002
ATVX     1  Mu1.0015  Se1.114                       0.27322515      0.00000885     -0.00001311     -0.00000000
ATVX     1  Mu1.0016  Se1.114                       0.28687847      0.00013972     -0.00031211     -0.00000004
ATVX     1  Mu1.0017  Se1.114                       0.28847000     -0.00020722      0.00049539     -0.00000010
ATVX     1  Mu1.0001  Se1.115                       0.02629361     -0.00016045      0.00009223     -0.00000001
ATVX     1  Mu1.0002  Se1.115                       0.04565690      0.00070272     -0.00078266     -0.00000055
ATVX     1  Mu1.0003  Se1.115                       0.09977693     -0.00043527      0.00086374     -0.00000038
ATVX     1  Mu1.0004  Se1.115                       0.15094256     -0.00007238      0.00037425     -0.00000003
ATVX     1  Mu1.0005  Se1.115                       0.16038085     -0.00047054      0.00097796     -0.00000046
ATVX     1  Mu1.0006  Se1.115                       0.18229097      0.00250764     -0.00650352     -0.00001631
ATVX     1  Mu1.0007  Se1.115                       0.19554851     -0.00061333      0.00134211     -0.00000082
ATVX     1  Mu1.0008  Se1.115                       0.23178414     -0.00020707      0.00056785     -0.00000012
ATVX     1  Mu1.0009  Se1.115                       0.23837079      0.00000914     -0.00001826     -0.00000000
ATVX     1  Mu1.0010  Se1.115                       0.24704069     -0.00103536      0.00255555     -0.00000265
ATVX     1  Mu1.0011  Se1.115                       0.25254388     -0.00000245      0.00000544     -0.00000000
ATVX     1  Mu1.0012  Se1.115                       0.26048757     -0.00006204      0.00013897     -0.00000001
ATVX     1  Mu1.0013  Se1.115                       0.26415941     -0.00045380      0.00107245     -0.00000049
ATVX     1  Mu1.0014  Se1.115                       0.27128197      0.00025699     -0.00056441     -0.00000015
ATVX     1  Mu1.0015  Se1.115                       0.27579325     -0.00048691      0.00109461     -0.00000053
ATVX     1  Mu1.0016  Se1.115                       0.28944657     -0.00111227      0.00259530     -0.00000289
ATVX     1  Mu1.0017  Se1.115                       0.29103810      0.00015575     -0.00035110     -0.00000005
ATVX     1  Mu1.0001  Se1.116                       0.03150055     -0.00043828      0.00035492     -0.00000016
ATVX     1  Mu1.0002  Se1.116                       0.05086384      0.00020296     -0.00024471     -0.00000005
ATVX     1  Mu1.0003  Se1.116                       0.10498388     -0.00024040      0.00049859     -0.00000012
ATVX     1  Mu1.0004  Se1.116                       0.15614950     -0.00022656      0.00045003     -0.00000010
ATVX     1  Mu1.0005  Se1.116                       0.16558779     -0.00143684      0.00371949     -0.00000534
ATVX     1  Mu1.0006  Se1.116                       0.18749791      0.00109188     -0.00272516     -0.00000298
ATVX     1  Mu1.0007  Se1.116                       0.20075545     -0.00099422      0.00277050     -0.00000275
ATVX     1  Mu1.0008  Se1.116                       0.23699108     -0.00105662      0.00282693     -0.00000299
ATVX     1  Mu1.0009  Se1.116                       0.24357773     -0.00001888      0.00004908     -0.00000000
ATVX     1  Mu1.0010  Se1.116                       0.25224763      0.00023777     -0.00058217     -0.00000014
ATVX     1  Mu1.0011  Se1.116                       0.25775082     -0.00000619      0.00002278     -0.00000000
ATVX     1  Mu1.0012  Se1.116                       0.26569451     -0.00000697      0.00005795     -0.00000000
ATVX     1  Mu1.0013  Se1.116                       0.26936635      0.00047978     -0.00110829     -0.00000053
ATVX     1  Mu1.0014  Se1.116                       0.27648891      0.00023439     -0.00080463     -0.00000019
ATVX     1  Mu1.0015  Se1.116                       0.28100019     -0.00034566      0.00090377     -0.00000031
ATVX     1  Mu1.0016  Se1.116                       0.29465351     -0.00056846      0.00133362     -0.00000076
ATVX     1  Mu1.0017  Se1.116                       0.29624504      0.00009860     -0.00024684     -0.00000002
ATVX     1  Mu1.0001  Se1.117                       0.03637830      0.00000804     -0.00000766     -0.00000000
ATVX     1  Mu1.0002  Se1.117                       0.05574159      0.00001842     -0.00002486     -0.00000000
ATVX     1  Mu1.0003  Se1.117                       0.10986162     -0.00000682      0.00001575     -0.00000000
ATVX     1  Mu1.0004  Se1.117                       0.16102725     -0.00000381      0.00000382     -0.00000000
ATVX     1  Mu1.0005  Se1.117                       0.17046554      0.00001867     -0.00004962     -0.00000000
ATVX     1  Mu1.0006  Se1.117                       0.19237566      0.00004773     -0.00013625     -0.00000001
ATVX     1  Mu1.0007  Se1.117                       0.20563320     -0.00000749      0.00001017     -0.00000000
ATVX     1  Mu1.0008  Se1.117                       0.24186882      0.00001787     -0.00004331     -0.00000000
ATVX     1  Mu1.0009  Se1.117                       0.24845548     -0.00029040      0.00070901     -0.00000021
ATVX     1  Mu1.0010  Se1.117                       0.25712538     -0.00001512      0.00004415     -0.00000000
ATVX     1  Mu1.0011  Se1.117                       0.26262857      0.00017217     -0.00040851     -0.00000007
ATVX     1  Mu1.0012  Se1.117                       0.27057226      0.00011140     -0.00028215     -0.00000003
ATVX     1  Mu1.0013  Se1.117                       0.27424410     -0.00002459      0.00004408     -0.00000000
ATVX     1  Mu1.0014  Se1.117                       0.28136666      0.00000656     -0.00001251     -0.00000000
ATVX     1  Mu1.0015  Se1.117                       0.28587794     -0.00000943      0.00002046     -0.00000000
ATVX     1  Mu1.0016  Se1.117                       0.29953126     -0.00003918      0.00009396     -0.00000000
ATVX     1  Mu1.0001  Se1.118                       0.04495254      0.00000780     -0.00001036     -0.00000000
ATVX     1  Mu1.0002  Se1.118                       0.06431583      0.00005095     -0.00007551     -0.00000000
ATVX     1  Mu1.0003  Se1.118                       0.11843586     -0.00002512      0.00005483     -0.00000000
ATVX     1  Mu1.0004  Se1.118                       0.16960149     -0.00004633      0.00012281     -0.00000001
ATVX     1  Mu1.0005  Se1.118                       0.17903978      0.00003069     -0.00010693     -0.00000000
ATVX     1  Mu1.0006  Se1.118                       0.20094990      0.00016185     -0.00043228     -0.00000007
ATVX     1  Mu1.0007  Se1.118                       0.21420744     -0.00001816      0.00001493     -0.00000000
ATVX     1  Mu1.0008  Se1.118                       0.25044307      0.00003488     -0.00008988     -0.00000000
ATVX     1  Mu1.0009  Se1.118                       0.25702972      0.00034928     -0.00082947     -0.00000029
ATVX     1  Mu1.0010  Se1.118                       0.26569962     -0.00010250      0.00025775     -0.00000003
ATVX     1  Mu1.0011  Se1.118                       0.27120281     -0.00034913      0.00081709     -0.00000029
ATVX     1  Mu1.0012  Se1.118                       0.27914650      0.00008419     -0.00022646     -0.00000002
ATVX     1  Mu1.0013  Se1.118                       0.28281834     -0.00007942      0.00014260     -0.00000001
ATVX     1  Mu1.0014  Se1.118                       0.28994090      0.00002685     -0.00006041     -0.00000000
ATVX     1  Mu1.0015  Se1.118                       0.29445218     -0.00002655      0.00005675     -0.00000000
ATVX     1  Mu1.0001  Se1.119                       0.04507164      0.00008204     -0.00011712     -0.00000001
ATVX     1  Mu1.0002  Se1.119                       0.06443493      0.00050512     -0.00078880     -0.00000040
ATVX     1  Mu1.0003  Se1.119                       0.11855497     -0.00024417      0.00055433     -0.00000014
ATVX     1  Mu1.0004  Se1.119                       0.16972059     -0.00021292      0.00062512     -0.00000013
ATVX     1  Mu1.0005  Se1.119                       0.17915889      0.00024428     -0.00086018     -0.00000021
ATVX     1  Mu1.0006  Se1.119                       0.20106900      0.00164226     -0.00451430     -0.00000741
ATVX     1  Mu1.0007  Se1.119                       0.21432654     -0.00026797      0.00047609     -0.00000013
ATVX     1  Mu1.0008  Se1.119                       0.25056217      0.00008666     -0.00022827     -0.00000002
ATVX     1  Mu1.0009  Se1.119                       0.25714882     -0.00003344      0.00008394     -0.00000000
ATVX     1  Mu1.0010  Se1.119                       0.26581872     -0.00094620      0.00235936     -0.00000223
ATVX     1  Mu1.0011  Se1.119                       0.27132192      0.00004245     -0.00010292     -0.00000000
ATVX     1  Mu1.0012  Se1.119                       0.27926560     -0.00005831      0.00013189     -0.00000001
ATVX     1  Mu1.0013  Se1.119                       0.28293744     -0.00061381      0.00131927     -0.00000081
ATVX     1  Mu1.0014  Se1.119                       0.29006001      0.00016830     -0.00036473     -0.00000006
ATVX     1  Mu1.0015  Se1.119                       0.29457128     -0.00035101      0.00077638     -0.00000027
ATVX     1  Mu1.0001  Se1.120                       0.05112045      0.00000667     -0.00000837     -0.00000000
ATVX     1  Mu1.0002  Se1.120                       0.07048375      0.00003098     -0.00004954     -0.00000000
ATVX     1  Mu1.0003  Se1.120                       0.12460378     -0.00001280      0.00003051     -0.00000000
ATVX     1  Mu1.0004  Se1.120                       0.17576940     -0.00002786      0.00005346     -0.00000000
ATVX     1  Mu1.0005  Se1.120                       0.18520770      0.00001218     -0.00003569     -0.00000000
ATVX     1  Mu1.0006  Se1.120                       0.20711782      0.00008298     -0.00022859     -0.00000002
ATVX     1  Mu1.0007  Se1.120                       0.22037535     -0.00003026      0.00006596     -0.00000000
ATVX     1  Mu1.0008  Se1.120                       0.25661098      0.00002448     -0.00005489     -0.00000000
ATVX     1  Mu1.0009  Se1.120                       0.26319763     -0.00044301      0.00106384     -0.00000047
ATVX     1  Mu1.0010  Se1.120                       0.27186753     -0.00000944      0.00003633     -0.00000000
ATVX     1  Mu1.0011  Se1.120                       0.27737073      0.00017788     -0.00040553     -0.00000007
ATVX     1  Mu1.0012  Se1.120                       0.28531441      0.00022421     -0.00056948     -0.00000013
ATVX     1  Mu1.0013  Se1.120                       0.28898626     -0.00004150      0.00005058     -0.00000000
ATVX     1  Mu1.0014  Se1.120                       0.29610882      0.00001125     -0.00002857     -0.00000000
ATVX     1  Mu1.0001  Se1.121                       0.06089350      0.00001297     -0.00001392     -0.00000000
ATVX     1  Mu1.0002  Se1.121                       0.08025680      0.00007443     -0.00011477     -0.00000001
ATVX     1  Mu1.0003  Se1.121                       0.13437683     -0.00002658      0.00006274     -0.00000000
ATVX     1  Mu1.0004  Se1.121                       0.18554245     -0.00010210      0.00019823     -0.00000002
ATVX     1  Mu1.0005  Se1.121                       0.19498075     -0.00001142      0.00003762     -0.00000000
ATVX     1  Mu1.0006  Se1.121                       0.21689086      0.00018474     -0.00047628     -0.00000009
ATVX     1  Mu1.0007  Se1.121                       0.23014840     -0.00009740      0.00021747     -0.00000002
ATVX     1  Mu1.0008  Se1.121                       0.26638403      0.00001844     -0.00003751     -0.00000000
ATVX     1  Mu1.0009  Se1.121                       0.27297068     -0.00090122      0.00211509     -0.00000191
ATVX     1  Mu1.0010  Se1.121                       0.28164058      0.00000325      0.00001212      0.00000000
ATVX     1  Mu1.0011  Se1.121                       0.28714378      0.00003532     -0.00001390     -0.00000000
ATVX     1  Mu1.0012  Se1.121                       0.29508746      0.00047098     -0.00116580     -0.00000055
ATVX     1  Mu1.0013  Se1.121                       0.29875930     -0.00011427      0.00015343     -0.00000002
ATVX     1  Mu1.0001  Se1.122                       0.06957718     -0.00019857      0.00027080     -0.00000005
ATVX     1  Mu1.0002  Se1.122                       0.08894047      0.00051817     -0.00105109     -0.00000054
ATVX     1  Mu1.0003  Se1.122                       0.14306050     -0.00034152      0.00083369     -0.00000028
ATVX     1  Mu1.0004  Se1.122                       0.19422613     -0.00024850      0.00063549     -0.00000016
ATVX     1  Mu1.0005  Se1.122                       0.20366442     -0.00046969      0.00083543     -0.00000039
ATVX     1  Mu1.0006  Se1.122                       0.22557454      0.00193924     -0.00523182     -0.00001015
ATVX     1  Mu1.0007  Se1.122                       0.23883208     -0.00091111      0.00237974     -0.00000217
ATVX     1  Mu1.0008  Se1.122                       0.27506770     -0.00056385      0.00144946     -0.00000082
ATVX     1  Mu1.0009  Se1.122                       0.28165436     -0.00001277      0.00003962     -0.00000000
ATVX     1  Mu1.0010  Se1.122                       0.29032425     -0.00053069      0.00136690     -0.00000073
ATVX     1  Mu1.0011  Se1.122                       0.29582745      0.00000512     -0.00001116     -0.00000000
ATVX     1  Mu1.0001  Se1.123                       0.07055294      0.00002241     -0.00004204     -0.00000000
ATVX     1  Mu1.0002  Se1.123                       0.08991623      0.00003306     -0.00010246     -0.00000000
ATVX     1  Mu1.0003  Se1.123                       0.14403626     -0.00002337      0.00007247     -0.00000000
ATVX     1  Mu1.0004  Se1.123                       0.19520189      0.00004880     -0.00019749     -0.00000001
ATVX     1  Mu1.0005  Se1.123                       0.20464018      0.00008224     -0.00021192     -0.00000002
ATVX     1  Mu1.0006  Se1.123                       0.22655030      0.00014666     -0.00049277     -0.00000007
ATVX     1  Mu1.0007  Se1.123                       0.23980784     -0.00002237      0.00004416     -0.00000000
ATVX     1  Mu1.0008  Se1.123                       0.27604346      0.00004480     -0.00008745     -0.00000000
ATVX     1  Mu1.0009  Se1.123                       0.28263012     -0.00133405      0.00315286     -0.00000421
ATVX     1  Mu1.0010  Se1.123                       0.29130001     -0.00001526      0.00009650     -0.00000000
ATVX     1  Mu1.0011  Se1.123                       0.29680321      0.00072157     -0.00163975     -0.00000118
ATVX     1  Mu1.0001  Se1.124                       0.07660228      0.00050432     -0.00095842     -0.00000048
ATVX     1  Mu1.0002  Se1.124                       0.09596557      0.00209623     -0.00435936     -0.00000914
ATVX     1  Mu1.0003  Se1.124                       0.15008560     -0.00096183      0.00240914     -0.00000232
ATVX     1  Mu1.0004  Se1.124                       0.20125123     -0.00246259      0.00653458     -0.00001609
ATVX     1  Mu1.0005  Se1.124                       0.21068952      0.00294635     -0.00858293     -0.00002529
ATVX     1  Mu1.0006  Se1.124                       0.23259964      0.00619023     -0.01674211     -0.00010364
ATVX     1  Mu1.0007  Se1.124                       0.24585718     -0.00159015      0.00318941     -0.00000507
ATVX     1  Mu1.0008  Se1.124                       0.28209280     -0.00002342     -0.00001554      0.00000000
ATVX     1  Mu1.0009  Se1.124                       0.28867946     -0.00004848      0.00013528     -0.00000001
ATVX     1  Mu1.0010  Se1.124                       0.29734935     -0.00341601      0.00825729     -0.00002821
ATVX     1  Mu1.0001  Se1.125                       0.08053418     -0.00000111      0.00000379     -0.00000000
ATVX     1  Mu1.0002  Se1.125                       0.09989747     -0.00000348      0.00000727     -0.00000000
ATVX     1  Mu1.0003  Se1.125                       0.15401750     -0.00000136      0.00000357     -0.00000000
ATVX     1  Mu1.0004  Se1.125                       0.20518312     -0.00002700      0.00005028     -0.00000000
ATVX     1  Mu1.0005  Se1.125                       0.21462142      0.00001158     -0.00003506     -0.00000000
ATVX     1  Mu1.0006  Se1.125                       0.23653154     -0.00002519      0.00006579     -0.00000000
ATVX     1  Mu1.0007  Se1.125                       0.24978908      0.00001007     -0.00003760     -0.00000000
ATVX     1  Mu1.0008  Se1.125                       0.28602470      0.00000605     -0.00001213     -0.00000000
ATVX     1  Mu1.0009  Se1.125                       0.29261136      0.00028549     -0.00064856     -0.00000019
ATVX     1  Mu1.0001  Se1.126                       0.08377858      0.00040262     -0.00075458     -0.00000030
ATVX     1  Mu1.0002  Se1.126                       0.10314187      0.00146064     -0.00313994     -0.00000459
ATVX     1  Mu1.0003  Se1.126                       0.15726190     -0.00066639      0.00169093     -0.00000113
ATVX     1  Mu1.0004  Se1.126                       0.20842752     -0.00203318      0.00534127     -0.00001086
ATVX     1  Mu1.0005  Se1.126                       0.21786582      0.00251634     -0.00695369     -0.00001750
ATVX     1  Mu1.0006  Se1.126                       0.23977594      0.00423807     -0.01131895     -0.00004797
ATVX     1  Mu1.0007  Se1.126                       0.25303348     -0.00111542      0.00217526     -0.00000243
ATVX     1  Mu1.0008  Se1.126                       0.28926910     -0.00007156      0.00015428     -0.00000001
ATVX     1  Mu1.0009  Se1.126                       0.29585575     -0.00004631      0.00012553     -0.00000001
ATVX     1  Mu1.0001  Se1.127                       0.09922766      0.00048315     -0.00089531     -0.00000043
ATVX     1  Mu1.0002  Se1.127                       0.11859095     -0.00047463      0.00117652     -0.00000056
ATVX     1  Mu1.0003  Se1.127                       0.17271098      0.00043785     -0.00112406     -0.00000049
ATVX     1  Mu1.0004  Se1.127                       0.22387660      0.00066703     -0.00136001     -0.00000091
ATVX     1  Mu1.0005  Se1.127                       0.23331490      0.00225829     -0.00524867     -0.00001185
ATVX     1  Mu1.0006  Se1.127                       0.25522502     -0.00243209      0.00651423     -0.00001584
ATVX     1  Mu1.0007  Se1.127                       0.26848256      0.00168053     -0.00431223     -0.00000725
ATVX     1  Mu1.0001  Se1.128                       0.10127163     -0.00000034     -0.00000670      0.00000000
ATVX     1  Mu1.0002  Se1.128                       0.12063492      0.00000083     -0.00002449     -0.00000000
ATVX     1  Mu1.0003  Se1.128                       0.17475495     -0.00000595      0.00002280     -0.00000000
ATVX     1  Mu1.0004  Se1.128                       0.22592057      0.00007764     -0.00019914     -0.00000002
ATVX     1  Mu1.0005  Se1.128                       0.23535887      0.00002312     -0.00006337     -0.00000000
ATVX     1  Mu1.0006  Se1.128                       0.25726899      0.00005530     -0.00019905     -0.00000001
ATVX     1  Mu1.0007  Se1.128                       0.27052653     -0.00000182      0.00001816     -0.00000000
ATVX     1  Mu1.0001  Se1.129                       0.10381011      0.00001335     -0.00003184     -0.00000000
ATVX     1  Mu1.0002  Se1.129                       0.12317341      0.00007244     -0.00016437     -0.00000001
ATVX     1  Mu1.0003  Se1.129                       0.17729344     -0.00002594      0.00006590     -0.00000000
ATVX     1  Mu1.0004  Se1.129                       0.22845906     -0.00001035      0.00008484     -0.00000000
ATVX     1  Mu1.0005  Se1.129                       0.23789736      0.00001778     -0.00003377     -0.00000000
ATVX     1  Mu1.0006  Se1.129                       0.25980748      0.00024791     -0.00064518     -0.00000016
ATVX     1  Mu1.0007  Se1.129                       0.27306501     -0.00008060      0.00021646     -0.00000002
ATVX     1  Mu1.0001  Se1.130                       0.11136001      0.00009682     -0.00007788     -0.00000001
ATVX     1  Mu1.0002  Se1.130                       0.13072330     -0.00034562      0.00086121     -0.00000030
ATVX     1  Mu1.0003  Se1.130                       0.18484333      0.00019877     -0.00046178     -0.00000009
ATVX     1  Mu1.0004  Se1.130                       0.23600896     -0.00052667      0.00121550     -0.00000064
ATVX     1  Mu1.0005  Se1.130                       0.24544725     -0.00034495      0.00160268     -0.00000055
ATVX     1  Mu1.0006  Se1.130                       0.26735737     -0.00098956      0.00237870     -0.00000235
ATVX     1  Mu1.0007  Se1.130                       0.28061491      0.00019157     -0.00048603     -0.00000009
ATVX     1  Mu1.0001  Se1.131                       0.11207974     -0.00000354      0.00000812     -0.00000000
ATVX     1  Mu1.0002  Se1.131                       0.13144304     -0.00000521      0.00001109     -0.00000000
ATVX     1  Mu1.0003  Se1.131                       0.18556307      0.00000189     -0.00000334     -0.00000000
ATVX     1  Mu1.0004  Se1.131                       0.23672869      0.00001365     -0.00004671     -0.00000000
ATVX     1  Mu1.0005  Se1.131                       0.24616699     -0.00000645      0.00001375     -0.00000000
ATVX     1  Mu1.0006  Se1.131                       0.26807711     -0.00000781      0.00001758     -0.00000000
ATVX     1  Mu1.0007  Se1.131                       0.28133464     -0.00000135      0.00000450     -0.00000000
ATVX     1  Mu1.0001  Se1.132                       0.11780766      0.00092667     -0.00205308     -0.00000190
ATVX     1  Mu1.0002  Se1.132                       0.13717096      0.00169522     -0.00424813     -0.00000720
ATVX     1  Mu1.0003  Se1.132                       0.19129099     -0.00072008      0.00201883     -0.00000145
ATVX     1  Mu1.0004  Se1.132                       0.24245661     -0.00081299      0.00126601     -0.00000103
ATVX     1  Mu1.0005  Se1.132                       0.25189491      0.00154952     -0.00313667     -0.00000486
ATVX     1  Mu1.0006  Se1.132                       0.27380502      0.00560484     -0.01524355     -0.00008544
ATVX     1  Mu1.0007  Se1.132                       0.28706256     -0.00038757      0.00007219     -0.00000003
ATVX     1  Mu1.0001  Se1.133                       0.12184251     -0.00009720      0.00042256     -0.00000004
ATVX     1  Mu1.0002  Se1.133                       0.14120581     -0.00075620      0.00189812     -0.00000144
ATVX     1  Mu1.0003  Se1.133                       0.19532584      0.00038006     -0.00092264     -0.00000035
ATVX     1  Mu1.0004  Se1.133                       0.24649146     -0.00055400      0.00144698     -0.00000080
ATVX     1  Mu1.0005  Se1.133                       0.25592976     -0.00073685      0.00271050     -0.00000200
ATVX     1  Mu1.0006  Se1.133                       0.27783988     -0.00223442      0.00552968     -0.00001236
ATVX     1  Mu1.0007  Se1.133                       0.29109741      0.00006385      0.00015766      0.00000001
ATVX     1  Mu1.0001  Se1.134                       0.13045959     -0.00119851      0.00278428     -0.00000334
ATVX     1  Mu1.0002  Se1.134                       0.14982289      0.00037135     -0.00099296     -0.00000037
ATVX     1  Mu1.0003  Se1.134                       0.20394292     -0.00038888      0.00095346     -0.00000037
ATVX     1  Mu1.0004  Se1.134                       0.25510854      0.00232241     -0.00452833     -0.00001052
ATVX     1  Mu1.0005  Se1.134                       0.26454684     -0.00239470      0.00532334     -0.00001275
ATVX     1  Mu1.0006  Se1.134                       0.28645695      0.00169757     -0.00419536     -0.00000712
ATVX     1  Mu1.0007  Se1.134                       0.29971449     -0.00026622      0.00099874     -0.00000027
ATVX     1  Mu1.0001  Se1.135                       0.13732276     -0.00000167      0.00000324     -0.00000000
ATVX     1  Mu1.0002  Se1.135                       0.15668606      0.00000033     -0.00000267     -0.00000000
ATVX     1  Mu1.0003  Se1.135                       0.21080609     -0.00000106      0.00000279     -0.00000000
ATVX     1  Mu1.0004  Se1.135                       0.26197171     -0.00000336      0.00000486     -0.00000000
ATVX     1  Mu1.0005  Se1.135                       0.27141001     -0.00000995      0.00002173     -0.00000000
ATVX     1  Mu1.0006  Se1.135                       0.29332012      0.00001268     -0.00003127     -0.00000000
ATVX     1  Mu1.0001  Se1.136                       0.15322847     -0.00091096      0.00217596     -0.00000198
ATVX     1  Mu1.0002  Se1.136                       0.17259176      0.00259111     -0.00680596     -0.00001764
ATVX     1  Mu1.0003  Se1.136                       0.22671179     -0.00163860      0.00416927     -0.00000683
ATVX     1  Mu1.0004  Se1.136                       0.27787742     -0.00070748      0.00157380     -0.00000111
ATVX     1  Mu1.0005  Se1.136                       0.28731571     -0.00175341      0.00333366     -0.00000585
ATVX     1  Mu1.0001  Se1.137                       0.15445756     -0.00018803      0.00059052     -0.00000011
ATVX     1  Mu1.0002  Se1.137                       0.17382085      0.00024366     -0.00052605     -0.00000013
ATVX     1  Mu1.0003  Se1.137                       0.22794088     -0.00022431      0.00052965     -0.00000012
ATVX     1  Mu1.0004  Se1.137                       0.27910651     -0.00088423      0.00165554     -0.00000146
ATVX     1  Mu1.0005  Se1.137                       0.28854480     -0.00044321      0.00124481     -0.00000055
ATVX     1  Mu1.0001  Se1.138                       0.15573094     -0.00002051      0.00005649     -0.00000000
ATVX     1  Mu1.0002  Se1.138                       0.17509424     -0.00003880      0.00011104     -0.00000000
ATVX     1  Mu1.0003  Se1.138                       0.22921427      0.00001287     -0.00003759     -0.00000000
ATVX     1  Mu1.0004  Se1.138                       0.28037989     -0.00001286      0.00006036     -0.00000000
ATVX     1  Mu1.0005  Se1.138                       0.28981819     -0.00007380      0.00018466     -0.00000001
ATVX     1  Mu1.0001  Se1.139                       0.16511921      0.00054272     -0.00149582     -0.00000081
ATVX     1  Mu1.0002  Se1.139                       0.18448250      0.00061405     -0.00180679     -0.00000111
ATVX     1  Mu1.0003  Se1.139                       0.23860253     -0.00013948      0.00049326     -0.00000007
ATVX     1  Mu1.0004  Se1.139                       0.28976815     -0.00109399      0.00196571     -0.00000215
ATVX     1  Mu1.0005  Se1.139                       0.29920645      0.00038034     -0.00099700     -0.00000038
ATVX     1  Mu1.0001  Se1.140                       0.16563272      0.00003281     -0.00008758     -0.00000000
ATVX     1  Mu1.0002  Se1.140                       0.18499601      0.00003011     -0.00008172     -0.00000000
ATVX     1  Mu1.0003  Se1.140                       0.23911604     -0.00000696      0.00002366     -0.00000000
ATVX     1  Mu1.0004  Se1.140                       0.29028166     -0.00004256      0.00005100     -0.00000000
ATVX     1  Mu1.0005  Se1.140                       0.29971996      0.00004901     -0.00012546     -0.00000001
ATVX     1  Mu1.0001  Se1.141                       0.17911022      0.00091965     -0.00241575     -0.00000222
ATVX     1  Mu1.0002  Se1.141                       0.19847352     -0.00004095      0.00014290     -0.00000001
ATVX     1  Mu1.0003  Se1.141                       0.25259355      0.00020014     -0.00050691     -0.00000010
ATVX     1  Mu1.0001  Se1.142                       0.18653809      0.00001666     -0.00003805     -0.00000000
ATVX     1  Mu1.0002  Se1.142                       0.20590139      0.00001789     -0.00002025     -0.00000000
ATVX     1  Mu1.0003  Se1.142                       0.26002142      0.00000239     -0.00001305     -0.00000000
ATVX     1  Mu1.0001  Se1.143                       0.18882749      0.00119756     -0.00299702     -0.00000359
ATVX     1  Mu1.0002  Se1.143                       0.20819078     -0.00006488      0.00033252     -0.00000002
ATVX     1  Mu1.0003  Se1.143                       0.26231081      0.00027660     -0.00070687     -0.00000020
ATVX     1  Mu1.0001  Se1.144                       0.19153641      0.00002458     -0.00007074     -0.00000000
ATVX     1  Mu1.0002  Se1.144                       0.21089970      0.00003322     -0.00007985     -0.00000000
ATVX     1  Mu1.0003  Se1.144                       0.26501974     -0.00000997      0.00002093     -0.00000000
ATVX     1  Mu1.0001  Se1.145                       0.19250159     -0.00026606      0.00084012     -0.00000022
ATVX     1  Mu1.0002  Se1.145                       0.21186488     -0.00069662      0.00186590     -0.00000130
ATVX     1  Mu1.0003  Se1.145                       0.26598492      0.00028903     -0.00071812     -0.00000021
ATVX     1  Mu1.0001  Se1.146                       0.20563742      0.00178778     -0.00454289     -0.00000812
ATVX     1  Mu1.0002  Se1.146                       0.22500072     -0.00045494      0.00116615     -0.00000053
ATVX     1  Mu1.0003  Se1.146                       0.27912075      0.00059778     -0.00132929     -0.00000079
ATVX     1  Mu1.0001  Se1.147                       0.21381254     -0.00000963      0.00003043     -0.00000000
ATVX     1  Mu1.0002  Se1.147                       0.23317583     -0.00003923      0.00010446     -0.00000000
ATVX     1  Mu1.0003  Se1.147                       0.28729587      0.00001613     -0.00003970     -0.00000000
ATVX     1  Mu1.0001  Se1.148                       0.21509985      0.00184308     -0.00482498     -0.00000889
ATVX     1  Mu1.0002  Se1.148                       0.23446314      0.00039854     -0.00102975     -0.00000041
ATVX     1  Mu1.0003  Se1.148                       0.28858318      0.00016195     -0.00033171     -0.00000005
ATVX     1  Mu1.0001  Se1.149                       0.22020845      0.00007533     -0.00014162     -0.00000001
ATVX     1  Mu1.0002  Se1.149                       0.23957175     -0.00069228      0.00201848     -0.00000140
ATVX     1  Mu1.0003  Se1.149                       0.29369178      0.00030563     -0.00080938     -0.00000025
ATVX     1  Mu1.0001  Se1.150                       0.22105935     -0.00001856      0.00004858     -0.00000000
ATVX     1  Mu1.0002  Se1.150                       0.24042264      0.00004210     -0.00009425     -0.00000000
ATVX     1  Mu1.0003  Se1.150                       0.29454267     -0.00001394      0.00002996     -0.00000000
ATVX     1  Mu1.0001  Se1.151                       0.23371616     -0.00059075      0.00131114     -0.00000077
ATVX     1  Mu1.0002  Se1.151                       0.25307945     -0.00005925      0.00015085     -0.00000001
ATVX     1  Mu1.0001  Se1.152                       0.23502228     -0.00001213      0.00002554     -0.00000000
ATVX     1  Mu1.0002  Se1.152                       0.25438557     -0.00002996      0.00006513     -0.00000000
ATVX     1  Mu1.0001  Se1.153                       0.23604095      0.00000362     -0.00001407     -0.00000000
ATVX     1  Mu1.0002  Se1.153                       0.25540424      0.00001597     -0.00003886     -0.00000000
ATVX     1  Mu1.0001  Se1.154                       0.24415534      0.00087583     -0.00217725     -0.00000191
ATVX     1  Mu1.0002  Se1.154                       0.26351863      0.00003955      0.00000795      0.00000000
ATVX     1  Mu1.0001  Se1.155                       0.25028537      0.00000321     -0.00001225     -0.00000000
ATVX     1  Mu1.0002  Se1.155                       0.26964867     -0.00000496      0.00000202     -0.00000000
ATVX     1  Mu1.0001  Se1.156                       0.25536551     -0.00106583      0.00271958     -0.00000290
ATVX     1  Mu1.0002  Se1.156                       0.27472881      0.00010307     -0.00032391     -0.00000003
ATVX     1  Mu1.0001  Se1.157                       0.25668113     -0.00033239      0.00067215     -0.00000022
ATVX     1  Mu1.0002  Se1.157                       0.27604442     -0.00047122      0.00114627     -0.00000054
ATVX     1  Mu1.0001  Se1.158                       0.26595765     -0.00060925      0.00117055     -0.00000071
ATVX     1  Mu1.0002  Se1.158                       0.28532094      0.00021261     -0.00052937     -0.00000011
ATVX     1  Mu1.0001  Se1.159                       0.26676312      0.00000641     -0.00000319     -0.00000000
ATVX     1  Mu1.0002  Se1.159                       0.28612641      0.00000684     -0.00000717     -0.00000000
ATVX     1  Mu1.0001  Se1.160                       0.27605233      0.00016442     -0.00041675     -0.00000007
ATVX     1  Mu1.0002  Se1.160                       0.29541563     -0.00022517      0.00067870     -0.00000015
ATVX     1  Mu1.0001  Se1.161                       0.28061393      0.00000431     -0.00001189     -0.00000000
ATVX     1  Mu1.0002  Se1.161                       0.29997723      0.00002844     -0.00007337     -0.00000000
ATVX     1  Mu1.0001  Se1.162                       0.28170840      0.00000823     -0.00001631     -0.00000000
ATVX     1  Mu1.0001  Se1.163                       0.28882478      0.00007128     -0.00035428     -0.00000003
ATVX     1  Mu1.0001  Se1.164                       0.29117146      0.00000562     -0.00001591     -0.00000000
ATVX     1  Mu1.0001  Se1.165                       0.29266019     -0.00000577     -0.00000054      0.00000000
ATVX     1  Mu1.0001  Se1.166                       0.29694961     -0.00028638      0.00066719     -0.00000019
BJATM    1  Mu1.0006  In1.100 Se1.114 Se1.113       0.91205785      0.02270063     -0.02577506     -0.00058511
--

   (Skipping property calculation,
    use PROP keyword to activate)
********************************************************************************
 Compute H0 matrices for state    4
--------------------------------------------------------------------------------
--------------------------------------------------------------------------------
 H0 matrices have been computed.

********************************************************************************
  CASPT2 EQUATION SOLUTION
--------------------------------------------------------------------------------

  Total nr of CASPT2 parameters:
   Before reduction:  1876168956
   After  reduction:  1876107844

 Variance of |WF0>:      23.4565949912

 The contributions to the second order correlation energy in atomic units.
-----------------------------------------------------------------------------------------------------------------------------
  IT.      VJTU        VJTI        ATVX        AIVX        VJAI        BVAT        BJAT        BJAI        TOTAL       RNORM  
-----------------------------------------------------------------------------------------------------------------------------
   1    -0.024407   -0.024885   -0.021256   -0.140142   -0.355914   -0.129166   -0.771380   -3.526819   -4.993968    0.012094
   2    -0.025157   -0.024953   -0.021684   -0.140959   -0.356219   -0.129548   -0.772584   -3.527410   -4.998514    0.002022
   3    -0.025173   -0.024956   -0.021720   -0.140973   -0.356217   -0.129578   -0.772627   -3.527411   -4.998654    0.000260
   4    -0.025178   -0.024955   -0.021719   -0.140957   -0.356208   -0.129569   -0.772590   -3.527391   -4.998566    0.000038
   5    -0.025178   -0.024954   -0.021719   -0.140957   -0.356208   -0.129569   -0.772589   -3.527391   -4.998566    0.000005
-----------------------------------------------------------------------------------------------------------------------------

  FINAL CASPT2 RESULT:

      Reference energy:       -3929.6360425129
      E2 (Non-variational):      -4.9985675797
      Shift correction:          -0.0356195062
      E2 (Variational):          -5.0341870859
      Total energy:           -3934.6702295988
      Residual norm:              0.0000007085
      Reference weight:           0.37667

      Contributions to the CASPT2 correlation energy
      Active & Virtual Only:         -0.1512879135
      One Inactive Excited:          -0.9387254839
      Two Inactive Excited:          -3.9085541823


++ Denominators, etc.
--------------------------------------------------------------------------------------------------------------
 Report on small energy denominators, large coefficients, and large energy contributions.
CASE  SYMM ACTIVE-MIX  NON-ACTIVE INDICES          DENOMINATOR     RHS VALUE       COEFFICIENT     CONTRIBUTION
VJTU     1  Mu1.0001  In1.086                       0.29240373      0.00051062     -0.00119413     -0.00000061
VJTU     1  Mu1.0001  In1.087                       0.28930509      0.00037655     -0.00098318     -0.00000037
VJTU     1  Mu1.0001  In1.088                       0.28888676     -0.00099852      0.00243134     -0.00000243
VJTU     1  Mu1.0001  In1.089                       0.28389811      0.00351812     -0.00776464     -0.00002732
VJTU     1  Mu1.0001  In1.090                       0.27023857      0.00143830     -0.00321606     -0.00000463
VJTU     1  Mu1.0002  In1.090                       0.29494698     -0.00012596      0.00032753     -0.00000004
VJTU     1  Mu1.0001  In1.091                       0.25822691     -0.00273602      0.00618048     -0.00001691
VJTU     1  Mu1.0002  In1.091                       0.28293532      0.00012435     -0.00028227     -0.00000004
VJTU     1  Mu1.0001  In1.092                       0.22785041      0.00194744     -0.00476500     -0.00000928
VJTU     1  Mu1.0002  In1.092                       0.25255882     -0.00019377      0.00043567     -0.00000008
VJTU     1  Mu1.0003  In1.092                       0.28291289      0.00009410     -0.00010820     -0.00000001
VJTU     1  Mu1.0004  In1.092                       0.29005697     -0.00088939      0.00188158     -0.00000167
VJTU     1  Mu1.0005  In1.092                       0.29298216      0.00070064     -0.00153463     -0.00000108
VJTU     1  Mu1.0016  In1.092                       0.38508073     -0.03242213      0.06190684     -0.00200715
VJTU     1  Mu1.0001  In1.093                       0.22605232      0.00462293     -0.01185386     -0.00005480
VJTU     1  Mu1.0002  In1.093                       0.25076073     -0.00012820      0.00027404     -0.00000004
VJTU     1  Mu1.0003  In1.093                       0.28111480      0.00018595     -0.00044108     -0.00000008
VJTU     1  Mu1.0004  In1.093                       0.28825888     -0.00044151      0.00100612     -0.00000044
VJTU     1  Mu1.0005  In1.093                       0.29118407      0.00010632     -0.00023946     -0.00000003
VJTU     1  Mu1.0001  In1.094                       0.21809393      0.00154219     -0.00364283     -0.00000562
VJTU     1  Mu1.0002  In1.094                       0.24280234     -0.00008754      0.00018603     -0.00000002
VJTU     1  Mu1.0003  In1.094                       0.27315642      0.00021122     -0.00049215     -0.00000010
VJTU     1  Mu1.0004  In1.094                       0.28030049     -0.00054143      0.00120433     -0.00000065
VJTU     1  Mu1.0005  In1.094                       0.28322568      0.00027986     -0.00056581     -0.00000016
VJTU     1  Mu1.0006  In1.094                       0.29937249     -0.00012593      0.00037556     -0.00000005
VJTU     1  Mu1.0016  In1.094                       0.37532425     -0.01738350      0.03345268     -0.00058152
VJTU     1  Mu1.0001  In1.095                       0.21360628     -0.00133436      0.00272945     -0.00000364
VJTU     1  Mu1.0002  In1.095                       0.23831469      0.00009143     -0.00017382     -0.00000002
VJTU     1  Mu1.0003  In1.095                       0.26866877      0.00002298     -0.00006311     -0.00000000
VJTU     1  Mu1.0004  In1.095                       0.27581284      0.00085721     -0.00192594     -0.00000165
VJTU     1  Mu1.0005  In1.095                       0.27873803     -0.00076800      0.00166429     -0.00000128
VJTU     1  Mu1.0006  In1.095                       0.29488484     -0.00000753     -0.00005736      0.00000000
VJTU     1  Mu1.0016  In1.095                       0.37083660      0.03206378     -0.06261219     -0.00200758
VJTU     1  Mu1.0001  In1.096                       0.20694946      0.00038941     -0.00115625     -0.00000045
VJTU     1  Mu1.0002  In1.096                       0.23165787     -0.00021663      0.00060612     -0.00000013
VJTU     1  Mu1.0003  In1.096                       0.26201195     -0.00001203      0.00004618     -0.00000000
VJTU     1  Mu1.0004  In1.096                       0.26915602     -0.00091889      0.00208503     -0.00000192
VJTU     1  Mu1.0005  In1.096                       0.27208121      0.00065014     -0.00147080     -0.00000096
VJTU     1  Mu1.0006  In1.096                       0.28822802      0.00007198     -0.00008166     -0.00000001
VJTU     1  Mu1.0007  In1.096                       0.29397476      0.00155715     -0.00351646     -0.00000548
VJTU     1  Mu1.0016  In1.096                       0.36417979     -0.02737667      0.05615603     -0.00153737
VJTU     1  Mu1.0001  In1.097                       0.19925340      0.00288994     -0.00747054     -0.00002159
VJTU     1  Mu1.0002  In1.097                       0.22396182     -0.00014290      0.00040995     -0.00000006
VJTU     1  Mu1.0003  In1.097                       0.25431589      0.00014831     -0.00036590     -0.00000005
VJTU     1  Mu1.0004  In1.097                       0.26145996     -0.00025000      0.00060060     -0.00000015
VJTU     1  Mu1.0005  In1.097                       0.26438515      0.00011408     -0.00025644     -0.00000003
VJTU     1  Mu1.0006  In1.097                       0.28053196     -0.00025215      0.00061619     -0.00000016
VJTU     1  Mu1.0007  In1.097                       0.28627870      0.00076145     -0.00182689     -0.00000139
VJTU     1  Mu1.0008  In1.097                       0.29829648     -0.00008466      0.00008821     -0.00000001
VJTU     1  Mu1.0001  In1.098                       0.17795344      0.00081944     -0.00164524     -0.00000135
VJTU     1  Mu1.0002  In1.098                       0.20266185     -0.00013983      0.00035009     -0.00000005
VJTU     1  Mu1.0003  In1.098                       0.23301593      0.00000533     -0.00005871     -0.00000000
VJTU     1  Mu1.0004  In1.098                       0.24016000      0.00004346     -0.00010060     -0.00000000
VJTU     1  Mu1.0005  In1.098                       0.24308519     -0.00019972      0.00043701     -0.00000009
VJTU     1  Mu1.0006  In1.098                       0.25923200     -0.00051473      0.00125537     -0.00000065
VJTU     1  Mu1.0007  In1.098                       0.26497873     -0.00020357      0.00043046     -0.00000009
VJTU     1  Mu1.0008  In1.098                       0.27699652      0.00016250     -0.00040105     -0.00000007
VJTU     1  Mu1.0009  In1.098                       0.28415981      0.00081994     -0.00183366     -0.00000150
VJTU     1  Mu1.0010  In1.098                       0.28822538      0.00000040      0.00002231      0.00000000
VJTU     1  Mu1.0001  In1.099                       0.15467993      0.00120264     -0.00281644     -0.00000339
VJTU     1  Mu1.0002  In1.099                       0.17938835      0.00006498     -0.00016412     -0.00000001
VJTU     1  Mu1.0003  In1.099                       0.20974242     -0.00002377      0.00006869     -0.00000000
VJTU     1  Mu1.0004  In1.099                       0.21688650      0.00000995      0.00001801      0.00000000
VJTU     1  Mu1.0005  In1.099                       0.21981168      0.00002719     -0.00006338     -0.00000000
VJTU     1  Mu1.0006  In1.099                       0.23595849     -0.00011476      0.00025809     -0.00000003
VJTU     1  Mu1.0007  In1.099                       0.24170523      0.00003393     -0.00008248     -0.00000000
VJTU     1  Mu1.0008  In1.099                       0.25372302     -0.00019673      0.00043451     -0.00000009
VJTU     1  Mu1.0009  In1.099                       0.26088630      0.00042300     -0.00104908     -0.00000044
VJTU     1  Mu1.0010  In1.099                       0.26495187      0.00027127     -0.00077229     -0.00000021
VJTU     1  Mu1.0011  In1.099                       0.27780924      0.00000706     -0.00002580     -0.00000000
VJTU     1  Mu1.0012  In1.099                       0.28962171      0.00040600     -0.00096727     -0.00000039
VJTU     1  Mu1.0013  In1.099                       0.29214576      0.00060077     -0.00140518     -0.00000084
VJTU     1  Mu1.0014  In1.099                       0.29457723     -0.00016314      0.00042389     -0.00000007
VJTU     1  Mu1.0015  In1.099                       0.29552221     -0.00028388      0.00057183     -0.00000016
VJTU     1  Mu1.0001  In1.100                       0.14555330      0.00247875     -0.00565110     -0.00001401
VJTU     1  Mu1.0002  In1.100                       0.17026172     -0.00037508      0.00089122     -0.00000033
VJTU     1  Mu1.0003  In1.100                       0.20061579      0.00001702     -0.00007800     -0.00000000
VJTU     1  Mu1.0004  In1.100                       0.20775986     -0.00025906      0.00051109     -0.00000013
VJTU     1  Mu1.0005  In1.100                       0.21068505     -0.00010615      0.00014153     -0.00000002
VJTU     1  Mu1.0006  In1.100                       0.22683186     -0.00013607      0.00031033     -0.00000004
VJTU     1  Mu1.0007  In1.100                       0.23257860      0.00072269     -0.00174619     -0.00000126
VJTU     1  Mu1.0008  In1.100                       0.24459639      0.00042322     -0.00086473     -0.00000037
VJTU     1  Mu1.0009  In1.100                       0.25175967     -0.00021254      0.00049937     -0.00000011
VJTU     1  Mu1.0010  In1.100                       0.25582524     -0.00008925      0.00039595     -0.00000004
VJTU     1  Mu1.0011  In1.100                       0.26868261      0.00014718     -0.00033002     -0.00000005
VJTU     1  Mu1.0012  In1.100                       0.28049508     -0.00016698      0.00033392     -0.00000006
VJTU     1  Mu1.0013  In1.100                       0.28301913      0.00032021     -0.00069473     -0.00000022
VJTU     1  Mu1.0014  In1.100                       0.28545060      0.00027436     -0.00063652     -0.00000017
VJTU     1  Mu1.0015  In1.100                       0.28639558     -0.00043336      0.00113706     -0.00000049
ATVX     1  Mu1.0001  Se1.113                      -0.03616516     -0.00007682     -0.00006605      0.00000001
ATVX     1  Mu1.0002  Se1.113                      -0.00297799      0.00012675      0.00000955      0.00000000
ATVX     1  Mu1.0003  Se1.113                       0.00150593     -0.00000241      0.00000022     -0.00000000
ATVX     1  Mu1.0004  Se1.113                       0.08223945     -0.00008619      0.00027765     -0.00000002
ATVX     1  Mu1.0005  Se1.113                       0.11270370      0.00016249     -0.00041963     -0.00000007
ATVX     1  Mu1.0006  Se1.113                       0.12624084      0.00260453     -0.00599909     -0.00001562
ATVX     1  Mu1.0007  Se1.113                       0.12669423     -0.00738874      0.01696704     -0.00012536
ATVX     1  Mu1.0008  Se1.113                       0.14047744      0.00237340     -0.00564592     -0.00001340
ATVX     1  Mu1.0009  Se1.113                       0.14620059      0.00022956     -0.00055607     -0.00000013
ATVX     1  Mu1.0010  Se1.113                       0.16786274      0.00035023     -0.00086876     -0.00000030
ATVX     1  Mu1.0011  Se1.113                       0.17443908     -0.00002669     -0.00001890      0.00000000
ATVX     1  Mu1.0012  Se1.113                       0.18661315     -0.00008092      0.00015812     -0.00000001
ATVX     1  Mu1.0013  Se1.113                       0.19740529      0.00028746     -0.00063522     -0.00000018
ATVX     1  Mu1.0014  Se1.113                       0.20221443      0.00177755     -0.00431628     -0.00000767
ATVX     1  Mu1.0015  Se1.113                       0.20874092      0.00038434     -0.00103740     -0.00000040
ATVX     1  Mu1.0016  Se1.113                       0.21282634      0.00007326     -0.00017408     -0.00000001
ATVX     1  Mu1.0017  Se1.113                       0.22082756     -0.00038927      0.00099300     -0.00000039
ATVX     1  Mu1.0018  Se1.113                       0.22501383      0.00078200     -0.00193557     -0.00000151
ATVX     1  Mu1.0019  Se1.113                       0.22612533     -0.00012785      0.00026260     -0.00000003
ATVX     1  Mu1.0020  Se1.113                       0.22817133     -0.00002664      0.00007607     -0.00000000
ATVX     1  Mu1.0021  Se1.113                       0.23157749      0.00008904     -0.00022611     -0.00000002
ATVX     1  Mu1.0022  Se1.113                       0.23850490     -0.00239254      0.00561286     -0.00001343
ATVX     1  Mu1.0023  Se1.113                       0.24306368     -0.00013045      0.00031334     -0.00000004
ATVX     1  Mu1.0024  Se1.113                       0.24404202     -0.00024593      0.00067273     -0.00000017
ATVX     1  Mu1.0025  Se1.113                       0.25132930     -0.00023598      0.00060360     -0.00000014
ATVX     1  Mu1.0026  Se1.113                       0.25993965     -0.00172505      0.00395999     -0.00000683
ATVX     1  Mu1.0027  Se1.113                       0.26123916      0.00016491     -0.00031849     -0.00000005
ATVX     1  Mu1.0028  Se1.113                       0.26950463     -0.00004198      0.00001623     -0.00000000
ATVX     1  Mu1.0029  Se1.113                       0.27626080      0.00005679     -0.00013956     -0.00000001
ATVX     1  Mu1.0030  Se1.113                       0.28861916      0.00046434     -0.00114496     -0.00000053
ATVX     1  Mu1.0031  Se1.113                       0.29256966     -0.00034039      0.00082782     -0.00000028
ATVX     1  Mu1.0057  Se1.113                       0.40684765      0.01196664     -0.02541604     -0.00030414
ATVX     1  Mu1.0001  Se1.114                      -0.00411701      0.00069134      0.00007733      0.00000005
ATVX     1  Mu1.0002  Se1.114                       0.02907016      0.00007646     -0.00003650     -0.00000000
ATVX     1  Mu1.0003  Se1.114                       0.03355408     -0.00002775      0.00001648     -0.00000000
ATVX     1  Mu1.0004  Se1.114                       0.11428760     -0.00988663      0.02198914     -0.00021740
ATVX     1  Mu1.0005  Se1.114                       0.14475185      0.01154362     -0.02878973     -0.00033234
ATVX     1  Mu1.0006  Se1.114                       0.15828899     -0.01204813      0.03099909     -0.00037348
ATVX     1  Mu1.0007  Se1.114                       0.15874238     -0.00417234      0.01070473     -0.00004466
ATVX     1  Mu1.0008  Se1.114                       0.17252559     -0.00085679      0.00205244     -0.00000176
ATVX     1  Mu1.0009  Se1.114                       0.17824874      0.01041253     -0.02737884     -0.00028508
ATVX     1  Mu1.0010  Se1.114                       0.19991090      0.00037442     -0.00091704     -0.00000034
ATVX     1  Mu1.0011  Se1.114                       0.20648724      0.00195584     -0.00476579     -0.00000932
ATVX     1  Mu1.0012  Se1.114                       0.21866130      0.00844184     -0.02215465     -0.00018703
ATVX     1  Mu1.0013  Se1.114                       0.22945344      0.00382060     -0.00994727     -0.00003800
ATVX     1  Mu1.0014  Se1.114                       0.23426258     -0.00044424      0.00115553     -0.00000051
ATVX     1  Mu1.0015  Se1.114                       0.24078907      0.00011301     -0.00022676     -0.00000003
ATVX     1  Mu1.0016  Se1.114                       0.24487449     -0.00170837      0.00431081     -0.00000736
ATVX     1  Mu1.0017  Se1.114                       0.25287571     -0.00158841      0.00403586     -0.00000641
ATVX     1  Mu1.0018  Se1.114                       0.25706198      0.00024828     -0.00060197     -0.00000015
ATVX     1  Mu1.0019  Se1.114                       0.25817349      0.00121644     -0.00294410     -0.00000358
ATVX     1  Mu1.0020  Se1.114                       0.26021949      0.00066305     -0.00164123     -0.00000109
ATVX     1  Mu1.0021  Se1.114                       0.26362564     -0.00068325      0.00149740     -0.00000102
ATVX     1  Mu1.0022  Se1.114                       0.27055306      0.00017031     -0.00036617     -0.00000006
ATVX     1  Mu1.0023  Se1.114                       0.27511183     -0.00000406      0.00002580     -0.00000000
ATVX     1  Mu1.0024  Se1.114                       0.27609018      0.00002914     -0.00017926     -0.00000001
ATVX     1  Mu1.0025  Se1.114                       0.28337745     -0.00000244      0.00000071     -0.00000000
ATVX     1  Mu1.0026  Se1.114                       0.29198780     -0.00001095     -0.00000315      0.00000000
ATVX     1  Mu1.0027  Se1.114                       0.29328731     -0.00055301      0.00098327     -0.00000054
ATVX     1  Mu1.0075  Se1.114                       0.49754556     -0.01308675      0.02779963     -0.00036381
ATVX     1  Mu1.0001  Se1.115                      -0.00154891     -0.00004245     -0.00000179      0.00000000
ATVX     1  Mu1.0002  Se1.115                       0.03163826      0.00002269     -0.00001884     -0.00000000
ATVX     1  Mu1.0003  Se1.115                       0.03612218     -0.00007759      0.00007179     -0.00000001
ATVX     1  Mu1.0004  Se1.115                       0.11685570      0.00000607     -0.00002028     -0.00000000
ATVX     1  Mu1.0005  Se1.115                       0.14731995      0.00004676     -0.00011504     -0.00000001
ATVX     1  Mu1.0006  Se1.115                       0.16085709      0.00093366     -0.00249264     -0.00000233
ATVX     1  Mu1.0007  Se1.115                       0.16131048     -0.00273411      0.00730211     -0.00001996
ATVX     1  Mu1.0008  Se1.115                       0.17509369      0.00091628     -0.00230363     -0.00000211
ATVX     1  Mu1.0009  Se1.115                       0.18081684      0.00010829     -0.00028162     -0.00000003
ATVX     1  Mu1.0010  Se1.115                       0.20247900      0.00019846     -0.00064184     -0.00000013
ATVX     1  Mu1.0011  Se1.115                       0.20905534      0.00002689     -0.00006259     -0.00000000
ATVX     1  Mu1.0012  Se1.115                       0.22122940     -0.00000784      0.00002230     -0.00000000
ATVX     1  Mu1.0013  Se1.115                       0.23202154      0.00007766     -0.00017823     -0.00000001
ATVX     1  Mu1.0014  Se1.115                       0.23683068      0.00058479     -0.00133051     -0.00000078
ATVX     1  Mu1.0015  Se1.115                       0.24335717     -0.00002488      0.00015008     -0.00000000
ATVX     1  Mu1.0016  Se1.115                       0.24744259      0.00001185     -0.00002135     -0.00000000
ATVX     1  Mu1.0017  Se1.115                       0.25544381      0.00000178     -0.00001398     -0.00000000
ATVX     1  Mu1.0018  Se1.115                       0.25963008      0.00018922     -0.00045090     -0.00000009
ATVX     1  Mu1.0019  Se1.115                       0.26074159     -0.00004450      0.00010957     -0.00000000
ATVX     1  Mu1.0020  Se1.115                       0.26278759     -0.00001788      0.00004151     -0.00000000
ATVX     1  Mu1.0021  Se1.115                       0.26619374     -0.00003732      0.00008391     -0.00000000
ATVX     1  Mu1.0022  Se1.115                       0.27312116      0.00022790     -0.00051443     -0.00000012
ATVX     1  Mu1.0023  Se1.115                       0.27767993      0.00003086     -0.00006280     -0.00000000
ATVX     1  Mu1.0024  Se1.115                       0.27865828     -0.00003063      0.00007508     -0.00000000
ATVX     1  Mu1.0025  Se1.115                       0.28594555      0.00043211     -0.00097942     -0.00000042
ATVX     1  Mu1.0026  Se1.115                       0.29455590      0.00027452     -0.00062530     -0.00000017
ATVX     1  Mu1.0027  Se1.115                       0.29585541     -0.00004317      0.00009103     -0.00000000
ATVX     1  Mu1.0001  Se1.116                       0.00365803      0.00001400     -0.00000178     -0.00000000
ATVX     1  Mu1.0002  Se1.116                       0.03684520      0.00000431     -0.00000019     -0.00000000
ATVX     1  Mu1.0003  Se1.116                       0.04132912      0.00007320     -0.00007119     -0.00000001
ATVX     1  Mu1.0004  Se1.116                       0.12206264     -0.00005617      0.00012267     -0.00000001
ATVX     1  Mu1.0005  Se1.116                       0.15252689      0.00000646     -0.00001684     -0.00000000
ATVX     1  Mu1.0006  Se1.116                       0.16606403     -0.00059275      0.00168680     -0.00000100
ATVX     1  Mu1.0007  Se1.116                       0.16651742      0.00167741     -0.00479523     -0.00000804
ATVX     1  Mu1.0008  Se1.116                       0.18030063      0.00008493     -0.00024191     -0.00000002
ATVX     1  Mu1.0009  Se1.116                       0.18602378     -0.00002262      0.00006204     -0.00000000
ATVX     1  Mu1.0010  Se1.116                       0.20768594      0.00007861     -0.00038366     -0.00000003
ATVX     1  Mu1.0011  Se1.116                       0.21426228     -0.00000867      0.00002130     -0.00000000
ATVX     1  Mu1.0012  Se1.116                       0.22643634      0.00001854     -0.00004170     -0.00000000
ATVX     1  Mu1.0013  Se1.116                       0.23722848      0.00003254     -0.00009626     -0.00000000
ATVX     1  Mu1.0014  Se1.116                       0.24203762      0.00042379     -0.00115049     -0.00000049
ATVX     1  Mu1.0015  Se1.116                       0.24856411      0.00020728     -0.00048591     -0.00000010
ATVX     1  Mu1.0016  Se1.116                       0.25264953      0.00001983     -0.00005489     -0.00000000
ATVX     1  Mu1.0017  Se1.116                       0.26065075     -0.00004181      0.00010160     -0.00000000
ATVX     1  Mu1.0018  Se1.116                       0.26483702     -0.00016807      0.00034620     -0.00000006
ATVX     1  Mu1.0019  Se1.116                       0.26594853      0.00003464     -0.00006875     -0.00000000
ATVX     1  Mu1.0020  Se1.116                       0.26799453      0.00001388     -0.00003222     -0.00000000
ATVX     1  Mu1.0021  Se1.116                       0.27140068      0.00000884     -0.00001527     -0.00000000
ATVX     1  Mu1.0022  Se1.116                       0.27832810     -0.00025012      0.00060469     -0.00000015
ATVX     1  Mu1.0023  Se1.116                       0.28288687      0.00000521     -0.00002013     -0.00000000
ATVX     1  Mu1.0024  Se1.116                       0.28386522     -0.00004857      0.00010743     -0.00000001
ATVX     1  Mu1.0025  Se1.116                       0.29115249      0.00013734     -0.00034831     -0.00000005
ATVX     1  Mu1.0026  Se1.116                       0.29976285      0.00004445     -0.00010316     -0.00000000
ATVX     1  Mu1.0001  Se1.117                       0.00853578      0.00001791     -0.00000517     -0.00000000
ATVX     1  Mu1.0002  Se1.117                       0.04172295     -0.00003337      0.00003905     -0.00000000
ATVX     1  Mu1.0003  Se1.117                       0.04620687      0.00000057     -0.00000249     -0.00000000
ATVX     1  Mu1.0004  Se1.117                       0.12694039      0.00055147     -0.00138206     -0.00000076
ATVX     1  Mu1.0005  Se1.117                       0.15740464     -0.00046250      0.00120127     -0.00000056
ATVX     1  Mu1.0006  Se1.117                       0.17094178      0.00028143     -0.00071115     -0.00000020
ATVX     1  Mu1.0007  Se1.117                       0.17139517      0.00001706     -0.00003436     -0.00000000
ATVX     1  Mu1.0008  Se1.117                       0.18517838      0.00002181     -0.00004891     -0.00000000
ATVX     1  Mu1.0009  Se1.117                       0.19090153     -0.00018244      0.00049770     -0.00000009
ATVX     1  Mu1.0010  Se1.117                       0.21256369     -0.00001050      0.00002614     -0.00000000
ATVX     1  Mu1.0011  Se1.117                       0.21914003      0.00002321     -0.00005119     -0.00000000
ATVX     1  Mu1.0012  Se1.117                       0.23131409     -0.00031697      0.00082538     -0.00000026
ATVX     1  Mu1.0013  Se1.117                       0.24210623     -0.00006883      0.00018210     -0.00000001
ATVX     1  Mu1.0014  Se1.117                       0.24691537      0.00001205     -0.00003151     -0.00000000
ATVX     1  Mu1.0015  Se1.117                       0.25344186     -0.00001050      0.00002459     -0.00000000
ATVX     1  Mu1.0016  Se1.117                       0.25752728      0.00008197     -0.00019184     -0.00000002
ATVX     1  Mu1.0017  Se1.117                       0.26552850      0.00002899     -0.00008244     -0.00000000
ATVX     1  Mu1.0018  Se1.117                       0.26971477      0.00001881     -0.00004318     -0.00000000
ATVX     1  Mu1.0019  Se1.117                       0.27082628     -0.00004541      0.00011581     -0.00000001
ATVX     1  Mu1.0020  Se1.117                       0.27287228      0.00077380     -0.00186629     -0.00000144
ATVX     1  Mu1.0021  Se1.117                       0.27627843     -0.00027477      0.00065618     -0.00000018
ATVX     1  Mu1.0022  Se1.117                       0.28320585      0.00000495     -0.00001796     -0.00000000
ATVX     1  Mu1.0023  Se1.117                       0.28776462      0.00000843     -0.00002191     -0.00000000
ATVX     1  Mu1.0024  Se1.117                       0.28874297     -0.00001918      0.00004777     -0.00000000
ATVX     1  Mu1.0025  Se1.117                       0.29603024     -0.00000331      0.00001028     -0.00000000
ATVX     1  Mu1.0001  Se1.118                       0.01711002      0.00014970     -0.00007025     -0.00000001
ATVX     1  Mu1.0002  Se1.118                       0.05029719     -0.00003584      0.00005205     -0.00000000
ATVX     1  Mu1.0003  Se1.118                       0.05478111     -0.00001616      0.00001696     -0.00000000
ATVX     1  Mu1.0004  Se1.118                       0.13551463     -0.00179863      0.00433467     -0.00000780
ATVX     1  Mu1.0005  Se1.118                       0.16597888      0.00198229     -0.00509041     -0.00001009
ATVX     1  Mu1.0006  Se1.118                       0.17951602     -0.00177137      0.00459794     -0.00000814
ATVX     1  Mu1.0007  Se1.118                       0.17996941     -0.00097112      0.00254220     -0.00000247
ATVX     1  Mu1.0008  Se1.118                       0.19375262     -0.00011228      0.00028846     -0.00000003
ATVX     1  Mu1.0009  Se1.118                       0.19947577      0.00173392     -0.00450481     -0.00000781
ATVX     1  Mu1.0010  Se1.118                       0.22113793      0.00009411     -0.00024307     -0.00000002
ATVX     1  Mu1.0011  Se1.118                       0.22771427      0.00025845     -0.00060945     -0.00000016
ATVX     1  Mu1.0012  Se1.118                       0.23988833      0.00099920     -0.00261058     -0.00000261
ATVX     1  Mu1.0013  Se1.118                       0.25068047      0.00051295     -0.00128805     -0.00000066
ATVX     1  Mu1.0014  Se1.118                       0.25548961     -0.00006754      0.00017887     -0.00000001
ATVX     1  Mu1.0015  Se1.118                       0.26201610      0.00000655     -0.00000666     -0.00000000
ATVX     1  Mu1.0016  Se1.118                       0.26610152     -0.00033601      0.00080741     -0.00000027
ATVX     1  Mu1.0017  Se1.118                       0.27410274     -0.00020214      0.00049493     -0.00000010
ATVX     1  Mu1.0018  Se1.118                       0.27828901      0.00003262     -0.00007818     -0.00000000
ATVX     1  Mu1.0019  Se1.118                       0.27940052      0.00007669     -0.00016680     -0.00000001
ATVX     1  Mu1.0020  Se1.118                       0.28144652      0.00014307     -0.00034613     -0.00000005
ATVX     1  Mu1.0021  Se1.118                       0.28485267     -0.00024008      0.00054811     -0.00000013
ATVX     1  Mu1.0022  Se1.118                       0.29178009      0.00005654     -0.00013361     -0.00000001
ATVX     1  Mu1.0023  Se1.118                       0.29633886      0.00000589     -0.00001080     -0.00000000
ATVX     1  Mu1.0024  Se1.118                       0.29731721      0.00001375     -0.00003818     -0.00000000
ATVX     1  Mu1.0001  Se1.119                       0.01722912     -0.00007175      0.00003357     -0.00000000
ATVX     1  Mu1.0002  Se1.119                       0.05041629      0.00001119     -0.00001655     -0.00000000
ATVX     1  Mu1.0003  Se1.119                       0.05490021     -0.00009819      0.00013377     -0.00000001
ATVX     1  Mu1.0004  Se1.119                       0.13563373      0.00021024     -0.00051290     -0.00000011
ATVX     1  Mu1.0005  Se1.119                       0.16609798     -0.00020007      0.00051733     -0.00000010
ATVX     1  Mu1.0006  Se1.119                       0.17963512      0.00114123     -0.00304489     -0.00000347
ATVX     1  Mu1.0007  Se1.119                       0.18008851     -0.00256053      0.00688678     -0.00001763
ATVX     1  Mu1.0008  Se1.119                       0.19387172      0.00002027      0.00017037      0.00000000
ATVX     1  Mu1.0009  Se1.119                       0.19959487     -0.00015998      0.00042423     -0.00000007
ATVX     1  Mu1.0010  Se1.119                       0.22125703      0.00048027     -0.00130325     -0.00000063
ATVX     1  Mu1.0011  Se1.119                       0.22783337     -0.00001821      0.00004531     -0.00000000
ATVX     1  Mu1.0012  Se1.119                       0.24000744     -0.00014330      0.00037377     -0.00000005
ATVX     1  Mu1.0013  Se1.119                       0.25079958     -0.00004118      0.00011880     -0.00000000
ATVX     1  Mu1.0014  Se1.119                       0.25560872      0.00000199      0.00011396      0.00000000
ATVX     1  Mu1.0015  Se1.119                       0.26213520      0.00000109      0.00008029      0.00000000
ATVX     1  Mu1.0016  Se1.119                       0.26622062      0.00004366     -0.00009757     -0.00000000
ATVX     1  Mu1.0017  Se1.119                       0.27422185      0.00007721     -0.00018723     -0.00000001
ATVX     1  Mu1.0018  Se1.119                       0.27840811      0.00023251     -0.00054862     -0.00000013
ATVX     1  Mu1.0019  Se1.119                       0.27951962     -0.00007915      0.00018579     -0.00000001
ATVX     1  Mu1.0020  Se1.119                       0.28156562     -0.00005782      0.00013600     -0.00000001
ATVX     1  Mu1.0021  Se1.119                       0.28497177     -0.00000510      0.00000714     -0.00000000
ATVX     1  Mu1.0022  Se1.119                       0.29189919      0.00053548     -0.00121922     -0.00000065
ATVX     1  Mu1.0023  Se1.119                       0.29645796      0.00001016     -0.00000247     -0.00000000
ATVX     1  Mu1.0024  Se1.119                       0.29743631      0.00006455     -0.00014175     -0.00000001
ATVX     1  Mu1.0001  Se1.120                       0.02327794      0.00009838     -0.00006769     -0.00000001
ATVX     1  Mu1.0002  Se1.120                       0.05646511     -0.00009317      0.00014281     -0.00000001
ATVX     1  Mu1.0003  Se1.120                       0.06094903      0.00000140     -0.00000895     -0.00000000
ATVX     1  Mu1.0004  Se1.120                       0.14168255      0.00086608     -0.00220467     -0.00000191
ATVX     1  Mu1.0005  Se1.120                       0.17214679     -0.00019228      0.00054528     -0.00000010
ATVX     1  Mu1.0006  Se1.120                       0.18568393     -0.00035293      0.00096975     -0.00000034
ATVX     1  Mu1.0007  Se1.120                       0.18613733     -0.00020428      0.00053374     -0.00000011
ATVX     1  Mu1.0008  Se1.120                       0.19992054     -0.00003771      0.00009068     -0.00000000
ATVX     1  Mu1.0009  Se1.120                       0.20564369      0.00030191     -0.00076141     -0.00000023
ATVX     1  Mu1.0010  Se1.120                       0.22730584      0.00000751     -0.00001576     -0.00000000
ATVX     1  Mu1.0011  Se1.120                       0.23388218      0.00001635     -0.00003606     -0.00000000
ATVX     1  Mu1.0012  Se1.120                       0.24605625     -0.00021242      0.00051307     -0.00000011
ATVX     1  Mu1.0013  Se1.120                       0.25684839      0.00020538     -0.00049051     -0.00000010
ATVX     1  Mu1.0014  Se1.120                       0.26165753     -0.00002071      0.00004641     -0.00000000
ATVX     1  Mu1.0015  Se1.120                       0.26818401     -0.00001830      0.00004479     -0.00000000
ATVX     1  Mu1.0016  Se1.120                       0.27226944      0.00000356      0.00000254      0.00000000
ATVX     1  Mu1.0017  Se1.120                       0.28027066     -0.00007164      0.00015578     -0.00000001
ATVX     1  Mu1.0018  Se1.120                       0.28445693      0.00003108     -0.00007507     -0.00000000
ATVX     1  Mu1.0019  Se1.120                       0.28556843     -0.00000140      0.00000235     -0.00000000
ATVX     1  Mu1.0020  Se1.120                       0.28761443      0.00124568     -0.00295112     -0.00000368
ATVX     1  Mu1.0021  Se1.120                       0.29102058     -0.00061650      0.00143559     -0.00000089
ATVX     1  Mu1.0022  Se1.120                       0.29794800     -0.00000062     -0.00001605      0.00000000
ATVX     1  Mu1.0001  Se1.121                       0.03305098      0.00000051     -0.00002175     -0.00000000
ATVX     1  Mu1.0002  Se1.121                       0.06623815     -0.00021822      0.00037165     -0.00000008
ATVX     1  Mu1.0003  Se1.121                       0.07072207      0.00000681     -0.00002818     -0.00000000
ATVX     1  Mu1.0004  Se1.121                       0.15145559      0.00687860     -0.01720627     -0.00011836
ATVX     1  Mu1.0005  Se1.121                       0.18191984     -0.00226711      0.00604990     -0.00001372
ATVX     1  Mu1.0006  Se1.121                       0.19545698     -0.00057604      0.00167982     -0.00000097
ATVX     1  Mu1.0007  Se1.121                       0.19591037     -0.00034841      0.00091097     -0.00000032
ATVX     1  Mu1.0008  Se1.121                       0.20969359     -0.00009016      0.00014295     -0.00000001
ATVX     1  Mu1.0009  Se1.121                       0.21541673     -0.00055961      0.00149914     -0.00000084
ATVX     1  Mu1.0010  Se1.121                       0.23707889      0.00004119     -0.00005737     -0.00000000
ATVX     1  Mu1.0011  Se1.121                       0.24365523     -0.00103776      0.00242437     -0.00000252
ATVX     1  Mu1.0012  Se1.121                       0.25582930     -0.00123197      0.00298960     -0.00000368
ATVX     1  Mu1.0013  Se1.121                       0.26662144      0.00064161     -0.00144493     -0.00000093
ATVX     1  Mu1.0014  Se1.121                       0.27143058     -0.00010956      0.00022977     -0.00000003
ATVX     1  Mu1.0015  Se1.121                       0.27795706     -0.00008219      0.00022026     -0.00000002
ATVX     1  Mu1.0016  Se1.121                       0.28204248      0.00004247     -0.00009484     -0.00000000
ATVX     1  Mu1.0017  Se1.121                       0.29004371     -0.00026776      0.00059623     -0.00000016
ATVX     1  Mu1.0018  Se1.121                       0.29422997      0.00001382     -0.00006139     -0.00000000
ATVX     1  Mu1.0019  Se1.121                       0.29534148     -0.00010910      0.00010612     -0.00000001
ATVX     1  Mu1.0020  Se1.121                       0.29738748      0.00189384     -0.00441913     -0.00000837
ATVX     1  Mu1.0001  Se1.122                       0.04173466     -0.00001667      0.00001603     -0.00000000
ATVX     1  Mu1.0002  Se1.122                       0.07492183     -0.00001223      0.00002560     -0.00000000
ATVX     1  Mu1.0003  Se1.122                       0.07940575      0.00000564      0.00000578      0.00000000
ATVX     1  Mu1.0004  Se1.122                       0.16013927     -0.00005475      0.00013194     -0.00000001
ATVX     1  Mu1.0005  Se1.122                       0.19060352      0.00002922     -0.00007503     -0.00000000
ATVX     1  Mu1.0006  Se1.122                       0.20414066      0.00007650     -0.00015950     -0.00000001
ATVX     1  Mu1.0007  Se1.122                       0.20459405     -0.00029101      0.00064587     -0.00000019
ATVX     1  Mu1.0008  Se1.122                       0.21837726     -0.00055410      0.00175746     -0.00000097
ATVX     1  Mu1.0009  Se1.122                       0.22410041     -0.00001666      0.00006093     -0.00000000
ATVX     1  Mu1.0010  Se1.122                       0.24576256      0.00036397     -0.00106768     -0.00000039
ATVX     1  Mu1.0011  Se1.122                       0.25233890     -0.00001229      0.00003741     -0.00000000
ATVX     1  Mu1.0012  Se1.122                       0.26451297     -0.00000081      0.00000596     -0.00000000
ATVX     1  Mu1.0013  Se1.122                       0.27530511      0.00002945     -0.00006821     -0.00000000
ATVX     1  Mu1.0014  Se1.122                       0.28011425      0.00017573     -0.00038591     -0.00000007
ATVX     1  Mu1.0015  Se1.122                       0.28664074      0.00037338     -0.00078993     -0.00000029
ATVX     1  Mu1.0016  Se1.122                       0.29072616      0.00001886     -0.00004065     -0.00000000
ATVX     1  Mu1.0017  Se1.122                       0.29872738     -0.00003555      0.00007296     -0.00000000
ATVX     1  Mu1.0001  Se1.123                       0.04271042      0.00042091     -0.00047117     -0.00000020
ATVX     1  Mu1.0002  Se1.123                       0.07589759     -0.00008295      0.00017118     -0.00000001
ATVX     1  Mu1.0003  Se1.123                       0.08038151      0.00001840     -0.00003527     -0.00000000
ATVX     1  Mu1.0004  Se1.123                       0.16111503     -0.00615782      0.01604837     -0.00009882
ATVX     1  Mu1.0005  Se1.123                       0.19157928      0.00157681     -0.00418226     -0.00000659
ATVX     1  Mu1.0006  Se1.123                       0.20511642      0.00039901     -0.00092081     -0.00000037
ATVX     1  Mu1.0007  Se1.123                       0.20556981      0.00015061     -0.00041731     -0.00000006
ATVX     1  Mu1.0008  Se1.123                       0.21935302      0.00001610      0.00001474      0.00000000
ATVX     1  Mu1.0009  Se1.123                       0.22507617      0.00119869     -0.00325753     -0.00000390
ATVX     1  Mu1.0010  Se1.123                       0.24673832     -0.00003671      0.00005604     -0.00000000
ATVX     1  Mu1.0011  Se1.123                       0.25331467      0.00087018     -0.00208685     -0.00000182
ATVX     1  Mu1.0012  Se1.123                       0.26548873      0.00029485     -0.00086896     -0.00000026
ATVX     1  Mu1.0013  Se1.123                       0.27628087      0.00049724     -0.00123461     -0.00000061
ATVX     1  Mu1.0014  Se1.123                       0.28109001     -0.00001546      0.00004286     -0.00000000
ATVX     1  Mu1.0015  Se1.123                       0.28761650      0.00002201     -0.00006463     -0.00000000
ATVX     1  Mu1.0016  Se1.123                       0.29170192      0.00009461     -0.00019581     -0.00000002
ATVX     1  Mu1.0017  Se1.123                       0.29970314     -0.00030447      0.00072871     -0.00000022
ATVX     1  Mu1.0001  Se1.124                       0.04875976     -0.00021358      0.00026696     -0.00000006
ATVX     1  Mu1.0002  Se1.124                       0.08194693      0.00007411     -0.00013772     -0.00000001
ATVX     1  Mu1.0003  Se1.124                       0.08643085     -0.00022915      0.00045338     -0.00000010
ATVX     1  Mu1.0004  Se1.124                       0.16716437      0.00009049     -0.00024699     -0.00000002
ATVX     1  Mu1.0005  Se1.124                       0.19762862      0.00005980     -0.00014181     -0.00000001
ATVX     1  Mu1.0006  Se1.124                       0.21116576      0.00276802     -0.00728089     -0.00002015
ATVX     1  Mu1.0007  Se1.124                       0.21161915     -0.00774177      0.02036525     -0.00015766
ATVX     1  Mu1.0008  Se1.124                       0.22540236      0.00115125     -0.00183735     -0.00000212
ATVX     1  Mu1.0009  Se1.124                       0.23112551      0.00017609     -0.00039329     -0.00000007
ATVX     1  Mu1.0010  Se1.124                       0.25278766      0.00131438     -0.00362999     -0.00000477
ATVX     1  Mu1.0011  Se1.124                       0.25936400      0.00004210     -0.00009792     -0.00000000
ATVX     1  Mu1.0012  Se1.124                       0.27153807     -0.00012546      0.00031461     -0.00000004
ATVX     1  Mu1.0013  Se1.124                       0.28233021      0.00021243     -0.00045816     -0.00000010
ATVX     1  Mu1.0014  Se1.124                       0.28713935      0.00100122     -0.00194496     -0.00000195
ATVX     1  Mu1.0015  Se1.124                       0.29366584      0.00012042     -0.00003046     -0.00000000
ATVX     1  Mu1.0016  Se1.124                       0.29775126      0.00006210     -0.00012227     -0.00000001
ATVX     1  Mu1.0001  Se1.125                       0.05269166      0.00017472     -0.00023982     -0.00000004
ATVX     1  Mu1.0002  Se1.125                       0.08587883     -0.00012381      0.00025411     -0.00000003
ATVX     1  Mu1.0003  Se1.125                       0.09036275      0.00000227     -0.00001417     -0.00000000
ATVX     1  Mu1.0004  Se1.125                       0.17109627     -0.00040414      0.00102011     -0.00000041
ATVX     1  Mu1.0005  Se1.125                       0.20156052      0.00067523     -0.00170882     -0.00000115
ATVX     1  Mu1.0006  Se1.125                       0.21509766     -0.00054057      0.00137312     -0.00000074
ATVX     1  Mu1.0007  Se1.125                       0.21555105     -0.00024349      0.00059927     -0.00000015
ATVX     1  Mu1.0008  Se1.125                       0.22933426     -0.00002354      0.00005233     -0.00000000
ATVX     1  Mu1.0009  Se1.125                       0.23505741      0.00075919     -0.00183955     -0.00000140
ATVX     1  Mu1.0010  Se1.125                       0.25671956      0.00000540     -0.00001675     -0.00000000
ATVX     1  Mu1.0011  Se1.125                       0.26329590      0.00003187     -0.00006855     -0.00000000
ATVX     1  Mu1.0012  Se1.125                       0.27546997      0.00006124     -0.00016629     -0.00000001
ATVX     1  Mu1.0013  Se1.125                       0.28626211      0.00026376     -0.00059855     -0.00000016
ATVX     1  Mu1.0014  Se1.125                       0.29107125     -0.00003142      0.00006911     -0.00000000
ATVX     1  Mu1.0015  Se1.125                       0.29759774     -0.00001346      0.00002684     -0.00000000
ATVX     1  Mu1.0001  Se1.126                       0.05593606     -0.00013977      0.00019586     -0.00000003
ATVX     1  Mu1.0002  Se1.126                       0.08912323      0.00007649     -0.00014639     -0.00000001
ATVX     1  Mu1.0003  Se1.126                       0.09360715     -0.00010074      0.00021252     -0.00000002
ATVX     1  Mu1.0004  Se1.126                       0.17434067      0.00001365     -0.00004138     -0.00000000
ATVX     1  Mu1.0005  Se1.126                       0.20480491      0.00005746     -0.00014039     -0.00000001
ATVX     1  Mu1.0006  Se1.126                       0.21834206      0.00180667     -0.00464618     -0.00000839
ATVX     1  Mu1.0007  Se1.126                       0.21879545     -0.00500951      0.01286796     -0.00006446
ATVX     1  Mu1.0008  Se1.126                       0.23257866      0.00166381     -0.00350859     -0.00000584
ATVX     1  Mu1.0009  Se1.126                       0.23830181      0.00017099     -0.00039570     -0.00000007
ATVX     1  Mu1.0010  Se1.126                       0.25996396      0.00059549     -0.00174837     -0.00000104
ATVX     1  Mu1.0011  Se1.126                       0.26654030      0.00004103     -0.00009788     -0.00000000
ATVX     1  Mu1.0012  Se1.126                       0.27871437     -0.00007618      0.00018949     -0.00000001
ATVX     1  Mu1.0013  Se1.126                       0.28950651      0.00020584     -0.00045683     -0.00000009
ATVX     1  Mu1.0014  Se1.126                       0.29431565      0.00126843     -0.00270012     -0.00000342
ATVX     1  Mu1.0001  Se1.127                       0.07138514      0.00002025     -0.00002653     -0.00000000
ATVX     1  Mu1.0002  Se1.127                       0.10457231      0.00004220     -0.00009885     -0.00000000
ATVX     1  Mu1.0003  Se1.127                       0.10905623     -0.00004297      0.00006871     -0.00000000
ATVX     1  Mu1.0004  Se1.127                       0.18978975      0.00010243     -0.00024284     -0.00000002
ATVX     1  Mu1.0005  Se1.127                       0.22025399     -0.00004026      0.00009828     -0.00000000
ATVX     1  Mu1.0006  Se1.127                       0.23379114      0.00022636     -0.00066260     -0.00000015
ATVX     1  Mu1.0007  Se1.127                       0.23424453     -0.00036681      0.00113685     -0.00000042
ATVX     1  Mu1.0008  Se1.127                       0.24802774      0.00143977     -0.00404091     -0.00000582
ATVX     1  Mu1.0009  Se1.127                       0.25375089      0.00006363     -0.00018585     -0.00000001
ATVX     1  Mu1.0010  Se1.127                       0.27541304     -0.00080790      0.00209581     -0.00000169
ATVX     1  Mu1.0011  Se1.127                       0.28198938      0.00001337     -0.00007523     -0.00000000
ATVX     1  Mu1.0012  Se1.127                       0.29416345     -0.00001902      0.00003687     -0.00000000
ATVX     1  Mu1.0001  Se1.128                       0.07342911      0.00014628     -0.00026918     -0.00000004
ATVX     1  Mu1.0002  Se1.128                       0.10661628      0.00000193     -0.00000961     -0.00000000
ATVX     1  Mu1.0003  Se1.128                       0.11110020      0.00001326     -0.00001906     -0.00000000
ATVX     1  Mu1.0004  Se1.128                       0.19183372     -0.00449729      0.01224559     -0.00005507
ATVX     1  Mu1.0005  Se1.128                       0.22229797      0.00082119     -0.00251909     -0.00000207
ATVX     1  Mu1.0006  Se1.128                       0.23583511      0.00078430     -0.00221758     -0.00000174
ATVX     1  Mu1.0007  Se1.128                       0.23628850      0.00046196     -0.00125847     -0.00000058
ATVX     1  Mu1.0008  Se1.128                       0.25007171     -0.00005993      0.00024775     -0.00000001
ATVX     1  Mu1.0009  Se1.128                       0.25579486      0.00034532     -0.00088047     -0.00000030
ATVX     1  Mu1.0010  Se1.128                       0.27745701     -0.00000641     -0.00001310      0.00000000
ATVX     1  Mu1.0011  Se1.128                       0.28403335      0.00109443     -0.00241648     -0.00000264
ATVX     1  Mu1.0012  Se1.128                       0.29620742      0.00049162     -0.00111498     -0.00000055
ATVX     1  Mu1.0001  Se1.129                       0.07596759     -0.00047711      0.00087490     -0.00000042
ATVX     1  Mu1.0002  Se1.129                       0.10915476      0.00038333     -0.00089082     -0.00000034
ATVX     1  Mu1.0003  Se1.129                       0.11363869     -0.00002458      0.00007820     -0.00000000
ATVX     1  Mu1.0004  Se1.129                       0.19437220      0.00084274     -0.00218702     -0.00000184
ATVX     1  Mu1.0005  Se1.129                       0.22483645     -0.00089401      0.00213986     -0.00000191
ATVX     1  Mu1.0006  Se1.129                       0.23837359      0.00020753     -0.00032685     -0.00000007
ATVX     1  Mu1.0007  Se1.129                       0.23882698     -0.00003013      0.00021301     -0.00000001
ATVX     1  Mu1.0008  Se1.129                       0.25261020     -0.00001734      0.00003339     -0.00000000
ATVX     1  Mu1.0009  Se1.129                       0.25833334     -0.00118673      0.00257680     -0.00000306
ATVX     1  Mu1.0010  Se1.129                       0.27999550      0.00006903     -0.00015069     -0.00000001
ATVX     1  Mu1.0011  Se1.129                       0.28657184     -0.00002206      0.00000657     -0.00000000
ATVX     1  Mu1.0012  Se1.129                       0.29874591      0.00059682     -0.00146939     -0.00000088
ATVX     1  Mu1.0001  Se1.130                       0.08351749     -0.00001046      0.00002008     -0.00000000
ATVX     1  Mu1.0002  Se1.130                       0.11670466      0.00001970     -0.00004755     -0.00000000
ATVX     1  Mu1.0003  Se1.130                       0.12118858     -0.00001972      0.00002597     -0.00000000
ATVX     1  Mu1.0004  Se1.130                       0.20192210      0.00003056     -0.00008341     -0.00000000
ATVX     1  Mu1.0005  Se1.130                       0.23238635      0.00000047      0.00000163      0.00000000
ATVX     1  Mu1.0006  Se1.130                       0.24592349      0.00013705     -0.00037450     -0.00000005
ATVX     1  Mu1.0007  Se1.130                       0.24637688     -0.00040194      0.00111334     -0.00000045
ATVX     1  Mu1.0008  Se1.130                       0.26016009      0.00051100     -0.00146178     -0.00000075
ATVX     1  Mu1.0009  Se1.130                       0.26588324      0.00003786     -0.00010138     -0.00000000
ATVX     1  Mu1.0010  Se1.130                       0.28754540      0.00042354     -0.00084528     -0.00000036
ATVX     1  Mu1.0011  Se1.130                       0.29412174      0.00003314     -0.00006242     -0.00000000
ATVX     1  Mu1.0001  Se1.131                       0.08423722      0.00000599     -0.00001162     -0.00000000
ATVX     1  Mu1.0002  Se1.131                       0.11742439     -0.00000911      0.00002112     -0.00000000
ATVX     1  Mu1.0003  Se1.131                       0.12190832      0.00000498     -0.00001062     -0.00000000
ATVX     1  Mu1.0004  Se1.131                       0.20264183      0.00000975      0.00008028      0.00000000
ATVX     1  Mu1.0005  Se1.131                       0.23310608     -0.00003122      0.00006219     -0.00000000
ATVX     1  Mu1.0006  Se1.131                       0.24664322      0.00000739     -0.00000705     -0.00000000
ATVX     1  Mu1.0007  Se1.131                       0.24709661      0.00007981     -0.00020853     -0.00000002
ATVX     1  Mu1.0008  Se1.131                       0.26087983     -0.00003747      0.00007699     -0.00000000
ATVX     1  Mu1.0009  Se1.131                       0.26660297     -0.00002150      0.00005215     -0.00000000
ATVX     1  Mu1.0010  Se1.131                       0.28826513      0.00000210      0.00000221      0.00000000
ATVX     1  Mu1.0011  Se1.131                       0.29484147     -0.00008401      0.00017898     -0.00000002
ATVX     1  Mu1.0001  Se1.132                       0.08996514     -0.00025378      0.00049110     -0.00000012
ATVX     1  Mu1.0002  Se1.132                       0.12315231      0.00012338     -0.00026804     -0.00000003
ATVX     1  Mu1.0003  Se1.132                       0.12763623     -0.00039992      0.00095588     -0.00000038
ATVX     1  Mu1.0004  Se1.132                       0.20836975     -0.00007041      0.00015021     -0.00000001
ATVX     1  Mu1.0005  Se1.132                       0.23883400      0.00017070     -0.00041231     -0.00000007
ATVX     1  Mu1.0006  Se1.132                       0.25237114      0.00591691     -0.01461879     -0.00008650
ATVX     1  Mu1.0007  Se1.132                       0.25282453     -0.01678541      0.04140476     -0.00069500
ATVX     1  Mu1.0008  Se1.132                       0.26660775      0.00311473     -0.00653763     -0.00002036
ATVX     1  Mu1.0009  Se1.132                       0.27233089      0.00038356     -0.00087676     -0.00000034
ATVX     1  Mu1.0010  Se1.132                       0.29399305      0.00222577     -0.00567869     -0.00001264
ATVX     1  Mu1.0001  Se1.133                       0.09399999      0.00005163     -0.00010107     -0.00000001
ATVX     1  Mu1.0002  Se1.133                       0.12718716     -0.00001224      0.00002408     -0.00000000
ATVX     1  Mu1.0003  Se1.133                       0.13167109      0.00007651     -0.00020245     -0.00000002
ATVX     1  Mu1.0004  Se1.133                       0.21240460      0.00005270     -0.00013202     -0.00000001
ATVX     1  Mu1.0005  Se1.133                       0.24286885     -0.00003865      0.00009480     -0.00000000
ATVX     1  Mu1.0006  Se1.133                       0.25640599     -0.00133848      0.00324422     -0.00000434
ATVX     1  Mu1.0007  Se1.133                       0.25685938      0.00379832     -0.00916266     -0.00003480
ATVX     1  Mu1.0008  Se1.133                       0.27064260     -0.00038698      0.00064323     -0.00000025
ATVX     1  Mu1.0009  Se1.133                       0.27636574     -0.00006357      0.00014433     -0.00000001
ATVX     1  Mu1.0010  Se1.133                       0.29802790      0.00022862     -0.00022253     -0.00000005
ATVX     1  Mu1.0001  Se1.134                       0.10261707      0.00007899     -0.00015505     -0.00000001
ATVX     1  Mu1.0002  Se1.134                       0.13580424     -0.00011704      0.00026782     -0.00000003
ATVX     1  Mu1.0003  Se1.134                       0.14028817     -0.00003266      0.00009464     -0.00000000
ATVX     1  Mu1.0004  Se1.134                       0.22102168      0.00002254     -0.00004669     -0.00000000
ATVX     1  Mu1.0005  Se1.134                       0.25148593     -0.00003728      0.00008091     -0.00000000
ATVX     1  Mu1.0006  Se1.134                       0.26502307     -0.00123100      0.00250807     -0.00000309
ATVX     1  Mu1.0007  Se1.134                       0.26547646      0.00339927     -0.00685538     -0.00002330
ATVX     1  Mu1.0008  Se1.134                       0.27925968     -0.00201631      0.00468486     -0.00000945
ATVX     1  Mu1.0009  Se1.134                       0.28498282     -0.00014983      0.00033281     -0.00000005
ATVX     1  Mu1.0001  Se1.135                       0.10948024      0.00003506     -0.00008006     -0.00000000
ATVX     1  Mu1.0002  Se1.135                       0.14266741     -0.00000289      0.00000607     -0.00000000
ATVX     1  Mu1.0003  Se1.135                       0.14715133      0.00000096     -0.00000174     -0.00000000
ATVX     1  Mu1.0004  Se1.135                       0.22788485     -0.00058120      0.00151434     -0.00000088
ATVX     1  Mu1.0005  Se1.135                       0.25834910      0.00057848     -0.00144690     -0.00000084
ATVX     1  Mu1.0006  Se1.135                       0.27188624     -0.00059404      0.00146775     -0.00000087
ATVX     1  Mu1.0007  Se1.135                       0.27233963     -0.00019392      0.00047395     -0.00000009
ATVX     1  Mu1.0008  Se1.135                       0.28612285     -0.00002799      0.00006655     -0.00000000
ATVX     1  Mu1.0009  Se1.135                       0.29184599      0.00045908     -0.00111071     -0.00000051
ATVX     1  Mu1.0001  Se1.136                       0.12538595      0.00001912     -0.00005578     -0.00000000
ATVX     1  Mu1.0002  Se1.136                       0.15857312     -0.00006104      0.00018745     -0.00000001
ATVX     1  Mu1.0003  Se1.136                       0.16305704      0.00023248     -0.00048144     -0.00000011
ATVX     1  Mu1.0004  Se1.136                       0.24379056     -0.00001343      0.00005031     -0.00000000
ATVX     1  Mu1.0005  Se1.136                       0.27425481     -0.00000792      0.00000675     -0.00000000
ATVX     1  Mu1.0006  Se1.136                       0.28779195     -0.00078868      0.00193304     -0.00000152
ATVX     1  Mu1.0007  Se1.136                       0.28824534      0.00218518     -0.00527166     -0.00001152
ATVX     1  Mu1.0001  Se1.137                       0.12661504      0.00006761     -0.00016998     -0.00000001
ATVX     1  Mu1.0002  Se1.137                       0.15980221      0.00003172     -0.00006537     -0.00000000
ATVX     1  Mu1.0003  Se1.137                       0.16428613      0.00022009     -0.00054850     -0.00000012
ATVX     1  Mu1.0004  Se1.137                       0.24501965      0.00002157     -0.00003239     -0.00000000
ATVX     1  Mu1.0005  Se1.137                       0.27548390     -0.00002922      0.00006425     -0.00000000
ATVX     1  Mu1.0006  Se1.137                       0.28902104     -0.00093747      0.00242472     -0.00000227
ATVX     1  Mu1.0007  Se1.137                       0.28947443      0.00271082     -0.00695776     -0.00001886
ATVX     1  Mu1.0001  Se1.138                       0.12788842     -0.00040264      0.00103553     -0.00000042
ATVX     1  Mu1.0002  Se1.138                       0.16107559      0.00026613     -0.00072849     -0.00000019
ATVX     1  Mu1.0003  Se1.138                       0.16555952     -0.00000661      0.00004044     -0.00000000
ATVX     1  Mu1.0004  Se1.138                       0.24629304      0.00124527     -0.00339525     -0.00000423
ATVX     1  Mu1.0005  Se1.138                       0.27675728     -0.00006152      0.00023374     -0.00000001
ATVX     1  Mu1.0006  Se1.138                       0.29029442     -0.00039270      0.00092149     -0.00000036
ATVX     1  Mu1.0007  Se1.138                       0.29074781     -0.00011834      0.00030840     -0.00000004
ATVX     1  Mu1.0001  Se1.139                       0.13727669     -0.00017110      0.00040989     -0.00000007
ATVX     1  Mu1.0002  Se1.139                       0.17046386     -0.00002884      0.00008084     -0.00000000
ATVX     1  Mu1.0003  Se1.139                       0.17494778     -0.00027769      0.00074114     -0.00000021
ATVX     1  Mu1.0004  Se1.139                       0.25568130     -0.00015702      0.00034435     -0.00000005
ATVX     1  Mu1.0005  Se1.139                       0.28614554      0.00015671     -0.00036486     -0.00000006
ATVX     1  Mu1.0006  Se1.139                       0.29968269      0.00243925     -0.00563472     -0.00001374
ATVX     1  Mu1.0001  Se1.140                       0.13779020      0.00003499     -0.00008276     -0.00000000
ATVX     1  Mu1.0002  Se1.140                       0.17097737     -0.00012529      0.00033724     -0.00000004
ATVX     1  Mu1.0003  Se1.140                       0.17546129     -0.00000731      0.00001014     -0.00000000
ATVX     1  Mu1.0004  Se1.140                       0.25619481      0.00171381     -0.00439522     -0.00000753
ATVX     1  Mu1.0005  Se1.140                       0.28665906     -0.00177708      0.00439097     -0.00000780
ATVX     1  Mu1.0001  Se1.141                       0.15126770      0.00003531     -0.00007952     -0.00000000
ATVX     1  Mu1.0002  Se1.141                       0.18445487     -0.00000993      0.00002121     -0.00000000
ATVX     1  Mu1.0003  Se1.141                       0.18893880      0.00007980     -0.00019591     -0.00000002
ATVX     1  Mu1.0004  Se1.141                       0.26967231      0.00000550     -0.00000796     -0.00000000
ATVX     1  Mu1.0001  Se1.142                       0.15869557     -0.00008127      0.00022001     -0.00000002
ATVX     1  Mu1.0002  Se1.142                       0.19188274     -0.00002964      0.00008171     -0.00000000
ATVX     1  Mu1.0003  Se1.142                       0.19636666     -0.00001354      0.00001889     -0.00000000
ATVX     1  Mu1.0004  Se1.142                       0.27710018      0.00282897     -0.00771361     -0.00002182
ATVX     1  Mu1.0001  Se1.143                       0.16098497      0.00007718     -0.00019114     -0.00000001
ATVX     1  Mu1.0002  Se1.143                       0.19417214      0.00002597     -0.00007389     -0.00000000
ATVX     1  Mu1.0003  Se1.143                       0.19865606      0.00018447     -0.00047840     -0.00000009
ATVX     1  Mu1.0004  Se1.143                       0.27938958     -0.00003311      0.00007847     -0.00000000
ATVX     1  Mu1.0001  Se1.144                       0.16369389     -0.00004156      0.00012798     -0.00000001
ATVX     1  Mu1.0002  Se1.144                       0.19688106     -0.00000311      0.00000682     -0.00000000
ATVX     1  Mu1.0003  Se1.144                       0.20136498     -0.00001068      0.00002270     -0.00000000
ATVX     1  Mu1.0004  Se1.144                       0.28209850      0.00099893     -0.00301309     -0.00000301
ATVX     1  Mu1.0001  Se1.145                       0.16465907      0.00002840     -0.00007964     -0.00000000
ATVX     1  Mu1.0002  Se1.145                       0.19784624      0.00002574     -0.00006558     -0.00000000
ATVX     1  Mu1.0003  Se1.145                       0.20233016      0.00009808     -0.00027302     -0.00000003
ATVX     1  Mu1.0004  Se1.145                       0.28306368      0.00014301     -0.00040210     -0.00000006
ATVX     1  Mu1.0001  Se1.146                       0.17779490     -0.00012397      0.00029949     -0.00000004
ATVX     1  Mu1.0002  Se1.146                       0.21098207      0.00010441     -0.00024825     -0.00000003
ATVX     1  Mu1.0003  Se1.146                       0.21546600     -0.00008997      0.00020874     -0.00000002
ATVX     1  Mu1.0004  Se1.146                       0.29619951     -0.00009943      0.00017588     -0.00000002
ATVX     1  Mu1.0001  Se1.147                       0.18597002      0.00040065     -0.00110057     -0.00000044
ATVX     1  Mu1.0002  Se1.147                       0.21915719     -0.00018538      0.00051020     -0.00000009
ATVX     1  Mu1.0003  Se1.147                       0.22364111      0.00000207     -0.00002375     -0.00000000
ATVX     1  Mu1.0001  Se1.148                       0.18725733     -0.00012390      0.00031312     -0.00000004
ATVX     1  Mu1.0002  Se1.148                       0.22044450      0.00011712     -0.00028238     -0.00000003
ATVX     1  Mu1.0003  Se1.148                       0.22492842      0.00005996     -0.00014664     -0.00000001
ATVX     1  Mu1.0001  Se1.149                       0.19236593     -0.00007381      0.00017611     -0.00000001
ATVX     1  Mu1.0002  Se1.149                       0.22555310      0.00015642     -0.00040371     -0.00000006
ATVX     1  Mu1.0003  Se1.149                       0.23003703     -0.00004313      0.00004092     -0.00000000
ATVX     1  Mu1.0001  Se1.150                       0.19321683     -0.00003984      0.00010177     -0.00000000
ATVX     1  Mu1.0002  Se1.150                       0.22640400      0.00000689     -0.00002379     -0.00000000
ATVX     1  Mu1.0003  Se1.150                       0.23088792     -0.00002070      0.00004369     -0.00000000
ATVX     1  Mu1.0001  Se1.151                       0.20587364     -0.00010178      0.00025160     -0.00000003
ATVX     1  Mu1.0002  Se1.151                       0.23906081      0.00005363     -0.00013213     -0.00000001
ATVX     1  Mu1.0003  Se1.151                       0.24354473     -0.00015942      0.00037185     -0.00000006
ATVX     1  Mu1.0001  Se1.152                       0.20717976     -0.00010950      0.00029705     -0.00000003
ATVX     1  Mu1.0002  Se1.152                       0.24036693      0.00005130     -0.00013874     -0.00000001
ATVX     1  Mu1.0003  Se1.152                       0.24485085      0.00000886     -0.00000875     -0.00000000
ATVX     1  Mu1.0001  Se1.153                       0.20819843      0.00005343     -0.00013906     -0.00000001
ATVX     1  Mu1.0002  Se1.153                       0.24138560     -0.00003606      0.00009055     -0.00000000
ATVX     1  Mu1.0003  Se1.153                       0.24586952     -0.00000000     -0.00000441      0.00000000
ATVX     1  Mu1.0001  Se1.154                       0.21631282     -0.00003825      0.00009459     -0.00000000
ATVX     1  Mu1.0002  Se1.154                       0.24949999      0.00008315     -0.00020443     -0.00000002
ATVX     1  Mu1.0003  Se1.154                       0.25398391      0.00009454     -0.00024796     -0.00000002
ATVX     1  Mu1.0001  Se1.155                       0.22244286      0.00014965     -0.00039152     -0.00000006
ATVX     1  Mu1.0002  Se1.155                       0.25563002      0.00003517     -0.00008807     -0.00000000
ATVX     1  Mu1.0003  Se1.155                       0.26011395     -0.00000785      0.00001991     -0.00000000
ATVX     1  Mu1.0001  Se1.156                       0.22752300     -0.00006014      0.00014713     -0.00000001
ATVX     1  Mu1.0002  Se1.156                       0.26071017      0.00001513     -0.00003036     -0.00000000
ATVX     1  Mu1.0003  Se1.156                       0.26519409     -0.00011033      0.00026592     -0.00000003
ATVX     1  Mu1.0001  Se1.157                       0.22883861      0.00005089     -0.00012695     -0.00000001
ATVX     1  Mu1.0002  Se1.157                       0.26202578     -0.00006188      0.00014742     -0.00000001
ATVX     1  Mu1.0003  Se1.157                       0.26650970      0.00000782     -0.00001922     -0.00000000
ATVX     1  Mu1.0001  Se1.158                       0.23811513      0.00008692     -0.00020371     -0.00000002
ATVX     1  Mu1.0002  Se1.158                       0.27130230     -0.00002944      0.00006746     -0.00000000
ATVX     1  Mu1.0003  Se1.158                       0.27578622      0.00003924     -0.00008426     -0.00000000
ATVX     1  Mu1.0001  Se1.159                       0.23892060      0.00012490     -0.00031972     -0.00000004
ATVX     1  Mu1.0002  Se1.159                       0.27210777     -0.00004483      0.00011533     -0.00000001
ATVX     1  Mu1.0003  Se1.159                       0.27659169     -0.00001787      0.00003009     -0.00000000
ATVX     1  Mu1.0001  Se1.160                       0.24820981      0.00005198     -0.00013018     -0.00000001
ATVX     1  Mu1.0002  Se1.160                       0.28139698      0.00003419     -0.00008594     -0.00000000
ATVX     1  Mu1.0003  Se1.160                       0.28588090      0.00011451     -0.00029141     -0.00000003
ATVX     1  Mu1.0001  Se1.161                       0.25277141      0.00002959     -0.00010533     -0.00000000
ATVX     1  Mu1.0002  Se1.161                       0.28595858      0.00001298     -0.00002923     -0.00000000
ATVX     1  Mu1.0003  Se1.161                       0.29044251     -0.00000333      0.00001122     -0.00000000
ATVX     1  Mu1.0001  Se1.162                       0.25386588     -0.00002087      0.00006805     -0.00000000
ATVX     1  Mu1.0002  Se1.162                       0.28705305      0.00005217     -0.00013377     -0.00000001
ATVX     1  Mu1.0003  Se1.162                       0.29153697     -0.00001539      0.00003113     -0.00000000
ATVX     1  Mu1.0001  Se1.163                       0.26098226     -0.00000738      0.00002728     -0.00000000
ATVX     1  Mu1.0002  Se1.163                       0.29416943     -0.00001888      0.00004215     -0.00000000
ATVX     1  Mu1.0003  Se1.163                       0.29865335     -0.00002920      0.00008986     -0.00000000
ATVX     1  Mu1.0001  Se1.164                       0.26332894     -0.00005221      0.00014649     -0.00000001
ATVX     1  Mu1.0002  Se1.164                       0.29651611      0.00004327     -0.00010807     -0.00000000
ATVX     1  Mu1.0001  Se1.165                       0.26481767      0.00011000     -0.00027656     -0.00000003
ATVX     1  Mu1.0002  Se1.165                       0.29800484     -0.00000977      0.00002674     -0.00000000
ATVX     1  Mu1.0001  Se1.166                       0.26910709     -0.00002230      0.00005491     -0.00000000
ATVX     1  Mu1.0001  Se1.167                       0.27436936      0.00001999     -0.00005498     -0.00000000
ATVX     1  Mu1.0001  Se1.168                       0.27633032     -0.00005351      0.00012710     -0.00000001
ATVX     1  Mu1.0001  Se1.169                       0.28047744     -0.00000543      0.00001383     -0.00000000
ATVX     1  Mu1.0001  Se1.170                       0.28585561      0.00002922     -0.00007170     -0.00000000
ATVX     1  Mu1.0001  Se1.171                       0.28988274      0.00001592     -0.00003550     -0.00000000
ATVX     1  Mu1.0001  Se1.172                       0.29420103     -0.00001094      0.00002888     -0.00000000
AIVX     1  Mu1.0004  In1.100 Se1.114               0.47703197      0.01243393     -0.02696654     -0.00033530
AIVX     1  Mu1.0008  In1.100 Se1.114               0.53082481      0.01885035     -0.03397977     -0.00064053
BVATP    1  Mu1.0001  Se1.113 Se1.113               0.26535059      0.00000688     -0.00002726     -0.00000000
BVATP    1  Mu1.0001  Se1.114 Se1.113               0.29739874     -0.00016071      0.00040086     -0.00000006
BVATP    1  Mu1.0001  Se1.115 Se1.113               0.29996684      0.00000312     -0.00000886     -0.00000000
BJATM    1  Mu1.0006  In1.100 Se1.114 Se1.113       0.91294876      0.02293451     -0.02604026     -0.00059722
--

   (Skipping property calculation,
    use PROP keyword to activate)
********************************************************************************
 Compute H0 matrices for state    5
--------------------------------------------------------------------------------
--------------------------------------------------------------------------------
 H0 matrices have been computed.

********************************************************************************
  CASPT2 EQUATION SOLUTION
--------------------------------------------------------------------------------

  Total nr of CASPT2 parameters:
   Before reduction:  1876168956
   After  reduction:  1876107844

 Variance of |WF0>:      23.4978822935

 The contributions to the second order correlation energy in atomic units.
-----------------------------------------------------------------------------------------------------------------------------
  IT.      VJTU        VJTI        ATVX        AIVX        VJAI        BVAT        BJAT        BJAI        TOTAL       RNORM  
-----------------------------------------------------------------------------------------------------------------------------
   1    -0.073955   -0.035779   -0.019064   -0.142075   -0.411043   -0.132546   -0.706440   -3.526604   -5.047507    0.015683
   2    -0.077214   -0.035899   -0.019245   -0.142603   -0.411401   -0.132869   -0.707800   -3.527348   -5.054380    0.003303
   3    -0.077381   -0.035898   -0.019272   -0.142526   -0.411385   -0.132924   -0.707868   -3.527339   -5.054594    0.000403
   4    -0.077399   -0.035895   -0.019264   -0.142495   -0.411370   -0.132909   -0.707811   -3.527310   -5.054454    0.000055
   5    -0.077400   -0.035894   -0.019264   -0.142494   -0.411370   -0.132909   -0.707809   -3.527310   -5.054450    0.000007
   6    -0.077400   -0.035894   -0.019264   -0.142494   -0.411370   -0.132909   -0.707810   -3.527310   -5.054452    0.000001
-----------------------------------------------------------------------------------------------------------------------------

  FINAL CASPT2 RESULT:

      Reference energy:       -3929.6308828644
      E2 (Non-variational):      -5.0544520062
      Shift correction:          -0.0596900386
      E2 (Variational):          -5.1141420448
      Total energy:           -3934.7450249093
      Residual norm:              0.0000001708
      Reference weight:           0.36280

      Contributions to the CASPT2 correlation energy
      Active & Virtual Only:         -0.1521728149
      One Inactive Excited:          -0.9277044971
      Two Inactive Excited:          -3.9745746942


++ Denominators, etc.
--------------------------------------------------------------------------------------------------------------
 Report on small energy denominators, large coefficients, and large energy contributions.
CASE  SYMM ACTIVE-MIX  NON-ACTIVE INDICES          DENOMINATOR     RHS VALUE       COEFFICIENT     CONTRIBUTION
VJTU     1  Mu1.0001  In1.069                       0.36691891      0.01876496     -0.03857127     -0.00072379
VJTU     1  Mu1.0001  In1.073                       0.32070572     -0.02693500      0.05940179     -0.00159999
VJTU     1  Mu1.0027  In1.073                       0.56696625      0.01689275     -0.02563154     -0.00043299
VJTU     1  Mu1.0001  In1.077                       0.29636121     -0.00048584      0.00169281     -0.00000082
VJTU     1  Mu1.0001  In1.078                       0.29206928     -0.00295246      0.00690660     -0.00002039
VJTU     1  Mu1.0001  In1.079                       0.27416352      0.00744577     -0.01798615     -0.00013392
VJTU     1  Mu1.0002  In1.079                       0.29999391     -0.00324580      0.00781251     -0.00002536
VJTU     1  Mu1.0001  In1.080                       0.26446024     -0.00461294      0.01109696     -0.00005119
VJTU     1  Mu1.0002  In1.080                       0.29029063      0.00165655     -0.00390671     -0.00000647
VJTU     1  Mu1.0001  In1.081                       0.26261074      0.00199007     -0.00493151     -0.00000981
VJTU     1  Mu1.0002  In1.081                       0.28844113     -0.00071838      0.00172845     -0.00000124
VJTU     1  Mu1.0001  In1.082                       0.25343315      0.00712946     -0.01783801     -0.00012718
VJTU     1  Mu1.0002  In1.082                       0.27926354     -0.00243650      0.00593506     -0.00001446
VJTU     1  Mu1.0003  In1.082                       0.29976138     -0.00128649      0.00303826     -0.00000391
VJTU     1  Mu1.0001  In1.083                       0.24874127      0.01284444     -0.03109264     -0.00039937
VJTU     1  Mu1.0002  In1.083                       0.27457166     -0.00535444      0.01276383     -0.00006834
VJTU     1  Mu1.0003  In1.083                       0.29506950     -0.00204730      0.00460860     -0.00000944
VJTU     1  Mu1.0001  In1.084                       0.23987773     -0.00052511      0.00159901     -0.00000084
VJTU     1  Mu1.0002  In1.084                       0.26570812      0.00027513     -0.00076226     -0.00000021
VJTU     1  Mu1.0003  In1.084                       0.28620596      0.00011590     -0.00033019     -0.00000004
VJTU     1  Mu1.0004  In1.084                       0.29809133     -0.00012995      0.00039628     -0.00000005
VJTU     1  Mu1.0001  In1.085                       0.23796885     -0.01191359      0.02879064     -0.00034300
VJTU     1  Mu1.0002  In1.085                       0.26379924      0.00495813     -0.01176855     -0.00005835
VJTU     1  Mu1.0003  In1.085                       0.28429708      0.00204988     -0.00458968     -0.00000941
VJTU     1  Mu1.0004  In1.085                       0.29618245     -0.00446141      0.01007840     -0.00004496
VJTU     1  Mu1.0001  In1.086                       0.19530592      0.00031503      0.00049482      0.00000016
VJTU     1  Mu1.0002  In1.086                       0.22113631      0.00029005     -0.00114460     -0.00000033
VJTU     1  Mu1.0003  In1.086                       0.24163415     -0.00014016      0.00013736     -0.00000002
VJTU     1  Mu1.0004  In1.086                       0.25351952      0.00022321     -0.00008574     -0.00000002
VJTU     1  Mu1.0005  In1.086                       0.26243240     -0.00048909      0.00106616     -0.00000052
VJTU     1  Mu1.0006  In1.086                       0.27238128     -0.00039963      0.00100937     -0.00000040
VJTU     1  Mu1.0007  In1.086                       0.28550093      0.00007769      0.00009278      0.00000001
VJTU     1  Mu1.0008  In1.086                       0.29300432     -0.00021002      0.00034427     -0.00000007
VJTU     1  Mu1.0001  In1.087                       0.19220728      0.00244924     -0.00664587     -0.00001628
VJTU     1  Mu1.0002  In1.087                       0.21803767     -0.00088639      0.00241165     -0.00000214
VJTU     1  Mu1.0003  In1.087                       0.23853551     -0.00048556      0.00128320     -0.00000062
VJTU     1  Mu1.0004  In1.087                       0.25042088      0.00091247     -0.00240666     -0.00000220
VJTU     1  Mu1.0005  In1.087                       0.25933376      0.00084436     -0.00184787     -0.00000156
VJTU     1  Mu1.0006  In1.087                       0.26928264      0.00032088     -0.00077672     -0.00000025
VJTU     1  Mu1.0007  In1.087                       0.28240229      0.00043060     -0.00113285     -0.00000049
VJTU     1  Mu1.0008  In1.087                       0.28990568     -0.00047195      0.00117649     -0.00000056
VJTU     1  Mu1.0009  In1.087                       0.29771202     -0.00021451      0.00035943     -0.00000008
VJTU     1  Mu1.0001  In1.088                       0.19178894     -0.00827014      0.02130165     -0.00017617
VJTU     1  Mu1.0002  In1.088                       0.21761934      0.00309698     -0.00799303     -0.00002475
VJTU     1  Mu1.0003  In1.088                       0.23811718      0.00164433     -0.00413860     -0.00000681
VJTU     1  Mu1.0004  In1.088                       0.25000255     -0.00329784      0.00825069     -0.00002721
VJTU     1  Mu1.0005  In1.088                       0.25891543     -0.00225468      0.00490158     -0.00001105
VJTU     1  Mu1.0006  In1.088                       0.26886431     -0.00111433      0.00266080     -0.00000297
VJTU     1  Mu1.0007  In1.088                       0.28198396     -0.00122581      0.00304955     -0.00000374
VJTU     1  Mu1.0008  In1.088                       0.28948735      0.00153321     -0.00368124     -0.00000564
VJTU     1  Mu1.0009  In1.088                       0.29729369      0.00020185     -0.00021693     -0.00000004
VJTU     1  Mu1.0001  In1.089                       0.18680030      0.00074498      0.00133354      0.00000099
VJTU     1  Mu1.0002  In1.089                       0.21263069      0.00054369     -0.00237738     -0.00000129
VJTU     1  Mu1.0003  In1.089                       0.23312853      0.00008804     -0.00073981     -0.00000007
VJTU     1  Mu1.0004  In1.089                       0.24501390      0.00114857     -0.00165191     -0.00000190
VJTU     1  Mu1.0005  In1.089                       0.25392678     -0.00012644      0.00022182     -0.00000003
VJTU     1  Mu1.0006  In1.089                       0.26387566     -0.00078252      0.00194308     -0.00000152
VJTU     1  Mu1.0007  In1.089                       0.27699531     -0.00001589      0.00069350     -0.00000001
VJTU     1  Mu1.0008  In1.089                       0.28449870     -0.00048097      0.00067055     -0.00000032
VJTU     1  Mu1.0009  In1.089                       0.29230504      0.00049556     -0.00090807     -0.00000045
VJTU     1  Mu1.0001  In1.090                       0.17314075     -0.00595607      0.01529932     -0.00009112
VJTU     1  Mu1.0002  In1.090                       0.19897114      0.00250650     -0.00646648     -0.00001621
VJTU     1  Mu1.0003  In1.090                       0.21946898      0.00132530     -0.00368622     -0.00000489
VJTU     1  Mu1.0004  In1.090                       0.23135436     -0.00192476      0.00497221     -0.00000957
VJTU     1  Mu1.0005  In1.090                       0.24026724     -0.00003297      0.00003713     -0.00000000
VJTU     1  Mu1.0006  In1.090                       0.25021612     -0.00023229      0.00067225     -0.00000016
VJTU     1  Mu1.0007  In1.090                       0.26333577     -0.00081872      0.00238125     -0.00000195
VJTU     1  Mu1.0008  In1.090                       0.27083916      0.00046333     -0.00118384     -0.00000055
VJTU     1  Mu1.0009  In1.090                       0.27864549      0.00004194      0.00001830      0.00000000
VJTU     1  Mu1.0010  In1.090                       0.28754290      0.00049198     -0.00135938     -0.00000067
VJTU     1  Mu1.0011  In1.090                       0.29003187      0.00090591     -0.00239773     -0.00000217
VJTU     1  Mu1.0001  In1.091                       0.16112909     -0.00266822      0.00319646     -0.00000853
VJTU     1  Mu1.0002  In1.091                       0.18695949     -0.00031918      0.00196395     -0.00000063
VJTU     1  Mu1.0003  In1.091                       0.20745733      0.00032282      0.00007733      0.00000002
VJTU     1  Mu1.0004  In1.091                       0.21934270     -0.00143515      0.00232673     -0.00000334
VJTU     1  Mu1.0005  In1.091                       0.22825558      0.00069431     -0.00152503     -0.00000106
VJTU     1  Mu1.0006  In1.091                       0.23820446      0.00053883     -0.00157245     -0.00000085
VJTU     1  Mu1.0007  In1.091                       0.25132411     -0.00053315      0.00042975     -0.00000023
VJTU     1  Mu1.0008  In1.091                       0.25882750      0.00116830     -0.00237822     -0.00000278
VJTU     1  Mu1.0009  In1.091                       0.26663384     -0.00057119      0.00106544     -0.00000061
VJTU     1  Mu1.0010  In1.091                       0.27553124      0.00003566      0.00027128      0.00000001
VJTU     1  Mu1.0011  In1.091                       0.27802022      0.00048700     -0.00048332     -0.00000024
VJTU     1  Mu1.0012  In1.091                       0.29200805      0.00054824     -0.00089250     -0.00000049
VJTU     1  Mu1.0013  In1.091                       0.29871090     -0.00103835      0.00183988     -0.00000191
VJTU     1  Mu1.0001  In1.092                       0.13075259      0.05865578     -0.12931228     -0.00758491
VJTU     1  Mu1.0002  In1.092                       0.15658298     -0.02441568      0.05786384     -0.00141278
VJTU     1  Mu1.0003  In1.092                       0.17708082     -0.01092744      0.02591647     -0.00028320
VJTU     1  Mu1.0004  In1.092                       0.18896620      0.02210077     -0.05297729     -0.00117084
VJTU     1  Mu1.0005  In1.092                       0.19787908     -0.00042292      0.00105380     -0.00000045
VJTU     1  Mu1.0006  In1.092                       0.20782796      0.00769802     -0.01890694     -0.00014555
VJTU     1  Mu1.0007  In1.092                       0.22094761      0.00635791     -0.01584785     -0.00010076
VJTU     1  Mu1.0008  In1.092                       0.22845100     -0.00963131      0.02290712     -0.00022063
VJTU     1  Mu1.0009  In1.092                       0.23625733      0.00056372     -0.00124922     -0.00000070
VJTU     1  Mu1.0010  In1.092                       0.24515474     -0.00464069      0.01135227     -0.00005268
VJTU     1  Mu1.0011  In1.092                       0.24764371     -0.00975657      0.02346660     -0.00022895
VJTU     1  Mu1.0012  In1.092                       0.26163155     -0.00956657      0.02245590     -0.00021483
VJTU     1  Mu1.0013  In1.092                       0.26833440      0.01488236     -0.03377883     -0.00050271
VJTU     1  Mu1.0014  In1.092                       0.27315735      0.00102180     -0.00248338     -0.00000254
VJTU     1  Mu1.0015  In1.092                       0.27728895     -0.00076124      0.00156174     -0.00000119
VJTU     1  Mu1.0016  In1.092                       0.28902249      0.00331325     -0.00741939     -0.00002458
VJTU     1  Mu1.0026  In1.092                       0.37561723     -0.01940356      0.03889850     -0.00075477
VJTU     1  Mu1.0027  In1.092                       0.37701313     -0.03807553      0.07653552     -0.00291413
VJTU     1  Mu1.0001  In1.093                       0.12895450      0.02148668     -0.04785354     -0.00102821
VJTU     1  Mu1.0002  In1.093                       0.15478489     -0.00838086      0.02006063     -0.00016813
VJTU     1  Mu1.0003  In1.093                       0.17528273     -0.00371618      0.00883928     -0.00003285
VJTU     1  Mu1.0004  In1.093                       0.18716811      0.00820944     -0.02007941     -0.00016484
VJTU     1  Mu1.0005  In1.093                       0.19608099     -0.00056625     -0.00004326      0.00000002
VJTU     1  Mu1.0006  In1.093                       0.20602987      0.00254861     -0.00642272     -0.00001637
VJTU     1  Mu1.0007  In1.093                       0.21914952      0.00290766     -0.00723235     -0.00002103
VJTU     1  Mu1.0008  In1.093                       0.22665291     -0.00391723      0.00969724     -0.00003799
VJTU     1  Mu1.0009  In1.093                       0.23445925      0.00292380     -0.00610415     -0.00001785
VJTU     1  Mu1.0010  In1.093                       0.24335665     -0.00169245      0.00442679     -0.00000749
VJTU     1  Mu1.0011  In1.093                       0.24584563     -0.00422720      0.01013469     -0.00004284
VJTU     1  Mu1.0012  In1.093                       0.25983346     -0.00335722      0.00806717     -0.00002708
VJTU     1  Mu1.0013  In1.093                       0.26653631      0.00469583     -0.01104526     -0.00005187
VJTU     1  Mu1.0014  In1.093                       0.27135926     -0.00002028      0.00079463     -0.00000002
VJTU     1  Mu1.0015  In1.093                       0.27549086     -0.00049494      0.00116083     -0.00000057
VJTU     1  Mu1.0016  In1.093                       0.28722440      0.00124920     -0.00286273     -0.00000358
VJTU     1  Mu1.0001  In1.094                       0.12099611      0.04277685     -0.09060300     -0.00387571
VJTU     1  Mu1.0002  In1.094                       0.14682651     -0.01717780      0.03978397     -0.00068340
VJTU     1  Mu1.0003  In1.094                       0.16732435     -0.00812427      0.01871997     -0.00015209
VJTU     1  Mu1.0004  In1.094                       0.17920972      0.01617817     -0.03839375     -0.00062114
VJTU     1  Mu1.0005  In1.094                       0.18812260     -0.00065344      0.00161572     -0.00000106
VJTU     1  Mu1.0006  In1.094                       0.19807148      0.00594298     -0.01445751     -0.00008592
VJTU     1  Mu1.0007  In1.094                       0.21119113      0.00561921     -0.01349171     -0.00007581
VJTU     1  Mu1.0008  In1.094                       0.21869452     -0.00766468      0.01900611     -0.00014568
VJTU     1  Mu1.0009  In1.094                       0.22650086      0.00051718     -0.00091493     -0.00000047
VJTU     1  Mu1.0010  In1.094                       0.23539826     -0.00363384      0.00883229     -0.00003210
VJTU     1  Mu1.0011  In1.094                       0.23788724     -0.00759909      0.01827917     -0.00013891
VJTU     1  Mu1.0012  In1.094                       0.25187507     -0.00749048      0.01778525     -0.00013322
VJTU     1  Mu1.0013  In1.094                       0.25857792      0.00935969     -0.02191453     -0.00020511
VJTU     1  Mu1.0014  In1.094                       0.26340087      0.00008407     -0.00073804     -0.00000006
VJTU     1  Mu1.0015  In1.094                       0.26753247     -0.00027956      0.00075388     -0.00000021
VJTU     1  Mu1.0016  In1.094                       0.27926601      0.00214037     -0.00489527     -0.00001048
VJTU     1  Mu1.0017  In1.094                       0.29910841      0.00066914     -0.00155685     -0.00000104
VJTU     1  Mu1.0027  In1.094                       0.36725665     -0.02205664      0.04480960     -0.00098835
VJTU     1  Mu1.0001  In1.095                       0.11650846     -0.05739808      0.12054599     -0.00691911
VJTU     1  Mu1.0002  In1.095                       0.14233886      0.02392815     -0.05518150     -0.00132039
VJTU     1  Mu1.0003  In1.095                       0.16283669      0.01222102     -0.02864053     -0.00035002
VJTU     1  Mu1.0004  In1.095                       0.17472207     -0.02222630      0.05299564     -0.00117790
VJTU     1  Mu1.0005  In1.095                       0.18363495      0.00083232     -0.00178500     -0.00000149
VJTU     1  Mu1.0006  In1.095                       0.19358383     -0.00911276      0.02164570     -0.00019725
VJTU     1  Mu1.0007  In1.095                       0.20670348     -0.00818045      0.01954608     -0.00015990
VJTU     1  Mu1.0008  In1.095                       0.21420687      0.00842818     -0.02081138     -0.00017540
VJTU     1  Mu1.0009  In1.095                       0.22201321     -0.00116338      0.00245737     -0.00000286
VJTU     1  Mu1.0010  In1.095                       0.23091061      0.00496205     -0.01213787     -0.00006023
VJTU     1  Mu1.0011  In1.095                       0.23339959      0.01017713     -0.02462535     -0.00025062
VJTU     1  Mu1.0012  In1.095                       0.24738742      0.00978614     -0.02321346     -0.00022717
VJTU     1  Mu1.0013  In1.095                       0.25409027     -0.01143765      0.02785467     -0.00031859
VJTU     1  Mu1.0014  In1.095                       0.25891322     -0.00056905      0.00159284     -0.00000091
VJTU     1  Mu1.0015  In1.095                       0.26304482      0.00181616     -0.00411454     -0.00000747
VJTU     1  Mu1.0016  In1.095                       0.27477836     -0.00280139      0.00657495     -0.00001842
VJTU     1  Mu1.0017  In1.095                       0.29462076     -0.00068774      0.00155675     -0.00000107
VJTU     1  Mu1.0018  In1.095                       0.29998210     -0.00076182      0.00134759     -0.00000103
VJTU     1  Mu1.0026  In1.095                       0.36137310      0.02026010     -0.04122700     -0.00083526
VJTU     1  Mu1.0027  In1.095                       0.36276900      0.03837556     -0.07818638     -0.00300045
VJTU     1  Mu1.0001  In1.096                       0.10985165      0.02570297     -0.05207062     -0.00133837
VJTU     1  Mu1.0002  In1.096                       0.13568204     -0.01139518      0.02588373     -0.00029495
VJTU     1  Mu1.0003  In1.096                       0.15617988     -0.00506937      0.01148209     -0.00005821
VJTU     1  Mu1.0004  In1.096                       0.16806525      0.01025190     -0.02416790     -0.00024777
VJTU     1  Mu1.0005  In1.096                       0.17697813      0.00171489     -0.00343674     -0.00000589
VJTU     1  Mu1.0006  In1.096                       0.18692701      0.00478737     -0.01157184     -0.00005540
VJTU     1  Mu1.0007  In1.096                       0.20004666      0.00253144     -0.00589158     -0.00001491
VJTU     1  Mu1.0008  In1.096                       0.20755005     -0.00422819      0.01041482     -0.00004404
VJTU     1  Mu1.0009  In1.096                       0.21535639     -0.00155545      0.00250582     -0.00000390
VJTU     1  Mu1.0010  In1.096                       0.22425379     -0.00225023      0.00528304     -0.00001189
VJTU     1  Mu1.0011  In1.096                       0.22674277     -0.00413008      0.01024887     -0.00004233
VJTU     1  Mu1.0012  In1.096                       0.24073061     -0.00464726      0.01118606     -0.00005198
VJTU     1  Mu1.0013  In1.096                       0.24743345      0.00556268     -0.01340765     -0.00007458
VJTU     1  Mu1.0014  In1.096                       0.25225640      0.00245531     -0.00469901     -0.00001154
VJTU     1  Mu1.0015  In1.096                       0.25638801     -0.00000043     -0.00006939      0.00000000
VJTU     1  Mu1.0016  In1.096                       0.26812154      0.00090497     -0.00213729     -0.00000193
VJTU     1  Mu1.0017  In1.096                       0.28796394      0.00026440     -0.00063290     -0.00000017
VJTU     1  Mu1.0018  In1.096                       0.29332529     -0.00280159      0.00490060     -0.00001373
VJTU     1  Mu1.0019  In1.096                       0.29947112      0.00207972     -0.00463220     -0.00000963
VJTU     1  Mu1.0026  In1.096                       0.35471629     -0.01606069      0.03398273     -0.00054579
VJTU     1  Mu1.0027  In1.096                       0.35611219     -0.02960406      0.06254661     -0.00185163
VJTU     1  Mu1.0001  In1.097                       0.10215559      0.00986181     -0.02024276     -0.00019963
VJTU     1  Mu1.0002  In1.097                       0.12798598     -0.00361370      0.00843456     -0.00003048
VJTU     1  Mu1.0003  In1.097                       0.14848382     -0.00180188      0.00427479     -0.00000770
VJTU     1  Mu1.0004  In1.097                       0.16036919      0.00388315     -0.00962486     -0.00003737
VJTU     1  Mu1.0005  In1.097                       0.16928207      0.00075900     -0.00201011     -0.00000153
VJTU     1  Mu1.0006  In1.097                       0.17923095      0.00120256     -0.00304345     -0.00000366
VJTU     1  Mu1.0007  In1.097                       0.19235061      0.00161672     -0.00407769     -0.00000659
VJTU     1  Mu1.0008  In1.097                       0.19985400     -0.00174630      0.00443475     -0.00000774
VJTU     1  Mu1.0009  In1.097                       0.20766033     -0.00132021      0.00250993     -0.00000331
VJTU     1  Mu1.0010  In1.097                       0.21655773     -0.00125872      0.00306748     -0.00000386
VJTU     1  Mu1.0011  In1.097                       0.21904671     -0.00163758      0.00430477     -0.00000705
VJTU     1  Mu1.0012  In1.097                       0.23303455     -0.00142535      0.00363827     -0.00000519
VJTU     1  Mu1.0013  In1.097                       0.23973739      0.00183149     -0.00469070     -0.00000859
VJTU     1  Mu1.0014  In1.097                       0.24456034      0.00196054     -0.00423747     -0.00000831
VJTU     1  Mu1.0015  In1.097                       0.24869195     -0.00040828      0.00094046     -0.00000038
VJTU     1  Mu1.0016  In1.097                       0.26042548      0.00056610     -0.00145217     -0.00000082
VJTU     1  Mu1.0017  In1.097                       0.28026788      0.00005609     -0.00007250     -0.00000000
VJTU     1  Mu1.0018  In1.097                       0.28562923     -0.00140172      0.00222866     -0.00000312
VJTU     1  Mu1.0019  In1.097                       0.29177506      0.00063821     -0.00154369     -0.00000099
VJTU     1  Mu1.0020  In1.097                       0.29560938      0.00090733     -0.00210837     -0.00000191
VJTU     1  Mu1.0001  In1.098                       0.08085563     -0.02412667      0.03893443     -0.00093936
VJTU     1  Mu1.0002  In1.098                       0.10668602      0.00996680     -0.01955309     -0.00019488
VJTU     1  Mu1.0003  In1.098                       0.12718386      0.00487902     -0.01028117     -0.00005016
VJTU     1  Mu1.0004  In1.098                       0.13906923     -0.00859896      0.01871892     -0.00016096
VJTU     1  Mu1.0005  In1.098                       0.14798211      0.00043319     -0.00093653     -0.00000041
VJTU     1  Mu1.0006  In1.098                       0.15793099     -0.00294469      0.00700608     -0.00002063
VJTU     1  Mu1.0007  In1.098                       0.17105064     -0.00264443      0.00632608     -0.00001673
VJTU     1  Mu1.0008  In1.098                       0.17855403      0.00452008     -0.01085549     -0.00004907
VJTU     1  Mu1.0009  In1.098                       0.18636037     -0.00041480      0.00097954     -0.00000041
VJTU     1  Mu1.0010  In1.098                       0.19525777      0.00192074     -0.00469547     -0.00000902
VJTU     1  Mu1.0011  In1.098                       0.19774675      0.00425746     -0.01025218     -0.00004365
VJTU     1  Mu1.0012  In1.098                       0.21173458      0.00466539     -0.01115036     -0.00005202
VJTU     1  Mu1.0013  In1.098                       0.21843743     -0.00590852      0.01380764     -0.00008158
VJTU     1  Mu1.0014  In1.098                       0.22326038     -0.00056400      0.00128434     -0.00000072
VJTU     1  Mu1.0015  In1.098                       0.22739198     -0.00053219      0.00156742     -0.00000083
VJTU     1  Mu1.0016  In1.098                       0.23912552     -0.00120621      0.00266073     -0.00000321
VJTU     1  Mu1.0017  In1.098                       0.25896792     -0.00033166      0.00077292     -0.00000026
VJTU     1  Mu1.0018  In1.098                       0.26432926     -0.00004361      0.00008959     -0.00000000
VJTU     1  Mu1.0019  In1.098                       0.27047510     -0.00190111      0.00419732     -0.00000798
VJTU     1  Mu1.0020  In1.098                       0.27430942     -0.00326591      0.00749966     -0.00002449
VJTU     1  Mu1.0021  In1.098                       0.27960792     -0.00005706      0.00015473     -0.00000001
VJTU     1  Mu1.0022  In1.098                       0.28371338     -0.00111594      0.00255550     -0.00000285
VJTU     1  Mu1.0023  In1.098                       0.29972221     -0.00017379      0.00038681     -0.00000007
VJTU     1  Mu1.0027  In1.098                       0.32711616      0.01358873     -0.02902437     -0.00039440
VJTU     1  Mu1.0001  In1.099                       0.05758212     -0.00148944      0.00194888     -0.00000290
VJTU     1  Mu1.0002  In1.099                       0.08341251      0.00093157     -0.00165872     -0.00000155
VJTU     1  Mu1.0003  In1.099                       0.10391035      0.00041945     -0.00081282     -0.00000034
VJTU     1  Mu1.0004  In1.099                       0.11579572     -0.00066006      0.00137939     -0.00000091
VJTU     1  Mu1.0005  In1.099                       0.12470860     -0.00017671     -0.00037519      0.00000007
VJTU     1  Mu1.0006  In1.099                       0.13465749     -0.00045371      0.00096066     -0.00000044
VJTU     1  Mu1.0007  In1.099                       0.14777714      0.00004623     -0.00010048     -0.00000000
VJTU     1  Mu1.0008  In1.099                       0.15528053      0.00019684     -0.00047587     -0.00000009
VJTU     1  Mu1.0009  In1.099                       0.16308686      0.00053734     -0.00060410     -0.00000032
VJTU     1  Mu1.0010  In1.099                       0.17198426      0.00015984     -0.00030187     -0.00000005
VJTU     1  Mu1.0011  In1.099                       0.17447324     -0.00000472     -0.00009747      0.00000000
VJTU     1  Mu1.0012  In1.099                       0.18846108      0.00034155     -0.00082482     -0.00000028
VJTU     1  Mu1.0013  In1.099                       0.19516392     -0.00031170      0.00077496     -0.00000024
VJTU     1  Mu1.0014  In1.099                       0.19998688     -0.00136824      0.00347719     -0.00000476
VJTU     1  Mu1.0015  In1.099                       0.20411848     -0.00023438      0.00055776     -0.00000013
VJTU     1  Mu1.0016  In1.099                       0.21585201     -0.00001423      0.00005877     -0.00000000
VJTU     1  Mu1.0017  In1.099                       0.23569441     -0.00019447      0.00062746     -0.00000012
VJTU     1  Mu1.0018  In1.099                       0.24105576      0.00103513     -0.00209301     -0.00000217
VJTU     1  Mu1.0019  In1.099                       0.24720159     -0.00035954      0.00084302     -0.00000030
VJTU     1  Mu1.0020  In1.099                       0.25103591     -0.00022111      0.00050103     -0.00000011
VJTU     1  Mu1.0021  In1.099                       0.25633441      0.00018016     -0.00043846     -0.00000008
VJTU     1  Mu1.0022  In1.099                       0.26043988     -0.00014425      0.00035216     -0.00000005
VJTU     1  Mu1.0023  In1.099                       0.27644870      0.00023421     -0.00065912     -0.00000015
VJTU     1  Mu1.0024  In1.099                       0.28007511      0.00002187     -0.00001730     -0.00000000
VJTU     1  Mu1.0025  In1.099                       0.29504228     -0.00006335     -0.00002985      0.00000000
VJTU     1  Mu1.0001  In1.100                       0.04845549      0.01248548     -0.01324290     -0.00016534
VJTU     1  Mu1.0002  In1.100                       0.07428588     -0.00458977      0.00717604     -0.00003294
VJTU     1  Mu1.0003  In1.100                       0.09478372     -0.00244356      0.00440839     -0.00001077
VJTU     1  Mu1.0004  In1.100                       0.10666909      0.00507435     -0.00988680     -0.00005017
VJTU     1  Mu1.0005  In1.100                       0.11558197      0.00210241     -0.00360429     -0.00000758
VJTU     1  Mu1.0006  In1.100                       0.12553085      0.00147177     -0.00306047     -0.00000450
VJTU     1  Mu1.0007  In1.100                       0.13865051      0.00176748     -0.00395288     -0.00000699
VJTU     1  Mu1.0008  In1.100                       0.14615390     -0.00263926      0.00604986     -0.00001597
VJTU     1  Mu1.0009  In1.100                       0.15396023      0.00016458     -0.00048129     -0.00000008
VJTU     1  Mu1.0010  In1.100                       0.16285763     -0.00109449      0.00254946     -0.00000279
VJTU     1  Mu1.0011  In1.100                       0.16534661     -0.00211374      0.00497838     -0.00001052
VJTU     1  Mu1.0012  In1.100                       0.17933445     -0.00206586      0.00483771     -0.00000999
VJTU     1  Mu1.0013  In1.100                       0.18603729      0.00283701     -0.00666535     -0.00001891
VJTU     1  Mu1.0014  In1.100                       0.19086024     -0.00098124      0.00217858     -0.00000214
VJTU     1  Mu1.0015  In1.100                       0.19499185     -0.00010295      0.00026291     -0.00000003
VJTU     1  Mu1.0016  In1.100                       0.20672538      0.00080465     -0.00188849     -0.00000152
VJTU     1  Mu1.0017  In1.100                       0.22656778      0.00013302     -0.00013056     -0.00000002
VJTU     1  Mu1.0018  In1.100                       0.23192913      0.00093826     -0.00190247     -0.00000179
VJTU     1  Mu1.0019  In1.100                       0.23807496      0.00065784     -0.00148235     -0.00000098
VJTU     1  Mu1.0020  In1.100                       0.24190928      0.00127158     -0.00302755     -0.00000385
VJTU     1  Mu1.0021  In1.100                       0.24720778      0.00014284     -0.00028919     -0.00000004
VJTU     1  Mu1.0022  In1.100                       0.25131324      0.00051040     -0.00123608     -0.00000063
VJTU     1  Mu1.0023  In1.100                       0.26732207      0.00035299     -0.00095101     -0.00000034
VJTU     1  Mu1.0024  In1.100                       0.27094847      0.00005275     -0.00011934     -0.00000001
VJTU     1  Mu1.0025  In1.100                       0.28591565      0.00094920     -0.00206769     -0.00000196
VJTU     1  Mu1.0026  In1.100                       0.29332013     -0.00128071      0.00299715     -0.00000384
VJTU     1  Mu1.0027  In1.100                       0.29471603     -0.00301755      0.00708652     -0.00002138
VJTU     1  Mu1.0263  In1.100                       0.74226506      0.01999838     -0.02702210     -0.00054040
ATVX     1  Mu1.0001  Se1.113                      -0.11475329     -0.00029012     -0.00056698      0.00000016
ATVX     1  Mu1.0002  Se1.113                      -0.09795399      0.00038537      0.00072974      0.00000028
ATVX     1  Mu1.0003  Se1.113                      -0.05716263      0.00002946      0.00005629      0.00000000
ATVX     1  Mu1.0004  Se1.113                       0.06965369     -0.00039126      0.00071252     -0.00000028
ATVX     1  Mu1.0005  Se1.113                       0.07862044      0.00003085     -0.00006341     -0.00000000
ATVX     1  Mu1.0006  Se1.113                       0.10314138     -0.00071550      0.00161011     -0.00000115
ATVX     1  Mu1.0007  Se1.113                       0.10807595     -0.00021942      0.00074827     -0.00000016
ATVX     1  Mu1.0008  Se1.113                       0.11539239      0.00030673     -0.00117626     -0.00000036
ATVX     1  Mu1.0009  Se1.113                       0.11992403     -0.00202357      0.00464361     -0.00000940
ATVX     1  Mu1.0010  Se1.113                       0.13483578      0.00067224     -0.00174331     -0.00000117
ATVX     1  Mu1.0011  Se1.113                       0.16677947      0.00080351     -0.00210542     -0.00000169
ATVX     1  Mu1.0012  Se1.113                       0.17866540     -0.00067551      0.00191306     -0.00000129
ATVX     1  Mu1.0013  Se1.113                       0.20113168      0.00167177     -0.00412225     -0.00000689
ATVX     1  Mu1.0014  Se1.113                       0.20186208      0.00073701     -0.00196107     -0.00000145
ATVX     1  Mu1.0015  Se1.113                       0.20338949      0.00176681     -0.00446806     -0.00000789
ATVX     1  Mu1.0016  Se1.113                       0.20483133     -0.00113366      0.00293665     -0.00000333
ATVX     1  Mu1.0017  Se1.113                       0.21049354     -0.00011956      0.00027151     -0.00000003
ATVX     1  Mu1.0018  Se1.113                       0.21476280      0.00087786     -0.00267974     -0.00000235
ATVX     1  Mu1.0019  Se1.113                       0.22255728     -0.00053579      0.00142668     -0.00000076
ATVX     1  Mu1.0020  Se1.113                       0.22400131     -0.00021490      0.00056021     -0.00000012
ATVX     1  Mu1.0021  Se1.113                       0.23529189      0.00135889     -0.00339301     -0.00000461
ATVX     1  Mu1.0022  Se1.113                       0.23750136      0.00071526     -0.00192239     -0.00000138
ATVX     1  Mu1.0023  Se1.113                       0.25171087      0.00125440     -0.00298928     -0.00000375
ATVX     1  Mu1.0024  Se1.113                       0.25222378      0.00030243     -0.00083566     -0.00000025
ATVX     1  Mu1.0025  Se1.113                       0.25440775     -0.00038108      0.00102172     -0.00000039
ATVX     1  Mu1.0026  Se1.113                       0.26557000      0.00056078     -0.00126359     -0.00000071
ATVX     1  Mu1.0027  Se1.113                       0.26820660     -0.00095098      0.00235425     -0.00000224
ATVX     1  Mu1.0028  Se1.113                       0.27269433     -0.00116832      0.00279874     -0.00000327
ATVX     1  Mu1.0029  Se1.113                       0.27793561     -0.00083960      0.00177957     -0.00000149
ATVX     1  Mu1.0030  Se1.113                       0.27878844     -0.00068472      0.00143134     -0.00000098
ATVX     1  Mu1.0031  Se1.113                       0.28419601      0.00036985     -0.00068235     -0.00000025
ATVX     1  Mu1.0032  Se1.113                       0.28489666      0.00009244     -0.00014295     -0.00000001
ATVX     1  Mu1.0033  Se1.113                       0.28643915      0.00033698     -0.00069287     -0.00000023
ATVX     1  Mu1.0034  Se1.113                       0.28885996      0.00195137     -0.00572887     -0.00001118
ATVX     1  Mu1.0035  Se1.113                       0.29203108     -0.00035516      0.00060234     -0.00000021
ATVX     1  Mu1.0036  Se1.113                       0.29293969     -0.00039873      0.00098997     -0.00000039
ATVX     1  Mu1.0037  Se1.113                       0.29335413      0.00001190     -0.00005218     -0.00000000
ATVX     1  Mu1.0001  Se1.114                      -0.08270514     -0.00005476     -0.00008939      0.00000000
ATVX     1  Mu1.0002  Se1.114                      -0.06590584      0.00001320      0.00001950      0.00000000
ATVX     1  Mu1.0003  Se1.114                      -0.02511448      0.00001845      0.00001301      0.00000000
ATVX     1  Mu1.0004  Se1.114                       0.10170185     -0.00022565      0.00048973     -0.00000011
ATVX     1  Mu1.0005  Se1.114                       0.11066859     -0.00002479      0.00004489     -0.00000000
ATVX     1  Mu1.0006  Se1.114                       0.13518953      0.00008998     -0.00023785     -0.00000002
ATVX     1  Mu1.0007  Se1.114                       0.14012410     -0.00011106      0.00025835     -0.00000003
ATVX     1  Mu1.0008  Se1.114                       0.14744054      0.00004291     -0.00014642     -0.00000001
ATVX     1  Mu1.0009  Se1.114                       0.15197218      0.00006690     -0.00016760     -0.00000001
ATVX     1  Mu1.0010  Se1.114                       0.16688393      0.00023534     -0.00048589     -0.00000011
ATVX     1  Mu1.0011  Se1.114                       0.19882762     -0.00000127      0.00002870     -0.00000000
ATVX     1  Mu1.0012  Se1.114                       0.21071355     -0.00009539      0.00021726     -0.00000002
ATVX     1  Mu1.0013  Se1.114                       0.23317983      0.00013235     -0.00030718     -0.00000004
ATVX     1  Mu1.0014  Se1.114                       0.23391023     -0.00004357      0.00010060     -0.00000000
ATVX     1  Mu1.0015  Se1.114                       0.23543764     -0.00009691      0.00026171     -0.00000003
ATVX     1  Mu1.0016  Se1.114                       0.23687948      0.00002476     -0.00005658     -0.00000000
ATVX     1  Mu1.0017  Se1.114                       0.24254169     -0.00080730      0.00190346     -0.00000154
ATVX     1  Mu1.0018  Se1.114                       0.24681096     -0.00012642      0.00021159     -0.00000003
ATVX     1  Mu1.0019  Se1.114                       0.25460544      0.00082492     -0.00203164     -0.00000168
ATVX     1  Mu1.0020  Se1.114                       0.25604946     -0.00050359      0.00127524     -0.00000064
ATVX     1  Mu1.0021  Se1.114                       0.26734005     -0.00049906      0.00114992     -0.00000057
ATVX     1  Mu1.0022  Se1.114                       0.26954951      0.00112004     -0.00272890     -0.00000306
ATVX     1  Mu1.0023  Se1.114                       0.28375902     -0.00012325      0.00028683     -0.00000004
ATVX     1  Mu1.0024  Se1.114                       0.28427194      0.00025815     -0.00039475     -0.00000010
ATVX     1  Mu1.0025  Se1.114                       0.28645590     -0.00010781      0.00021278     -0.00000002
ATVX     1  Mu1.0026  Se1.114                       0.29761815     -0.00030522      0.00056292     -0.00000017
ATVX     1  Mu1.0001  Se1.115                      -0.08013704     -0.00056722     -0.00101239      0.00000057
ATVX     1  Mu1.0002  Se1.115                      -0.06333774      0.00028606      0.00035420      0.00000010
ATVX     1  Mu1.0003  Se1.115                      -0.02254638      0.00005279      0.00004702      0.00000000
ATVX     1  Mu1.0004  Se1.115                       0.10426995     -0.00022646      0.00034603     -0.00000008
ATVX     1  Mu1.0005  Se1.115                       0.11323669      0.00003879     -0.00007418     -0.00000000
ATVX     1  Mu1.0006  Se1.115                       0.13775764     -0.00042753      0.00069708     -0.00000030
ATVX     1  Mu1.0007  Se1.115                       0.14269220     -0.00031598      0.00051972     -0.00000016
ATVX     1  Mu1.0008  Se1.115                       0.15000864      0.00032592     -0.00055957     -0.00000018
ATVX     1  Mu1.0009  Se1.115                       0.15454028     -0.00047177      0.00106899     -0.00000050
ATVX     1  Mu1.0010  Se1.115                       0.16945203      0.00216431     -0.00570057     -0.00001234
ATVX     1  Mu1.0011  Se1.115                       0.20139572      0.00021043     -0.00035972     -0.00000008
ATVX     1  Mu1.0012  Se1.115                       0.21328165     -0.00046722      0.00135740     -0.00000063
ATVX     1  Mu1.0013  Se1.115                       0.23574793      0.00077086     -0.00184328     -0.00000142
ATVX     1  Mu1.0014  Se1.115                       0.23647833     -0.00065694      0.00164144     -0.00000108
ATVX     1  Mu1.0015  Se1.115                       0.23800574     -0.00052959      0.00138209     -0.00000073
ATVX     1  Mu1.0016  Se1.115                       0.23944758     -0.00014254      0.00038891     -0.00000006
ATVX     1  Mu1.0017  Se1.115                       0.24510980     -0.00008224      0.00018836     -0.00000002
ATVX     1  Mu1.0018  Se1.115                       0.24937906     -0.00019613      0.00046843     -0.00000009
ATVX     1  Mu1.0019  Se1.115                       0.25717354     -0.00079047      0.00189049     -0.00000149
ATVX     1  Mu1.0020  Se1.115                       0.25861756     -0.00114051      0.00275141     -0.00000314
ATVX     1  Mu1.0021  Se1.115                       0.26990815     -0.00044525      0.00109800     -0.00000049
ATVX     1  Mu1.0022  Se1.115                       0.27211761     -0.00026644      0.00067510     -0.00000018
ATVX     1  Mu1.0023  Se1.115                       0.28632712      0.00066790     -0.00155712     -0.00000104
ATVX     1  Mu1.0024  Se1.115                       0.28684004      0.00022465     -0.00057079     -0.00000013
ATVX     1  Mu1.0025  Se1.115                       0.28902400      0.00021541     -0.00044252     -0.00000010
ATVX     1  Mu1.0001  Se1.116                      -0.07493010      0.00021656      0.00027800      0.00000006
ATVX     1  Mu1.0002  Se1.116                      -0.05813080      0.00003634      0.00013294      0.00000000
ATVX     1  Mu1.0003  Se1.116                      -0.01733944      0.00032485      0.00013618      0.00000004
ATVX     1  Mu1.0004  Se1.116                       0.10947689      0.00107579     -0.00219100     -0.00000236
ATVX     1  Mu1.0005  Se1.116                       0.11844363      0.00013675     -0.00030356     -0.00000004
ATVX     1  Mu1.0006  Se1.116                       0.14296458      0.00207117     -0.00479843     -0.00000994
ATVX     1  Mu1.0007  Se1.116                       0.14789914      0.00050557     -0.00094191     -0.00000048
ATVX     1  Mu1.0008  Se1.116                       0.15521558      0.00145584     -0.00360314     -0.00000525
ATVX     1  Mu1.0009  Se1.116                       0.15974722      0.00026598     -0.00045959     -0.00000012
ATVX     1  Mu1.0010  Se1.116                       0.17465897      0.00147853     -0.00360563     -0.00000533
ATVX     1  Mu1.0011  Se1.116                       0.20660266      0.00109717     -0.00305842     -0.00000336
ATVX     1  Mu1.0012  Se1.116                       0.21848859     -0.00013076      0.00041130     -0.00000005
ATVX     1  Mu1.0013  Se1.116                       0.24095487     -0.00033068      0.00073318     -0.00000024
ATVX     1  Mu1.0014  Se1.116                       0.24168527      0.00018636     -0.00040428     -0.00000008
ATVX     1  Mu1.0015  Se1.116                       0.24321268      0.00003075     -0.00011688     -0.00000000
ATVX     1  Mu1.0016  Se1.116                       0.24465452     -0.00013224      0.00022520     -0.00000003
ATVX     1  Mu1.0017  Se1.116                       0.25031674     -0.00007224      0.00020934     -0.00000002
ATVX     1  Mu1.0018  Se1.116                       0.25458600     -0.00029308      0.00092592     -0.00000027
ATVX     1  Mu1.0019  Se1.116                       0.26238048     -0.00012143      0.00026495     -0.00000003
ATVX     1  Mu1.0020  Se1.116                       0.26382450     -0.00046869      0.00114096     -0.00000053
ATVX     1  Mu1.0021  Se1.116                       0.27511509     -0.00021098      0.00052292     -0.00000011
ATVX     1  Mu1.0022  Se1.116                       0.27732455     -0.00010626      0.00021441     -0.00000002
ATVX     1  Mu1.0023  Se1.116                       0.29153406      0.00048876     -0.00113893     -0.00000056
ATVX     1  Mu1.0024  Se1.116                       0.29204698      0.00001941     -0.00007576     -0.00000000
ATVX     1  Mu1.0025  Se1.116                       0.29423094      0.00029440     -0.00082063     -0.00000024
ATVX     1  Mu1.0001  Se1.117                      -0.07005235     -0.00001399     -0.00002382      0.00000000
ATVX     1  Mu1.0002  Se1.117                      -0.05325305      0.00000523      0.00000345      0.00000000
ATVX     1  Mu1.0003  Se1.117                      -0.01246169     -0.00000530     -0.00000158      0.00000000
ATVX     1  Mu1.0004  Se1.117                       0.11435464     -0.00004946      0.00010831     -0.00000001
ATVX     1  Mu1.0005  Se1.117                       0.12332138     -0.00000281      0.00000716     -0.00000000
ATVX     1  Mu1.0006  Se1.117                       0.14784232     -0.00000808      0.00000916     -0.00000000
ATVX     1  Mu1.0007  Se1.117                       0.15277689     -0.00000201     -0.00000300      0.00000000
ATVX     1  Mu1.0008  Se1.117                       0.16009333     -0.00003109      0.00008953     -0.00000000
ATVX     1  Mu1.0009  Se1.117                       0.16462497     -0.00002071      0.00004950     -0.00000000
ATVX     1  Mu1.0010  Se1.117                       0.17953672      0.00002576     -0.00008956     -0.00000000
ATVX     1  Mu1.0011  Se1.117                       0.21148041     -0.00000858      0.00002826     -0.00000000
ATVX     1  Mu1.0012  Se1.117                       0.22336634      0.00000877     -0.00001878     -0.00000000
ATVX     1  Mu1.0013  Se1.117                       0.24583262     -0.00003053      0.00008030     -0.00000000
ATVX     1  Mu1.0014  Se1.117                       0.24656302     -0.00009854      0.00025403     -0.00000003
ATVX     1  Mu1.0015  Se1.117                       0.24809043      0.00008384     -0.00020162     -0.00000002
ATVX     1  Mu1.0016  Se1.117                       0.24953227      0.00000403     -0.00001616     -0.00000000
ATVX     1  Mu1.0017  Se1.117                       0.25519448      0.00032064     -0.00077466     -0.00000025
ATVX     1  Mu1.0018  Se1.117                       0.25946374      0.00001499     -0.00003842     -0.00000000
ATVX     1  Mu1.0019  Se1.117                       0.26725823      0.00003633     -0.00009767     -0.00000000
ATVX     1  Mu1.0020  Se1.117                       0.26870225     -0.00009752      0.00024501     -0.00000002
ATVX     1  Mu1.0021  Se1.117                       0.27999284     -0.00002317      0.00007335     -0.00000000
ATVX     1  Mu1.0022  Se1.117                       0.28220230     -0.00002688      0.00003175     -0.00000000
ATVX     1  Mu1.0023  Se1.117                       0.29641181      0.00001897     -0.00004405     -0.00000000
ATVX     1  Mu1.0024  Se1.117                       0.29692473     -0.00000659      0.00000662     -0.00000000
ATVX     1  Mu1.0025  Se1.117                       0.29910869     -0.00001632      0.00003818     -0.00000000
ATVX     1  Mu1.0001  Se1.118                      -0.06147811     -0.00005782     -0.00008103      0.00000000
ATVX     1  Mu1.0002  Se1.118                      -0.04467881      0.00001004      0.00000606      0.00000000
ATVX     1  Mu1.0003  Se1.118                      -0.00388745     -0.00000315     -0.00000020      0.00000000
ATVX     1  Mu1.0004  Se1.118                       0.12292888     -0.00009900      0.00021524     -0.00000002
ATVX     1  Mu1.0005  Se1.118                       0.13189562     -0.00000944      0.00002153     -0.00000000
ATVX     1  Mu1.0006  Se1.118                       0.15641656     -0.00006756      0.00013245     -0.00000001
ATVX     1  Mu1.0007  Se1.118                       0.16135113     -0.00005064      0.00009977     -0.00000001
ATVX     1  Mu1.0008  Se1.118                       0.16866757     -0.00002834      0.00008942     -0.00000000
ATVX     1  Mu1.0009  Se1.118                       0.17319921     -0.00002423      0.00004566     -0.00000000
ATVX     1  Mu1.0010  Se1.118                       0.18811096      0.00011757     -0.00035070     -0.00000004
ATVX     1  Mu1.0011  Se1.118                       0.22005465     -0.00003235      0.00010463     -0.00000000
ATVX     1  Mu1.0012  Se1.118                       0.23194058     -0.00004082      0.00010877     -0.00000000
ATVX     1  Mu1.0013  Se1.118                       0.25440686      0.00009348     -0.00021280     -0.00000002
ATVX     1  Mu1.0014  Se1.118                       0.25513726     -0.00004115      0.00010028     -0.00000000
ATVX     1  Mu1.0015  Se1.118                       0.25666467     -0.00011945      0.00030606     -0.00000004
ATVX     1  Mu1.0016  Se1.118                       0.25810651     -0.00004975      0.00012457     -0.00000001
ATVX     1  Mu1.0017  Se1.118                       0.26376873     -0.00044926      0.00105116     -0.00000047
ATVX     1  Mu1.0018  Se1.118                       0.26803799      0.00003949     -0.00011168     -0.00000000
ATVX     1  Mu1.0019  Se1.118                       0.27583247      0.00010784     -0.00027574     -0.00000003
ATVX     1  Mu1.0020  Se1.118                       0.27727649     -0.00013710      0.00034703     -0.00000005
ATVX     1  Mu1.0021  Se1.118                       0.28856708     -0.00002485      0.00009366     -0.00000000
ATVX     1  Mu1.0022  Se1.118                       0.29077654     -0.00000554     -0.00007474      0.00000000
ATVX     1  Mu1.0001  Se1.119                      -0.06135900     -0.00046733     -0.00067476      0.00000032
ATVX     1  Mu1.0002  Se1.119                      -0.04455971      0.00012297      0.00009069      0.00000001
ATVX     1  Mu1.0003  Se1.119                      -0.00376834     -0.00003277     -0.00000289      0.00000000
ATVX     1  Mu1.0004  Se1.119                       0.12304798     -0.00038686      0.00078348     -0.00000030
ATVX     1  Mu1.0005  Se1.119                       0.13201472     -0.00002769      0.00007130     -0.00000000
ATVX     1  Mu1.0006  Se1.119                       0.15653567     -0.00054553      0.00116583     -0.00000064
ATVX     1  Mu1.0007  Se1.119                       0.16147024     -0.00022524      0.00034372     -0.00000008
ATVX     1  Mu1.0008  Se1.119                       0.16878667     -0.00036088      0.00117653     -0.00000042
ATVX     1  Mu1.0009  Se1.119                       0.17331832     -0.00028185      0.00061612     -0.00000017
ATVX     1  Mu1.0010  Se1.119                       0.18823006      0.00122403     -0.00364475     -0.00000446
ATVX     1  Mu1.0011  Se1.119                       0.22017375     -0.00013282      0.00051598     -0.00000007
ATVX     1  Mu1.0012  Se1.119                       0.23205969     -0.00021366      0.00066791     -0.00000014
ATVX     1  Mu1.0013  Se1.119                       0.25452596      0.00068772     -0.00160798     -0.00000111
ATVX     1  Mu1.0014  Se1.119                       0.25525636     -0.00055865      0.00139066     -0.00000078
ATVX     1  Mu1.0015  Se1.119                       0.25678378     -0.00046054      0.00123045     -0.00000057
ATVX     1  Mu1.0016  Se1.119                       0.25822561     -0.00015635      0.00043808     -0.00000007
ATVX     1  Mu1.0017  Se1.119                       0.26388783      0.00002331     -0.00007140     -0.00000000
ATVX     1  Mu1.0018  Se1.119                       0.26815709     -0.00002354      0.00003200     -0.00000000
ATVX     1  Mu1.0019  Se1.119                       0.27595157     -0.00062834      0.00150997     -0.00000095
ATVX     1  Mu1.0020  Se1.119                       0.27739560     -0.00075091      0.00182465     -0.00000137
ATVX     1  Mu1.0021  Se1.119                       0.28868618     -0.00042959      0.00103664     -0.00000045
ATVX     1  Mu1.0022  Se1.119                       0.29089564     -0.00020459      0.00051287     -0.00000010
ATVX     1  Mu1.0001  Se1.120                      -0.05531019     -0.00001472     -0.00002233      0.00000000
ATVX     1  Mu1.0002  Se1.120                      -0.03851089      0.00000595      0.00000304      0.00000000
ATVX     1  Mu1.0003  Se1.120                       0.00228047     -0.00000434      0.00000024     -0.00000000
ATVX     1  Mu1.0004  Se1.120                       0.12909679     -0.00010425      0.00024940     -0.00000003
ATVX     1  Mu1.0005  Se1.120                       0.13806354     -0.00000703      0.00001710     -0.00000000
ATVX     1  Mu1.0006  Se1.120                       0.16258448      0.00003187     -0.00009333     -0.00000000
ATVX     1  Mu1.0007  Se1.120                       0.16751905     -0.00000025     -0.00000518      0.00000000
ATVX     1  Mu1.0008  Se1.120                       0.17483549     -0.00002196      0.00007481     -0.00000000
ATVX     1  Mu1.0009  Se1.120                       0.17936713     -0.00003383      0.00008990     -0.00000000
ATVX     1  Mu1.0010  Se1.120                       0.19427887      0.00004977     -0.00016404     -0.00000001
ATVX     1  Mu1.0011  Se1.120                       0.22622257      0.00000497     -0.00000643     -0.00000000
ATVX     1  Mu1.0012  Se1.120                       0.23810850      0.00000850     -0.00002057     -0.00000000
ATVX     1  Mu1.0013  Se1.120                       0.26057478     -0.00008187      0.00021323     -0.00000002
ATVX     1  Mu1.0014  Se1.120                       0.26130517     -0.00017469      0.00044596     -0.00000008
ATVX     1  Mu1.0015  Se1.120                       0.26283259      0.00014370     -0.00033769     -0.00000005
ATVX     1  Mu1.0016  Se1.120                       0.26427443     -0.00002025      0.00002868     -0.00000000
ATVX     1  Mu1.0017  Se1.120                       0.26993664      0.00044538     -0.00105698     -0.00000047
ATVX     1  Mu1.0018  Se1.120                       0.27420590      0.00005356     -0.00013477     -0.00000001
ATVX     1  Mu1.0019  Se1.120                       0.28200038      0.00011545     -0.00030318     -0.00000004
ATVX     1  Mu1.0020  Se1.120                       0.28344441     -0.00018813      0.00047229     -0.00000009
ATVX     1  Mu1.0021  Se1.120                       0.29473499     -0.00000423      0.00005358     -0.00000000
ATVX     1  Mu1.0022  Se1.120                       0.29694446     -0.00010217      0.00015253     -0.00000002
ATVX     1  Mu1.0001  Se1.121                      -0.04553714     -0.00001880     -0.00002486      0.00000000
ATVX     1  Mu1.0002  Se1.121                      -0.02873785      0.00000565     -0.00000147     -0.00000000
ATVX     1  Mu1.0003  Se1.121                       0.01205352     -0.00002478      0.00000597     -0.00000000
ATVX     1  Mu1.0004  Se1.121                       0.13886984     -0.00028434      0.00069684     -0.00000020
ATVX     1  Mu1.0005  Se1.121                       0.14783658     -0.00001677      0.00003763     -0.00000000
ATVX     1  Mu1.0006  Se1.121                       0.17235753      0.00004006     -0.00012540     -0.00000001
ATVX     1  Mu1.0007  Se1.121                       0.17729210     -0.00003388      0.00008308     -0.00000000
ATVX     1  Mu1.0008  Se1.121                       0.18460853     -0.00003676      0.00009659     -0.00000000
ATVX     1  Mu1.0009  Se1.121                       0.18914018     -0.00013906      0.00035800     -0.00000005
ATVX     1  Mu1.0010  Se1.121                       0.20405192      0.00011157     -0.00032116     -0.00000004
ATVX     1  Mu1.0011  Se1.121                       0.23599561      0.00004189     -0.00010875     -0.00000000
ATVX     1  Mu1.0012  Se1.121                       0.24788155     -0.00001750      0.00004305     -0.00000000
ATVX     1  Mu1.0013  Se1.121                       0.27034783     -0.00026416      0.00070309     -0.00000019
ATVX     1  Mu1.0014  Se1.121                       0.27107822     -0.00049064      0.00120178     -0.00000059
ATVX     1  Mu1.0015  Se1.121                       0.27260564      0.00036188     -0.00082262     -0.00000030
ATVX     1  Mu1.0016  Se1.121                       0.27404747     -0.00010511      0.00024553     -0.00000003
ATVX     1  Mu1.0017  Se1.121                       0.27970969      0.00072661     -0.00166982     -0.00000121
ATVX     1  Mu1.0018  Se1.121                       0.28397895      0.00019017     -0.00052397     -0.00000010
ATVX     1  Mu1.0019  Se1.121                       0.29177343      0.00020438     -0.00052030     -0.00000011
ATVX     1  Mu1.0020  Se1.121                       0.29321746     -0.00032572      0.00079996     -0.00000026
ATVX     1  Mu1.0001  Se1.122                      -0.03685347     -0.00014531     -0.00016590      0.00000002
ATVX     1  Mu1.0002  Se1.122                      -0.02005417      0.00012860      0.00006786      0.00000001
ATVX     1  Mu1.0003  Se1.122                       0.02073719      0.00009982     -0.00004187     -0.00000000
ATVX     1  Mu1.0004  Se1.122                       0.14755352      0.00050538     -0.00119330     -0.00000060
ATVX     1  Mu1.0005  Se1.122                       0.15652026      0.00008616     -0.00019999     -0.00000002
ATVX     1  Mu1.0006  Se1.122                       0.18104120      0.00103440     -0.00244803     -0.00000253
ATVX     1  Mu1.0007  Se1.122                       0.18597577      0.00024710     -0.00060721     -0.00000015
ATVX     1  Mu1.0008  Se1.122                       0.19329221      0.00031669     -0.00036745     -0.00000012
ATVX     1  Mu1.0009  Se1.122                       0.19782385      0.00008412     -0.00010364     -0.00000001
ATVX     1  Mu1.0010  Se1.122                       0.21273560      0.00217128     -0.00579953     -0.00001259
ATVX     1  Mu1.0011  Se1.122                       0.24467929      0.00075925     -0.00197887     -0.00000150
ATVX     1  Mu1.0012  Se1.122                       0.25656522     -0.00010868      0.00037854     -0.00000004
ATVX     1  Mu1.0013  Se1.122                       0.27903150      0.00035068     -0.00091166     -0.00000032
ATVX     1  Mu1.0014  Se1.122                       0.27976190     -0.00022890      0.00061270     -0.00000014
ATVX     1  Mu1.0015  Se1.122                       0.28128931     -0.00013663      0.00035052     -0.00000005
ATVX     1  Mu1.0016  Se1.122                       0.28273115     -0.00012149      0.00027395     -0.00000003
ATVX     1  Mu1.0017  Se1.122                       0.28839336     -0.00008875      0.00022113     -0.00000002
ATVX     1  Mu1.0018  Se1.122                       0.29266262     -0.00017470      0.00049617     -0.00000009
ATVX     1  Mu1.0001  Se1.123                      -0.03587771     -0.00004694     -0.00005501      0.00000000
ATVX     1  Mu1.0002  Se1.123                      -0.01907841     -0.00003220     -0.00001616      0.00000000
ATVX     1  Mu1.0003  Se1.123                       0.02171295      0.00001665     -0.00000500     -0.00000000
ATVX     1  Mu1.0004  Se1.123                       0.14852928     -0.00003707      0.00008266     -0.00000000
ATVX     1  Mu1.0005  Se1.123                       0.15749602      0.00000114      0.00000264      0.00000000
ATVX     1  Mu1.0006  Se1.123                       0.18201696      0.00021865     -0.00048859     -0.00000011
ATVX     1  Mu1.0007  Se1.123                       0.18695153      0.00008374     -0.00021074     -0.00000002
ATVX     1  Mu1.0008  Se1.123                       0.19426797     -0.00013470      0.00043135     -0.00000006
ATVX     1  Mu1.0009  Se1.123                       0.19879961      0.00009910     -0.00028078     -0.00000003
ATVX     1  Mu1.0010  Se1.123                       0.21371136      0.00007498     -0.00032538     -0.00000002
ATVX     1  Mu1.0011  Se1.123                       0.24565505      0.00001653     -0.00003950     -0.00000000
ATVX     1  Mu1.0012  Se1.123                       0.25754098      0.00011796     -0.00026635     -0.00000003
ATVX     1  Mu1.0013  Se1.123                       0.28000726     -0.00018381      0.00036272     -0.00000007
ATVX     1  Mu1.0014  Se1.123                       0.28073766     -0.00042578      0.00108482     -0.00000046
ATVX     1  Mu1.0015  Se1.123                       0.28226507      0.00051334     -0.00125390     -0.00000064
ATVX     1  Mu1.0016  Se1.123                       0.28370691     -0.00004561      0.00008024     -0.00000000
ATVX     1  Mu1.0017  Se1.123                       0.28936912      0.00143568     -0.00333520     -0.00000479
ATVX     1  Mu1.0018  Se1.123                       0.29363838      0.00010923     -0.00023256     -0.00000003
ATVX     1  Mu1.0001  Se1.124                      -0.02982837     -0.00138142     -0.00108293      0.00000150
ATVX     1  Mu1.0002  Se1.124                      -0.01302907     -0.00033939     -0.00014931      0.00000005
ATVX     1  Mu1.0003  Se1.124                       0.02776229      0.00000647      0.00005238      0.00000000
ATVX     1  Mu1.0004  Se1.124                       0.15457862     -0.00156993      0.00375551     -0.00000590
ATVX     1  Mu1.0005  Se1.124                       0.16354536      0.00004691     -0.00011355     -0.00000001
ATVX     1  Mu1.0006  Se1.124                       0.18806630      0.00149038     -0.00450121     -0.00000671
ATVX     1  Mu1.0007  Se1.124                       0.19300087      0.00009532     -0.00074713     -0.00000007
ATVX     1  Mu1.0008  Se1.124                       0.20031731     -0.00329216      0.00962229     -0.00003168
ATVX     1  Mu1.0009  Se1.124                       0.20484895     -0.00041034      0.00075473     -0.00000031
ATVX     1  Mu1.0010  Se1.124                       0.21976070      0.00509829     -0.01492144     -0.00007607
ATVX     1  Mu1.0011  Se1.124                       0.25170439      0.00008065      0.00041952      0.00000003
ATVX     1  Mu1.0012  Se1.124                       0.26359032     -0.00031087      0.00120604     -0.00000037
ATVX     1  Mu1.0013  Se1.124                       0.28605660      0.00230358     -0.00502991     -0.00001159
ATVX     1  Mu1.0014  Se1.124                       0.28678700     -0.00163793      0.00395909     -0.00000648
ATVX     1  Mu1.0015  Se1.124                       0.28831441     -0.00145576      0.00395871     -0.00000576
ATVX     1  Mu1.0016  Se1.124                       0.28975625     -0.00101191      0.00268345     -0.00000272
ATVX     1  Mu1.0017  Se1.124                       0.29541846     -0.00005058      0.00003295     -0.00000000
ATVX     1  Mu1.0018  Se1.124                       0.29968772      0.00007306     -0.00008586     -0.00000001
ATVX     1  Mu1.0001  Se1.125                      -0.02589647     -0.00000253     -0.00000213      0.00000000
ATVX     1  Mu1.0002  Se1.125                      -0.00909717     -0.00001390     -0.00000311      0.00000000
ATVX     1  Mu1.0003  Se1.125                       0.03169419      0.00000138     -0.00000017     -0.00000000
ATVX     1  Mu1.0004  Se1.125                       0.15851052     -0.00005455      0.00013261     -0.00000001
ATVX     1  Mu1.0005  Se1.125                       0.16747726     -0.00000573      0.00001469     -0.00000000
ATVX     1  Mu1.0006  Se1.125                       0.19199820      0.00003127     -0.00008649     -0.00000000
ATVX     1  Mu1.0007  Se1.125                       0.19693277     -0.00000178      0.00000081     -0.00000000
ATVX     1  Mu1.0008  Se1.125                       0.20424921      0.00000590     -0.00000916     -0.00000000
ATVX     1  Mu1.0009  Se1.125                       0.20878085      0.00001491     -0.00004375     -0.00000000
ATVX     1  Mu1.0010  Se1.125                       0.22369260     -0.00005199      0.00010407     -0.00000001
ATVX     1  Mu1.0011  Se1.125                       0.25563629     -0.00000935      0.00002575     -0.00000000
ATVX     1  Mu1.0012  Se1.125                       0.26752222      0.00000423     -0.00001575     -0.00000000
ATVX     1  Mu1.0013  Se1.125                       0.28998850     -0.00004745      0.00011229     -0.00000001
ATVX     1  Mu1.0014  Se1.125                       0.29071890     -0.00000458      0.00001707     -0.00000000
ATVX     1  Mu1.0015  Se1.125                       0.29224631     -0.00003585      0.00008261     -0.00000000
ATVX     1  Mu1.0016  Se1.125                       0.29368815     -0.00007380      0.00015466     -0.00000001
ATVX     1  Mu1.0017  Se1.125                       0.29935036     -0.00040135      0.00090140     -0.00000036
ATVX     1  Mu1.0001  Se1.126                      -0.02265207     -0.00093330     -0.00056769      0.00000053
ATVX     1  Mu1.0002  Se1.126                      -0.00585277     -0.00045814     -0.00007878      0.00000004
ATVX     1  Mu1.0003  Se1.126                       0.03493859      0.00006351      0.00000160      0.00000000
ATVX     1  Mu1.0004  Se1.126                       0.16175491     -0.00083166      0.00208485     -0.00000173
ATVX     1  Mu1.0005  Se1.126                       0.17072166      0.00011151     -0.00028644     -0.00000003
ATVX     1  Mu1.0006  Se1.126                       0.19524260      0.00208320     -0.00569347     -0.00001186
ATVX     1  Mu1.0007  Se1.126                       0.20017717      0.00053800     -0.00152993     -0.00000082
ATVX     1  Mu1.0008  Se1.126                       0.20749361     -0.00271159      0.00760304     -0.00002062
ATVX     1  Mu1.0009  Se1.126                       0.21202525      0.00010939     -0.00039961     -0.00000004
ATVX     1  Mu1.0010  Se1.126                       0.22693699      0.00381813     -0.01076793     -0.00004111
ATVX     1  Mu1.0011  Se1.126                       0.25888069      0.00008669      0.00024315      0.00000002
ATVX     1  Mu1.0012  Se1.126                       0.27076662     -0.00007467      0.00054143     -0.00000004
ATVX     1  Mu1.0013  Se1.126                       0.29323290      0.00134440     -0.00288473     -0.00000388
ATVX     1  Mu1.0014  Se1.126                       0.29396329     -0.00110517      0.00265453     -0.00000293
ATVX     1  Mu1.0015  Se1.126                       0.29549071     -0.00112039      0.00296127     -0.00000332
ATVX     1  Mu1.0016  Se1.126                       0.29693255     -0.00067884      0.00177233     -0.00000120
ATVX     1  Mu1.0001  Se1.127                      -0.00720299      0.00006785      0.00002122      0.00000000
ATVX     1  Mu1.0002  Se1.127                       0.00959631     -0.00040708      0.00010388     -0.00000004
ATVX     1  Mu1.0003  Se1.127                       0.05038767     -0.00014350      0.00013588     -0.00000002
ATVX     1  Mu1.0004  Se1.127                       0.17720399     -0.00128914      0.00347126     -0.00000447
ATVX     1  Mu1.0005  Se1.127                       0.18617074     -0.00023497      0.00058451     -0.00000014
ATVX     1  Mu1.0006  Se1.127                       0.21069168     -0.00223808      0.00528633     -0.00001183
ATVX     1  Mu1.0007  Se1.127                       0.21562625      0.00023456     -0.00030204     -0.00000007
ATVX     1  Mu1.0008  Se1.127                       0.22294269     -0.00181076      0.00417956     -0.00000757
ATVX     1  Mu1.0009  Se1.127                       0.22747433      0.00039329     -0.00116578     -0.00000046
ATVX     1  Mu1.0010  Se1.127                       0.24238607     -0.00308001      0.00811352     -0.00002499
ATVX     1  Mu1.0011  Se1.127                       0.27432977     -0.00152983      0.00397923     -0.00000609
ATVX     1  Mu1.0012  Se1.127                       0.28621570      0.00038367     -0.00104442     -0.00000040
ATVX     1  Mu1.0001  Se1.128                      -0.00515902     -0.00001094     -0.00000224      0.00000000
ATVX     1  Mu1.0002  Se1.128                       0.01164028     -0.00000177      0.00000051     -0.00000000
ATVX     1  Mu1.0003  Se1.128                       0.05243164      0.00000959     -0.00000675     -0.00000000
ATVX     1  Mu1.0004  Se1.128                       0.17924796      0.00008985     -0.00023099     -0.00000002
ATVX     1  Mu1.0005  Se1.128                       0.18821471      0.00001910     -0.00004141     -0.00000000
ATVX     1  Mu1.0006  Se1.128                       0.21273565      0.00002014     -0.00003598     -0.00000000
ATVX     1  Mu1.0007  Se1.128                       0.21767022      0.00003054     -0.00008134     -0.00000000
ATVX     1  Mu1.0008  Se1.128                       0.22498666     -0.00002384      0.00010862     -0.00000000
ATVX     1  Mu1.0009  Se1.128                       0.22951830      0.00017141     -0.00043556     -0.00000007
ATVX     1  Mu1.0010  Se1.128                       0.24443005      0.00000590     -0.00008757     -0.00000000
ATVX     1  Mu1.0011  Se1.128                       0.27637374      0.00006190     -0.00014264     -0.00000001
ATVX     1  Mu1.0012  Se1.128                       0.28825967      0.00002248     -0.00004248     -0.00000000
ATVX     1  Mu1.0001  Se1.129                      -0.00262053     -0.00002013     -0.00000127      0.00000000
ATVX     1  Mu1.0002  Se1.129                       0.01417877      0.00003906     -0.00001286     -0.00000000
ATVX     1  Mu1.0003  Se1.129                       0.05497013     -0.00001850      0.00001902     -0.00000000
ATVX     1  Mu1.0004  Se1.129                       0.18178645      0.00009327     -0.00023631     -0.00000002
ATVX     1  Mu1.0005  Se1.129                       0.19075319      0.00002103     -0.00005966     -0.00000000
ATVX     1  Mu1.0006  Se1.129                       0.21527414     -0.00003622      0.00011029     -0.00000000
ATVX     1  Mu1.0007  Se1.129                       0.22020871     -0.00000028      0.00000013     -0.00000000
ATVX     1  Mu1.0008  Se1.129                       0.22752515     -0.00007957      0.00018522     -0.00000001
ATVX     1  Mu1.0009  Se1.129                       0.23205679     -0.00007706      0.00020655     -0.00000002
ATVX     1  Mu1.0010  Se1.129                       0.24696853      0.00033143     -0.00077354     -0.00000026
ATVX     1  Mu1.0011  Se1.129                       0.27891223      0.00003788     -0.00008555     -0.00000000
ATVX     1  Mu1.0012  Se1.129                       0.29079816     -0.00003609      0.00011174     -0.00000000
ATVX     1  Mu1.0001  Se1.130                       0.00492936     -0.00009855      0.00000942     -0.00000000
ATVX     1  Mu1.0002  Se1.130                       0.02172866     -0.00002496      0.00001425     -0.00000000
ATVX     1  Mu1.0003  Se1.130                       0.06252002      0.00014571     -0.00023080     -0.00000003
ATVX     1  Mu1.0004  Se1.130                       0.18933635     -0.00041982      0.00088100     -0.00000037
ATVX     1  Mu1.0005  Se1.130                       0.19830309     -0.00009483      0.00020982     -0.00000002
ATVX     1  Mu1.0006  Se1.130                       0.22282404      0.00026962     -0.00101015     -0.00000027
ATVX     1  Mu1.0007  Se1.130                       0.22775860     -0.00061661      0.00135160     -0.00000083
ATVX     1  Mu1.0008  Se1.130                       0.23507504      0.00050145     -0.00211425     -0.00000106
ATVX     1  Mu1.0009  Se1.130                       0.23960668     -0.00065146      0.00143686     -0.00000094
ATVX     1  Mu1.0010  Se1.130                       0.25451843     -0.00118435      0.00263600     -0.00000312
ATVX     1  Mu1.0011  Se1.130                       0.28646212     -0.00006365      0.00019856     -0.00000001
ATVX     1  Mu1.0012  Se1.130                       0.29834805     -0.00042667      0.00084850     -0.00000036
ATVX     1  Mu1.0001  Se1.131                       0.00564910      0.00000568     -0.00000070     -0.00000000
ATVX     1  Mu1.0002  Se1.131                       0.02244839     -0.00000759      0.00000445     -0.00000000
ATVX     1  Mu1.0003  Se1.131                       0.06323976     -0.00000287      0.00000371     -0.00000000
ATVX     1  Mu1.0004  Se1.131                       0.19005608     -0.00000488      0.00001311     -0.00000000
ATVX     1  Mu1.0005  Se1.131                       0.19902282      0.00000144     -0.00000245     -0.00000000
ATVX     1  Mu1.0006  Se1.131                       0.22354377     -0.00001173      0.00003732     -0.00000000
ATVX     1  Mu1.0007  Se1.131                       0.22847834     -0.00000742      0.00002085     -0.00000000
ATVX     1  Mu1.0008  Se1.131                       0.23579478     -0.00000492      0.00001975     -0.00000000
ATVX     1  Mu1.0009  Se1.131                       0.24032642      0.00002304     -0.00006146     -0.00000000
ATVX     1  Mu1.0010  Se1.131                       0.25523816     -0.00002578      0.00006026     -0.00000000
ATVX     1  Mu1.0011  Se1.131                       0.28718185      0.00001461     -0.00004140     -0.00000000
ATVX     1  Mu1.0012  Se1.131                       0.29906779      0.00000209     -0.00000479     -0.00000000
ATVX     1  Mu1.0001  Se1.132                       0.01137702     -0.00185781      0.00054898     -0.00000102
ATVX     1  Mu1.0002  Se1.132                       0.02817631      0.00022092     -0.00012420     -0.00000003
ATVX     1  Mu1.0003  Se1.132                       0.06896768      0.00014169     -0.00017974     -0.00000003
ATVX     1  Mu1.0004  Se1.132                       0.19578400      0.00003988      0.00017661      0.00000001
ATVX     1  Mu1.0005  Se1.132                       0.20475074      0.00000313     -0.00000363     -0.00000000
ATVX     1  Mu1.0006  Se1.132                       0.22927169      0.00009237      0.00063760      0.00000006
ATVX     1  Mu1.0007  Se1.132                       0.23420626      0.00101350     -0.00212544     -0.00000215
ATVX     1  Mu1.0008  Se1.132                       0.24152269     -0.00172253      0.00374159     -0.00000644
ATVX     1  Mu1.0009  Se1.132                       0.24605434     -0.00065509      0.00191788     -0.00000126
ATVX     1  Mu1.0010  Se1.132                       0.26096608      0.00467835     -0.01352272     -0.00006326
ATVX     1  Mu1.0011  Se1.132                       0.29290977     -0.00068361      0.00211840     -0.00000145
ATVX     1  Mu1.0001  Se1.133                       0.01541187      0.00024282     -0.00010814     -0.00000003
ATVX     1  Mu1.0002  Se1.133                       0.03221117     -0.00006443      0.00003907     -0.00000000
ATVX     1  Mu1.0003  Se1.133                       0.07300253      0.00025342     -0.00045541     -0.00000012
ATVX     1  Mu1.0004  Se1.133                       0.19981885     -0.00031713      0.00050388     -0.00000016
ATVX     1  Mu1.0005  Se1.133                       0.20878559     -0.00016981      0.00038785     -0.00000007
ATVX     1  Mu1.0006  Se1.133                       0.23330654      0.00080047     -0.00261426     -0.00000209
ATVX     1  Mu1.0007  Se1.133                       0.23824111     -0.00099082      0.00214487     -0.00000213
ATVX     1  Mu1.0008  Se1.133                       0.24555755      0.00105078     -0.00368120     -0.00000387
ATVX     1  Mu1.0009  Se1.133                       0.25008919     -0.00073807      0.00149916     -0.00000111
ATVX     1  Mu1.0010  Se1.133                       0.26500093     -0.00204872      0.00494401     -0.00001013
ATVX     1  Mu1.0011  Se1.133                       0.29694463      0.00046902     -0.00118965     -0.00000056
ATVX     1  Mu1.0001  Se1.134                       0.02402895     -0.00028444      0.00015616     -0.00000004
ATVX     1  Mu1.0002  Se1.134                       0.04082824      0.00078055     -0.00071688     -0.00000056
ATVX     1  Mu1.0003  Se1.134                       0.08161961     -0.00023165      0.00022110     -0.00000005
ATVX     1  Mu1.0004  Se1.134                       0.20843593     -0.00026409      0.00043486     -0.00000011
ATVX     1  Mu1.0005  Se1.134                       0.21740267     -0.00005488      0.00020714     -0.00000001
ATVX     1  Mu1.0006  Se1.134                       0.24192362     -0.00393875      0.00862981     -0.00003399
ATVX     1  Mu1.0007  Se1.134                       0.24685819     -0.00082122      0.00164738     -0.00000135
ATVX     1  Mu1.0008  Se1.134                       0.25417463      0.00239674     -0.00510012     -0.00001222
ATVX     1  Mu1.0009  Se1.134                       0.25870627     -0.00099987      0.00209757     -0.00000210
ATVX     1  Mu1.0010  Se1.134                       0.27361801      0.00083204     -0.00239457     -0.00000199
ATVX     1  Mu1.0001  Se1.135                       0.03089212     -0.00000611      0.00000521     -0.00000000
ATVX     1  Mu1.0002  Se1.135                       0.04769141     -0.00000242      0.00000266     -0.00000000
ATVX     1  Mu1.0003  Se1.135                       0.08848278      0.00000415     -0.00000761     -0.00000000
ATVX     1  Mu1.0004  Se1.135                       0.21529910     -0.00001824      0.00005165     -0.00000000
ATVX     1  Mu1.0005  Se1.135                       0.22426584     -0.00000266      0.00000793     -0.00000000
ATVX     1  Mu1.0006  Se1.135                       0.24878679      0.00001296     -0.00003771     -0.00000000
ATVX     1  Mu1.0007  Se1.135                       0.25372136     -0.00000785      0.00001847     -0.00000000
ATVX     1  Mu1.0008  Se1.135                       0.26103779      0.00000752     -0.00001551     -0.00000000
ATVX     1  Mu1.0009  Se1.135                       0.26556944     -0.00000439      0.00001170     -0.00000000
ATVX     1  Mu1.0010  Se1.135                       0.28048118      0.00001171     -0.00003394     -0.00000000
ATVX     1  Mu1.0001  Se1.136                       0.04679782     -0.00039370      0.00055924     -0.00000022
ATVX     1  Mu1.0002  Se1.136                       0.06359712      0.00092634     -0.00143702     -0.00000133
ATVX     1  Mu1.0003  Se1.136                       0.10438848      0.00018426     -0.00038056     -0.00000007
ATVX     1  Mu1.0004  Se1.136                       0.23120481      0.00193146     -0.00512826     -0.00000991
ATVX     1  Mu1.0005  Se1.136                       0.24017155      0.00066264     -0.00155443     -0.00000103
ATVX     1  Mu1.0006  Se1.136                       0.26469249      0.00277332     -0.00620170     -0.00001720
ATVX     1  Mu1.0007  Se1.136                       0.26962706      0.00017066     -0.00070052     -0.00000012
ATVX     1  Mu1.0008  Se1.136                       0.27694350      0.00092768     -0.00117850     -0.00000109
ATVX     1  Mu1.0009  Se1.136                       0.28147514      0.00042628     -0.00083127     -0.00000035
ATVX     1  Mu1.0010  Se1.136                       0.29638689      0.01008328     -0.02467467     -0.00024880
ATVX     1  Mu1.0001  Se1.137                       0.04802691      0.00027950     -0.00031115     -0.00000009
ATVX     1  Mu1.0002  Se1.137                       0.06482621     -0.00004729      0.00000127     -0.00000000
ATVX     1  Mu1.0003  Se1.137                       0.10561757      0.00018295     -0.00041508     -0.00000008
ATVX     1  Mu1.0004  Se1.137                       0.23243390      0.00049728     -0.00143650     -0.00000071
ATVX     1  Mu1.0005  Se1.137                       0.24140064      0.00025482     -0.00063479     -0.00000016
ATVX     1  Mu1.0006  Se1.137                       0.26592159      0.00235816     -0.00529384     -0.00001248
ATVX     1  Mu1.0007  Se1.137                       0.27085615     -0.00023009      0.00038453     -0.00000009
ATVX     1  Mu1.0008  Se1.137                       0.27817259      0.00009516     -0.00057609     -0.00000005
ATVX     1  Mu1.0009  Se1.137                       0.28270423      0.00067423     -0.00149320     -0.00000101
ATVX     1  Mu1.0010  Se1.137                       0.29761598      0.00214805     -0.00426334     -0.00000916
ATVX     1  Mu1.0001  Se1.138                       0.04930030      0.00003629     -0.00005183     -0.00000000
ATVX     1  Mu1.0002  Se1.138                       0.06609960     -0.00000390     -0.00000116      0.00000000
ATVX     1  Mu1.0003  Se1.138                       0.10689096      0.00000460     -0.00001661     -0.00000000
ATVX     1  Mu1.0004  Se1.138                       0.23370728      0.00022155     -0.00057471     -0.00000013
ATVX     1  Mu1.0005  Se1.138                       0.24267402      0.00001038     -0.00002793     -0.00000000
ATVX     1  Mu1.0006  Se1.138                       0.26719497      0.00002261     -0.00001878     -0.00000000
ATVX     1  Mu1.0007  Se1.138                       0.27212954     -0.00002130      0.00004972     -0.00000000
ATVX     1  Mu1.0008  Se1.138                       0.27944598      0.00006271     -0.00020281     -0.00000001
ATVX     1  Mu1.0009  Se1.138                       0.28397762     -0.00002222      0.00005825     -0.00000000
ATVX     1  Mu1.0010  Se1.138                       0.29888936      0.00004600     -0.00000260     -0.00000000
ATVX     1  Mu1.0001  Se1.139                       0.05868856     -0.00031229      0.00050209     -0.00000016
ATVX     1  Mu1.0002  Se1.139                       0.07548786     -0.00011557      0.00016130     -0.00000002
ATVX     1  Mu1.0003  Se1.139                       0.11627922      0.00006678      0.00007235      0.00000000
ATVX     1  Mu1.0004  Se1.139                       0.24309554      0.00026048     -0.00049120     -0.00000013
ATVX     1  Mu1.0005  Se1.139                       0.25206229     -0.00010580      0.00025370     -0.00000003
ATVX     1  Mu1.0006  Se1.139                       0.27658323      0.00095108     -0.00158767     -0.00000151
ATVX     1  Mu1.0007  Se1.139                       0.28151780      0.00024536     -0.00041122     -0.00000010
ATVX     1  Mu1.0008  Se1.139                       0.28883424     -0.00069853      0.00182063     -0.00000127
ATVX     1  Mu1.0009  Se1.139                       0.29336588     -0.00037808      0.00108363     -0.00000041
ATVX     1  Mu1.0001  Se1.140                       0.05920207     -0.00001078      0.00001785     -0.00000000
ATVX     1  Mu1.0002  Se1.140                       0.07600137     -0.00000568      0.00000771     -0.00000000
ATVX     1  Mu1.0003  Se1.140                       0.11679273      0.00000224      0.00001094      0.00000000
ATVX     1  Mu1.0004  Se1.140                       0.24360905      0.00004569     -0.00011866     -0.00000001
ATVX     1  Mu1.0005  Se1.140                       0.25257580     -0.00000123      0.00000268     -0.00000000
ATVX     1  Mu1.0006  Se1.140                       0.27709674      0.00000283      0.00004433      0.00000000
ATVX     1  Mu1.0007  Se1.140                       0.28203131      0.00002867     -0.00005837     -0.00000000
ATVX     1  Mu1.0008  Se1.140                       0.28934775     -0.00004816      0.00012750     -0.00000001
ATVX     1  Mu1.0009  Se1.140                       0.29387939      0.00000206      0.00000113      0.00000000
ATVX     1  Mu1.0001  Se1.141                       0.07267958     -0.00046329      0.00067576     -0.00000031
ATVX     1  Mu1.0002  Se1.141                       0.08947888     -0.00002490      0.00021961     -0.00000001
ATVX     1  Mu1.0003  Se1.141                       0.13027024     -0.00045115      0.00101331     -0.00000046
ATVX     1  Mu1.0004  Se1.141                       0.25708656     -0.00034116      0.00070093     -0.00000024
ATVX     1  Mu1.0005  Se1.141                       0.26605330      0.00000170      0.00002324      0.00000000
ATVX     1  Mu1.0006  Se1.141                       0.29057425     -0.00235554      0.00554244     -0.00001306
ATVX     1  Mu1.0007  Se1.141                       0.29550882     -0.00019054      0.00018726     -0.00000004
ATVX     1  Mu1.0001  Se1.142                       0.08010745      0.00002368     -0.00005331     -0.00000000
ATVX     1  Mu1.0002  Se1.142                       0.09690674      0.00003170     -0.00006246     -0.00000000
ATVX     1  Mu1.0003  Se1.142                       0.13769811     -0.00002108      0.00004615     -0.00000000
ATVX     1  Mu1.0004  Se1.142                       0.26451443     -0.00008087      0.00021392     -0.00000002
ATVX     1  Mu1.0005  Se1.142                       0.27348117     -0.00000762      0.00001388     -0.00000000
ATVX     1  Mu1.0006  Se1.142                       0.29800212     -0.00005492      0.00008438     -0.00000000
ATVX     1  Mu1.0001  Se1.143                       0.08239684     -0.00044009      0.00063361     -0.00000028
ATVX     1  Mu1.0002  Se1.143                       0.09919614     -0.00017998      0.00058314     -0.00000010
ATVX     1  Mu1.0003  Se1.143                       0.13998750     -0.00056414      0.00125700     -0.00000071
ATVX     1  Mu1.0004  Se1.143                       0.26680383      0.00062906     -0.00158618     -0.00000100
ATVX     1  Mu1.0005  Se1.143                       0.27577057      0.00016947     -0.00039072     -0.00000007
ATVX     1  Mu1.0001  Se1.144                       0.08510576     -0.00002001      0.00003183     -0.00000000
ATVX     1  Mu1.0002  Se1.144                       0.10190506      0.00003398     -0.00006703     -0.00000000
ATVX     1  Mu1.0003  Se1.144                       0.14269642     -0.00001829      0.00004131     -0.00000000
ATVX     1  Mu1.0004  Se1.144                       0.26951275      0.00001174     -0.00001410     -0.00000000
ATVX     1  Mu1.0005  Se1.144                       0.27847949     -0.00000384      0.00000732     -0.00000000
ATVX     1  Mu1.0001  Se1.145                       0.08607094      0.00075335     -0.00142788     -0.00000108
ATVX     1  Mu1.0002  Se1.145                       0.10287024     -0.00036336      0.00065665     -0.00000024
ATVX     1  Mu1.0003  Se1.145                       0.14366160      0.00019820     -0.00042918     -0.00000009
ATVX     1  Mu1.0004  Se1.145                       0.27047793     -0.00057006      0.00131311     -0.00000075
ATVX     1  Mu1.0005  Se1.145                       0.27944467     -0.00005162      0.00009017     -0.00000000
ATVX     1  Mu1.0001  Se1.146                       0.09920678      0.00008503     -0.00014139     -0.00000001
ATVX     1  Mu1.0002  Se1.146                       0.11600607     -0.00091910      0.00184955     -0.00000170
ATVX     1  Mu1.0003  Se1.146                       0.15679744      0.00028762     -0.00046982     -0.00000014
ATVX     1  Mu1.0004  Se1.146                       0.28361376      0.00119860     -0.00245576     -0.00000294
ATVX     1  Mu1.0005  Se1.146                       0.29258050     -0.00006783      0.00009703     -0.00000001
ATVX     1  Mu1.0001  Se1.147                       0.10738190     -0.00001725      0.00003637     -0.00000000
ATVX     1  Mu1.0002  Se1.147                       0.12418119     -0.00002612      0.00006449     -0.00000000
ATVX     1  Mu1.0003  Se1.147                       0.16497255      0.00000534     -0.00002088     -0.00000000
ATVX     1  Mu1.0004  Se1.147                       0.29178888     -0.00017310      0.00041248     -0.00000007
ATVX     1  Mu1.0001  Se1.148                       0.10866921     -0.00009065      0.00033556     -0.00000003
ATVX     1  Mu1.0002  Se1.148                       0.12546850     -0.00118365      0.00265650     -0.00000314
ATVX     1  Mu1.0003  Se1.148                       0.16625987      0.00012213      0.00005349      0.00000001
ATVX     1  Mu1.0004  Se1.148                       0.29307619     -0.00070113      0.00178530     -0.00000125
ATVX     1  Mu1.0001  Se1.149                       0.11377781      0.00073325     -0.00151269     -0.00000111
ATVX     1  Mu1.0002  Se1.149                       0.13057711     -0.00079850      0.00167946     -0.00000134
ATVX     1  Mu1.0003  Se1.149                       0.17136847      0.00062536     -0.00142884     -0.00000089
ATVX     1  Mu1.0004  Se1.149                       0.29818479      0.00169634     -0.00369534     -0.00000627
ATVX     1  Mu1.0001  Se1.150                       0.11462870     -0.00000549      0.00000007     -0.00000000
ATVX     1  Mu1.0002  Se1.150                       0.13142800      0.00006451     -0.00014598     -0.00000001
ATVX     1  Mu1.0003  Se1.150                       0.17221936     -0.00002836      0.00006356     -0.00000000
ATVX     1  Mu1.0004  Se1.150                       0.29903569     -0.00003433      0.00007732     -0.00000000
ATVX     1  Mu1.0001  Se1.151                       0.12728551      0.00065843     -0.00131096     -0.00000086
ATVX     1  Mu1.0002  Se1.151                       0.14408481     -0.00026306      0.00041667     -0.00000011
ATVX     1  Mu1.0003  Se1.151                       0.18487617      0.00058237     -0.00126714     -0.00000074
ATVX     1  Mu1.0001  Se1.152                       0.12859163      0.00001219     -0.00002629     -0.00000000
ATVX     1  Mu1.0002  Se1.152                       0.14539093     -0.00001135      0.00002301     -0.00000000
ATVX     1  Mu1.0003  Se1.152                       0.18618229      0.00001264     -0.00002989     -0.00000000
ATVX     1  Mu1.0001  Se1.153                       0.12961030     -0.00000036      0.00000432     -0.00000000
ATVX     1  Mu1.0002  Se1.153                       0.14640960      0.00000554     -0.00001326     -0.00000000
ATVX     1  Mu1.0003  Se1.153                       0.18720096      0.00000211     -0.00000075     -0.00000000
ATVX     1  Mu1.0001  Se1.154                       0.13772469      0.00001529      0.00002550      0.00000000
ATVX     1  Mu1.0002  Se1.154                       0.15452399     -0.00086678      0.00215157     -0.00000186
ATVX     1  Mu1.0003  Se1.154                       0.19531535      0.00008505     -0.00008048     -0.00000001
ATVX     1  Mu1.0001  Se1.155                       0.14385473      0.00000411     -0.00000347     -0.00000000
ATVX     1  Mu1.0002  Se1.155                       0.16065403     -0.00000891      0.00001294     -0.00000000
ATVX     1  Mu1.0003  Se1.155                       0.20144539      0.00001011     -0.00001481     -0.00000000
ATVX     1  Mu1.0001  Se1.156                       0.14893487      0.00049138     -0.00103207     -0.00000051
ATVX     1  Mu1.0002  Se1.156                       0.16573417     -0.00003174     -0.00017638      0.00000001
ATVX     1  Mu1.0003  Se1.156                       0.20652553      0.00069127     -0.00167878     -0.00000116
ATVX     1  Mu1.0001  Se1.157                       0.15025048      0.00036919     -0.00092563     -0.00000034
ATVX     1  Mu1.0002  Se1.157                       0.16704978      0.00046602     -0.00122041     -0.00000057
ATVX     1  Mu1.0003  Se1.157                       0.20784114     -0.00001120     -0.00001470      0.00000000
ATVX     1  Mu1.0001  Se1.158                       0.15952700      0.00019864     -0.00057614     -0.00000011
ATVX     1  Mu1.0002  Se1.158                       0.17632630      0.00149611     -0.00378708     -0.00000567
ATVX     1  Mu1.0003  Se1.158                       0.21711766     -0.00029265      0.00059900     -0.00000018
ATVX     1  Mu1.0001  Se1.159                       0.16033247     -0.00001370      0.00003600     -0.00000000
ATVX     1  Mu1.0002  Se1.159                       0.17713177     -0.00002737      0.00006440     -0.00000000
ATVX     1  Mu1.0003  Se1.159                       0.21792313      0.00000318     -0.00000546     -0.00000000
ATVX     1  Mu1.0001  Se1.160                       0.16962169      0.00011865     -0.00032502     -0.00000004
ATVX     1  Mu1.0002  Se1.160                       0.18642098     -0.00007375      0.00023757     -0.00000002
ATVX     1  Mu1.0003  Se1.160                       0.22721235     -0.00000680     -0.00001837      0.00000000
ATVX     1  Mu1.0001  Se1.161                       0.17418329     -0.00004185      0.00011428     -0.00000000
ATVX     1  Mu1.0002  Se1.161                       0.19098258     -0.00000546      0.00002373     -0.00000000
ATVX     1  Mu1.0003  Se1.161                       0.23177395     -0.00000144     -0.00000131      0.00000000
ATVX     1  Mu1.0001  Se1.162                       0.17527776      0.00000257     -0.00001416     -0.00000000
ATVX     1  Mu1.0002  Se1.162                       0.19207705      0.00001184     -0.00003138     -0.00000000
ATVX     1  Mu1.0003  Se1.162                       0.23286842     -0.00000455      0.00001082     -0.00000000
ATVX     1  Mu1.0001  Se1.163                       0.18239413     -0.00013677      0.00035372     -0.00000005
ATVX     1  Mu1.0002  Se1.163                       0.19919343      0.00037588     -0.00089970     -0.00000034
ATVX     1  Mu1.0003  Se1.163                       0.23998479     -0.00015397      0.00038387     -0.00000006
ATVX     1  Mu1.0001  Se1.164                       0.18474081      0.00001432     -0.00003738     -0.00000000
ATVX     1  Mu1.0002  Se1.164                       0.20154011     -0.00000336      0.00000797     -0.00000000
ATVX     1  Mu1.0003  Se1.164                       0.24233147      0.00000524     -0.00001652     -0.00000000
ATVX     1  Mu1.0001  Se1.165                       0.18622954     -0.00001194      0.00003864     -0.00000000
ATVX     1  Mu1.0002  Se1.165                       0.20302884     -0.00000218      0.00000008     -0.00000000
ATVX     1  Mu1.0003  Se1.165                       0.24382020      0.00000880     -0.00001290     -0.00000000
ATVX     1  Mu1.0001  Se1.166                       0.19051897      0.00004230     -0.00004953     -0.00000000
ATVX     1  Mu1.0002  Se1.166                       0.20731826      0.00000406     -0.00007584     -0.00000000
ATVX     1  Mu1.0003  Se1.166                       0.24810963      0.00014858     -0.00032415     -0.00000005
ATVX     1  Mu1.0001  Se1.167                       0.19578123      0.00000080     -0.00000310     -0.00000000
ATVX     1  Mu1.0002  Se1.167                       0.21258053     -0.00000165      0.00000188     -0.00000000
ATVX     1  Mu1.0003  Se1.167                       0.25337189     -0.00000897      0.00002111     -0.00000000
ATVX     1  Mu1.0001  Se1.168                       0.19774220     -0.00027153      0.00074125     -0.00000020
ATVX     1  Mu1.0002  Se1.168                       0.21454149     -0.00020631      0.00053244     -0.00000011
ATVX     1  Mu1.0003  Se1.168                       0.25533286      0.00007535     -0.00014793     -0.00000001
ATVX     1  Mu1.0001  Se1.169                       0.20188932      0.00009630     -0.00020463     -0.00000002
ATVX     1  Mu1.0002  Se1.169                       0.21868861      0.00009793     -0.00028596     -0.00000003
ATVX     1  Mu1.0003  Se1.169                       0.25947997      0.00015605     -0.00037801     -0.00000006
ATVX     1  Mu1.0001  Se1.170                       0.20726749      0.00000321     -0.00000059     -0.00000000
ATVX     1  Mu1.0002  Se1.170                       0.22406678     -0.00004663      0.00011155     -0.00000001
ATVX     1  Mu1.0003  Se1.170                       0.26485815      0.00002391     -0.00005438     -0.00000000
ATVX     1  Mu1.0001  Se1.171                       0.21129461     -0.00031401      0.00074815     -0.00000023
ATVX     1  Mu1.0002  Se1.171                       0.22809391      0.00041376     -0.00100120     -0.00000041
ATVX     1  Mu1.0003  Se1.171                       0.26888527     -0.00005952      0.00003057     -0.00000000
ATVX     1  Mu1.0001  Se1.172                       0.21561291     -0.00005969      0.00013645     -0.00000001
ATVX     1  Mu1.0002  Se1.172                       0.23241221      0.00005529     -0.00013093     -0.00000001
ATVX     1  Mu1.0003  Se1.172                       0.27320357     -0.00010223      0.00023834     -0.00000002
ATVX     1  Mu1.0001  Se1.173                       0.22258695      0.00001442     -0.00004193     -0.00000000
ATVX     1  Mu1.0002  Se1.173                       0.23938625      0.00000718     -0.00001761     -0.00000000
ATVX     1  Mu1.0003  Se1.173                       0.28017761     -0.00001117      0.00002438     -0.00000000
ATVX     1  Mu1.0001  Se1.174                       0.22302743     -0.00034161      0.00077416     -0.00000026
ATVX     1  Mu1.0002  Se1.174                       0.23982672      0.00014577     -0.00025778     -0.00000004
ATVX     1  Mu1.0003  Se1.174                       0.28061809     -0.00057582      0.00133019     -0.00000077
ATVX     1  Mu1.0001  Se1.175                       0.22794658     -0.00000620      0.00000357     -0.00000000
ATVX     1  Mu1.0002  Se1.175                       0.24474588      0.00001119     -0.00002346     -0.00000000
ATVX     1  Mu1.0003  Se1.175                       0.28553724     -0.00002236      0.00004312     -0.00000000
ATVX     1  Mu1.0001  Se1.176                       0.23085721     -0.00010229      0.00026274     -0.00000003
ATVX     1  Mu1.0002  Se1.176                       0.24765650     -0.00011861      0.00028620     -0.00000003
ATVX     1  Mu1.0003  Se1.176                       0.28844787      0.00001760     -0.00002930     -0.00000000
ATVX     1  Mu1.0001  Se1.177                       0.23304922      0.00051258     -0.00128038     -0.00000066
ATVX     1  Mu1.0002  Se1.177                       0.24984852     -0.00006304      0.00006820     -0.00000000
ATVX     1  Mu1.0003  Se1.177                       0.29063988      0.00000981      0.00001633      0.00000000
ATVX     1  Mu1.0001  Se1.178                       0.23568555      0.00003793     -0.00009880     -0.00000000
ATVX     1  Mu1.0002  Se1.178                       0.25248485      0.00000466     -0.00001550     -0.00000000
ATVX     1  Mu1.0003  Se1.178                       0.29327621     -0.00000265      0.00000586     -0.00000000
ATVX     1  Mu1.0001  Se1.179                       0.24408791     -0.00029329      0.00080714     -0.00000024
ATVX     1  Mu1.0002  Se1.179                       0.26088721      0.00006154     -0.00013113     -0.00000001
ATVX     1  Mu1.0001  Se1.180                       0.24919360      0.00001925     -0.00004281     -0.00000000
ATVX     1  Mu1.0002  Se1.180                       0.26599290     -0.00000558      0.00000680     -0.00000000
ATVX     1  Mu1.0001  Se1.181                       0.25341522     -0.00027837      0.00064904     -0.00000018
ATVX     1  Mu1.0002  Se1.181                       0.27021452     -0.00011163      0.00039241     -0.00000004
ATVX     1  Mu1.0001  Se1.182                       0.26023138      0.00000518     -0.00001577     -0.00000000
ATVX     1  Mu1.0002  Se1.182                       0.27703068     -0.00000201      0.00000262     -0.00000000
ATVX     1  Mu1.0001  Se1.183                       0.26472752     -0.00002302      0.00005761     -0.00000000
ATVX     1  Mu1.0002  Se1.183                       0.28152681     -0.00001840      0.00005018     -0.00000000
ATVX     1  Mu1.0001  Se1.184                       0.26564033      0.00000392     -0.00002043     -0.00000000
ATVX     1  Mu1.0002  Se1.184                       0.28243962     -0.00014654      0.00034032     -0.00000005
ATVX     1  Mu1.0001  Se1.185                       0.26814841      0.00019161     -0.00048589     -0.00000009
ATVX     1  Mu1.0002  Se1.185                       0.28494771     -0.00015148      0.00038911     -0.00000006
ATVX     1  Mu1.0001  Se1.186                       0.27293711     -0.00031608      0.00065298     -0.00000021
ATVX     1  Mu1.0002  Se1.186                       0.28973641      0.00024824     -0.00053090     -0.00000013
ATVX     1  Mu1.0001  Se1.187                       0.27770190     -0.00001011      0.00002529     -0.00000000
ATVX     1  Mu1.0002  Se1.187                       0.29450120      0.00029396     -0.00074516     -0.00000022
ATVX     1  Mu1.0001  Se1.188                       0.27904787      0.00001327     -0.00004176     -0.00000000
ATVX     1  Mu1.0002  Se1.188                       0.29584717      0.00001224     -0.00002709     -0.00000000
ATVX     1  Mu1.0001  Se1.189                       0.28447826      0.00038487     -0.00093326     -0.00000036
ATVX     1  Mu1.0001  Se1.190                       0.28669889     -0.00017066      0.00047940     -0.00000008
ATVX     1  Mu1.0001  Se1.191                       0.29500916     -0.00002837      0.00007213     -0.00000000
AIVX     1  Mu1.0001  In1.094 Se1.113               0.29320444     -0.00034643     -0.00019288      0.00000007
AIVX     1  Mu1.0001  In1.095 Se1.113               0.28871679     -0.00151026      0.00352064     -0.00000532
AIVX     1  Mu1.0001  In1.096 Se1.113               0.28205997      0.00009606     -0.00058111     -0.00000006
AIVX     1  Mu1.0001  In1.097 Se1.113               0.27436392     -0.00000053     -0.00012293      0.00000000
AIVX     1  Mu1.0001  In1.098 Se1.113               0.25306395     -0.00039806      0.00111631     -0.00000044
AIVX     1  Mu1.0002  In1.098 Se1.113               0.29530289      0.00008013     -0.00036866     -0.00000003
AIVX     1  Mu1.0001  In1.099 Se1.113               0.22979045     -0.00006347      0.00019222     -0.00000001
AIVX     1  Mu1.0002  In1.099 Se1.113               0.27202938     -0.00000490     -0.00000243      0.00000000
AIVX     1  Mu1.0003  In1.099 Se1.113               0.29040291      0.00002762     -0.00006209     -0.00000000
AIVX     1  Mu1.0001  In1.100 Se1.113               0.22066382      0.00001279     -0.00006090     -0.00000000
AIVX     1  Mu1.0002  In1.100 Se1.113               0.26290275      0.00004793      0.00003081      0.00000000
AIVX     1  Mu1.0003  In1.100 Se1.113               0.28127628     -0.00033293      0.00078341     -0.00000026
AIVX     1  Mu1.0001  In1.098 Se1.114               0.28511211     -0.00006336      0.00010732     -0.00000001
AIVX     1  Mu1.0001  In1.099 Se1.114               0.26183860     -0.00002403      0.00028109     -0.00000001
AIVX     1  Mu1.0001  In1.100 Se1.114               0.25271197      0.00007039     -0.00080682     -0.00000006
AIVX     1  Mu1.0002  In1.100 Se1.114               0.29495090     -0.00061331      0.00120937     -0.00000074
AIVX     1  Mu1.0001  In1.098 Se1.115               0.28768021      0.00002311     -0.00010365     -0.00000000
AIVX     1  Mu1.0001  In1.099 Se1.115               0.26440670      0.00002599     -0.00006017     -0.00000000
AIVX     1  Mu1.0001  In1.100 Se1.115               0.25528007     -0.00007587      0.00022244     -0.00000002
AIVX     1  Mu1.0002  In1.100 Se1.115               0.29751900      0.00002574     -0.00016071     -0.00000000
AIVX     1  Mu1.0001  In1.098 Se1.116               0.29288715     -0.00069464      0.00091221     -0.00000063
AIVX     1  Mu1.0001  In1.099 Se1.116               0.26961364     -0.00004273      0.00004360     -0.00000000
AIVX     1  Mu1.0001  In1.100 Se1.116               0.26048701      0.00043361     -0.00073900     -0.00000032
AIVX     1  Mu1.0001  In1.098 Se1.117               0.29776489     -0.00000753      0.00002491     -0.00000000
AIVX     1  Mu1.0001  In1.099 Se1.117               0.27449139     -0.00002744      0.00006355     -0.00000000
AIVX     1  Mu1.0001  In1.100 Se1.117               0.26536476      0.00002471     -0.00006245     -0.00000000
AIVX     1  Mu1.0001  In1.099 Se1.118               0.28306563     -0.00000818      0.00002034     -0.00000000
AIVX     1  Mu1.0001  In1.100 Se1.118               0.27393900      0.00002526     -0.00004091     -0.00000000
AIVX     1  Mu1.0001  In1.099 Se1.119               0.28318473      0.00002260     -0.00003536     -0.00000000
AIVX     1  Mu1.0001  In1.100 Se1.119               0.27405810     -0.00007889      0.00015773     -0.00000001
AIVX     1  Mu1.0001  In1.099 Se1.120               0.28923355      0.00003153     -0.00009501     -0.00000000
AIVX     1  Mu1.0001  In1.100 Se1.120               0.28010691      0.00009179     -0.00017800     -0.00000002
AIVX     1  Mu1.0001  In1.099 Se1.121               0.29900659      0.00073401     -0.00168339     -0.00000124
AIVX     1  Mu1.0001  In1.100 Se1.121               0.28987996      0.00032362     -0.00038586     -0.00000012
AIVX     1  Mu1.0001  In1.100 Se1.122               0.29856364      0.00014368     -0.00020393     -0.00000003
AIVX     1  Mu1.0001  In1.100 Se1.123               0.29953940     -0.00003204     -0.00030224      0.00000001
BJATM    1  Mu1.0005  In1.100 Se1.114 Se1.113       0.92154989     -0.02682536      0.03000924     -0.00080501
--

   (Skipping property calculation,
    use PROP keyword to activate)
--

  Total CASPT2 energies:

  State-specific CASPT2 energies obtained using
  rotated states do not have a well-defined physical
  meaning, however they can be extracted from the
  diagonal of the effective Hamiltonian.

++ Multi-State CASPT2 section:
********************************************************************************
  MULTI-STATE CASPT2 SECTION
--------------------------------------------------------------------------------

  Output diagonal energies have been shifted. Add   -3934.0000000000000     

  Effective Hamiltonian matrix (Symmetric):

                1               2               3               4               5
   1        -0.67160189
   2        -0.00447926     -0.76111765
   3         0.00548139     -0.00115353     -0.66514380
   4        -0.00005250     -0.00004100     -0.00026843     -0.67023025
   5        -0.00056996      0.01249608     -0.00770475     -0.00020553     -0.74945941

       Total XMS-CASPT2 energies:
::    XMS-CASPT2 Root  1     Total energy:  -3934.76931007
::    XMS-CASPT2 Root  2     Total energy:  -3934.74223732
::    XMS-CASPT2 Root  3     Total energy:  -3934.67450013
::    XMS-CASPT2 Root  4     Total energy:  -3934.67023449
::    XMS-CASPT2 Root  5     Total energy:  -3934.66127097

       Eigenvectors:
           -0.03718478      0.03406449     -0.87290490      0.02883215      0.48441991
           -0.83997152      0.53994277      0.03323209     -0.00268247     -0.04240378
            0.03262612      0.08924354      0.48495011      0.01409549      0.86925016
            0.00084206      0.00305186      0.01825763      0.99947072     -0.02673788
            0.54037021      0.83625815     -0.03771892     -0.00459421     -0.08502071

       In terms of the input states:
           -0.01819344     -0.00613328     -0.99767864      0.02287688      0.06119941
           -0.98921061      0.14527023      0.01752167     -0.00207523      0.00690052
            0.01650399      0.05801564      0.06092112      0.02076042      0.99610212
           -0.00052758      0.00917119      0.02148059      0.99947000     -0.02266976
            0.14442545      0.98762798     -0.01255109     -0.01005335     -0.05893786

--

  THE ORIGINAL CI ARRAYS ARE NOW MIXED AS LINEAR
  COMBINATIONS, GIVEN BY THE EIGENVECTORS.
  A NEW JOBIPH FILE NAMED 'JOBMIX' IS PREPARED.
********************************************************************************

++ Mixed CI coefficients:
  The CI coefficients for the MIXED state nr.   1
--------------------------------------------------------------------------------
 CI COEFFICIENTS LARGER THAN  5.00E-02
  Occupation of active orbitals, and spin coupling
  of open shells. (u,d: Spin up or down).
  SGUGA info is (Midvert:IsyUp:UpperWalk/LowerWalk)
        Conf  SGUGA info        Occupation       Coefficient         Weight
          14  ( 2:1:   1/   3)   222u22d00000       0.242497       0.058805
          15  ( 2:1:   2/   3)   222u220d0000      -0.122567       0.015023
          17  ( 2:1:   4/   3)   222u22000d00      -0.064307       0.004135
          20  ( 2:1:   1/   4)   22u222d00000      -0.108211       0.011710
          21  ( 2:1:   2/   4)   22u2220d0000       0.056203       0.003159
          80  ( 3:1:   1/   3)   222u2d200000       0.596350       0.355633
          81  ( 3:1:   2/   3)   222u2dud0000      -0.078170       0.006110
          82  ( 3:1:   3/   3)   222u2d020000      -0.341285       0.116475
          87  ( 3:1:   8/   3)   222u2d0u0d00      -0.286145       0.081879
          89  ( 3:1:  10/   3)   222u2d000200      -0.113336       0.012845
         101  ( 3:1:   1/   4)   22u22d200000      -0.264558       0.069991
         103  ( 3:1:   3/   4)   22u22d020000       0.150914       0.022775
         108  ( 3:1:   8/   4)   22u22d0u0d00       0.127814       0.016336
         110  ( 3:1:  10/   4)   22u22d000200       0.051257       0.002627
         122  ( 3:1:   1/   5)   2u222d200000       0.060128       0.003615
         494  ( 4:1:   1/   2)   222u2udd0000      -0.271282       0.073594
         497  ( 4:1:   4/   2)   222u2ud00d00      -0.149462       0.022339
         509  ( 4:1:   1/   3)   22u22udd0000       0.121516       0.014766
         512  ( 4:1:   4/   3)   22u22ud00d00       0.066650       0.004442
         774  ( 5:1:   1/   2)   222u202d0000       0.103262       0.010663
         775  ( 5:1:   2/   2)   222u20d20000       0.123748       0.015314
         782  ( 5:1:   9/   2)   222u20200d00       0.063395       0.004019
         783  ( 5:1:  10/   2)   222u20du0d00       0.109460       0.011981
         814  ( 5:1:  41/   2)   222u2020000d      -0.054418       0.002961
         845  ( 5:1:   2/   3)   22u220d20000      -0.053784       0.002893

  The CI coefficients for the MIXED state nr.   2
--------------------------------------------------------------------------------
 CI COEFFICIENTS LARGER THAN  5.00E-02
  Occupation of active orbitals, and spin coupling
  of open shells. (u,d: Spin up or down).
  SGUGA info is (Midvert:IsyUp:UpperWalk/LowerWalk)
        Conf  SGUGA info        Occupation       Coefficient         Weight
           1  ( 1:1:   1/   1)   222222000000      -0.054549       0.002976
           3  ( 2:1:   2/   1)   22222u0d0000       0.052354       0.002741
          11  ( 2:1:   4/   2)   2222u2000d00       0.059145       0.003498
          14  ( 2:1:   1/   3)   222u22d00000       0.312037       0.097367
          15  ( 2:1:   2/   3)   222u220d0000       0.394484       0.155618
          17  ( 2:1:   4/   3)   222u22000d00       0.136804       0.018715
          20  ( 2:1:   1/   4)   22u222d00000      -0.147016       0.021614
          21  ( 2:1:   2/   4)   22u2220d0000      -0.174201       0.030346
          23  ( 2:1:   4/   4)   22u222000d00      -0.063114       0.003983
          60  ( 3:1:   2/   2)   2222udud0000      -0.121181       0.014685
          65  ( 3:1:   7/   2)   2222udu00d00       0.100681       0.010137
          80  ( 3:1:   1/   3)   222u2d200000       0.126156       0.015915
          81  ( 3:1:   2/   3)   222u2dud0000      -0.165972       0.027547
          86  ( 3:1:   7/   3)   222u2du00d00      -0.057197       0.003271
          87  ( 3:1:   8/   3)   222u2d0u0d00      -0.059345       0.003522
         101  ( 3:1:   1/   4)   22u22d200000      -0.053437       0.002856
         102  ( 3:1:   2/   4)   22u22dud0000       0.075013       0.005627
         494  ( 4:1:   1/   2)   222u2udd0000       0.442974       0.196226
         497  ( 4:1:   4/   2)   222u2ud00d00       0.132613       0.017586
         509  ( 4:1:   1/   3)   22u22udd0000      -0.203602       0.041454
         512  ( 4:1:   4/   3)   22u22ud00d00      -0.063667       0.004053
         614  ( 4:1:   1/  10)   22uu22dd0000      -0.051970       0.002701
         712  ( 5:1:   9/   1)   2222u0200d00      -0.062488       0.003905
         774  ( 5:1:   1/   2)   222u202d0000      -0.375124       0.140718
         775  ( 5:1:   2/   2)   222u20d20000       0.189545       0.035927
         782  ( 5:1:   9/   2)   222u20200d00      -0.124659       0.015540
         783  ( 5:1:  10/   2)   222u20du0d00       0.126009       0.015878
         815  ( 5:1:  42/   2)   222u20du000d       0.066953       0.004483
         844  ( 5:1:   1/   3)   22u2202d0000       0.171518       0.029418
         845  ( 5:1:   2/   3)   22u220d20000      -0.086400       0.007465
         852  ( 5:1:   9/   3)   22u220200d00       0.059257       0.003511
         853  ( 5:1:  10/   3)   22u220du0d00      -0.057623       0.003320

  The CI coefficients for the MIXED state nr.   3
--------------------------------------------------------------------------------
 CI COEFFICIENTS LARGER THAN  5.00E-02
  Occupation of active orbitals, and spin coupling
  of open shells. (u,d: Spin up or down).
  SGUGA info is (Midvert:IsyUp:UpperWalk/LowerWalk)
        Conf  SGUGA info        Occupation       Coefficient         Weight
           8  ( 2:1:   1/   2)   2222u2d00000       0.246624       0.060823
           9  ( 2:1:   2/   2)   2222u20d0000      -0.158009       0.024967
          11  ( 2:1:   4/   2)   2222u2000d00      -0.075341       0.005676
          59  ( 3:1:   1/   2)   2222ud200000       0.648344       0.420350
          60  ( 3:1:   2/   2)   2222udud0000      -0.081039       0.006567
          61  ( 3:1:   3/   2)   2222ud020000      -0.366424       0.134267
          66  ( 3:1:   8/   2)   2222ud0u0d00      -0.317112       0.100560
          68  ( 3:1:  10/   2)   2222ud000200      -0.130300       0.016978
         479  ( 4:1:   1/   1)   2222uudd0000      -0.323145       0.104423
         482  ( 4:1:   4/   1)   2222uud00d00      -0.176746       0.031239
         704  ( 5:1:   1/   1)   2222u02d0000       0.134245       0.018022
         705  ( 5:1:   2/   1)   2222u0d20000       0.121380       0.014733
         712  ( 5:1:   9/   1)   2222u0200d00       0.075080       0.005637
         713  ( 5:1:  10/   1)   2222u0du0d00       0.113343       0.012847
         744  ( 5:1:  41/   1)   2222u020000d      -0.061722       0.003810

  The CI coefficients for the MIXED state nr.   4
--------------------------------------------------------------------------------
 CI COEFFICIENTS LARGER THAN  5.00E-02
  Occupation of active orbitals, and spin coupling
  of open shells. (u,d: Spin up or down).
  SGUGA info is (Midvert:IsyUp:UpperWalk/LowerWalk)
        Conf  SGUGA info        Occupation       Coefficient         Weight
          10  ( 2:1:   3/   2)   2222u200d000       0.330593       0.109292
          62  ( 3:1:   4/   2)   2222udu0d000       0.740997       0.549077
          63  ( 3:1:   5/   2)   2222ud0ud000       0.099848       0.009970
          67  ( 3:1:   9/   2)   2222ud00ud00       0.096126       0.009240
          70  ( 3:1:  12/   2)   2222ud0u00d0       0.130178       0.016946
          72  ( 3:1:  14/   2)   2222ud000ud0       0.099690       0.009938
         480  ( 4:1:   2/   1)   2222uud0d000       0.065240       0.004256
         481  ( 4:1:   3/   1)   2222uu0dd000       0.198080       0.039236
         484  ( 4:1:   6/   1)   2222uu00dd00      -0.130360       0.016994
         485  ( 4:1:   7/   1)   2222uud000d0       0.069664       0.004853
         491  ( 4:1:  13/   1)   2222uu00d00d      -0.056535       0.003196
         706  ( 5:1:   3/   1)   2222u020d000      -0.393733       0.155026
         707  ( 5:1:   4/   1)   2222u0dud000      -0.088207       0.007780
         708  ( 5:1:   5/   1)   2222u0udd000       0.057164       0.003268
         716  ( 5:1:  13/   1)   2222u0d0ud00      -0.063668       0.004054
         724  ( 5:1:  21/   1)   2222u02000d0      -0.066554       0.004429
         725  ( 5:1:  22/   1)   2222u0du00d0      -0.058697       0.003445
         750  ( 5:1:  47/   1)   2222u0u0d00d      -0.085624       0.007331

  The CI coefficients for the MIXED state nr.   5
--------------------------------------------------------------------------------
 CI COEFFICIENTS LARGER THAN  5.00E-02
  Occupation of active orbitals, and spin coupling
  of open shells. (u,d: Spin up or down).
  SGUGA info is (Midvert:IsyUp:UpperWalk/LowerWalk)
        Conf  SGUGA info        Occupation       Coefficient         Weight
           1  ( 1:1:   1/   1)   222222000000      -0.104126       0.010842
           3  ( 2:1:   2/   1)   22222u0d0000       0.096002       0.009216
           8  ( 2:1:   1/   2)   2222u2d00000       0.365115       0.133309
           9  ( 2:1:   2/   2)   2222u20d0000       0.414230       0.171586
          11  ( 2:1:   4/   2)   2222u2000d00       0.183358       0.033620
          38  ( 3:1:   1/   1)   222220200000       0.052299       0.002735
          39  ( 3:1:   2/   1)   222220ud0000      -0.069788       0.004870
          59  ( 3:1:   1/   2)   2222ud200000       0.174527       0.030460
          60  ( 3:1:   2/   2)   2222udud0000      -0.172459       0.029742
          61  ( 3:1:   3/   2)   2222ud020000      -0.066415       0.004411
          65  ( 3:1:   7/   2)   2222udu00d00      -0.078757       0.006203
          66  ( 3:1:   8/   2)   2222ud0u0d00      -0.082614       0.006825
         479  ( 4:1:   1/   1)   2222uudd0000       0.460571       0.212126
         482  ( 4:1:   4/   1)   2222uud00d00       0.169652       0.028782
         569  ( 4:1:   1/   7)   22u2u2dd0000      -0.053503       0.002863
         704  ( 5:1:   1/   1)   2222u02d0000      -0.403768       0.163029
         705  ( 5:1:   2/   1)   2222u0d20000       0.214366       0.045953
         712  ( 5:1:   9/   1)   2222u0200d00      -0.158096       0.024994
         713  ( 5:1:  10/   1)   2222u0du0d00       0.152544       0.023270
         721  ( 5:1:  18/   1)   2222u0d00200       0.055865       0.003121
         745  ( 5:1:  42/   1)   2222u0du000d       0.074004       0.005477

--

Note: The following floating-point exceptions are signalling: IEEE_UNDERFLOW_FLAG IEEE_DENORMAL
--- Stop Module: caspt2 at Thu Jul  2 16:04:51 2026 /rc=_RC_ALL_IS_WELL_ ---
*** files: xmldump
    saved to directory <scratch-path-omitted>
--- Module caspt2 spent 20 hours 48 minutes 6 seconds ---

.##################.
.# Happy landing! #.
.##################.

    Timing: Wall=77802.27 User=70864.58 System=6753.31
